,assign_from_var_id_grocery,assign_to_var_id_grocery,assign_from_node_id_grocery,assign_to_node_id_grocery,assign_type_grocery,dist_grocery,assign_from_var_id_school,assign_to_var_id_school,assign_from_node_id_school,assign_to_node_id_school,assign_type_school,dist_school,0_assign_from_var_id_restaurant,0_assign_to_var_id_restaurant,0_assign_from_node_id_restaurant,0_assign_to_node_id_restaurant,0_assign_type_restaurant,0_dist_restaurant,1_assign_from_var_id_restaurant,1_assign_to_var_id_restaurant,1_assign_from_node_id_restaurant,1_assign_to_node_id_restaurant,1_assign_type_restaurant,1_dist_restaurant,2_assign_from_var_id_restaurant,2_assign_to_var_id_restaurant,2_assign_from_node_id_restaurant,2_assign_to_node_id_restaurant,2_assign_type_restaurant,2_dist_restaurant,3_assign_from_var_id_restaurant,3_assign_to_var_id_restaurant,3_assign_from_node_id_restaurant,3_assign_to_node_id_restaurant,3_assign_type_restaurant,3_dist_restaurant,4_assign_from_var_id_restaurant,4_assign_to_var_id_restaurant,4_assign_from_node_id_restaurant,4_assign_to_node_id_restaurant,4_assign_type_restaurant,4_dist_restaurant,5_assign_from_var_id_restaurant,5_assign_to_var_id_restaurant,5_assign_from_node_id_restaurant,5_assign_to_node_id_restaurant,5_assign_type_restaurant,5_dist_restaurant,6_assign_from_var_id_restaurant,6_assign_to_var_id_restaurant,6_assign_from_node_id_restaurant,6_assign_to_node_id_restaurant,6_assign_type_restaurant,6_dist_restaurant,7_assign_from_var_id_restaurant,7_assign_to_var_id_restaurant,7_assign_from_node_id_restaurant,7_assign_to_node_id_restaurant,7_assign_type_restaurant,7_dist_restaurant,8_assign_from_var_id_restaurant,8_assign_to_var_id_restaurant,8_assign_from_node_id_restaurant,8_assign_to_node_id_restaurant,8_assign_type_restaurant,8_dist_restaurant,9_assign_from_var_id_restaurant,9_assign_to_var_id_restaurant,9_assign_from_node_id_restaurant,9_assign_to_node_id_restaurant,9_assign_type_restaurant,9_dist_restaurant
0,0,41,2,328,allocated,340.49706081332477,0,41,2,502,existing,430.17104634414886,0,36,2,246,allocated,725.5112531858049,0,24,2,191,allocated,925.966386516793,0,89,2,369,existing,1332.7211311777146,0,92,2,567,existing,1186.2638809850046,0,35,2,235,allocated,1402.5069438407527,0,91,2,233,existing,1389.0227756009033,0,90,2,452,existing,1383.2252175195345,0,94,2,125,existing,1394.6527438555656,0,93,2,41,existing,1501.9724130372645,0,95,2,315,existing,1667.9590007792858
1,1,41,3,328,allocated,193.71870492804936,1,41,3,502,existing,283.39269045887346,1,36,3,246,allocated,578.7328973005295,1,92,3,567,existing,1039.4855250997293,1,24,3,191,allocated,1056.5013756471649,1,89,3,369,existing,1185.9427752924394,1,90,3,452,existing,1236.4468616342592,1,35,3,235,allocated,1513.2955272756926,1,91,3,233,existing,1242.2444197156278,1,93,3,41,existing,1355.194057151989,1,95,3,315,existing,1808.216140377303,1,94,3,125,existing,1531.4162645451954
2,2,84,5,567,existing,253.43164379559488,2,84,5,159,existing,173.59358007690963,2,92,5,567,existing,253.43164379559488,2,91,5,233,existing,467.5237967804586,2,89,5,369,existing,520.0575148879288,2,90,5,452,existing,469.553428546109,2,36,5,246,allocated,815.1540240476975,2,93,5,41,existing,561.6351413135917,2,24,5,191,allocated,1009.093115031513,2,35,5,235,allocated,835.1692933415567,2,94,5,125,existing,1204.5191737215264,2,95,5,315,existing,1382.2581856431748
3,3,25,7,192,allocated,93.92803584769912,3,25,7,193,existing,530.700428705658,3,24,7,191,allocated,302.2282174155333,3,94,7,125,existing,770.9145747543059,3,95,7,315,existing,1044.2208316780261,3,35,7,235,allocated,778.7687747394932,3,92,7,567,existing,1196.3212538869266,3,91,7,233,existing,1381.384263164406,3,36,7,246,allocated,1348.4954478850204,3,93,7,41,existing,1090.1554858553513,3,89,7,369,existing,1436.373201865475,3,90,7,452,existing,1385.8691155236552
4,4,84,8,567,existing,170.54644039736993,4,84,8,159,existing,90.70837667868467,4,92,8,567,existing,170.54644039736993,4,91,8,233,existing,389.1433136779708,4,90,8,452,existing,390.65622955299193,4,89,8,369,existing,441.16031589481184,4,36,8,246,allocated,815.8832894763927,4,24,8,191,allocated,961.6787411458511,4,93,8,41,existing,514.2207674279298,4,35,8,235,allocated,787.7549194558949,4,95,8,315,existing,1334.843811757513,4,94,8,125,existing,1157.1047998358645
5,5,84,9,567,existing,299.5369525820719,5,84,9,62,existing,189.000845595439,5,92,9,567,existing,299.5369525820719,5,91,9,233,existing,518.1338258626728,5,90,9,452,existing,519.6467417376939,5,89,9,369,existing,570.1508280795138,5,35,9,235,allocated,916.7454316405968,5,93,9,41,existing,643.2112796126318,5,24,9,191,allocated,1090.6692533305531,5,36,9,246,allocated,731.3566580521527,5,95,9,315,existing,1463.8343239422152,5,94,9,125,existing,1286.0953120205666
6,6,82,10,315,existing,978.1358985729871,6,82,10,480,existing,595.0493474939353,6,95,10,315,existing,978.1358985729871,6,94,10,125,existing,1004.3941810665858,6,88,10,314,existing,1258.6632303456518,6,86,10,188,existing,1167.5345671506275,6,87,10,314,existing,1258.6632303456518,6,35,10,235,allocated,1276.1408527772699,6,24,10,191,allocated,1476.904144806719,6,93,10,41,existing,1834.1158523709273,6,92,10,567,existing,2132.822880292978,6,91,10,233,existing,2125.344629679982
7,7,82,11,315,existing,880.1840198167051,7,82,11,480,existing,667.492248263638,7,95,11,315,existing,880.1840198167051,7,94,11,125,existing,906.4423023103038,7,86,11,188,existing,1239.9774679203301,7,35,11,235,allocated,1178.1889740209879,7,24,11,191,allocated,1378.952266050437,7,88,11,314,existing,1331.1061311153544,7,87,11,314,existing,1331.1061311153544,7,93,11,41,existing,1736.1639736146453,7,91,11,233,existing,2027.3927509237,7,92,11,567,existing,2034.8710015366958
8,8,41,12,328,allocated,303.18088281638325,8,41,12,502,existing,365.22103236446264,8,36,12,246,allocated,656.7261226801996,8,92,12,567,existing,937.5283817456584,8,91,12,233,existing,1151.6205347305222,8,24,12,191,allocated,1131.9779316514914,8,35,12,235,allocated,1439.1102985999642,8,90,12,452,existing,1153.6501664961725,8,89,12,369,existing,1202.7635099925126,8,93,12,41,existing,1245.7318792636552,8,95,12,315,existing,1883.6926963816295,8,94,12,125,existing,1606.892820549522
9,9,41,13,328,allocated,210.711515870053,9,41,13,502,existing,272.7516654181324,9,36,13,246,allocated,564.2567557338695,9,92,13,567,existing,1023.1334562923465,9,24,13,191,allocated,1039.5085647051612,9,89,13,369,existing,1171.4666337257793,9,93,13,41,existing,1338.2012462099854,9,35,13,235,allocated,1496.302716333689,9,91,13,233,existing,1227.7682781489677,9,90,13,452,existing,1221.9707200675991,9,94,13,125,existing,1514.423453603192,9,95,13,315,existing,1791.2233294352995
10,10,6,14,76,allocated,274.3919179741619,10,6,14,15,allocated,137.69731051512142,10,93,14,41,existing,481.6693147336542,10,91,14,233,existing,723.4493090815647,10,90,14,452,existing,781.4831941430625,10,92,14,567,existing,734.7483160039613,10,94,14,125,existing,1445.183798334664,10,89,14,369,existing,831.9872804848824,10,35,14,235,allocated,910.6385846790939,10,24,14,191,allocated,1374.4474688279665,10,36,14,246,allocated,1521.2021137676256,10,95,14,315,existing,1461.590057379783
11,11,6,15,76,allocated,136.69460745904047,11,6,15,15,allocated,0.0,11,91,15,233,existing,585.7519985664433,11,92,15,567,existing,597.05100548884,11,90,15,452,existing,643.7858836279411,11,93,15,41,existing,619.3666252487756,11,36,15,246,allocated,1383.5048032525042,11,89,15,369,existing,694.2899699697609,11,35,15,235,allocated,1030.9664906225394,11,24,15,191,allocated,1494.7753747714119,11,95,15,315,existing,1581.9179633232288,11,94,15,125,existing,1565.5117042781094
12,12,80,16,176,existing,536.7471964409203,12,80,16,116,existing,392.1039373275248,12,35,16,235,allocated,445.9416232808453,12,93,16,41,existing,578.8011556423203,12,92,16,567,existing,919.6186676410406,12,91,16,233,existing,908.3196607186437,12,94,16,125,existing,986.9962968795834,12,95,16,315,existing,996.8930959815344,12,90,16,452,existing,966.3535457801418,12,24,16,191,allocated,922.482180604805,12,87,16,314,existing,1582.1613491397536,12,89,16,369,existing,1016.8576321219616
13,13,80,17,176,existing,404.6591960468225,13,80,17,116,existing,260.01593693342704,13,93,17,41,existing,446.71315524822245,13,35,17,235,allocated,578.0296236749431,13,92,17,567,existing,787.5306672469427,13,91,17,233,existing,776.231660324546,13,94,17,125,existing,1119.0842972736812,13,24,17,191,allocated,1054.5701809989027,13,90,17,452,existing,834.2655453860439,13,89,17,369,existing,884.7696317278637,13,36,17,246,allocated,1573.984465010607,13,95,17,315,existing,1128.9810963756322
14,14,75,18,261,existing,286.83380032591594,14,75,18,15,allocated,814.0316157322741,14,91,18,233,existing,1003.1374497006534,14,90,18,452,existing,1063.499765553598,14,92,18,567,existing,1381.4104504186248,14,89,18,369,existing,1114.003851895418,14,35,18,235,allocated,1785.5368275445708,14,36,18,246,allocated,1803.2186851781612,14,93,18,41,existing,1424.656808618367,14,94,18,125,existing,2202.9677663782622,14,24,18,191,allocated,2262.0773848685303,14,95,18,315,existing,2212.5021553083143
15,15,75,19,261,existing,144.56400383681967,15,75,19,15,allocated,671.7618192431778,15,91,19,233,existing,860.8676532115571,15,90,19,452,existing,921.2299690645018,15,92,19,567,existing,1239.1406539295285,15,89,19,369,existing,971.7340554063217,15,24,19,191,allocated,2166.5371940145897,15,93,19,41,existing,1282.3870121292707,15,36,19,246,allocated,1660.948888689065,15,35,19,235,allocated,1702.7283098657172,15,94,19,125,existing,2237.273523521287,15,95,19,315,existing,2253.6797825664066
16,16,25,24,192,allocated,376.99631375941703,16,25,24,193,existing,648.8453773195077,16,24,24,191,allocated,585.2964953272513,16,35,24,235,allocated,838.1002058456963,16,93,24,41,existing,1045.5942204511543,16,94,24,125,existing,1060.2113842252818,16,36,24,246,allocated,1297.2662076746208,16,91,24,233,existing,1336.822997760209,16,95,24,315,existing,1310.9821924771763,16,92,24,567,existing,1151.7599884827296,16,90,24,452,existing,1341.3078501194582,16,89,24,369,existing,1391.811936461278
17,17,25,25,192,allocated,391.2192993476667,17,25,25,193,existing,663.0683629077574,17,24,25,191,allocated,599.5194809155009,17,35,25,235,allocated,852.323191433946,17,93,25,41,existing,1059.817206039404,17,94,25,125,existing,1074.4343698135315,17,36,25,246,allocated,1283.043222086371,17,95,25,315,existing,1325.205178065426,17,92,25,567,existing,1165.9829740709793,17,91,25,233,existing,1351.0459833484588,17,89,25,369,existing,1406.0349220495277,17,90,25,452,existing,1355.5308357077079
18,18,25,27,192,allocated,503.34545243149716,18,25,27,193,existing,130.00922688863133,18,35,27,235,allocated,319.2640554148199,18,24,27,191,allocated,358.481438178756,18,94,27,125,existing,553.9074968687694,18,93,27,41,existing,667.57797533289,18,95,27,315,existing,792.1460420463001,18,92,27,567,existing,773.743743364465,18,91,27,233,existing,958.8067526419447,18,90,27,452,existing,963.2916050011937,18,89,27,369,existing,1013.7956913430137,18,36,27,246,allocated,1250.9035292827782
19,19,83,28,377,existing,238.7530081637425,19,83,28,547,allocated,141.98657466017949,19,94,28,125,existing,543.1650113168052,19,87,28,314,existing,610.5165635392891,19,95,28,315,existing,676.4088157583008,19,88,28,314,existing,610.5165635392891,19,86,28,188,existing,676.8875887883771,19,24,28,191,allocated,706.9670463402014,19,35,28,235,allocated,1082.8768639957525,19,93,28,41,existing,1634.3424036462418,19,91,28,233,existing,1925.5711809552965,19,92,28,567,existing,1837.109080681294
20,20,81,29,125,existing,338.88692813364577,20,81,29,471,existing,288.4761485290677,20,94,29,125,existing,338.88692813364577,20,24,29,191,allocated,502.6889631570418,20,88,29,314,existing,814.7946467224485,20,95,29,315,existing,583.365564688738,20,87,29,314,existing,814.7946467224485,20,35,29,235,allocated,878.5987808125928,20,93,29,41,existing,1430.0643204630821,20,86,29,188,existing,881.1656719715365,20,91,29,233,existing,1721.293097772137,20,92,29,567,existing,1632.8309974981344
21,21,85,30,187,existing,151.0701067734804,21,85,30,547,allocated,165.3147959108455,21,88,30,314,existing,426.7834195503789,21,87,30,314,existing,426.7834195503789,21,95,30,315,existing,485.0934938593507,21,86,30,188,existing,493.15444479946683,21,93,30,41,existing,1587.279094938229,21,94,30,125,existing,687.0006308564803,21,24,30,191,allocated,853.9141102370479,21,35,30,235,allocated,1035.8135552877397,21,92,30,567,existing,1837.759966093655,21,91,30,233,existing,1878.5078722472838
22,22,85,31,187,existing,278.5848576691639,22,85,31,547,allocated,292.829546806529,22,87,31,314,existing,554.2981704460624,22,88,31,314,existing,554.2981704460624,22,95,31,315,existing,612.6082447550342,22,94,31,125,existing,559.4858799607969,22,93,31,41,existing,1650.367250775577,22,86,31,188,existing,620.6691956951504,22,24,31,191,allocated,726.3993593413643,22,35,31,235,allocated,1098.9017111250878,22,91,31,233,existing,1941.5960280846318,22,92,31,567,existing,1856.541393682457
23,23,80,32,176,existing,543.6370153684294,23,80,32,220,allocated,210.281489124696,23,35,32,235,allocated,235.05844591370658,23,93,32,41,existing,663.9887573292448,23,94,32,125,existing,776.1131195124447,23,24,32,191,allocated,711.5990032376662,23,95,32,315,existing,786.0099186143957,23,91,32,233,existing,955.2175346382995,23,92,32,567,existing,966.5165415606963,23,90,32,452,existing,1013.2514196997975,23,87,32,314,existing,1371.2781717726148,23,89,32,369,existing,1063.7555060416173
24,24,80,33,176,existing,485.57561145848683,24,80,33,220,allocated,152.22008521475354,24,35,33,235,allocated,176.9970420037641,24,93,33,41,existing,605.9273534193022,24,24,33,191,allocated,653.5375993277238,24,94,33,125,existing,718.0517156025022,24,90,33,452,existing,955.1900157898549,24,95,33,315,existing,727.9485147044533,24,91,33,233,existing,897.156130728357,24,92,33,567,existing,908.4551376507537,24,89,33,369,existing,1005.6941021316748,24,87,33,314,existing,1313.2167678626724
25,25,80,35,176,existing,108.46791497173486,25,80,35,116,existing,432.2750119753571,25,93,35,41,existing,228.81965693255023,25,35,35,235,allocated,329.1553426611073,25,92,35,567,existing,531.3474411640018,25,91,35,233,existing,520.048434241605,25,89,35,369,existing,628.5864056449227,25,94,35,125,existing,870.2100162598454,25,24,35,191,allocated,805.695899985067,25,90,35,452,existing,578.0823193031028,25,36,35,246,allocated,1317.801238927666,25,95,35,315,existing,880.1068153617964
26,26,6,36,76,allocated,869.3844757835902,26,6,36,220,allocated,859.3546840050699,26,35,36,235,allocated,891.5587126061207,26,93,36,41,existing,1118.9344064154752,26,91,36,233,existing,1389.421698229699,26,24,36,191,allocated,1368.0992699300803,26,94,36,125,existing,1432.6133862048587,26,92,36,567,existing,1400.720705152096,26,90,36,452,existing,1447.455583291197,26,95,36,315,existing,1442.51018530681,26,87,36,314,existing,2027.778438465029,26,89,36,369,existing,1497.9596696330168
27,27,6,37,76,allocated,802.1401683502777,27,6,37,116,existing,805.9616674052675,27,35,37,235,allocated,958.8030200394332,27,93,37,41,existing,1051.6900989821627,27,91,37,233,existing,1322.1773907963864,27,92,37,567,existing,1333.4763977187831,27,94,37,125,existing,1499.8576936381714,27,24,37,191,allocated,1435.3435773633928,27,89,37,369,existing,1430.7153621997043,27,90,37,452,existing,1380.2112758578844,27,87,37,314,existing,2095.022745898342,27,95,37,315,existing,1509.7544927401223
28,28,6,38,76,allocated,793.0572934310958,28,6,38,116,existing,796.8787924860856,28,35,38,235,allocated,967.8858949586152,28,93,38,41,existing,1042.6072240629808,28,92,38,567,existing,1324.3935227996012,28,91,38,233,existing,1313.0945158772045,28,89,38,369,existing,1421.6324872805224,28,24,38,191,allocated,1444.4264522825747,28,90,38,452,existing,1371.1284009387025,28,94,38,125,existing,1508.9405685573533,28,95,38,315,existing,1518.8373676593042,28,87,38,314,existing,2104.1056208175232
29,29,6,39,76,allocated,784.5406395243597,29,6,39,116,existing,788.3621385793494,29,35,39,235,allocated,976.4025488653513,29,93,39,41,existing,1034.0905701562444,29,92,39,567,existing,1315.8768688928653,29,91,39,233,existing,1304.5778619704683,29,94,39,125,existing,1517.4572224640895,29,24,39,191,allocated,1452.943106189311,29,90,39,452,existing,1362.6117470319664,29,89,39,369,existing,1413.1158333737862,29,95,39,315,existing,1527.3540215660405,29,36,39,246,allocated,2102.3306666565295
30,30,79,41,41,existing,0.0,30,79,41,116,existing,332.46108469102467,30,93,41,41,existing,0.0,30,91,41,233,existing,498.1006293797491,30,92,41,567,existing,509.39963630214584,30,35,41,235,allocated,557.9749995936575,30,24,41,191,allocated,1021.7838837425301,30,90,41,452,existing,556.1345144412469,30,94,41,125,existing,1092.5202132492275,30,89,41,369,existing,606.6386007830667,30,95,41,315,existing,1108.9264722943467,30,36,41,246,allocated,1295.85343406581
31,31,41,42,328,allocated,443.08685161634435,31,41,42,62,existing,305.3086378798275,31,36,42,246,allocated,453.26635085689696,31,92,42,567,existing,756.0719928833341,31,90,42,452,existing,976.1817820389562,31,91,42,233,existing,974.668866163935,31,24,42,191,allocated,1221.9220482983878,31,35,42,235,allocated,1295.3459669467077,31,89,42,369,existing,1021.2247351652519,31,93,42,41,existing,1099.746319913894,31,95,42,315,existing,1768.2279535781877,31,94,42,125,existing,1529.989408400657
32,32,41,43,328,allocated,303.47734031611276,32,41,43,502,existing,267.74976786314903,32,36,43,246,allocated,219.62291435984383,32,89,43,369,existing,826.8327923517537,32,91,43,233,existing,883.1344367749423,32,90,43,452,existing,877.3368786935736,32,92,43,567,existing,989.7154293803873,32,24,43,191,allocated,1438.8442402252124,32,93,43,41,existing,1333.389756410947,32,35,43,235,allocated,1528.9894034437607,32,95,43,315,existing,2001.871390075241,32,94,43,125,existing,1763.6328448977101
33,33,41,45,328,allocated,420.3133716146443,33,41,45,502,existing,365.21139820035864,33,36,45,246,allocated,662.3945283394721,33,89,45,369,existing,1269.604406331382,33,91,45,233,existing,1375.1840790743602,33,90,45,452,existing,1320.108492673202,33,24,45,191,allocated,1670.5334521898587,33,93,45,41,existing,1870.9562776626624,33,35,45,235,allocated,2127.3276038183863,33,92,45,567,existing,1554.3535141509624,33,94,45,125,existing,2145.4483410878893,33,95,45,315,existing,2422.2482169199966
34,34,41,46,328,allocated,312.7546201203806,34,41,46,502,existing,257.6526467060949,34,36,46,246,allocated,554.8357768452083,34,89,46,369,existing,1162.0456548371183,34,91,46,233,existing,1267.6253275800964,34,90,46,452,existing,1212.5497411789381,34,24,46,191,allocated,1562.974700695595,34,92,46,567,existing,1446.7947626566986,34,35,46,235,allocated,2019.7688523241227,34,93,46,41,existing,1763.3975261683986,34,95,46,315,existing,2314.689465425733,34,94,46,125,existing,2037.8895895936255
35,35,41,47,328,allocated,498.11566800962066,35,41,47,502,existing,443.013694595335,35,36,47,246,allocated,740.1968247344485,35,89,47,369,existing,1347.4067027263584,35,91,47,233,existing,1452.9863754693365,35,90,47,452,existing,1397.9107890681782,35,35,47,235,allocated,2205.129900213363,35,92,47,567,existing,1632.1558105459387,35,93,47,41,existing,1948.7585740576387,35,24,47,191,allocated,1748.335748584835,35,94,47,125,existing,2223.250637482866,35,95,47,315,existing,2500.050513314973
36,36,6,48,76,allocated,662.6822012871477,36,6,48,15,allocated,717.145405920337,36,93,48,41,existing,1093.9064849479503,36,91,48,233,existing,1242.3081844368548,36,90,48,452,existing,1302.6705002897997,36,92,48,567,existing,1314.196411409177,36,35,48,235,allocated,1424.7355531502124,36,94,48,125,existing,1965.7902267489505,36,89,48,369,existing,1353.1745866316196,36,24,48,191,allocated,1901.2761104741721,36,95,48,315,existing,1975.6870258509016,36,36,48,246,allocated,2042.3894199143629
37,37,6,49,76,allocated,515.1061322368723,37,6,49,15,allocated,569.5693368700616,37,93,49,41,existing,946.330415897675,37,91,49,233,existing,1094.7321153865796,37,92,49,567,existing,1166.6203423589016,37,90,49,452,existing,1155.0944312395243,37,35,49,235,allocated,1277.1594840999371,37,89,49,369,existing,1205.5985175813441,37,24,49,191,allocated,1753.700041423897,37,94,49,125,existing,1818.2141576986753,37,36,49,246,allocated,1894.8133508640874,37,95,49,315,existing,1828.1109568006264
38,38,41,50,328,allocated,324.33882515725384,38,41,50,502,existing,269.23685174296816,38,36,50,246,allocated,566.4199818820816,38,89,50,369,existing,1173.6298598739916,38,90,50,452,existing,1224.1339462158114,38,91,50,233,existing,1279.2095326169697,38,24,50,191,allocated,1574.5589057324682,38,35,50,235,allocated,2031.353057360996,38,93,50,41,existing,1774.981731205272,38,92,50,567,existing,1458.378967693572,38,95,50,315,existing,2326.2736704626063,38,94,50,125,existing,2049.473794630499
39,39,41,51,328,allocated,416.6960452123876,39,41,51,502,existing,361.59407179810194,39,36,51,246,allocated,658.7772019372154,39,89,51,369,existing,1265.9870799291252,39,90,51,452,existing,1316.491166270945,39,91,51,233,existing,1371.5667526721033,39,92,51,567,existing,1550.7361877487056,39,93,51,41,existing,1867.3389512604056,39,24,51,191,allocated,1666.916125787602,39,35,51,235,allocated,2123.71027741613,39,94,51,125,existing,2141.831014685633,39,95,51,315,existing,2418.63089051774
40,40,41,52,328,allocated,231.80003714873942,40,41,52,502,existing,176.6980637344537,40,36,52,246,allocated,473.8811938735672,40,89,52,369,existing,1081.091071865477,40,91,52,233,existing,1186.6707446084552,40,90,52,452,existing,1131.595158207297,40,92,52,567,existing,1365.8401796850576,40,93,52,41,existing,1682.4429431967574,40,35,52,235,allocated,1938.8142693524815,40,24,52,191,allocated,1482.0201177239537,40,94,52,125,existing,1956.9350066219843,40,95,52,315,existing,2233.734882454092
41,41,75,53,261,existing,487.1655966331699,41,75,53,15,allocated,663.6084642040194,41,91,53,233,existing,1005.0871712109087,41,90,53,452,existing,1065.4494870638532,41,89,53,369,existing,1115.953573405673,41,92,53,567,existing,1260.6594696928591,41,93,53,41,existing,1263.2756800210734,41,24,53,191,allocated,2070.6453055472953,41,36,53,246,allocated,1805.1684066884163,41,35,53,235,allocated,1594.1047482233355,41,95,53,315,existing,2145.0562209240247,41,94,53,125,existing,2135.1594218220735
42,42,75,54,261,existing,472.9892338317035,42,75,54,15,allocated,649.4321014025529,42,91,54,233,existing,990.9108084094422,42,90,54,452,existing,1051.273124262387,42,89,54,369,existing,1101.7772106042069,42,92,54,567,existing,1246.4831068913927,42,24,54,191,allocated,2056.4689427458284,42,93,54,41,existing,1249.0993172196067,42,35,54,235,allocated,1579.9283854218688,42,36,54,246,allocated,1790.99204388695,42,95,54,315,existing,2130.8798581225583,42,94,54,125,existing,2120.983059020607
43,43,41,55,328,allocated,888.3228375711055,43,41,55,492,existing,304.4191903256168,43,36,55,246,allocated,545.8095733938676,43,89,55,369,existing,1087.065312892361,43,91,55,233,existing,1192.644985635339,43,90,55,452,existing,1137.5693992341808,43,92,55,567,existing,1415.3184097324965,43,35,55,235,allocated,2026.1304282958272,43,24,55,191,allocated,1952.7065096475071,43,93,55,41,existing,1688.4171842236412,43,94,55,125,existing,2260.7738697497766,43,95,55,315,existing,2499.0124149273074
44,44,41,56,328,allocated,854.8609118179345,44,41,56,492,existing,270.9572645724457,44,36,56,246,allocated,512.3476476406966,44,89,56,369,existing,1053.6033871391899,44,91,56,233,existing,1159.183059882168,44,90,56,452,existing,1104.1074734810097,44,93,56,41,existing,1654.9552584704702,44,24,56,191,allocated,1919.244583894336,44,35,56,235,allocated,1992.6685025426561,44,92,56,567,existing,1381.8564839793255,44,95,56,315,existing,2465.550489174136,44,94,56,125,existing,2227.311943996606
45,45,72,57,369,existing,811.8458328496582,45,72,57,492,existing,395.6456050251966,45,36,57,246,allocated,637.0359880934475,45,89,57,369,existing,811.8458328496582,45,90,57,452,existing,862.3499191914781,45,91,57,233,existing,917.4255055926366,45,92,57,567,existing,1140.098929689794,45,93,57,41,existing,1413.1977041809387,45,35,57,235,allocated,1757.3074087483187,45,24,57,191,allocated,1931.231230438275,45,94,57,125,existing,2126.6572891282885,45,95,57,315,existing,2304.396301049937
46,46,76,58,369,existing,839.6741751391804,46,76,58,492,existing,367.8172627356744,46,36,58,246,allocated,609.2076458039253,46,89,58,369,existing,839.6741751391804,46,91,58,233,existing,945.2538478821588,46,90,58,452,existing,890.1782614810003,46,35,58,235,allocated,1785.1357510378411,46,24,58,191,allocated,1959.059572727797,46,93,58,41,existing,1441.0260464704609,46,92,58,567,existing,1167.9272719793162,46,95,58,315,existing,2332.2246433394594,46,94,58,125,existing,2154.4856314178105
47,47,85,59,187,existing,291.5154855442201,47,85,59,547,allocated,291.2503267360663,47,94,59,125,existing,546.5552520857407,47,87,59,314,existing,567.2287983211186,47,95,59,315,existing,625.5388726300904,47,88,59,314,existing,567.2287983211186,47,35,59,235,allocated,1085.9710832500316,47,93,59,41,existing,1637.4366229005211,47,24,59,191,allocated,713.4687314663081,47,86,59,188,existing,633.5998235702066,47,91,59,233,existing,1928.6654002095759,47,92,59,567,existing,1843.6107658074006
48,48,83,60,377,existing,291.72749137892663,48,83,60,547,allocated,216.56249165066626,48,94,60,125,existing,471.86741700034065,48,24,60,191,allocated,638.7808963809082,48,88,60,314,existing,641.9166334065186,48,87,60,314,existing,641.9166334065186,48,93,60,41,existing,1562.7487878151212,48,95,60,315,existing,700.2267077154904,48,35,60,235,allocated,1011.2832481646317,48,86,60,188,existing,708.2876586556065,48,92,60,567,existing,1768.9229307220007,48,91,60,233,existing,1853.977565124176
49,49,25,61,192,allocated,586.7330049427459,49,25,61,62,existing,121.58022390798041,49,92,61,567,existing,610.0356361205547,49,36,61,246,allocated,701.7104795386985,49,91,61,233,existing,824.1277891054185,49,24,61,191,allocated,795.03318651058,49,90,61,452,existing,826.157420871069,49,35,61,235,allocated,868.4571051588998,49,89,61,369,existing,875.270764367409,49,93,61,41,existing,918.2391336385516,49,95,61,315,existing,1341.3390917903798,49,94,61,125,existing,1103.1005466128493
50,50,84,62,567,existing,488.45541221257446,50,84,62,62,existing,0.0,50,92,62,567,existing,488.45541221257446,50,36,62,246,allocated,580.130255630718,50,90,62,452,existing,704.5771969630886,50,91,62,233,existing,702.5475651974382,50,35,62,235,allocated,990.0373290668803,50,93,62,41,existing,796.6589097305713,50,24,62,191,allocated,916.6134104185604,50,89,62,369,existing,753.6905404594286,50,95,62,315,existing,1462.9193156983602,50,94,62,125,existing,1224.6807705208298
51,51,80,63,176,existing,688.0078030259488,51,80,63,220,allocated,451.1140005307661,51,35,63,235,allocated,475.89095731977665,51,93,63,41,existing,730.0617622273487,51,24,63,191,allocated,952.4315146437364,51,94,63,125,existing,1016.9456309185147,51,92,63,567,existing,1070.879274226069,51,91,63,233,existing,1059.5802673036724,51,95,63,315,existing,1026.8424300204656,51,90,63,452,existing,1117.6141523651702,51,89,63,369,existing,1168.11823870699,51,87,63,314,existing,1612.110683178685
52,52,80,64,176,existing,627.3908673673038,52,80,64,220,allocated,390.4970648721212,52,35,64,235,allocated,415.27402166113177,52,93,64,41,existing,669.4448265687038,52,94,64,125,existing,956.3286952598698,52,24,64,191,allocated,891.8145789850914,52,90,64,452,existing,1056.9972167065253,52,92,64,567,existing,1010.2623385674241,52,95,64,315,existing,966.2254943618209,52,91,64,233,existing,998.9633316450274,52,87,64,314,existing,1551.49374752004,52,89,64,369,existing,1107.501303048345
53,53,6,65,76,allocated,593.0806442066153,53,6,65,116,existing,596.9021432616053,53,35,65,235,allocated,799.0311729422715,53,93,65,41,existing,842.6305748385003,53,92,65,567,existing,1124.416873575121,53,91,65,233,existing,1113.1178666527242,53,24,65,191,allocated,1275.571730266231,53,90,65,452,existing,1171.151751714222,53,89,65,369,existing,1221.6558380560418,53,94,65,125,existing,1340.0858465410097,53,36,65,246,allocated,1910.870671338785,53,95,65,315,existing,1349.9826456429605
54,54,6,66,76,allocated,502.17111740748874,54,6,66,116,existing,505.9926164624786,54,93,66,41,existing,751.7210480393737,54,35,66,235,allocated,889.940699741398,54,92,66,567,existing,1033.5073467759944,54,91,66,233,existing,1022.2083398535976,54,24,66,191,allocated,1366.4812570653576,54,90,66,452,existing,1080.2422249150954,54,94,66,125,existing,1430.9953733401362,54,89,66,369,existing,1130.7463112569153,54,36,66,246,allocated,1819.9611445396586,54,95,66,315,existing,1440.8921724420875
55,55,25,67,192,allocated,326.4843218107863,55,25,67,193,existing,763.2567146687452,55,24,67,191,allocated,534.7845033786205,55,35,67,235,allocated,991.5786550071482,55,36,67,246,allocated,1098.4523337148312,55,94,67,125,existing,1009.6993922766511,55,95,67,315,existing,1286.4992681087588,55,92,67,567,existing,1305.2384376441814,55,91,67,233,existing,1490.3014469216612,55,93,67,41,existing,1199.0726696126064,55,90,67,452,existing,1494.78629928091,55,89,67,369,existing,1545.2903856227301
56,56,25,68,192,allocated,512.6849522290091,56,25,68,502,existing,620.7466129808712,56,24,68,191,allocated,720.9851337968433,56,36,68,246,allocated,912.2517032966083,56,92,68,567,existing,1131.0662767881656,56,35,68,235,allocated,1177.779285425371,56,93,68,41,existing,1385.2733000308292,56,91,68,233,existing,1345.1584297730294,56,90,68,452,existing,1347.1880615386797,56,94,68,125,existing,1195.900022694874,56,89,68,369,existing,1396.3014050350196,56,95,68,315,existing,1472.6998985269815
57,57,73,69,188,existing,404.3623655484237,57,73,69,480,existing,511.68269107473725,57,86,69,188,existing,404.3623655484237,57,87,69,314,existing,526.3914501922676,57,95,69,315,existing,1056.001643955731,57,88,69,314,existing,526.3914501922676,57,94,69,125,existing,1240.5649870837947,57,24,69,191,allocated,1713.0749508239278,57,93,69,41,existing,2070.2866583881364,57,35,69,235,allocated,1512.3116587944787,57,91,69,233,existing,2361.5154356971907,57,92,69,567,existing,2368.9936863101866
58,58,73,70,188,existing,324.9428805210947,58,73,70,480,existing,591.1021761020663,58,86,70,188,existing,324.9428805210947,58,88,70,314,existing,446.9719651649386,58,87,70,314,existing,446.9719651649386,58,95,70,315,existing,976.582158928402,58,93,70,41,existing,2085.5086312227486,58,94,70,125,existing,1249.0580555831036,58,24,70,191,allocated,1672.0114355576095,58,35,70,235,allocated,1527.5336316290911,58,91,70,233,existing,2376.7374085318033,58,92,70,567,existing,2384.2156591447992
59,59,83,72,377,existing,842.7865290147663,59,83,72,547,allocated,922.0046735707606,59,88,72,314,existing,1057.6949726886614,59,87,72,314,existing,1057.6949726886614,59,86,72,188,existing,1363.5451879068812,59,95,72,315,existing,1568.0433387456092,59,94,72,125,existing,1579.6349184946919,59,35,72,235,allocated,2118.994811446298,59,93,72,41,existing,2670.5454195921016,59,24,72,191,allocated,1743.4369535180879,59,92,72,567,existing,2873.5789878591804,59,91,72,233,existing,2961.7741969011563
60,60,41,73,328,allocated,525.0837780386473,60,41,73,62,existing,385.33730782442365,60,92,73,567,existing,873.792720036998,60,36,73,246,allocated,878.6290179024638,60,90,73,452,existing,1089.9145047875122,60,91,73,233,existing,1087.884873021862,60,89,73,369,existing,1139.0278482838523,60,35,73,235,allocated,1375.374636891304,60,24,73,191,allocated,1301.950718242984,60,93,73,41,existing,1181.996217554995,60,94,73,125,existing,1610.0180783452533,60,95,73,315,existing,1848.256623522784
61,61,41,74,328,allocated,398.1672844380694,61,41,74,502,existing,460.2074339861488,61,36,74,246,allocated,751.7125243018859,61,92,74,567,existing,1000.7092136375761,61,90,74,452,existing,1216.8309983880902,61,91,74,233,existing,1214.80136662244,61,93,74,41,existing,1308.9127111555729,61,89,74,369,existing,1265.9443418844303,61,24,74,191,allocated,1226.9643332731778,61,35,74,235,allocated,1502.2911304918819,61,94,74,125,existing,1701.8792221712083,61,95,74,315,existing,1975.1731171233619
62,62,6,75,76,allocated,41.11570141292558,62,6,75,15,allocated,95.57890604611488,62,91,75,233,existing,625.7144961969911,62,90,75,452,existing,686.0768120499358,62,92,75,567,existing,692.6299115349548,62,93,75,41,existing,714.9455312948904,62,24,75,191,allocated,1590.3542808175268,62,89,75,369,existing,736.5808983917557,62,36,75,246,allocated,1425.795731674499,62,35,75,235,allocated,1126.5453966686543,62,95,75,315,existing,1677.4968693693436,62,94,75,125,existing,1661.0906103242241
63,63,6,76,76,allocated,0.0,63,6,76,15,allocated,136.69460745904047,63,91,76,233,existing,584.5987947840656,63,90,76,452,existing,644.9611106370103,63,92,76,567,existing,733.7456129478803,63,89,76,369,existing,695.4651969788301,63,24,76,191,allocated,1631.4699822304524,63,93,76,41,existing,756.0612327078161,63,36,76,246,allocated,1384.6800302615734,63,35,76,235,allocated,1167.66109808158,63,95,76,315,existing,1718.612570782269,63,94,76,125,existing,1702.20631173715
64,64,6,78,76,allocated,287.0559883699979,64,6,78,15,allocated,341.5191930031872,64,91,78,233,existing,866.6819715197053,64,90,78,452,existing,927.0442873726499,64,93,78,41,existing,952.1443858892801,64,92,78,567,existing,938.5701984920271,64,35,78,235,allocated,1372.4856836257266,64,24,78,191,allocated,1836.2945677745993,64,89,78,369,existing,977.5483737144698,64,36,78,246,allocated,1666.763206997213,64,94,78,125,existing,1907.0308972812966,64,95,78,315,existing,1923.4371563264158
65,65,6,80,76,allocated,920.7629125267167,65,6,80,220,allocated,644.2873490772594,65,35,80,235,allocated,676.4913776783101,65,93,80,41,existing,991.0614133570693,65,94,80,125,existing,1217.5460512770483,65,24,80,191,allocated,1153.0319350022696,65,95,80,315,existing,1227.4428503789993,65,92,80,567,existing,1331.8789253557898,65,90,80,452,existing,1378.6138034948908,65,91,80,233,existing,1320.5799184333928,65,88,80,314,existing,1812.7111035372186,65,89,80,369,existing,1429.1178898367107
66,66,41,83,328,allocated,483.1100971003144,66,41,83,492,existing,392.0919351578693,66,36,83,246,allocated,284.16954641138534,66,89,83,369,existing,978.671109145915,66,90,83,452,existing,1029.175195487735,66,91,83,233,existing,1084.2507818888932,66,93,83,41,existing,1580.0229804771955,66,92,83,567,existing,1270.5992762851479,66,24,83,191,allocated,1705.696341692784,66,35,83,235,allocated,1854.3371311089836,66,94,83,125,existing,2088.980572562933,66,95,83,315,existing,2327.219117740464
67,67,41,84,328,allocated,557.6093048334833,67,41,84,492,existing,285.22032655526084,67,36,84,246,allocated,392.9490349974291,67,89,84,369,existing,1087.4505977319589,67,91,84,233,existing,1193.030270474937,67,90,84,452,existing,1137.9546840737787,67,24,84,191,allocated,1780.1955494259528,67,93,84,41,existing,1688.8024690632392,67,92,84,567,existing,1379.3787648711918,67,35,84,235,allocated,1963.1166196950273,67,95,84,315,existing,2435.9986063265073,67,94,84,125,existing,2197.760061148977
68,68,41,85,328,allocated,431.2961522417247,68,41,85,502,existing,520.9701377725488,68,36,85,246,allocated,816.3103446142048,68,24,85,191,allocated,1016.765477945193,68,89,85,369,existing,1423.5202226061147,68,92,85,567,existing,1277.0629724134046,68,90,85,452,existing,1474.0243089479345,68,91,85,233,existing,1479.8218670293031,68,35,85,235,allocated,1493.3060352691527,68,94,85,125,existing,1485.4518352839655,68,95,85,315,existing,1758.7580922076859,68,93,85,41,existing,1592.7715044656643
69,69,84,87,567,existing,469.65057659050876,69,84,87,62,existing,18.887221587002113,69,92,87,567,existing,469.65057659050876,69,36,87,246,allocated,561.2430340437159,69,91,87,233,existing,688.2474498711097,69,90,87,452,existing,689.7603657461308,69,24,87,191,allocated,935.5006320055625,69,93,87,41,existing,813.3249036210686,69,89,87,369,existing,734.8033188724264,69,35,87,235,allocated,1008.9245506538823,69,94,87,125,existing,1243.5679921078317,69,95,87,315,existing,1481.8065372853625
70,70,84,88,567,existing,549.1373618909809,70,84,88,62,existing,98.37400688747422,70,36,88,246,allocated,481.7562487432438,70,92,88,567,existing,549.1373618909809,70,90,88,452,existing,704.228068996653,70,89,88,369,existing,655.3165335719543,70,24,88,191,allocated,1014.9874173060346,70,35,88,235,allocated,1088.4113359543544,70,91,88,233,existing,708.2379568858737,70,93,88,41,existing,892.8116889215407,70,94,88,125,existing,1323.0547774083038,70,95,88,315,existing,1561.2933225858346
71,71,41,89,328,allocated,576.5464048767224,71,41,89,492,existing,293.0837664439111,71,36,89,246,allocated,534.474149512162,71,89,89,369,existing,1110.3336388682703,71,90,89,452,existing,1160.8377252100902,71,91,89,233,existing,1215.9133116112484,71,93,89,41,existing,1711.6855101995507,71,35,89,235,allocated,2014.7950044141216,71,24,89,191,allocated,1826.7664854519367,71,92,89,567,existing,1431.0571495902861,71,95,89,315,existing,2487.6769910456014,71,94,89,125,existing,2249.438445868071
72,72,41,90,328,allocated,642.2749113736575,72,41,90,492,existing,358.81227294084607,72,36,90,246,allocated,600.2026560090969,72,89,90,369,existing,1176.0621453652052,72,91,90,233,existing,1281.6418181081833,72,90,90,452,existing,1226.566231707025,72,92,90,567,existing,1496.785656087221,72,35,90,235,allocated,2080.5235109110567,72,24,90,191,allocated,1892.4949919488718,72,93,90,41,existing,1777.4140166964855,72,95,90,315,existing,2553.4054975425365,72,94,90,125,existing,2315.166952365006
73,73,80,92,176,existing,474.18237361537706,73,80,92,193,existing,222.10680761719428,73,35,92,235,allocated,49.29078915762198,73,24,92,191,allocated,450.05864127891573,73,95,92,315,existing,562.6185134847785,73,94,92,125,existing,497.98609767303503,73,90,92,452,existing,891.7498648707196,73,93,92,41,existing,594.5341155761923,73,92,92,567,existing,845.0149867316184,73,91,92,233,existing,885.7628928852471,73,87,92,314,existing,1147.8867666429978,73,89,92,369,existing,942.2539512125395
74,74,41,93,328,allocated,193.7076664349573,74,41,93,502,existing,255.06938719050714,74,36,93,246,allocated,546.5744775062442,74,92,93,567,existing,1005.4511780647213,74,24,93,191,allocated,1057.1908429327866,74,89,93,369,existing,1153.7843554981541,74,35,93,235,allocated,1513.9849945613141,74,93,93,41,existing,1349.1255050952811,74,91,93,233,existing,1210.0859999213424,74,90,93,452,existing,1204.288441839974,74,95,93,315,existing,1808.9056076629247,74,94,93,125,existing,1532.1057318308171
75,75,6,94,76,allocated,362.62800047435275,75,6,94,116,existing,366.44949952934263,75,93,94,41,existing,612.1779311062377,75,91,94,233,existing,882.6652229204616,75,90,94,452,existing,940.6991079819595,75,92,94,567,existing,893.9642298428583,75,89,94,369,existing,991.2031943237794,75,24,94,191,allocated,1472.053958070208,75,94,94,125,existing,1542.7902875769055,75,35,94,235,allocated,1008.2450739213353,75,36,94,246,allocated,1680.4180276065226,75,95,94,315,existing,1559.1965466220245
76,76,6,95,76,allocated,345.4986122429048,76,6,95,116,existing,349.32011129789464,76,93,95,41,existing,595.0485428747897,76,91,95,233,existing,865.5358346890137,76,90,95,452,existing,923.5697197505116,76,92,95,567,existing,876.8348416114104,76,94,95,125,existing,1558.5630264757995,76,89,95,369,existing,974.0738060923316,76,35,95,235,allocated,1024.0178128202294,76,24,95,191,allocated,1487.8266969691022,76,36,95,246,allocated,1663.2886393750746,76,95,95,315,existing,1574.9692855209187
77,77,80,96,176,existing,351.78835006731197,77,80,96,193,existing,351.68112817694225,77,35,96,235,allocated,406.2295177771106,77,93,96,41,existing,445.9060740445791,77,24,96,191,allocated,580.1533394670669,77,92,96,567,existing,552.0718420761541,77,90,96,452,existing,741.6197037128828,77,89,96,369,existing,792.1237900547028,77,91,96,233,existing,737.1348513536338,77,94,96,125,existing,775.5793981570803,77,95,96,315,existing,953.3184100787288,77,36,96,246,allocated,1197.408691155177
78,78,84,97,567,existing,340.8261196840584,78,84,97,159,existing,260.9880559653732,78,92,97,567,existing,340.8261196840584,78,91,97,233,existing,554.9182726689221,78,90,97,452,existing,556.9479044345725,78,89,97,369,existing,607.4519907763924,78,93,97,41,existing,649.0296172020552,78,36,97,246,allocated,986.1629687630813,78,35,97,235,allocated,617.4752401692064,78,24,97,191,allocated,791.3990618591625,78,95,97,315,existing,1164.5641324708245,78,94,97,125,existing,986.825120549176
79,79,25,98,192,allocated,695.7032450939467,79,25,98,62,existing,361.73259270326764,79,92,98,567,existing,850.188004915842,79,24,98,191,allocated,904.0034266617811,79,91,98,233,existing,1064.2801579007057,79,36,98,246,allocated,941.8628483339857,79,35,98,235,allocated,1119.6063624491728,79,89,98,369,existing,1115.423133162696,79,90,98,452,existing,1066.3097896663562,79,93,98,41,existing,1158.3915024338387,79,95,98,315,existing,1592.4883490806528,79,94,98,125,existing,1354.2498039031223
80,80,25,99,192,allocated,592.7783195057455,80,25,99,62,existing,464.6575182914689,80,24,99,191,allocated,801.0785010735797,80,92,99,567,existing,953.1129305040433,80,35,99,235,allocated,1090.5786395981302,80,36,99,246,allocated,1044.7877739221867,80,89,99,369,existing,1218.3480587508975,80,90,99,452,existing,1169.2347152545574,80,93,99,41,existing,1261.31642802204,80,91,99,233,existing,1167.2050834889071,80,94,99,125,existing,1275.9933899716102,80,95,99,315,existing,1552.7932658037178
81,81,41,101,328,allocated,259.3551775605026,81,41,101,502,existing,258.49027260391296,81,36,101,246,allocated,553.8304794455689,81,89,101,369,existing,1161.0403574374789,81,91,101,233,existing,1217.3420018606673,81,90,101,452,existing,1211.5444437792987,81,92,101,567,existing,1395.8422110029744,81,94,101,125,existing,1808.0105032953234,81,24,101,191,allocated,1339.3241459565509,81,93,101,41,existing,1713.1142004489695,81,95,101,315,existing,2081.3167602190438,81,35,101,235,allocated,1815.8647032805106
82,82,72,102,369,existing,618.6836608303311,82,72,102,492,existing,226.22960980814514,82,36,102,246,allocated,467.619992876396,82,89,102,369,existing,618.6836608303311,82,90,102,452,existing,669.1877471721509,82,91,102,233,existing,724.2633335733093,82,24,102,191,allocated,1738.0690584189476,82,92,102,567,existing,946.9367576704667,82,93,102,41,existing,1220.0355321616114,82,35,102,235,allocated,1564.1452367289917,82,95,102,315,existing,2111.23412903061,82,94,102,125,existing,1933.4951171089613
83,83,41,103,328,allocated,715.4876982896923,83,41,103,492,existing,89.08312284896122,83,36,103,246,allocated,330.4735059172121,83,89,103,369,existing,737.937110285673,83,91,103,233,existing,843.5167830286513,83,90,103,452,existing,788.4411966274929,83,24,103,191,allocated,1737.3704421708517,83,92,103,567,existing,1066.1902071258087,83,35,103,235,allocated,1683.3986861843337,83,93,103,41,existing,1339.2889816169534,83,95,103,315,existing,2230.487578485952,83,94,103,125,existing,2045.4378022731212
84,84,6,104,76,allocated,405.1704472758656,84,6,104,116,existing,408.9919463308555,84,93,104,41,existing,654.7203779077505,84,91,104,233,existing,925.2076697219744,84,92,104,567,existing,936.5066766443712,84,90,104,452,existing,983.2415547834723,84,24,104,191,allocated,1463.481927196981,84,94,104,125,existing,1527.9960434717593,84,89,104,369,existing,1033.7456411252922,84,35,104,235,allocated,986.9413698730211,84,36,104,246,allocated,1722.9604744080355,84,95,104,315,existing,1537.8928425737104
85,85,73,106,188,existing,110.73353280939835,85,73,106,146,existing,455.5628683021434,85,86,106,188,existing,110.73353280939835,85,88,106,314,existing,232.76261745324226,85,95,106,315,existing,762.3728112167055,85,87,106,314,existing,232.76261745324226,85,93,106,41,existing,1871.2992835110522,85,24,106,191,allocated,1457.802087845913,85,94,106,125,existing,1034.8487078714072,85,35,106,235,allocated,1313.3242839173947,85,91,106,233,existing,2162.528060820107,85,92,106,567,existing,2170.0063114331024
86,86,81,108,125,existing,595.1943919170103,86,81,108,550,existing,400.7005942828796,86,94,108,125,existing,595.1943919170103,86,24,108,191,allocated,758.9964269404063,86,87,108,314,existing,1077.1372375138164,86,95,108,315,existing,839.6730284721025,86,35,108,235,allocated,1134.9062445959573,86,88,108,314,existing,1077.1372375138164,86,93,108,41,existing,1686.3717842464469,86,86,108,188,existing,1143.5082627629045,86,91,108,233,existing,1977.6005615555016,86,92,108,567,existing,1889.1384612814988
87,87,81,109,125,existing,466.768941405244,87,81,109,550,existing,272.2751437711133,87,94,109,125,existing,466.768941405244,87,24,109,191,allocated,630.57097642864,87,95,109,315,existing,711.2475779603361,87,88,109,314,existing,948.71178700205,87,93,109,41,existing,1557.9463337346804,87,86,109,188,existing,1015.082812251138,87,87,109,314,existing,948.71178700205,87,35,109,235,allocated,1006.480794084191,87,91,109,233,existing,1849.1751110437351,87,92,109,567,existing,1760.7130107697326
88,88,41,110,328,allocated,176.69601216399943,88,41,110,502,existing,266.36999769482355,88,36,110,246,allocated,561.7102045364795,88,92,110,567,existing,1022.4628323356791,88,89,110,369,existing,1168.9200825283895,88,24,110,191,allocated,1073.524068411215,88,35,110,235,allocated,1530.3182200397428,88,90,110,452,existing,1219.4241688702093,88,91,110,233,existing,1225.221726951578,88,93,110,41,existing,1366.137159366239,88,94,110,125,existing,1548.4389573092456,88,95,110,315,existing,1825.238833141353
89,89,41,111,328,allocated,247.88137180435612,89,41,111,502,existing,158.20738627353202,89,36,111,246,allocated,334.53947111986156,89,89,111,369,existing,1029.0410338543911,89,90,111,452,existing,1079.545120196211,89,91,111,233,existing,1134.6207065973692,89,35,111,235,allocated,1904.7070558174598,89,24,111,191,allocated,1470.4676163968256,89,93,111,41,existing,1630.3929051856715,89,92,111,567,existing,1320.9692009936243,89,95,111,315,existing,2222.1823811269637,89,94,111,125,existing,1945.3825052948562
90,90,41,112,328,allocated,399.9485865872658,90,41,112,502,existing,310.2746010564417,90,36,112,246,allocated,486.6066859027713,90,89,112,369,existing,1181.108248637301,90,91,112,233,existing,1286.687921380279,90,90,112,452,existing,1231.6123349791208,90,35,112,235,allocated,2056.7742706003696,90,92,112,567,existing,1473.0364157765339,90,24,112,191,allocated,1622.5348311797354,90,93,112,41,existing,1782.4601199685812,90,94,112,125,existing,2097.449720077766,90,95,112,315,existing,2374.2495959098733
91,91,25,113,192,allocated,119.44814284550358,91,25,113,193,existing,556.2205357034626,91,24,113,191,allocated,327.7483244133378,91,94,113,125,existing,796.4346817521105,91,95,113,315,existing,1069.7409386758306,91,35,113,235,allocated,804.2888817372976,91,92,113,567,existing,1221.841360884731,91,91,113,233,existing,1406.9043701622106,91,36,113,246,allocated,1323.72931528926,91,93,113,41,existing,1115.6755928531559,91,90,113,452,existing,1411.3892225214595,91,89,113,369,existing,1461.8933088632796
92,92,25,114,192,allocated,229.09857409262682,92,25,114,193,existing,665.8709669505859,92,24,114,191,allocated,437.39875566046106,92,94,114,125,existing,906.0851129992338,92,35,114,235,allocated,913.9393129844209,92,95,114,315,existing,1179.391369922954,92,91,114,233,existing,1516.5548014093338,92,36,114,246,allocated,1214.0788840421367,92,93,114,41,existing,1225.326024100279,92,92,114,567,existing,1331.4917921318543,92,90,114,452,existing,1521.0396537685829,92,89,114,369,existing,1571.5437401104027
93,93,80,115,176,existing,280.44077044655745,93,80,115,116,existing,43.366326557064774,93,93,115,41,existing,289.0947581339599,93,91,115,233,existing,559.5820499481838,93,90,115,452,existing,617.6159350096816,93,92,115,567,existing,570.8810568705806,93,94,115,125,existing,1252.6092417349696,93,89,115,369,existing,668.1200213515015,93,24,115,191,allocated,1181.872912228272,93,35,115,235,allocated,718.0640280793996,93,95,115,315,existing,1269.0155007800886,93,36,115,246,allocated,1357.3348546342447
94,94,83,118,377,existing,366.7477263462828,94,83,118,550,existing,47.40640058405699,94,94,118,125,existing,691.6376845923002,94,87,118,314,existing,786.3772536767931,94,88,118,314,existing,786.3772536767931,94,95,118,315,existing,852.2695058958049,94,24,118,191,allocated,855.4397196156963,94,86,118,188,existing,852.7482789258811,94,93,118,41,existing,1782.8150769217366,94,35,118,235,allocated,1231.3495372712473,94,92,118,567,existing,1985.5817539567888,94,91,118,233,existing,2074.043854230791
95,95,81,119,125,existing,345.5552413895173,95,81,119,193,existing,78.34302859062069,95,24,119,191,allocated,306.29486225234217,95,35,119,235,allocated,316.5622119258942,95,94,119,125,existing,345.5552413895173,95,95,119,315,existing,583.7937865670481,95,93,119,41,existing,861.8055383444646,95,92,119,567,existing,982.095998843717,95,90,119,452,existing,1159.021287638992,95,91,119,233,existing,1153.0343156535193,95,87,119,314,existing,1169.0620397252674,95,88,119,314,existing,1169.0620397252674
96,96,81,124,125,existing,102.97955551253997,96,81,124,471,existing,153.39033511711804,96,94,124,125,existing,102.97955551253997,96,95,124,315,existing,176.22524547746514,96,24,124,191,allocated,577.8944444105706,96,35,124,235,allocated,438.07511808619813,96,87,124,314,existing,754.7645943003808,96,93,124,41,existing,989.5406577366875,96,86,124,188,existing,821.1356195494687,96,88,124,314,existing,754.7645943003808,96,91,124,233,existing,1280.7694350457423,96,92,124,567,existing,1240.0215288921136
97,97,71,127,367,existing,549.654018657867,97,71,127,62,existing,172.0489934308645,97,36,127,246,allocated,552.6320675577725,97,89,127,369,existing,581.6415470285641,97,92,127,567,existing,622.8123484343711,97,90,127,452,existing,630.5530824532627,97,35,127,235,allocated,1162.0863224977447,97,24,127,191,allocated,1088.662403849425,97,93,127,41,existing,966.4866754649311,97,91,127,233,existing,634.5629703424835,97,94,127,125,existing,1396.7297639516942,97,95,127,315,existing,1634.968309129225
98,98,71,128,367,existing,404.1372032325586,98,71,128,62,existing,317.5658088561729,98,36,128,246,allocated,407.1152521324641,98,89,128,369,existing,436.12473160325567,98,91,128,233,existing,489.04615491717493,98,90,128,452,existing,485.0362670279542,98,24,128,191,allocated,1234.1792192747334,98,35,128,235,allocated,1196.5229567998235,98,92,128,567,existing,579.3144777412986,98,93,128,41,existing,922.9888047718584,98,94,128,125,existing,1542.2465793770025,98,95,128,315,existing,1743.6118491014417
99,99,41,129,328,allocated,538.9140251560983,99,41,129,62,existing,209.4814643400736,99,36,129,246,allocated,549.0935243966508,99,92,129,567,existing,660.2448193435803,99,91,129,233,existing,878.8416926241812,99,90,129,452,existing,880.3546084992023,99,89,129,369,existing,925.397561625498,99,35,129,235,allocated,1199.5187934069538,99,24,129,191,allocated,1126.094874758634,99,93,129,41,existing,1003.9191463741402,99,95,129,315,existing,1672.4007800384338,99,94,129,125,existing,1434.1622348609033
100,100,82,130,315,existing,747.2557006056409,100,82,130,480,existing,534.5639290525735,100,95,130,315,existing,747.2557006056409,100,94,130,125,existing,773.5139830992395,100,35,130,235,allocated,1045.2606548099234,100,86,130,188,existing,1107.0491487092656,100,88,130,314,existing,1198.1778119042901,100,24,130,191,allocated,1246.0239468393725,100,87,130,314,existing,1198.1778119042901,100,93,130,41,existing,1603.235654403581,100,91,130,233,existing,1894.4644317126356,100,92,130,567,existing,1901.9426823256313
101,101,82,131,315,existing,713.6069517156072,101,82,131,480,existing,568.2126779426071,101,95,131,315,existing,713.6069517156072,101,94,131,125,existing,739.8652342092059,101,35,131,235,allocated,1011.61190591989,101,86,131,188,existing,1140.6978975992993,101,93,131,41,existing,1569.5869055135477,101,88,131,314,existing,1231.8265607943238,101,24,131,191,allocated,1212.375197949339,101,87,131,314,existing,1231.8265607943238,101,91,131,233,existing,1860.8156828226022,101,92,131,567,existing,1868.2939334355979
102,102,41,132,328,allocated,796.3263048995441,102,41,132,492,existing,212.42265765405529,102,36,132,246,allocated,453.81304072230614,102,89,132,369,existing,995.0687802207995,102,90,132,452,existing,1045.5728665626193,102,91,132,233,existing,1100.6484529637776,102,35,132,235,allocated,1934.1338956242657,102,92,132,567,existing,1323.321877060935,102,24,132,191,allocated,1860.7099769759457,102,93,132,41,existing,1596.4206515520798,102,94,132,125,existing,2168.777337078215,102,95,132,315,existing,2407.015882255746
103,103,41,133,328,allocated,759.6336886756734,103,41,133,492,existing,175.73004143018466,103,36,133,246,allocated,417.1204244984355,103,89,133,369,existing,992.9799138545438,103,90,133,452,existing,1043.4840001963637,103,91,133,233,existing,1098.559586597522,103,24,133,191,allocated,1824.017360752075,103,93,133,41,existing,1594.3317851858242,103,35,133,235,allocated,1897.4412794003952,103,92,133,567,existing,1313.7034245765597,103,95,133,315,existing,2370.323266031875,103,94,133,125,existing,2132.0847208543446
104,104,6,134,76,allocated,132.6680294455916,104,6,134,15,allocated,187.1312340787809,104,91,134,233,existing,712.2940125952989,104,90,134,452,existing,772.6563284482436,104,92,134,567,existing,784.1822395676207,104,93,134,41,existing,797.7564269648738,104,89,134,369,existing,823.1604147900634,104,24,134,191,allocated,1681.9066088501927,104,35,134,235,allocated,1218.0977247013202,104,36,134,246,allocated,1512.3752480728067,104,94,134,125,existing,1752.6429383568902,104,95,134,315,existing,1769.0491974020097
105,105,6,135,76,allocated,189.7353898958892,105,6,135,15,allocated,322.533261969896,105,91,135,233,existing,576.8919847041838,105,90,135,452,existing,637.2543005571284,105,89,135,369,existing,687.7583868989484,105,92,135,567,existing,919.5842674587358,105,93,135,41,existing,933.1584548559889,105,36,135,246,allocated,1376.9732201816914,105,24,135,191,allocated,1817.308636741308,105,35,135,235,allocated,1353.4997525924352,105,95,135,315,existing,1904.4512252931245,105,94,135,125,existing,1888.0449662480053
106,106,6,136,76,allocated,403.65306384215205,106,6,136,15,allocated,458.11626847534137,106,91,136,233,existing,983.2790469918593,106,90,136,452,existing,1043.641362844804,106,93,136,41,existing,1057.7834842923953,106,92,136,567,existing,1055.1672739641813,106,24,136,191,allocated,1865.153109818617,106,35,136,235,allocated,1388.6125524946574,106,36,136,246,allocated,1783.3602824693671,106,89,136,369,existing,1094.1454491866239,106,95,136,315,existing,1939.5640251953469,106,94,136,125,existing,1929.6672260933956
107,107,6,137,76,allocated,283.4603341040209,107,6,137,15,allocated,337.92353873721015,107,91,137,233,existing,863.0863172537281,107,90,137,452,existing,923.4486331066728,107,92,137,567,existing,934.97454422605,107,93,137,41,existing,948.5487316233031,107,24,137,191,allocated,1832.6989135086224,107,35,137,235,allocated,1368.8900293597496,107,36,137,246,allocated,1663.167552731236,107,89,137,369,existing,973.9527194484926,107,95,137,315,existing,1919.8415020604389,107,94,137,125,existing,1903.4352430153197
108,108,80,138,176,existing,913.9701799670763,108,80,138,220,allocated,573.1875819113028,108,35,138,235,allocated,605.3916105123536,108,93,138,41,existing,964.6705081598724,108,24,138,191,allocated,1081.9321678363133,108,94,138,125,existing,1146.4462841110917,108,91,138,233,existing,1294.189013236196,108,95,138,315,existing,1156.343083213043,108,92,138,567,existing,1305.4880201585927,108,90,138,452,existing,1352.222898297694,108,87,138,314,existing,1741.611336371262,108,89,138,369,existing,1402.7269846395138
109,109,80,139,176,existing,767.0857818674726,109,80,139,220,allocated,426.3031838116991,109,35,139,235,allocated,458.5072124127499,109,93,139,41,existing,817.7861100602687,109,24,139,191,allocated,935.0477697367095,109,94,139,125,existing,999.561886011488,109,91,139,233,existing,1147.304615136592,109,95,139,315,existing,1009.4586851134391,109,92,139,567,existing,1158.603622058989,109,90,139,452,existing,1205.33850019809,109,87,139,314,existing,1594.7269382716581,109,89,139,369,existing,1255.84258653991
110,110,6,140,76,allocated,214.13909455306833,110,6,140,15,allocated,77.44448709402788,110,91,140,233,existing,508.3075114724153,110,92,140,567,existing,519.606518394812,110,90,140,452,existing,566.3413965339132,110,93,140,41,existing,602.4188560055484,110,89,140,369,existing,616.8454828757331,110,35,140,235,allocated,953.5220035285115,110,24,140,191,allocated,1417.330887677384,110,36,140,246,allocated,1306.0603161584763,110,95,140,315,existing,1504.473476229201,110,94,140,125,existing,1488.0672171840815
111,111,81,141,125,existing,252.85882762078157,111,81,141,193,existing,171.03944235935643,111,94,141,125,existing,252.85882762078157,111,35,141,235,allocated,398.8533685117908,111,95,141,315,existing,491.09737279831234,111,24,141,191,allocated,398.9912760210779,111,88,141,314,existing,1076.3656259565314,111,87,141,314,existing,1076.3656259565314,111,92,141,567,existing,1074.7924126124526,111,93,141,41,existing,950.3189081622802,111,91,141,233,existing,1241.547685471335,111,86,141,188,existing,1142.7366512056194
112,112,81,143,125,existing,359.00603733928233,112,81,143,193,existing,91.79382454038573,112,24,143,191,allocated,319.7456582021072,112,35,143,235,allocated,330.01300787565924,112,94,143,125,existing,359.00603733928233,112,95,143,315,existing,597.244582516813,112,91,143,233,existing,1166.4851116032844,112,92,143,567,existing,995.546794793482,112,93,143,41,existing,875.2563342942296,112,90,143,452,existing,1172.472083588757,112,87,143,314,existing,1182.5128356750322,112,88,143,314,existing,1182.5128356750322
113,113,25,144,192,allocated,337.8274020004134,113,25,144,471,existing,294.9768888608735,113,24,144,191,allocated,129.5272204325791,113,94,144,125,existing,345.38766846545155,113,35,144,235,allocated,594.1354678558488,113,95,144,315,existing,622.187544297559,113,88,144,314,existing,1151.1703093548476,113,86,144,188,existing,1217.5413346039356,113,93,144,41,existing,1139.3787942744193,113,87,144,314,existing,1151.1703093548476,113,91,144,233,existing,1430.607571583474,113,92,144,567,existing,1259.6692547736716
114,114,41,147,328,allocated,265.40572042442955,114,41,147,502,existing,327.445869972509,114,36,147,246,allocated,618.950960288246,114,24,147,191,allocated,984.8143601507848,114,92,147,567,existing,1077.827660846723,114,89,147,369,existing,1226.160838280156,114,91,147,233,existing,1282.4624827033442,114,93,147,41,existing,1392.8954507643618,114,90,147,452,existing,1276.6649246219758,114,35,147,235,allocated,1441.6085117793125,114,95,147,315,existing,1736.529124880923,114,94,147,125,existing,1459.7292490488155
115,115,41,148,328,allocated,202.1302837371267,115,41,148,502,existing,166.402711284163,115,36,148,246,allocated,457.90780159990004,115,89,148,369,existing,1065.11767959181,115,90,148,452,existing,1115.6217659336298,115,92,148,567,existing,1094.1178539710654,115,35,148,235,allocated,1602.6516704676583,115,93,148,41,existing,1437.7921810016253,115,91,148,233,existing,1121.4193240149982,115,24,148,191,allocated,1145.8575188391308,115,95,148,315,existing,1897.5722835692688,115,94,148,125,existing,1620.7724077371613
116,116,75,149,261,existing,377.4470058890001,116,75,149,15,allocated,553.8898734598496,116,91,149,233,existing,895.3685804667389,116,90,149,452,existing,955.7308963196836,116,89,149,369,existing,1006.2349826615034,116,92,149,567,existing,1150.9408789486895,116,24,149,191,allocated,1960.9267148031254,116,35,149,235,allocated,1484.3861574791656,116,36,149,246,allocated,1695.4498159442467,116,93,149,41,existing,1153.5570892769035,116,95,149,315,existing,2035.3376301798548,116,94,149,125,existing,2025.4408310779038
117,117,85,151,187,existing,499.41440362451397,117,85,151,480,existing,262.42727418414006,117,95,151,315,existing,499.8446258432641,117,94,151,125,existing,526.1029083368628,117,87,151,314,existing,720.9958259170838,117,86,151,188,existing,629.8671627220596,117,24,151,191,allocated,998.6128720769958,117,93,151,41,existing,1355.8245796412043,117,35,151,235,allocated,797.8495800475469,117,88,151,314,existing,720.9958259170838,117,92,151,567,existing,1654.5316075632547,117,91,151,233,existing,1647.053356950259
118,118,82,152,315,existing,324.81996766687496,118,82,152,471,existing,399.08410460715413,118,95,152,315,existing,324.81996766687496,118,94,152,125,existing,351.0782501604736,118,86,152,188,existing,804.8918208984487,118,35,152,235,allocated,622.8249218711576,118,93,152,41,existing,1180.7999214648153,118,88,152,314,existing,896.020484093473,118,87,152,314,existing,896.020484093473,118,24,152,191,allocated,823.5882139006067,118,91,152,233,existing,1472.0286987738698,118,92,152,567,existing,1479.5069493868655
119,119,85,153,187,existing,449.3081322774618,119,85,153,480,existing,212.3210028370879,119,95,153,315,existing,549.9508971903163,119,94,153,125,existing,576.209179683915,119,88,153,314,existing,670.8895545700317,119,86,153,188,existing,579.7608913750074,119,24,153,191,allocated,1048.719143424048,119,35,153,235,allocated,847.955851394599,119,87,153,314,existing,670.8895545700317,119,93,153,41,existing,1405.9308509882567,119,91,153,233,existing,1697.1596282973112,119,92,153,567,existing,1704.6378789103069
120,120,81,154,125,existing,259.8314768415937,120,81,154,471,existing,209.42069723701567,120,94,154,125,existing,259.8314768415937,120,24,154,191,allocated,423.6335118649898,120,95,154,315,existing,504.31011339668595,120,35,154,235,allocated,799.5433295205409,120,88,154,314,existing,893.8500980145006,120,93,154,41,existing,1351.0088691710303,120,87,154,314,existing,893.8500980145006,120,86,154,188,existing,960.2211232635887,120,91,154,233,existing,1642.237646480085,120,92,154,567,existing,1553.7755462060825
121,121,81,155,125,existing,185.8027234340962,121,81,155,471,existing,135.39194382951814,121,94,155,125,existing,185.8027234340962,121,24,155,191,allocated,349.60475845749227,121,95,155,315,existing,430.28135998918845,121,35,155,235,allocated,725.5145761130434,121,93,155,41,existing,1276.9801157635327,121,87,155,314,existing,959.1710927474436,121,88,155,314,existing,959.1710927474436,121,86,155,188,existing,1025.5421179965315,121,91,155,233,existing,1568.2088930725874,121,92,155,567,existing,1479.746792798585
122,122,41,156,328,allocated,382.18137698497515,122,41,156,502,existing,444.2215265330546,122,36,156,246,allocated,735.7266168487917,122,92,156,567,existing,1016.5288759142504,122,91,156,233,existing,1230.6210288991142,122,24,156,191,allocated,1210.9784258200834,122,90,156,452,existing,1232.6506606647645,122,93,156,41,existing,1324.7323734322472,122,89,156,369,existing,1281.7640041611044,122,35,156,235,allocated,1518.1107927685562,122,95,156,315,existing,1962.6931905502215,122,94,156,125,existing,1685.893314718114
123,123,41,157,328,allocated,413.1880711502408,123,41,157,502,existing,502.86205668106487,123,36,157,246,allocated,798.202263522721,123,24,157,191,allocated,853.275376179877,123,92,157,567,existing,1258.9548913219207,123,94,157,125,existing,1321.9617335186495,123,89,157,369,existing,1405.4121415146308,123,35,157,235,allocated,1329.8159335038367,123,91,157,233,existing,1461.7137859378192,123,90,157,452,existing,1455.9162278564506,123,93,157,41,existing,1574.6634233741804,123,95,157,315,existing,1595.2679904423699
124,124,6,158,76,allocated,182.8416274716398,124,6,158,15,allocated,234.91143810121838,124,93,158,41,existing,578.8834423197511,124,91,158,233,existing,767.4404222557054,124,90,158,452,existing,827.80273810865,124,92,158,567,existing,831.9624435900582,124,24,158,191,allocated,1471.6615964140633,124,89,158,369,existing,878.30682445047,124,94,158,125,existing,1542.3979259207608,124,35,158,235,allocated,1007.8527122651908,124,36,158,246,allocated,1567.521657733213,124,95,158,315,existing,1558.8041849658803
125,125,84,159,567,existing,79.83806371868525,125,84,159,159,existing,0.0,125,92,159,567,existing,79.83806371868525,125,91,159,233,existing,298.43493699928615,125,90,159,452,existing,299.9478528743073,125,89,159,369,existing,350.4519392161272,125,24,159,191,allocated,1052.3871178245358,125,36,159,246,allocated,906.5916661550774,125,35,159,235,allocated,780.6647201064238,125,93,159,41,existing,429.5615725834606,125,95,159,315,existing,1327.7954364977118,125,94,159,125,existing,1247.813176514549
126,126,80,160,176,existing,680.2476168430808,126,80,160,220,allocated,521.787717827487,126,35,160,235,allocated,553.9917464285378,126,93,160,41,existing,722.3015760444807,126,24,160,191,allocated,1030.5323037524975,126,91,160,233,existing,1051.8200811208042,126,94,160,125,existing,1095.0464200272759,126,90,160,452,existing,1109.8539661823022,126,95,160,315,existing,1104.943219129227,126,92,160,567,existing,1063.1190880432011,126,89,160,369,existing,1160.358052524122,126,88,160,314,existing,1690.2114722874462
127,127,80,161,176,existing,607.2440192164627,127,80,161,116,existing,462.60076010306716,127,35,161,235,allocated,626.9953440551559,127,93,161,41,existing,649.2979784178626,127,92,161,567,existing,990.1154904165829,127,91,161,233,existing,978.8164834941861,127,94,161,125,existing,1168.050017653894,127,89,161,369,existing,1087.354454897504,127,24,161,191,allocated,1103.5359013791156,127,90,161,452,existing,1036.850368555684,127,87,161,314,existing,1763.2150699140643,127,95,161,315,existing,1177.9468167558452
128,128,25,162,192,allocated,180.7528078800189,128,25,162,193,existing,452.60187144010956,128,24,162,191,allocated,389.0529894478532,128,35,162,235,allocated,641.8566999662983,128,94,162,125,existing,863.9678783458837,128,93,162,41,existing,849.3507145717564,128,95,162,315,existing,1114.7386865977783,128,36,162,246,allocated,1107.6906766014254,128,92,162,567,existing,955.5164826033314,128,91,162,233,existing,1140.579491880811,128,89,162,369,existing,1195.56843058188,128,90,162,452,existing,1145.06434424006
129,129,25,163,192,allocated,110.92661641746737,129,25,163,193,existing,522.4280629026612,129,24,163,191,allocated,319.2267979853016,129,35,163,235,allocated,711.6828914288498,129,94,163,125,existing,794.1416868833322,129,93,163,41,existing,919.1769060343079,129,91,163,233,existing,1210.4056833433626,129,36,163,246,allocated,1177.516868063977,129,95,163,315,existing,1070.9415627154399,129,92,163,567,existing,1025.342674065883,129,90,163,452,existing,1214.8905357026115,129,89,163,369,existing,1265.3946220444316
130,130,80,164,176,existing,768.0764421623918,130,80,164,220,allocated,531.1826396672092,130,35,164,235,allocated,555.9595964562197,130,93,164,41,existing,810.1304013637919,130,24,164,191,allocated,1032.5001537801795,130,94,164,125,existing,1097.0142700549577,130,92,164,567,existing,1150.9479133625123,130,91,164,233,existing,1139.6489064401153,130,90,164,452,existing,1197.6827915016133,130,95,164,315,existing,1106.911069156909,130,87,164,314,existing,1692.179322315128,130,89,164,369,existing,1248.1868778434332
131,131,41,165,328,allocated,572.3865529264729,131,41,165,502,existing,517.2845795121872,131,36,165,246,allocated,814.4677096513007,131,89,165,369,existing,1421.6775876432107,131,91,165,233,existing,1527.2572603861888,131,90,165,452,existing,1472.1816739850306,131,24,165,191,allocated,1822.6066335016872,131,93,165,41,existing,2023.029458974491,131,35,165,235,allocated,2279.400785130215,131,92,165,567,existing,1706.426695462791,131,94,165,125,existing,2297.521522399718,131,95,165,315,existing,2574.3213982318252
132,132,41,166,328,allocated,659.3621404242822,132,41,166,502,existing,604.2601670099966,132,36,166,246,allocated,901.4432971491101,132,89,166,369,existing,1508.65317514102,132,91,166,233,existing,1614.2328478839981,132,90,166,452,existing,1559.1572614828399,132,92,166,567,existing,1793.4022829606004,132,24,166,191,allocated,1909.5822209994967,132,93,166,41,existing,2110.0050464723004,132,35,166,235,allocated,2366.3763726280245,132,94,166,125,existing,2384.4971098975275,132,95,166,315,existing,2661.296985729635
133,133,80,167,176,existing,382.32898671137605,133,80,167,193,existing,321.1404915328782,133,35,167,235,allocated,436.77015442117465,133,93,167,41,existing,476.4467106886432,133,24,167,191,allocated,549.6127028230028,133,92,167,567,existing,582.6124787202182,133,90,167,452,existing,772.1603403569469,133,89,167,369,existing,822.6644266987669,133,94,167,125,existing,745.0387615130162,133,91,167,233,existing,767.6754879976979,133,95,167,315,existing,983.2773066905469,133,36,167,246,allocated,1227.949327799241
134,134,25,168,192,allocated,432.9354997751912,134,25,168,193,existing,200.41917954493726,134,35,168,235,allocated,389.6740080711258,134,24,168,191,allocated,428.8913908350619,134,93,168,41,existing,597.1680226765841,134,94,168,125,existing,624.3174495250753,134,95,168,315,existing,862.555994702606,134,90,168,452,existing,892.8816523448878,134,92,168,567,existing,703.3337907081591,134,91,168,233,existing,888.3967999856388,134,36,168,246,allocated,1180.4935766264723,134,89,168,369,existing,943.3857386867078
135,135,6,169,76,allocated,746.0870978311912,135,6,169,220,allocated,613.8206907166449,135,35,169,235,allocated,646.0247193176956,135,93,169,41,existing,960.5947549964549,135,94,169,125,existing,1187.0793929164338,135,24,169,191,allocated,1122.5652766416551,135,91,169,233,existing,1266.1243202772998,135,90,169,452,existing,1324.1582053387979,135,95,169,315,existing,1196.9761920183848,135,92,169,567,existing,1277.4233271996968,135,87,169,314,existing,1782.2444451766041,135,89,169,369,existing,1374.6622916806177
136,136,6,170,76,allocated,701.5844843961005,136,6,170,220,allocated,658.3233041517356,136,35,170,235,allocated,690.5273327527864,136,93,170,41,existing,951.1344150279855,136,24,170,191,allocated,1167.067890076746,136,91,170,233,existing,1221.6217068422093,136,90,170,452,existing,1279.6555919037073,136,92,170,567,existing,1232.9207137646063,136,95,170,315,existing,1241.4788054534756,136,94,170,125,existing,1231.5820063515243,136,87,170,314,existing,1826.7470586116947,136,89,170,369,existing,1330.1596782455272
137,137,6,171,76,allocated,48.318336136054384,137,6,171,15,allocated,102.78154076924368,137,91,171,233,existing,632.9171309201199,137,90,171,452,existing,693.2794467730646,137,92,171,567,existing,699.8325462580835,137,93,171,41,existing,713.4067336553366,137,24,171,191,allocated,1597.5569155406556,137,89,171,369,existing,743.7835331148844,137,36,171,246,allocated,1432.9983663976277,137,35,171,235,allocated,1133.7480313917831,137,94,171,125,existing,1668.2932450473531,137,95,171,315,existing,1684.6995040924721
138,138,6,172,76,allocated,970.1408407686351,138,6,172,220,allocated,658.3725585933194,138,35,172,235,allocated,690.5765871943702,138,93,172,41,existing,1040.439341598988,138,24,172,191,allocated,1167.1171445183297,138,94,172,125,existing,1231.6312607931084,138,90,172,452,existing,1427.9917317368095,138,95,172,315,existing,1241.5280598950594,138,91,172,233,existing,1369.9578466753114,138,92,172,567,existing,1381.2568535977082,138,89,172,369,existing,1478.4958180786293,138,87,172,314,existing,1826.7963130532785
139,139,6,173,76,allocated,915.8558015641356,139,6,173,220,allocated,639.3802381146783,139,35,173,235,allocated,671.584266715729,139,93,173,41,existing,986.1543023944882,139,94,173,125,existing,1212.6389403144672,139,24,173,191,allocated,1148.1248240396885,139,91,173,233,existing,1315.6728074708117,139,90,173,452,existing,1373.7066925323097,139,92,173,567,existing,1326.9718143932087,139,95,173,315,existing,1222.5357394164182,139,89,173,369,existing,1424.2107788741296,139,88,173,314,existing,1807.8039925746375
140,140,82,174,315,existing,458.9146511772275,140,82,174,480,existing,368.32645312284365,140,95,174,315,existing,458.9146511772275,140,94,174,125,existing,485.1729336708262,140,35,174,235,allocated,756.9196053815102,140,86,174,188,existing,940.8116727795359,140,24,174,191,allocated,957.6828974109592,140,87,174,314,existing,1031.9403359745602,140,93,174,41,existing,1314.8946049751678,140,88,174,314,existing,1031.9403359745602,140,91,174,233,existing,1606.1233822842223,140,92,174,567,existing,1613.601632897218
141,141,80,175,176,existing,235.2110603449806,141,80,175,116,existing,90.56780123158521,141,93,175,41,existing,277.2650195463806,141,91,175,233,existing,606.7835246227041,141,92,175,567,existing,618.0825315451009,141,90,175,452,existing,664.8174096842021,141,94,175,125,existing,1207.3795316333926,141,24,175,191,allocated,1136.6432021266953,141,35,175,235,allocated,672.8343179778227,141,89,175,369,existing,715.321496026022,141,36,175,246,allocated,1404.5363293087653,141,95,175,315,existing,1223.7857906785118
142,142,71,177,367,existing,466.0551404686438,142,71,177,62,existing,323.1648270525227,142,36,177,246,allocated,256.9654285781953,142,89,177,369,existing,496.2605389398494,142,90,177,452,existing,546.7646252816694,142,91,177,233,existing,550.9640921532601,142,24,177,191,allocated,1239.7782374710832,142,92,177,567,existing,729.4643012955673,142,35,177,235,allocated,1313.2021561194028,142,93,177,41,existing,1046.7362907415622,142,95,177,315,existing,1786.084142750883,142,94,177,125,existing,1547.8455975733523
143,143,41,178,328,allocated,395.71648801951665,143,41,178,502,existing,357.8326800402348,143,36,178,246,allocated,285.62007371656216,143,89,178,369,existing,598.1056735546512,143,90,178,452,existing,648.609759896471,143,91,178,233,existing,652.8092267680619,143,24,178,191,allocated,1338.111570598032,143,35,178,235,allocated,1411.535489246352,143,92,178,567,existing,831.3094359103691,143,93,178,41,existing,1148.581425356364,143,94,178,125,existing,1646.1789307003014,143,95,178,315,existing,1884.4174758778317
144,144,73,188,188,existing,0.0,144,73,188,146,existing,364.23094389309495,144,86,188,188,existing,0.0,144,88,188,314,existing,305.8502152182198,144,95,188,315,existing,651.6392784073071,144,87,188,314,existing,305.8502152182198,144,24,188,191,allocated,1347.0685550365147,144,93,188,41,existing,1760.565750701654,144,94,188,125,existing,924.1151750620088,144,35,188,235,allocated,1202.5907511079963,144,92,188,567,existing,2059.272778623704,144,91,188,233,existing,2051.7945280107087
145,145,73,189,188,existing,106.36822481308516,145,73,189,146,existing,257.8627190800098,145,86,189,188,existing,106.36822481308516,145,88,189,314,existing,412.2184400313049,145,95,189,315,existing,545.271053594222,145,87,189,314,existing,412.2184400313049,145,24,189,191,allocated,1240.7003302234295,145,94,189,125,existing,817.7469502489237,145,93,189,41,existing,1654.1975258885686,145,35,189,235,allocated,1096.2225262949112,145,91,189,233,existing,1945.4263031976234,145,92,189,567,existing,1952.904553810619
146,146,83,190,377,existing,151.19515262774905,146,83,190,547,allocated,76.03015289948866,146,87,190,314,existing,516.0680625617357,146,88,190,314,existing,516.0680625617357,146,86,190,188,existing,582.4390878108237,146,95,190,315,existing,574.3781368707075,146,93,190,41,existing,1676.563737949586,146,24,190,191,allocated,779.3132351320858,146,94,190,125,existing,612.3997557515182,146,35,190,235,allocated,1125.0981982990968,146,91,190,233,existing,1967.7925152586408,146,92,190,567,existing,1909.4552694731783
147,147,25,191,192,allocated,208.30018156783424,147,25,191,193,existing,228.47221129012468,147,24,191,191,allocated,0.0,147,94,191,125,existing,474.9148888980306,147,35,191,235,allocated,476.54055732395966,147,95,191,315,existing,751.7147647301381,147,87,191,314,existing,1280.6975297874267,147,93,191,41,existing,1021.7838837425301,147,92,191,567,existing,1132.225181543221,147,88,191,314,existing,1280.6975297874267,147,91,191,233,existing,1313.012661051585,147,90,191,452,existing,1318.9996330370573
148,148,25,192,192,allocated,0.0,148,25,192,193,existing,436.77239285795895,148,24,192,191,allocated,208.30018156783424,148,94,192,125,existing,683.2150704658648,148,35,192,235,allocated,684.840738891794,148,95,192,315,existing,960.0149462979723,148,93,192,41,existing,1030.1035224517752,148,91,192,233,existing,1321.33229976083,148,92,192,567,existing,1136.2692904833505,148,36,192,246,allocated,1288.4434844814443,148,89,192,369,existing,1376.321238461899,148,90,192,452,existing,1325.8171521200788
149,149,25,194,192,allocated,225.6707730744683,149,25,194,193,existing,243.7596555946302,149,24,194,191,allocated,17.37059150663404,149,94,194,125,existing,457.5442973913966,149,35,194,235,allocated,481.9788389299037,149,95,194,315,existing,734.3441732235042,149,93,194,41,existing,1027.2221653484742,149,92,194,567,existing,1147.5126258477267,149,88,194,314,existing,1263.3269382807928,149,87,194,314,existing,1263.3269382807928,149,91,194,233,existing,1318.450942657529,149,90,194,452,existing,1324.4379146430015
150,150,25,195,192,allocated,201.59260542331472,150,25,195,193,existing,638.3649982812738,150,24,195,191,allocated,409.89278699114897,150,94,195,125,existing,878.5791443299215,150,35,195,235,allocated,886.4333443151088,150,95,195,315,existing,1151.8854012536417,150,91,195,233,existing,1489.0488327400217,150,36,195,246,allocated,1456.160017460636,150,93,195,41,existing,1197.820055430967,150,92,195,567,existing,1303.9858234625422,150,90,195,452,existing,1493.5336850992708,150,89,195,369,existing,1544.0377714410906
151,151,25,196,192,allocated,357.3838550236441,151,25,196,193,existing,275.97082429648435,151,35,196,235,allocated,465.2256528226729,151,24,196,191,allocated,504.44303558660897,151,94,196,125,existing,699.8690942766224,151,93,196,41,existing,672.7196674281312,151,91,196,233,existing,963.9484447371859,151,92,196,567,existing,778.8854354597062,151,90,196,452,existing,968.4332970964349,151,95,196,315,existing,938.1076394541531,151,36,196,246,allocated,1104.941931874925,151,89,196,369,existing,1018.9373834382549
152,152,25,197,192,allocated,270.4427038150816,152,25,197,193,existing,362.91197550504694,152,24,197,191,allocated,478.7428853829158,152,35,197,235,allocated,552.1668040312355,152,94,197,125,existing,786.810245485185,152,93,197,41,existing,759.6608186366936,152,95,197,315,existing,1025.0487906627156,152,91,197,233,existing,1050.8895959457484,152,92,197,567,existing,865.8265866682688,152,36,197,246,allocated,1018.0007806663627,152,90,197,452,existing,1055.3744483049973,152,89,197,369,existing,1105.8785346468173
153,153,83,200,377,existing,204.1961488510758,153,83,200,547,allocated,107.42971534751281,153,88,200,314,existing,575.9597042266224,153,87,200,314,existing,575.9597042266224,153,94,200,125,existing,577.7218706294719,153,95,200,315,existing,641.8519564456341,153,86,200,188,existing,642.3307294757103,153,93,200,41,existing,1668.8992629589086,153,35,200,235,allocated,1117.433723308419,153,24,200,191,allocated,741.523905652868,153,91,200,233,existing,1960.1280402679633,153,92,200,567,existing,1871.6659399939606
154,154,80,201,176,existing,324.0710343281296,154,80,201,116,existing,179.42777521473417,154,93,201,41,existing,366.12499352952955,154,35,201,235,allocated,658.617785393636,154,91,201,233,existing,695.6434986058531,154,92,201,567,existing,706.9425055282499,154,94,201,125,existing,1199.6724589923742,154,90,201,452,existing,753.677383667351,154,89,201,369,existing,804.1814700091709,154,24,201,191,allocated,1135.1583427175956,154,95,201,315,existing,1209.569258094325,154,36,201,246,allocated,1493.3963032919141
155,155,25,202,192,allocated,609.7211587014194,155,25,202,62,existing,545.5746581031808,155,24,202,191,allocated,818.0213402692536,155,36,202,246,allocated,1009.2879097690186,155,92,202,567,existing,1034.0300703157552,155,35,202,235,allocated,1171.495779409842,155,91,202,233,existing,1248.122223300619,155,89,202,369,existing,1299.2651985626094,155,90,202,452,existing,1250.1518550662693,155,94,202,125,existing,1292.9362291672844,155,93,202,41,existing,1342.233567833752,155,95,202,315,existing,1569.736104999392
156,156,80,203,176,existing,271.3080849529355,156,80,203,193,existing,432.16139329131875,156,35,203,235,allocated,325.749252662734,156,93,203,41,existing,365.4258089302025,156,91,203,233,existing,656.6545862392572,156,92,203,567,existing,614.404560459405,156,94,203,125,existing,808.2057291526087,156,24,203,191,allocated,660.6336045814435,156,89,203,369,existing,711.6435249403262,156,90,203,452,existing,661.1394385985063,156,36,203,246,allocated,1277.8889562695535,156,95,203,315,existing,872.8381449643523
157,157,80,204,176,existing,306.3888669532526,157,80,204,193,existing,397.0806112910016,157,35,204,235,allocated,360.83003466305115,157,93,204,41,existing,400.5065909305197,157,24,204,191,allocated,625.5528225811263,157,92,204,567,existing,597.4713251902136,157,94,204,125,existing,820.9788812711397,157,91,204,233,existing,691.7353682395744,157,89,204,369,existing,746.7243069406434,157,90,204,452,existing,696.2202205988234,157,95,204,315,existing,907.9189269646694,157,36,204,246,allocated,1242.8081742692366
158,158,25,212,192,allocated,488.9418760879629,158,25,212,193,existing,144.4128032321656,158,35,212,235,allocated,333.66763175835416,158,24,212,191,allocated,372.88501452229025,158,94,212,125,existing,568.3110732123037,158,93,212,41,existing,653.1743989893557,158,92,212,567,existing,759.3401670209307,158,91,212,233,existing,944.4031762984105,158,90,212,452,existing,948.8880286576594,158,95,212,315,existing,806.5496183898343,158,89,212,369,existing,999.3921149994794,158,36,212,246,allocated,1236.499952939244
159,159,80,219,176,existing,588.7607039150557,159,80,219,116,existing,444.1174448016602,159,93,219,41,existing,630.8146631164557,159,35,219,235,allocated,645.4786593565628,159,92,219,567,existing,971.632175115176,159,91,219,233,existing,960.3331681927791,159,90,219,452,existing,1018.3670532542772,159,89,219,369,existing,1068.871139596097,159,94,219,125,existing,1186.533332955301,159,24,219,191,allocated,1122.0192166805225,159,36,219,246,allocated,1758.0859728788403,159,95,219,315,existing,1196.4301320572522
160,160,80,220,176,existing,637.7956966732404,160,80,220,220,allocated,0.0,160,35,220,235,allocated,329.21712721851765,160,93,220,41,existing,758.1474386340558,160,24,220,191,allocated,805.7576845424774,160,94,220,125,existing,870.2718008172557,160,90,220,452,existing,1107.4101010046084,160,91,220,233,existing,1049.3762159431105,160,95,220,315,existing,880.1685999192068,160,92,220,567,existing,1060.6752228655073,160,89,220,369,existing,1157.9141873464282,160,87,220,314,existing,1465.436853077426
161,161,41,221,328,allocated,317.0496351146198,161,41,221,502,existing,227.37564958379568,161,36,221,246,allocated,265.3712078095979,161,89,221,369,existing,959.8727705441275,161,91,221,233,existing,1065.4524432871056,161,90,221,452,existing,1010.3768568859474,161,24,221,191,allocated,1539.6358797070893,161,93,221,41,existing,1561.2246418754078,161,35,221,235,allocated,1835.5387925071961,161,92,221,567,existing,1251.8009376833606,161,95,221,315,existing,2291.3506444372274,161,94,221,125,existing,2014.5507686051199
162,162,41,222,328,allocated,299.6572716412363,162,41,222,502,existing,209.98328611041222,162,36,222,246,allocated,282.76357128298133,162,89,222,369,existing,977.265134017511,162,91,222,233,existing,1082.844806760489,162,90,222,452,existing,1027.7692203593308,162,35,222,235,allocated,1852.9311559805797,162,92,222,567,existing,1269.193301156744,162,24,222,191,allocated,1522.243516233706,162,93,222,41,existing,1578.6170053487913,162,94,222,125,existing,1997.1584051317363,162,95,222,315,existing,2273.958280963844
163,163,6,223,76,allocated,59.93143407658242,163,6,223,15,allocated,196.6260415356229,163,91,223,233,existing,644.5302288606481,163,90,223,452,existing,704.8925447135928,163,89,223,369,existing,755.3966310554126,163,92,223,567,existing,793.6770470244628,163,24,223,191,allocated,1691.4014163070349,163,35,223,235,allocated,1227.5925321581624,163,93,223,41,existing,815.9926667843985,163,36,223,246,allocated,1444.6114643381559,163,95,223,315,existing,1778.5440048588516,163,94,223,125,existing,1762.1377458137322
164,164,80,224,176,existing,640.6947445079413,164,80,224,220,allocated,317.2171184248136,164,35,224,235,allocated,341.99407521382415,164,93,224,41,existing,682.7487037093414,164,94,224,125,existing,883.0487488125622,164,24,224,191,allocated,818.5346325377839,164,92,224,567,existing,1023.5662157080617,164,90,224,452,existing,1070.3010938471627,164,91,224,233,existing,1012.2672087856649,164,95,224,315,existing,892.9455479145133,164,88,224,314,existing,1478.2138010727326,164,89,224,369,existing,1120.8051801889826
165,165,80,225,176,existing,624.1619005845682,165,80,225,220,allocated,290.8063743408349,165,35,225,235,allocated,315.5833311298455,165,93,225,41,existing,709.15944779332,165,24,225,191,allocated,792.1238884538052,165,94,225,125,existing,856.6380047285835,165,91,225,233,existing,1035.7424198544384,165,95,225,315,existing,866.5348038305347,165,92,225,567,existing,1047.0414267768351,165,90,225,452,existing,1093.7763049159362,165,87,225,314,existing,1451.8030569887537,165,89,225,369,existing,1144.280391257756
166,166,41,226,328,allocated,361.4721332332385,166,41,226,492,existing,270.45397129079333,166,36,226,246,allocated,162.5315825443094,166,89,226,369,existing,857.0331452788391,166,91,226,233,existing,962.6128180218174,166,90,226,452,existing,907.537231620659,166,24,226,191,allocated,1584.058377825708,166,92,226,567,existing,1148.961312418072,166,93,226,41,existing,1458.3850166101195,166,35,226,235,allocated,1732.6991672419076,166,94,226,125,existing,1967.342608695857,166,95,226,315,existing,2205.581153873388
167,167,82,227,315,existing,310.04250381199364,167,82,227,471,existing,384.3066407522728,167,95,227,315,existing,310.04250381199364,167,94,227,125,existing,336.3007863055923,167,35,227,235,allocated,608.0474580162763,167,24,227,191,allocated,808.8107500457254,167,93,227,41,existing,1166.022457609934,167,87,227,314,existing,895.3107569702128,167,86,227,188,existing,901.2999891049776,167,88,227,314,existing,895.3107569702128,167,92,227,567,existing,1464.7294855319842,167,91,227,233,existing,1457.2512349189885
168,168,76,228,369,existing,470.36414038223927,168,76,228,62,existing,349.46926921572515,168,36,228,246,allocated,230.66098641499286,168,89,228,369,existing,470.36414038223927,168,90,228,452,existing,520.8682267240592,168,91,228,233,existing,575.9438131252176,168,92,228,567,existing,755.7687434587698,168,35,228,235,allocated,1339.5065982826054,168,93,228,41,existing,1071.7160117135197,168,24,228,191,allocated,1266.0826796342856,168,95,228,315,existing,1812.3885849140856,168,94,228,125,existing,1574.1500397365548
169,169,73,231,188,existing,91.91056528718794,169,73,231,146,existing,456.1415091802829,169,86,231,188,existing,91.91056528718794,169,88,231,314,existing,213.93964993103182,169,87,231,314,existing,213.93964993103182,169,95,231,315,existing,743.5498436944952,169,35,231,235,allocated,1294.5013163951842,169,93,231,41,existing,1852.4763159888416,169,24,231,191,allocated,1438.9791203237025,169,94,231,125,existing,1016.0257403491967,169,92,231,567,existing,2151.1833439108923,169,91,231,233,existing,2143.7050932978964
170,170,77,233,233,existing,0.0,170,77,233,159,existing,298.43493699928615,170,91,233,233,existing,0.0,170,90,233,452,existing,60.36231585294477,170,92,233,567,existing,378.2730007179714,170,89,233,369,existing,110.86640219476467,170,93,233,41,existing,498.1006293797491,170,36,233,246,allocated,800.0812354775079,170,35,233,235,allocated,849.2037769027122,170,24,233,191,allocated,1313.012661051585,170,94,233,125,existing,1383.7489905582822,170,95,233,315,existing,1400.1552496034014
171,171,80,235,176,existing,437.6232576328421,171,80,235,193,existing,248.06834603383498,171,35,235,235,allocated,0.0,171,24,235,191,allocated,476.54055732395966,171,94,235,125,existing,541.0546735987381,171,95,235,315,existing,550.9514727006891,171,90,235,452,existing,907.2376619642101,171,93,235,41,existing,557.9749995936575,171,92,235,567,existing,860.502783825109,171,91,235,233,existing,849.2037769027122,171,88,235,314,existing,1136.2197258589083,171,89,235,369,existing,957.7417483060301
172,172,84,236,567,existing,517.7153377808186,172,84,236,62,existing,214.10963638377896,172,92,236,567,existing,517.7153377808186,172,91,236,233,existing,731.8074907656824,172,89,236,369,existing,784.3412088731525,172,90,236,452,existing,733.8371225313326,172,36,236,246,allocated,794.239892014497,172,93,236,41,existing,825.9188352988153,172,35,236,235,allocated,837.1053086072637,172,24,236,191,allocated,896.9759513927186,172,94,236,125,existing,1205.0433114949878,172,95,236,315,existing,1384.194200908882
173,173,84,237,567,existing,396.030556804807,173,84,237,62,existing,92.42485540776742,173,92,237,567,existing,396.030556804807,173,91,237,233,existing,610.1227097896708,173,89,237,369,existing,662.6564278971409,173,90,237,452,existing,612.1523415553211,173,24,237,191,allocated,1009.0382658263279,173,36,237,246,allocated,672.5551110384854,173,35,237,235,allocated,958.7900895832753,173,93,237,41,existing,704.2340543228038,173,95,237,315,existing,1505.8789818848936,173,94,237,125,existing,1317.1056259285972
174,174,81,240,125,existing,920.783813466368,174,81,240,550,existing,726.2900158322373,174,94,240,125,existing,920.783813466368,174,24,240,191,allocated,1084.585848489764,174,95,240,315,existing,1165.2624500214602,174,88,240,314,existing,1402.726659063174,174,93,240,41,existing,2011.9612057958045,174,35,240,235,allocated,1460.495666145315,174,87,240,314,existing,1402.726659063174,174,86,240,188,existing,1469.0976843122621,174,91,240,233,existing,2303.1899831048595,174,92,240,567,existing,2214.7278828308563
175,175,83,241,377,existing,258.4281484615504,175,83,241,547,allocated,161.66171495798739,175,94,241,125,existing,582.864212103684,175,88,241,314,existing,630.191703837097,175,87,241,314,existing,630.191703837097,175,95,241,315,existing,696.0839560561086,175,24,241,191,allocated,746.6662471270802,175,35,241,235,allocated,1122.5760647826312,175,86,241,188,existing,696.562729086185,175,93,241,41,existing,1674.0416044331207,175,92,241,567,existing,1876.8082814681727,175,91,241,233,existing,1965.2703817421755
176,176,6,243,76,allocated,818.1916759986467,176,6,243,220,allocated,541.7161125491893,176,35,243,235,allocated,573.9201411502402,176,93,243,41,existing,888.4901768289993,176,94,243,125,existing,1114.9748147489781,176,24,243,191,allocated,1050.4606984741997,176,92,243,567,existing,1229.3076888277196,176,90,243,452,existing,1276.0425669668207,176,91,243,233,existing,1218.0086819053226,176,95,243,315,existing,1124.8716138509294,176,87,243,314,existing,1710.1398670091485,176,89,243,369,existing,1326.5466533086405
177,177,41,246,328,allocated,385.0141923724801,177,41,246,492,existing,241.39038306825086,177,36,246,246,allocated,0.0,177,89,246,369,existing,694.5015627345297,177,91,246,233,existing,800.0812354775079,177,90,246,452,existing,745.0056490763495,177,35,246,235,allocated,1570.1675846975982,177,92,246,567,existing,986.4297298737627,177,93,246,41,existing,1295.85343406581,177,24,246,191,allocated,1496.7436660492785,177,95,246,315,existing,2043.0495713290784,177,94,246,125,existing,1804.8110261515476
178,178,83,248,377,existing,493.3271233427563,178,83,248,547,allocated,551.392800627428,178,94,248,125,existing,977.20377893777,178,87,248,314,existing,1008.5665543479945,178,88,248,314,existing,1008.5665543479945,178,24,248,191,allocated,1141.005813961166,178,95,248,315,existing,1201.8010903976242,178,35,248,235,allocated,1516.915631616717,178,86,248,188,existing,1193.1349553164928,178,93,248,41,existing,2068.381171267207,178,91,248,233,existing,2359.6099485762616,178,92,248,567,existing,2271.1478483022584
179,179,85,250,187,existing,695.1810564958047,179,85,250,480,existing,253.14859593665807,179,86,250,188,existing,825.6338155933502,179,87,250,314,existing,916.7624787883746,179,95,250,315,existing,955.772609452117,179,88,250,314,existing,916.7624787883746,179,35,250,235,allocated,1253.7775636563995,179,94,250,125,existing,982.0308919457156,179,24,250,191,allocated,1454.5408556858486,179,93,250,41,existing,1811.752563250057,179,92,250,567,existing,2110.459591172107,179,91,250,233,existing,2102.9813405591117
180,180,85,251,187,existing,659.4207845374906,180,85,251,480,existing,217.388323978344,180,86,251,188,existing,789.8735436350362,180,87,251,314,existing,881.0022068300605,180,95,251,315,existing,920.0123374938029,180,88,251,314,existing,881.0022068300605,180,35,251,235,allocated,1218.0172916980855,180,94,251,125,existing,946.2706199874015,180,24,251,191,allocated,1418.7805837275346,180,93,251,41,existing,1775.9922912917432,180,91,251,233,existing,2067.2210686007975,180,92,251,567,existing,2074.6993192137934
181,181,84,252,567,existing,268.93995177302725,181,84,252,159,existing,189.101888054342,181,92,252,567,existing,268.93995177302725,181,90,252,452,existing,448.38121268639844,181,89,252,369,existing,489.61929047525825,181,91,252,233,existing,452.39110057561913,181,24,252,191,allocated,1060.0722525215083,181,93,252,41,existing,612.6142788035871,181,35,252,235,allocated,886.1484308315522,181,36,252,246,allocated,717.4897781007355,181,94,252,125,existing,1255.498311211522,181,95,252,315,existing,1433.2373231331703
182,182,83,254,377,existing,154.7594578396005,182,83,254,547,allocated,57.99302433603748,182,88,254,314,existing,526.5230132151471,182,87,254,314,existing,526.5230132151471,182,86,254,188,existing,592.8940384642351,182,95,254,315,existing,592.4152654341588,182,94,254,125,existing,627.1585616409473,182,93,254,41,existing,1694.600866513037,182,24,254,191,allocated,790.9605966643434,182,35,254,235,allocated,1143.1353268625478,182,91,254,233,existing,1985.8296438220918,182,92,254,567,existing,1921.102631005436
183,183,83,255,377,existing,241.04857014797474,183,83,255,550,existing,173.10555678236506,183,94,255,125,existing,613.3506057450722,183,87,255,314,existing,660.6780974784851,183,88,255,314,existing,660.6780974784851,183,95,255,315,existing,726.5703496974968,183,93,255,41,existing,1704.5279980745088,183,86,255,188,existing,727.0491227275731,183,35,255,235,allocated,1153.0624584240195,183,24,255,191,allocated,777.1526407684682,183,91,255,233,existing,1995.7567753835635,183,92,255,567,existing,1907.294675109561
184,184,78,257,509,existing,117.02117196408315,184,78,257,159,existing,203.70862747234358,184,91,257,233,existing,272.24768426863204,184,92,257,567,existing,283.5466911910288,184,90,257,452,existing,330.28156933012997,184,93,257,41,existing,366.35902880176513,184,24,257,191,allocated,1181.2710604736008,184,89,257,369,existing,380.7856556719499,184,35,257,235,allocated,717.4621763247283,184,36,257,246,allocated,1070.000488954693,184,94,257,125,existing,1252.0073899802983,184,95,257,315,existing,1268.4136490254175
185,185,83,258,377,existing,469.2116412590814,185,83,258,547,allocated,527.2773185437529,185,87,258,314,existing,963.5233071148514,185,88,258,314,existing,963.5233071148514,185,94,258,125,existing,1097.2372453114488,185,86,258,188,existing,1169.019473232818,185,24,258,191,allocated,1261.039280334845,185,95,258,315,existing,1177.6856083139492,185,93,258,41,existing,2188.4146376408853,185,35,258,235,allocated,1636.9490979903958,185,91,258,233,existing,2479.64341494994,185,92,258,567,existing,2391.1813146759373
186,186,83,259,377,existing,507.73455546611046,186,83,259,547,allocated,565.800232750782,186,88,259,314,existing,925.0003929078223,186,87,259,314,existing,925.0003929078223,186,86,259,188,existing,1207.542387439847,186,94,259,125,existing,1135.7601595184778,186,35,259,235,allocated,1675.472012197425,186,24,259,191,allocated,1299.562194541874,186,93,259,41,existing,2226.9375518479146,186,95,259,315,existing,1216.2085225209782,186,91,259,233,existing,2518.1663291569694,186,92,259,567,existing,2429.7042288829666
187,187,84,260,567,existing,538.8601486339292,187,84,260,62,existing,235.25444723688958,187,92,260,567,existing,538.8601486339292,187,91,260,233,existing,752.952301618793,187,89,260,369,existing,805.4860197262631,187,90,260,452,existing,754.9819333844432,187,35,260,235,allocated,815.9604977541532,187,93,260,41,existing,847.0636461519259,187,36,260,246,allocated,815.3847028676075,187,24,260,191,allocated,918.1207622458292,187,95,260,315,existing,1363.0493900557713,187,94,260,125,existing,1185.3103781341229
188,188,41,265,328,allocated,462.1826034146316,188,41,265,62,existing,290.0712489348356,188,92,265,567,existing,778.52666114741,188,36,265,246,allocated,815.7278432784481,188,91,265,233,existing,992.6188141322738,188,90,265,452,existing,994.6484458979241,188,89,265,369,existing,1043.7617893942643,188,24,265,191,allocated,1206.684659353396,188,93,265,41,existing,1086.7301586654066,188,35,265,235,allocated,1280.1085780017158,188,95,265,315,existing,1752.9905646331958,188,94,265,125,existing,1514.7520194556653
189,189,6,266,76,allocated,881.3681900061082,189,6,266,220,allocated,847.3709697825519,189,35,266,235,allocated,879.5749983836026,189,93,266,41,existing,1130.918120637993,189,24,266,191,allocated,1356.1155557075622,189,91,266,233,existing,1401.405412452217,189,90,266,452,existing,1459.439297513715,189,94,266,125,existing,1420.6296719823408,189,95,266,315,existing,1430.526471084292,189,92,266,567,existing,1412.7044193746137,189,88,266,314,existing,2015.7947242425112,189,89,266,369,existing,1509.9433838555349
190,190,6,267,76,allocated,880.0534689768185,190,6,267,220,allocated,836.7922887324536,190,35,267,235,allocated,868.9963173335043,190,93,267,41,existing,1129.6033996087035,190,91,267,233,existing,1400.0906914229272,190,24,267,191,allocated,1345.536874657464,190,95,267,315,existing,1419.9477900341935,190,90,267,452,existing,1458.1245764844252,190,92,267,567,existing,1411.3896983453242,190,94,267,125,existing,1410.0509909322425,190,89,267,369,existing,1508.628662826245,190,87,267,314,existing,2005.2160431924126
191,191,6,268,76,allocated,773.0247921533564,191,6,268,116,existing,776.8462912083462,191,35,268,235,allocated,978.9753208890127,191,93,268,41,existing,1022.5747227852413,191,92,268,567,existing,1304.3610215218619,191,91,268,233,existing,1293.062014599465,191,90,268,452,existing,1351.0958996609631,191,89,268,369,existing,1401.599986002783,191,94,268,125,existing,1520.0299944877506,191,24,268,191,allocated,1455.5158782129722,191,36,268,246,allocated,2090.814819285526,191,95,268,315,existing,1529.926793589702
192,192,6,269,76,allocated,798.0899008848393,192,6,269,220,allocated,754.8287206404743,192,35,269,235,allocated,787.0327492415252,192,93,269,41,existing,1047.6398315167244,192,24,269,191,allocated,1263.5733065654847,192,91,269,233,existing,1318.127123330948,192,90,269,452,existing,1376.161008392446,192,94,269,125,existing,1328.0874228402631,192,92,269,567,existing,1329.426130253345,192,95,269,315,existing,1337.9842219422144,192,89,269,369,existing,1426.665094734266,192,88,269,314,existing,1923.2524751004335
193,193,71,270,367,existing,551.1390408499822,193,71,270,62,existing,203.90914125508755,193,36,270,246,allocated,376.22111437563046,193,89,270,369,existing,583.1265692206792,193,90,270,452,existing,632.0381046453779,193,91,270,233,existing,636.0479925345986,193,35,270,235,allocated,1193.9464703219678,193,93,270,41,existing,998.346823289154,193,24,270,191,allocated,1120.522551673648,193,92,270,567,existing,654.6724962585942,193,94,270,125,existing,1428.5899117759172,193,95,270,315,existing,1666.828456953448
194,194,41,271,328,allocated,524.2001656933232,194,41,271,62,existing,293.014482505665,194,36,271,246,allocated,414.10375139036876,194,89,271,369,existing,672.2319104712567,194,91,271,233,existing,725.153333785176,194,90,271,452,existing,721.1434458959552,194,35,271,235,allocated,1283.0518115725454,194,24,271,191,allocated,1209.6278929242253,194,93,271,41,existing,1087.4521645397315,194,92,271,567,existing,743.7778375091716,194,94,271,125,existing,1517.6952530264948,194,95,271,315,existing,1755.9337982040252
195,195,84,272,567,existing,30.78584688125698,195,84,272,159,existing,49.052216837428276,195,92,272,567,existing,30.78584688125698,195,91,272,233,existing,347.4871538367144,195,90,272,452,existing,349.0000697117355,195,89,272,369,existing,399.5041560535554,195,93,272,41,existing,478.6137894208888,195,24,272,191,allocated,1101.439334661964,195,36,272,246,allocated,955.6438829925057,195,35,272,235,allocated,829.716936943852,195,94,272,125,existing,1296.8653933519774,195,95,272,315,existing,1376.84765333514
196,196,41,273,328,allocated,476.78923924976016,196,41,273,502,existing,421.6872658354745,196,36,273,246,allocated,718.870395974588,196,89,273,369,existing,1326.0802739664978,196,90,273,452,existing,1376.5843603083176,196,91,273,233,existing,1431.659946709476,196,24,273,191,allocated,1727.0093198249745,196,93,273,41,existing,1927.432145297778,196,92,273,567,existing,1610.829381786078,196,35,273,235,allocated,2183.8034714535024,196,95,273,315,existing,2478.7240845551128,196,94,273,125,existing,2201.9242087230054
197,197,6,274,76,allocated,159.41716204608974,197,6,274,15,allocated,296.1117695051302,197,91,274,233,existing,546.5737568543843,197,90,274,452,existing,606.936072707329,197,89,274,369,existing,657.4401590491489,197,92,274,567,existing,893.1627749939701,197,93,274,41,existing,915.4783947539058,197,36,274,246,allocated,1346.6549923318921,197,24,274,191,allocated,1790.8871442765421,197,35,274,235,allocated,1327.0782601276696,197,95,274,315,existing,1878.0297328283586,197,94,274,125,existing,1861.6234737832397
198,198,41,275,328,allocated,663.8005769107131,198,41,275,502,existing,608.6986034964274,198,36,275,246,allocated,905.8817336355409,198,89,275,369,existing,1513.0916116274507,198,90,275,452,existing,1563.5956979692705,198,91,275,233,existing,1618.6712843704288,198,93,275,41,existing,2114.4434829587312,198,92,275,567,existing,1797.840719447031,198,24,275,191,allocated,1914.0206574859276,198,35,275,235,allocated,2370.8148091144553,198,94,275,125,existing,2388.9355463839584,198,95,275,315,existing,2665.7354222160657
199,199,75,276,261,existing,458.77944905845146,199,75,276,15,allocated,635.222316629301,199,91,276,233,existing,976.7010236361903,199,90,276,452,existing,1037.063339489135,199,89,276,369,existing,1087.5674258309548,199,92,276,567,existing,1232.2733221181406,199,35,276,235,allocated,1565.718600648617,199,93,276,41,existing,1234.889532446355,199,24,276,191,allocated,2042.2591579725768,199,36,276,246,allocated,1776.782259113698,199,95,276,315,existing,2116.670073349306,199,94,276,125,existing,2106.7732742473554
200,200,6,277,76,allocated,550.2248194559927,200,6,277,15,allocated,604.6880240891819,200,91,277,233,existing,1129.8508026057,200,90,277,452,existing,1190.2131184586447,200,92,277,567,existing,1201.7390295780217,200,93,277,41,existing,1204.355239906236,200,36,277,246,allocated,1929.9320380832078,200,89,277,369,existing,1240.7172048004645,200,35,277,235,allocated,1535.184308108498,200,24,277,191,allocated,2011.7248654324578,200,95,277,315,existing,2086.135780809187,200,94,277,125,existing,2076.2389817072362
201,201,75,278,261,existing,557.1340894212151,201,75,278,15,allocated,692.6148596136491,201,91,278,233,existing,1075.0556639989538,201,90,278,452,existing,1135.4179798518985,201,89,278,369,existing,1185.9220661937184,201,92,278,567,existing,1289.6658651024889,201,35,278,235,allocated,1623.1111436329652,201,93,278,41,existing,1292.2820754307031,201,36,278,246,allocated,1875.1368994764616,201,24,278,191,allocated,2099.651700956925,201,94,278,125,existing,2164.1658172317034,201,95,278,315,existing,2174.0626163336547
202,202,41,279,328,allocated,723.5545802303184,202,41,279,492,existing,146.07559109031513,202,36,279,246,allocated,387.465974158566,202,89,279,369,existing,963.3254635146743,202,90,279,452,existing,1013.8295498564942,202,91,279,233,existing,1068.9051362576524,202,93,279,41,existing,1564.6773348459546,202,92,279,567,existing,1284.0489742366901,202,35,279,235,allocated,1867.7868290605256,202,24,279,191,allocated,1794.3629104122056,202,95,279,315,existing,2340.6688156920054,202,94,279,125,existing,2102.430270514475
203,203,41,280,328,allocated,773.978713197901,203,41,280,492,existing,196.49972405789782,203,36,280,246,allocated,437.8901071261487,203,89,280,369,existing,1013.749596482257,203,90,280,452,existing,1064.2536828240768,203,91,280,233,existing,1119.329269225235,203,35,280,235,allocated,1918.2109620281083,203,93,280,41,existing,1615.1014678135373,203,24,280,191,allocated,1844.7870433797882,203,92,280,567,existing,1334.4731072042728,203,95,280,315,existing,2391.0929486595883,203,94,280,125,existing,2152.854403482058
204,204,25,281,192,allocated,147.94094267572993,204,25,281,193,existing,584.7133355336889,204,24,281,191,allocated,356.2411242435642,204,94,281,125,existing,718.9586704626857,204,35,281,235,allocated,832.781681567524,204,95,281,315,existing,992.2649273864059,204,36,281,246,allocated,1436.3844271571743,204,92,281,567,existing,1284.2102331590804,204,91,281,233,existing,1469.27324243656,204,93,281,41,existing,1178.0444651275052,204,88,281,314,existing,1521.1546601446612,204,90,281,452,existing,1473.758094795809
205,205,25,282,192,allocated,97.48778427643663,205,25,282,193,existing,534.2601771343956,205,24,282,191,allocated,305.78796584427084,205,94,282,125,existing,769.4118288619791,205,95,282,315,existing,1042.7180857856993,205,35,282,235,allocated,782.3285231682306,205,36,282,246,allocated,1385.9312687578808,205,93,282,41,existing,1127.5913067282117,205,92,282,567,existing,1233.757074759787,205,91,282,233,existing,1418.8200840372665,205,90,282,452,existing,1423.3049363965156,205,89,282,369,existing,1473.8090227383354
206,206,83,283,377,existing,22.70708461851376,206,83,283,547,allocated,80.77276190318533,206,88,283,314,existing,537.9465156237519,206,87,283,314,existing,537.9465156237519,206,95,283,315,existing,731.1810516733816,206,86,283,188,existing,722.5149165922504,206,93,283,41,existing,1833.3666527522598,206,24,283,191,allocated,929.7263829035663,206,35,283,235,allocated,1281.9011131017705,206,94,283,125,existing,765.9243478801701,206,91,283,233,existing,2124.595430061315,206,92,283,567,existing,2059.8684172446588
207,207,83,284,377,existing,89.49437026470567,207,83,284,547,allocated,147.56004754937723,207,87,284,314,existing,492.06934328793074,207,88,284,314,existing,492.06934328793074,207,86,284,188,existing,789.3022022384423,207,95,284,315,existing,797.9683373195735,207,93,284,41,existing,1900.1539383984518,207,24,284,191,allocated,996.5136685497582,207,94,284,125,existing,832.711633526362,207,35,284,235,allocated,1348.6883987479625,207,92,284,567,existing,2126.6557028908505,207,91,284,233,existing,2191.3827157075066
208,208,80,285,176,existing,776.5770606872609,208,80,285,220,allocated,611.5752694895278,208,35,285,235,allocated,643.7792980905785,208,93,285,41,existing,818.6310198886608,208,24,285,191,allocated,1120.3198554145383,208,91,285,233,existing,1148.1495249649843,208,94,285,125,existing,1184.8339716893167,208,90,285,452,existing,1206.1834100264823,208,95,285,315,existing,1194.7307707912678,208,92,285,567,existing,1159.4485318873813,208,87,285,314,existing,1779.9990239494869,208,89,285,369,existing,1256.6874963683022
209,209,80,286,176,existing,673.8442976651979,209,80,286,116,existing,529.2010385518025,209,93,286,41,existing,715.898256866598,209,35,286,235,allocated,730.5622531067052,209,92,286,567,existing,1056.7157688653183,209,91,286,233,existing,1045.4167619429213,209,90,286,452,existing,1103.4506470044194,209,94,286,125,existing,1271.6169267054433,209,89,286,369,existing,1153.9547333462392,209,24,286,191,allocated,1207.1028104306647,209,95,286,315,existing,1281.5137258073942,209,36,286,246,allocated,1843.1695666289825
210,210,83,290,377,existing,421.2526491140795,210,83,290,547,allocated,479.3183263987511,210,88,290,314,existing,936.4920801193176,210,87,290,314,existing,936.4920801193176,210,94,290,125,existing,1049.2782531664468,210,86,290,188,existing,1121.060481087816,210,95,290,315,existing,1129.7266161689472,210,24,290,191,allocated,1213.080288189843,210,35,290,235,allocated,1588.9901058453938,210,93,290,41,existing,2140.455645495883,210,92,290,567,existing,2343.2223225309353,210,91,290,233,existing,2431.6844228049376
211,211,25,292,192,allocated,228.8959384615572,211,25,292,193,existing,665.6683313195161,211,24,292,191,allocated,437.1961200293914,211,35,292,235,allocated,893.9902716579192,211,94,292,125,existing,912.1110089274221,211,93,292,41,existing,1101.4842862633773,211,91,292,233,existing,1392.713063572432,211,36,292,246,allocated,1166.5692004096395,211,95,292,315,existing,1188.9108847595296,211,92,292,567,existing,1207.6500542949523,211,90,292,452,existing,1397.197915931681,211,89,292,369,existing,1447.702002273501
212,212,25,293,192,allocated,288.5584546705506,212,25,293,193,existing,725.3308475285096,212,24,293,191,allocated,496.8586362383848,212,35,293,235,allocated,953.6527878669125,212,94,293,125,existing,971.7735251364154,212,36,293,246,allocated,1106.906684200646,212,91,293,233,existing,1452.3755797814256,212,93,293,41,existing,1161.1468024723706,212,92,293,567,existing,1267.3125705039456,212,95,293,315,existing,1248.573400968523,212,89,293,369,existing,1507.3645184824945,212,90,293,452,existing,1456.8604321406744
213,213,80,294,176,existing,146.89613054941594,213,80,294,116,existing,470.7032275530382,213,93,294,41,existing,267.24787251023133,213,35,294,235,allocated,367.5835582387883,213,91,294,233,existing,558.4766498192861,213,92,294,567,existing,569.7756567416828,213,24,294,191,allocated,844.124115562748,213,89,294,369,existing,667.0146212226039,213,90,294,452,existing,616.510534880784,213,94,294,125,existing,908.6382318375264,213,36,294,246,allocated,1356.2294545053471,213,95,294,315,existing,918.5350309394775
214,214,80,296,176,existing,215.71666485924607,214,80,296,116,existing,539.5237618628682,214,93,296,41,existing,336.06840682006145,214,35,296,235,allocated,436.40409254861845,214,92,296,567,existing,638.596191051513,214,91,296,233,existing,627.2971841291162,214,94,296,125,existing,977.4587661473565,214,24,296,191,allocated,912.9446498725782,214,90,296,452,existing,685.331069190614,214,89,296,369,existing,735.8351555324339,214,36,296,246,allocated,1425.0499888151771,214,95,296,315,existing,987.3555652493076
215,215,25,297,192,allocated,513.6156228602447,215,25,297,502,existing,590.3444256952147,215,24,297,191,allocated,721.9158044280789,215,36,297,246,allocated,881.8495160109518,215,35,297,235,allocated,1178.7099560566066,215,94,297,125,existing,1196.8306933261094,215,89,297,369,existing,1489.0593940028616,215,92,297,567,existing,1340.7262165694287,215,95,297,315,existing,1473.630569158217,215,93,297,41,existing,1386.2039706620649,215,90,297,452,existing,1539.5634803446815,215,91,297,233,existing,1545.36103842605
216,216,41,298,328,allocated,422.4227906171945,216,41,298,502,existing,484.4629401652739,216,36,298,246,allocated,775.9680304810109,216,24,298,191,allocated,827.7972899580197,216,92,298,567,existing,1234.844731039488,216,35,298,235,allocated,1284.5914415865475,216,89,298,369,existing,1383.1779084729208,216,90,298,452,existing,1433.6819948147406,216,94,298,125,existing,1302.7121788560505,216,91,298,233,existing,1439.4795528961092,216,93,298,41,existing,1492.0854561920057,216,95,298,315,existing,1579.512054688158
217,217,41,299,328,allocated,467.3151827096819,217,41,299,502,existing,412.2132092953962,217,36,299,246,allocated,709.3963394345096,217,89,299,369,existing,1316.6062174264196,217,90,299,452,existing,1367.1103037682394,217,91,299,233,existing,1422.1858901693977,217,35,299,235,allocated,2174.329414913424,217,24,299,191,allocated,1717.5352632848962,217,92,299,567,existing,1601.3553252460001,217,93,299,41,existing,1917.9580887577,217,95,299,315,existing,2469.2500280150343,217,94,299,125,existing,2192.450152182927
218,218,72,301,369,existing,452.70468655949674,218,72,301,492,existing,364.54518586486245,218,36,301,246,allocated,241.79687617503293,218,89,301,369,existing,452.70468655949674,218,90,301,452,existing,503.2087729013166,218,91,301,233,existing,558.284359302475,218,92,301,567,existing,773.4281972815124,218,24,301,191,allocated,1283.742133457028,218,35,301,235,allocated,1357.166052105348,218,93,301,41,existing,1054.0565578907772,218,95,301,315,existing,1830.048038736828,218,94,301,125,existing,1591.8094935592974
219,219,72,302,369,existing,501.38960470753716,219,72,302,492,existing,315.86026771682197,219,36,302,246,allocated,193.1119580269925,219,89,302,369,existing,501.38960470753716,219,91,302,233,existing,606.9692774505154,219,90,302,452,existing,551.893691049357,219,35,302,235,allocated,1405.8509702533884,219,92,302,567,existing,822.1131154295529,219,24,302,191,allocated,1332.4270516050688,219,93,302,41,existing,1102.7414760388174,219,94,302,125,existing,1640.4944117073378,219,95,302,315,existing,1878.7329568848686
220,220,41,303,328,allocated,732.5949433606877,220,41,303,502,existing,677.4929699464021,220,36,303,246,allocated,974.6761000855156,220,89,303,369,existing,1581.8859780774255,220,91,303,233,existing,1687.4656508204037,220,90,303,452,existing,1632.3900644192454,220,35,303,235,allocated,2439.6091755644297,220,24,303,191,allocated,1982.8150239359022,220,93,303,41,existing,2183.237849408706,220,92,303,567,existing,1866.6350858970059,220,94,303,125,existing,2457.7299128339328,220,95,303,315,existing,2734.52978866604
221,221,41,304,328,allocated,805.8015800332362,221,41,304,502,existing,750.6996066189505,221,36,304,246,allocated,1047.8827367580639,221,89,304,369,existing,1655.092614749974,221,90,304,452,existing,1705.5967010917939,221,91,304,233,existing,1760.6722874929521,221,92,304,567,existing,1939.8417225695543,221,93,304,41,existing,2256.4444860812546,221,24,304,191,allocated,2056.0216606084505,221,35,304,235,allocated,2512.815812236978,221,95,304,315,existing,2807.7364253385886,221,94,304,125,existing,2530.9365495064812
222,222,85,305,187,existing,166.82713514194856,222,85,305,146,existing,187.36866601867936,222,86,305,188,existing,176.8622778744156,222,87,305,314,existing,388.40855743451846,222,88,305,314,existing,388.40855743451846,222,95,305,315,existing,474.7770005328915,222,24,305,191,allocated,1170.206277162099,222,94,305,125,existing,747.2528971875931,222,35,305,235,allocated,1025.7284732335806,222,93,305,41,existing,1583.7034728272383,222,92,305,567,existing,1882.4105007492885,222,91,305,233,existing,1874.9322501362929
223,223,41,308,328,allocated,234.43430916437453,223,41,308,502,existing,198.70673671141083,223,36,308,246,allocated,150.57988320810563,223,89,308,369,existing,757.7897612000155,223,91,308,233,existing,814.0914056232041,223,90,308,452,existing,808.2938475418354,223,35,308,235,allocated,1572.8176681014938,223,24,308,191,allocated,1453.1854372309253,223,93,308,41,existing,1309.8636042115063,223,92,308,567,existing,992.5916147655112,223,94,308,125,existing,1807.4611095554433,223,95,308,315,existing,2045.699654732974
224,224,41,309,328,allocated,64.61833725485339,224,41,309,502,existing,28.8907648018897,224,36,309,246,allocated,320.39585511762675,224,89,309,369,existing,927.6057331095366,224,91,309,233,existing,983.9073775327251,224,90,309,452,existing,978.1098194513564,224,35,309,235,allocated,1740.1636169499316,224,24,309,191,allocated,1283.369465321404,224,93,309,41,existing,1479.6795761210274,224,92,309,567,existing,1162.4075866750322,224,95,309,315,existing,2035.0842300515421,224,94,309,125,existing,1758.2843542194346
225,225,6,310,76,allocated,362.00611044113293,225,6,310,116,existing,365.8276094961228,225,93,310,41,existing,611.5560410730178,225,91,310,233,existing,882.0433328872417,225,90,310,452,existing,940.0772179487396,225,92,310,567,existing,893.3423398096385,225,89,310,369,existing,990.5813042905595,225,35,310,235,allocated,1034.8639842349824,225,94,310,125,existing,1571.7627151044685,225,24,310,191,allocated,1501.0263855977712,225,36,310,246,allocated,1679.7961375733028,225,95,310,315,existing,1585.8154569356716
226,226,80,311,176,existing,648.7678167375468,226,80,311,220,allocated,315.41229049381354,226,35,311,235,allocated,340.1892472828241,226,93,311,41,existing,769.1195586983622,226,24,311,191,allocated,816.7298046067838,226,94,311,125,existing,881.2439208815623,226,91,311,233,existing,1060.348336007417,226,95,311,315,existing,891.1407199835133,226,90,311,452,existing,1118.3822210689148,226,92,311,567,existing,1071.6473429298137,226,89,311,369,existing,1168.8863074107346,226,88,311,314,existing,1476.4089731417325
227,227,80,312,176,existing,577.5828203804241,227,80,312,220,allocated,244.22729413669077,227,35,312,235,allocated,269.00425092570134,227,93,312,41,existing,697.9345623412395,227,94,312,125,existing,810.0589245244395,227,24,312,191,allocated,745.544808249661,227,91,312,233,existing,989.1633396502942,227,95,312,315,existing,819.9557236263905,227,92,312,567,existing,1000.462346572691,227,90,312,452,existing,1047.1972247117922,227,87,312,314,existing,1405.2239767846097,227,89,312,369,existing,1097.701311053612
228,228,6,313,76,allocated,374.4241304579103,228,6,313,116,existing,378.24562951290017,228,93,313,41,existing,623.9740610897952,228,91,313,233,existing,894.4613529040191,228,92,313,567,existing,905.7603598264159,228,90,313,452,existing,952.495237965517,228,35,313,235,allocated,1017.6876866909765,228,94,313,125,existing,1554.586417560463,228,89,313,369,existing,1002.999324307337,228,24,313,191,allocated,1483.8500880537654,228,95,313,315,existing,1568.639159391666,228,36,313,246,allocated,1692.21415759008
229,229,82,315,315,existing,0.0,229,82,315,471,existing,327.2106554366856,229,95,315,315,existing,0.0,229,94,315,125,existing,279.2048009900051,229,35,315,235,allocated,550.9514727006891,229,88,315,314,existing,585.2682531582192,229,87,315,314,existing,585.2682531582192,229,93,315,41,existing,1108.9264722943467,229,24,315,191,allocated,751.7147647301381,229,86,315,188,existing,651.6392784073071,229,91,315,233,existing,1400.1552496034014,229,92,315,567,existing,1407.633500216397
230,230,6,319,76,allocated,159.8919901440277,230,6,319,15,allocated,214.35519477721698,230,91,319,233,existing,739.5179732937349,230,90,319,452,existing,799.8802891466796,230,92,319,567,existing,811.4062002660569,230,93,319,41,existing,824.9803876633098,230,89,319,369,existing,850.3843754884995,230,36,319,246,allocated,1539.5992087712427,230,35,319,235,allocated,1245.3216853997565,230,24,319,191,allocated,1709.130569548629,230,94,319,125,existing,1779.8668990553265,230,95,319,315,existing,1796.2731581004455
231,231,80,320,176,existing,597.4028327139688,231,80,320,220,allocated,360.50903021878617,231,35,320,235,allocated,385.28598700779673,231,93,320,41,existing,639.4567919153687,231,24,320,191,allocated,861.8265443317564,231,94,320,125,existing,926.3406606065348,231,92,320,567,existing,980.274303914089,231,95,320,315,existing,936.2374597084859,231,91,320,233,existing,968.9752969916924,231,90,320,452,existing,1027.0091820531902,231,87,320,314,existing,1521.505712866705,231,89,320,369,existing,1077.51326839501
232,232,41,326,328,allocated,449.9409412467928,232,41,326,502,existing,394.83896783250714,232,36,326,246,allocated,661.0796131420916,232,89,326,369,existing,1236.9391024981999,232,91,326,233,existing,1342.518775241178,232,90,326,452,existing,1287.4431888400197,232,93,326,41,existing,1838.2909738294802,232,35,326,235,allocated,2141.400468044051,232,24,326,191,allocated,1700.1610218220071,232,92,326,567,existing,1557.6626132202157,232,94,326,125,existing,2175.075910720038,232,95,326,315,existing,2451.875786552145
233,233,41,327,328,allocated,401.1725642404052,233,41,327,502,existing,346.07059082611954,233,36,327,246,allocated,643.253720965233,233,89,327,369,existing,1250.463598957143,233,90,327,452,existing,1300.9676852989628,233,91,327,233,existing,1356.043271700121,233,35,327,235,allocated,2108.186796444147,233,93,327,41,existing,1851.8154702884233,233,24,327,191,allocated,1651.3926448156196,233,92,327,567,existing,1535.2127067767233,233,94,327,125,existing,2126.30753371365,233,95,327,315,existing,2403.1074095457575
234,234,41,328,328,allocated,0.0,234,41,328,502,existing,89.6739855308241,234,36,328,246,allocated,385.0141923724801,234,89,328,369,existing,992.22407036439,234,91,328,233,existing,1048.5257147875784,234,90,328,452,existing,1042.7281567062098,234,35,328,235,allocated,1707.014232203742,234,93,328,41,existing,1542.8331715302384,234,24,328,191,allocated,1250.2200805752145,234,92,328,567,existing,1199.1588444996785,234,94,328,125,existing,1725.134969473245,234,95,328,315,existing,2001.9348453053526
235,235,25,329,192,allocated,78.75758732497756,235,25,329,193,existing,515.5299801829366,235,24,329,191,allocated,287.0577688928118,235,35,329,235,allocated,743.8519205213395,235,93,329,41,existing,951.3459351267977,235,94,329,125,existing,761.9726577908424,235,91,329,233,existing,1242.5747124358525,235,95,329,315,existing,1038.77253362295,235,36,329,246,allocated,1209.6858971564666,235,92,329,567,existing,1057.5117031583727,235,89,329,369,existing,1297.5636511369214,235,90,329,452,existing,1247.0595647951013
236,236,25,330,192,allocated,132.3428949356881,236,25,330,193,existing,569.1152877936471,236,24,330,191,allocated,340.6430765035223,236,35,330,235,allocated,797.43722813205,236,93,330,41,existing,1004.9312427375082,236,94,330,125,existing,815.5579654015529,236,91,330,233,existing,1296.160020046563,236,36,330,246,allocated,1263.1222439355083,236,92,330,567,existing,1111.0970107690832,236,95,330,315,existing,1092.3578412336606,236,90,330,452,existing,1300.6448724058118,236,89,330,369,existing,1351.148958747632
237,237,85,331,187,existing,620.6395741869973,237,85,331,480,existing,178.6071136278506,237,86,331,188,existing,751.0923332845427,237,88,331,314,existing,842.2209964795671,237,87,331,314,existing,842.2209964795671,237,95,331,315,existing,881.2311271433095,237,35,331,235,allocated,1179.236081347592,237,24,331,191,allocated,1379.9993733770411,237,94,331,125,existing,907.489409636908,237,93,331,41,existing,1737.2110809412497,237,91,331,233,existing,2028.4398582503043,237,92,331,567,existing,2035.9181088633
238,238,85,332,187,existing,526.5318792498671,238,85,332,480,existing,84.49941869072049,238,86,332,188,existing,656.9846383474127,238,87,332,314,existing,748.113301542437,238,88,332,314,existing,748.113301542437,238,95,332,315,existing,787.1234322061794,238,35,332,235,allocated,1085.1283864104619,238,93,332,41,existing,1643.1033860041193,238,94,332,125,existing,813.381714699778,238,24,332,191,allocated,1285.891678439911,238,92,332,567,existing,1941.8104139261698,238,91,332,233,existing,1934.332163313174
239,239,81,336,125,existing,66.7194100004138,239,81,336,471,existing,16.308630395835745,239,94,336,125,existing,66.7194100004138,239,95,336,315,existing,310.9020250408499,239,35,336,235,allocated,606.1352411647048,239,24,336,191,allocated,440.81273968928826,239,93,336,41,existing,1157.6007808151942,239,88,336,314,existing,889.4413738637655,239,87,336,314,existing,889.4413738637655,239,86,336,188,existing,955.8123991128534,239,92,336,567,existing,1394.3706502336481,239,91,336,233,existing,1448.829558124249
240,240,6,339,76,allocated,536.3500742124663,240,6,339,116,existing,414.91610092145675,240,93,339,41,existing,601.6133192362522,240,35,339,235,allocated,865.5873402059048,240,91,339,233,existing,931.1318243125756,240,92,339,567,existing,942.4308312349725,240,90,339,452,existing,989.1657093740737,240,94,339,125,existing,1406.6420138046426,240,89,339,369,existing,1039.6697957158935,240,24,339,191,allocated,1342.1278975298642,240,95,339,315,existing,1416.5388129065939,240,36,339,246,allocated,1728.8846289986368
241,241,6,340,76,allocated,455.0202654702301,241,6,340,116,existing,333.58629217922055,241,93,340,41,existing,520.2835104940159,241,91,340,233,existing,849.8020155703394,241,92,340,567,existing,861.1010224927362,241,90,340,452,existing,907.8359006318374,241,94,340,125,existing,1450.398022581028,241,89,340,369,existing,958.3399869736572,241,35,340,235,allocated,915.852808925458,241,24,340,191,allocated,1379.6616930743307,241,36,340,246,allocated,1647.5548202564005,241,95,340,315,existing,1466.8042816261473
242,242,81,341,125,existing,348.9035845500652,242,81,341,471,existing,298.49280494548714,242,94,341,125,existing,348.9035845500652,242,24,341,191,allocated,512.7056195734613,242,35,341,235,allocated,889.9582581488033,242,95,341,315,existing,622.2098414737854,242,93,341,41,existing,1403.5695539683152,242,87,341,314,existing,1151.0995742320406,242,86,341,188,existing,1217.4705994811286,242,88,341,314,existing,1151.0995742320406,242,36,341,246,allocated,1661.9095159979843,242,92,341,567,existing,1509.7353219998904
243,243,25,342,192,allocated,254.4642321780044,243,25,342,471,existing,417.4946042840226,243,24,342,191,allocated,462.7644137458386,243,94,342,125,existing,467.9053838886007,243,95,342,315,existing,741.2116408123209,243,35,342,235,allocated,939.3049710697984,243,93,342,41,existing,1284.5677546297798,243,87,342,314,existing,1270.101373570576,243,86,342,188,existing,1336.472398819664,243,88,342,314,existing,1270.101373570576,243,92,342,567,existing,1390.7335226613548,243,36,342,246,allocated,1542.9077166594486
244,244,81,343,125,existing,170.355851304084,244,81,343,471,existing,119.94507169950595,244,94,343,125,existing,170.355851304084,244,24,343,191,allocated,337.26933068465144,244,95,343,315,existing,414.5384663445201,244,35,343,235,allocated,709.771682468375,244,86,343,188,existing,1009.7992243518631,244,93,343,41,existing,1261.2372221188643,244,88,343,314,existing,943.4281991027752,244,87,343,314,existing,943.4281991027752,244,92,343,567,existing,1467.411365025744,244,91,343,233,existing,1552.465999427919
245,245,81,344,125,existing,323.75279226210085,245,81,344,471,existing,273.3420126575228,245,94,344,125,existing,323.75279226210085,245,24,344,191,allocated,490.66627164266833,245,95,344,315,existing,567.935407302537,245,88,344,314,existing,790.0312581447583,245,87,344,314,existing,790.0312581447583,245,93,344,41,existing,1414.6341630768814,245,86,344,188,existing,856.4022833938463,245,35,344,235,allocated,863.1686234263918,245,92,344,567,existing,1620.8083059837609,245,91,344,233,existing,1705.862940385936
246,246,41,345,328,allocated,236.40731342303866,246,41,345,502,existing,326.08129895386276,246,36,345,246,allocated,621.4215057955188,246,92,345,567,existing,1082.1741335947186,246,24,345,191,allocated,1116.2125759465744,246,89,345,369,existing,1228.6313837874286,246,90,345,452,existing,1279.1354701292485,246,91,345,233,existing,1284.933028210617,246,93,345,41,existing,1414.9052574513985,246,35,345,235,allocated,1573.006727575102,246,95,345,315,existing,1867.9273406767124,246,94,345,125,existing,1591.127464844605
247,247,71,346,367,existing,421.26261012852683,247,71,346,62,existing,333.7855719765429,247,36,346,246,allocated,389.98984523649585,247,89,346,369,existing,453.2501384992239,247,91,346,233,existing,506.17156181314317,247,90,346,452,existing,502.1616739239225,247,35,346,235,allocated,1213.6483636957919,247,24,346,191,allocated,1250.3989823951033,247,93,346,41,existing,940.1142116678268,247,92,346,567,existing,596.4398846372669,247,95,346,315,existing,1760.73725599741,247,94,346,125,existing,1558.4663424973726
248,248,41,347,328,allocated,515.1075064546789,248,41,347,492,existing,111.29706898605208,248,36,347,246,allocated,130.09331408219873,248,89,347,369,existing,705.952803438307,248,90,347,452,existing,756.4568897801269,248,91,347,233,existing,811.5324761812852,248,35,347,235,allocated,1610.4141689841586,248,92,347,567,existing,1026.6763141603228,248,24,347,191,allocated,1536.9902503358385,248,93,347,41,existing,1307.3046747695873,248,94,347,125,existing,1845.057610438108,248,95,347,315,existing,2083.2961556156383
249,249,72,348,369,existing,263.97459138662447,249,72,348,159,existing,512.3896245080748,249,89,348,369,existing,263.97459138662447,249,90,348,452,existing,314.4786777284443,249,91,348,233,existing,369.55426412960276,249,36,348,246,allocated,437.7973235957104,249,92,348,567,existing,592.2276882267602,249,93,348,41,existing,865.3264627179049,249,35,348,235,allocated,1209.4361672852851,249,24,348,191,allocated,1383.359988975241,249,95,348,315,existing,1756.5250595869034,249,94,348,125,existing,1578.7860476652547
250,250,76,349,369,existing,355.86135561482195,250,76,349,492,existing,471.15887751981234,250,89,349,369,existing,355.86135561482195,250,90,349,452,existing,406.3654419566418,250,91,349,233,existing,461.4410283578002,250,36,349,246,allocated,529.6840878239078,250,93,349,41,existing,957.2132269461023,250,92,349,567,existing,684.1144524549576,250,24,349,191,allocated,1475.2467532034386,250,35,349,235,allocated,1301.3229315134827,250,94,349,125,existing,1670.6728118934523,250,95,349,315,existing,1848.411823815101
251,251,72,350,369,existing,646.2589238422684,251,72,350,492,existing,180.76130929236595,251,36,350,246,allocated,422.15169236061683,251,89,350,369,existing,646.2589238422684,251,90,350,452,existing,696.7630101840882,251,91,350,233,existing,751.8385965852466,251,92,350,567,existing,974.512020682404,251,24,350,191,allocated,1765.644321430885,251,93,350,41,existing,1247.6107951735487,251,35,350,235,allocated,1591.720499740929,251,94,350,125,existing,1961.0703801208986,251,95,350,315,existing,2138.809392042547
252,252,41,351,328,allocated,447.2035604254965,252,41,351,502,existing,357.5295748946724,252,36,351,246,allocated,503.3547794054159,252,89,351,369,existing,1197.8563421399456,252,90,351,452,existing,1248.3604284817654,252,91,351,233,existing,1303.4360148829237,252,93,351,41,existing,1799.208213471226,252,24,351,191,allocated,1669.789805017966,252,35,351,235,allocated,2073.5223641030143,252,92,351,567,existing,1489.7845092791786,252,95,351,315,existing,2421.504569748104,252,94,351,125,existing,2144.704693915997
253,253,83,352,377,existing,253.08424487638433,253,83,352,547,allocated,311.14992216105594,253,87,352,314,existing,768.3236758816224,253,88,352,314,existing,768.3236758816224,253,86,352,188,existing,952.8920768501209,253,94,352,125,existing,905.1299667757903,253,93,352,41,existing,1996.3073591052269,253,24,352,191,allocated,1068.9320017991863,253,35,352,235,allocated,1444.8418194547376,253,95,352,315,existing,961.5582119312521,253,91,352,233,existing,2287.536136414282,253,92,352,567,existing,2199.074036140279
254,254,83,353,377,existing,277.7123891371021,254,83,353,547,allocated,335.77806642177364,254,87,353,314,existing,792.9518201423402,254,88,353,314,existing,792.9518201423402,254,86,353,188,existing,977.5202211108387,254,94,353,125,existing,929.7581110365081,254,95,353,315,existing,986.1863561919699,254,35,353,235,allocated,1469.4699637154554,254,24,353,191,allocated,1093.5601460599041,254,93,353,41,existing,2020.9355033659447,254,91,353,233,existing,2312.1642806749996,254,92,353,567,existing,2223.702180400997
255,255,41,354,328,allocated,467.2004219971851,255,41,354,62,existing,350.0142262018032,255,36,354,246,allocated,357.1040076942306,255,89,354,369,existing,669.5896075323196,255,90,354,452,existing,720.0936938741395,255,91,354,233,existing,724.2931607457302,255,35,354,235,allocated,1340.0515552686834,255,92,354,567,existing,800.7775812053097,255,93,354,41,existing,1144.4519082358697,255,24,354,191,allocated,1266.6276366203635,255,95,354,315,existing,1812.9335419001636,255,94,354,125,existing,1574.6949967226328
256,256,82,355,315,existing,354.2895661889615,256,82,355,480,existing,407.9823338384427,256,95,355,315,existing,354.2895661889615,256,94,355,125,existing,380.54784868256013,256,86,355,188,existing,775.4222223763622,256,35,355,235,allocated,652.2945203932442,256,87,355,314,existing,866.5508855713865,256,24,355,191,allocated,853.0578124226931,256,88,355,314,existing,866.5508855713865,256,93,355,41,existing,1210.2695199869017,256,91,355,233,existing,1501.4982972959565,256,92,355,567,existing,1508.976547908952
257,257,82,356,315,existing,66.51365929042389,257,82,356,471,existing,393.7243147271095,257,95,356,315,existing,66.51365929042389,257,94,356,125,existing,345.718460280429,257,88,356,314,existing,518.7545938677953,257,87,356,314,existing,518.7545938677953,257,93,356,41,existing,1175.4401315847706,257,35,356,235,allocated,617.465131991113,257,24,356,191,allocated,818.228424020562,257,86,356,188,existing,585.1256191168833,257,91,356,233,existing,1466.6689088938251,257,92,356,567,existing,1474.147159506821
258,258,41,357,328,allocated,616.5781703265559,258,41,357,62,existing,135.67568202291136,258,92,357,567,existing,624.1310942354858,258,36,357,246,allocated,715.8059376536294,258,91,357,233,existing,838.2232472203495,258,90,357,452,existing,840.2528789859999,258,35,357,235,allocated,1125.7130110897915,258,89,357,369,existing,889.3662224823399,258,93,357,41,existing,932.3345917534825,258,24,357,191,allocated,1052.289092441472,258,94,357,125,existing,1360.356452543741,258,95,357,315,existing,1598.5949977212717
259,259,25,358,192,allocated,579.5680800831409,259,25,358,62,existing,492.82430578185745,259,35,358,235,allocated,687.4098778821698,259,24,358,191,allocated,726.6272606461058,259,93,358,41,existing,894.903892487628,259,94,358,125,existing,922.0533193361192,259,95,358,315,existing,1160.29186451365,259,91,358,233,existing,1186.1326697966829,259,92,358,567,existing,981.2797179944318,259,36,358,246,allocated,1072.9545614125755,259,89,358,369,existing,1241.1216084977518,259,90,358,452,existing,1190.6175221559317
260,260,25,359,192,allocated,470.6831923681428,260,25,359,193,existing,389.270161640983,260,35,359,235,allocated,578.5249901671716,260,24,359,191,allocated,617.7423729311076,260,94,359,125,existing,813.168431621121,260,93,359,41,existing,786.0190047726298,260,95,359,315,existing,1051.4069767986516,260,90,359,452,existing,1081.7326344409335,260,91,359,233,existing,1077.2477820816846,260,92,359,567,existing,892.1847728042048,260,89,359,369,existing,1132.2367207827535,260,36,359,246,allocated,1181.8394491275735
261,261,71,360,367,existing,493.0851909196872,261,71,360,62,existing,261.9629911853825,261,36,360,246,allocated,318.1672644453355,261,89,360,369,existing,525.0727192903843,261,90,360,452,existing,573.9842547150828,261,91,360,233,existing,577.9941426043035,261,35,360,235,allocated,1252.0003202522628,261,92,360,567,existing,668.2624654284272,261,93,360,41,existing,1011.936792458987,261,24,360,191,allocated,1178.576401603943,261,95,360,315,existing,1724.8823068837428,261,94,360,125,existing,1486.6437617062122
262,262,84,361,567,existing,309.8268583345412,262,84,361,159,existing,229.98879461585594,262,92,361,567,existing,309.8268583345412,262,90,361,452,existing,489.2681192479124,262,89,361,369,existing,530.5061970367722,262,91,361,233,existing,493.27800713713316,262,24,361,191,allocated,1100.9591590830223,262,93,361,41,existing,653.501185365101,262,35,361,235,allocated,927.0353373930661,262,36,361,246,allocated,758.3766846622493,262,94,361,125,existing,1296.385217773036,262,95,361,315,existing,1474.1242296946843
263,263,84,362,567,existing,366.62700606719443,263,84,362,159,existing,286.7889423485091,263,92,362,567,existing,366.62700606719443,263,90,362,452,existing,546.0682669805656,263,91,362,233,existing,550.0781548697863,263,89,362,369,existing,587.3063447694253,263,36,362,246,allocated,815.1768323949026,263,35,362,235,allocated,983.8354851257193,263,93,362,41,existing,710.3013330977542,263,24,362,191,allocated,1157.7593068156755,263,95,362,315,existing,1530.9243774273375,263,94,362,125,existing,1353.185365505689
264,264,25,363,192,allocated,252.82970320729666,264,25,363,193,existing,689.6020960652556,264,24,363,191,allocated,461.1298847751309,264,35,363,235,allocated,917.9240364036585,264,93,363,41,existing,1125.4180510091167,264,94,363,125,existing,936.0447736731614,264,92,363,567,existing,1231.5838190406919,264,91,363,233,existing,1416.6468283181716,264,95,363,315,existing,1212.844649505269,264,36,363,246,allocated,1172.1069523183207,264,89,363,369,existing,1471.6357670192406,264,90,363,452,existing,1421.1316806774205
265,265,83,365,377,existing,486.6323395067456,265,83,365,547,allocated,565.8504840627398,265,88,365,314,existing,701.5407831806406,265,87,365,314,existing,701.5407831806406,265,86,365,188,existing,1007.3909983988603,265,95,365,315,existing,1211.8891492375883,265,93,365,41,existing,2314.3912300840807,265,94,365,125,existing,1223.4807289866712,265,24,365,191,allocated,1387.2827640100672,265,35,365,235,allocated,1762.8406219382775,265,91,365,233,existing,2605.6200073931354,265,92,365,567,existing,2517.42479835116
266,266,76,369,369,existing,0.0,266,76,369,159,existing,350.4519392161272,266,89,369,369,existing,0.0,266,90,369,452,existing,50.504086341819914,266,91,369,233,existing,110.86640219476467,266,92,369,567,existing,430.29000293481243,266,24,369,191,allocated,1369.5037193788771,266,35,369,235,allocated,957.7417483060301,266,93,369,41,existing,606.6386007830667,266,36,369,246,allocated,694.5015627345297,266,94,369,125,existing,1440.2400488855747,266,95,369,315,existing,1504.8724646973183
267,267,72,370,369,existing,116.0733953611556,267,72,370,159,existing,466.5253345772828,267,89,370,369,existing,116.0733953611556,267,90,370,452,existing,166.57748170297552,267,92,370,567,existing,546.3633982959681,267,91,370,233,existing,226.93979755592028,267,93,370,41,existing,722.7119961442224,267,36,370,246,allocated,578.428167373374,267,24,370,191,allocated,1433.6181476356107,267,35,370,235,allocated,1073.8151436671856,267,94,370,125,existing,1556.3134442467303,267,95,370,315,existing,1620.9458600584737
268,268,80,372,176,existing,418.6692965732383,268,80,372,193,existing,274.68690070137535,268,35,372,235,allocated,183.086554807375,268,24,372,191,allocated,503.1591119915,268,93,372,41,existing,539.0210385340536,268,94,372,125,existing,665.5430312972496,268,92,372,567,existing,789.5019096894796,268,90,372,452,existing,836.2367878285809,268,95,372,315,existing,730.1754471089932,268,91,372,233,existing,830.2498158431083,268,89,372,369,existing,886.7408741704007,268,88,372,314,existing,1315.4437002672125
269,269,6,373,76,allocated,695.1409172844682,269,6,373,116,existing,698.962416339458,269,93,373,41,existing,944.690847916353,269,35,373,235,allocated,1085.3951158076295,269,92,373,567,existing,1226.4771466529737,269,91,373,233,existing,1215.1781397305772,269,24,373,191,allocated,1561.9356731315893,269,94,373,125,existing,1626.4497894063677,269,89,373,369,existing,1323.7161111338949,269,90,373,452,existing,1273.212024792075,269,36,373,246,allocated,2012.930944416638,269,95,373,315,existing,1636.3465885083187
270,270,6,374,76,allocated,346.32735733239,270,6,374,116,existing,164.00544379853096,270,93,374,41,existing,409.733875375426,270,91,374,233,existing,680.2211671896499,270,90,374,452,existing,738.2550522511478,270,92,374,567,existing,691.5201741120467,270,94,374,125,existing,1373.2483589764356,270,24,374,191,allocated,1302.5120294697383,270,35,374,235,allocated,838.7031453208658,270,89,374,369,existing,788.7591385929677,270,36,374,246,allocated,1477.973971875711,270,95,374,315,existing,1389.654618021555
271,271,83,375,377,existing,101.17672699682052,271,83,375,547,allocated,159.2424042814921,271,87,375,314,existing,616.4161580020586,271,88,375,314,existing,616.4161580020586,271,86,375,188,existing,800.9845589705571,271,94,375,125,existing,753.2224488962265,271,95,375,315,existing,809.6506940516883,271,35,375,235,allocated,1292.9343015751738,271,24,375,191,allocated,917.0244839196225,271,93,375,41,existing,1844.399841225663,271,91,375,233,existing,2135.628618534718,271,92,375,567,existing,2047.1665182607153
272,272,25,378,192,allocated,236.23829964375847,272,25,378,471,existing,435.72053681826856,272,24,378,191,allocated,444.53848121159274,272,94,378,125,existing,486.1313164228466,272,95,378,315,existing,759.4375733465668,272,35,378,235,allocated,921.0790385355524,272,93,378,41,existing,1266.3418220955336,272,87,378,314,existing,1288.3273061048221,272,86,378,188,existing,1354.69833135391,272,88,378,314,existing,1288.3273061048221,272,92,378,567,existing,1372.5075901271089,272,36,378,246,allocated,1524.6817841252027
273,273,25,379,192,allocated,22.702751344842703,273,25,379,193,existing,459.47514420280163,273,24,379,191,allocated,231.00293291267695,273,94,379,125,existing,699.6668647217623,273,95,379,315,existing,972.9731216454825,273,35,379,235,allocated,707.5434902366367,273,36,379,246,allocated,1311.146235826287,273,93,379,41,existing,1052.806273796618,273,91,379,233,existing,1344.0350511056727,273,92,379,567,existing,1158.9720418281931,273,89,379,369,existing,1399.0239898067416,273,90,379,452,existing,1348.5199034649218
274,274,81,380,125,existing,171.3889132497822,274,81,380,471,existing,120.97813364520415,274,94,380,125,existing,171.3889132497822,274,24,380,191,allocated,335.19094827317826,274,35,380,235,allocated,712.4435868485203,274,95,380,315,existing,444.6951701735024,274,93,380,41,existing,1263.9091264990097,274,86,380,188,existing,1039.9559281808456,274,87,380,314,existing,973.5849029317576,274,88,380,314,existing,973.5849029317576,274,92,380,567,existing,1465.3329826142708,274,91,380,233,existing,1555.1379038080645
275,275,81,381,125,existing,155.55642693731727,275,81,381,471,existing,105.1456473327392,275,94,381,125,existing,155.55642693731727,275,24,381,191,allocated,319.3584619607133,275,95,381,315,existing,432.3563027694248,275,35,381,235,allocated,696.6111005360553,275,86,381,188,existing,1027.7100930758013,275,93,381,41,existing,1248.0766401865446,275,87,381,314,existing,961.3390678267134,275,88,381,314,existing,961.3390678267134,275,91,381,233,existing,1539.3054174955994,275,92,381,567,existing,1449.500496301806
276,276,25,382,192,allocated,177.42674919942945,276,25,382,193,existing,614.1991420573884,276,24,382,191,allocated,385.7269307672637,276,35,382,235,allocated,842.5210823957914,276,94,382,125,existing,860.6418196652943,276,93,382,41,existing,1050.0150970012496,276,36,382,246,allocated,1218.0383896717672,276,92,382,567,existing,1156.1808650328246,276,95,382,315,existing,1137.441695497402,276,91,382,233,existing,1341.2438743103044,276,89,382,369,existing,1396.2328130113733,276,90,382,452,existing,1345.7287266695535
277,277,83,383,377,existing,178.10833225806275,277,83,383,547,allocated,236.17400954273432,277,88,383,314,existing,693.3477632633009,277,87,383,314,existing,693.3477632633009,277,86,383,188,existing,877.9161642317994,277,94,383,125,existing,830.1540541574686,277,35,383,235,allocated,1369.865906836416,277,95,383,315,existing,886.5822993129306,277,93,383,41,existing,1921.3314464869052,277,24,383,191,allocated,993.9560891808646,277,91,383,233,existing,2212.56022379596,277,92,383,567,existing,2124.0981235219574
278,278,83,384,377,existing,234.89954309868259,278,83,384,547,allocated,292.96522038335416,278,87,384,314,existing,750.1389741039208,278,88,384,314,existing,750.1389741039208,278,86,384,188,existing,934.7073750724192,278,94,384,125,existing,886.9452649980885,278,93,384,41,existing,1978.122657327525,278,24,384,191,allocated,1050.7473000214845,278,35,384,235,allocated,1426.6571176770358,278,95,384,315,existing,943.3735101535503,278,92,384,567,existing,2180.8893343625773,278,91,384,233,existing,2269.35143463658
279,279,81,385,125,existing,326.93692207647496,279,81,385,471,existing,276.5261424718969,279,94,385,125,existing,326.93692207647496,279,24,385,191,allocated,490.738957099871,279,35,385,235,allocated,866.648774755422,279,95,385,315,existing,571.4155586315671,279,87,385,314,existing,960.9555432493818,279,86,385,188,existing,1027.32656849847,279,88,385,314,existing,960.9555432493818,279,93,385,41,existing,1418.1143144059113,279,92,385,567,existing,1620.8809914409635,279,91,385,233,existing,1709.343091714966
280,280,41,386,328,allocated,556.3227457652595,280,41,386,492,existing,465.30458382281427,280,36,386,246,allocated,357.3821950763304,280,89,386,369,existing,1051.88375781086,280,90,386,452,existing,1102.38784415268,280,91,386,233,existing,1157.4634305538382,280,92,386,567,existing,1343.811924950093,280,35,386,235,allocated,1927.5497797739285,280,24,386,191,allocated,1778.9089903577292,280,93,386,41,existing,1653.2356291421404,280,94,386,125,existing,2162.193221227878,280,95,386,315,existing,2400.431766405409
281,281,25,387,192,allocated,413.29108773197436,281,25,387,62,existing,644.1447500652399,281,24,387,191,allocated,621.5912692998087,281,35,387,235,allocated,1003.0496221422993,281,92,387,567,existing,1132.6001622778144,281,94,387,125,existing,1096.506158197839,281,90,387,452,existing,1348.7219470283285,281,36,387,246,allocated,1224.275005695958,281,93,387,41,existing,1210.5436367477573,281,91,387,233,existing,1346.6923152626782,281,89,387,369,existing,1397.8352905246684,281,95,387,315,existing,1373.3060340299467
282,282,25,388,192,allocated,459.27019489094454,282,25,388,62,existing,598.1656429062698,282,24,388,191,allocated,667.5703764587788,282,35,388,235,allocated,957.0705149833292,282,92,388,567,existing,1086.6210551188442,282,94,388,125,existing,1142.4852653568094,282,36,388,246,allocated,1178.2958985369878,282,90,388,452,existing,1302.7428398693582,282,93,388,41,existing,1164.5645295887873,282,91,388,233,existing,1300.713208103708,282,95,388,315,existing,1419.285141188917,282,89,388,369,existing,1351.8561833656984
283,283,73,390,188,existing,490.56226736954943,283,73,390,480,existing,425.4827892536115,283,86,390,188,existing,490.56226736954943,283,87,390,314,existing,612.5913520133934,283,88,390,314,existing,612.5913520133934,283,95,390,315,existing,1128.1068027690703,283,35,390,235,allocated,1426.1117569733528,283,24,390,191,allocated,1626.875049002802,283,94,390,125,existing,1154.365085262669,283,93,390,41,existing,1984.0867565670105,283,91,390,233,existing,2275.3155338760653,283,92,390,567,existing,2282.7937844890607
284,284,73,391,188,existing,502.9900941289689,284,73,391,480,existing,413.054962494192,284,86,391,188,existing,502.9900941289689,284,87,391,314,existing,625.0191787728128,284,95,391,315,existing,1115.6789760096508,284,88,391,314,existing,625.0191787728128,284,93,391,41,existing,1971.658929807591,284,35,391,235,allocated,1413.6839302139335,284,94,391,125,existing,1141.9372585032495,284,24,391,191,allocated,1614.4472222433824,284,92,391,567,existing,2270.365957729641,284,91,391,233,existing,2262.8877071166457
285,285,85,392,187,existing,423.87261518076735,285,85,392,480,existing,18.159845378379238,285,86,392,188,existing,554.3253742783129,285,87,392,314,existing,645.4540374733373,285,95,392,315,existing,731.8224805717103,285,88,392,314,existing,645.4540374733373,285,93,392,41,existing,1600.0920084469653,285,35,392,235,allocated,1042.1170088533077,285,24,392,191,allocated,1242.8803008827567,285,94,392,125,existing,770.3703371426236,285,91,392,233,existing,1891.3207857560199,285,92,392,567,existing,1898.7990363690155
286,286,6,393,76,allocated,113.85367227898875,286,6,393,15,allocated,250.54827973802924,286,91,393,233,existing,470.74512250507684,286,90,393,452,existing,531.1074383580216,286,92,393,567,existing,847.599285226869,286,89,393,369,existing,581.6115246998415,286,35,393,235,allocated,1281.5147703605685,286,24,393,191,allocated,1745.323654509441,286,93,393,41,existing,869.9149049868048,286,36,393,246,allocated,1270.8263579825848,286,94,393,125,existing,1816.0599840161385,286,95,393,315,existing,1832.466243061258
287,287,6,394,76,allocated,164.01958742787443,287,6,394,15,allocated,300.7141948869149,287,91,394,233,existing,420.57920735619115,287,90,394,452,existing,480.9415232091359,287,92,394,567,existing,798.8522080741626,287,89,394,369,existing,531.4456095509559,287,24,394,191,allocated,1733.591868407776,287,36,394,246,allocated,1220.660442833699,287,93,394,41,existing,918.6798367359402,287,35,394,235,allocated,1269.7829842589033,287,94,394,125,existing,1804.3281979144733,287,95,394,315,existing,1820.7344569595925
288,288,83,395,377,existing,384.8333785935026,288,83,395,547,allocated,442.8990558781741,288,88,395,314,existing,900.0728095987407,288,87,395,314,existing,900.0728095987407,288,86,395,188,existing,1084.641210567239,288,94,395,125,existing,1036.8791004929085,288,93,395,41,existing,2128.056492822345,288,95,395,315,existing,1093.3073456483703,288,35,395,235,allocated,1576.5909531718557,288,24,395,191,allocated,1200.6811355163045,288,91,395,233,existing,2419.2852701313996,288,92,395,567,existing,2330.8231698573973
289,289,83,396,377,existing,398.07718710521436,289,83,396,547,allocated,456.142864389886,289,88,396,314,existing,913.3166181104525,289,87,396,314,existing,913.3166181104525,289,94,396,125,existing,1050.1229090046204,289,86,396,188,existing,1097.885019078951,289,95,396,315,existing,1106.5511541600822,289,24,396,191,allocated,1213.9249440280164,289,93,396,41,existing,2141.300301334057,289,35,396,235,allocated,1589.8347616835674,289,91,396,233,existing,2432.529078643112,289,92,396,567,existing,2344.066978369109
290,290,25,397,192,allocated,454.0516960042478,290,25,397,62,existing,640.0805697990719,290,24,397,191,allocated,662.351877572082,290,35,397,235,allocated,915.1555880905271,290,93,397,41,existing,1122.649602695985,290,92,397,567,existing,1128.5359820116462,290,91,397,233,existing,1342.6281349965102,290,90,397,452,existing,1344.6577667621605,290,36,397,246,allocated,1220.21082542979,290,94,397,125,existing,1137.2667664701125,290,89,397,369,existing,1393.7711102585004,290,95,397,315,existing,1388.0375747220073
291,291,25,398,192,allocated,541.9617419903395,291,25,398,62,existing,515.4740958068747,291,24,398,191,allocated,750.2619235581739,291,92,398,567,existing,1003.9295080194491,291,35,398,235,allocated,1039.7620620827242,291,36,398,246,allocated,1095.6043514375929,291,94,398,125,existing,1225.1768124562043,291,90,398,452,existing,1220.0512927699633,291,93,398,41,existing,1247.2560766881822,291,91,398,233,existing,1218.021661004313,291,89,398,369,existing,1269.1646362663032,291,95,398,315,existing,1501.9766882883118
292,292,82,399,315,existing,777.9129010036136,292,82,399,480,existing,503.90672865460084,292,95,399,315,existing,777.9129010036136,292,94,399,125,existing,804.1711834972122,292,86,399,188,existing,1076.391948311293,292,35,399,235,allocated,1075.917855207896,292,24,399,191,allocated,1276.6811472373452,292,87,399,314,existing,1167.5206115063174,292,93,399,41,existing,1633.8928548015538,292,88,399,314,existing,1167.5206115063174,292,92,399,567,existing,1932.599882723604,292,91,399,233,existing,1925.1216321106083
293,293,84,400,567,existing,448.9752433496405,293,84,400,62,existing,325.5905811562544,293,92,400,567,existing,448.9752433496405,293,91,400,233,existing,663.0673963345042,293,89,400,369,existing,715.6011144419745,293,90,400,452,existing,665.0970281001546,293,35,400,235,allocated,725.6243638347884,293,24,400,191,allocated,899.5481855247447,293,93,400,41,existing,757.1787408676373,293,36,400,246,allocated,905.7208367869723,293,94,400,125,existing,1094.974244214758,293,95,400,315,existing,1272.7132561364065
294,294,84,401,567,existing,522.9926550398061,294,84,401,62,existing,399.60799284642,294,92,401,567,existing,522.9926550398061,294,91,401,233,existing,737.0848080246698,294,90,401,452,existing,739.1144397903201,294,89,401,369,existing,789.61852613214,294,36,401,246,allocated,979.7382484771379,294,35,401,235,allocated,799.6417755249539,294,24,401,191,allocated,973.5655972149102,294,93,401,41,existing,831.1961525578029,294,94,401,125,existing,1168.9916559049236,294,95,401,315,existing,1346.7306678265722
295,295,80,402,176,existing,652.5825383860836,295,80,402,220,allocated,319.22701214235025,295,35,402,235,allocated,344.0039689313608,295,93,402,41,existing,737.5800855948354,295,94,402,125,existing,885.0586425300988,295,24,402,191,allocated,820.5445262553205,295,90,402,452,existing,1122.1969427174515,295,95,402,315,existing,894.95544163205,295,92,402,567,existing,1075.4620645783505,295,91,402,233,existing,1064.1630576559537,295,88,402,314,existing,1480.2236947902693,295,89,402,369,existing,1172.7010290592714
296,296,41,403,328,allocated,72.3879794725549,296,41,403,502,existing,17.286006058269198,296,36,403,246,allocated,314.4691361973827,296,89,403,369,existing,921.6790141892926,296,91,403,233,existing,1027.2586869322708,296,90,403,452,existing,972.1831005311125,296,93,403,41,existing,1523.030885520573,296,35,403,235,allocated,1779.402211676297,296,92,403,567,existing,1206.4281220088728,296,24,403,191,allocated,1322.6080600477692,296,94,403,125,existing,1797.5229489457997,296,95,403,315,existing,2074.3228247779075
297,297,25,410,192,allocated,571.4610064138186,297,25,410,62,existing,583.8348103907816,297,24,410,191,allocated,779.7611879816529,297,36,410,246,allocated,971.0277574814178,297,92,410,567,existing,1072.2902226033561,297,35,410,235,allocated,1209.755931697443,297,90,410,452,existing,1288.4120073538702,297,91,410,233,existing,1286.38237558822,297,89,410,369,existing,1337.52535085021,297,94,410,125,existing,1254.6760768796835,297,95,410,315,existing,1531.475952711791,297,93,410,41,existing,1380.493720121353
298,298,25,411,192,allocated,638.5732332544068,298,25,411,62,existing,433.8191526105916,298,35,411,235,allocated,746.4150310534357,298,24,411,191,allocated,785.6324138173717,298,93,411,41,existing,953.9090456588939,298,92,411,567,existing,922.274564823166,298,94,411,125,existing,981.0584725073851,298,90,411,452,existing,1138.39634957368,298,36,411,246,allocated,1013.9494082413096,298,91,411,233,existing,1136.3667178080298,298,89,411,369,existing,1187.5096930700201,298,95,411,315,existing,1219.2970176849158
299,299,81,412,125,existing,415.89307836298843,299,81,412,471,existing,365.48229875841037,299,94,412,125,existing,415.89307836298843,299,24,412,191,allocated,579.6951133863845,299,35,412,235,allocated,956.9477519617266,299,95,412,315,existing,689.1993352867086,299,88,412,314,existing,1218.0890680449638,299,86,412,188,existing,1284.4600932940518,299,93,412,41,existing,1470.5590477812384,299,87,412,314,existing,1218.0890680449638,299,92,412,567,existing,1576.7248158128134,299,36,412,246,allocated,1728.8990098109075
300,300,73,416,188,existing,625.1035040257161,300,73,416,480,existing,319.7791325150363,300,86,416,188,existing,625.1035040257161,300,88,416,314,existing,747.13258866956,300,87,416,314,existing,747.13258866956,300,95,416,315,existing,1069.761458465126,300,35,416,235,allocated,1380.0559867467232,300,94,416,125,existing,1108.3093150360392,300,24,416,191,allocated,1580.8192787761723,300,93,416,41,existing,1938.0309863403809,300,91,416,233,existing,2229.2597636494356,300,92,416,567,existing,2236.738014262431
301,301,85,417,187,existing,596.7927633252339,301,85,417,480,existing,154.7603027660872,301,86,417,188,existing,727.2455224227795,301,87,417,314,existing,818.3741856178037,301,88,417,314,existing,818.3741856178037,301,95,417,315,existing,904.7426287161769,301,24,417,191,allocated,1415.8004490272233,301,93,417,41,existing,1773.012156591432,301,35,417,235,allocated,1215.0371569977742,301,94,417,125,existing,943.2904852870901,301,92,417,567,existing,2071.719184513482,301,91,417,233,existing,2064.240933900486
302,302,75,420,261,existing,558.746034488971,302,75,420,15,allocated,1085.943849895329,302,91,420,233,existing,1275.0496838637084,302,90,420,452,existing,1335.411999716653,302,35,420,235,allocated,1513.6245933815158,302,89,420,369,existing,1385.916086058473,302,95,420,315,existing,1940.5899211452593,302,94,420,125,existing,1931.0555322152072,302,92,420,567,existing,1653.3226845816798,302,93,420,41,existing,1696.569042781422,302,24,420,191,allocated,1990.1651507054753,302,36,420,246,allocated,2075.130919341216
303,303,6,422,76,allocated,760.3948439440114,303,6,422,116,existing,764.2163429990012,303,35,422,235,allocated,966.3453726796677,303,93,422,41,existing,1009.9447745758963,303,91,422,233,existing,1280.43206639012,303,92,422,567,existing,1291.7310733125169,303,24,422,191,allocated,1442.8859300036272,303,90,422,452,existing,1338.4659514516181,303,89,422,369,existing,1388.970037793438,303,94,422,125,existing,1507.4000462784056,303,95,422,315,existing,1517.296845380357,303,36,422,246,allocated,2078.1848710761815
304,304,6,423,76,allocated,688.4285310941566,304,6,423,116,existing,692.2500301491464,304,35,423,235,allocated,894.3790598298128,304,93,423,41,existing,937.9784617260415,304,92,423,567,existing,1219.7647604626623,304,91,423,233,existing,1208.4657535402653,304,89,423,369,existing,1317.0037249435832,304,90,423,452,existing,1266.4996386017633,304,24,423,191,allocated,1370.9196171537724,304,94,423,125,existing,1435.433733428551,304,36,423,246,allocated,2006.2185582263264,304,95,423,315,existing,1445.3305325305018
305,305,41,424,328,allocated,293.36402027637104,305,41,424,502,existing,257.63644782340737,305,36,424,246,allocated,209.50959432010217,305,89,424,369,existing,816.7194723120119,305,91,424,233,existing,873.0211167352005,305,90,424,452,existing,867.2235586538318,305,92,424,567,existing,999.8287494201289,305,93,424,41,existing,1343.5030764506887,305,24,424,191,allocated,1428.7309201854707,305,35,424,235,allocated,1539.1027234835024,305,94,424,125,existing,1773.7461649374518,305,95,424,315,existing,2011.9847101149826
306,306,6,425,76,allocated,600.0785171289754,306,6,425,116,existing,603.9000161839651,306,93,425,41,existing,849.6284477608602,306,91,425,233,existing,1120.1157395750843,306,92,425,567,existing,1131.4147464974808,306,90,425,452,existing,1178.149624636582,306,24,425,191,allocated,1656.998073287082,306,89,425,369,existing,1228.653710978402,306,94,425,125,existing,1721.5121895618604,306,35,425,235,allocated,1180.4575159631224,306,95,425,315,existing,1731.4089886638117,306,36,425,246,allocated,1917.8685442611452
307,307,41,426,328,allocated,384.13530462410677,307,41,426,502,existing,329.0333312098211,307,36,426,246,allocated,626.2164613489346,307,89,426,369,existing,1233.4263393408446,307,90,426,452,existing,1283.9304256826645,307,91,426,233,existing,1339.0060120838227,307,92,426,567,existing,1518.175447160425,307,93,426,41,existing,1834.778210672125,307,24,426,191,allocated,1634.355385199321,307,35,426,235,allocated,2091.149536827849,307,94,426,125,existing,2109.270274097352,307,95,426,315,existing,2386.070149929459
308,308,41,427,328,allocated,640.7264456398077,308,41,427,502,existing,585.6244722255221,308,36,427,246,allocated,882.8076023646356,308,89,427,369,existing,1490.0174803565455,308,90,427,452,existing,1540.5215666983654,308,91,427,233,existing,1595.5971530995237,308,92,427,567,existing,1774.7665881761259,308,24,427,191,allocated,1890.9465262150222,308,93,427,41,existing,2091.3693516878257,308,35,427,235,allocated,2347.7406778435497,308,94,427,125,existing,2365.8614151130528,308,95,427,315,existing,2642.66129094516
309,309,6,428,76,allocated,528.0528609056385,309,6,428,15,allocated,582.5160655388277,309,91,428,233,existing,1107.6788440553457,309,90,428,452,existing,1168.0411599082904,309,92,428,567,existing,1179.5670710276675,309,93,428,41,existing,1182.1832813558817,309,35,428,235,allocated,1513.0123495581438,309,89,428,369,existing,1218.5452462501103,309,36,428,246,allocated,1907.7600795328535,309,24,428,191,allocated,1989.5529068821036,309,95,428,315,existing,2063.963822258833,309,94,428,125,existing,2054.067023156882
310,310,75,430,261,existing,544.204217650883,310,75,430,15,allocated,705.5447313839811,310,91,430,233,existing,1062.1257922286218,310,90,430,452,existing,1122.4881080815665,310,89,430,369,existing,1172.9921944233863,310,92,430,567,existing,1302.595736872821,310,35,430,235,allocated,1636.0410154032973,310,36,430,246,allocated,1862.2070277061296,310,24,430,191,allocated,2112.581572727257,310,93,430,41,existing,1305.2119472010352,310,94,430,125,existing,2177.095689002035,310,95,430,315,existing,2186.9924881039865
311,311,75,431,261,existing,529.3545389750859,311,75,431,15,allocated,705.7974065459355,311,91,431,233,existing,1047.2761135528247,311,90,431,452,existing,1107.6384294057693,311,89,431,369,existing,1158.1425157475892,311,92,431,567,existing,1302.8484120347753,311,93,431,41,existing,1305.4646223629893,311,36,431,246,allocated,1847.3573490303324,311,35,431,235,allocated,1636.2936905652514,311,24,431,191,allocated,2112.834247889211,311,95,431,315,existing,2187.245163265941,311,94,431,125,existing,2177.3483641639896
312,312,6,433,76,allocated,537.6799537358124,312,6,433,15,allocated,592.1431583690016,312,91,433,233,existing,1117.3059368855197,312,90,433,452,existing,1177.6682527384644,312,93,433,41,existing,1191.8103741860557,312,92,433,567,existing,1189.1941638578414,312,36,433,246,allocated,1917.3871723630275,312,24,433,191,allocated,1999.1799997122775,312,35,433,235,allocated,1522.6394423883178,312,89,433,369,existing,1228.1723390802842,312,94,433,125,existing,2063.694115987056,312,95,433,315,existing,2073.590915089007
313,313,41,434,328,allocated,713.3666393171164,313,41,434,492,existing,129.46299207162767,313,36,434,246,allocated,370.8533751398785,313,89,434,369,existing,946.7128644959869,313,91,434,233,existing,1052.292537238965,313,90,434,452,existing,997.2169508378067,313,35,434,235,allocated,1851.1742300418382,313,24,434,191,allocated,1777.7503113935181,313,92,434,567,existing,1267.4363752180027,313,93,434,41,existing,1548.0647358272672,313,94,434,125,existing,2085.8176714957876,313,95,434,315,existing,2324.056216673318
314,314,76,435,369,existing,539.818160480111,314,76,435,492,existing,491.01526534556325,314,89,435,369,existing,539.818160480111,314,90,435,452,existing,590.3222468219309,314,91,435,233,existing,645.3978332230893,314,36,435,246,allocated,713.640892689197,314,92,435,567,existing,868.0712573202467,314,35,435,235,allocated,1485.2797363787718,314,93,435,41,existing,1141.1700318113913,314,24,435,191,allocated,1659.2035580687277,314,95,435,315,existing,2032.36862868039,314,94,435,125,existing,1854.6296167587413
315,315,72,436,369,existing,625.8724883891683,315,72,436,492,existing,577.0695932546205,315,89,436,369,existing,625.8724883891683,315,90,436,452,existing,676.3765747309882,315,91,436,233,existing,731.4521611321466,315,36,436,246,allocated,799.6952205982543,315,35,436,235,allocated,1571.3340642878288,315,24,436,191,allocated,1745.257885977785,315,92,436,567,existing,954.125585229304,315,93,436,41,existing,1227.2243597204488,315,94,436,125,existing,1940.6839446677986,315,95,436,315,existing,2118.422956589447
316,316,75,437,261,existing,243.75504123531903,316,75,437,15,allocated,572.5707818446784,316,91,437,233,existing,761.6766158130578,316,90,437,452,existing,822.0389316660024,316,89,437,369,existing,872.5430180078224,316,92,437,567,existing,1139.9496165310293,316,24,437,191,allocated,2067.3461566160904,316,35,437,235,allocated,1603.537272467218,316,93,437,41,existing,1183.1959747307715,316,36,437,246,allocated,1561.7578512905657,316,94,437,125,existing,2138.082486122788,316,95,437,315,existing,2154.4887451679074
317,317,76,438,369,existing,1029.2125028445048,317,76,438,492,existing,928.5579961140588,317,90,438,452,existing,978.7084165026847,317,89,438,369,existing,1029.2125028445048,317,36,438,246,allocated,1169.9483791823097,317,91,438,233,existing,1039.0707323556294,317,24,438,191,allocated,2149.7250340606383,317,92,438,567,existing,1358.4943330956771,317,35,438,235,allocated,1885.946078466895,317,93,438,41,existing,1534.8429309439316,317,94,438,125,existing,2345.151092750652,317,95,438,315,existing,2433.076794858183
318,318,76,439,369,existing,782.5641405962081,318,76,439,492,existing,681.9096338657623,318,90,439,452,existing,732.0600542543882,318,89,439,369,existing,782.5641405962081,318,36,439,246,allocated,923.300016934013,318,91,439,233,existing,792.422370107333,318,92,439,567,existing,1111.8459708473806,318,35,439,235,allocated,1639.2977162185985,318,93,439,41,existing,1288.194568695635,318,24,439,191,allocated,1903.0766718123416,318,95,439,315,existing,2186.4284326098864,318,94,439,125,existing,2098.5027305023555
319,319,25,440,192,allocated,486.9421354268989,319,25,440,62,existing,221.37109342382735,319,24,440,191,allocated,695.2423169947331,319,92,440,567,existing,709.8265056364017,319,35,440,235,allocated,768.6662356430529,319,36,440,246,allocated,801.5013490545454,319,93,440,41,existing,976.1602502485109,319,89,440,369,existing,975.0616338832559,319,91,440,233,existing,923.9186586212656,319,90,440,452,existing,925.9482903869159,319,94,440,125,existing,1003.3096770970023,319,95,440,315,existing,1241.548222274533
320,320,81,441,125,existing,756.0811819555047,320,81,441,550,existing,561.587384321374,320,94,441,125,existing,756.0811819555047,320,24,441,191,allocated,919.8832169789007,320,88,441,314,existing,1238.0240275523108,320,95,441,315,existing,1000.5598185105969,320,87,441,314,existing,1238.0240275523108,320,35,441,235,allocated,1295.7930346344517,320,93,441,41,existing,1847.2585742849412,320,86,441,188,existing,1304.3950528013988,320,91,441,233,existing,2138.487351593996,320,92,441,567,existing,2050.025251319993
321,321,25,443,192,allocated,299.50790515558265,321,25,443,193,existing,736.2802980135416,321,24,443,191,allocated,507.80808672341686,321,94,443,125,existing,976.4944440621896,321,36,443,246,allocated,1143.669552979181,321,35,443,235,allocated,984.3486440473766,321,95,443,315,existing,1249.8007009859098,321,91,443,233,existing,1586.9641324722897,321,93,443,41,existing,1295.735355163235,321,92,443,567,existing,1401.90112319481,321,89,443,369,existing,1641.9530711733587,321,90,443,452,existing,1591.4489848315388
322,322,41,444,328,allocated,554.5856737533078,322,41,444,62,existing,437.3994779579259,322,36,444,246,allocated,444.4892594503533,322,89,444,369,existing,756.9748592884423,322,91,444,233,existing,811.678412501853,322,90,444,452,existing,807.4789456302622,322,92,444,567,existing,888.1628329614325,322,93,444,41,existing,1231.8371599919924,322,24,444,191,allocated,1354.0128883764862,322,35,444,235,allocated,1427.436807024806,322,95,444,315,existing,1900.3187936562863,322,94,444,125,existing,1662.0802484787555
323,323,80,445,176,existing,179.94060133643865,323,80,445,116,existing,503.7476983400609,323,93,445,41,existing,300.29234329725404,323,35,445,235,allocated,400.62802902581103,323,91,445,233,existing,591.5211206063088,323,92,445,567,existing,602.8201275287056,323,24,445,191,allocated,877.1685863497707,323,89,445,369,existing,700.0590920096265,323,90,445,452,existing,649.5550056678067,323,94,445,125,existing,941.682702624549,323,95,445,315,existing,951.5795017265001,323,36,445,246,allocated,1389.2739252923698
324,324,80,446,176,existing,246.79131506520238,324,80,446,116,existing,570.5984120688247,324,93,446,41,existing,367.1430570260178,324,35,446,235,allocated,467.4787427545748,324,91,446,233,existing,658.3718343350725,324,92,446,567,existing,669.6708412574693,324,89,446,369,existing,766.9098057383903,324,24,446,191,allocated,944.0193000785345,324,90,446,452,existing,716.4057193965705,324,94,446,125,existing,1008.5334163533128,324,95,446,315,existing,1018.4302154552638,324,36,446,246,allocated,1456.1246390211336
325,325,80,447,176,existing,214.23454028677241,325,80,447,116,existing,538.0416372903946,325,93,447,41,existing,334.5862822475878,325,35,447,235,allocated,434.9219679761448,325,92,447,567,existing,637.1140664790394,325,91,447,233,existing,625.8150595566426,325,24,447,191,allocated,911.4625253001045,325,90,447,452,existing,683.8489446181404,325,89,447,369,existing,734.3530309599603,325,94,447,125,existing,975.9766415748828,325,95,447,315,existing,985.8734406768339,325,36,447,246,allocated,1423.5678642427035
326,326,80,448,176,existing,210.5985259633013,326,80,448,116,existing,534.4056229669236,326,93,448,41,existing,330.9502679241167,326,35,448,235,allocated,431.2859536526737,326,92,448,567,existing,633.4780521555682,326,91,448,233,existing,622.1790452331715,326,89,448,369,existing,730.7170166364892,326,94,448,125,existing,972.3406272514118,326,90,448,452,existing,680.2129302946694,326,24,448,191,allocated,907.8265109766334,326,36,448,246,allocated,1419.9318499192325,326,95,448,315,existing,982.2374263533628
327,327,6,449,76,allocated,98.72109998788551,327,6,449,15,allocated,235.41570744692598,327,91,449,233,existing,485.8776947961801,327,90,449,452,existing,546.2400106491248,327,92,449,567,existing,832.4667129357658,327,89,449,369,existing,596.7440969909446,327,35,449,235,allocated,1266.3821980694654,327,93,449,41,existing,854.7823326957016,327,36,449,246,allocated,1285.9589302736879,327,24,449,191,allocated,1730.1910822183381,327,94,449,125,existing,1800.9274117250354,327,95,449,315,existing,1817.3336707701546
328,328,83,450,377,existing,500.4955715276312,328,83,450,547,allocated,558.5612488123028,328,87,450,314,existing,772.4802187402747,328,88,450,314,existing,772.4802187402747,328,94,450,125,existing,1152.541293427037,328,86,450,188,existing,1078.3304339584945,328,93,450,41,existing,2243.718685756474,328,95,450,315,existing,1208.969538582499,328,24,450,191,allocated,1316.343328450433,328,35,450,235,allocated,1692.2531461059843,328,91,450,233,existing,2534.9474630655286,328,92,450,567,existing,2446.485362791526
329,329,76,453,369,existing,571.1251597123105,329,76,453,159,existing,820.5689262447978,329,90,453,452,existing,520.6210733704905,329,89,453,369,existing,571.1251597123105,329,92,453,567,existing,900.406989963483,329,91,453,233,existing,580.9833892234353,329,24,453,191,allocated,1839.620706407548,329,35,453,235,allocated,1427.8587353347007,329,36,453,246,allocated,1134.7389978179108,329,93,453,41,existing,1076.7555878117373,329,94,453,125,existing,1910.3570359142452,329,95,453,315,existing,1974.9894517259886
330,330,41,454,328,allocated,444.3352290616908,330,41,454,492,existing,182.06934637904016,330,36,454,246,allocated,59.321036689210686,330,89,454,369,existing,635.180526045319,330,91,454,233,existing,740.7601987882972,330,90,454,452,existing,685.6846123871388,330,92,454,567,existing,955.9040367673347,330,35,454,235,allocated,1539.6418915911704,330,24,454,191,allocated,1466.2179729428503,330,93,454,41,existing,1236.5323973765994,330,95,454,315,existing,2012.5238782226502,330,94,454,125,existing,1774.2853330451198
331,331,76,455,369,existing,446.85808288651197,331,76,455,492,existing,398.0551877519642,331,89,455,369,existing,446.85808288651197,331,90,455,452,existing,497.3621692283318,331,36,455,246,allocated,620.680815095598,331,91,455,233,existing,552.4377556294902,331,35,455,235,allocated,1392.3196587851726,331,24,455,191,allocated,1566.2434804751285,331,93,455,41,existing,1048.2099542177923,331,92,455,567,existing,775.1111797266476,331,95,455,315,existing,1939.4085510867908,331,94,455,125,existing,1761.6695391651422
332,332,85,456,187,existing,106.6183269594093,332,85,456,146,existing,127.15985783614009,332,86,456,188,existing,237.07108605695487,332,88,456,314,existing,328.1997492519792,332,87,456,314,existing,328.1997492519792,332,95,456,315,existing,414.5681923503523,332,24,456,191,allocated,1109.99746897956,332,35,456,235,allocated,965.5196650510413,332,94,456,125,existing,687.0440890050539,332,93,456,41,existing,1523.4946646446988,332,92,456,567,existing,1822.2016925667492,332,91,456,233,existing,1814.7234419537535
333,333,71,457,367,existing,259.82843726794886,333,71,457,159,existing,296.75559967739594,333,90,457,452,existing,340.7275010633445,333,91,457,233,existing,344.7373889525652,333,92,457,567,existing,376.5936633960812,333,89,457,369,existing,381.96557885220426,333,93,457,41,existing,720.2679904266411,333,24,457,191,allocated,1167.725964144562,333,36,457,246,allocated,609.8360664776815,333,35,457,235,allocated,993.8021424546062,333,95,457,315,existing,1540.8910347562244,333,94,457,125,existing,1363.1520228345757
334,334,71,459,367,existing,314.29111340701394,334,71,459,159,existing,351.218275816461,334,90,459,452,existing,395.1901772024096,334,91,459,233,existing,399.20006509163034,334,92,459,567,existing,431.05633953514626,334,89,459,369,existing,436.42825499126934,334,35,459,235,allocated,1048.2648185936712,334,36,459,246,allocated,664.2987426167466,334,93,459,41,existing,774.7306665657061,334,24,459,191,allocated,1222.1886402836271,334,95,459,315,existing,1595.3537108952894,334,94,459,125,existing,1417.6146989736408
335,335,71,460,367,existing,274.1975635502756,335,71,460,159,existing,353.84968110706984,335,90,460,452,existing,355.09662734567127,335,91,460,233,existing,359.10651523489196,335,92,460,567,existing,433.6877448257551,335,89,460,369,existing,380.2131154447606,335,24,460,191,allocated,1224.8200455742362,335,36,460,246,allocated,552.7419850480076,335,35,460,235,allocated,1050.89622388428,335,93,460,41,existing,777.362071856315,335,95,460,315,existing,1597.9851161858983,335,94,460,125,existing,1420.2461042642499
336,336,71,461,367,existing,303.3680286955393,336,71,461,159,existing,398.7072394855941,336,89,461,369,existing,335.3555570662364,336,90,461,452,existing,384.26709249093494,336,91,461,233,existing,388.2769803801557,336,92,461,567,existing,478.5453032042793,336,35,461,235,allocated,1095.7537822628042,336,36,461,246,allocated,507.88442666948333,336,93,461,41,existing,822.2196302348392,336,24,461,191,allocated,1269.6776039527604,336,94,461,125,existing,1465.103662642774,336,95,461,315,existing,1642.8426745644224
337,337,71,465,367,existing,164.41986244112815,337,71,465,159,existing,392.16417450421665,337,90,465,452,existing,245.31892623652377,337,91,465,233,existing,249.3288141257445,337,89,465,369,existing,286.55700402538355,337,92,465,567,existing,472.0022382229019,337,93,465,41,existing,745.1010127140466,337,35,465,235,allocated,1089.2107172814267,337,36,465,246,allocated,550.7524213517634,337,24,465,191,allocated,1263.1345389713829,337,95,465,315,existing,1636.299609583045,337,94,465,125,existing,1458.5605976613965
338,338,71,467,367,existing,287.4494990151587,338,71,467,159,existing,414.62576916597465,338,89,467,369,existing,319.4370273858558,338,90,467,452,existing,368.34856281055437,338,92,467,567,existing,494.4638328846599,338,91,467,233,existing,372.35845069977506,338,35,467,235,allocated,1111.672311943185,338,36,467,246,allocated,523.802956349864,338,24,467,191,allocated,1285.5961336331409,338,93,467,41,existing,838.1381599152198,338,94,467,125,existing,1481.0221923231545,338,95,467,315,existing,1658.7612042448031
339,339,71,469,367,existing,447.84784801073715,339,71,469,62,existing,341.37211951042934,339,36,469,246,allocated,268.8021128371431,339,89,469,369,existing,478.0532464819428,339,90,469,452,existing,528.5573328237626,339,91,469,233,existing,532.7567996953535,339,92,469,567,existing,747.671593753474,339,24,469,191,allocated,1257.9855299289898,339,93,469,41,existing,1028.5289982836557,339,35,469,235,allocated,1331.4094485773096,339,94,469,125,existing,1566.052890031259,339,95,469,315,existing,1804.2914352087896
340,340,72,470,369,existing,232.9335568104561,340,72,470,159,existing,481.34858993190653,340,89,470,369,existing,232.9335568104561,340,90,470,452,existing,283.437643152276,340,36,470,246,allocated,461.56800592407353,340,91,470,233,existing,338.51322955343437,340,24,470,191,allocated,1352.3189543990727,340,92,470,567,existing,561.1866536505918,340,93,470,41,existing,834.2854281417365,340,35,470,235,allocated,1178.3951327091168,340,95,470,315,existing,1725.484025010735,340,94,470,125,existing,1547.7450130890863
341,341,81,471,125,existing,50.41077960457806,341,81,471,471,existing,0.0,341,94,471,125,existing,50.41077960457806,341,95,471,315,existing,327.2106554366856,341,24,471,191,allocated,424.50410929345253,341,35,471,235,allocated,591.4654532033162,341,86,471,188,existing,972.1210295086892,341,93,471,41,existing,1142.9309928538055,341,87,471,314,existing,905.7500042596013,341,88,471,314,existing,905.7500042596013,341,91,471,233,existing,1434.1597701628602,341,92,471,567,existing,1378.0620198378124
342,342,82,472,315,existing,813.1405945670513,342,82,472,480,existing,468.67903509116314,342,95,472,315,existing,813.1405945670513,342,94,472,125,existing,839.3988770606499,342,35,472,235,allocated,1111.1455487713338,342,86,472,188,existing,1041.1642547478552,342,93,472,41,existing,1669.1205483649915,342,24,472,191,allocated,1311.9088408007829,342,88,472,314,existing,1132.2929179428797,342,87,472,314,existing,1132.2929179428797,342,92,472,567,existing,1967.8275762870417,342,91,472,233,existing,1960.349325674046
343,343,82,473,315,existing,775.5658982704649,343,82,473,480,existing,562.8741267173978,343,95,473,315,existing,775.5658982704649,343,94,473,125,existing,801.8241807640636,343,86,473,188,existing,1135.35934637409,343,35,473,235,allocated,1073.5708524747477,343,93,473,41,existing,1631.545852068405,343,24,473,191,allocated,1274.3341445041967,343,88,473,314,existing,1226.4880095691144,343,87,473,314,existing,1226.4880095691144,343,91,473,233,existing,1922.7746293774599,343,92,473,567,existing,1930.2528799904555
344,344,73,474,188,existing,556.6694204547075,344,73,474,480,existing,359.37563616845347,344,86,474,188,existing,556.6694204547075,344,87,474,314,existing,678.6985050985513,344,88,474,314,existing,678.6985050985513,344,95,474,315,existing,1061.9996496839124,344,24,474,191,allocated,1560.767895917644,344,93,474,41,existing,1917.9796034818523,344,35,474,235,allocated,1360.0046038881949,344,94,474,125,existing,1088.257932177511,344,91,474,233,existing,2209.208380790907,344,92,474,567,existing,2216.6866314039025
345,345,73,475,188,existing,606.0204347664359,345,73,475,480,existing,338.86220177431665,345,86,475,188,existing,606.0204347664359,345,87,475,314,existing,728.0495194102797,345,88,475,314,existing,728.0495194102797,345,95,475,315,existing,1088.8445277244064,345,24,475,191,allocated,1599.9023480354526,345,35,475,235,allocated,1399.1390560060036,345,93,475,41,existing,1957.1140555996612,345,94,475,125,existing,1127.3923842953195,345,91,475,233,existing,2248.3428329087155,345,92,475,567,existing,2255.8210835217114
346,346,73,476,188,existing,467.8915290882915,346,73,476,480,existing,448.1535275348694,346,86,476,188,existing,467.8915290882915,346,88,476,314,existing,589.9206137321354,346,95,476,315,existing,1119.5308074955988,346,87,476,314,existing,589.9206137321354,346,93,476,41,existing,2006.7574948482684,346,35,476,235,allocated,1448.7824952546107,346,24,476,191,allocated,1649.5457872840598,346,94,476,125,existing,1177.0358235439269,346,91,476,233,existing,2297.9862721573227,346,92,476,567,existing,2305.4645227703186
347,347,73,477,188,existing,397.66010584792804,347,73,477,480,existing,663.8194014288995,347,86,477,188,existing,397.66010584792804,347,88,477,314,existing,519.6891904917719,347,87,477,314,existing,519.6891904917719,347,95,477,315,existing,1049.2993842552353,347,35,477,235,allocated,1600.2508569559243,347,93,477,41,existing,2158.2258565495817,347,24,477,191,allocated,1744.728660884443,347,94,477,125,existing,1321.775280909937,347,91,477,233,existing,2449.4546338586365,347,92,477,567,existing,2456.932884471632
348,348,85,478,187,existing,504.3410059514527,348,85,478,480,existing,62.308545392306144,348,86,478,188,existing,634.7937650489982,348,87,478,314,existing,725.9224282440226,348,88,478,314,existing,725.9224282440226,348,95,478,315,existing,764.932558907765,348,93,478,41,existing,1620.912512705705,348,94,478,125,existing,791.1908414013636,348,24,478,191,allocated,1263.7008051414966,348,35,478,235,allocated,1062.9375131120476,348,91,478,233,existing,1912.1412900147598,348,92,478,567,existing,1919.6195406277554
349,349,85,479,187,existing,753.7677550073992,349,85,479,480,existing,311.73529444825255,349,86,479,188,existing,884.2205141049446,349,88,479,314,existing,975.349177299969,349,87,479,314,existing,975.349177299969,349,95,479,315,existing,1014.3593079637114,349,35,479,235,allocated,1312.364262167994,349,93,479,41,existing,1870.3392617616514,349,24,479,191,allocated,1513.127554197443,349,94,479,125,existing,1040.6175904573101,349,92,479,567,existing,2169.0462896837016,349,91,479,233,existing,2161.568039070706
350,350,85,480,187,existing,442.03246055914656,350,85,480,480,existing,0.0,350,86,480,188,existing,572.4852196566922,350,87,480,314,existing,663.6138828517164,350,88,480,314,existing,663.6138828517164,350,95,480,315,existing,749.9823259500895,350,94,480,125,existing,788.5301825210029,350,35,480,235,allocated,1060.276854231687,350,24,480,191,allocated,1261.040146261136,350,93,480,41,existing,1618.2518538253444,350,92,480,567,existing,1916.9588817473948,350,91,480,233,existing,1909.4806311343991
351,351,73,481,188,existing,221.86380843239027,351,73,481,146,existing,344.43259267915147,351,86,481,188,existing,221.86380843239027,351,88,481,314,existing,343.89289307623415,351,87,481,314,existing,343.89289307623415,351,95,481,315,existing,665.9237599603368,351,94,481,125,existing,938.3996566150385,351,24,481,191,allocated,1361.3530365895444,351,93,481,41,existing,1774.8502322546833,351,35,481,235,allocated,1216.8752326610258,351,91,481,233,existing,2066.079009563738,351,92,481,567,existing,2073.5572601767335
352,352,85,482,187,existing,216.98953350428593,352,85,482,146,existing,16.788651291263463,352,86,482,188,existing,347.4422926018315,352,88,482,314,existing,438.57095579685586,352,95,482,315,existing,524.9393988952289,352,87,482,314,existing,438.57095579685586,352,93,482,41,existing,1633.8658711895755,352,94,482,125,existing,797.4152955499305,352,24,482,191,allocated,1220.3686755244364,352,35,482,235,allocated,1075.890871595918,352,92,482,567,existing,1932.572899111626,352,91,482,233,existing,1925.0946484986302
353,353,80,484,176,existing,673.7180851840365,353,80,484,220,allocated,332.9354871282629,353,35,484,235,allocated,365.1395157293137,353,93,484,41,existing,794.0698271448518,353,94,484,125,existing,906.1941893280518,353,24,484,191,allocated,841.6800730532733,353,91,484,233,existing,1085.2986044539066,353,90,484,452,existing,1143.3324895154044,353,95,484,315,existing,916.0909884300029,353,92,484,567,existing,1096.5976113763033,353,89,484,369,existing,1193.8365758572243,353,88,484,314,existing,1501.3592415882222
354,354,82,485,315,existing,231.94102409329642,354,82,485,471,existing,306.20516103357556,354,95,485,315,existing,231.94102409329642,354,94,485,125,existing,258.1993065868951,354,24,485,191,allocated,730.7092703270281,354,35,485,235,allocated,529.9459782975791,354,93,485,41,existing,1087.9209778912368,354,88,485,314,existing,817.2092772515156,354,86,485,188,existing,883.5803025006035,354,87,485,314,existing,817.2092772515156,354,92,485,567,existing,1386.628005813287,354,91,485,233,existing,1379.1497552002913
355,355,85,486,187,existing,250.04546419352303,355,85,486,146,existing,236.50416230328065,355,86,486,188,existing,329.7922388082611,355,87,486,314,existing,451.821323452105,355,88,486,314,existing,451.821323452105,355,95,486,315,existing,557.995329584466,355,94,486,125,existing,830.4712262391677,355,24,486,191,allocated,1253.4246062136735,355,35,486,235,allocated,1108.9468022851552,355,93,486,41,existing,1666.9218018788129,355,92,486,567,existing,1965.628829800863,355,91,486,233,existing,1958.1505791878674
356,356,85,487,187,existing,182.5610112365427,356,85,487,146,existing,169.01970934630032,356,86,487,188,existing,313.01377033408824,356,88,487,314,existing,404.1424335291126,356,87,487,314,existing,404.1424335291126,356,95,487,315,existing,490.5108766274857,356,24,487,191,allocated,1185.940153256693,356,93,487,41,existing,1599.4373489218324,356,94,487,125,existing,762.9867732821873,356,35,487,235,allocated,1041.4623493281747,356,92,487,567,existing,1898.1443768438826,356,91,487,233,existing,1890.666126230887
357,357,41,488,328,allocated,435.0101208000175,357,41,488,502,existing,434.14521584342776,357,36,488,246,allocated,729.4854226850838,357,24,488,191,allocated,1163.6692027170361,357,89,488,369,existing,1336.6953006769936,357,90,488,452,existing,1387.1993870188135,357,91,488,233,existing,1392.996945100182,357,35,488,235,allocated,1640.2097600409957,357,92,488,567,existing,1423.9666971852475,357,94,488,125,existing,1632.3555600558086,357,95,488,315,existing,1905.6618169795288,357,93,488,41,existing,1739.6752292375074
358,358,41,491,328,allocated,622.2726971308002,358,41,491,62,existing,376.0300771653716,358,36,491,246,allocated,512.1762828278457,358,89,491,369,existing,770.3044419087337,358,90,491,452,existing,819.2159773334322,358,91,491,233,existing,823.2258652226529,358,24,491,191,allocated,1292.643487583932,358,35,491,235,allocated,1366.0674062322519,358,92,491,567,existing,826.7934321688783,358,93,491,41,existing,1170.4677591994382,358,95,491,315,existing,1838.9493928637316,358,94,491,125,existing,1600.7108476862013
359,359,41,492,328,allocated,626.404575440731,359,41,492,492,existing,0.0,359,36,492,246,allocated,241.39038306825086,359,89,492,369,existing,817.2498724243592,359,90,492,452,existing,867.753958766179,359,91,492,233,existing,922.8295451673374,359,93,492,41,existing,1418.6017437556395,359,24,492,191,allocated,1648.2873193218904,359,35,492,235,allocated,1721.7112379702105,359,92,492,567,existing,1137.973383146375,359,94,492,125,existing,1956.35467942416,359,95,492,315,existing,2194.5932246016905
360,360,72,493,369,existing,682.6203185243764,360,72,493,492,existing,781.8534559375939,360,90,493,452,existing,632.1162321825565,360,89,493,369,existing,682.6203185243764,360,91,493,233,existing,692.4785480355013,360,92,493,567,existing,1011.902148775549,360,35,493,235,allocated,1539.3538941467666,360,36,493,246,allocated,1023.2438390058447,360,93,493,41,existing,1188.2507466238035,360,24,493,191,allocated,1951.1158652196136,360,95,493,315,existing,2086.4846105380548,360,94,493,125,existing,2021.8521947263112
361,361,41,494,328,allocated,428.93864559193764,361,41,494,502,existing,373.83667217765196,361,36,494,246,allocated,671.0198023167654,361,89,494,369,existing,1278.2296803086754,361,91,494,233,existing,1383.8093530516535,361,90,494,452,existing,1328.7337666504952,361,92,494,567,existing,1562.9787881282557,361,24,494,191,allocated,1679.158726167152,361,93,494,41,existing,1879.5815516399557,361,35,494,235,allocated,2135.95287779568,361,94,494,125,existing,2154.073615065183,361,95,494,315,existing,2430.87349089729
362,362,76,495,369,existing,694.9106793515551,362,76,495,492,existing,593.1290389935924,362,89,495,369,existing,694.9106793515551,362,90,495,452,existing,745.414765693375,362,91,495,233,existing,800.4903520945335,362,36,495,246,allocated,834.5194220618432,362,93,495,41,existing,1296.2625506828356,362,92,495,567,existing,1023.1637761916909,362,24,495,191,allocated,1814.2960769401718,362,35,495,235,allocated,1640.3722552502159,362,94,495,125,existing,2009.7221356301854,362,95,495,315,existing,2187.461147551834
363,363,72,496,369,existing,593.3568586723651,363,72,496,159,existing,842.8006252048524,363,90,496,452,existing,542.8527723305451,363,89,496,369,existing,593.3568586723651,363,92,496,567,existing,922.6386889235376,363,91,496,233,existing,603.2150881834899,363,36,496,246,allocated,1112.507298857856,363,93,496,41,existing,1098.987286771792,363,35,496,235,allocated,1450.0904342947551,363,24,496,191,allocated,1861.8524053676024,363,94,496,125,existing,1932.5887348743,363,95,496,315,existing,1997.2211506860435
364,364,6,497,76,allocated,254.8360327159675,364,6,497,15,allocated,387.6339047899743,364,91,497,233,existing,576.7397387583536,364,90,497,452,existing,637.1020546112983,364,92,497,567,existing,955.0127394763251,364,89,497,369,existing,687.6061409531183,364,36,497,246,allocated,1376.8209742358613,364,93,497,41,existing,998.2590976760672,364,35,497,235,allocated,1418.6003954125138,364,24,497,191,allocated,1882.4092795613865,364,94,497,125,existing,1953.1456090680838,364,95,497,315,existing,1969.551868113203
365,365,76,498,369,existing,833.7054435640943,365,76,498,492,existing,454.3342747810533,365,36,498,246,allocated,695.7246578493041,365,89,498,369,existing,833.7054435640943,365,91,498,233,existing,939.2851163070726,365,90,498,452,existing,884.2095299059141,365,92,498,567,existing,1161.95854040423,365,93,498,41,existing,1435.0573148953747,365,24,498,191,allocated,1953.090841152711,365,35,498,235,allocated,1779.167019462755,365,94,498,125,existing,2148.5168998427243,365,95,498,315,existing,2326.255911764373
366,366,83,499,377,existing,36.58475560050277,366,83,499,547,allocated,63.01437930034153,366,87,499,314,existing,551.8241866057409,366,88,499,314,existing,551.8241866057409,366,95,499,315,existing,713.4226690705377,366,86,499,188,existing,704.7565339894065,366,94,499,125,existing,748.1659652773262,366,35,499,235,allocated,1264.1427304989268,366,24,499,191,allocated,911.9680003007225,366,93,499,41,existing,1815.608270149416,366,91,499,233,existing,2106.837047458471,366,92,499,567,existing,2042.110034641815
367,367,85,500,187,existing,27.868482737353126,367,85,500,146,existing,205.90970205819627,367,87,500,314,existing,249.44990502992303,367,88,500,314,existing,249.44990502992303,367,95,500,315,existing,335.8183481282961,367,86,500,188,existing,315.820930279011,367,24,500,191,allocated,1031.2476247575037,367,93,500,41,existing,1444.744820422643,367,35,500,235,allocated,886.7698208289853,367,94,500,125,existing,608.2942447829978,367,92,500,567,existing,1743.4518483446932,367,91,500,233,existing,1735.9735977316975
368,368,85,504,187,existing,16.19147554771046,368,85,504,146,existing,248.36458535288216,368,88,504,314,existing,291.90478832460894,368,87,504,314,existing,291.90478832460894,368,95,504,315,existing,350.21486263358076,368,86,504,188,existing,358.2758135736969,368,94,504,125,existing,565.8393614883119,368,93,504,41,existing,1452.4004637124592,368,24,504,191,allocated,988.7927414628177,368,35,504,235,allocated,900.9349240619699,368,91,504,233,existing,1743.629241021514,368,92,504,567,existing,1702.8813348678852
369,369,80,515,176,existing,479.21815959154804,369,80,515,116,existing,334.5749004781526,369,93,515,41,existing,521.272118792948,369,35,515,235,allocated,755.0212036800706,369,91,515,233,existing,850.7906238692715,369,92,515,567,existing,862.0896307916684,369,24,515,191,allocated,1231.5617610040301,369,94,515,125,existing,1296.0758772788085,369,90,515,452,existing,908.8245089307695,369,89,515,369,existing,959.3285952725894,369,36,515,246,allocated,1648.5434285553326,369,95,515,315,existing,1305.9726763807598
370,370,41,516,328,allocated,247.55530333771733,370,41,516,502,existing,209.67149535843544,370,36,516,246,allocated,137.45888903476282,370,89,516,369,existing,744.6687670266726,370,90,516,452,existing,795.1728533684925,370,91,516,233,existing,800.9704114498612,370,35,516,235,allocated,1559.696673928151,370,24,516,191,allocated,1466.306431404268,370,93,516,41,existing,1296.7426100381633,370,92,516,567,existing,979.4706205921683,370,95,516,315,existing,2032.5786605596313,370,94,516,125,existing,1794.3401153821005
371,371,81,531,125,existing,294.2367636375873,371,81,531,471,existing,344.6475432421654,371,35,531,235,allocated,247.18032013305017,371,94,531,125,existing,294.2367636375873,371,95,531,315,existing,303.771152567639,371,24,531,191,allocated,586.3174962517512,371,93,531,41,existing,805.1553197267077,371,88,531,314,existing,889.0394057258582,371,86,531,188,existing,955.4104309749462,371,87,531,314,existing,889.0394057258582,371,92,531,567,existing,1103.862347648758,371,91,531,233,existing,1096.3840970357624
372,372,83,532,377,existing,169.68098080348557,372,83,532,547,allocated,227.74665808815718,372,94,532,125,existing,684.7181950895614,372,88,532,314,existing,684.9204118087237,372,95,532,315,existing,797.9379390419859,372,87,532,314,existing,684.9204118087237,372,35,532,235,allocated,1224.4300477685088,372,24,532,191,allocated,848.5202301129574,372,93,532,41,existing,1775.895587418998,372,86,532,188,existing,798.4167120720623,372,91,532,233,existing,2067.1243647280526,372,92,532,567,existing,1978.6622644540503
373,373,83,533,377,existing,195.69383955341482,373,83,533,550,existing,218.46028737692498,373,94,533,125,existing,658.7053363396321,373,88,533,314,existing,706.032828073045,373,87,533,314,existing,706.032828073045,373,95,533,315,existing,771.9250802920567,373,24,533,191,allocated,822.5073713630281,373,93,533,41,existing,1749.8827286690687,373,35,533,235,allocated,1198.4171890185794,373,86,533,188,existing,772.403853322133,373,92,533,567,existing,1952.649405704121,373,91,533,233,existing,2041.1115059781234
374,374,25,534,192,allocated,183.05907126224517,374,25,534,193,existing,619.8314641202041,374,24,534,191,allocated,391.3592528300794,374,94,534,125,existing,854.9831158477875,374,35,534,235,allocated,867.8998101540392,374,95,534,315,existing,1128.2893727715077,374,91,534,233,existing,1504.3913710230752,374,93,534,41,existing,1213.1625937140204,374,36,534,246,allocated,1471.5025557436893,374,92,534,567,existing,1319.3283617455954,374,90,534,452,existing,1508.876223382324,374,89,534,369,existing,1559.3803097241441
375,375,80,536,176,existing,415.1912340062672,375,80,536,193,existing,505.88297834401624,375,35,536,235,allocated,469.6324017160658,375,93,536,41,existing,509.30895798353424,375,24,536,191,allocated,734.3551896341409,375,92,536,567,existing,706.2736922432282,375,89,536,369,existing,855.526673993658,375,91,536,233,existing,800.5377352925891,375,90,536,452,existing,805.022587651838,375,94,536,125,existing,929.7812483241543,375,95,536,315,existing,1016.7212940176839,375,36,536,246,allocated,1351.6105413222508
376,376,80,537,176,existing,345.2229523697637,376,80,537,193,existing,435.9146967075127,376,35,537,235,allocated,399.6641200795622,376,93,537,41,existing,439.3406763470307,376,24,537,191,allocated,664.3869079976373,376,92,537,567,existing,636.3054106067246,376,89,537,369,existing,785.5583923571544,376,91,537,233,existing,730.5694536560854,376,90,537,452,existing,735.0543060153345,376,94,537,125,existing,859.8129666876507,376,36,537,246,allocated,1281.6422596857474,376,95,537,315,existing,946.7530123811805
377,377,41,538,328,allocated,619.7681909807411,377,41,538,62,existing,290.3356301647164,377,36,538,246,allocated,597.870729828501,377,92,538,567,existing,741.0989851682231,377,89,538,369,existing,855.9988889093888,377,90,538,452,existing,904.9104243340873,377,35,538,235,allocated,1280.3729592315967,377,24,538,191,allocated,1206.9490405832769,377,93,538,41,existing,1084.773312198783,377,91,538,233,existing,908.9203122233081,377,95,538,315,existing,1753.2549458630765,377,94,538,125,existing,1515.0164006855462
378,378,6,539,76,allocated,488.85652080077625,378,6,539,15,allocated,543.3197254339655,378,91,539,233,existing,1068.4825039504835,378,90,539,452,existing,1128.8448198034282,378,93,539,41,existing,1142.9869412510195,378,92,539,567,existing,1140.3707309228053,378,24,539,191,allocated,1950.3565667772414,378,36,539,246,allocated,1868.5637394279913,378,35,539,235,allocated,1473.8160094532816,378,89,539,369,existing,1179.348906145248,378,95,539,315,existing,2024.7674821539708,378,94,539,125,existing,2014.8706830520198
379,379,71,540,367,existing,381.8080002907161,379,71,540,159,existing,418.7351627001632,379,90,540,452,existing,462.7070640861117,379,91,540,233,existing,466.71695197533245,379,89,540,369,existing,503.9451418749715,379,92,540,567,existing,498.57322641884844,379,36,540,246,allocated,731.8156295004487,379,35,540,235,allocated,1115.7817054773734,379,93,540,41,existing,842.2475534494083,379,24,540,191,allocated,1289.7055271673294,379,94,540,125,existing,1485.131585857343,379,95,540,315,existing,1662.8705977789916
380,380,73,541,188,existing,408.72038036247756,380,73,541,480,existing,674.879675943449,380,86,541,188,existing,408.72038036247756,380,88,541,314,existing,530.7494650063214,380,87,541,314,existing,530.7494650063214,380,95,541,315,existing,1060.3596587697848,380,93,541,41,existing,2169.2861310641315,380,94,541,125,existing,1332.8355554244863,380,24,541,191,allocated,1755.7889353989922,380,35,541,235,allocated,1611.3111314704738,380,91,541,233,existing,2460.514908373186,380,92,541,567,existing,2467.9931589861817
381,381,80,542,176,existing,217.6354135443694,381,80,542,193,existing,455.3245169472207,381,35,542,235,allocated,272.076581254168,381,93,542,41,existing,337.9871555051848,381,92,542,567,existing,588.4680266606108,381,91,542,233,existing,629.2159328142395,381,89,542,369,existing,685.706991141532,381,94,542,125,existing,754.5330577440427,381,24,542,191,allocated,683.7967282373453,381,90,542,452,existing,635.202904799712,381,36,542,246,allocated,1331.5616276781197,381,95,542,315,existing,819.1654735557862
382,382,73,543,188,existing,502.5141443042063,382,73,543,480,existing,768.6734398851777,382,86,543,188,existing,502.5141443042063,382,87,543,314,existing,624.5432289480501,382,95,543,315,existing,1154.1534227115135,382,88,543,314,existing,624.5432289480501,382,93,543,41,existing,2263.07989500586,382,94,543,125,existing,1426.629319366215,382,24,543,191,allocated,1849.5826993407209,382,35,543,235,allocated,1705.1048954122025,382,91,543,233,existing,2554.3086723149145,382,92,543,567,existing,2561.7869229279104
383,383,73,545,188,existing,519.1057201553652,383,73,545,1,existing,254.25224594437935,383,86,545,188,existing,519.1057201553652,383,88,545,314,existing,641.1348047992091,383,95,545,315,existing,1170.7449985626724,383,87,545,314,existing,641.1348047992091,383,94,545,125,existing,1443.2208952173742,383,24,545,191,allocated,1866.17427519188,383,93,545,41,existing,2279.671470857019,383,35,545,235,allocated,1721.6964712633614,383,91,545,233,existing,2570.9002481660737,383,92,545,567,existing,2578.3784987790696
384,384,83,547,377,existing,99.59913490084429,384,83,547,547,allocated,0.0,384,87,547,314,existing,584.5160375511846,384,88,547,314,existing,584.5160375511846,384,95,547,315,existing,650.4082897701962,384,86,547,188,existing,650.8870628002726,384,24,547,191,allocated,848.953621000381,384,93,547,41,existing,1752.5938908490746,384,94,547,125,existing,685.1515859769847,384,35,547,235,allocated,1201.1283511985853,384,91,547,233,existing,2043.8226681581293,384,92,547,567,existing,1979.0956553414735
385,385,85,548,187,existing,799.9606042233099,385,85,548,480,existing,357.92814366416326,385,86,548,188,existing,930.4133633208555,385,88,548,314,existing,1021.5420265158798,385,87,548,314,existing,1021.5420265158798,385,95,548,315,existing,1060.552157179622,385,93,548,41,existing,1916.5321109775623,385,24,548,191,allocated,1559.3204034133537,385,35,548,235,allocated,1358.5571113839046,385,94,548,125,existing,1086.8104396732208,385,91,548,233,existing,2207.760888286617,385,92,548,567,existing,2215.2391388996125
386,386,6,549,76,allocated,548.2531111024023,386,6,549,116,existing,426.8191378113927,386,93,549,41,existing,613.516356126188,386,35,549,235,allocated,853.6843033159688,386,92,549,567,existing,954.3338681249083,386,91,549,233,existing,943.0348612025116,386,94,549,125,existing,1394.7389769147067,386,90,549,452,existing,1001.0687462640095,386,89,549,369,existing,1051.5728326058295,386,24,549,191,allocated,1330.2248606399282,386,95,549,315,existing,1404.635776016658,386,36,549,246,allocated,1740.7876658885725
387,387,41,551,328,allocated,538.8360972727852,387,41,551,62,existing,366.72474279298916,387,92,551,567,existing,855.1801550055636,387,36,551,246,allocated,892.3813371366016,387,91,551,233,existing,1069.2723079904274,387,90,551,452,existing,1071.3019397560777,387,24,551,191,allocated,1283.3381532115495,387,35,551,235,allocated,1356.7620718598694,387,93,551,41,existing,1163.3836525235604,387,89,551,369,existing,1120.4152832524178,387,94,551,125,existing,1591.4055133138188,387,95,551,315,existing,1829.6440584913494
388,388,83,552,377,existing,158.6153508275319,388,83,552,547,allocated,216.68102811220348,388,88,552,314,existing,673.8547818327701,388,87,552,314,existing,673.8547818327701,388,94,552,125,existing,810.6610727269378,388,86,552,188,existing,858.4231828012685,388,35,552,235,allocated,1350.372925405885,388,24,552,191,allocated,974.4631077503338,388,95,552,315,existing,867.0893178823997,388,93,552,41,existing,1901.8384650563744,388,92,552,567,existing,2104.6051420914264,388,91,552,233,existing,2193.067242365429
389,389,83,553,377,existing,186.42607966522363,389,83,553,547,allocated,244.4917569498952,389,88,553,314,existing,701.6655106704618,389,87,553,314,existing,701.6655106704618,389,94,553,125,existing,838.4718015646296,389,86,553,188,existing,886.2339116389602,389,35,553,235,allocated,1378.1836542435767,389,24,553,191,allocated,1002.2738365880256,389,93,553,41,existing,1929.6491938940662,389,95,553,315,existing,894.9000467200914,389,92,553,567,existing,2132.4158709291182,389,91,553,233,existing,2220.877971203121
390,390,80,554,176,existing,817.303740597633,390,80,554,220,allocated,189.34983171466635,390,35,554,235,allocated,508.7251711429102,390,93,554,41,existing,937.6554825584484,390,94,554,125,existing,1049.7798447416483,390,24,554,191,allocated,985.2657284668699,390,90,554,452,existing,1286.918144929001,390,91,554,233,existing,1228.8842598675033,390,95,554,315,existing,1059.6766438435993,390,92,554,567,existing,1240.1832667898998,390,89,554,369,existing,1337.422231270821,390,88,554,314,existing,1644.9448970018186
391,391,80,555,176,existing,808.2093469095331,391,80,555,220,allocated,170.4136502362927,391,35,555,235,allocated,499.63077745481036,391,93,555,41,existing,928.5610888703485,391,24,555,191,allocated,976.17133477877,391,94,555,125,existing,1040.6854510535486,391,90,555,452,existing,1277.8237512409012,391,91,555,233,existing,1219.7898661794034,391,95,555,315,existing,1050.5822501554994,391,92,555,567,existing,1231.0888731018,391,89,555,369,existing,1328.327837582721,391,88,555,314,existing,1635.8505033137187
392,392,25,558,192,allocated,649.4876356569782,392,25,558,62,existing,422.9047502080201,392,35,558,235,allocated,757.3294334560071,392,24,558,191,allocated,796.5468162199431,392,93,558,41,existing,964.8234480614653,392,92,558,567,existing,911.3601624205945,392,36,558,246,allocated,1003.0350058387381,392,90,558,452,existing,1127.4819471711087,392,91,558,233,existing,1125.4523154054584,392,94,558,125,existing,991.9728749099565,392,95,558,315,existing,1230.211420087487,392,89,558,369,existing,1176.5952906674488
393,393,80,559,176,existing,104.89379692183795,393,80,559,159,existing,360.5545948422342,393,93,559,41,existing,191.4139070317169,393,92,559,567,existing,440.3926585609195,393,90,559,452,existing,487.12753670002064,393,91,559,233,existing,482.64268434077167,393,89,559,369,existing,537.6316230418406,393,94,559,125,existing,982.2176310510944,393,24,559,191,allocated,834.645506479929,393,35,559,235,allocated,499.76115456121966,393,95,559,315,existing,1046.8500468628379,393,36,559,246,allocated,1226.8464563245839
394,394,25,560,192,allocated,355.15320772739204,394,25,560,62,existing,702.2826300698223,394,24,560,191,allocated,563.4533892952263,394,35,560,235,allocated,1020.247540923754,394,92,560,567,existing,1190.7380422823967,394,94,560,125,existing,1038.3682781932569,394,91,560,233,existing,1404.8301952672605,394,95,560,315,existing,1315.1681540253644,394,36,560,246,allocated,1274.4304568384161,394,93,560,41,existing,1227.7415555292123,394,90,560,452,existing,1406.8598270329107,394,89,560,369,existing,1455.9731705292506
395,395,41,563,328,allocated,334.565998712689,395,41,563,502,existing,298.83842625972534,395,36,563,246,allocated,449.5900816473153,395,89,563,369,existing,1056.799959639225,395,91,563,233,existing,1113.1016040624136,395,90,563,452,existing,1107.304045981045,395,92,563,567,existing,1226.5535689466278,395,35,563,235,allocated,1735.087385443221,395,24,563,191,allocated,1278.2932338146932,395,93,563,41,existing,1570.2278959771877,395,95,563,315,existing,2030.0079985448313,395,94,563,125,existing,1753.2081227127237
396,396,41,564,328,allocated,289.74459823447125,396,41,564,502,existing,254.01702578150758,396,36,564,246,allocated,404.76868116909753,396,89,564,369,existing,1011.9785591610073,396,91,564,233,existing,1068.280203584196,396,90,564,452,existing,1062.4826455028272,396,93,564,41,existing,1525.40649549897,396,92,564,567,existing,1181.73216846841,396,24,564,191,allocated,1233.4718333364754,396,35,564,235,allocated,1690.265984965003,396,95,564,315,existing,1985.1865980666134,396,94,564,125,existing,1708.386722234506
397,397,41,565,328,allocated,375.69036532152853,397,41,565,502,existing,339.96279286856486,397,36,565,246,allocated,291.83593936525966,397,89,565,369,existing,899.0458173571694,397,90,565,452,existing,949.5499036989893,397,91,565,233,existing,955.347461780358,397,24,565,191,allocated,1346.4045751403132,397,92,565,567,existing,1082.1550944652863,397,35,565,235,allocated,1621.42906852866,397,93,565,41,existing,1425.8294214958462,397,95,565,315,existing,2094.31105516014,397,94,565,125,existing,1821.3194640383438
398,398,84,567,567,existing,0.0,398,84,567,159,existing,79.83806371868525,398,92,567,567,existing,0.0,398,91,567,233,existing,378.2730007179714,398,90,567,452,existing,379.7859165929925,398,89,567,369,existing,430.29000293481243,398,24,567,191,allocated,1132.225181543221,398,35,567,235,allocated,860.502783825109,398,36,567,246,allocated,986.4297298737627,398,93,567,41,existing,509.39963630214584,398,94,567,125,existing,1327.6512402332344,398,95,567,315,existing,1407.633500216397
399,399,41,568,328,allocated,579.3911545463106,399,41,568,502,existing,524.289181132025,399,36,568,246,allocated,821.4723112711384,399,89,568,369,existing,1428.6821892630483,399,91,568,233,existing,1534.2618620060264,399,90,568,452,existing,1479.1862756048681,399,24,568,191,allocated,1829.6112351215252,399,35,568,235,allocated,2286.405386750053,399,92,568,567,existing,1713.4312970826286,399,93,568,41,existing,2030.0340605943286,399,94,568,125,existing,2304.526124019556,399,95,568,315,existing,2581.3259998516633
400,400,76,569,369,existing,757.9184585384403,400,76,569,492,existing,857.1515959516577,400,90,569,452,existing,707.4143721966202,400,89,569,369,existing,757.9184585384403,400,92,569,567,existing,1087.2002887896128,400,91,569,233,existing,767.776688049565,400,36,569,246,allocated,1098.5419790199085,400,93,569,41,existing,1263.548886637867,400,24,569,191,allocated,2026.4140052336775,400,35,569,235,allocated,1614.6520341608302,400,94,569,125,existing,2097.150334740375,400,95,569,315,existing,2161.7827505521186
401,401,72,570,369,existing,869.4111923744757,401,72,570,492,existing,968.6443297876931,401,90,570,452,existing,818.9071060326556,401,89,570,369,existing,869.4111923744757,401,92,570,567,existing,1198.6930226256482,401,91,570,233,existing,879.2694218856004,401,24,570,191,allocated,2137.906739069713,401,35,570,235,allocated,1726.1447679968655,401,36,570,246,allocated,1210.0347128559438,401,93,570,41,existing,1375.0416204739024,401,95,570,315,existing,2273.275484388154,401,94,570,125,existing,2208.6430685764103
402,402,25,571,192,allocated,331.80455152066787,402,25,571,193,existing,768.5769443786268,402,24,571,191,allocated,540.104733088502,402,94,571,125,existing,1008.7910904272748,402,35,571,235,allocated,1016.6452904124618,402,36,571,246,allocated,1175.9661993442662,402,93,571,41,existing,1328.0320015283203,402,92,571,567,existing,1434.1977695598953,402,95,571,315,existing,1282.097347350995,402,91,571,233,existing,1619.260778837375,402,89,571,369,existing,1674.249717538444,402,90,571,452,existing,1623.745631196624
403,403,41,572,328,allocated,518.1512659945736,403,41,572,502,existing,607.8252515253977,403,24,572,191,allocated,748.3121813355441,403,36,572,246,allocated,903.1654583670537,403,94,572,125,existing,1216.9985386743167,403,35,572,235,allocated,1224.8527386595038,403,95,572,315,existing,1490.304795598037,403,93,572,41,existing,1536.2394497753621,403,89,572,369,existing,1510.3753363589635,403,92,572,567,existing,1363.9180861662535,403,90,572,452,existing,1560.8794227007834,403,91,572,233,existing,1566.676980782152
404,404,6,573,76,allocated,407.9274736652865,404,6,573,15,allocated,462.3906782984758,404,91,573,233,existing,987.5534568149938,404,90,573,452,existing,1047.9157726679384,404,92,573,567,existing,1059.4416837873157,404,93,573,41,existing,1073.0158711845688,404,36,573,246,allocated,1787.6346922925015,404,24,573,191,allocated,1957.1660530698878,404,89,573,369,existing,1098.4198590097583,404,35,573,235,allocated,1493.3571689210153,404,95,573,315,existing,2044.3086416217047,404,94,573,125,existing,2027.9023825765853
405,405,81,575,125,existing,223.02250331998744,405,81,575,471,existing,273.4332829245655,405,94,575,125,existing,223.02250331998744,405,95,575,315,existing,230.3304260008084,405,24,575,191,allocated,697.937392218018,405,35,575,235,allocated,493.5690973487166,405,86,575,188,existing,881.9697044081155,405,93,575,41,existing,1051.5440969423742,405,88,575,314,existing,815.5986791590276,405,87,575,314,existing,815.5986791590276,405,92,575,567,existing,1350.2511248644246,405,91,575,233,existing,1342.7728742514287
406,406,41,579,328,allocated,500.2921836874636,406,41,579,502,existing,562.3323332355429,406,24,579,191,allocated,779.3994135421717,406,36,579,246,allocated,853.83742355128,406,92,579,567,existing,1189.4805565334939,406,35,579,235,allocated,1236.1935651706992,406,90,579,452,existing,1405.602341284008,406,93,579,41,existing,1443.6875797761575,406,91,579,233,existing,1403.5727095183577,406,94,579,125,existing,1254.3143024402023,406,95,579,315,existing,1531.1141782723098,406,89,579,369,existing,1454.7156847803478
407,407,6,580,76,allocated,76.51519930726246,407,6,580,15,allocated,213.20980676630293,407,91,580,233,existing,661.1139940913281,407,90,580,452,existing,721.4763099442728,407,89,580,369,existing,771.9803962860926,407,92,580,567,existing,810.2608122551428,407,24,580,191,allocated,1707.985181537715,407,35,580,235,allocated,1244.1762973888424,407,93,580,41,existing,832.5764320150786,407,36,580,246,allocated,1461.1952295688359,407,95,580,315,existing,1795.1277700895316,407,94,580,125,existing,1778.7215110444124
