,assign_from_var_id_grocery,assign_to_var_id_grocery,assign_from_node_id_grocery,assign_to_node_id_grocery,assign_type_grocery,dist_grocery,assign_from_var_id_school,assign_to_var_id_school,assign_from_node_id_school,assign_to_node_id_school,assign_type_school,dist_school,assign_from_var_id_healthcare,assign_to_var_id_healthcare,assign_from_node_id_healthcare,assign_to_node_id_healthcare,assign_type_healthcare,dist_healthcare,0_assign_from_var_id_restaurant,0_assign_to_var_id_restaurant,0_assign_from_node_id_restaurant,0_assign_to_node_id_restaurant,0_assign_type_restaurant,0_dist_restaurant,1_assign_from_var_id_restaurant,1_assign_to_var_id_restaurant,1_assign_from_node_id_restaurant,1_assign_to_node_id_restaurant,1_assign_type_restaurant,1_dist_restaurant,2_assign_from_var_id_restaurant,2_assign_to_var_id_restaurant,2_assign_from_node_id_restaurant,2_assign_to_node_id_restaurant,2_assign_type_restaurant,2_dist_restaurant,3_assign_from_var_id_restaurant,3_assign_to_var_id_restaurant,3_assign_from_node_id_restaurant,3_assign_to_node_id_restaurant,3_assign_type_restaurant,3_dist_restaurant,4_assign_from_var_id_restaurant,4_assign_to_var_id_restaurant,4_assign_from_node_id_restaurant,4_assign_to_node_id_restaurant,4_assign_type_restaurant,4_dist_restaurant,5_assign_from_var_id_restaurant,5_assign_to_var_id_restaurant,5_assign_from_node_id_restaurant,5_assign_to_node_id_restaurant,5_assign_type_restaurant,5_dist_restaurant
0,0,22,0,269,allocated,78.67682830209704,0,22,0,29,existing,271.590001634348,0,22,0,269,allocated,78.67682830209704,0,5,0,67,allocated,338.249362547649,0,46,0,173,existing,1090.7194758142398,0,33,0,422,allocated,1206.824826004353,0,45,0,517,existing,1916.0784106010042,0,44,0,47,existing,3113.762394120326,0,3,0,54,allocated,2420.4207942154194
1,1,22,2,269,allocated,593.2960745885139,1,22,2,67,existing,643.4771492234347,1,22,2,269,allocated,593.2960745885139,1,5,2,67,allocated,643.4771492234347,1,46,2,173,existing,955.3138333121584,1,45,2,517,existing,1647.1263483071732,1,33,2,422,allocated,1071.4191835022718,1,3,2,54,allocated,2285.0151517133377,1,44,2,47,existing,2978.3567516182447
2,2,22,3,269,allocated,705.4832437816744,2,22,3,67,existing,755.6643184165953,2,22,3,269,allocated,705.4832437816744,2,5,3,67,allocated,755.6643184165953,2,46,3,173,existing,1067.5010025053189,2,33,3,422,allocated,1183.6063526954324,2,45,3,517,existing,1548.470628266864,2,44,3,47,existing,3090.543920811405,2,3,3,54,allocated,2397.2023209064982
3,3,22,4,269,allocated,452.0539404342785,3,22,4,29,existing,617.394775339088,3,22,4,269,allocated,452.0539404342785,3,5,4,67,allocated,626.9986537710838,3,46,4,173,existing,1040.9306707090645,3,45,4,517,existing,1775.237952936363,3,33,4,422,allocated,1157.0360208991779,3,44,4,47,existing,3063.9735890151505,3,3,4,54,allocated,2370.631989110244
4,4,22,5,269,allocated,468.7003056910715,4,22,5,67,existing,521.8822414004468,4,22,5,269,allocated,468.7003056910715,4,5,5,67,allocated,521.8822414004468,4,46,5,173,existing,935.8142583384274,4,33,5,422,allocated,1051.9196085285407,4,45,5,517,existing,1670.1215405657258,4,44,5,47,existing,2958.8571766445134,4,3,5,54,allocated,2265.515576739607
5,5,22,6,269,allocated,168.2150201370726,5,22,6,29,existing,361.1281934693236,5,22,6,269,allocated,168.2150201370726,5,5,6,67,allocated,414.7039721185472,5,46,6,173,existing,1167.174085385138,5,45,6,517,existing,1992.5330201719023,5,33,6,422,allocated,1283.2794355752512,5,44,6,47,existing,3190.217003691224,5,3,6,54,allocated,2496.8754037863173
6,6,22,7,269,allocated,259.36585170702836,6,22,7,29,existing,452.2790250392793,6,22,7,269,allocated,259.36585170702836,6,5,7,67,allocated,505.8548036885029,6,46,7,173,existing,1258.3249169550936,6,45,7,517,existing,2083.6838517418582,6,33,7,422,allocated,1374.430267145207,6,3,7,54,allocated,2588.026235356273,6,44,7,47,existing,3281.3678352611796
7,7,14,8,138,allocated,585.1217169825532,7,14,8,137,existing,660.8121003954325,7,14,8,54,allocated,416.0336089849084,7,3,8,54,allocated,416.0336089849084,7,44,8,47,existing,705.5279985866018,7,33,8,422,allocated,1629.629577195974,7,46,8,173,existing,1745.7349273860877,7,45,8,517,existing,3546.5335192818393,7,5,8,67,allocated,2589.2566932121445
8,8,14,9,138,allocated,633.2353346896905,8,14,9,224,existing,651.9555909890481,8,14,9,54,allocated,464.1472266920457,8,3,9,54,allocated,464.1472266920457,8,44,9,47,existing,657.4143808794645,8,46,9,173,existing,1793.8485450932249,8,33,9,422,allocated,1677.7431949031113,8,5,9,67,allocated,2637.370310919281,8,45,9,517,existing,3594.6471369889764
9,9,41,10,47,existing,386.2437322245614,9,41,10,224,existing,380.78494233414517,9,41,10,223,allocated,368.59151798928644,9,44,10,47,existing,386.2437322245614,9,3,10,54,allocated,917.560770899784,9,33,10,422,allocated,2131.1567391108497,9,46,10,173,existing,2247.2620893009635,9,5,10,67,allocated,3090.7838551270197,9,45,10,517,existing,4048.060681196715
10,10,41,11,47,existing,485.4440322133697,10,41,11,224,existing,479.98524232295347,10,41,11,223,allocated,467.79181797809474,10,44,11,47,existing,485.4440322133697,10,3,11,54,allocated,1016.7610708885923,10,33,11,422,allocated,2230.357039099658,10,46,11,173,existing,2346.4623892897716,10,5,11,67,allocated,3189.984155115828,10,45,11,517,existing,4147.260981185524
11,11,14,12,138,allocated,412.4735360452635,11,14,12,137,existing,336.7831526323841,11,14,12,137,allocated,336.7831526323841,11,3,12,54,allocated,807.032306832901,11,44,12,47,existing,1167.4684932394543,11,46,12,173,existing,1668.920864698503,11,33,12,422,allocated,1552.8155145083892,11,45,12,517,existing,3469.7194565942546,11,5,12,67,allocated,2512.4426305245597
12,12,14,13,138,allocated,281.2830353255206,12,14,13,137,existing,205.5926519126412,12,14,13,137,allocated,205.5926519126412,12,3,13,54,allocated,675.8418061131581,12,44,13,47,existing,1036.2779925197115,12,33,13,422,allocated,1684.0060152281324,12,46,13,173,existing,1800.111365418246,12,45,13,517,existing,3600.9099573139974,12,5,13,67,allocated,2643.6331312443026
13,13,41,15,47,existing,618.8550204983453,13,41,15,224,existing,613.3962306079289,13,41,15,54,allocated,502.7065870731649,13,3,15,54,allocated,502.7065870731649,13,44,15,47,existing,618.8550204983453,13,33,15,422,allocated,1716.3025552842305,13,46,15,173,existing,1832.407905474344,13,5,15,67,allocated,2675.9296713004005,13,45,15,517,existing,3633.206497370096
14,14,41,16,47,existing,460.89643865287917,14,41,16,224,existing,455.4376487624628,14,41,16,223,allocated,443.2442244176042,14,44,16,47,existing,460.89643865287917,14,3,16,54,allocated,660.6651689186309,14,33,16,422,allocated,1874.2611371296966,14,46,16,173,existing,1990.3664873198102,14,5,16,67,allocated,2833.8882531458667,14,45,16,517,existing,3791.165079215562
15,15,14,17,138,allocated,289.2478456177209,15,14,17,137,existing,364.93822903060027,15,14,17,138,allocated,289.2478456177209,15,44,17,47,existing,465.74711157647,15,3,17,54,allocated,674.8059402707422,15,46,17,173,existing,2004.5072586719214,15,33,17,422,allocated,1888.4019084818078,15,5,17,67,allocated,2848.029024497978,15,45,17,517,existing,3805.305850567673
16,16,41,18,47,existing,346.7709038835549,16,41,18,224,existing,376.6165424636886,16,41,18,47,existing,346.7709038835549,16,44,18,47,existing,346.7709038835549,16,3,18,54,allocated,733.1837471100267,16,33,18,422,allocated,1946.7797153210927,16,46,18,173,existing,2062.885065511206,16,5,18,67,allocated,2906.4068313372622,16,45,18,517,existing,3863.6836574069575
17,17,41,19,47,existing,491.92463930266695,17,41,19,224,existing,486.46584941225063,17,41,19,223,allocated,474.27242506739196,17,44,19,47,existing,491.92463930266695,17,3,19,54,allocated,1023.2416779778895,17,46,19,173,existing,2352.942996379069,17,33,19,422,allocated,2236.837646188955,17,5,19,67,allocated,3196.464762205125,17,45,19,517,existing,4153.741588274821
18,18,14,20,138,allocated,200.82473513671616,18,14,20,137,existing,276.5151185495955,18,14,20,138,allocated,200.82473513671616,18,3,20,54,allocated,450.0818712375003,18,44,20,47,existing,871.5028780242271,18,46,20,173,existing,1675.5922345067095,18,33,20,422,allocated,1559.486884316596,18,5,20,67,allocated,2519.1140003327664,18,45,20,517,existing,3476.3908264024612
19,19,14,21,138,allocated,70.23888938874126,19,14,21,137,existing,145.92927280162064,19,14,21,138,allocated,70.23888938874126,19,3,21,54,allocated,324.3198813988963,19,44,21,47,existing,745.7408881856231,19,33,21,422,allocated,1537.9158496099622,19,46,21,173,existing,1654.0211998000757,19,5,21,67,allocated,2497.542965626132,19,45,21,517,existing,3454.819791695827
20,20,8,23,92,allocated,434.27508623064,20,8,23,420,existing,316.6599046120491,20,8,23,23,allocated,0.0,20,45,23,517,existing,510.81430418790995,20,33,23,422,allocated,1440.0542457682793,20,46,23,173,existing,1556.1595959583929,20,5,23,67,allocated,1563.273433589089,20,3,23,54,allocated,2650.496164639011,20,44,23,47,existing,3343.837764543918
21,21,8,26,92,allocated,390.5502593079286,21,8,26,92,allocated,390.5502593079286,21,8,26,92,allocated,390.5502593079286,21,45,26,517,existing,839.3809600028345,21,5,26,67,allocated,963.6010427481992,21,46,26,173,existing,1186.5705865905957,21,33,26,422,allocated,1302.6759367807092,21,3,26,54,allocated,2516.271904991775,21,44,26,47,existing,3209.6135048966817
22,22,8,27,92,allocated,443.8099932348024,22,8,27,92,allocated,443.8099932348024,22,8,27,92,allocated,443.8099932348024,22,45,27,517,existing,892.6406939297083,22,5,27,67,allocated,1016.8607766750731,22,46,27,173,existing,1239.8303205174698,22,33,27,422,allocated,1355.935670707583,22,3,27,54,allocated,2569.531638918649,22,44,27,47,existing,3262.8732388235558
23,23,22,28,269,allocated,287.364606032563,23,22,28,29,existing,94.45143270031198,23,22,28,269,allocated,287.364606032563,23,5,28,67,allocated,704.2907968823091,23,46,28,173,existing,1456.7609101488997,23,33,28,422,allocated,1572.866260339013,23,45,28,517,existing,2239.060559868201,23,3,28,54,allocated,2786.462228550079,23,44,28,47,existing,3479.8038284549857
24,24,22,29,269,allocated,192.913173332251,24,22,29,29,existing,0.0,24,22,29,269,allocated,192.913173332251,24,5,29,67,allocated,609.8393641819971,24,46,29,173,existing,1362.3094774485878,24,45,29,517,existing,2187.668412235352,24,33,29,422,allocated,1478.4148276387011,24,44,29,47,existing,3385.352395754674,24,3,29,54,allocated,2692.0107958497674
25,25,14,30,138,allocated,773.4578181253953,25,14,30,146,allocated,359.2104984958511,25,14,30,146,allocated,359.2104984958511,25,44,30,47,existing,797.0276587526783,25,3,30,54,allocated,1168.0165889130328,25,33,30,422,allocated,2364.8113093066086,25,46,30,173,existing,2480.916659496722,25,5,30,67,allocated,3324.4384253227786,25,45,30,517,existing,4281.715251392474
26,26,41,31,47,existing,536.0241163806775,26,41,31,224,existing,565.8697549608112,26,41,31,47,existing,536.0241163806775,26,44,31,47,existing,536.0241163806775,26,3,31,54,allocated,957.9776906065385,26,33,31,422,allocated,2171.573658817604,26,46,31,173,existing,2287.6790090077175,26,5,31,67,allocated,3131.2007748337737,26,45,31,517,existing,4088.4776009034695
27,27,22,32,269,allocated,813.9734652870959,27,22,32,67,existing,864.1545399220167,27,22,32,269,allocated,813.9734652870959,27,5,32,67,allocated,864.1545399220167,27,46,32,173,existing,1175.9912240107406,27,33,32,422,allocated,1292.0965742008539,27,45,32,517,existing,1656.9608497722854,27,3,32,54,allocated,2505.69254241192,27,44,32,47,existing,3199.0341423168265
28,28,41,33,47,existing,490.82974744029514,28,41,33,224,existing,485.37095754987877,28,41,33,223,allocated,473.1775332050201,28,44,33,47,existing,490.82974744029514,28,3,33,54,allocated,966.1251358288902,28,46,33,173,existing,2295.8264542300694,28,33,33,422,allocated,2179.721104039956,28,45,33,517,existing,4096.6250461258205,28,5,33,67,allocated,3139.3482200561257
29,29,41,34,47,existing,490.24690772896224,29,41,34,224,existing,484.7881178385459,29,41,34,223,allocated,472.59469349368726,29,44,34,47,existing,490.24690772896224,29,3,34,54,allocated,901.6511980920721,29,46,34,173,existing,2231.3525164932516,29,33,34,422,allocated,2115.247166303138,29,45,34,517,existing,4032.151108389003,29,5,34,67,allocated,3074.874282319308
30,30,41,35,47,existing,276.3156637302472,30,41,35,224,existing,270.8568738398309,30,41,35,223,allocated,258.6634494949722,30,44,35,47,existing,276.3156637302472,30,3,35,54,allocated,807.6327024054697,30,46,35,173,existing,2137.334020806649,30,33,35,422,allocated,2021.2286706165355,30,5,35,67,allocated,2980.8557866327055,30,45,35,517,existing,3938.1326127024004
31,31,41,36,47,existing,369.5348986010844,31,41,36,224,existing,364.0761087106681,31,41,36,223,allocated,351.88268436580944,31,44,36,47,existing,369.5348986010844,31,3,36,54,allocated,815.6186538258096,31,33,36,422,allocated,2029.2146220368754,31,46,36,173,existing,2145.3199722269887,31,45,36,517,existing,3946.1185641227403,31,5,36,67,allocated,2988.8417380530454
32,32,8,37,92,allocated,740.8315167876931,32,8,37,67,existing,730.9445199974683,32,8,37,67,allocated,730.9445199974683,32,5,37,67,allocated,730.9445199974683,32,46,37,173,existing,953.9140638398649,32,33,37,422,allocated,1070.0194140299782,32,45,37,517,existing,1189.6622174825989,32,3,37,54,allocated,2283.6153822410442,32,44,37,47,existing,2976.956982145951
33,33,8,38,92,allocated,644.7056234154305,33,8,38,67,existing,634.8186266252058,33,8,38,67,allocated,634.8186266252058,33,5,38,67,allocated,634.8186266252058,33,46,38,173,existing,857.7881704676023,33,45,38,517,existing,1093.5363241103364,33,33,38,422,allocated,973.8935206577157,33,3,38,54,allocated,2187.4894888687813,33,44,38,47,existing,2880.831088773688
34,34,8,39,92,allocated,524.3332406562964,34,8,39,92,allocated,524.3332406562964,34,8,39,92,allocated,524.3332406562964,34,5,39,67,allocated,819.3199014488085,34,45,39,517,existing,973.1639413512024,34,46,39,173,existing,1042.289445291205,34,33,39,422,allocated,1158.3947954813184,34,44,39,47,existing,3065.332363597291,34,3,39,54,allocated,2371.9907636923845
35,35,8,40,92,allocated,448.76241127257674,35,8,40,92,allocated,448.76241127257674,35,8,40,92,allocated,448.76241127257674,35,45,40,517,existing,897.5931119674826,35,5,40,67,allocated,925.7661024826182,35,46,40,173,existing,1148.7356463250148,35,33,40,422,allocated,1264.8409965151282,35,44,40,47,existing,3171.7785646311004,35,3,40,54,allocated,2478.4369647261938
36,36,8,41,92,allocated,954.1569644597271,36,8,41,67,existing,944.2699676695024,36,8,41,67,allocated,944.2699676695024,36,5,41,67,allocated,944.2699676695024,36,46,41,173,existing,1167.2395115118989,36,45,41,517,existing,1402.9876651546329,36,33,41,422,allocated,1283.3448617020124,36,3,41,54,allocated,2496.9408299130782,36,44,41,47,existing,3190.282429817985
37,37,8,42,92,allocated,792.6402861365139,37,8,42,67,existing,782.7532893462892,37,8,42,67,allocated,782.7532893462892,37,5,42,67,allocated,782.7532893462892,37,46,42,173,existing,1005.7228331886857,37,33,42,422,allocated,1121.8281833787992,37,45,42,517,existing,1241.4709868314199,37,44,42,47,existing,3028.7657514947714,37,3,42,54,allocated,2335.424151589865
38,38,22,43,269,allocated,290.7411401954538,38,22,43,29,existing,483.65431352770474,38,22,43,269,allocated,290.7411401954538,38,5,43,67,allocated,537.2300921769283,38,46,43,173,existing,1289.7002054435193,38,33,43,422,allocated,1405.8055556336326,38,45,43,517,existing,2115.0591402302834,38,3,43,54,allocated,2619.4015238446987,38,44,43,47,existing,3312.7431237496053
39,39,22,44,269,allocated,220.65369847618007,39,22,44,29,existing,413.5668718084311,39,22,44,269,allocated,220.65369847618007,39,5,44,67,allocated,467.14265045765467,39,46,44,173,existing,1219.6127637242455,39,33,44,422,allocated,1335.7181139143588,39,45,44,517,existing,2044.97169851101,39,3,44,54,allocated,2549.3140821254246,39,44,44,47,existing,3242.6556820303313
40,40,41,45,47,existing,149.3319004681016,40,41,45,224,existing,179.17753904823525,40,41,45,47,existing,149.3319004681016,40,44,45,47,existing,149.3319004681016,40,3,45,54,allocated,836.4716954209694,40,46,45,173,existing,2166.1730138221483,40,33,45,422,allocated,2050.067663632035,40,45,45,517,existing,3966.9716057179,40,5,45,67,allocated,3009.6947796482045
41,41,41,46,47,existing,76.7019664130709,41,41,46,224,existing,106.54760499320454,41,41,46,47,existing,76.7019664130709,41,44,46,47,existing,76.7019664130709,41,3,46,54,allocated,763.8417613659386,41,46,46,173,existing,2093.543079767118,41,33,46,422,allocated,1977.4377295770046,41,45,46,517,existing,3894.3416716628694,41,5,46,67,allocated,2937.064845593174
42,42,14,48,138,allocated,549.9828074014295,42,14,48,137,existing,474.2924239885501,42,14,48,137,allocated,474.2924239885501,42,3,48,54,allocated,944.5415781890671,42,44,48,47,existing,1304.9777645956203,42,46,48,173,existing,1806.430136054669,42,33,48,422,allocated,1690.3247858645555,42,5,48,67,allocated,2649.951901880726,42,45,48,517,existing,3607.2287279504208
43,43,14,54,138,allocated,394.5587707876376,43,14,54,137,existing,470.249154200517,43,14,54,54,allocated,0.0,43,3,54,54,allocated,0.0,43,44,54,47,existing,693.3415999049068,43,33,54,422,allocated,1213.5959682110658,43,46,54,173,existing,1329.7013184011794,43,45,54,517,existing,3130.499910296931,43,5,54,67,allocated,2173.2230842272356
44,44,14,55,138,allocated,281.82343939264115,44,14,55,137,existing,357.51382280552053,44,14,55,54,allocated,112.73533139499641,44,3,55,54,allocated,112.73533139499641,44,44,55,47,existing,580.6062685099105,44,46,55,173,existing,1442.4366497961757,44,33,55,422,allocated,1326.3312996060622,44,5,55,67,allocated,2285.958415622232,44,45,55,517,existing,3243.2352416919275
45,45,8,60,92,allocated,977.3340459553972,45,8,60,92,allocated,977.3340459553972,45,8,60,92,allocated,977.3340459553972,45,5,60,67,allocated,1175.1033952677574,45,46,60,173,existing,1406.519152398881,45,45,60,517,existing,1426.1647466503032,45,33,60,422,allocated,1522.6245025889946,45,44,60,47,existing,3429.562070704967,45,3,60,54,allocated,2736.2204708000604
46,46,8,62,92,allocated,994.1344809439538,46,8,62,92,allocated,994.1344809439538,46,8,62,92,allocated,994.1344809439538,46,5,62,67,allocated,1355.2386645229908,46,45,62,517,existing,1442.9651816388596,46,33,62,422,allocated,1702.7597718442278,46,46,62,173,existing,1586.6544216541142,46,44,62,47,existing,3609.6973399602,46,3,62,54,allocated,2916.3557400552936
47,47,22,63,269,allocated,548.138267872993,47,22,63,29,existing,531.242117373857,47,22,63,269,allocated,548.138267872993,47,5,63,67,allocated,765.8179156652654,47,46,63,173,existing,1077.654599753989,47,45,63,517,existing,1806.780886939905,47,33,63,422,allocated,1193.7599499441026,47,44,63,47,existing,3100.6975180600753,47,3,63,54,allocated,2407.355918155168
48,48,14,65,138,allocated,258.3931494405837,48,14,65,137,existing,334.0835328534631,48,14,65,54,allocated,136.16562134705384,48,3,65,54,allocated,136.16562134705384,48,44,65,47,existing,557.5866281337806,48,46,65,173,existing,1465.866939748233,48,33,65,422,allocated,1349.7615895581196,48,45,65,517,existing,3266.6655316439847,48,5,65,67,allocated,2309.38870557429
49,49,22,66,269,allocated,334.2795935365963,49,22,66,67,existing,82.64659731314975,49,22,66,67,allocated,82.64659731314975,49,5,66,67,allocated,82.64659731314975,49,46,66,173,existing,926.1683631392063,49,45,66,517,existing,1660.4756453665048,49,33,66,422,allocated,1042.27371332932,49,3,66,54,allocated,2255.8696815403855,49,44,66,47,existing,2949.211281445292
50,50,22,68,269,allocated,774.1665551287276,50,22,68,67,existing,816.355055443514,50,22,68,269,allocated,774.1665551287276,50,5,68,67,allocated,816.355055443514,50,46,68,173,existing,1128.1917395322375,50,33,68,422,allocated,1244.297089722351,50,45,68,517,existing,1479.7873169198108,50,3,68,54,allocated,2457.893057933417,50,44,68,47,existing,3151.234657838324
51,51,22,69,269,allocated,873.9191245494214,51,22,69,67,existing,915.4437954906155,51,22,69,269,allocated,873.9191245494214,51,5,69,67,allocated,915.4437954906155,51,46,69,173,existing,1146.859552621739,51,33,69,422,allocated,1262.9649028118527,51,45,69,517,existing,1382.6077062644733,51,44,69,47,existing,3169.902470927825,51,3,69,54,allocated,2476.5608710229185
52,52,8,70,92,allocated,873.1677985628619,52,8,70,92,allocated,873.1677985628619,52,8,70,92,allocated,873.1677985628619,52,45,70,517,existing,1321.9984992577677,52,5,70,67,allocated,1446.2185820031325,52,46,70,173,existing,1669.1881258455292,52,33,70,422,allocated,1785.2934760356425,52,44,70,47,existing,3692.2310441516147,52,3,70,54,allocated,2998.889444246708
53,53,8,71,92,allocated,963.9687012269136,53,8,71,92,allocated,963.9687012269136,53,8,71,92,allocated,963.9687012269136,53,45,71,517,existing,1412.7994019218195,53,5,71,67,allocated,1537.0194846671843,53,46,71,173,existing,1759.9890285095807,53,33,71,422,allocated,1876.0943786996943,53,44,71,47,existing,3783.0319468156667,53,3,71,54,allocated,3089.69034691076
54,54,8,72,92,allocated,642.45106540589,54,8,72,420,existing,472.96873328081244,54,8,72,72,allocated,0.0,54,45,72,517,existing,718.99028336316,54,33,72,422,allocated,1231.8782665930294,54,46,72,173,existing,1347.983616783143,54,5,72,67,allocated,1757.009851840491,54,3,72,54,allocated,2442.320185463761,54,44,72,47,existing,3135.661785368668
55,55,8,73,92,allocated,817.2881915237786,55,8,73,420,existing,647.8058593987012,55,8,73,73,allocated,0.0,55,45,73,517,existing,893.8274094810486,55,33,73,422,allocated,1057.0411404751408,55,5,73,67,allocated,1931.8469779583795,55,46,73,173,existing,1173.1464906652543,55,44,73,47,existing,2960.8246592507794,55,3,73,54,allocated,2267.4830593458723
56,56,14,78,138,allocated,94.39186328811186,56,14,78,137,existing,170.08224670099125,56,14,78,138,allocated,94.39186328811186,56,3,78,54,allocated,326.9944414601253,56,44,78,47,existing,716.2899778828164,56,46,78,173,existing,1656.6957598613044,56,33,78,422,allocated,1540.590409671191,56,5,78,67,allocated,2500.2175256873606,56,45,78,517,existing,3457.494351757056
57,57,14,79,138,allocated,269.3632730071293,57,14,79,137,existing,345.0536564200087,57,14,79,54,allocated,152.0230317411079,57,3,79,54,allocated,152.0230317411079,57,44,79,47,existing,541.318568163799,57,33,79,422,allocated,1365.6189999521737,57,46,79,173,existing,1481.7243501422872,57,45,79,517,existing,3282.5229420380388,57,5,79,67,allocated,2325.2461159683435
58,58,22,80,269,allocated,880.0361784145634,58,22,80,67,existing,897.8250586861536,58,22,80,269,allocated,880.0361784145634,58,5,80,67,allocated,897.8250586861536,58,46,80,173,existing,1129.2408158172775,58,33,80,422,allocated,1245.3461660073908,58,45,80,517,existing,1364.9889694600115,58,44,80,47,existing,3152.2837341233635,58,3,80,54,allocated,2458.942134218457
59,59,14,88,138,allocated,168.46573889626242,59,14,88,137,existing,244.1561223091418,59,14,88,138,allocated,168.46573889626242,59,3,88,54,allocated,226.09303189137518,59,44,88,47,existing,647.514038678102,59,33,88,422,allocated,1439.689000102441,59,46,88,173,existing,1555.7943502925546,59,45,88,517,existing,3356.592942188306,59,5,88,67,allocated,2399.316116118611
60,60,8,90,92,allocated,417.0058432829686,60,8,90,92,allocated,417.0058432829686,60,8,90,92,allocated,417.0058432829686,60,5,90,67,allocated,711.9925040754807,60,45,90,517,existing,865.8365439778745,60,33,90,422,allocated,1051.0673981079908,60,46,90,173,existing,934.9620479178773,60,44,90,47,existing,2958.004966223963,60,3,90,54,allocated,2264.6633663190564
61,61,8,91,92,allocated,277.9737819590893,61,8,91,92,allocated,277.9737819590893,61,8,91,92,allocated,277.9737819590893,61,45,91,517,existing,726.8044826539951,61,5,91,67,allocated,851.02456539936,61,46,91,173,existing,1073.9941092417566,61,33,91,422,allocated,1190.09945943187,61,44,91,47,existing,3097.0370275478426,61,3,91,54,allocated,2403.695427642936
62,62,22,93,269,allocated,342.70338784276487,62,22,93,29,existing,325.80723734362886,62,22,93,269,allocated,342.70338784276487,62,5,93,67,allocated,728.0332779391679,62,46,93,173,existing,1283.0894797842172,62,33,93,422,allocated,1399.1948299743308,62,45,93,517,existing,2012.2157669701332,62,44,93,47,existing,3306.1323980903035,62,3,93,54,allocated,2612.7907981853964
63,63,22,94,269,allocated,498.40679442266236,63,22,94,29,existing,481.51064392352635,63,22,94,269,allocated,498.40679442266236,63,5,94,67,allocated,815.5493891155961,63,46,94,173,existing,1127.3860732043197,63,33,94,422,allocated,1243.4914233944332,63,45,94,517,existing,1856.5123603902357,63,3,94,54,allocated,2457.087391605499,63,44,94,47,existing,3150.428991510406
64,64,42,95,342,existing,627.9284758818551,64,42,95,67,existing,474.2208998649926,64,42,95,205,allocated,461.58648215756745,64,5,95,67,allocated,474.2208998649926,64,46,95,173,existing,662.9043220467688,64,45,95,517,existing,1139.8272991556478,64,33,95,422,allocated,779.0096722368821,64,3,95,54,allocated,1992.6056404479482,64,44,95,47,existing,2685.947240352855
65,65,42,96,342,existing,635.5041333139,65,42,96,67,existing,481.7965572970375,65,42,96,205,allocated,469.16213958961237,65,5,96,67,allocated,481.7965572970375,65,46,96,173,existing,670.4799794788137,65,33,96,422,allocated,786.5853296689271,65,45,96,517,existing,1147.7864882216318,65,3,96,54,allocated,2000.181297879993,65,44,96,47,existing,2693.5228977848997
66,66,42,97,342,existing,945.3322036253636,66,42,97,67,existing,791.6246276085011,66,42,97,205,allocated,778.990209901076,66,5,97,67,allocated,791.6246276085011,66,46,97,173,existing,980.3080497902773,66,45,97,517,existing,1457.6145585330955,66,33,97,422,allocated,1096.4133999803907,66,44,97,47,existing,3003.3509680963634,66,3,97,54,allocated,2310.009368191457
67,67,22,99,269,allocated,222.22736425785916,67,22,99,29,existing,415.14053759011017,67,22,99,269,allocated,222.22736425785916,67,5,99,67,allocated,446.72824015950556,67,46,99,173,existing,1182.2871997716397,67,45,99,517,existing,1916.5944819989381,67,33,99,422,allocated,1298.392549961753,67,3,99,54,allocated,2511.988518172819,67,44,99,47,existing,3205.3301180777257
68,68,22,100,269,allocated,382.1420356630871,68,22,100,29,existing,575.055208995338,68,22,100,269,allocated,382.1420356630871,68,5,100,67,allocated,606.6429115647335,68,46,100,173,existing,1022.3725283664119,68,33,100,422,allocated,1138.4778785565252,68,45,100,517,existing,1756.6798105937103,68,3,100,54,allocated,2352.073846767591,68,44,100,47,existing,3045.415446672498
69,69,42,104,342,existing,563.2372130257646,69,42,104,67,existing,439.31155772588676,69,42,104,205,allocated,214.20648176618587,69,5,104,67,allocated,439.31155772588676,69,46,104,173,existing,564.1824914309392,69,33,104,422,allocated,680.2878416210526,69,45,104,517,existing,1396.5883837955816,69,3,104,54,allocated,1893.8838098321185,69,44,104,47,existing,2587.225409737025
70,70,42,106,342,existing,350.0433011317779,70,42,106,342,allocated,350.0433011317779,70,42,106,342,existing,350.0433011317779,70,46,106,173,existing,504.23940059813435,70,33,106,422,allocated,620.3447507882478,70,3,106,54,allocated,1833.9407189993135,70,5,106,67,allocated,929.2734581167141,70,45,106,517,existing,1853.642272145568,70,44,106,47,existing,2527.2823189042206
71,71,42,107,342,existing,428.616615305042,71,42,107,342,allocated,428.616615305042,71,42,107,342,existing,428.616615305042,71,46,107,173,existing,582.8127147713984,71,33,107,422,allocated,698.9180649615118,71,3,107,54,allocated,1912.5140331725777,71,5,107,67,allocated,1007.8467722899783,71,44,107,47,existing,2605.8556330774845,71,45,107,517,existing,1932.2155863188323
72,72,22,108,269,allocated,114.19194334155597,72,22,108,67,existing,302.7342475081901,72,22,108,269,allocated,114.19194334155597,72,5,108,67,allocated,302.7342475081901,72,46,108,173,existing,1089.6486563172011,72,45,108,517,existing,1880.5632955615454,72,33,108,422,allocated,1205.7540065073144,72,3,108,54,allocated,2419.3499747183805,72,44,108,47,existing,3112.691574623287
73,73,22,109,269,allocated,176.03257460910544,73,22,109,67,existing,245.91285303422677,73,22,109,269,allocated,176.03257460910544,73,5,109,67,allocated,245.91285303422677,73,46,109,173,existing,1089.4346188602835,73,45,109,517,existing,1823.741901087582,73,33,109,422,allocated,1205.5399690503968,73,3,109,54,allocated,2419.1359372614625,73,44,109,47,existing,3112.477537166369
74,74,42,110,342,existing,333.05030133482444,74,42,110,342,allocated,333.05030133482444,74,42,110,342,existing,333.05030133482444,74,46,110,173,existing,333.995579739999,74,33,110,422,allocated,450.10092993011244,74,5,110,67,allocated,669.4984694168269,74,45,110,517,existing,1626.7752954865218,74,3,110,54,allocated,1663.6968981411783,74,44,110,47,existing,2357.038498046085
75,75,22,112,269,allocated,397.4105226700397,75,22,112,29,existing,590.3236960022907,75,22,112,205,allocated,191.5284717665178,75,5,112,67,allocated,620.3971223790941,75,46,112,173,existing,790.1373887263833,75,45,112,517,existing,1650.4723421953606,75,33,112,422,allocated,906.2427389164967,75,44,112,47,existing,2813.1803070324695,75,3,112,54,allocated,2119.8387071275624
76,76,22,113,269,allocated,529.4557382505676,76,22,113,29,existing,722.3689115828186,76,22,113,205,allocated,323.57368734704573,76,5,113,67,allocated,752.442337959622,76,46,113,173,existing,922.1826043069112,76,45,113,517,existing,1782.5175577758885,76,33,113,422,allocated,1038.2879544970247,76,3,113,54,allocated,2251.8839227080907,76,44,113,47,existing,2945.2255226129973
77,77,22,114,269,allocated,535.8890942524954,77,22,114,29,existing,728.8022675847462,77,22,114,205,allocated,330.0070433489734,77,5,114,67,allocated,758.8756939615498,77,46,114,173,existing,928.615960308839,77,33,114,422,allocated,1044.7213104989523,77,45,114,517,existing,1788.9509137778161,77,44,114,47,existing,2951.6588786149255,77,3,114,54,allocated,2258.3172787100184
78,78,40,117,530,existing,69.6813054844767,78,40,117,342,allocated,114.96979637737397,78,40,117,530,existing,69.6813054844767,78,46,117,173,existing,405.8631685683159,78,33,117,422,allocated,417.88768048690434,78,5,117,67,allocated,830.8972260868958,78,3,117,54,allocated,1628.3295993576362,78,45,117,517,existing,1755.2660401157498,78,44,117,47,existing,2321.6711992625433
79,79,40,118,530,existing,21.98453600613765,79,40,118,342,allocated,162.66656585571303,79,40,118,530,existing,21.98453600613765,79,46,118,173,existing,453.559938046655,79,33,118,422,allocated,465.5844499652434,79,3,118,54,allocated,1676.026368835975,79,5,118,67,allocated,878.5939955652348,79,44,118,47,existing,2369.367968740882,79,45,118,517,existing,1802.9628095940889
80,80,42,119,342,existing,346.9922314610987,80,42,119,342,allocated,346.9922314610987,80,42,119,342,allocated,346.9922314610987,80,46,119,173,existing,347.9375098662732,80,33,119,422,allocated,464.0428600563867,80,3,119,54,allocated,1677.6388282674525,80,5,119,67,allocated,772.9715673848531,80,45,119,517,existing,1730.248393454548,80,44,119,47,existing,2370.980428172359
81,81,42,120,342,existing,385.4461348980273,81,42,120,342,allocated,385.4461348980273,81,42,120,342,allocated,385.4461348980273,81,46,120,173,existing,386.39141330320183,81,33,120,422,allocated,502.4967634933153,81,3,120,54,allocated,1716.092731704381,81,5,120,67,allocated,811.4254708217817,81,45,120,517,existing,1768.7022968914766,81,44,120,47,existing,2409.4343316092877
82,82,42,121,342,existing,281.6086660698666,82,42,121,342,allocated,281.6086660698666,82,42,121,342,existing,281.6086660698666,82,46,121,173,existing,282.55394447504113,82,33,121,422,allocated,398.6592946651546,82,5,121,67,allocated,707.588001993621,82,3,121,54,allocated,1612.2552628762205,82,44,121,47,existing,2305.596862781127,82,45,121,517,existing,1664.864828063316
83,83,22,122,269,allocated,415.7418078497564,83,22,122,29,existing,608.6549811820073,83,22,122,269,allocated,415.7418078497564,83,5,122,67,allocated,638.7284075588108,83,46,122,173,existing,1065.6253388154844,83,33,122,422,allocated,1181.7306890055977,83,45,122,517,existing,1925.9602922844617,83,44,122,47,existing,3088.66825712157,83,3,122,54,allocated,2395.3266572166635
84,84,22,123,269,allocated,436.1930051212667,84,22,123,29,existing,629.1061784535177,84,22,123,269,allocated,436.1930051212667,84,5,123,67,allocated,659.1796048303211,84,46,123,173,existing,1086.0765360869948,84,33,123,422,allocated,1202.181886277108,84,45,123,517,existing,1946.4114895559721,84,3,123,54,allocated,2415.777854488174,84,44,123,47,existing,3109.1194543930806
85,85,42,124,342,existing,554.5322432468533,85,42,124,342,allocated,554.5322432468533,85,42,124,422,allocated,253.09516353466452,85,46,124,173,existing,136.98981334455107,85,33,124,422,allocated,253.09516353466452,85,5,124,67,allocated,980.5115791706077,85,3,124,54,allocated,1466.6911317457304,85,45,124,517,existing,1937.7884052403028,85,44,124,47,existing,2160.0327316506373
86,86,42,125,342,existing,542.6068831212956,86,42,125,342,allocated,542.6068831212956,86,42,125,422,allocated,241.16980340910686,86,46,125,173,existing,125.06445321899339,86,33,125,422,allocated,241.16980340910686,86,5,125,67,allocated,968.58621904505,86,3,125,54,allocated,1454.7657716201727,86,45,125,517,existing,1925.863045114745,86,44,125,47,existing,2148.1073715250795
87,87,42,126,342,existing,578.6010259371379,87,42,126,342,allocated,578.6010259371379,87,42,126,422,allocated,277.1639462249492,87,46,126,173,existing,161.05859603483572,87,33,126,422,allocated,277.1639462249492,87,3,126,54,allocated,1490.7599144360152,87,5,126,67,allocated,1004.5803618608923,87,44,126,47,existing,2184.1015143409218,87,45,126,517,existing,1961.8571879305873
88,88,14,131,138,allocated,528.7747526838334,88,14,131,531,existing,132.86259874006922,88,14,131,531,allocated,132.86259874006922,88,3,131,54,allocated,644.0448726752355,88,44,131,47,existing,1065.4658794619622,88,46,131,173,existing,1347.6422169595921,88,33,131,422,allocated,1231.5368667694786,88,5,131,67,allocated,2191.163982785649,88,45,131,517,existing,3148.4408088553437
89,89,14,133,138,allocated,503.89389666425217,89,14,133,531,existing,129.51590536444408,89,14,133,450,allocated,126.76622157590307,89,3,133,54,allocated,381.6663685707222,89,44,133,47,existing,803.087375357449,89,33,133,422,allocated,1493.915370873992,89,46,133,173,existing,1610.0207210641054,89,45,133,517,existing,3410.819312959857,89,5,133,67,allocated,2453.5424868901623
90,90,14,134,138,allocated,417.6953827762287,90,14,134,531,existing,215.7144192524675,90,14,134,450,allocated,40.56770768787964,90,3,134,54,allocated,295.46785468269877,90,44,134,47,existing,716.8888614694256,90,46,134,173,existing,1625.1691730838781,90,33,134,422,allocated,1509.0638228937646,90,5,134,67,allocated,2468.6909389099346,90,45,134,517,existing,3425.9677649796295
91,91,14,135,138,allocated,614.4541543863993,91,14,135,531,existing,135.28751689387587,91,14,135,449,allocated,88.69716042430142,91,3,135,54,allocated,492.2266262928693,91,44,135,47,existing,913.6476330795961,91,46,135,173,existing,1615.7923325935371,91,33,135,422,allocated,1499.6869824034238,91,5,135,67,allocated,2459.314098419594,91,45,135,517,existing,3416.5909244892887
92,92,14,136,138,allocated,576.5038568849989,92,14,136,531,existing,97.33721939247552,92,14,136,449,allocated,50.746862922901066,92,3,136,54,allocated,454.2763287914689,92,44,136,47,existing,875.6973355781956,92,46,136,173,existing,1577.842035092137,92,33,136,422,allocated,1461.7366849020236,92,45,136,517,existing,3378.6406269878885,92,5,136,67,allocated,2421.3638009181936
93,93,14,138,138,allocated,0.0,93,14,138,137,existing,75.69038341287938,93,14,138,138,allocated,0.0,93,3,138,54,allocated,394.5587707876376,93,44,138,47,existing,754.9949571941909,93,33,138,422,allocated,1608.1547389987034,93,46,138,173,existing,1724.260089188817,93,5,138,67,allocated,2567.781855014873,93,45,138,517,existing,3525.0586810845684
94,94,14,139,138,allocated,397.7490137865323,94,14,139,146,allocated,34.483032905928766,94,14,139,146,allocated,34.483032905928766,94,3,139,54,allocated,792.3077845741699,94,44,139,47,existing,1152.7439709807231,94,46,139,173,existing,2105.207855157859,94,33,139,422,allocated,1989.1025049677453,94,45,139,517,existing,3906.0064470536104,94,5,139,67,allocated,2948.7296209839155
95,95,14,140,138,allocated,327.30102734572677,95,14,140,146,allocated,104.93101934673435,95,14,140,146,allocated,104.93101934673435,95,3,140,54,allocated,721.8597981333643,95,44,140,47,existing,1082.2959845399175,95,46,140,173,existing,2034.7598687170532,95,33,140,422,allocated,1918.6545185269397,95,5,140,67,allocated,2878.28163454311,95,45,140,517,existing,3835.558460612805
96,96,14,141,138,allocated,339.4540830185311,96,14,141,146,allocated,92.974502738698,96,14,141,146,allocated,92.974502738698,96,3,141,54,allocated,734.0128538061687,96,44,141,47,existing,1068.3952089596694,96,46,141,173,existing,2046.9129243898576,96,33,141,422,allocated,1930.807574199744,96,5,141,67,allocated,2890.434690215914,96,45,141,517,existing,3847.711516285609
97,97,14,142,138,allocated,250.9908477428226,97,14,142,137,existing,175.30046432994328,97,14,142,137,allocated,175.30046432994328,97,3,142,54,allocated,645.5496185304602,97,44,142,47,existing,979.9319736839609,97,46,142,173,existing,1958.4496891141491,97,33,142,422,allocated,1842.3443389240356,97,5,142,67,allocated,2801.971454940206,97,45,142,517,existing,3759.248281009901
98,98,14,143,138,allocated,550.3005144896008,98,14,143,146,allocated,150.47390986719617,98,14,143,143,allocated,0.0,98,3,143,54,allocated,944.8592852772383,98,44,143,47,existing,1191.7658484511394,98,46,143,173,existing,2165.180734877419,98,33,143,422,allocated,2049.075384687306,98,5,143,67,allocated,3008.7025007034754,98,45,143,517,existing,3965.9793267731707
99,99,14,144,138,allocated,414.99066819324446,99,14,144,146,allocated,17.24137849921662,99,14,144,146,allocated,17.24137849921662,99,3,144,54,allocated,809.5494389808821,99,44,144,47,existing,1169.9856253874352,99,46,144,173,existing,2105.994768391189,99,33,144,422,allocated,1989.8894182010756,99,45,144,517,existing,3906.7933602869407,99,5,144,67,allocated,2949.516534217246
100,100,14,145,138,allocated,565.9929408620169,100,14,145,146,allocated,133.7608941695558,100,14,145,145,allocated,0.0,100,3,145,54,allocated,960.5517116496544,100,44,145,47,existing,1175.052832753499,100,33,145,422,allocated,2065.788400384946,100,46,145,173,existing,2181.893750575059,100,45,145,517,existing,3982.6923424708107,100,5,145,67,allocated,3025.4155164011154
101,101,14,146,138,allocated,432.2320466924611,101,14,146,146,allocated,0.0,101,14,146,146,allocated,0.0,101,3,146,54,allocated,826.7908174800987,101,44,146,47,existing,1156.2381572485294,101,46,146,173,existing,2123.236146890406,101,33,146,422,allocated,2007.1307967002922,101,45,146,517,existing,3924.0347387861575,101,5,146,67,allocated,2966.7579127164627
102,102,14,147,138,allocated,775.2058013472081,102,14,147,146,allocated,421.6374177835724,102,14,147,143,allocated,271.16350791637626,102,3,147,54,allocated,1134.5847918266238,102,44,147,47,existing,1462.9293563675155,102,46,147,173,existing,1894.0172269610428,102,33,147,422,allocated,1777.9118767709292,102,5,147,67,allocated,2737.5389927870992,102,45,147,517,existing,3694.8158188567945
103,103,22,148,269,allocated,329.59073401897336,103,22,148,29,existing,333.32063976058623,103,22,148,269,allocated,329.59073401897336,103,5,148,67,allocated,709.8303067510981,103,46,148,173,existing,1269.9227801589177,103,33,148,422,allocated,1386.028130349031,103,45,148,517,existing,2000.1913528079267,103,3,148,54,allocated,2599.624098560097,103,44,148,47,existing,3292.9656984650037
104,104,22,149,269,allocated,247.98625399531184,104,22,149,29,existing,413.32708890012134,104,22,149,269,allocated,247.98625399531184,104,5,149,67,allocated,628.0164461501555,104,46,149,173,existing,1244.9983571480311,104,33,149,422,allocated,1361.1037073381444,104,45,149,517,existing,1979.3056393753295,104,44,149,47,existing,3268.041275454117,104,3,149,54,allocated,2574.69967554921
105,105,22,150,269,allocated,542.5976758179828,105,22,150,29,existing,546.3275815595956,105,22,150,269,allocated,542.5976758179828,105,5,150,67,allocated,745.0791542711845,105,46,150,173,existing,1056.9158383599083,105,33,150,422,allocated,1173.0211885500216,105,45,150,517,existing,1787.1844110089173,105,3,150,54,allocated,2386.6171567610872,105,44,150,47,existing,3079.9587566659943
106,106,42,155,342,existing,598.1953256696387,106,42,155,67,existing,410.4571818930371,106,42,155,205,allocated,325.46880141154713,106,5,155,67,allocated,410.4571818930371,106,46,155,173,existing,599.1406040748133,106,45,155,517,existing,1367.734007962732,106,33,155,422,allocated,715.2459542649267,106,44,155,47,existing,2622.1835223808994,106,3,155,54,allocated,1928.8419224759925
107,107,42,156,342,existing,278.3179260069354,107,42,156,342,allocated,278.3179260069354,107,42,156,342,allocated,278.3179260069354,107,46,156,173,existing,432.51402547329184,107,33,156,422,allocated,548.6193756634053,107,3,156,54,allocated,1762.215343874471,107,5,156,67,allocated,857.5480829918716,107,44,156,47,existing,2455.556943779378,107,45,156,517,existing,1781.9168970207256
108,108,42,157,342,existing,356.05234382542017,108,42,157,342,allocated,356.05234382542017,108,42,157,342,existing,356.05234382542017,108,46,157,173,existing,510.24844329177665,108,33,157,422,allocated,626.3537934818901,108,3,157,54,allocated,1839.949761692956,108,5,157,67,allocated,935.2825008103564,108,44,157,47,existing,2533.2913615978628,108,45,157,517,existing,1859.6513148392105
109,109,22,158,269,allocated,427.74529933769634,109,22,158,29,existing,620.6584726699473,109,22,158,205,allocated,221.86324843417444,109,5,158,67,allocated,650.7318990467508,109,46,158,173,existing,820.47216539404,109,45,158,517,existing,1680.8071188630172,109,33,158,422,allocated,936.5775155841534,109,44,158,47,existing,2843.515083700126,109,3,158,54,allocated,2150.173483795219
110,110,8,159,92,allocated,807.8092412115026,110,8,159,92,allocated,807.8092412115026,110,8,159,92,allocated,807.8092412115026,110,45,159,517,existing,1256.6399419064085,110,5,159,67,allocated,1344.628200011652,110,33,159,422,allocated,1692.149307332889,110,46,159,173,existing,1576.0439571427755,110,44,159,47,existing,3599.0868754488615,110,3,159,54,allocated,2905.745275543955
111,111,8,160,92,allocated,693.9630001220106,111,8,160,92,allocated,693.9630001220106,111,8,160,92,allocated,693.9630001220106,111,45,160,517,existing,1142.7937008169165,111,5,160,67,allocated,1267.0137835622813,111,46,160,173,existing,1489.9833274046778,111,33,160,422,allocated,1606.0886775947913,111,3,160,54,allocated,2819.684645805857,111,44,160,47,existing,3513.0262457107638
112,112,14,162,138,allocated,821.4167890168951,112,14,162,531,existing,625.8790308053308,112,14,162,163,allocated,50.710951821615375,112,3,162,54,allocated,426.8580182292575,112,44,162,47,existing,1120.1996181341642,112,46,162,173,existing,1442.5926220400852,112,33,162,422,allocated,1326.4872718499714,112,45,162,517,existing,3243.3912139358363,112,5,162,67,allocated,2286.1143878661414
113,113,14,163,138,allocated,770.7058371952797,113,14,163,531,existing,575.1680789837155,113,14,163,163,allocated,0.0,113,3,163,54,allocated,376.1470664076421,113,44,163,47,existing,1069.488666312549,113,33,163,422,allocated,1275.7763200283562,113,46,163,173,existing,1391.8816702184697,113,45,163,517,existing,3192.6802621142215,113,5,163,67,allocated,2235.403436044526
114,114,41,166,47,existing,621.5860691970595,114,41,166,224,existing,616.1272793066431,114,41,166,223,allocated,603.9338549617844,114,44,166,47,existing,621.5860691970595,114,3,166,54,allocated,1152.9031078722821,114,33,166,422,allocated,2366.499076083348,114,46,166,173,existing,2482.6044262734613,114,5,166,67,allocated,3326.1261920995175,114,45,166,517,existing,4283.403018169212
115,115,41,167,47,existing,627.918034343331,115,41,167,224,existing,622.4592444529146,115,41,167,223,allocated,610.265820108056,115,44,167,47,existing,627.918034343331,115,3,167,54,allocated,1159.2350730185535,115,46,167,173,existing,2488.936391419733,115,33,167,422,allocated,2372.831041229619,115,5,167,67,allocated,3332.458157245789,115,45,167,517,existing,4289.734983315484
116,116,22,168,269,allocated,458.42921972391133,116,22,168,29,existing,265.5160463916604,116,22,168,269,allocated,458.42921972391133,116,5,168,67,allocated,875.3554105736574,116,46,168,173,existing,1483.591598264829,116,33,168,422,allocated,1599.6969484549422,116,45,168,517,existing,2213.860170913838,116,3,168,54,allocated,2813.2929166660083,116,44,168,47,existing,3506.634516570915
117,117,22,169,269,allocated,572.6862844826417,117,22,169,29,existing,379.7731111503907,117,22,169,269,allocated,572.6862844826417,117,5,169,67,allocated,986.8280319608631,117,46,169,173,existing,1597.8486630235593,117,33,169,422,allocated,1713.9540132136726,117,45,169,517,existing,2328.1172356725683,117,3,169,54,allocated,2927.5499814247387,117,44,169,47,existing,3620.8915813296453
118,118,22,170,269,allocated,590.671601748697,118,22,170,29,existing,488.95581005021904,118,22,170,269,allocated,590.671601748697,118,5,170,67,allocated,837.1605537301715,118,46,170,173,existing,1589.630666996762,118,45,170,517,existing,2414.9896017835267,118,33,170,422,allocated,1705.7360171868754,118,3,170,54,allocated,2919.3319853979415,118,44,170,47,existing,3612.673585302848
119,119,22,171,269,allocated,478.64380490273544,119,22,171,29,existing,600.9836068961805,119,22,171,269,allocated,478.64380490273544,119,5,171,67,allocated,725.13275688421,119,46,171,173,existing,1477.6028701508008,119,33,171,422,allocated,1593.708220340914,119,45,171,517,existing,2302.9618049375654,119,44,171,47,existing,3500.6457884568867,119,3,171,54,allocated,2807.30418855198
120,120,42,172,342,existing,453.1823667594107,120,42,172,342,allocated,453.1823667594107,120,42,172,422,allocated,151.7452870472219,120,46,172,173,existing,35.63993685710844,120,33,172,422,allocated,151.7452870472219,120,5,172,67,allocated,879.161702683165,120,3,172,54,allocated,1365.3412552582877,120,44,172,47,existing,2058.6828551631943,120,45,172,517,existing,1836.43852875286
121,121,14,174,138,allocated,162.97160099379838,121,14,174,137,existing,238.66198440667776,121,14,174,138,allocated,162.97160099379838,121,3,174,54,allocated,548.5296956468197,121,44,174,47,existing,592.0233562003925,121,33,174,422,allocated,1762.1256638578855,121,46,174,173,existing,1878.231014047999,121,45,174,517,existing,3679.0296059437505,121,5,174,67,allocated,2721.7527798740552
122,122,14,175,138,allocated,208.25531331192096,122,14,175,137,existing,283.9456967248003,122,14,175,138,allocated,208.25531331192096,122,44,175,47,existing,546.73964388227,122,3,175,54,allocated,593.8134079649424,122,33,175,422,allocated,1807.409376176008,122,46,175,173,existing,1923.5147263661215,122,5,175,67,allocated,2767.036492192178,122,45,175,517,existing,3724.313318261873
123,123,22,176,269,allocated,631.3419474197214,123,22,176,29,existing,448.2854643791946,123,22,176,269,allocated,631.3419474197214,123,5,176,67,allocated,877.830899401196,123,46,176,173,existing,1630.3010126677868,123,33,176,422,allocated,1746.4063628579001,123,45,176,517,existing,2396.6295889013722,123,44,176,47,existing,3653.343930973873,123,3,176,54,allocated,2960.002331068966
124,124,22,177,269,allocated,582.4763698057102,124,22,177,29,existing,389.56319647345924,124,22,177,269,allocated,582.4763698057102,124,5,177,67,allocated,936.5531673069313,124,46,177,173,existing,1607.6387483466278,124,33,177,422,allocated,1723.7440985367411,124,45,177,517,existing,2337.907320995637,124,3,177,54,allocated,2937.340066747807,124,44,177,47,existing,3630.681666652714
125,125,14,178,138,allocated,411.5985936000669,125,14,178,137,existing,335.9082101871876,125,14,178,137,allocated,335.9082101871876,125,3,178,54,allocated,806.1573643877045,125,44,178,47,existing,1166.593550794258,125,33,178,422,allocated,1814.3215735026788,125,46,178,173,existing,1930.4269236927921,125,5,178,67,allocated,2773.948689518849,125,45,178,517,existing,3731.2255155885437
126,126,14,179,138,allocated,330.7512423624202,126,14,179,137,existing,255.06085894954083,126,14,179,137,allocated,255.06085894954083,126,3,179,54,allocated,725.3100131500578,126,44,179,47,existing,1085.7461995566111,126,33,179,422,allocated,1733.474222265032,126,46,179,173,existing,1849.5795724551454,126,45,179,517,existing,3650.378164350897,126,5,179,67,allocated,2693.101338281202
127,127,14,180,138,allocated,567.8978577235732,127,14,180,146,allocated,285.50587146931184,127,14,180,146,allocated,285.50587146931184,127,3,180,54,allocated,962.4566285112107,127,44,180,47,existing,1143.060485979789,127,46,180,173,existing,2290.8077653390696,127,33,180,422,allocated,2174.702415148956,127,5,180,67,allocated,3134.3295311651264,127,45,180,517,existing,4091.606357234821
128,128,14,181,138,allocated,508.49378463492695,128,14,181,146,allocated,226.10179838066557,128,14,181,146,allocated,226.10179838066557,128,3,181,54,allocated,903.0525554225644,128,44,181,47,existing,1083.656412891143,128,46,181,173,existing,2231.4036922504233,128,33,181,422,allocated,2115.29834206031,128,45,181,517,existing,4032.202284146175,128,5,181,67,allocated,3074.92545807648
129,129,22,182,269,allocated,702.6564251003329,129,22,182,29,existing,600.9406334018549,129,22,182,269,allocated,702.6564251003329,129,5,182,67,allocated,949.1453770818075,129,46,182,173,existing,1701.6154903483982,129,33,182,422,allocated,1817.7208405385115,129,45,182,517,existing,2526.9744251351626,129,3,182,54,allocated,3031.316808749578,129,44,182,47,existing,3724.6584086544844
130,130,22,183,269,allocated,662.2032867803714,130,22,183,29,existing,560.4874950818935,130,22,183,269,allocated,662.2032867803714,130,5,183,67,allocated,908.692238761846,130,46,183,173,existing,1661.1623520284368,130,33,183,422,allocated,1777.26770221855,130,45,183,517,existing,2486.521286815201,130,44,183,47,existing,3684.2052703345225,130,3,183,54,allocated,2990.863670429616
131,131,14,184,138,allocated,479.3171887478626,131,14,184,531,existing,374.9123982826361,131,14,184,531,allocated,374.9123982826361,131,3,184,54,allocated,728.5743248486467,131,44,184,47,existing,1149.9953316353735,131,46,184,173,existing,1589.692016502159,131,33,184,422,allocated,1473.5866663120455,131,45,184,517,existing,3390.4906083979104,131,5,184,67,allocated,2433.2137823282155
132,132,42,185,342,existing,535.5790380211816,132,42,185,342,allocated,535.5790380211816,132,42,185,422,allocated,382.278111503329,132,46,185,173,existing,266.1727613132156,132,33,185,422,allocated,382.278111503329,132,3,185,54,allocated,1595.8740797143948,132,5,185,67,allocated,961.558373944936,132,45,185,517,existing,1918.835200014631,132,44,185,47,existing,2289.2156796193017
133,133,42,186,342,existing,343.8467079617178,133,42,186,342,allocated,343.8467079617178,133,42,186,342,existing,343.8467079617178,133,46,186,173,existing,344.7919863668924,133,33,186,422,allocated,460.8973365570058,133,3,186,54,allocated,1674.4933047680718,133,5,186,67,allocated,769.8260438854722,133,44,186,47,existing,2367.8349046729786,133,45,186,517,existing,1727.1028699551673
134,134,41,190,47,existing,355.0786586042001,134,41,190,224,existing,349.6198687137837,134,41,190,223,allocated,337.42644436892505,134,44,190,47,existing,355.0786586042001,134,3,190,54,allocated,766.4829489673101,134,46,190,173,existing,2096.1842673684896,134,33,190,422,allocated,1980.0789171783758,134,5,190,67,allocated,2939.706033194546,134,45,190,517,existing,3896.982859264241
135,135,41,191,47,existing,398.63169078542984,135,41,191,224,existing,393.1729008950135,135,41,191,223,allocated,380.9794765501548,135,44,191,47,existing,398.63169078542984,135,3,191,54,allocated,722.9299167860803,135,46,191,173,existing,2052.6312351872593,135,33,191,422,allocated,1936.525884997146,135,45,191,517,existing,3853.429827083011,135,5,191,67,allocated,2896.1530010133156
136,136,41,192,47,existing,233.97158786525546,136,41,192,224,existing,263.8172264453891,136,41,192,47,existing,233.97158786525546,136,44,192,47,existing,233.97158786525546,136,3,192,54,allocated,872.0812462874267,136,46,192,173,existing,2201.782564688606,136,33,192,422,allocated,2085.6772144984925,136,45,192,517,existing,4002.5811565843574,136,5,192,67,allocated,3045.304330514662
137,137,14,193,138,allocated,410.82241477007386,137,14,193,137,existing,486.51279818295325,137,14,193,54,allocated,241.73430677242914,137,3,193,54,allocated,241.73430677242914,137,44,193,47,existing,694.9881021568672,137,33,193,422,allocated,1455.3302749834947,137,46,193,173,existing,1571.4356251736083,137,45,193,517,existing,3372.23421706936,137,5,193,67,allocated,2414.9573909996648
138,138,14,194,138,allocated,423.75908776496624,138,14,194,137,existing,499.4494711778456,138,14,194,54,allocated,254.6709797673215,138,3,194,54,allocated,254.6709797673215,138,44,194,47,existing,707.9247751517594,138,33,194,422,allocated,1468.2669479783872,138,46,194,173,existing,1584.3722981685007,138,5,194,67,allocated,2427.894063994557,138,45,194,517,existing,3385.1708900642525
139,139,22,195,269,allocated,444.43149629912193,139,22,195,29,existing,637.3446696313729,139,22,195,269,allocated,444.43149629912193,139,5,195,67,allocated,690.9204482805965,139,46,195,173,existing,1443.3905615471872,139,33,195,422,allocated,1559.4959117373005,139,45,195,517,existing,2268.749496333952,139,3,195,54,allocated,2773.0918799483666,139,44,195,47,existing,3466.433479853273
140,140,22,196,269,allocated,403.50353872405344,140,22,196,29,existing,596.4167120563044,140,22,196,269,allocated,403.50353872405344,140,5,196,67,allocated,649.992490705528,140,46,196,173,existing,1402.4626039721188,140,33,196,422,allocated,1518.5679541622321,140,45,196,517,existing,2227.821538758883,140,44,196,47,existing,3425.505522278205,140,3,196,54,allocated,2732.163922373298
141,141,8,197,92,allocated,514.0152763549461,141,8,197,92,allocated,514.0152763549461,141,8,197,92,allocated,514.0152763549461,141,45,197,517,existing,962.845977049852,141,5,197,67,allocated,1087.0660597952167,141,33,197,422,allocated,1426.1409538277267,141,46,197,173,existing,1310.0356036376133,141,3,197,54,allocated,2639.7369220387927,141,44,197,47,existing,3333.0785219436993
142,142,14,198,138,allocated,247.30435672800309,142,14,198,137,existing,322.99474014088247,142,14,198,138,allocated,247.30435672800309,142,3,198,54,allocated,403.60224964621335,142,44,198,47,existing,825.0232564329401,142,46,198,173,existing,1722.0718560979963,142,33,198,422,allocated,1605.966505907883,142,45,198,517,existing,3522.8704479937483,142,5,198,67,allocated,2565.5936219240534
143,143,14,199,138,allocated,293.7962356707839,143,14,199,137,existing,369.4866190836633,143,14,199,138,allocated,293.7962356707839,143,3,199,54,allocated,351.4235286658967,143,44,199,47,existing,772.8445354526234,143,46,199,173,existing,1681.124847067076,143,33,199,422,allocated,1565.0194968769624,143,45,199,517,existing,3481.9234389628273,143,5,199,67,allocated,2524.6466128931324
144,144,42,200,342,existing,705.3739716862588,144,42,200,342,allocated,705.3739716862588,144,42,200,422,allocated,560.544120013715,144,46,200,173,existing,444.43876982360143,144,33,200,422,allocated,560.544120013715,144,5,200,67,allocated,1131.353307610013,144,3,200,54,allocated,1774.1400882247808,144,44,200,47,existing,2467.481688129688,144,45,200,517,existing,2088.6301336797083
145,145,42,201,342,existing,643.3277767990593,145,42,201,342,allocated,643.3277767990593,145,42,201,422,allocated,490.02685028120663,145,46,201,173,existing,373.9215000910932,145,33,201,422,allocated,490.02685028120663,145,5,201,67,allocated,1069.3071127228136,145,3,201,54,allocated,1703.6228184922725,145,44,201,47,existing,2396.9644183971795,145,45,201,517,existing,2026.5839387925087
146,146,14,202,138,allocated,493.1051982499984,146,14,202,137,existing,568.7955816628778,146,14,202,54,allocated,324.0170902523537,146,3,202,54,allocated,324.0170902523537,146,44,202,47,existing,777.2708856367917,146,33,202,422,allocated,1537.6130584634193,146,46,202,173,existing,1653.7184086535328,146,45,202,517,existing,3454.5170005492846,146,5,202,67,allocated,2497.2401744795893
147,147,8,203,92,allocated,841.2053139978043,147,8,203,67,existing,831.3183172075795,147,8,203,67,allocated,831.3183172075795,147,5,203,67,allocated,831.3183172075795,147,46,203,173,existing,1054.287861049976,147,33,203,422,allocated,1170.3932112400894,147,45,203,517,existing,1290.03601469271,147,44,203,47,existing,3077.330779356062,147,3,203,54,allocated,2383.9891794511555
148,148,22,205,269,allocated,570.7873871564714,148,22,205,67,existing,642.2039259368553,148,22,205,205,allocated,0.0,148,5,205,67,allocated,642.2039259368553,148,46,205,173,existing,739.1457985375731,148,33,205,422,allocated,855.2511487276865,148,45,205,517,existing,1599.4807520065503,148,3,205,54,allocated,2068.847116938752,148,44,205,47,existing,2762.188716843659
149,149,8,206,92,allocated,569.442672074337,149,8,206,67,existing,559.5556752841123,149,8,206,67,allocated,559.5556752841123,149,5,206,67,allocated,559.5556752841123,149,46,206,173,existing,782.5252191265088,149,45,206,517,existing,1018.2733727692429,149,33,206,422,allocated,898.6305693166223,149,44,206,47,existing,2805.5681374325945,149,3,206,54,allocated,2112.226537527688
150,150,41,207,47,existing,384.3656299369688,150,41,207,224,existing,354.5199913568352,150,41,207,227,allocated,180.76400445012248,150,44,207,47,existing,384.3656299369688,150,3,207,54,allocated,1044.9420409154247,150,33,207,422,allocated,2258.5380091264906,150,46,207,173,existing,2374.643359316604,150,45,207,517,existing,4175.441951212355,150,5,207,67,allocated,3218.16512514266
151,151,41,208,47,existing,551.0675265962176,151,41,208,224,existing,521.221888016084,151,41,208,227,allocated,347.46590110937126,151,44,208,47,existing,551.0675265962176,151,3,208,54,allocated,1211.6439375746736,151,33,208,422,allocated,2425.239905785739,151,46,208,173,existing,2541.3452559758525,151,45,208,517,existing,4342.1438478716045,151,5,208,67,allocated,3384.867021801909
152,152,41,209,47,existing,449.1923658842525,152,41,209,224,existing,443.7335759938362,152,41,209,223,allocated,431.54015164897754,152,44,209,47,existing,449.1923658842525,152,3,209,54,allocated,735.9611865426415,152,46,209,173,existing,2065.6625049438207,152,33,209,422,allocated,1949.5571547537072,152,45,209,517,existing,3866.4610968395723,152,5,209,67,allocated,2909.184270769877
153,153,41,210,47,existing,505.129635681874,153,41,210,224,existing,534.9752742620076,153,41,210,47,existing,505.129635681874,153,44,210,47,existing,505.129635681874,153,3,210,54,allocated,891.5424789083459,153,46,210,173,existing,2221.243797309525,153,33,210,422,allocated,2105.1384471194115,153,5,210,67,allocated,3064.765563135581,153,45,210,517,existing,4022.0423892052763
154,154,22,211,269,allocated,431.4676925185903,154,22,211,29,existing,414.5715420194542,154,22,211,269,allocated,431.4676925185903,154,5,211,67,allocated,834.5668426644766,154,46,211,173,existing,1389.6230445095257,154,45,211,517,existing,2118.749331695442,154,33,211,422,allocated,1505.7283946996392,154,44,211,47,existing,3412.665962815612,154,3,211,54,allocated,2719.324362910705
155,155,22,212,269,allocated,537.8124380690051,155,22,212,29,existing,520.916287569869,155,22,212,269,allocated,537.8124380690051,155,5,212,67,allocated,940.9115882148915,155,46,212,173,existing,1495.9677900599409,155,45,212,517,existing,2225.0940772458566,155,33,212,422,allocated,1612.0731402500542,155,3,212,54,allocated,2825.6691084611202,155,44,212,47,existing,3519.010708366027
156,156,14,213,138,allocated,569.213276315653,156,14,213,137,existing,644.9036597285324,156,14,213,54,allocated,400.1251683180083,156,3,213,54,allocated,400.1251683180083,156,44,213,47,existing,853.3789637024463,156,33,213,422,allocated,1613.721136529074,156,46,213,173,existing,1729.8264867191874,156,45,213,517,existing,3530.625078614939,156,5,213,67,allocated,2573.3482525452437
157,157,22,214,269,allocated,379.0051685458777,157,22,214,29,existing,571.9183418781287,157,22,214,269,allocated,379.0051685458777,157,5,214,67,allocated,601.9917682549323,157,46,214,173,existing,1028.8886995116056,157,33,214,422,allocated,1144.994049701719,157,45,214,517,existing,1889.223652980583,157,44,214,47,existing,3051.931617817692,157,3,214,54,allocated,2358.5900179127852
158,158,22,215,269,allocated,397.71423757563986,158,22,215,29,existing,590.6274109078907,158,22,215,269,allocated,397.71423757563986,158,5,215,67,allocated,620.7008372846943,158,46,215,173,existing,1047.5977685413677,158,33,215,422,allocated,1163.703118731481,158,45,215,517,existing,1907.932722010345,158,44,215,47,existing,3070.6406868474537,158,3,215,54,allocated,2377.299086942547
159,159,41,225,47,existing,164.08960276671573,159,41,225,224,existing,158.63081287629944,159,41,225,223,allocated,146.43738853144077,159,44,225,47,existing,164.08960276671573,159,3,225,54,allocated,531.7912366822901,159,46,225,173,existing,1861.4925550834694,159,33,225,422,allocated,1745.3872048933558,159,5,225,67,allocated,2705.014320909526,159,45,225,517,existing,3662.2911469792207
160,160,41,226,47,existing,82.28190038689166,160,41,226,224,existing,76.82311049647537,160,41,226,223,allocated,64.6296861516167,160,44,226,47,existing,82.28190038689166,160,3,226,54,allocated,613.5989390621141,160,33,226,422,allocated,1827.19490727318,160,46,226,173,existing,1943.3002574632933,160,45,226,517,existing,3744.098849359045,160,5,226,67,allocated,2786.82202328935
161,161,41,227,47,existing,203.60162548684633,161,41,227,224,existing,173.7559869067127,161,41,227,227,allocated,0.0,161,44,227,47,existing,203.60162548684633,161,3,227,54,allocated,864.1780364653022,161,46,227,173,existing,2193.8793548664817,161,33,227,422,allocated,2077.774004676368,161,45,227,517,existing,3994.677946762233,161,5,227,67,allocated,3037.401120692538
162,162,41,228,47,existing,294.7615018211484,162,41,228,224,existing,264.9158632410148,162,41,228,227,allocated,91.15987633430207,162,44,228,47,existing,294.7615018211484,162,3,228,54,allocated,955.3379127996043,162,46,228,173,existing,2285.0392312007834,162,33,228,422,allocated,2168.93388101067,162,5,228,67,allocated,3128.5609970268397,162,45,228,517,existing,4085.837823096535
163,163,41,229,47,existing,564.3240761454392,163,41,229,224,existing,534.4784375653055,163,41,229,458,allocated,301.85526802013703,163,44,229,47,existing,564.3240761454392,163,3,229,54,allocated,1224.9004871238951,163,33,229,422,allocated,2438.496455334961,163,46,229,173,existing,2554.6018055250743,163,45,229,517,existing,4355.400397420826,163,5,229,67,allocated,3398.1235713511305
164,164,42,230,342,existing,677.1993081831395,164,42,230,67,existing,488.0830547867585,164,42,230,67,allocated,488.0830547867585,164,5,230,67,allocated,488.0830547867585,164,46,230,173,existing,711.052598629155,164,45,230,517,existing,1397.58030893559,164,33,230,422,allocated,827.1579488192685,164,3,230,54,allocated,2040.7539170303344,164,44,230,47,existing,2734.095516935241
165,165,42,231,342,existing,523.2821503486427,165,42,231,67,existing,334.16589695226185,165,42,231,67,allocated,334.16589695226185,165,5,231,67,allocated,334.16589695226185,165,46,231,173,existing,557.1354407946584,165,33,231,422,allocated,673.2407909847718,165,45,231,517,existing,1243.6631511010933,165,3,231,54,allocated,1886.8367591958377,165,44,231,47,existing,2580.1783591007443
166,166,41,236,47,existing,585.3649560777824,166,41,236,224,existing,579.9061661873661,166,41,236,223,allocated,567.7127418425074,166,44,236,47,existing,585.3649560777824,166,3,236,54,allocated,1116.681994753005,166,46,236,173,existing,2446.383313154184,166,33,236,422,allocated,2330.277962964071,166,5,236,67,allocated,3289.9050789802404,166,45,236,517,existing,4247.181905049936
167,167,42,237,342,existing,681.4136443511542,167,42,237,342,allocated,681.4136443511542,167,42,237,422,allocated,584.5044473488194,167,46,237,173,existing,468.399097158706,167,33,237,422,allocated,584.5044473488194,167,3,237,54,allocated,1798.1004155598853,167,5,237,67,allocated,1107.3929802749085,167,45,237,517,existing,2064.669806344604,167,44,237,47,existing,2491.4420154647923
168,168,41,238,47,existing,553.9574722575962,168,41,238,224,existing,548.49868236718,168,41,238,223,allocated,536.3052580223213,168,44,238,47,existing,553.9574722575962,168,3,238,54,allocated,1085.2745109328189,168,33,238,422,allocated,2298.8704791438845,168,46,238,173,existing,2414.9758293339983,168,5,238,67,allocated,3258.4975951600545,168,45,238,517,existing,4215.774421229749
169,169,42,250,342,existing,550.4840470901719,169,42,250,67,existing,362.7459033135703,169,42,250,205,allocated,279.458022623285,169,5,250,67,allocated,362.7459033135703,169,46,250,173,existing,551.4293254953465,169,33,250,422,allocated,667.5346756854599,169,45,250,517,existing,1320.0227293832652,169,3,250,54,allocated,1881.1306438965257,169,44,250,47,existing,2574.4722438014323
170,170,41,253,47,existing,619.0207639572095,170,41,253,146,allocated,537.2173932913197,170,41,253,146,allocated,537.2173932913197,170,44,253,47,existing,619.0207639572095,170,3,253,54,allocated,1198.6172538459502,170,33,253,422,allocated,2412.2132220570156,170,46,253,173,existing,2528.3185722471294,170,45,253,517,existing,4329.117164142881,170,5,253,67,allocated,3371.8403380731856
171,171,41,254,47,existing,457.20265854923775,171,41,254,224,existing,487.04829712937135,171,41,254,47,existing,457.20265854923775,171,44,254,47,existing,457.20265854923775,171,3,254,54,allocated,1036.7991484379784,171,33,254,422,allocated,2250.395116649044,171,46,254,173,existing,2366.5004668391575,171,45,254,517,existing,4167.299058734909,171,5,254,67,allocated,3210.022232665214
172,172,22,255,269,allocated,890.0508056724223,172,22,255,67,existing,932.2393059872086,172,22,255,269,allocated,890.0508056724223,172,5,255,67,allocated,932.2393059872086,172,46,255,173,existing,1244.0759900759322,172,33,255,422,allocated,1360.1813402660457,172,45,255,517,existing,1595.6715674635054,172,44,255,47,existing,3267.118908382018,172,3,255,54,allocated,2573.7773084771115
173,173,14,257,138,allocated,480.4690036285293,173,14,257,146,allocated,97.42615954246396,173,14,257,146,allocated,97.42615954246396,173,3,257,54,allocated,875.0277744161668,173,44,257,47,existing,1235.46396082272,173,33,257,422,allocated,1909.7046371578283,173,46,257,173,existing,2025.8099873479418,173,5,257,67,allocated,2869.3317531739985,173,45,257,517,existing,3826.6085792436934
174,174,41,259,47,existing,352.7112770730936,174,41,259,224,existing,382.55691565322724,174,41,259,47,existing,352.7112770730936,174,44,259,47,existing,352.7112770730936,174,3,259,54,allocated,753.3415570795885,174,33,259,422,allocated,1966.9375252906543,174,46,259,173,existing,2083.0428754807676,174,45,259,517,existing,3883.841467376519,174,5,259,67,allocated,2926.564641306824
175,175,41,260,47,existing,247.18313892314666,175,41,260,224,existing,277.02877750328025,175,41,260,47,existing,247.18313892314666,175,44,260,47,existing,247.18313892314666,175,3,260,54,allocated,633.5959821496185,175,46,260,173,existing,1963.2973005507977,175,33,260,422,allocated,1847.1919503606844,175,45,260,517,existing,3764.095892446549,175,5,260,67,allocated,2806.8190663768537
176,176,43,261,517,existing,163.89097916404685,176,43,261,92,allocated,387.444184010993,176,43,261,517,allocated,163.89097916404685,176,45,261,517,existing,163.89097916404685,176,5,261,67,allocated,1516.442531369442,176,46,261,173,existing,1739.4120752118383,176,33,261,422,allocated,1786.9775707921424,176,3,261,54,allocated,2997.419489662874,176,44,261,47,existing,3690.7610895677813
177,177,43,262,517,existing,88.18561619832863,177,43,262,92,allocated,360.6450844965772,177,43,262,517,allocated,88.18561619832863,177,45,262,517,existing,88.18561619832863,177,5,262,67,allocated,1489.6434318550264,177,33,262,422,allocated,1828.7183258875364,177,46,262,173,existing,1712.6129756974228,177,44,262,47,existing,3735.655894003509,177,3,262,54,allocated,3042.314294098602
178,178,43,263,517,existing,43.08810140030446,178,43,263,92,allocated,405.7425992946014,178,43,263,517,allocated,43.08810140030446,178,45,263,517,existing,43.08810140030446,178,5,263,67,allocated,1534.7409466530507,178,46,263,173,existing,1757.7104904954472,178,33,263,422,allocated,1873.8158406855607,178,3,263,54,allocated,3087.4118088966266,178,44,263,47,existing,3780.753408801533
179,179,43,264,517,existing,354.1095841311679,179,43,264,92,allocated,393.3479777787506,179,43,264,24,allocated,243.81325102579336,179,45,264,517,existing,354.1095841311679,179,5,264,67,allocated,1522.3463251371995,179,46,264,173,existing,1745.315868979596,179,33,264,422,allocated,1861.4212191697095,179,44,264,47,existing,3768.358787285682,179,3,264,54,allocated,3075.0171873807753
180,180,43,266,517,existing,256.04838476372856,180,43,266,92,allocated,295.2867784113113,180,43,266,24,allocated,145.75205165835405,180,45,266,517,existing,256.04838476372856,180,5,266,67,allocated,1424.2851257697603,180,46,266,173,existing,1647.2546696121567,180,33,266,422,allocated,1763.3600198022702,180,3,266,54,allocated,2976.955988013336,180,44,266,47,existing,3670.2975879182427
181,181,8,267,92,allocated,1061.375562982245,181,8,267,92,allocated,1061.375562982245,181,8,267,92,allocated,1061.375562982245,181,45,267,517,existing,1510.2062636771507,181,5,267,67,allocated,1634.4263464225155,181,33,267,422,allocated,1973.5012404550255,181,46,267,173,existing,1857.3958902649122,181,44,267,47,existing,3880.4388085709975,181,3,267,54,allocated,3187.097208666091
182,182,8,268,92,allocated,1146.7694652596451,182,8,268,92,allocated,1146.7694652596451,182,8,268,92,allocated,1146.7694652596451,182,45,268,517,existing,1595.600165954551,182,5,268,67,allocated,1719.8202486999157,182,46,268,173,existing,1942.7897925423124,182,33,268,422,allocated,2058.895142732426,182,44,268,47,existing,3965.832710848398,182,3,268,54,allocated,3272.4911109434915
183,183,22,269,269,allocated,0.0,183,22,269,29,existing,192.913173332251,183,22,269,269,allocated,0.0,183,5,269,67,allocated,416.92619084974604,183,46,269,173,existing,1169.396304116337,183,45,269,517,existing,1994.7552389031014,183,33,269,422,allocated,1285.5016543064503,183,44,269,47,existing,3192.439222422423,183,3,269,54,allocated,2499.0976225175164
184,184,22,270,269,allocated,357.1891018906795,184,22,270,29,existing,550.1022752229304,184,22,270,269,allocated,357.1891018906795,184,5,270,67,allocated,580.175701599734,184,46,270,173,existing,1007.0726328564075,184,45,270,517,existing,1867.4075863253847,184,33,270,422,allocated,1123.1779830465207,184,44,270,47,existing,3030.1155511624934,184,3,270,54,allocated,2336.7739512575868
185,185,8,271,92,allocated,961.2434828178796,185,8,271,67,existing,951.3564860276548,185,8,271,67,allocated,951.3564860276548,185,5,271,67,allocated,951.3564860276548,185,46,271,173,existing,1174.3260298700513,185,33,271,422,allocated,1290.4313800601649,185,45,271,517,existing,1410.0741835127853,185,3,271,54,allocated,2504.0273482712305,185,44,271,47,existing,3197.368948176137
186,186,22,272,269,allocated,328.2313484483297,186,22,272,29,existing,521.1445217805807,186,22,272,269,allocated,328.2313484483297,186,5,272,67,allocated,574.7203004298043,186,46,272,173,existing,1327.1904136963951,186,33,272,422,allocated,1443.2957638865084,186,45,272,517,existing,2152.5493484831595,186,3,272,54,allocated,2656.8917320975743,186,44,272,47,existing,3350.233332002481
187,187,41,274,47,existing,148.53723951528866,187,41,274,224,existing,178.3828780954223,187,41,274,47,existing,148.53723951528866,187,44,274,47,existing,148.53723951528866,187,3,274,54,allocated,690.5090419114156,187,33,274,422,allocated,1904.1050101224814,187,46,274,173,existing,2020.2103603125947,187,45,274,517,existing,3821.0089522083463,187,5,274,67,allocated,2863.732126138651
188,188,41,275,47,existing,75.6848987543899,188,41,275,224,existing,105.53053733452354,188,41,275,47,existing,75.6848987543899,188,44,275,47,existing,75.6848987543899,188,3,275,54,allocated,617.6567011505168,188,46,275,173,existing,1947.358019551696,188,33,275,422,allocated,1831.2526693615828,188,5,275,67,allocated,2790.8797853777523,188,45,275,517,existing,3748.1566114474476
189,189,14,276,138,allocated,290.60139132764283,189,14,276,137,existing,366.2917747405222,189,14,276,54,allocated,130.78491342059436,189,3,276,54,allocated,130.78491342059436,189,44,276,47,existing,562.5566864843124,189,46,276,173,existing,1460.4862318217736,189,33,276,422,allocated,1344.38088163166,189,5,276,67,allocated,2304.00799764783,189,45,276,517,existing,3261.284823717525
190,190,22,277,269,allocated,230.24930678160584,190,22,277,29,existing,395.59014168641534,190,22,277,269,allocated,230.24930678160584,190,5,277,67,allocated,645.7533933638615,190,46,277,173,existing,1262.7353043617372,190,33,277,422,allocated,1378.8406545518505,190,45,277,517,existing,1997.0425865890356,190,44,277,47,existing,3285.7782226678232,190,3,277,54,allocated,2592.436622762916
191,191,8,280,92,allocated,617.6596117470309,191,8,280,92,allocated,617.6596117470309,191,8,280,92,allocated,617.6596117470309,191,45,280,517,existing,1066.4903124419368,191,5,280,67,allocated,1190.7103951873016,191,46,280,173,existing,1413.6799390296983,191,33,280,422,allocated,1529.7852892198116,191,44,280,47,existing,3436.7228573357843,191,3,280,54,allocated,2743.3812574308777
192,192,8,281,92,allocated,726.9402835367573,192,8,281,92,allocated,726.9402835367573,192,8,281,92,allocated,726.9402835367573,192,45,281,517,existing,1175.770984231663,192,5,281,67,allocated,1299.991066977028,192,46,281,173,existing,1522.9606108194243,192,33,281,422,allocated,1639.065961009538,192,44,281,47,existing,3546.0035291255103,192,3,281,54,allocated,2852.6619292206037
193,193,8,282,92,allocated,821.8139820637699,193,8,282,92,allocated,821.8139820637699,193,8,282,92,allocated,821.8139820637699,193,45,282,517,existing,1270.6446827586758,193,5,282,67,allocated,1358.6329408639194,193,46,282,173,existing,1590.0486979950429,193,33,282,422,allocated,1706.1540481851564,193,44,282,47,existing,3613.091616301129,193,3,282,54,allocated,2919.7500163962222
194,194,42,283,342,existing,626.9053927844815,194,42,283,67,existing,215.6710946364005,194,42,283,67,allocated,215.6710946364005,194,5,283,67,allocated,215.6710946364005,194,46,283,173,existing,627.850671189656,194,45,283,517,existing,1362.1579534169546,194,33,283,422,allocated,743.9560213797695,194,3,283,54,allocated,1957.5519895908353,194,44,283,47,existing,2650.893589495742
195,195,41,286,47,existing,317.9499306996088,195,41,286,224,existing,347.79556927974244,195,41,286,47,existing,317.9499306996088,195,44,286,47,existing,317.9499306996088,195,3,286,54,allocated,931.994615488434,195,33,286,422,allocated,2145.5905836995,195,46,286,173,existing,2261.695933889613,195,5,286,67,allocated,3105.2176997156694,195,45,286,517,existing,4062.4945257853647
196,196,41,287,47,existing,249.5032912318957,196,41,287,224,existing,279.3489298120294,196,41,287,47,existing,249.5032912318957,196,44,287,47,existing,249.5032912318957,196,3,287,54,allocated,863.547976020721,196,46,287,173,existing,2193.2492944219002,196,33,287,422,allocated,2077.143944231787,196,45,287,517,existing,3994.047886317652,196,5,287,67,allocated,3036.7710602479565
197,197,41,289,47,existing,739.2192264733043,197,41,289,224,existing,733.7604365828879,197,41,289,223,allocated,721.5670122380293,197,44,289,47,existing,739.2192264733043,197,3,289,54,allocated,1270.536265148527,197,46,289,173,existing,2600.237583549706,197,33,289,422,allocated,2484.1322333595926,197,5,289,67,allocated,3443.759349375762,197,45,289,517,existing,4401.036175445457
198,198,22,295,269,allocated,218.21845962255634,198,22,295,67,existing,198.70773122718973,198,22,295,67,allocated,198.70773122718973,198,5,295,67,allocated,198.70773122718973,198,46,295,173,existing,1042.2294970532462,198,33,295,422,allocated,1158.3348472433597,198,45,295,517,existing,1776.5367792805448,198,44,295,47,existing,3065.272415359332,198,3,295,54,allocated,2371.9308154544256
199,199,22,296,269,allocated,248.40897622323482,199,22,296,67,existing,168.51721462651128,199,22,296,67,allocated,168.51721462651128,199,5,296,67,allocated,168.51721462651128,199,46,296,173,existing,1012.0389804525679,199,33,296,422,allocated,1128.1443306426813,199,45,296,517,existing,1746.3462626798664,199,3,296,54,allocated,2341.740298853747,199,44,296,47,existing,3035.0818987586536
200,200,8,297,92,allocated,862.2077109826549,200,8,297,298,existing,303.88270072148555,200,8,297,298,allocated,303.88270072148555,200,5,297,67,allocated,852.3207141924303,200,46,297,173,existing,1041.987470620372,200,45,297,517,existing,1259.194613167207,200,33,297,422,allocated,1158.0928208104854,200,44,297,47,existing,3065.030388926458,200,3,297,54,allocated,2371.688789021551
201,201,42,301,342,existing,733.3522293751171,201,42,301,67,existing,579.6446533582546,201,42,301,205,allocated,567.0102356508295,201,5,301,67,allocated,579.6446533582546,201,46,301,173,existing,768.3280755400308,201,33,301,422,allocated,884.4334257301442,201,45,301,517,existing,1245.634584282849,201,44,301,47,existing,2791.370993846117,201,3,301,54,allocated,2098.0293939412104
202,202,42,302,342,existing,532.300376429052,202,42,302,67,existing,310.27611099183,202,42,302,67,allocated,310.27611099183,202,5,302,67,allocated,310.27611099183,202,46,302,173,existing,533.2456548342266,202,33,302,422,allocated,649.35100502434,202,45,302,517,existing,1267.552937061525,202,44,302,47,existing,2556.2885731403126,202,3,302,54,allocated,1862.946973235406
203,203,42,303,342,existing,449.6566539720303,203,42,303,342,allocated,449.6566539720303,203,42,303,342,allocated,449.6566539720303,203,46,303,173,existing,603.8527534383867,203,33,303,422,allocated,719.9581036285001,203,5,303,67,allocated,1028.8868109569667,203,3,303,54,allocated,1933.554071839566,203,45,303,517,existing,1953.2556249858205,203,44,303,47,existing,2626.895671744473
204,204,22,304,269,allocated,96.69635229594617,204,22,304,29,existing,289.60952562819716,204,22,304,269,allocated,96.69635229594617,204,5,304,67,allocated,321.19722819759255,204,46,304,173,existing,1108.1116370066036,204,33,304,422,allocated,1224.216987196717,204,45,304,517,existing,1899.0262762509478,204,44,304,47,existing,3131.15455531269,204,3,304,54,allocated,2437.812955407783
205,205,22,305,269,allocated,166.7503545684105,205,22,305,29,existing,359.6635279006615,205,22,305,269,allocated,166.7503545684105,205,5,305,67,allocated,391.2512304700569,205,46,305,173,existing,1178.1656392790678,205,45,305,517,existing,1969.080278523412,205,33,305,422,allocated,1294.2709894691811,205,3,305,54,allocated,2507.866957680247,205,44,305,47,existing,3201.208557585154
206,206,42,306,342,existing,238.9432892094075,206,42,306,342,allocated,238.9432892094075,206,42,306,342,existing,238.9432892094075,206,46,306,173,existing,351.1597481196309,206,33,306,422,allocated,467.26509830974436,206,5,306,67,allocated,776.1938056382107,206,3,306,54,allocated,1680.8610665208103,206,44,306,47,existing,2374.202666425717,206,45,306,517,existing,1700.5626196670646
207,207,42,307,342,existing,237.48262816698815,207,42,307,342,allocated,237.48262816698815,207,42,307,342,existing,237.48262816698815,207,46,307,173,existing,391.6787276333446,207,33,307,422,allocated,507.784077823458,207,3,307,54,allocated,1721.380046034524,207,5,307,67,allocated,816.7127851519244,207,44,307,47,existing,2414.721645939431,207,45,307,517,existing,1741.0815991807785
208,208,22,308,269,allocated,532.1413350612344,208,22,308,67,existing,603.5578738416183,208,22,308,205,allocated,87.49200078889892,208,5,308,67,allocated,603.5578738416183,208,46,308,173,existing,700.499746442336,208,45,308,517,existing,1560.8346999113132,208,33,308,422,allocated,816.6050966324494,208,44,308,47,existing,2723.542664748422,208,3,308,54,allocated,2030.2010648435153
209,209,22,309,269,allocated,567.4948369998001,209,22,309,67,existing,638.911375780184,209,22,309,205,allocated,108.50352351554956,209,5,309,67,allocated,638.911375780184,209,46,309,173,existing,735.8532483809018,209,33,309,422,allocated,851.9585985710153,209,45,309,517,existing,1596.188201849879,209,3,309,54,allocated,2065.554566782081,209,44,309,47,existing,2758.896166686988
210,210,22,312,269,allocated,189.56475857428552,210,22,312,67,existing,227.36143227546057,210,22,312,269,allocated,189.56475857428552,210,5,312,67,allocated,227.36143227546057,210,46,312,173,existing,1070.8831981015173,210,45,312,517,existing,1805.1904803288157,210,33,312,422,allocated,1186.9885482916307,210,3,312,54,allocated,2400.5845165026967,210,44,312,47,existing,3093.9261164076033
211,211,22,315,269,allocated,271.98274756063324,211,22,315,29,existing,464.8959208928842,211,22,315,269,allocated,271.98274756063324,211,5,315,67,allocated,494.96934726968766,211,46,315,173,existing,921.8662785263613,211,33,315,422,allocated,1037.9716287164745,211,45,315,517,existing,1782.2012319953385,211,44,315,47,existing,2944.9091968324474,211,3,315,54,allocated,2251.5675969275408
212,212,22,316,269,allocated,297.0505301920656,212,22,316,29,existing,489.96370352431654,212,22,316,269,allocated,297.0505301920656,212,5,316,67,allocated,520.03712990112,212,46,316,173,existing,946.9340611577936,212,45,316,517,existing,1807.269014626771,212,33,316,422,allocated,1063.039411347907,212,3,316,54,allocated,2276.635379558973,212,44,316,47,existing,2969.9769794638796
213,213,42,318,342,existing,63.32452885568013,213,42,318,342,allocated,63.32452885568013,213,42,318,342,existing,63.32452885568013,213,46,318,173,existing,354.21790104662216,213,33,318,422,allocated,366.2424129652105,213,3,318,54,allocated,1576.6843318359422,213,5,318,67,allocated,779.2519585652019,213,44,318,47,existing,2270.025931740849,213,45,318,517,existing,1703.620772594056
214,214,42,320,342,existing,104.46449535611413,214,42,320,342,allocated,104.46449535611413,214,42,320,342,allocated,104.46449535611413,214,33,320,422,allocated,325.1024464647765,214,46,320,173,existing,328.6688290718449,214,3,320,54,allocated,1535.5443653355082,214,5,320,67,allocated,753.7028865904247,214,45,320,517,existing,1678.0717006192788,214,44,320,47,existing,2228.8859652404153
215,215,42,323,342,existing,639.5195684681881,215,42,323,342,allocated,639.5195684681881,215,42,323,422,allocated,345.5698341709202,215,46,323,173,existing,229.46448398080673,215,33,323,422,allocated,345.5698341709202,215,3,323,54,allocated,1559.165802381986,215,5,323,67,allocated,1065.4989043919425,215,45,323,517,existing,2022.7757304616375,215,44,323,47,existing,2252.507402286893
216,216,42,324,342,existing,682.9433103176132,216,42,324,342,allocated,682.9433103176132,216,42,324,422,allocated,388.99357602034513,216,46,324,173,existing,272.8882258302317,216,33,324,422,allocated,388.99357602034513,216,3,324,54,allocated,1602.5895442314109,216,5,324,67,allocated,1108.9226462413676,216,45,324,517,existing,2066.1994723110624,216,44,324,47,existing,2295.931144136318
217,217,14,325,138,allocated,881.4301185552259,217,14,325,531,existing,570.437445724093,217,14,325,163,allocated,110.72428135994616,217,3,325,54,allocated,486.8713477675883,217,44,325,47,existing,1180.2129476724951,217,33,325,422,allocated,1271.0456867687337,217,46,325,173,existing,1387.1510369588473,217,5,325,67,allocated,2230.6728027849035,217,45,325,517,existing,3187.9496288545984
218,218,14,330,138,allocated,644.6139170761635,218,14,330,531,existing,248.7017631323993,218,14,330,531,allocated,248.7017631323993,218,3,330,54,allocated,759.8840370675656,218,44,330,47,existing,1181.3050438542923,218,33,330,422,allocated,1274.8559071306136,218,46,330,173,existing,1390.961257320727,218,5,330,67,allocated,2234.4830231467836,218,45,330,517,existing,3191.7598492164784
219,219,14,331,138,allocated,586.9396562977912,219,14,331,531,existing,191.02750235402704,219,14,331,531,allocated,191.02750235402704,219,3,331,54,allocated,702.2097762891933,219,44,331,47,existing,1123.6307830759201,219,46,331,173,existing,1333.2869965423547,219,33,331,422,allocated,1217.1816463522412,219,45,331,517,existing,3134.0855884381062,219,5,331,67,allocated,2176.8087623684114
220,220,14,334,138,allocated,194.7460419120526,220,14,334,137,existing,119.05565849917323,220,14,334,137,allocated,119.05565849917323,220,3,334,54,allocated,589.3048126996902,220,44,334,47,existing,923.3026333057685,220,46,334,173,existing,1917.6559495275492,220,33,334,422,allocated,1801.5505993374354,220,5,334,67,allocated,2761.177715353606,220,45,334,517,existing,3718.4545414233007
221,221,14,335,138,allocated,97.79814887149138,221,14,335,137,existing,173.48853228437076,221,14,335,138,allocated,97.79814887149138,221,3,335,54,allocated,483.3562435245128,221,44,335,47,existing,816.9648959704666,221,46,335,173,existing,1813.057561925692,221,33,335,422,allocated,1696.9522117355784,221,5,335,67,allocated,2656.5793277517487,221,45,335,517,existing,3613.8561538214435
222,222,41,336,47,existing,997.3809335860093,222,41,336,224,existing,967.5352950058756,222,41,336,336,allocated,0.0,222,44,336,47,existing,997.3809335860093,222,3,336,54,allocated,1657.957344564465,222,46,336,173,existing,2987.658662965644,222,33,336,422,allocated,2871.5533127755307,222,45,336,517,existing,4788.457254861396,222,5,336,67,allocated,3831.1804287917003
223,223,42,338,342,existing,391.68517598127613,223,42,338,342,allocated,391.68517598127613,223,42,338,342,allocated,391.68517598127613,223,46,338,173,existing,545.8812754476326,223,33,338,422,allocated,661.986625637746,223,3,338,54,allocated,1875.582593848812,223,5,338,67,allocated,970.9153329662123,223,45,338,517,existing,1895.2841469950663,223,44,338,47,existing,2568.9241937537186
224,224,22,339,269,allocated,96.96979557034584,224,22,339,29,existing,289.8829689025969,224,22,339,269,allocated,96.96979557034584,224,5,339,67,allocated,319.9563952794002,224,46,339,173,existing,1072.426508545991,224,33,339,422,allocated,1188.5318587361044,224,45,339,517,existing,1897.7854433327554,224,44,339,47,existing,3095.469426852077,224,3,339,54,allocated,2402.1278269471704
225,225,22,340,269,allocated,158.3534677219554,225,22,340,29,existing,351.2666410542064,225,22,340,269,allocated,158.3534677219554,225,5,340,67,allocated,381.3400674310098,225,46,340,173,existing,1011.0428363943814,225,33,340,422,allocated,1127.1481865844949,225,45,340,517,existing,1871.3777898633589,225,44,340,47,existing,3034.0857547004675,225,3,340,54,allocated,2340.744154795561
226,226,42,342,342,existing,0.0,226,42,342,342,allocated,0.0,226,42,342,342,existing,0.0,226,46,342,173,existing,417.5424299023023,226,33,342,422,allocated,429.56694182089063,226,5,342,67,allocated,842.576487420882,226,3,342,54,allocated,1640.0088606916224,226,44,342,47,existing,2333.3504605965295,226,45,342,517,existing,1766.945301449736
227,227,22,344,269,allocated,701.48755461678,227,22,344,67,existing,719.2764348883702,227,22,344,269,allocated,701.48755461678,227,5,344,67,allocated,719.2764348883702,227,46,344,173,existing,1031.113118977094,227,33,344,422,allocated,1147.2184691672073,227,45,344,517,existing,1543.537593257795,227,3,344,54,allocated,2360.8144373782734,227,44,344,47,existing,3054.15603728318
228,228,22,345,269,allocated,781.9020030633441,228,22,345,67,existing,799.6908833349343,228,22,345,269,allocated,781.9020030633441,228,5,345,67,allocated,799.6908833349343,228,46,345,173,existing,1111.527567423658,228,45,345,517,existing,1463.123144811231,228,33,345,422,allocated,1227.6329176137713,228,3,345,54,allocated,2441.228885824837,228,44,345,47,existing,3134.570485729744
229,229,41,346,47,existing,743.5504382735002,229,41,346,224,existing,738.0916483830838,229,41,346,223,allocated,725.8982240382252,229,44,346,47,existing,743.5504382735002,229,3,346,54,allocated,1274.867476948723,229,33,346,422,allocated,2488.4634451597885,229,46,346,173,existing,2604.568795349902,229,5,346,67,allocated,3448.090561175958,229,45,346,517,existing,4405.367387245653
230,230,22,347,269,allocated,105.07042355217894,230,22,347,29,existing,87.84274978007205,230,22,347,269,allocated,105.07042355217894,230,5,347,67,allocated,521.9966144019251,230,46,347,173,existing,1274.466727668516,230,33,347,422,allocated,1390.5720778586292,230,45,347,517,existing,2099.82566245528,230,3,347,54,allocated,2604.1680460696953,230,44,347,47,existing,3297.509645974602
231,231,22,348,269,allocated,82.39513342711588,231,22,348,29,existing,110.51803990513511,231,22,348,269,allocated,82.39513342711588,231,5,348,67,allocated,499.32132427686196,231,46,348,173,existing,1251.7914375434527,231,33,348,422,allocated,1367.896787733566,231,45,348,517,existing,2077.150372330217,231,44,348,47,existing,3274.834355849539,231,3,348,54,allocated,2581.4927559446323
232,232,14,349,138,allocated,599.107538269024,232,14,349,146,allocated,246.34366849408644,232,14,349,146,allocated,246.34366849408644,232,3,349,54,allocated,993.6663090566615,232,44,349,47,existing,1354.1024954632148,232,33,349,422,allocated,1912.9476247575762,232,46,349,173,existing,2029.0529749476896,232,5,349,67,allocated,2872.5747407737463,232,45,349,517,existing,3829.851566843441
233,233,14,350,138,allocated,524.2473016799393,233,14,350,146,allocated,321.2039050831711,233,14,350,146,allocated,321.2039050831711,233,3,350,54,allocated,918.8060724675768,233,44,350,47,existing,1279.2422588741301,233,46,350,173,existing,1960.8286096681982,233,33,350,422,allocated,1844.7232594780849,233,5,350,67,allocated,2804.350375494255,233,45,350,517,existing,3761.6272015639497
234,234,22,351,269,allocated,385.49710735541856,234,22,351,29,existing,192.58393402316761,234,22,351,269,allocated,385.49710735541856,234,5,351,67,allocated,802.4232982051647,234,46,351,173,existing,1410.6594858963363,234,33,351,422,allocated,1526.7648360864496,234,45,351,517,existing,2140.9280585453453,234,3,351,54,allocated,2740.3608042975156,234,44,351,47,existing,3433.7024042024223
235,235,41,352,47,existing,721.3772247261379,235,41,352,224,existing,715.9184348357215,235,41,352,223,allocated,703.7250104908628,235,44,352,47,existing,721.3772247261379,235,3,352,54,allocated,1252.6942634013606,235,46,352,173,existing,2582.3955818025397,235,33,352,422,allocated,2466.2902316124264,235,5,352,67,allocated,3425.917347628596,235,45,352,517,existing,4383.194173698292
236,236,41,353,47,existing,761.3380611889174,236,41,353,224,existing,755.8792712985012,236,41,353,223,allocated,743.6858469536426,236,44,353,47,existing,761.3380611889174,236,3,353,54,allocated,1292.65509986414,236,33,353,422,allocated,2506.2510680752057,236,46,353,173,existing,2622.356418265319,236,5,353,67,allocated,3465.8781840913753,236,45,353,517,existing,4423.15501016107
237,237,14,354,138,allocated,635.2468047552675,237,14,354,146,allocated,220.9994851257233,237,14,354,146,allocated,220.9994851257233,237,44,354,47,existing,935.2386721228061,237,3,354,54,allocated,1029.805575542905,237,33,354,422,allocated,2226.6002959364805,237,46,354,173,existing,2342.705646126594,237,45,354,517,existing,4143.504238022346,237,5,354,67,allocated,3186.227411952651
238,238,14,355,138,allocated,692.2595802989729,238,14,355,146,allocated,278.0122606694287,238,14,355,146,allocated,278.0122606694287,238,44,355,47,existing,878.2258965791007,238,3,355,54,allocated,1086.8183510866104,238,46,355,173,existing,2399.7184216702994,238,33,355,422,allocated,2283.6130714801857,238,45,355,517,existing,4200.517013566051,238,5,355,67,allocated,3243.240187496356
239,239,22,356,269,allocated,398.0321590186704,239,22,356,29,existing,590.9453323509214,239,22,356,269,allocated,398.0321590186704,239,5,356,67,allocated,644.5211110001451,239,46,356,173,existing,1396.9912242667358,239,45,356,517,existing,2222.3501590535,239,33,356,422,allocated,1513.096574456849,239,3,356,54,allocated,2726.6925426679154,239,44,356,47,existing,3420.034142572822
240,240,41,357,47,existing,166.3200804788434,240,41,357,224,existing,160.8612905884271,240,41,357,223,allocated,148.66786624356843,240,44,357,47,existing,166.3200804788434,240,3,357,54,allocated,697.6371191540659,240,46,357,173,existing,2027.338437555245,240,33,357,422,allocated,1911.2330873651317,240,45,357,517,existing,3828.1370294509966,240,5,357,67,allocated,2870.8602033813013
241,241,41,359,47,existing,439.97121579736313,241,41,359,224,existing,469.8168543774967,241,41,359,47,existing,439.97121579736313,241,44,359,47,existing,439.97121579736313,241,3,359,54,allocated,1054.0159005861883,241,33,359,422,allocated,2267.611868797254,241,46,359,173,existing,2383.7172189873672,241,5,359,67,allocated,3227.2389848134235,241,45,359,517,existing,4184.515810883119
242,242,8,360,92,allocated,728.1212806495392,242,8,360,298,existing,437.96913105460123,242,8,360,298,allocated,437.96913105460123,242,5,360,67,allocated,718.2342838593146,242,46,360,173,existing,907.9010402872564,242,45,360,517,existing,1176.9519813444451,242,33,360,422,allocated,1024.0063904773697,242,44,360,47,existing,2930.9439585933424,242,3,360,54,allocated,2237.6023586884357
243,243,14,361,138,allocated,563.5890909985702,243,14,361,146,allocated,149.34177136902605,243,14,361,146,allocated,149.34177136902605,243,3,361,54,allocated,958.1478617862077,243,44,361,47,existing,1006.8963858795034,243,46,361,173,existing,2271.047932369897,243,33,361,422,allocated,2154.942582179783,243,45,361,517,existing,4071.8465242656484,243,5,361,67,allocated,3114.5696981959536
244,244,22,362,269,allocated,503.64412758777644,244,22,362,29,existing,696.5573009200274,244,22,362,269,allocated,503.64412758777644,244,5,362,67,allocated,750.133079569251,244,46,362,173,existing,1502.6031928358418,244,45,362,517,existing,2327.962127622606,244,33,362,422,allocated,1618.7085430259551,244,3,362,54,allocated,2832.304511237021,244,44,362,47,existing,3525.6461111419276
245,245,14,363,138,allocated,466.1774203105184,245,14,363,137,existing,541.8678037233979,245,14,363,138,allocated,466.1774203105184,245,44,363,47,existing,576.7657927249695,245,3,363,54,allocated,851.7355149635398,245,33,363,422,allocated,2065.3314831746056,245,46,363,173,existing,2181.436833364719,245,45,363,517,existing,3982.235425260471,245,5,363,67,allocated,3024.958599190775
246,246,14,364,138,allocated,519.4466721059252,246,14,364,224,existing,553.3421795096963,246,14,364,138,allocated,519.4466721059252,246,44,364,47,existing,523.4965409295626,246,3,364,54,allocated,905.0047667589467,246,33,364,422,allocated,2118.600734970012,246,46,364,173,existing,2234.706085160126,246,45,364,517,existing,4035.5046770558774,246,5,364,67,allocated,3078.227850986182
247,247,14,365,138,allocated,703.8319155418928,247,14,365,146,allocated,351.0680457669553,247,14,365,143,allocated,342.53739372169156,247,3,365,54,allocated,1063.2109060213086,247,44,365,47,existing,1458.8268727360837,247,33,365,422,allocated,1808.2232474847074,247,46,365,173,existing,1924.3285976748207,247,5,365,67,allocated,2767.8503635008774,247,45,365,517,existing,3725.127189570572
248,248,41,366,47,existing,304.40133094085706,248,41,366,224,existing,334.2469695209907,248,41,366,47,existing,304.40133094085706,248,44,366,47,existing,304.40133094085706,248,3,366,54,allocated,801.651503211825,248,46,366,173,existing,2131.3528216130044,248,33,366,422,allocated,2015.2474714228908,248,45,366,517,existing,3932.1514135087555,248,5,366,67,allocated,2974.8745874390606
249,249,22,367,269,allocated,817.4993286306177,249,22,367,29,existing,715.7835369321398,249,22,367,269,allocated,817.4993286306177,249,5,367,67,allocated,1063.9882806120922,249,46,367,173,existing,1816.458393878683,249,45,367,517,existing,2641.817328665448,249,33,367,422,allocated,1932.5637440687963,249,44,367,47,existing,3839.5013121847687,249,3,367,54,allocated,3146.159712279862
250,250,22,368,269,allocated,770.5313835183772,250,22,368,29,existing,668.8155918198993,250,22,368,269,allocated,770.5313835183772,250,5,368,67,allocated,1017.0203354998517,250,46,368,173,existing,1769.4904487664426,250,45,368,517,existing,2594.849383553207,250,33,368,422,allocated,1885.5957989565559,250,3,368,54,allocated,3099.191767167622,250,44,368,47,existing,3792.5333670725286
251,251,8,369,92,allocated,975.2374993256784,251,8,369,67,existing,965.3505025354536,251,8,369,67,allocated,965.3505025354536,251,5,369,67,allocated,965.3505025354536,251,46,369,173,existing,1188.3200463778503,251,33,369,422,allocated,1304.4253965679636,251,45,369,517,existing,1424.0682000205843,251,3,369,54,allocated,2518.0213647790297,251,44,369,47,existing,3211.3629646839363
252,252,22,370,269,allocated,935.3207698334368,252,22,370,67,existing,977.5092701482232,252,22,370,269,allocated,935.3207698334368,252,5,370,67,allocated,977.5092701482232,252,46,370,173,existing,1289.345954236947,252,33,370,422,allocated,1405.4513044270602,252,45,370,517,existing,1640.94153162452,252,3,370,54,allocated,2619.047272638126,252,44,370,47,existing,3312.388872543033
253,253,22,371,269,allocated,953.3237695028233,253,22,371,67,existing,995.5122698176098,253,22,371,269,allocated,953.3237695028233,253,5,371,67,allocated,995.5122698176098,253,46,371,173,existing,1307.3489539063335,253,45,371,517,existing,1658.9445312939065,253,33,371,422,allocated,1423.4543040964468,253,3,371,54,allocated,2637.0502723075124,253,44,371,47,existing,3330.3918722124195
254,254,41,372,47,existing,612.5065349313044,254,41,372,224,existing,582.6608963511707,254,41,372,458,allocated,350.0377268060022,254,44,372,47,existing,612.5065349313044,254,3,372,54,allocated,1273.0829459097604,254,46,372,173,existing,2602.7842643109398,254,33,372,422,allocated,2486.678914120826,254,5,372,67,allocated,3446.306030136996,254,45,372,517,existing,4403.582856206691
255,255,41,373,47,existing,632.0771235084136,255,41,373,224,existing,602.23148492828,255,41,373,458,allocated,427.7750622564374,255,44,373,47,existing,632.0771235084136,255,3,373,54,allocated,1292.6535344868696,255,46,373,173,existing,2622.3548528880488,255,33,373,422,allocated,2506.249502697935,255,5,373,67,allocated,3465.8766187141055,255,45,373,517,existing,4423.1534447838
256,256,14,374,138,allocated,753.0499754802893,256,14,374,146,allocated,411.9718402071903,256,14,374,143,allocated,403.44118816192656,256,3,374,54,allocated,1002.3071115810735,256,44,374,47,existing,1423.7281183678003,256,33,374,422,allocated,1747.3194530444723,256,46,374,173,existing,1863.4248032345859,256,5,374,67,allocated,2706.9465690606426,256,45,374,517,existing,3664.2233951303374
257,257,14,375,138,allocated,625.752701906051,257,14,375,531,existing,521.3479114408246,257,14,375,531,allocated,521.3479114408246,257,3,375,54,allocated,875.0098380068353,257,44,375,47,existing,1296.430844793562,257,46,375,173,existing,1736.1275296603476,257,33,375,422,allocated,1620.022179470234,257,45,375,517,existing,3536.926121556099,257,5,375,67,allocated,2579.6492954864043
258,258,14,376,138,allocated,608.400095152029,258,14,376,146,allocated,405.3566985552609,258,14,376,146,allocated,405.3566985552609,258,3,376,54,allocated,1002.9588659396666,258,44,376,47,existing,1363.39505234622,258,33,376,422,allocated,1760.570466005995,258,46,376,173,existing,1876.6758161961084,258,5,376,67,allocated,2720.197582022165,258,45,376,517,existing,3677.47440809186
259,259,42,377,342,existing,276.09190889005083,259,42,377,342,allocated,276.09190889005083,259,42,377,342,allocated,276.09190889005083,259,46,377,173,existing,277.03718729522535,259,33,377,422,allocated,393.14253748533883,259,3,377,54,allocated,1606.7385056964047,259,5,377,67,allocated,702.0712448138052,259,45,377,517,existing,1659.3480708835002,259,44,377,47,existing,2300.0801056013115
260,260,14,378,138,allocated,437.9021086167028,260,14,378,146,allocated,166.50570818097776,260,14,378,146,allocated,166.50570818097776,260,3,378,54,allocated,832.4608794043404,260,44,378,47,existing,1192.8970658108938,260,33,378,422,allocated,1840.6250885193144,260,46,378,173,existing,1956.730438709428,260,45,378,517,existing,3757.5290306051793,260,5,378,67,allocated,2800.2522045354845
261,261,41,379,47,existing,759.9653073032773,261,41,379,224,existing,730.1196687231436,261,41,379,458,allocated,296.29305504423553,261,44,379,47,existing,759.9653073032773,261,3,379,54,allocated,1420.5417182817332,261,46,379,173,existing,2750.243036682912,261,33,379,422,allocated,2634.137686492799,261,5,379,67,allocated,3593.7648025089684,261,45,379,517,existing,4551.041628578663
262,262,41,380,47,existing,682.7093293990133,262,41,380,224,existing,652.8636908188797,262,41,380,458,allocated,380.77626160947636,262,44,380,47,existing,682.7093293990133,262,3,380,54,allocated,1343.2857403774694,262,46,380,173,existing,2672.9870587786486,262,33,380,422,allocated,2556.881708588535,262,45,380,517,existing,4473.7856506744,262,5,380,67,allocated,3516.5088246047053
263,263,14,381,138,allocated,491.17885455970463,263,14,381,146,allocated,557.2290969844512,263,14,381,138,allocated,491.17885455970463,263,44,381,47,existing,617.2648577744901,263,3,381,54,allocated,876.736949212726,263,46,381,173,existing,2206.4382676139053,263,33,381,422,allocated,2090.3329174237915,263,45,381,517,existing,4007.236859509657,263,5,381,67,allocated,3049.9600334399615
264,264,41,382,47,existing,646.2188725163685,264,41,382,224,existing,640.7600826259522,264,41,382,223,allocated,628.5666582810935,264,44,382,47,existing,646.2188725163685,264,3,382,54,allocated,1177.5359111915911,264,33,382,422,allocated,2391.1318794026565,264,46,382,173,existing,2507.2372295927703,264,5,382,67,allocated,3350.758995418827,264,45,382,517,existing,4308.035821488522
265,265,41,383,47,existing,610.0399118280437,265,41,383,224,existing,604.5811219376274,265,41,383,223,allocated,592.3876975927687,265,44,383,47,existing,610.0399118280437,265,3,383,54,allocated,616.6337313220946,265,46,383,173,existing,1946.3350497232739,265,33,383,422,allocated,1830.22969953316,265,45,383,517,existing,3747.1336416190256,265,5,383,67,allocated,2789.8568155493303
266,266,41,384,47,existing,530.843903320343,266,41,384,224,existing,525.3851134299266,266,41,384,223,allocated,513.191689085068,266,44,384,47,existing,530.843903320343,266,3,384,54,allocated,695.8297398297952,266,46,384,173,existing,2025.5310582309746,266,33,384,422,allocated,1909.4257080408609,266,5,384,67,allocated,2869.052824057031,266,45,384,517,existing,3826.3296501267264
267,267,22,385,269,allocated,676.6692585720327,267,22,385,29,existing,483.7560852397818,267,22,385,269,allocated,676.6692585720327,267,5,385,67,allocated,1030.7460560732538,267,46,385,173,existing,1701.8316371129504,267,33,385,422,allocated,1817.9369873030637,267,45,385,517,existing,2432.1002097619594,267,3,385,54,allocated,3031.5329555141298,267,44,385,47,existing,3724.8745554190364
268,268,41,386,47,existing,447.4767058309503,268,41,386,224,existing,442.017915940534,268,41,386,223,allocated,429.82449159567534,268,44,386,47,existing,447.4767058309503,268,3,386,54,allocated,978.7937445061727,268,46,386,173,existing,2308.495062907352,268,33,386,422,allocated,2192.3897127172386,268,5,386,67,allocated,3152.016828733408,268,45,386,517,existing,4109.293654803103
269,269,41,387,47,existing,467.0460959846157,269,41,387,224,existing,461.5873060941994,269,41,387,223,allocated,449.3938817493407,269,44,387,47,existing,467.0460959846157,269,3,387,54,allocated,989.9087872845695,269,33,387,422,allocated,2203.5047554956354,269,46,387,173,existing,2319.6101056857487,269,5,387,67,allocated,3163.131871511805,269,45,387,517,existing,4120.408697581501
270,270,22,388,269,allocated,1120.4513733465994,270,22,388,67,existing,1161.9760442877935,270,22,388,269,allocated,1120.4513733465994,270,5,388,67,allocated,1161.9760442877935,270,46,388,173,existing,1393.391801418917,270,33,388,422,allocated,1509.4971516090307,270,45,388,517,existing,1629.1399550616513,270,3,388,54,allocated,2723.0931198200965,270,44,388,47,existing,3416.434719725003
271,271,8,389,92,allocated,1096.2357658018057,271,8,389,92,allocated,1096.2357658018057,271,8,389,92,allocated,1096.2357658018057,271,5,389,67,allocated,1251.6610218515984,271,46,389,173,existing,1483.0767789827223,271,33,389,422,allocated,1599.1821291728359,271,45,389,517,existing,1545.0664664967114,271,3,389,54,allocated,2812.7780973839017,271,44,389,47,existing,3506.1196972888083
272,272,22,390,269,allocated,814.4107309078495,272,22,390,29,existing,712.6949392093716,272,22,390,269,allocated,814.4107309078495,272,5,390,67,allocated,1060.8996828893241,272,46,390,173,existing,1813.3697961559149,272,33,390,422,allocated,1929.4751463460282,272,45,390,517,existing,2638.7287309426797,272,44,390,47,existing,3836.4127144620006,272,3,390,54,allocated,3143.071114557094
273,273,22,391,269,allocated,765.8943498412416,273,22,391,29,existing,664.1785581427637,273,22,391,269,allocated,765.8943498412416,273,5,391,67,allocated,1012.3833018227162,273,46,391,173,existing,1764.853415089307,273,45,391,517,existing,2590.2123498760716,273,33,391,422,allocated,1880.9587652794203,273,44,391,47,existing,3787.896333395393,273,3,391,54,allocated,3094.5547334904863
274,274,22,392,269,allocated,506.55813200990445,274,22,392,29,existing,699.4713053421553,274,22,392,205,allocated,300.6760811063825,274,5,392,67,allocated,729.5447317189588,274,46,392,173,existing,899.284998066248,274,33,392,422,allocated,1015.3903482563614,274,45,392,517,existing,1759.6199515352253,274,3,392,54,allocated,2228.9863164674275,274,44,392,47,existing,2922.3279163723346
275,275,22,394,269,allocated,1057.6103703146296,275,22,394,67,existing,1099.1350412558236,275,22,394,269,allocated,1057.6103703146296,275,5,394,67,allocated,1099.1350412558236,275,46,394,173,existing,1330.5507983869475,275,33,394,422,allocated,1446.6561485770608,275,45,394,517,existing,1566.2989520296815,275,3,394,54,allocated,2660.252116788127,275,44,394,47,existing,3353.5937166930335
276,276,22,395,269,allocated,946.9859920142949,276,22,395,67,existing,988.5106629554889,276,22,395,269,allocated,946.9859920142949,276,5,395,67,allocated,988.5106629554889,276,46,395,173,existing,1219.9264200866128,276,33,395,422,allocated,1336.031770276726,276,45,395,517,existing,1455.6745737293468,276,44,395,47,existing,3242.969338392699,276,3,395,54,allocated,2549.627738487792
277,277,42,396,342,existing,595.8616932663043,277,42,396,342,allocated,595.8616932663043,277,42,396,342,existing,595.8616932663043,277,46,396,173,existing,553.9510482435559,277,33,396,422,allocated,670.0563984336693,277,5,396,67,allocated,1021.8410291900586,277,3,396,54,allocated,1883.6523666447351,277,45,396,517,existing,1979.1178552597537,277,44,396,47,existing,2576.993966549642
278,278,8,397,92,allocated,534.5826547748497,278,8,397,92,allocated,534.5826547748497,278,8,397,92,allocated,534.5826547748497,278,45,397,517,existing,983.4133554697556,278,5,397,67,allocated,1107.6334382151206,278,46,397,173,existing,1330.6029820575172,278,33,397,422,allocated,1446.7083322476306,278,44,397,47,existing,3353.645900363603,278,3,397,54,allocated,2660.304300458696
279,279,14,398,138,allocated,179.24224656413497,279,14,398,137,existing,103.5518631512556,279,14,398,137,allocated,103.5518631512556,279,3,398,54,allocated,573.8010173517725,279,44,398,47,existing,934.2372037583259,279,46,398,173,existing,1902.1521541796315,279,33,398,422,allocated,1786.046803989518,279,45,398,517,existing,3702.950746075383,279,5,398,67,allocated,2745.673920005688
280,280,8,399,92,allocated,549.9225228582432,280,8,399,92,allocated,549.9225228582432,280,8,399,92,allocated,549.9225228582432,280,45,399,517,existing,998.753223553149,280,5,399,67,allocated,1122.9733062985138,280,46,399,173,existing,1345.9428501409102,280,33,399,422,allocated,1462.0482003310237,280,3,399,54,allocated,2675.6441685420896,280,44,399,47,existing,3368.985768446996
281,281,41,400,47,existing,613.5120343073608,281,41,400,224,existing,608.0532444169444,281,41,400,223,allocated,595.8598200720858,281,44,400,47,existing,613.5120343073608,281,3,400,54,allocated,1144.8290729825835,281,33,400,422,allocated,2358.425041193649,281,46,400,173,existing,2474.5303913837624,281,45,400,517,existing,4275.328983279514,281,5,400,67,allocated,3318.0521572098187
282,282,22,401,269,allocated,452.615458041975,282,22,401,29,existing,645.5286313742259,282,22,401,269,allocated,452.615458041975,282,5,401,67,allocated,677.1163339436214,282,46,401,173,existing,1108.2249257635444,282,33,401,422,allocated,1224.3302759536577,282,45,401,517,existing,1842.5322079908428,282,44,401,47,existing,3131.2678440696304,282,3,401,54,allocated,2437.926244164724
283,283,14,402,138,allocated,465.0175290354233,283,14,402,224,existing,527.0418684130386,283,14,402,138,allocated,465.0175290354233,283,44,402,47,existing,497.196229832905,283,3,402,54,allocated,850.5756236884447,283,46,402,173,existing,2180.276942089624,283,33,402,422,allocated,2064.1715918995105,283,5,402,67,allocated,3023.79870791568,283,45,402,517,existing,3981.0755339853754
284,284,41,403,47,existing,478.5761742629188,284,41,403,224,existing,508.42181284305246,284,41,403,47,existing,478.5761742629188,284,44,403,47,existing,478.5761742629188,284,3,403,54,allocated,869.1956792584309,284,33,403,422,allocated,2082.7916474694966,284,46,403,173,existing,2198.89699765961,284,5,403,67,allocated,3042.418763485666,284,45,403,517,existing,3999.6955895553615
285,285,22,404,269,allocated,1060.1622866825592,285,22,404,67,existing,1102.3507869973457,285,22,404,269,allocated,1060.1622866825592,285,5,404,67,allocated,1102.3507869973457,285,46,404,173,existing,1414.1874710860693,285,33,404,422,allocated,1530.2928212761828,285,45,404,517,existing,1664.702679245283,285,44,404,47,existing,3437.2303893921553,285,3,404,54,allocated,2743.8887894872487
286,286,22,405,269,allocated,861.239761199089,286,22,405,67,existing,911.4208358340098,286,22,405,269,allocated,861.239761199089,286,5,405,67,allocated,911.4208358340098,286,46,405,173,existing,1223.2575199227335,286,45,405,517,existing,1846.5341856916093,286,33,405,422,allocated,1339.3628701128468,286,3,405,54,allocated,2552.9588383239125,286,44,405,47,existing,3246.3004382288195
287,287,22,406,269,allocated,749.2234252120979,287,22,406,67,existing,799.4044998470188,287,22,406,269,allocated,749.2234252120979,287,5,406,67,allocated,799.4044998470188,287,46,406,173,existing,1111.2411839357424,287,45,406,517,existing,1803.0536989307573,287,33,406,422,allocated,1227.346534125856,287,3,406,54,allocated,2440.9425023369217,287,44,406,47,existing,3134.2841022418284
288,288,41,407,47,existing,675.1445596833469,288,41,407,224,existing,669.6857697929304,288,41,407,54,allocated,602.2833461660582,288,3,407,54,allocated,602.2833461660582,288,44,407,47,existing,675.1445596833469,288,33,407,422,allocated,1815.8793143771238,288,46,407,173,existing,1931.9846645672376,288,5,407,67,allocated,2775.506430393294,288,45,407,517,existing,3732.7832564629894
289,289,41,408,47,existing,724.1332589956909,289,41,408,224,existing,718.6744691052744,289,41,408,54,allocated,651.2720454784022,289,3,408,54,allocated,651.2720454784022,289,44,408,47,existing,724.1332589956909,289,46,408,173,existing,1980.9733638795815,289,33,408,422,allocated,1864.8680136894677,289,5,408,67,allocated,2824.4951297056377,289,45,408,517,existing,3781.771955775333
290,290,41,409,47,existing,260.2233303293043,290,41,409,224,existing,254.76454043888796,290,41,409,223,allocated,242.5711160940293,290,44,409,47,existing,260.2233303293043,290,3,409,54,allocated,791.5403690045267,290,46,409,173,existing,2121.241687405706,290,33,409,422,allocated,2005.1363372155924,290,5,409,67,allocated,2964.7634532317625,290,45,409,517,existing,3922.0402793014578
291,291,22,410,269,allocated,394.6082613271094,291,22,410,29,existing,587.5214346593604,291,22,410,269,allocated,394.6082613271094,291,5,410,67,allocated,619.1091372287558,291,46,410,173,existing,1166.23212247841,291,45,410,517,existing,1900.5394047057084,291,33,410,422,allocated,1282.3374726685233,291,3,410,54,allocated,2495.9334408795894,291,44,410,47,existing,3189.275040784496
292,292,22,411,269,allocated,284.3995347937631,292,22,411,29,existing,477.31270812601406,292,22,411,269,allocated,284.3995347937631,292,5,411,67,allocated,508.90041069540945,292,46,411,173,existing,1244.4593703075438,292,33,411,422,allocated,1360.5647204976572,292,45,411,517,existing,1978.7666525348423,292,3,411,54,allocated,2574.160688708723,292,44,411,47,existing,3267.50228861363
293,293,14,412,138,allocated,712.0661917109676,293,14,412,146,allocated,296.7556678445486,293,14,412,145,allocated,162.9947736749928,293,44,412,47,existing,1012.0580590785061,293,3,412,54,allocated,1106.624962498605,293,46,412,173,existing,2344.8885242500523,293,33,412,422,allocated,2228.7831740599386,293,5,412,67,allocated,3188.410290076109,293,45,412,517,existing,4145.687116145804
294,294,41,413,47,existing,803.1013455036976,294,41,413,146,allocated,514.9846379696153,294,41,413,145,allocated,381.22374380005954,294,44,413,47,existing,803.1013455036976,294,3,413,54,allocated,1324.8539326236719,294,33,413,422,allocated,2447.012144185005,294,46,413,173,existing,2563.117494375119,294,5,413,67,allocated,3406.6392602011756,294,45,413,517,existing,4363.91608627087
295,295,41,415,47,existing,327.8127673038098,295,41,415,224,existing,322.35397741339347,295,41,415,223,allocated,310.1605530685348,295,44,415,47,existing,327.8127673038098,295,3,415,54,allocated,859.1298059790323,295,33,415,422,allocated,2072.725774190098,295,46,415,173,existing,2188.831124380212,295,5,415,67,allocated,3032.352890206268,295,45,415,517,existing,3989.6297162759633
296,296,8,419,92,allocated,460.20866148388325,296,8,419,420,existing,290.7263293588058,296,8,419,23,allocated,25.9335752532433,296,45,419,517,existing,536.7478794411533,296,33,419,422,allocated,1414.120670515036,296,5,419,67,allocated,1574.767447918484,296,46,419,173,existing,1530.2260207051495,296,44,419,47,existing,3317.904189290675,296,3,419,54,allocated,2624.5625893857678
297,297,8,420,92,allocated,750.9349908426891,297,8,420,420,existing,0.0,297,8,420,420,allocated,0.0,297,45,420,517,existing,827.4742087999591,297,5,420,67,allocated,1284.0411185596784,297,33,420,422,allocated,1589.8132251777333,297,46,420,173,existing,1473.70787498762,297,44,420,47,existing,3496.750793293706,297,3,420,54,allocated,2803.4091933887994
298,298,14,424,138,allocated,843.4595812787105,298,14,424,531,existing,447.54742733494635,298,14,424,163,allocated,127.62065164876913,298,3,424,54,allocated,503.76771805641124,298,33,424,422,allocated,1148.155668379587,298,44,424,47,existing,1197.109317961318,298,46,424,173,existing,1264.2610185697006,298,5,424,67,allocated,2107.782784395757,298,45,424,517,existing,3065.0596104654524
299,299,8,426,92,allocated,1133.2571545604405,299,8,426,92,allocated,1133.2571545604405,299,8,426,92,allocated,1133.2571545604405,299,45,426,517,existing,1582.0878552553463,299,5,426,67,allocated,1706.3079380007111,299,33,426,422,allocated,2045.3828320332211,299,46,426,173,existing,1929.2774818431078,299,3,426,54,allocated,3258.9788002442865,299,44,426,47,existing,3952.320400149193
300,300,8,427,92,allocated,1145.58065466272,300,8,427,92,allocated,1145.58065466272,300,8,427,92,allocated,1145.58065466272,300,45,427,517,existing,1594.411355357626,300,5,427,67,allocated,1718.6314381029906,300,33,427,422,allocated,2057.706332135501,300,46,427,173,existing,1941.600981945387,300,44,427,47,existing,3964.643900251473,300,3,427,54,allocated,3271.3023003465664
301,301,43,428,517,existing,200.78221581567865,301,43,428,92,allocated,248.0484848792272,301,43,428,24,allocated,98.51375812626995,301,45,428,517,existing,200.78221581567865,301,5,428,67,allocated,1377.0468322376764,301,46,428,173,existing,1600.0163760800729,301,33,428,422,allocated,1716.1217262701864,301,3,428,54,allocated,2929.7176944812522,301,44,428,47,existing,3623.059294386159
302,302,8,429,92,allocated,1090.5405483866841,302,8,429,92,allocated,1090.5405483866841,302,8,429,92,allocated,1090.5405483866841,302,45,429,517,existing,1539.3712490815901,302,5,429,67,allocated,1663.5913318269547,302,33,429,422,allocated,2002.6662258594647,302,46,429,173,existing,1886.5608756693514,302,44,429,47,existing,3909.603793975437,302,3,429,54,allocated,3216.2621940705303
303,303,22,430,269,allocated,1029.4969897752105,303,22,430,67,existing,1071.0216607164045,303,22,430,269,allocated,1029.4969897752105,303,5,430,67,allocated,1071.0216607164045,303,46,430,173,existing,1302.4374178475282,303,33,430,422,allocated,1418.5427680376415,303,45,430,517,existing,1538.1855714902624,303,44,430,47,existing,3325.480336153614,303,3,430,54,allocated,2632.1387362487076
304,304,8,431,92,allocated,909.3037588283225,304,8,431,92,allocated,909.3037588283225,304,8,431,92,allocated,909.3037588283225,304,5,431,67,allocated,1278.082827148247,304,45,431,517,existing,1358.1344595232283,304,46,431,173,existing,1509.4985842793708,304,33,431,422,allocated,1625.603934469484,304,44,431,47,existing,3532.5415025854563,304,3,431,54,allocated,2839.1999026805497
305,305,41,432,47,existing,664.925798212309,305,41,432,224,existing,635.0801596321753,305,41,432,458,allocated,201.25354595326718,305,44,432,47,existing,664.925798212309,305,3,432,54,allocated,1325.502209190765,305,33,432,422,allocated,2539.0981774018305,305,46,432,173,existing,2655.2035275919443,305,45,432,517,existing,4456.002119487695,305,5,432,67,allocated,3498.7252934180005
306,306,14,433,138,allocated,209.98155321098517,306,14,433,137,existing,134.2911697981058,306,14,433,137,allocated,134.2911697981058,306,3,433,54,allocated,604.5403239986227,306,44,433,47,existing,938.9226791521235,306,46,433,173,existing,1917.4403945823117,306,33,433,422,allocated,1801.3350443921981,306,5,433,67,allocated,2760.9621604083686,306,45,433,517,existing,3718.2389864780635
307,307,22,434,269,allocated,208.13822574668043,307,22,434,67,existing,213.80720189665178,307,22,434,269,allocated,208.13822574668043,307,5,434,67,allocated,213.80720189665178,307,46,434,173,existing,1057.3289677227085,307,45,434,517,existing,1791.636249950007,307,33,434,422,allocated,1173.4343179128218,307,3,434,54,allocated,2387.030286123888,307,44,434,47,existing,3080.3718860287945
308,308,42,437,342,existing,581.771526625945,308,42,437,67,existing,428.06395060908244,308,42,437,205,allocated,415.4295329016573,308,5,437,67,allocated,428.06395060908244,308,46,437,173,existing,616.7473727908587,308,45,437,517,existing,1290.0804736259677,308,33,437,422,allocated,732.8527229809721,308,3,437,54,allocated,1946.448691192038,308,44,437,47,existing,2639.7902910969447
309,309,42,438,342,existing,609.4040746469002,309,42,438,67,existing,455.69649863003775,309,42,438,205,allocated,443.0620809226126,309,5,438,67,allocated,455.69649863003775,309,46,438,173,existing,644.3799208118139,309,33,438,422,allocated,760.4852710019273,309,45,438,517,existing,1317.713021646923,309,3,438,54,allocated,1974.0812392129933,309,44,438,47,existing,2667.4228391179
310,310,22,439,269,allocated,229.99996234644465,310,22,439,67,existing,235.668938496416,310,22,439,269,allocated,229.99996234644465,310,5,439,67,allocated,235.668938496416,310,46,439,173,existing,1079.1907043224726,310,45,439,517,existing,1813.4979865497712,310,33,439,422,allocated,1195.2960545125861,310,44,439,47,existing,3102.2336226285584,310,3,439,54,allocated,2408.8920227236517
311,311,22,440,269,allocated,486.396833409964,311,22,440,67,existing,504.1857136815542,311,22,440,269,allocated,486.396833409964,311,5,440,67,allocated,504.1857136815542,311,46,440,173,existing,918.1177306195349,311,45,440,517,existing,1652.4250128468334,311,33,440,422,allocated,1034.2230808096483,311,3,440,54,allocated,2247.8190490207144,311,44,440,47,existing,2941.160648925621
312,312,42,444,342,existing,407.9663686536965,312,42,444,342,allocated,407.9663686536965,312,42,444,342,existing,407.9663686536965,312,46,444,173,existing,408.91164705887104,312,33,444,422,allocated,525.0169972489846,312,3,444,54,allocated,1738.6129654600504,312,5,444,67,allocated,833.9457045774509,312,44,444,47,existing,2431.954565364957,312,45,444,517,existing,1791.222530647146
313,313,42,446,342,existing,605.9034419108893,313,42,446,342,allocated,605.9034419108893,313,42,446,422,allocated,311.95370761362136,313,46,446,173,existing,195.84835742350788,313,33,446,422,allocated,311.95370761362136,313,5,446,67,allocated,1031.8827778346435,313,3,446,54,allocated,1525.549675824687,313,45,446,517,existing,1989.1596039043388,313,44,446,47,existing,2218.8912757295943
314,314,14,448,138,allocated,619.2686449057437,314,14,448,531,existing,223.35649096197946,314,14,448,531,allocated,223.35649096197946,314,3,448,54,allocated,722.7592617106411,314,44,448,47,existing,1155.9597716838725,314,33,448,422,allocated,1184.8526577442888,314,46,448,173,existing,1300.9580079344023,314,5,448,67,allocated,2144.479773760459,314,45,448,517,existing,3101.756599830154
315,315,14,449,138,allocated,525.7569939620978,315,14,449,531,existing,148.08408231537658,315,14,449,449,allocated,0.0,315,3,449,54,allocated,403.5294658685679,315,44,449,47,existing,824.9504726552946,315,33,449,422,allocated,1512.4835478249247,315,46,449,173,existing,1628.588898015038,315,45,449,517,existing,3429.3874899107896,315,5,449,67,allocated,2472.1106638410947
316,316,14,450,138,allocated,458.26309046410836,316,14,450,531,existing,215.57798581336607,316,14,450,450,allocated,0.0,316,3,450,54,allocated,336.0355623705784,316,44,450,47,existing,757.4565691573052,316,33,450,422,allocated,1549.6315305816443,316,46,450,173,existing,1665.7368807717578,316,5,450,67,allocated,2509.2586465978143,316,45,450,517,existing,3466.5354726675096
317,317,8,451,92,allocated,501.286822273798,317,8,451,92,allocated,501.286822273798,317,8,451,92,allocated,501.286822273798,317,5,451,67,allocated,796.2734830663101,317,45,451,517,existing,950.117522968704,317,46,451,173,existing,1019.2430269087066,317,33,451,422,allocated,1135.34837709882,317,44,451,47,existing,3042.2859452147923,317,3,451,54,allocated,2348.9443453098856
318,318,22,452,269,allocated,601.1423056981831,318,22,452,67,existing,672.5588444785669,318,22,452,205,allocated,30.35491854171171,318,5,452,67,allocated,672.5588444785669,318,46,452,173,existing,769.5007170792848,318,45,452,517,existing,1629.835670548262,318,33,452,422,allocated,885.6060672693982,318,3,452,54,allocated,2099.202035480464,318,44,452,47,existing,2792.543635385371
319,319,14,453,138,allocated,436.98064436870663,319,14,453,531,existing,332.57585390348015,319,14,453,531,allocated,332.57585390348015,319,3,453,54,allocated,686.2377804694908,319,44,453,47,existing,1107.6587872562177,319,46,453,173,existing,1547.355472123003,319,33,453,422,allocated,1431.2501219328897,319,5,453,67,allocated,2390.8772379490597,319,45,453,517,existing,3348.1540640187545
320,320,41,454,47,existing,232.41579841415762,320,41,454,224,existing,262.2614369942913,320,41,454,47,existing,232.41579841415762,320,44,454,47,existing,232.41579841415762,320,3,454,54,allocated,880.635468838459,320,46,454,173,existing,2210.3367872396384,320,33,454,422,allocated,2094.231437049525,320,45,454,517,existing,4011.1353791353895,320,5,454,67,allocated,3053.8585530656947
321,321,22,465,269,allocated,537.4444998345925,321,22,465,67,existing,555.2333801061827,321,22,465,269,allocated,537.4444998345925,321,5,465,67,allocated,555.2333801061827,321,46,465,173,existing,867.0700641949063,321,33,465,422,allocated,983.1754143850198,321,45,465,517,existing,1601.377346422205,321,44,465,47,existing,2890.1129825009925,321,3,465,54,allocated,2196.7713825960855
322,322,22,467,269,allocated,311.05477136320417,322,22,467,29,existing,314.78467710481704,322,22,467,269,allocated,311.05477136320417,322,5,467,67,allocated,726.5588579454597,322,46,467,173,existing,1288.4587428146867,322,45,467,517,existing,2018.7273154636957,322,33,467,422,allocated,1404.5640930048,322,3,467,54,allocated,2618.1600612158663,322,44,467,47,existing,3311.501661120773
323,323,14,470,138,allocated,194.69331280530523,323,14,470,137,existing,119.00292939242587,323,14,470,137,allocated,119.00292939242587,323,3,470,54,allocated,589.2520835929428,323,44,470,47,existing,949.6882699994962,323,46,470,173,existing,1902.1521541766317,323,33,470,422,allocated,1786.0468039865182,323,5,470,67,allocated,2745.6739200026886,323,45,470,517,existing,3702.9507460723835
324,324,22,476,269,allocated,559.9205201297924,324,22,476,67,existing,577.7094004013826,324,22,476,269,allocated,559.9205201297924,324,5,476,67,allocated,577.7094004013826,324,46,476,173,existing,889.5460844901063,324,33,476,422,allocated,1005.6514346802196,324,45,476,517,existing,1580.81234078454,324,3,476,54,allocated,2219.2474028912857,324,44,476,47,existing,2912.5890027961923
325,325,14,477,138,allocated,413.56933731040385,325,14,477,146,allocated,18.8592484468252,325,14,477,146,allocated,18.8592484468252,325,3,477,54,allocated,808.1281080980414,325,44,477,47,existing,1142.5104632515422,325,33,477,422,allocated,2004.9228284916169,325,46,477,173,existing,2121.0281786817304,325,5,477,67,allocated,2964.549944507787,325,45,477,517,existing,3921.826770577482
326,326,14,480,138,allocated,17.91410504760788,326,14,480,137,existing,93.60448846048726,326,14,480,138,allocated,17.91410504760788,326,3,480,54,allocated,403.4721997006293,326,44,480,47,existing,737.0808521465831,326,46,480,173,existing,1733.1735181018084,326,33,480,422,allocated,1617.068167911695,326,45,480,517,existing,3533.97210999756,326,5,480,67,allocated,2576.6952839278647
327,327,41,481,47,existing,736.0028810483838,327,41,481,146,allocated,454.47196142836344,327,41,481,145,allocated,448.3222082553734,327,44,481,47,existing,736.0028810483838,327,3,481,54,allocated,1263.2780518455452,327,33,481,422,allocated,2460.0727722391207,327,46,481,173,existing,2576.1781224292345,327,5,481,67,allocated,3419.6998882552907,327,45,481,517,existing,4376.976714324986
328,328,41,482,47,existing,718.8845384342749,328,41,482,146,allocated,437.3536188142545,328,41,482,146,allocated,437.3536188142545,328,44,482,47,existing,718.8845384342749,328,3,482,54,allocated,1246.1597092314362,328,46,482,173,existing,2559.0597798151252,328,33,482,422,allocated,2442.9544296250115,328,5,482,67,allocated,3402.581545641182,328,45,482,517,existing,4359.858371710877
329,329,14,488,138,allocated,239.80703505164416,329,14,488,137,existing,164.1166516387648,329,14,488,137,allocated,164.1166516387648,329,3,488,54,allocated,634.3658058392817,329,44,488,47,existing,994.801992245835,329,33,488,422,allocated,1831.1605262328571,329,46,488,173,existing,1947.2658764229707,329,45,488,517,existing,3748.064468318722,329,5,488,67,allocated,2790.787642249027
330,330,42,490,342,existing,280.3533175698832,330,42,490,342,allocated,280.3533175698832,330,42,490,342,existing,280.3533175698832,330,46,490,173,existing,281.29859597505776,330,33,490,422,allocated,397.4039461651712,330,45,490,517,existing,1519.499995920694,330,5,490,67,allocated,562.2231698509988,330,44,490,47,existing,2304.3415142811436,330,3,490,54,allocated,1610.999914376237
331,331,22,492,269,allocated,429.1775236518589,331,22,492,29,existing,622.0906969841099,331,22,492,205,allocated,223.295472748337,331,5,492,67,allocated,652.1641233609133,331,46,492,173,existing,821.9043897082025,331,45,492,517,existing,1682.2393431771798,331,33,492,422,allocated,938.009739898316,331,44,492,47,existing,2844.947308014289,331,3,492,54,allocated,2151.605708109382
332,332,14,493,138,allocated,615.9023349805161,332,14,493,531,existing,219.990181036752,332,14,493,531,allocated,219.990181036752,332,3,493,54,allocated,682.3158884391481,332,33,493,422,allocated,1144.409284472796,332,44,493,47,existing,1152.593461758645,332,46,493,173,existing,1260.5146346629094,332,5,493,67,allocated,2104.036400488966,332,45,493,517,existing,3061.313226558661
333,333,41,494,47,existing,750.8985954958014,333,41,494,224,existing,745.439805605385,333,41,494,223,allocated,733.2463812605263,333,44,494,47,existing,750.8985954958014,333,3,494,54,allocated,1282.215634171024,333,33,494,422,allocated,2495.8116023820894,333,46,494,173,existing,2611.916952572203,333,45,494,517,existing,4412.715544467955,333,5,494,67,allocated,3455.43871839826
334,334,42,495,342,existing,525.4349172201182,334,42,495,342,allocated,525.4349172201182,334,42,495,422,allocated,223.99783750792938,334,46,495,173,existing,107.89248731781593,334,33,495,422,allocated,223.99783750792938,334,3,495,54,allocated,1437.593805718995,334,5,495,67,allocated,951.4142531438725,334,44,495,47,existing,2130.935405623902,334,45,495,517,existing,1908.6910792135677
335,335,41,497,47,existing,649.7674283337135,335,41,497,224,existing,644.308638443297,335,41,497,54,allocated,576.9062148164248,335,3,497,54,allocated,576.9062148164248,335,44,497,47,existing,649.7674283337135,335,46,497,173,existing,1906.6075332176042,335,33,497,422,allocated,1790.5021830274904,335,45,497,517,existing,3707.4061251133558,335,5,497,67,allocated,2750.1292990436605
336,336,14,498,138,allocated,612.9064642653818,336,14,498,146,allocated,330.5144780111204,336,14,498,146,allocated,330.5144780111204,336,3,498,54,allocated,1007.4652350530193,336,44,498,47,existing,1188.0690925215977,336,33,498,422,allocated,2219.7110216907645,336,46,498,173,existing,2335.8163718808783,336,5,498,67,allocated,3179.338137706935,336,45,498,517,existing,4136.614963776629
337,337,14,499,138,allocated,92.57404006806644,337,14,499,137,existing,168.26442348094582,337,14,499,138,allocated,92.57404006806644,337,3,499,54,allocated,478.1321347210878,337,44,499,47,existing,662.4209171261244,337,33,499,422,allocated,1691.7281029321534,337,46,499,173,existing,1807.833453122267,337,45,499,517,existing,3608.6320450180187,337,5,499,67,allocated,2651.3552189483235
338,338,14,501,138,allocated,412.81561077421725,338,14,501,137,existing,488.5059941870967,338,14,501,138,allocated,412.81561077421725,338,44,501,47,existing,549.3981480941111,338,3,501,54,allocated,798.3737054272387,338,46,501,173,existing,2128.0750238284177,338,33,501,422,allocated,2011.9696736383044,338,5,501,67,allocated,2971.596789654474,338,45,501,517,existing,3928.873615724169
339,339,22,502,269,allocated,689.2139117939245,339,22,502,29,existing,496.3007384616735,339,22,502,269,allocated,689.2139117939245,339,5,502,67,allocated,1043.2907092951457,339,46,502,173,existing,1714.376290334842,339,33,502,422,allocated,1830.4816405249553,339,45,502,517,existing,2444.644862983851,339,3,502,54,allocated,3044.0776087360214,339,44,502,47,existing,3737.419208640928
340,340,22,503,269,allocated,333.8187578180232,340,22,503,29,existing,316.9226073188872,340,22,503,269,allocated,333.8187578180232,340,5,503,67,allocated,736.9179079639096,340,46,503,173,existing,1291.974109808959,340,45,503,517,existing,2021.1003969948747,340,33,503,422,allocated,1408.0794599990722,340,44,503,47,existing,3315.017028115045,340,3,503,54,allocated,2621.6754282101383
341,341,14,504,138,allocated,542.180694093679,341,14,504,146,allocated,159.13785000761362,341,14,504,146,allocated,159.13785000761362,341,3,504,54,allocated,936.7394648813165,341,44,504,47,existing,1297.1756512878699,341,46,504,173,existing,2087.5216778130916,341,33,504,422,allocated,1971.4163276229779,341,5,504,67,allocated,2931.0434436391483,341,45,504,517,existing,3888.320269708843
342,342,8,505,92,allocated,967.5065329128226,342,8,505,92,allocated,967.5065329128226,342,8,505,92,allocated,967.5065329128226,342,45,505,517,existing,1416.3372336077284,342,5,505,67,allocated,1540.5573163530933,342,33,505,422,allocated,1879.6322103856032,342,46,505,173,existing,1763.52686019549,342,3,505,54,allocated,3093.228178596669,342,44,505,47,existing,3786.5697785015755
343,343,8,506,92,allocated,821.7545898810981,343,8,506,67,existing,811.8675930908735,343,8,506,67,allocated,811.8675930908735,343,5,506,67,allocated,811.8675930908735,343,46,506,173,existing,1034.83713693327,343,33,506,422,allocated,1150.9424871233834,343,45,506,517,existing,1270.5852905760041,343,44,506,47,existing,3057.880055239356,343,3,506,54,allocated,2364.5384553344493
344,344,14,507,138,allocated,373.62224794285135,344,14,507,137,existing,297.93186452997196,344,14,507,137,allocated,297.93186452997196,344,3,507,54,allocated,768.1810187304889,344,44,507,47,existing,1102.1788393365673,344,33,507,422,allocated,1980.4268053682342,344,46,507,173,existing,2096.5321555583478,344,45,507,517,existing,3897.3307474540993,344,5,507,67,allocated,2940.0539213844045
345,345,22,508,269,allocated,1117.8918667397268,345,22,508,67,existing,1160.0803670545133,345,22,508,269,allocated,1117.8918667397268,345,5,508,67,allocated,1160.0803670545133,345,46,508,173,existing,1471.9170511432367,345,33,508,422,allocated,1588.0224013333502,345,45,508,517,existing,1722.4322593024506,345,44,508,47,existing,3494.9599694493227,345,3,508,54,allocated,2801.618369544416
346,346,8,510,92,allocated,960.4751251449841,346,8,510,92,allocated,960.4751251449841,346,8,510,92,allocated,960.4751251449841,346,45,510,517,existing,1409.30582583989,346,5,510,67,allocated,1497.2940839451335,346,33,510,422,allocated,1844.815191266371,346,46,510,173,existing,1728.7098410762574,346,3,510,54,allocated,3058.4111594774367,346,44,510,47,existing,3751.7527593823434
347,347,8,511,92,allocated,848.6609383132212,347,8,511,92,allocated,848.6609383132212,347,8,511,92,allocated,848.6609383132212,347,45,511,517,existing,1297.491639008127,347,5,511,67,allocated,1421.711721753492,347,33,511,422,allocated,1760.786615786002,347,46,511,173,existing,1644.6812655958884,347,44,511,47,existing,3667.7241839019744,347,3,511,54,allocated,2974.3825839970677
348,348,41,513,47,existing,153.4643783392175,348,41,513,224,existing,183.3100169193511,348,41,513,47,existing,153.4643783392175,348,44,513,47,existing,153.4643783392175,348,3,513,54,allocated,539.8772215656893,348,33,513,422,allocated,1753.4731897767551,348,46,513,173,existing,1869.5785399668684,348,5,513,67,allocated,2713.1003057929247,348,45,513,517,existing,3670.37713186262
349,349,8,514,92,allocated,1257.211849172159,349,8,514,420,existing,1087.7295170470813,349,8,514,514,allocated,0.0,349,33,514,422,allocated,1022.1254827525087,349,46,514,173,existing,1138.230832942622,349,45,514,517,existing,1333.751067129429,349,5,514,67,allocated,1975.4798340502878,349,3,514,54,allocated,2232.5674016232406,349,44,514,47,existing,2925.9090015281477
350,350,14,515,138,allocated,240.2943101233276,350,14,515,137,existing,315.984693536207,350,14,515,138,allocated,240.2943101233276,350,3,515,54,allocated,625.852404776349,350,44,515,47,existing,721.9194487450008,350,46,515,173,existing,1955.5537231775281,350,33,515,422,allocated,1839.4483729874146,350,45,515,517,existing,3756.35231507328,350,5,515,67,allocated,2799.0754890035846
351,351,22,516,269,allocated,321.3677994835786,351,22,516,29,existing,304.4716489844426,351,22,516,269,allocated,321.3677994835786,351,5,516,67,allocated,736.8718860658342,351,46,516,173,existing,1298.7717709350613,351,33,516,422,allocated,1414.8771211251747,351,45,516,517,existing,2029.0403435840703,351,3,516,54,allocated,2628.4730893362407,351,44,516,47,existing,3321.8146892411473
352,352,43,517,517,existing,0.0,352,43,517,92,allocated,448.8307006949059,352,43,517,517,allocated,0.0,352,45,517,517,existing,0.0,352,5,517,67,allocated,1577.829048053355,352,46,517,173,existing,1800.7985918957515,352,33,517,422,allocated,1916.903942085865,352,44,517,47,existing,3823.8415102018375,352,3,517,54,allocated,3130.499910296931
353,353,43,518,517,existing,276.51491963063455,353,43,518,92,allocated,486.8189876322514,353,43,518,517,allocated,276.51491963063455,353,45,518,517,existing,276.51491963063455,353,5,518,67,allocated,1615.8173349907006,353,33,518,422,allocated,1899.60151125873,353,46,518,173,existing,1838.786878833097,353,3,518,54,allocated,3110.0434301294617,353,44,518,47,existing,3803.385030034369
354,354,22,519,269,allocated,912.5333473899473,354,22,519,67,existing,962.7144220248681,354,22,519,269,allocated,912.5333473899473,354,5,519,67,allocated,962.7144220248681,354,46,519,173,existing,1274.5511061135917,354,33,519,422,allocated,1390.656456303705,354,45,519,517,existing,1755.5207318751368,354,44,519,47,existing,3297.5940244196777,354,3,519,54,allocated,2604.252424514771
355,355,42,523,342,existing,529.72341401874,355,42,523,67,existing,376.0158380018775,355,42,523,205,allocated,363.38142029445237,355,5,523,67,allocated,376.0158380018775,355,46,523,173,existing,564.6992601836537,355,45,523,517,existing,1238.0323610187627,355,33,523,422,allocated,680.8046103737671,355,44,523,47,existing,2587.7421784897397,355,3,523,54,allocated,1894.400578584833
356,356,22,524,269,allocated,486.34601549867097,356,22,524,29,existing,490.07592124028383,356,22,524,269,allocated,486.34601549867097,356,5,524,67,allocated,801.3308145904964,356,46,524,173,existing,1113.16749867922,356,45,524,517,existing,1843.436071328229,356,33,524,422,allocated,1229.2728488693333,356,3,524,54,allocated,2442.8688170803994,356,44,524,47,existing,3136.210416985306
357,357,42,525,342,existing,783.6873578520979,357,42,525,67,existing,629.9797818352354,357,42,525,205,allocated,617.3453641278103,357,5,525,67,allocated,629.9797818352354,357,46,525,173,existing,818.6632040170116,357,33,525,422,allocated,934.768554207125,357,45,525,517,existing,1295.9697127598297,357,3,525,54,allocated,2148.364522418191,357,44,525,47,existing,2841.7061223230976
358,358,42,526,342,existing,833.6864134884772,358,42,526,67,existing,679.9788374716147,358,42,526,205,allocated,667.3444197641896,358,5,526,67,allocated,679.9788374716147,358,46,526,173,existing,868.662259653391,358,45,526,517,existing,1345.968768396209,358,33,526,422,allocated,984.7676098435044,358,3,526,54,allocated,2198.3635780545706,358,44,526,47,existing,2891.705177959477
359,359,42,527,342,existing,451.59881295473366,359,42,527,342,allocated,451.59881295473366,359,42,527,342,allocated,451.59881295473366,359,46,527,173,existing,605.7949124210901,359,33,527,422,allocated,721.9002626112035,359,3,527,54,allocated,1935.4962308222694,359,5,527,67,allocated,1030.82896993967,359,45,527,517,existing,1955.197783968524,359,44,527,47,existing,2628.8378307271764
360,360,40,530,530,existing,0.0,360,40,530,342,allocated,184.65110186185066,360,40,530,530,existing,0.0,360,46,530,173,existing,475.5444740527927,360,33,530,422,allocated,487.56898597138104,360,3,530,54,allocated,1698.0109048421127,360,5,530,67,allocated,900.5785315713724,360,45,530,517,existing,1824.9473456002265,360,44,530,47,existing,2391.35250474702
361,361,22,533,269,allocated,556.105888641691,361,22,533,29,existing,749.0190619739419,361,22,533,205,allocated,350.2238377381691,361,5,533,67,allocated,779.0924883507454,361,46,533,173,existing,948.8327546980346,361,45,533,517,existing,1809.1677081670118,361,33,533,422,allocated,1064.938104888148,361,44,533,47,existing,2971.8756730041205,361,3,533,54,allocated,2278.534073099214
362,362,42,534,342,existing,574.9677275126064,362,42,534,342,allocated,574.9677275126064,362,42,534,422,allocated,273.53064780041757,362,46,534,173,existing,157.42529761030414,362,33,534,422,allocated,273.53064780041757,362,3,534,54,allocated,1487.1266160114833,362,5,534,67,allocated,1000.9470634363607,362,45,534,517,existing,1958.223889506056,362,44,534,47,existing,2180.4682159163904
363,363,14,535,138,allocated,880.900673565872,363,14,535,531,existing,484.9885196221079,363,14,535,163,allocated,165.0617439359307,363,3,535,54,allocated,541.2088103435728,363,33,535,422,allocated,1185.5967606667487,363,44,535,47,existing,1234.5504102484797,363,46,535,173,existing,1301.7021108568622,363,5,535,67,allocated,2145.2238766829187,363,45,535,517,existing,3102.5007027526135
364,364,8,536,92,allocated,985.8716111734213,364,8,536,92,allocated,985.8716111734213,364,8,536,92,allocated,985.8716111734213,364,5,536,67,allocated,1354.6506794933457,364,45,536,517,existing,1434.7023118683271,364,46,536,173,existing,1586.0664366244696,364,33,536,422,allocated,1702.171786814583,364,3,536,54,allocated,2915.7677550256485,364,44,536,47,existing,3609.109354930555
365,365,14,537,138,allocated,177.76029970499948,365,14,537,137,existing,253.45068311787887,365,14,537,138,allocated,177.76029970499948,365,3,537,54,allocated,563.3183943580209,365,44,537,47,existing,747.6071767630574,365,33,537,422,allocated,1776.9143625690865,365,46,537,173,existing,1893.0197127592,365,5,537,67,allocated,2736.5414785852563,365,45,537,517,existing,3693.8183046549516
366,366,41,538,47,existing,673.0223174287618,366,41,538,224,existing,643.1766788486282,366,41,538,458,allocated,468.72025617678554,366,44,538,47,existing,673.0223174287618,366,3,538,54,allocated,1333.5987284072178,366,33,538,422,allocated,2547.194696618283,366,46,538,173,existing,2663.300046808397,366,45,538,517,existing,4464.0986387041485,366,5,538,67,allocated,3506.8218126344536
367,367,41,539,47,existing,812.4599713786411,367,41,539,224,existing,807.0011814882247,367,41,539,223,allocated,794.807757143366,367,44,539,47,existing,812.4599713786411,367,3,539,54,allocated,1343.7770100538637,367,46,539,173,existing,2673.478328455043,367,33,539,422,allocated,2557.3729782649293,367,45,539,517,existing,4474.276920350794,367,5,539,67,allocated,3517.0000942810993
