,assign_from_var_id_grocery,assign_to_var_id_grocery,assign_from_node_id_grocery,assign_to_node_id_grocery,assign_type_grocery,dist_grocery,assign_from_var_id_school,assign_to_var_id_school,assign_from_node_id_school,assign_to_node_id_school,assign_type_school,dist_school,assign_from_var_id_healthcare,assign_to_var_id_healthcare,assign_from_node_id_healthcare,assign_to_node_id_healthcare,assign_type_healthcare,dist_healthcare,0_assign_from_var_id_restaurant,0_assign_to_var_id_restaurant,0_assign_from_node_id_restaurant,0_assign_to_node_id_restaurant,0_assign_type_restaurant,0_dist_restaurant,1_assign_from_var_id_restaurant,1_assign_to_var_id_restaurant,1_assign_from_node_id_restaurant,1_assign_to_node_id_restaurant,1_assign_type_restaurant,1_dist_restaurant,2_assign_from_var_id_restaurant,2_assign_to_var_id_restaurant,2_assign_from_node_id_restaurant,2_assign_to_node_id_restaurant,2_assign_type_restaurant,2_dist_restaurant,3_assign_from_var_id_restaurant,3_assign_to_var_id_restaurant,3_assign_from_node_id_restaurant,3_assign_to_node_id_restaurant,3_assign_type_restaurant,3_dist_restaurant,4_assign_from_var_id_restaurant,4_assign_to_var_id_restaurant,4_assign_from_node_id_restaurant,4_assign_to_node_id_restaurant,4_assign_type_restaurant,4_dist_restaurant,5_assign_from_var_id_restaurant,5_assign_to_var_id_restaurant,5_assign_from_node_id_restaurant,5_assign_to_node_id_restaurant,5_assign_type_restaurant,5_dist_restaurant,6_assign_from_var_id_restaurant,6_assign_to_var_id_restaurant,6_assign_from_node_id_restaurant,6_assign_to_node_id_restaurant,6_assign_type_restaurant,6_dist_restaurant,7_assign_from_var_id_restaurant,7_assign_to_var_id_restaurant,7_assign_from_node_id_restaurant,7_assign_to_node_id_restaurant,7_assign_type_restaurant,7_dist_restaurant,8_assign_from_var_id_restaurant,8_assign_to_var_id_restaurant,8_assign_from_node_id_restaurant,8_assign_to_node_id_restaurant,8_assign_type_restaurant,8_dist_restaurant,9_assign_from_var_id_restaurant,9_assign_to_var_id_restaurant,9_assign_from_node_id_restaurant,9_assign_to_node_id_restaurant,9_assign_type_restaurant,9_dist_restaurant
0,0,84,2,567,existing,1186.2638809850046,0,84,2,502,existing,430.17104634414886,0,84,2,85,allocated,90.79909142839998,0,92,2,567,existing,1186.2638809850046,0,89,2,369,existing,1332.7211311777146,0,91,2,233,existing,1389.0227756009033,0,90,2,452,existing,1383.2252175195345,0,88,2,314,existing,2196.848733537541,0,93,2,41,existing,1501.9724130372645,0,95,2,315,existing,1667.9590007792858,0,94,2,125,existing,1394.6527438555656,0,87,2,314,existing,2196.848733537541,0,86,2,188,existing,2263.219758786629
1,1,84,3,567,existing,1039.4855250997293,1,84,3,502,existing,283.39269045887346,1,84,3,328,allocated,193.71870492804936,1,92,3,567,existing,1039.4855250997293,1,89,3,369,existing,1185.9427752924394,1,90,3,452,existing,1236.4468616342592,1,91,3,233,existing,1242.2444197156278,1,93,3,41,existing,1355.194057151989,1,94,3,125,existing,1531.4162645451954,1,95,3,315,existing,1808.216140377303,1,88,3,314,existing,2337.198905434592,1,86,3,188,existing,2403.5699306836796,1,87,3,314,existing,2337.198905434592
2,2,84,5,567,existing,253.43164379559488,2,84,5,159,existing,173.59358007690963,2,84,5,159,allocated,173.59358007690963,2,92,5,567,existing,253.43164379559488,2,91,5,233,existing,467.5237967804586,2,90,5,452,existing,469.553428546109,2,89,5,369,existing,520.0575148879288,2,87,5,314,existing,1967.526438801394,2,95,5,315,existing,1382.2581856431748,2,93,5,41,existing,561.6351413135917,2,94,5,125,existing,1204.5191737215264,2,88,5,314,existing,1967.526438801394,2,86,5,188,existing,2033.897464050482
3,3,81,7,125,existing,770.9145747543059,3,81,7,193,existing,530.700428705658,3,81,7,192,allocated,93.92803584769912,3,94,7,125,existing,770.9145747543059,3,95,7,315,existing,1044.2208316780261,3,92,7,567,existing,1196.3212538869266,3,93,7,41,existing,1090.1554858553513,3,88,7,314,existing,1573.1105644362815,3,91,7,233,existing,1381.384263164406,3,89,7,369,existing,1436.373201865475,3,90,7,452,existing,1385.8691155236552,3,86,7,188,existing,1639.4815896853695,3,87,7,314,existing,1573.1105644362815
4,4,84,8,567,existing,170.54644039736993,4,84,8,159,existing,90.70837667868467,4,84,8,159,allocated,90.70837667868467,4,92,8,567,existing,170.54644039736993,4,91,8,233,existing,389.1433136779708,4,89,8,369,existing,441.16031589481184,4,90,8,452,existing,390.65622955299193,4,95,8,315,existing,1334.843811757513,4,88,8,314,existing,1920.1120649157324,4,93,8,41,existing,514.2207674279298,4,94,8,125,existing,1157.1047998358645,4,87,8,314,existing,1920.1120649157324,4,86,8,188,existing,1986.4830901648202
5,5,84,9,567,existing,299.5369525820719,5,84,9,62,existing,189.000845595439,5,84,9,159,allocated,219.69888886338663,5,92,9,567,existing,299.5369525820719,5,91,9,233,existing,518.1338258626728,5,89,9,369,existing,570.1508280795138,5,90,9,452,existing,519.6467417376939,5,88,9,314,existing,2049.1025771004342,5,93,9,41,existing,643.2112796126318,5,95,9,315,existing,1463.8343239422152,5,94,9,125,existing,1286.0953120205666,5,86,9,188,existing,2115.4736023495225,5,87,9,314,existing,2049.1025771004342
6,6,82,10,315,existing,978.1358985729871,6,82,10,480,existing,595.0493474939353,6,82,10,145,allocated,697.5720130533216,6,95,10,315,existing,978.1358985729871,6,94,10,125,existing,1004.3941810665858,6,88,10,314,existing,1258.6632303456518,6,86,10,188,existing,1167.5345671506275,6,87,10,314,existing,1258.6632303456518,6,93,10,41,existing,1834.1158523709273,6,91,10,233,existing,2125.344629679982,6,92,10,567,existing,2132.822880292978,6,90,10,452,existing,2179.557758432079,6,89,10,369,existing,2230.061844773899
7,7,82,11,315,existing,880.1840198167051,7,82,11,480,existing,667.492248263638,7,82,11,145,allocated,770.0149138230244,7,95,11,315,existing,880.1840198167051,7,94,11,125,existing,906.4423023103038,7,88,11,314,existing,1331.1061311153544,7,86,11,188,existing,1239.9774679203301,7,92,11,567,existing,2034.8710015366958,7,91,11,233,existing,2027.3927509237,7,87,11,314,existing,1331.1061311153544,7,93,11,41,existing,1736.1639736146453,7,89,11,369,existing,2132.109966017617,7,90,11,452,existing,2081.605879675797
8,8,84,12,567,existing,937.5283817456584,8,84,12,502,existing,365.22103236446264,8,84,12,328,allocated,303.18088281638325,8,92,12,567,existing,937.5283817456584,8,91,12,233,existing,1151.6205347305222,8,90,12,452,existing,1153.6501664961725,8,89,12,369,existing,1202.7635099925126,8,94,12,125,existing,1606.892820549522,8,95,12,315,existing,1883.6926963816295,8,87,12,314,existing,2412.6754614389183,8,93,12,41,existing,1245.7318792636552,8,86,12,188,existing,2479.046486688006,8,88,12,314,existing,2412.6754614389183
9,9,84,13,567,existing,1023.1334562923465,9,84,13,502,existing,272.7516654181324,9,84,13,328,allocated,210.711515870053,9,92,13,567,existing,1023.1334562923465,9,89,13,369,existing,1171.4666337257793,9,90,13,452,existing,1221.9707200675991,9,91,13,233,existing,1227.7682781489677,9,95,13,315,existing,1791.2233294352995,9,93,13,41,existing,1338.2012462099854,9,87,13,314,existing,2320.206094492588,9,94,13,125,existing,1514.423453603192,9,88,13,314,existing,2320.206094492588,9,86,13,188,existing,2386.5771197416757
10,10,80,14,176,existing,473.0153270462518,10,80,14,116,existing,235.94088315675913,10,80,14,15,allocated,137.69731051512142,10,93,14,41,existing,481.6693147336542,10,91,14,233,existing,723.4493090815647,10,90,14,452,existing,781.4831941430625,10,92,14,567,existing,734.7483160039613,10,95,14,315,existing,1461.590057379783,10,94,14,125,existing,1445.183798334664,10,89,14,369,existing,831.9872804848824,10,88,14,314,existing,2046.8583105380023,10,87,14,314,existing,2046.8583105380023,10,86,14,188,existing,2113.2293357870903
11,11,78,15,509,existing,430.5254862618943,11,78,15,116,existing,373.6381936718805,11,78,15,15,allocated,0.0,11,91,15,233,existing,585.7519985664433,11,92,15,567,existing,597.05100548884,11,93,15,41,existing,619.3666252487756,11,90,15,452,existing,643.7858836279411,11,89,15,369,existing,694.2899699697609,11,95,15,315,existing,1581.9179633232288,11,94,15,125,existing,1565.5117042781094,11,87,15,314,existing,2167.186216481448,11,88,15,314,existing,2167.186216481448,11,86,15,188,existing,2233.5572417305357
12,12,80,16,176,existing,536.7471964409203,12,80,16,116,existing,392.1039373275248,12,80,16,366,allocated,319.2220041394102,12,93,16,41,existing,578.8011556423203,12,91,16,233,existing,908.3196607186437,12,90,16,452,existing,966.3535457801418,12,92,16,567,existing,919.6186676410406,12,95,16,315,existing,996.8930959815344,12,87,16,314,existing,1582.1613491397536,12,89,16,369,existing,1016.8576321219616,12,94,16,125,existing,986.9962968795834,12,88,16,314,existing,1582.1613491397536,12,86,16,188,existing,1648.5323743888416
13,13,80,17,176,existing,404.6591960468225,13,80,17,116,existing,260.01593693342704,13,80,17,366,allocated,187.13400374531244,13,93,17,41,existing,446.71315524822245,13,91,17,233,existing,776.231660324546,13,90,17,452,existing,834.2655453860439,13,92,17,567,existing,787.5306672469427,13,88,17,314,existing,1714.2493495338513,13,94,17,125,existing,1119.0842972736812,13,95,17,315,existing,1128.9810963756322,13,89,17,369,existing,884.7696317278637,13,87,17,314,existing,1714.2493495338513,13,86,17,188,existing,1780.6203747829395
14,14,75,18,261,existing,286.83380032591594,14,75,18,116,existing,1178.928377041472,14,75,18,76,allocated,681.2337436582673,14,91,18,233,existing,1003.1374497006534,14,90,18,452,existing,1063.499765553598,14,89,18,369,existing,1114.003851895418,14,92,18,567,existing,1381.4104504186248,14,95,18,315,existing,2212.5021553083143,14,86,18,188,existing,2530.513463522592,14,93,18,41,existing,1424.656808618367,14,94,18,125,existing,2202.9677663782622,14,87,18,314,existing,2652.5425481664356,14,88,18,314,existing,2652.5425481664356
15,15,75,19,261,existing,144.56400383681967,15,75,19,116,existing,1036.6585805523757,15,75,19,76,allocated,538.9639471691711,15,91,19,233,existing,860.8676532115571,15,90,19,452,existing,921.2299690645018,15,89,19,369,existing,971.7340554063217,15,92,19,567,existing,1239.1406539295285,15,94,19,125,existing,2237.273523521287,15,95,19,315,existing,2253.6797825664066,15,86,19,188,existing,2672.783260011688,15,93,19,41,existing,1282.3870121292707,15,88,19,314,existing,2794.812344655532,15,87,19,314,existing,2794.812344655532
16,16,80,24,176,existing,951.4764964738873,16,80,24,193,existing,648.8453773195077,16,80,24,192,allocated,376.99631375941703,16,93,24,41,existing,1045.5942204511543,16,94,24,125,existing,1060.2113842252818,16,95,24,315,existing,1310.9821924771763,16,92,24,567,existing,1151.7599884827296,16,90,24,452,existing,1341.3078501194582,16,91,24,233,existing,1336.822997760209,16,89,24,369,existing,1391.811936461278,16,87,24,314,existing,1865.994025114678,16,88,24,314,existing,1865.994025114678,16,86,24,188,existing,1932.365050363766
17,17,80,25,176,existing,965.699482062137,17,80,25,193,existing,663.0683629077574,17,80,25,192,allocated,391.2192993476667,17,93,25,41,existing,1059.817206039404,17,94,25,125,existing,1074.4343698135315,17,92,25,567,existing,1165.9829740709793,17,95,25,315,existing,1325.205178065426,17,89,25,369,existing,1406.0349220495277,17,91,25,233,existing,1351.0459833484588,17,88,25,314,existing,1880.2170107029276,17,90,25,452,existing,1355.5308357077079,17,86,25,188,existing,1946.5880359520156,17,87,25,314,existing,1880.2170107029276
18,18,81,27,125,existing,553.9074968687694,18,81,27,193,existing,130.00922688863133,18,81,27,372,allocated,144.67767381274402,18,94,27,125,existing,553.9074968687694,18,93,27,41,existing,667.57797533289,18,92,27,567,existing,773.743743364465,18,95,27,315,existing,792.1460420463001,18,90,27,452,existing,963.2916050011937,18,88,27,314,existing,1377.4142952045192,18,91,27,233,existing,958.8067526419447,18,89,27,369,existing,1013.7956913430137,18,86,27,188,existing,1443.7853204536073,18,87,27,314,existing,1377.4142952045192
19,19,83,28,377,existing,238.7530081637425,19,83,28,550,existing,243.291151210632,19,83,28,547,allocated,141.98657466017949,19,94,28,125,existing,543.1650113168052,19,88,28,314,existing,610.5165635392891,19,87,28,314,existing,610.5165635392891,19,95,28,315,existing,676.4088157583008,19,86,28,188,existing,676.8875887883771,19,92,28,567,existing,1837.109080681294,19,93,28,41,existing,1634.3424036462418,19,91,28,233,existing,1925.5711809552965,19,89,28,369,existing,1982.062239282589,19,90,28,452,existing,1931.558152940769
20,20,81,29,125,existing,338.88692813364577,20,81,29,471,existing,288.4761485290677,20,81,29,125,allocated,338.88692813364577,20,94,29,125,existing,338.88692813364577,20,95,29,315,existing,583.365564688738,20,88,29,314,existing,814.7946467224485,20,87,29,314,existing,814.7946467224485,20,91,29,233,existing,1721.293097772137,20,86,29,188,existing,881.1656719715365,20,93,29,41,existing,1430.0643204630821,20,92,29,567,existing,1632.8309974981344,20,89,29,369,existing,1777.7841560994293,20,90,29,452,existing,1727.2800697576095
21,21,85,30,187,existing,151.0701067734804,21,85,30,146,existing,383.2432165786521,21,85,30,30,existing,0.0,21,87,30,314,existing,426.7834195503789,21,88,30,314,existing,426.7834195503789,21,95,30,315,existing,485.0934938593507,21,86,30,188,existing,493.15444479946683,21,92,30,567,existing,1837.759966093655,21,94,30,125,existing,687.0006308564803,21,91,30,233,existing,1878.5078722472838,21,93,30,41,existing,1587.279094938229,21,89,30,369,existing,1934.9989305745762,21,90,30,452,existing,1884.4948442327563
22,22,85,31,187,existing,278.5848576691639,22,85,31,471,existing,509.0751003562188,22,85,31,31,allocated,0.0,22,87,31,314,existing,554.2981704460624,22,88,31,314,existing,554.2981704460624,22,95,31,315,existing,612.6082447550342,22,94,31,125,existing,559.4858799607969,22,93,31,41,existing,1650.367250775577,22,92,31,567,existing,1856.541393682457,22,91,31,233,existing,1941.5960280846318,22,86,31,188,existing,620.6691956951504,22,90,31,452,existing,1947.5830000701044,22,89,31,369,existing,1998.0870864119242
23,23,80,32,176,existing,543.6370153684294,23,80,32,193,existing,483.12679194754156,23,80,32,220,allocated,210.281489124696,23,93,32,41,existing,663.9887573292448,23,94,32,125,existing,776.1131195124447,23,91,32,233,existing,955.2175346382995,23,95,32,315,existing,786.0099186143957,23,89,32,369,existing,1063.7555060416173,23,90,32,452,existing,1013.2514196997975,23,92,32,567,existing,966.5165415606963,23,88,32,314,existing,1371.2781717726148,23,87,32,314,existing,1371.2781717726148,23,86,32,188,existing,1437.649197021703
24,24,80,33,176,existing,485.57561145848683,24,80,33,193,existing,425.06538803759906,24,80,33,220,allocated,152.22008521475354,24,93,33,41,existing,605.9273534193022,24,94,33,125,existing,718.0517156025022,24,95,33,315,existing,727.9485147044533,24,91,33,233,existing,897.156130728357,24,92,33,567,existing,908.4551376507537,24,88,33,314,existing,1313.2167678626724,24,89,33,369,existing,1005.6941021316748,24,90,33,452,existing,955.1900157898549,24,86,33,188,existing,1379.5877931117604,24,87,33,314,existing,1313.2167678626724
25,25,80,35,176,existing,108.46791497173486,25,80,35,116,existing,432.2750119753571,25,80,35,447,allocated,105.76662531503752,25,93,35,41,existing,228.81965693255023,25,91,35,233,existing,520.048434241605,25,90,35,452,existing,578.0823193031028,25,92,35,567,existing,531.3474411640018,25,89,35,369,existing,628.5864056449227,25,95,35,315,existing,880.1068153617964,25,94,35,125,existing,870.2100162598454,25,87,35,314,existing,1465.3750685200157,25,86,35,188,existing,1531.7460937691035,25,88,35,314,existing,1465.3750685200157
26,26,80,36,176,existing,1077.3782915977308,26,80,36,116,existing,873.20597483858,26,80,36,220,allocated,859.3546840050699,26,93,36,41,existing,1118.9344064154752,26,91,36,233,existing,1389.421698229699,26,92,36,567,existing,1400.720705152096,26,94,36,125,existing,1432.6133862048587,26,90,36,452,existing,1447.455583291197,26,88,36,314,existing,2027.778438465029,26,95,36,315,existing,1442.51018530681,26,89,36,369,existing,1497.9596696330168,26,87,36,314,existing,2027.778438465029,26,86,36,188,existing,2094.149463714117
27,27,80,37,176,existing,1010.1339841644183,27,80,37,116,existing,805.9616674052675,27,80,37,366,allocated,792.1109474792526,27,93,37,41,existing,1051.6900989821627,27,91,37,233,existing,1322.1773907963864,27,92,37,567,existing,1333.4763977187831,27,90,37,452,existing,1380.2112758578844,27,95,37,315,existing,1509.7544927401223,27,94,37,125,existing,1499.8576936381714,27,89,37,369,existing,1430.7153621997043,27,88,37,314,existing,2095.022745898342,27,86,37,188,existing,2161.3937711474296,27,87,37,314,existing,2095.022745898342
28,28,80,38,176,existing,1001.0511092452364,28,80,38,116,existing,796.8787924860856,28,80,38,366,allocated,783.0280725600707,28,93,38,41,existing,1042.6072240629808,28,91,38,233,existing,1313.0945158772045,28,92,38,567,existing,1324.3935227996012,28,90,38,452,existing,1371.1284009387025,28,94,38,125,existing,1508.9405685573533,28,95,38,315,existing,1518.8373676593042,28,88,38,314,existing,2104.1056208175232,28,89,38,369,existing,1421.6324872805224,28,86,38,188,existing,2170.4766460666115,28,87,38,314,existing,2104.1056208175232
29,29,80,39,176,existing,992.5344553385003,29,80,39,116,existing,788.3621385793494,29,80,39,366,allocated,774.5114186533344,29,93,39,41,existing,1034.0905701562444,29,91,39,233,existing,1304.5778619704683,29,90,39,452,existing,1362.6117470319664,29,92,39,567,existing,1315.8768688928653,29,89,39,369,existing,1413.1158333737862,29,94,39,125,existing,1517.4572224640895,29,95,39,315,existing,1527.3540215660405,29,87,39,314,existing,2112.6222747242596,29,86,39,188,existing,2178.9932999733473,29,88,39,314,existing,2112.6222747242596
30,30,79,41,41,existing,0.0,30,79,41,116,existing,332.46108469102467,30,79,41,176,existing,120.35174196081539,30,93,41,41,existing,0.0,30,91,41,233,existing,498.1006293797491,30,92,41,567,existing,509.39963630214584,30,90,41,452,existing,556.1345144412469,30,95,41,315,existing,1108.9264722943467,30,89,41,369,existing,606.6386007830667,30,94,41,125,existing,1092.5202132492275,30,87,41,314,existing,1694.1947254525658,30,88,41,314,existing,1694.1947254525658,30,86,41,188,existing,1760.565750701654
31,31,84,42,567,existing,756.0719928833341,31,84,42,62,existing,305.3086378798275,31,84,42,328,allocated,443.08685161634435,31,92,42,567,existing,756.0719928833341,31,91,42,233,existing,974.668866163935,31,90,42,452,existing,976.1817820389562,31,89,42,369,existing,1021.2247351652519,31,93,42,41,existing,1099.746319913894,31,87,42,314,existing,2353.4962067364067,31,95,42,315,existing,1768.2279535781877,31,94,42,125,existing,1529.989408400657,31,86,42,188,existing,2419.867231985495,31,88,42,314,existing,2353.4962067364067
32,32,71,43,367,existing,798.2254850903258,32,71,43,502,existing,267.74976786314903,32,71,43,246,allocated,219.62291435984383,32,89,43,369,existing,826.8327923517537,32,90,43,452,existing,877.3368786935736,32,91,43,233,existing,883.1344367749423,32,92,43,567,existing,989.7154293803873,32,95,43,315,existing,2001.871390075241,32,93,43,41,existing,1333.389756410947,32,94,43,125,existing,1763.6328448977101,32,88,43,314,existing,2587.13964323346,32,86,43,188,existing,2653.5106684825478,32,87,43,314,existing,2587.13964323346
33,33,72,45,369,existing,1269.604406331382,33,72,45,502,existing,365.21139820035864,33,72,45,328,allocated,420.3133716146443,33,89,45,369,existing,1269.604406331382,33,90,45,452,existing,1320.108492673202,33,92,45,567,existing,1554.3535141509624,33,91,45,233,existing,1375.1840790743602,33,95,45,315,existing,2422.2482169199966,33,93,45,41,existing,1870.9562776626624,33,88,45,314,existing,2951.2309819772854,33,94,45,125,existing,2145.4483410878893,33,86,45,188,existing,3017.602007226373,33,87,45,314,existing,2951.2309819772854
34,34,76,46,369,existing,1162.0456548371183,34,76,46,502,existing,257.6526467060949,34,76,46,328,allocated,312.7546201203806,34,89,46,369,existing,1162.0456548371183,34,90,46,452,existing,1212.5497411789381,34,92,46,567,existing,1446.7947626566986,34,91,46,233,existing,1267.6253275800964,34,94,46,125,existing,2037.8895895936255,34,87,46,314,existing,2843.672230483022,34,93,46,41,existing,1763.3975261683986,34,95,46,315,existing,2314.689465425733,34,86,46,188,existing,2910.0432557321096,34,88,46,314,existing,2843.672230483022
35,35,76,47,369,existing,1347.4067027263584,35,76,47,502,existing,443.013694595335,35,76,47,328,allocated,498.11566800962066,35,89,47,369,existing,1347.4067027263584,35,90,47,452,existing,1397.9107890681782,35,92,47,567,existing,1632.1558105459387,35,91,47,233,existing,1452.9863754693365,35,95,47,315,existing,2500.050513314973,35,93,47,41,existing,1948.7585740576387,35,87,47,314,existing,3029.033278372262,35,94,47,125,existing,2223.250637482866,35,88,47,314,existing,3029.033278372262,35,86,47,188,existing,3095.4043036213498
36,36,75,48,261,existing,732.2497483185041,36,75,48,116,existing,848.1780533710553,36,75,48,76,allocated,662.6822012871477,36,93,48,41,existing,1093.9064849479503,36,91,48,233,existing,1242.3081844368548,36,90,48,452,existing,1302.6705002897997,36,92,48,567,existing,1314.196411409177,36,94,48,125,existing,1965.7902267489505,36,95,48,315,existing,1975.6870258509016,36,88,48,314,existing,2560.9552790091207,36,89,48,369,existing,1353.1745866316196,36,87,48,314,existing,2560.9552790091207,36,86,48,188,existing,2627.3263042582084
37,37,75,49,261,existing,584.6736792682286,37,75,49,116,existing,700.6019843207798,37,75,49,76,allocated,515.1061322368723,37,93,49,41,existing,946.330415897675,37,91,49,233,existing,1094.7321153865796,37,92,49,567,existing,1166.6203423589016,37,90,49,452,existing,1155.0944312395243,37,94,49,125,existing,1818.2141576986753,37,95,49,315,existing,1828.1109568006264,37,88,49,314,existing,2413.3792099588454,37,89,49,369,existing,1205.5985175813441,37,86,49,188,existing,2479.7502352079337,37,87,49,314,existing,2413.3792099588454
38,38,72,50,369,existing,1173.6298598739916,38,72,50,502,existing,269.23685174296816,38,72,50,328,allocated,324.33882515725384,38,89,50,369,existing,1173.6298598739916,38,90,50,452,existing,1224.1339462158114,38,92,50,567,existing,1458.378967693572,38,91,50,233,existing,1279.2095326169697,38,94,50,125,existing,2049.473794630499,38,95,50,315,existing,2326.2736704626063,38,88,50,314,existing,2855.256435519895,38,93,50,41,existing,1774.981731205272,38,87,50,314,existing,2855.256435519895,38,86,50,188,existing,2921.627460768983
39,39,72,51,369,existing,1265.9870799291252,39,72,51,502,existing,361.59407179810194,39,72,51,328,allocated,416.6960452123876,39,89,51,369,existing,1265.9870799291252,39,90,51,452,existing,1316.491166270945,39,92,51,567,existing,1550.7361877487056,39,91,51,233,existing,1371.5667526721033,39,94,51,125,existing,2141.831014685633,39,93,51,41,existing,1867.3389512604056,39,87,51,314,existing,2947.613655575029,39,95,51,315,existing,2418.63089051774,39,88,51,314,existing,2947.613655575029,39,86,51,188,existing,3013.984680824117
40,40,76,52,369,existing,1081.091071865477,40,76,52,502,existing,176.6980637344537,40,76,52,328,allocated,231.80003714873942,40,89,52,369,existing,1081.091071865477,40,90,52,452,existing,1131.595158207297,40,92,52,567,existing,1365.8401796850576,40,91,52,233,existing,1186.6707446084552,40,94,52,125,existing,1956.9350066219843,40,87,52,314,existing,2762.7176475113806,40,95,52,315,existing,2233.734882454092,40,93,52,41,existing,1682.4429431967574,40,86,52,188,existing,2829.0886727604684,40,88,52,314,existing,2762.7176475113806
41,41,75,53,261,existing,487.1655966331699,41,75,53,116,existing,1017.5472484441782,41,75,53,76,allocated,609.1452595708301,41,91,53,233,existing,1005.0871712109087,41,90,53,452,existing,1065.4494870638532,41,92,53,567,existing,1260.6594696928591,41,89,53,369,existing,1115.953573405673,41,88,53,314,existing,2730.324474082244,41,94,53,125,existing,2135.1594218220735,41,93,53,41,existing,1263.2756800210734,41,95,53,315,existing,2145.0562209240247,41,87,53,314,existing,2730.324474082244,41,86,53,188,existing,2796.695499331332
42,42,75,54,261,existing,472.9892338317035,42,75,54,116,existing,1003.3708856427118,42,75,54,76,allocated,594.9688967693636,42,91,54,233,existing,990.9108084094422,42,90,54,452,existing,1051.273124262387,42,89,54,369,existing,1101.7772106042069,42,92,54,567,existing,1246.4831068913927,42,94,54,125,existing,2120.983059020607,42,93,54,41,existing,1249.0993172196067,42,95,54,315,existing,2130.8798581225583,42,88,54,314,existing,2716.1481112807774,42,87,54,314,existing,2716.1481112807774,42,86,54,188,existing,2782.519136529865
43,43,76,55,369,existing,1087.065312892361,43,76,55,492,existing,304.4191903256168,43,76,55,121,allocated,489.39694880505,43,89,55,369,existing,1087.065312892361,43,90,55,452,existing,1137.5693992341808,43,92,55,567,existing,1415.3184097324965,43,91,55,233,existing,1192.644985635339,43,95,55,315,existing,2499.0124149273074,43,94,55,125,existing,2260.7738697497766,43,93,55,41,existing,1688.4171842236412,43,88,55,314,existing,3084.2806680855265,43,87,55,314,existing,3084.2806680855265,43,86,55,188,existing,3150.6516933346147
44,44,76,56,369,existing,1053.6033871391899,44,76,56,492,existing,270.9572645724457,44,76,56,121,allocated,455.93502305187894,44,89,56,369,existing,1053.6033871391899,44,90,56,452,existing,1104.1074734810097,44,92,56,567,existing,1381.8564839793255,44,91,56,233,existing,1159.183059882168,44,94,56,125,existing,2227.311943996606,44,93,56,41,existing,1654.9552584704702,44,87,56,314,existing,3050.818742332355,44,95,56,315,existing,2465.550489174136,44,86,56,188,existing,3117.1897675814434,44,88,56,314,existing,3050.818742332355
45,45,76,57,369,existing,811.8458328496582,45,76,57,492,existing,395.6456050251966,45,76,57,349,allocated,455.9844772348362,45,89,57,369,existing,811.8458328496582,45,90,57,452,existing,862.3499191914781,45,92,57,567,existing,1140.098929689794,45,91,57,233,existing,917.4255055926366,45,93,57,41,existing,1413.1977041809387,45,94,57,125,existing,2126.6572891282885,45,88,57,314,existing,2889.664554208156,45,95,57,315,existing,2304.396301049937,45,87,57,314,existing,2889.664554208156,45,86,57,188,existing,2956.0355794572442
46,46,72,58,369,existing,839.6741751391804,46,72,58,492,existing,367.8172627356744,46,72,58,349,allocated,483.8128195243585,46,89,58,369,existing,839.6741751391804,46,90,58,452,existing,890.1782614810003,46,92,58,567,existing,1167.9272719793162,46,91,58,233,existing,945.2538478821588,46,93,58,41,existing,1441.0260464704609,46,94,58,125,existing,2154.4856314178105,46,95,58,315,existing,2332.2246433394594,46,88,58,314,existing,2917.4928964976784,46,86,58,188,existing,2983.863921746766,46,87,58,314,existing,2917.4928964976784
47,47,85,59,187,existing,291.5154855442201,47,85,59,471,existing,496.1444724811626,47,85,59,31,allocated,12.930627875056178,47,94,59,125,existing,546.5552520857407,47,88,59,314,existing,567.2287983211186,47,87,59,314,existing,567.2287983211186,47,95,59,315,existing,625.5388726300904,47,92,59,567,existing,1843.6107658074006,47,91,59,233,existing,1928.6654002095759,47,93,59,41,existing,1637.4366229005211,47,86,59,188,existing,633.5998235702066,47,90,59,452,existing,1934.6523721950484,47,89,59,369,existing,1985.1564585368683
48,48,83,60,377,existing,291.72749137892663,48,83,60,471,existing,421.4566373957626,48,83,60,31,allocated,87.6184629604562,48,94,60,125,existing,471.86741700034065,48,88,60,314,existing,641.9166334065186,48,87,60,314,existing,641.9166334065186,48,95,60,315,existing,700.2267077154904,48,92,60,567,existing,1768.9229307220007,48,86,60,188,existing,708.2876586556065,48,93,60,41,existing,1562.7487878151212,48,91,60,233,existing,1853.977565124176,48,89,60,369,existing,1910.4686234514684,48,90,60,452,existing,1859.9645371096485
49,49,84,61,567,existing,610.0356361205547,49,84,61,62,existing,121.58022390798041,49,84,61,333,allocated,280.9248998113999,49,92,61,567,existing,610.0356361205547,49,91,61,233,existing,824.1277891054185,49,89,61,369,existing,875.270764367409,49,90,61,452,existing,826.157420871069,49,88,61,314,existing,1926.6073449485991,49,93,61,41,existing,918.2391336385516,49,94,61,125,existing,1103.1005466128493,49,95,61,315,existing,1341.3390917903798,49,86,61,188,existing,1992.9783701976871,49,87,61,314,existing,1926.6073449485991
50,50,84,62,567,existing,488.45541221257446,50,84,62,62,existing,0.0,50,84,62,333,allocated,174.29246142797277,50,92,62,567,existing,488.45541221257446,50,91,62,233,existing,702.5475651974382,50,89,62,369,existing,753.6905404594286,50,90,62,452,existing,704.5771969630886,50,94,62,125,existing,1224.6807705208298,50,88,62,314,existing,2048.1875688565797,50,95,62,315,existing,1462.9193156983602,50,93,62,41,existing,796.6589097305713,50,86,62,188,existing,2114.5585941056675,50,87,62,314,existing,2048.1875688565797
51,51,80,63,176,existing,688.0078030259488,51,80,63,116,existing,543.3645439125534,51,80,63,220,allocated,451.1140005307661,51,93,63,41,existing,730.0617622273487,51,94,63,125,existing,1016.9456309185147,51,95,63,315,existing,1026.8424300204656,51,91,63,233,existing,1059.5802673036724,51,89,63,369,existing,1168.11823870699,51,90,63,452,existing,1117.6141523651702,51,87,63,314,existing,1612.110683178685,51,92,63,567,existing,1070.879274226069,51,88,63,314,existing,1612.110683178685,51,86,63,188,existing,1678.481708427773
52,52,80,64,176,existing,627.3908673673038,52,80,64,116,existing,482.7476082539084,52,80,64,220,allocated,390.4970648721212,52,93,64,41,existing,669.4448265687038,52,94,64,125,existing,956.3286952598698,52,91,64,233,existing,998.9633316450274,52,95,64,315,existing,966.2254943618209,52,90,64,452,existing,1056.9972167065253,52,89,64,369,existing,1107.501303048345,52,88,64,314,existing,1551.49374752004,52,92,64,567,existing,1010.2623385674241,52,86,64,188,existing,1617.8647727691282,52,87,64,314,existing,1551.49374752004
53,53,80,65,176,existing,801.0744600207559,53,80,65,116,existing,596.9021432616053,53,80,65,366,allocated,583.0514233355902,53,93,65,41,existing,842.6305748385003,53,91,65,233,existing,1113.1178666527242,53,90,65,452,existing,1171.151751714222,53,92,65,567,existing,1124.416873575121,53,95,65,315,existing,1349.9826456429605,53,94,65,125,existing,1340.0858465410097,53,89,65,369,existing,1221.6558380560418,53,87,65,314,existing,1935.2508988011798,53,86,65,188,existing,2001.6219240502678,53,88,65,314,existing,1935.2508988011798
54,54,80,66,176,existing,710.1649332216293,54,80,66,116,existing,505.9926164624786,54,80,66,366,allocated,492.1418965364637,54,93,66,41,existing,751.7210480393737,54,91,66,233,existing,1022.2083398535976,54,92,66,567,existing,1033.5073467759944,54,90,66,452,existing,1080.2422249150954,54,87,66,314,existing,2026.1604256003066,54,95,66,315,existing,1440.8921724420875,54,89,66,369,existing,1130.7463112569153,54,94,66,125,existing,1430.9953733401362,54,86,66,188,existing,2092.531450849395,54,88,66,314,existing,2026.1604256003066
55,55,81,67,125,existing,1009.6993922766511,55,81,67,193,existing,763.2567146687452,55,81,67,192,allocated,326.4843218107863,55,94,67,125,existing,1009.6993922766511,55,93,67,41,existing,1199.0726696126064,55,92,67,567,existing,1305.2384376441814,55,95,67,315,existing,1286.4992681087588,55,89,67,369,existing,1545.2903856227301,55,91,67,233,existing,1490.3014469216612,55,90,67,452,existing,1494.78629928091,55,87,67,314,existing,1815.4820331660471,55,86,67,188,existing,1881.8530584151351,55,88,67,314,existing,1815.4820331660471
56,56,84,68,567,existing,1131.0662767881656,56,84,68,502,existing,620.7466129808712,56,84,68,333,allocated,468.31840314761837,56,92,68,567,existing,1131.0662767881656,56,94,68,125,existing,1195.900022694874,56,91,68,233,existing,1345.1584297730294,56,90,68,452,existing,1347.1880615386797,56,87,68,314,existing,2001.6826635842701,56,93,68,41,existing,1385.2733000308292,56,95,68,315,existing,1472.6998985269815,56,89,68,369,existing,1396.3014050350196,56,86,68,188,existing,2068.053688833358,56,88,68,314,existing,2001.6826635842701
57,57,73,69,188,existing,404.3623655484237,57,73,69,480,existing,511.68269107473725,57,73,69,69,allocated,0.0,57,86,69,188,existing,404.3623655484237,57,88,69,314,existing,526.3914501922676,57,95,69,315,existing,1056.001643955731,57,87,69,314,existing,526.3914501922676,57,91,69,233,existing,2361.5154356971907,57,92,69,567,existing,2368.9936863101866,57,94,69,125,existing,1240.5649870837947,57,93,69,41,existing,2070.2866583881364,57,90,69,452,existing,2415.7285644492877,57,89,69,369,existing,2466.2326507911075
58,58,73,70,188,existing,324.9428805210947,58,73,70,480,existing,591.1021761020663,58,73,70,105,allocated,79.06421002402175,58,86,70,188,existing,324.9428805210947,58,88,70,314,existing,446.9719651649386,58,87,70,314,existing,446.9719651649386,58,95,70,315,existing,976.582158928402,58,91,70,233,existing,2376.7374085318033,58,94,70,125,existing,1249.0580555831036,58,92,70,567,existing,2384.2156591447992,58,93,70,41,existing,2085.5086312227486,58,90,70,452,existing,2430.9505372839003,58,89,70,369,existing,2481.45462362572
59,59,83,72,377,existing,842.7865290147663,59,83,72,550,existing,1139.3898695319847,59,83,72,72,allocated,0.0,59,87,72,314,existing,1057.6949726886614,59,88,72,314,existing,1057.6949726886614,59,86,72,188,existing,1363.5451879068812,59,95,72,315,existing,1568.0433387456092,59,94,72,125,existing,1579.6349184946919,59,93,72,41,existing,2670.5454195921016,59,91,72,233,existing,2961.7741969011563,59,92,72,567,existing,2873.5789878591804,59,89,72,369,existing,3018.2652552284485,59,90,72,452,existing,2967.7611688866286
60,60,84,73,567,existing,873.792720036998,60,84,73,62,existing,385.33730782442365,60,84,73,333,allocated,288.27840520657367,60,92,73,567,existing,873.792720036998,60,91,73,233,existing,1087.884873021862,60,90,73,452,existing,1089.9145047875122,60,89,73,369,existing,1139.0278482838523,60,88,73,314,existing,2433.5248766810028,60,95,73,315,existing,1848.256623522784,60,94,73,125,existing,1610.0180783452533,60,93,73,41,existing,1181.996217554995,60,86,73,188,existing,2499.895901930091,60,87,73,314,existing,2433.5248766810028
61,61,84,74,567,existing,1000.7092136375761,61,84,74,502,existing,460.2074339861488,61,84,74,328,allocated,398.1672844380694,61,92,74,567,existing,1000.7092136375761,61,91,74,233,existing,1214.80136662244,61,90,74,452,existing,1216.8309983880902,61,89,74,369,existing,1265.9443418844303,61,88,74,314,existing,2507.6618630606044,61,94,74,125,existing,1701.8792221712083,61,95,74,315,existing,1975.1731171233619,61,93,74,41,existing,1308.9127111555729,61,86,74,188,existing,2574.032888309692,61,87,74,314,existing,2507.6618630606044
62,62,78,75,509,existing,526.1043923080091,62,78,75,116,existing,469.2170997179954,62,78,75,76,allocated,41.11570141292558,62,91,75,233,existing,625.7144961969911,62,90,75,452,existing,686.0768120499358,62,92,75,567,existing,692.6299115349548,62,93,75,41,existing,714.9455312948904,62,89,75,369,existing,736.5808983917557,62,95,75,315,existing,1677.4968693693436,62,94,75,125,existing,1661.0906103242241,62,87,75,314,existing,2262.7651225275627,62,88,75,314,existing,2262.7651225275627,62,86,75,188,existing,2329.1361477766504
63,63,78,76,509,existing,567.2200937209346,63,78,76,116,existing,510.332801130921,63,78,76,76,allocated,0.0,63,91,76,233,existing,584.5987947840656,63,90,76,452,existing,644.9611106370103,63,92,76,567,existing,733.7456129478803,63,89,76,369,existing,695.4651969788301,63,88,76,314,existing,2303.880823940488,63,93,76,41,existing,756.0612327078161,63,95,76,315,existing,1718.612570782269,63,94,76,125,existing,1702.20631173715,63,86,76,188,existing,2370.251849189576,63,87,76,314,existing,2303.880823940488
64,64,75,78,261,existing,755.4115124679024,64,75,78,116,existing,706.4159543123851,64,75,78,76,allocated,287.0559883699979,64,91,78,233,existing,866.6819715197053,64,90,78,452,existing,927.0442873726499,64,92,78,567,existing,938.5701984920271,64,93,78,41,existing,952.1443858892801,64,89,78,369,existing,977.5483737144698,64,95,78,315,existing,1923.4371563264158,64,94,78,125,existing,1907.0308972812966,64,88,78,314,existing,2508.705409484635,64,86,78,188,existing,2575.0764347337226,64,87,78,314,existing,2508.705409484635
65,65,80,80,176,existing,949.0074541556694,65,80,80,116,existing,804.3641950422739,65,80,80,220,allocated,644.2873490772594,65,93,80,41,existing,991.0614133570693,65,94,80,125,existing,1217.5460512770483,65,91,80,233,existing,1320.5799184333928,65,95,80,315,existing,1227.4428503789993,65,92,80,567,existing,1331.8789253557898,65,90,80,452,existing,1378.6138034948908,65,88,80,314,existing,1812.7111035372186,65,89,80,369,existing,1429.1178898367107,65,86,80,188,existing,1879.0821287863064,65,87,80,314,existing,1812.7111035372186
66,66,76,83,369,existing,978.671109145915,66,76,83,492,existing,392.0919351578693,66,76,83,246,allocated,284.16954641138534,66,89,83,369,existing,978.671109145915,66,90,83,452,existing,1029.175195487735,66,92,83,567,existing,1270.5992762851479,66,91,83,233,existing,1084.2507818888932,66,94,83,125,existing,2088.980572562933,66,95,83,315,existing,2327.219117740464,66,93,83,41,existing,1580.0229804771955,66,88,83,314,existing,2912.487370898683,66,87,83,314,existing,2912.487370898683,66,86,83,188,existing,2978.8583961477707
67,67,72,84,369,existing,1087.4505977319589,67,72,84,492,existing,285.22032655526084,67,72,84,246,allocated,392.9490349974291,67,89,84,369,existing,1087.4505977319589,67,90,84,452,existing,1137.9546840737787,67,92,84,567,existing,1379.3787648711918,67,91,84,233,existing,1193.030270474937,67,94,84,125,existing,2197.760061148977,67,93,84,41,existing,1688.8024690632392,67,95,84,315,existing,2435.9986063265073,67,88,84,314,existing,3021.2668594847264,67,86,84,188,existing,3087.6378847338146,67,87,84,314,existing,3021.2668594847264
68,68,84,85,567,existing,1277.0629724134046,68,84,85,502,existing,520.9701377725488,68,84,85,85,allocated,0.0,68,92,85,567,existing,1277.0629724134046,68,89,85,369,existing,1423.5202226061147,68,90,85,452,existing,1474.0243089479345,68,91,85,233,existing,1479.8218670293031,68,93,85,41,existing,1592.7715044656643,68,88,85,314,existing,2287.6478249659413,68,95,85,315,existing,1758.7580922076859,68,94,85,125,existing,1485.4518352839655,68,87,85,314,existing,2287.6478249659413,68,86,85,188,existing,2354.018850215029
69,69,84,87,567,existing,469.65057659050876,69,84,87,62,existing,18.887221587002113,69,84,87,333,allocated,193.17968301497487,69,92,87,567,existing,469.65057659050876,69,91,87,233,existing,688.2474498711097,69,89,87,369,existing,734.8033188724264,69,90,87,452,existing,689.7603657461308,69,94,87,125,existing,1243.5679921078317,69,93,87,41,existing,813.3249036210686,69,88,87,314,existing,2067.0747904435816,69,95,87,315,existing,1481.8065372853625,69,87,87,314,existing,2067.0747904435816,69,86,87,188,existing,2133.4458156926694
70,70,84,88,567,existing,549.1373618909809,70,84,88,62,existing,98.37400688747422,70,84,88,333,allocated,272.66646831544693,70,92,88,567,existing,549.1373618909809,70,89,88,369,existing,655.3165335719543,70,90,88,452,existing,704.228068996653,70,91,88,233,existing,708.2379568858737,70,88,88,314,existing,2146.5615757440537,70,94,88,125,existing,1323.0547774083038,70,93,88,41,existing,892.8116889215407,70,95,88,315,existing,1561.2933225858346,70,87,88,314,existing,2146.5615757440537,70,86,88,188,existing,2212.932600993142
71,71,72,89,369,existing,1110.3336388682703,71,72,89,492,existing,293.0837664439111,71,72,89,121,allocated,168.95795099430165,71,89,89,369,existing,1110.3336388682703,71,90,89,452,existing,1160.8377252100902,71,92,89,567,existing,1431.0571495902861,71,91,89,233,existing,1215.9133116112484,71,95,89,315,existing,2487.6769910456014,71,93,89,41,existing,1711.6855101995507,71,94,89,125,existing,2249.438445868071,71,88,89,314,existing,3072.9452442038205,71,86,89,188,existing,3139.3162694529083,71,87,89,314,existing,3072.9452442038205
72,72,72,90,369,existing,1176.0621453652052,72,72,90,492,existing,358.81227294084607,72,72,90,121,allocated,103.22944449736666,72,89,90,369,existing,1176.0621453652052,72,90,90,452,existing,1226.566231707025,72,92,90,567,existing,1496.785656087221,72,91,90,233,existing,1281.6418181081833,72,95,90,315,existing,2553.4054975425365,72,88,90,314,existing,3138.6737507007556,72,93,90,41,existing,1777.4140166964855,72,94,90,125,existing,2315.166952365006,72,87,90,314,existing,3138.6737507007556,72,86,90,188,existing,3205.044775949844
73,73,80,92,176,existing,474.18237361537706,73,80,92,193,existing,222.10680761719428,73,80,92,235,allocated,49.29078915762198,73,94,92,125,existing,497.98609767303503,73,95,92,315,existing,562.6185134847785,73,93,92,41,existing,594.5341155761923,73,92,92,567,existing,845.0149867316184,73,90,92,452,existing,891.7498648707196,73,88,92,314,existing,1147.8867666429978,73,91,92,233,existing,885.7628928852471,73,89,92,369,existing,942.2539512125395,73,86,92,188,existing,1214.2577918920858,73,87,92,314,existing,1147.8867666429978
74,74,84,93,567,existing,1005.4511780647213,74,84,93,502,existing,255.06938719050714,74,84,93,328,allocated,193.7076664349573,74,92,93,567,existing,1005.4511780647213,74,89,93,369,existing,1153.7843554981541,74,90,93,452,existing,1204.288441839974,74,91,93,233,existing,1210.0859999213424,74,95,93,315,existing,1808.9056076629247,74,94,93,125,existing,1532.1057318308171,74,87,93,314,existing,2337.8883727202133,74,93,93,41,existing,1349.1255050952811,74,86,93,188,existing,2404.259397969301,74,88,93,314,existing,2337.8883727202133
75,75,80,94,176,existing,570.6218162884933,75,80,94,116,existing,366.44949952934263,75,80,94,366,allocated,352.59877960332767,75,93,94,41,existing,612.1779311062377,75,91,94,233,existing,882.6652229204616,75,90,94,452,existing,940.6991079819595,75,92,94,567,existing,893.9642298428583,75,95,94,315,existing,1559.1965466220245,75,87,94,314,existing,2144.464799780244,75,89,94,369,existing,991.2031943237794,75,94,94,125,existing,1542.7902875769055,75,86,94,188,existing,2210.8358250293318,75,88,94,314,existing,2144.464799780244
76,76,80,95,176,existing,586.3945551873874,76,80,95,116,existing,349.32011129789464,76,80,95,366,allocated,335.46939137187974,76,93,95,41,existing,595.0485428747897,76,91,95,233,existing,865.5358346890137,76,92,95,567,existing,876.8348416114104,76,90,95,452,existing,923.5697197505116,76,95,95,315,existing,1574.9692855209187,76,94,95,125,existing,1558.5630264757995,76,87,95,314,existing,2160.2375386791377,76,89,95,369,existing,974.0738060923316,76,86,95,188,existing,2226.6085639282255,76,88,95,314,existing,2160.2375386791377
77,77,80,96,176,existing,351.78835006731197,77,80,96,193,existing,351.68112817694225,77,80,96,536,allocated,154.20185016707399,77,93,96,41,existing,445.9060740445791,77,92,96,567,existing,552.0718420761541,77,90,96,452,existing,741.6197037128828,77,91,96,233,existing,737.1348513536338,77,95,96,315,existing,953.3184100787288,77,94,96,125,existing,775.5793981570803,77,88,96,314,existing,1538.586663236948,77,89,96,369,existing,792.1237900547028,77,87,96,314,existing,1538.586663236948,77,86,96,188,existing,1604.957688486036
78,78,84,97,567,existing,340.8261196840584,78,84,97,159,existing,260.9880559653732,78,84,97,159,allocated,260.9880559653732,78,92,97,567,existing,340.8261196840584,78,91,97,233,existing,554.9182726689221,78,90,97,452,existing,556.9479044345725,78,89,97,369,existing,607.4519907763924,78,95,97,315,existing,1164.5641324708245,78,93,97,41,existing,649.0296172020552,78,94,97,125,existing,986.825120549176,78,88,97,314,existing,1749.8323856290438,78,86,97,188,existing,1816.2034108781318,78,87,97,314,existing,1749.8323856290438
79,79,84,98,567,existing,850.188004915842,79,84,98,62,existing,361.73259270326764,79,84,98,333,allocated,187.44013127529485,79,92,98,567,existing,850.188004915842,79,91,98,233,existing,1064.2801579007057,79,89,98,369,existing,1115.423133162696,79,90,98,452,existing,1066.3097896663562,79,94,98,125,existing,1354.2498039031223,79,93,98,41,existing,1158.3915024338387,79,87,98,314,existing,2177.756602238872,79,95,98,315,existing,1592.4883490806528,79,86,98,188,existing,2244.12762748796,79,88,98,314,existing,2177.756602238872
80,80,84,99,567,existing,953.1129305040433,80,84,99,62,existing,464.6575182914689,80,84,99,333,allocated,290.36505686349614,80,92,99,567,existing,953.1129305040433,80,91,99,233,existing,1167.2050834889071,80,89,99,369,existing,1218.3480587508975,80,90,99,452,existing,1169.2347152545574,80,88,99,314,existing,2081.7760308610063,80,94,99,125,existing,1275.9933899716102,80,95,99,315,existing,1552.7932658037178,80,93,99,41,existing,1261.31642802204,80,86,99,188,existing,2148.1470561100946,80,87,99,314,existing,2081.7760308610063
81,81,71,101,367,existing,1132.433050176051,81,71,101,502,existing,258.49027260391296,81,71,101,328,allocated,259.3551775605026,81,89,101,369,existing,1161.0403574374789,81,90,101,452,existing,1211.5444437792987,81,91,101,233,existing,1217.3420018606673,81,92,101,567,existing,1395.8422110029744,81,95,101,315,existing,2081.3167602190438,81,93,101,41,existing,1713.1142004489695,81,94,101,125,existing,1808.0105032953234,81,88,101,314,existing,2610.206492977299,81,87,101,314,existing,2610.206492977299,81,86,101,188,existing,2676.577518226387
82,82,76,102,369,existing,618.6836608303311,82,76,102,492,existing,226.22960980814514,82,76,102,349,allocated,262.82230521550906,82,89,102,369,existing,618.6836608303311,82,90,102,452,existing,669.1877471721509,82,92,102,567,existing,946.9367576704667,82,91,102,233,existing,724.2633335733093,82,94,102,125,existing,1933.4951171089613,82,93,102,41,existing,1220.0355321616114,82,95,102,315,existing,2111.23412903061,82,87,102,314,existing,2696.502382188829,82,88,102,314,existing,2696.502382188829,82,86,102,188,existing,2762.873407437917
83,83,76,103,369,existing,737.937110285673,83,76,103,492,existing,89.08312284896122,83,76,103,246,allocated,330.4735059172121,83,89,103,369,existing,737.937110285673,83,90,103,452,existing,788.4411966274929,83,91,103,233,existing,843.5167830286513,83,92,103,567,existing,1066.1902071258087,83,93,103,41,existing,1339.2889816169534,83,95,103,315,existing,2230.487578485952,83,94,103,125,existing,2045.4378022731212,83,87,103,314,existing,2815.755831644171,83,88,103,314,existing,2815.755831644171,83,86,103,188,existing,2882.126856893259
84,84,80,104,176,existing,613.1642630900062,84,80,104,116,existing,408.9919463308555,84,80,104,366,allocated,395.14122640484055,84,93,104,41,existing,654.7203779077505,84,91,104,233,existing,925.2076697219744,84,92,104,567,existing,936.5066766443712,84,90,104,452,existing,983.2415547834723,84,94,104,125,existing,1527.9960434717593,84,88,104,314,existing,2123.1610957319294,84,95,104,315,existing,1537.8928425737104,84,89,104,369,existing,1033.7456411252922,84,86,104,188,existing,2189.532120981017,84,87,104,314,existing,2123.1610957319294
85,85,73,106,188,existing,110.73353280939835,85,73,106,146,existing,455.5628683021434,85,73,106,188,existing,110.73353280939835,85,86,106,188,existing,110.73353280939835,85,87,106,314,existing,232.76261745324226,85,95,106,315,existing,762.3728112167055,85,88,106,314,existing,232.76261745324226,85,91,106,233,existing,2162.528060820107,85,92,106,567,existing,2170.0063114331024,85,93,106,41,existing,1871.2992835110522,85,94,106,125,existing,1034.8487078714072,85,89,106,369,existing,2267.2452759140238,85,90,106,452,existing,2216.741189572204
86,86,81,108,125,existing,595.1943919170103,86,81,108,550,existing,400.7005942828796,86,81,108,125,allocated,595.1943919170103,86,94,108,125,existing,595.1943919170103,86,95,108,315,existing,839.6730284721025,86,87,108,314,existing,1077.1372375138164,86,88,108,314,existing,1077.1372375138164,86,86,108,188,existing,1143.5082627629045,86,92,108,567,existing,1889.1384612814988,86,93,108,41,existing,1686.3717842464469,86,91,108,233,existing,1977.6005615555016,86,90,108,452,existing,1983.5875335409742,86,89,108,369,existing,2034.091619882794
87,87,81,109,125,existing,466.768941405244,87,81,109,550,existing,272.2751437711133,87,81,109,125,allocated,466.768941405244,87,94,109,125,existing,466.768941405244,87,95,109,315,existing,711.2475779603361,87,87,109,314,existing,948.71178700205,87,88,109,314,existing,948.71178700205,87,86,109,188,existing,1015.082812251138,87,93,109,41,existing,1557.9463337346804,87,91,109,233,existing,1849.1751110437351,87,92,109,567,existing,1760.7130107697326,87,89,109,369,existing,1905.6661693710275,87,90,109,452,existing,1855.1620830292077
88,88,84,110,567,existing,1022.4628323356791,88,84,110,502,existing,266.36999769482355,88,84,110,328,allocated,176.69601216399943,88,92,110,567,existing,1022.4628323356791,88,89,110,369,existing,1168.9200825283895,88,90,110,452,existing,1219.4241688702093,88,91,110,233,existing,1225.221726951578,88,93,110,41,existing,1366.137159366239,88,94,110,125,existing,1548.4389573092456,88,95,110,315,existing,1825.238833141353,88,88,110,314,existing,2354.2215981986415,88,86,110,188,existing,2420.5926234477292,88,87,110,314,existing,2354.2215981986415
89,89,76,111,369,existing,1029.0410338543911,89,76,111,502,existing,158.20738627353202,89,76,111,328,allocated,247.88137180435612,89,89,111,369,existing,1029.0410338543911,89,90,111,452,existing,1079.545120196211,89,92,111,567,existing,1320.9692009936243,89,91,111,233,existing,1134.6207065973692,89,94,111,125,existing,1945.3825052948562,89,88,111,314,existing,2751.165146184252,89,95,111,315,existing,2222.1823811269637,89,93,111,41,existing,1630.3929051856715,89,87,111,314,existing,2751.165146184252,89,86,111,188,existing,2817.53617143334
90,90,76,112,369,existing,1181.108248637301,90,76,112,502,existing,310.2746010564417,90,76,112,328,allocated,399.9485865872658,90,89,112,369,existing,1181.108248637301,90,90,112,452,existing,1231.6123349791208,90,92,112,567,existing,1473.0364157765339,90,91,112,233,existing,1286.687921380279,90,94,112,125,existing,2097.449720077766,90,93,112,41,existing,1782.4601199685812,90,87,112,314,existing,2903.2323609671616,90,95,112,315,existing,2374.2495959098733,90,88,112,314,existing,2903.2323609671616,90,86,112,188,existing,2969.6033862162494
91,91,81,113,125,existing,796.4346817521105,91,81,113,193,existing,556.2205357034626,91,81,113,192,allocated,119.44814284550358,91,94,113,125,existing,796.4346817521105,91,95,113,315,existing,1069.7409386758306,91,92,113,567,existing,1221.841360884731,91,93,113,41,existing,1115.6755928531559,91,88,113,314,existing,1598.6306714340858,91,91,113,233,existing,1406.9043701622106,91,89,113,369,existing,1461.8933088632796,91,90,113,452,existing,1411.3892225214595,91,86,113,188,existing,1665.0016966831738,91,87,113,314,existing,1598.6306714340858
92,92,81,114,125,existing,906.0851129992338,92,81,114,193,existing,665.8709669505859,92,81,114,192,allocated,229.09857409262682,92,94,114,125,existing,906.0851129992338,92,95,114,315,existing,1179.391369922954,92,92,114,567,existing,1331.4917921318543,92,93,114,41,existing,1225.326024100279,92,88,114,314,existing,1708.2811026812092,92,91,114,233,existing,1516.5548014093338,92,89,114,369,existing,1571.5437401104027,92,90,114,452,existing,1521.0396537685829,92,86,114,188,existing,1774.6521279302972,92,87,114,314,existing,1708.2811026812092
93,93,80,115,176,existing,280.44077044655745,93,80,115,116,existing,43.366326557064774,93,80,115,366,allocated,29.515606631049852,93,93,115,41,existing,289.0947581339599,93,91,115,233,existing,559.5820499481838,93,90,115,452,existing,617.6159350096816,93,92,115,567,existing,570.8810568705806,93,95,115,315,existing,1269.0155007800886,93,89,115,369,existing,668.1200213515015,93,94,115,125,existing,1252.6092417349696,93,87,115,314,existing,1854.2837539383079,93,86,115,188,existing,1920.654779187396,93,88,115,314,existing,1854.2837539383079
94,94,83,118,377,existing,366.7477263462828,94,83,118,550,existing,47.40640058405699,94,83,118,547,allocated,317.8472647976836,94,94,118,125,existing,691.6376845923002,94,87,118,314,existing,786.3772536767931,94,88,118,314,existing,786.3772536767931,94,95,118,315,existing,852.2695058958049,94,86,118,188,existing,852.7482789258811,94,93,118,41,existing,1782.8150769217366,94,92,118,567,existing,1985.5817539567888,94,91,118,233,existing,2074.043854230791,94,90,118,452,existing,2080.030826216264,94,89,118,369,existing,2130.5349125580838
95,95,81,119,125,existing,345.5552413895173,95,81,119,193,existing,78.34302859062069,95,81,119,119,allocated,0.0,95,94,119,125,existing,345.5552413895173,95,95,119,315,existing,583.7937865670481,95,92,119,567,existing,982.095998843717,95,93,119,41,existing,861.8055383444646,95,91,119,233,existing,1153.0343156535193,95,88,119,314,existing,1169.0620397252674,95,90,119,452,existing,1159.021287638992,95,87,119,314,existing,1169.0620397252674,95,89,119,369,existing,1209.5253739808118,95,86,119,188,existing,1235.4330649743551
96,96,81,124,125,existing,102.97955551253997,96,81,124,471,existing,153.39033511711804,96,81,124,124,allocated,0.0,96,94,124,125,existing,102.97955551253997,96,95,124,315,existing,176.22524547746514,96,88,124,314,existing,754.7645943003808,96,87,124,314,existing,754.7645943003808,96,93,124,41,existing,989.5406577366875,96,86,124,188,existing,821.1356195494687,96,92,124,567,existing,1240.0215288921136,96,91,124,233,existing,1280.7694350457423,96,90,124,452,existing,1286.7564070312146,96,89,124,369,existing,1337.2604933730347
97,97,71,127,367,existing,549.654018657867,97,71,127,62,existing,172.0489934308645,97,71,127,461,allocated,246.2859899623277,97,89,127,369,existing,581.6415470285641,97,92,127,567,existing,622.8123484343711,97,90,127,452,existing,630.5530824532627,97,91,127,233,existing,634.5629703424835,97,94,127,125,existing,1396.7297639516942,97,87,127,314,existing,2220.236562287444,97,93,127,41,existing,966.4866754649311,97,95,127,315,existing,1634.968309129225,97,86,127,188,existing,2286.6075875365323,97,88,127,314,existing,2220.236562287444
98,98,71,128,367,existing,404.1372032325586,98,71,128,62,existing,317.5658088561729,98,71,128,461,allocated,100.76917453701927,98,89,128,369,existing,436.12473160325567,98,90,128,452,existing,485.0362670279542,98,91,128,233,existing,489.04615491717493,98,92,128,567,existing,579.3144777412986,98,94,128,125,existing,1542.2465793770025,98,93,128,41,existing,922.9888047718584,98,87,128,314,existing,2328.880102259661,98,95,128,315,existing,1743.6118491014417,98,86,128,188,existing,2395.251127508749,98,88,128,314,existing,2328.880102259661
99,99,84,129,567,existing,660.2448193435803,99,84,129,62,existing,209.4814643400736,99,84,129,333,allocated,383.7739257680463,99,92,129,567,existing,660.2448193435803,99,91,129,233,existing,878.8416926241812,99,89,129,369,existing,925.397561625498,99,90,129,452,existing,880.3546084992023,99,93,129,41,existing,1003.9191463741402,99,95,129,315,existing,1672.4007800384338,99,88,129,314,existing,2257.669033196653,99,94,129,125,existing,1434.1622348609033,99,86,129,188,existing,2324.040058445741,99,87,129,314,existing,2257.669033196653
100,100,82,130,315,existing,747.2557006056409,100,82,130,480,existing,534.5639290525735,100,82,130,145,allocated,637.0865946119599,100,95,130,315,existing,747.2557006056409,100,94,130,125,existing,773.5139830992395,100,86,130,188,existing,1107.0491487092656,100,87,130,314,existing,1198.1778119042901,100,93,130,41,existing,1603.235654403581,100,91,130,233,existing,1894.4644317126356,100,88,130,314,existing,1198.1778119042901,100,92,130,567,existing,1901.9426823256313,100,89,130,369,existing,1999.1816468065524,100,90,130,452,existing,1948.6775604647323
101,101,82,131,315,existing,713.6069517156072,101,82,131,480,existing,568.2126779426071,101,82,131,124,allocated,636.885678696666,101,95,131,315,existing,713.6069517156072,101,94,131,125,existing,739.8652342092059,101,87,131,314,existing,1231.8265607943238,101,86,131,188,existing,1140.6978975992993,101,91,131,233,existing,1860.8156828226022,101,93,131,41,existing,1569.5869055135477,101,92,131,567,existing,1868.2939334355979,101,88,131,314,existing,1231.8265607943238,101,90,131,452,existing,1915.028811574699,101,89,131,369,existing,1965.532897916519
102,102,76,132,369,existing,995.0687802207995,102,76,132,492,existing,212.42265765405529,102,76,132,121,allocated,397.40041613348853,102,89,132,369,existing,995.0687802207995,102,90,132,452,existing,1045.5728665626193,102,92,132,567,existing,1323.321877060935,102,91,132,233,existing,1100.6484529637776,102,95,132,315,existing,2407.015882255746,102,88,132,314,existing,2992.284135413965,102,94,132,125,existing,2168.777337078215,102,93,132,41,existing,1596.4206515520798,102,86,132,188,existing,3058.655160663053,102,87,132,314,existing,2992.284135413965
103,103,72,133,369,existing,992.9799138545438,103,72,133,492,existing,175.73004143018466,103,72,133,121,allocated,360.7077999096179,103,89,133,369,existing,992.9799138545438,103,90,133,452,existing,1043.4840001963637,103,92,133,567,existing,1313.7034245765597,103,91,133,233,existing,1098.559586597522,103,95,133,315,existing,2370.323266031875,103,93,133,41,existing,1594.3317851858242,103,94,133,125,existing,2132.0847208543446,103,88,133,314,existing,2955.591519190094,103,87,133,314,existing,2955.591519190094,103,86,133,188,existing,3021.9625444391822
104,104,78,134,509,existing,617.6567203406751,104,78,134,116,existing,552.0279953879788,104,78,134,76,allocated,132.6680294455916,104,91,134,233,existing,712.2940125952989,104,90,134,452,existing,772.6563284482436,104,92,134,567,existing,784.1822395676207,104,93,134,41,existing,797.7564269648738,104,94,134,125,existing,1752.6429383568902,104,95,134,315,existing,1769.0491974020097,104,87,134,314,existing,2354.3174505602287,104,89,134,369,existing,823.1604147900634,104,86,134,188,existing,2420.6884758093165,104,88,134,314,existing,2354.3174505602287
105,105,75,135,261,existing,493.7925611101015,105,75,135,116,existing,687.4300232790938,105,75,135,76,allocated,189.7353898958892,105,91,135,233,existing,576.8919847041838,105,90,135,452,existing,637.2543005571284,105,89,135,369,existing,687.7583868989484,105,92,135,567,existing,919.5842674587358,105,95,135,315,existing,1904.4512252931245,105,94,135,125,existing,1888.0449662480053,105,93,135,41,existing,933.1584548559889,105,87,135,314,existing,2489.7194784513435,105,86,135,188,existing,2556.0905037004313,105,88,135,314,existing,2489.7194784513435
106,106,75,136,261,existing,473.22061087350835,106,75,136,116,existing,812.0550527155002,106,75,136,76,allocated,403.65306384215205,106,91,136,233,existing,983.2790469918593,106,90,136,452,existing,1043.641362844804,106,92,136,567,existing,1055.1672739641813,106,93,136,41,existing,1057.7834842923953,106,95,136,315,existing,1939.5640251953469,106,89,136,369,existing,1094.1454491866239,106,94,136,125,existing,1929.6672260933956,106,88,136,314,existing,2524.832278353566,106,86,136,188,existing,2591.203303602654,106,87,136,314,existing,2524.832278353566
107,107,75,137,261,existing,593.4133406116396,107,75,137,116,existing,702.820300046408,107,75,137,76,allocated,283.4603341040209,107,91,137,233,existing,863.0863172537281,107,90,137,452,existing,923.4486331066728,107,92,137,567,existing,934.97454422605,107,93,137,41,existing,948.5487316233031,107,94,137,125,existing,1903.4352430153197,107,89,137,369,existing,973.9527194484926,107,87,137,314,existing,2505.109755218658,107,95,137,315,existing,1919.8415020604389,107,86,137,188,existing,2571.4807804677457,107,88,137,314,existing,2505.109755218658
108,108,80,138,176,existing,913.9701799670763,108,80,138,116,existing,777.9732898450769,108,80,138,220,allocated,573.1875819113028,108,93,138,41,existing,964.6705081598724,108,94,138,125,existing,1146.4462841110917,108,95,138,315,existing,1156.343083213043,108,91,138,233,existing,1294.189013236196,108,87,138,314,existing,1741.611336371262,108,89,138,369,existing,1402.7269846395138,108,92,138,567,existing,1305.4880201585927,108,90,138,452,existing,1352.222898297694,108,86,138,188,existing,1807.98236162035,108,88,138,314,existing,1741.611336371262
109,109,80,139,176,existing,767.0857818674726,109,80,139,116,existing,631.0888917454732,109,80,139,220,allocated,426.3031838116991,109,93,139,41,existing,817.7861100602687,109,94,139,125,existing,999.561886011488,109,95,139,315,existing,1009.4586851134391,109,91,139,233,existing,1147.304615136592,109,92,139,567,existing,1158.603622058989,109,89,139,369,existing,1255.84258653991,109,88,139,314,existing,1594.7269382716581,109,90,139,452,existing,1205.33850019809,109,87,139,314,existing,1594.7269382716581,109,86,139,188,existing,1661.0979635207464
110,110,78,140,509,existing,353.08099916786637,110,78,140,159,existing,439.7684546761268,110,78,140,140,allocated,0.0,110,91,140,233,existing,508.3075114724153,110,92,140,567,existing,519.606518394812,110,90,140,452,existing,566.3413965339132,110,93,140,41,existing,602.4188560055484,110,94,140,125,existing,1488.0672171840815,110,89,140,369,existing,616.8454828757331,110,88,140,314,existing,2089.74172938742,110,95,140,315,existing,1504.473476229201,110,86,140,188,existing,2156.112754636508,110,87,140,314,existing,2089.74172938742
111,111,81,141,125,existing,252.85882762078157,111,81,141,193,existing,171.03944235935643,111,81,141,119,allocated,92.69641376873574,111,94,141,125,existing,252.85882762078157,111,95,141,315,existing,491.09737279831234,111,93,141,41,existing,950.3189081622802,111,92,141,567,existing,1074.7924126124526,111,88,141,314,existing,1076.3656259565314,111,86,141,188,existing,1142.7366512056194,111,91,141,233,existing,1241.547685471335,111,87,141,314,existing,1076.3656259565314,111,90,141,452,existing,1247.5346574568075,111,89,141,369,existing,1298.0387437986274
112,112,81,143,125,existing,359.00603733928233,112,81,143,193,existing,91.79382454038573,112,81,143,143,allocated,0.0,112,94,143,125,existing,359.00603733928233,112,95,143,315,existing,597.244582516813,112,93,143,41,existing,875.2563342942296,112,92,143,567,existing,995.546794793482,112,88,143,314,existing,1182.5128356750322,112,90,143,452,existing,1172.472083588757,112,91,143,233,existing,1166.4851116032844,112,87,143,314,existing,1182.5128356750322,112,86,143,188,existing,1248.8838609241202,112,89,143,369,existing,1222.9761699305768
113,113,81,144,125,existing,345.38766846545155,113,81,144,471,existing,294.9768888608735,113,81,144,144,allocated,0.0,113,94,144,125,existing,345.38766846545155,113,95,144,315,existing,622.187544297559,113,93,144,41,existing,1139.3787942744193,113,88,144,314,existing,1151.1703093548476,113,86,144,188,existing,1217.5413346039356,113,92,144,567,existing,1259.6692547736716,113,87,144,314,existing,1151.1703093548476,113,91,144,233,existing,1430.607571583474,113,90,144,452,existing,1436.5945435689464,113,89,144,369,existing,1487.0986299107662
114,114,84,147,567,existing,1077.827660846723,114,84,147,502,existing,327.445869972509,114,84,147,328,allocated,265.40572042442955,114,92,147,567,existing,1077.827660846723,114,89,147,369,existing,1226.160838280156,114,90,147,452,existing,1276.6649246219758,114,91,147,233,existing,1282.4624827033442,114,95,147,315,existing,1736.529124880923,114,93,147,41,existing,1392.8954507643618,114,87,147,314,existing,2265.5118899382114,114,94,147,125,existing,1459.7292490488155,114,88,147,314,existing,2265.5118899382114,114,86,147,188,existing,2331.882915187299
115,115,71,148,367,existing,1036.5103723303819,115,71,148,502,existing,166.402711284163,115,71,148,328,allocated,202.1302837371267,115,89,148,369,existing,1065.11767959181,115,92,148,567,existing,1094.1178539710654,115,91,148,233,existing,1121.4193240149982,115,90,148,452,existing,1115.6217659336298,115,93,148,41,existing,1437.7921810016253,115,95,148,315,existing,1897.5722835692688,115,87,148,314,existing,2426.5550486265574,115,94,148,125,existing,1620.7724077371613,115,86,148,188,existing,2492.926073875645,115,88,148,314,existing,2426.5550486265574
116,116,75,149,261,existing,377.4470058890001,116,75,149,116,existing,907.8286577000084,116,75,149,76,allocated,499.42666882666026,116,91,149,233,existing,895.3685804667389,116,90,149,452,existing,955.7308963196836,116,92,149,567,existing,1150.9408789486895,116,89,149,369,existing,1006.2349826615034,116,94,149,125,existing,2025.4408310779038,116,87,149,314,existing,2620.605883338074,116,93,149,41,existing,1153.5570892769035,116,95,149,315,existing,2035.3376301798548,116,88,149,314,existing,2620.605883338074,116,86,149,188,existing,2686.976908587162
117,117,85,151,187,existing,499.41440362451397,117,85,151,480,existing,262.42727418414006,117,85,151,150,allocated,34.10194771492816,117,95,151,315,existing,499.8446258432641,117,94,151,125,existing,526.1029083368628,117,86,151,188,existing,629.8671627220596,117,88,151,314,existing,720.9958259170838,117,93,151,41,existing,1355.8245796412043,117,92,151,567,existing,1654.5316075632547,117,87,151,314,existing,720.9958259170838,117,91,151,233,existing,1647.053356950259,117,89,151,369,existing,1751.7705720441759,117,90,151,452,existing,1701.266485702356
118,118,82,152,315,existing,324.81996766687496,118,82,152,471,existing,399.08410460715413,118,82,152,150,allocated,140.922710461461,118,95,152,315,existing,324.81996766687496,118,94,152,125,existing,351.0782501604736,118,88,152,314,existing,896.020484093473,118,86,152,188,existing,804.8918208984487,118,91,152,233,existing,1472.0286987738698,118,92,152,567,existing,1479.5069493868655,118,87,152,314,existing,896.020484093473,118,93,152,41,existing,1180.7999214648153,118,89,152,369,existing,1576.7459138677866,118,90,152,452,existing,1526.2418275259665
119,119,85,153,187,existing,449.3081322774618,119,85,153,480,existing,212.3210028370879,119,85,153,153,allocated,0.0,119,95,153,315,existing,549.9508971903163,119,94,153,125,existing,576.209179683915,119,87,153,314,existing,670.8895545700317,119,86,153,188,existing,579.7608913750074,119,92,153,567,existing,1704.6378789103069,119,88,153,314,existing,670.8895545700317,119,91,153,233,existing,1697.1596282973112,119,93,153,41,existing,1405.9308509882567,119,89,153,369,existing,1801.876843391228,119,90,153,452,existing,1751.372757049408
120,120,81,154,125,existing,259.8314768415937,120,81,154,471,existing,209.42069723701567,120,81,154,125,allocated,259.8314768415937,120,94,154,125,existing,259.8314768415937,120,95,154,315,existing,504.31011339668595,120,88,154,314,existing,893.8500980145006,120,87,154,314,existing,893.8500980145006,120,91,154,233,existing,1642.237646480085,120,86,154,188,existing,960.2211232635887,120,92,154,567,existing,1553.7755462060825,120,93,154,41,existing,1351.0088691710303,120,90,154,452,existing,1648.2246184655573,120,89,154,369,existing,1698.7287048073774
121,121,81,155,125,existing,185.8027234340962,121,81,155,471,existing,135.39194382951814,121,81,155,125,allocated,185.8027234340962,121,94,155,125,existing,185.8027234340962,121,95,155,315,existing,430.28135998918845,121,88,155,314,existing,959.1710927474436,121,87,155,314,existing,959.1710927474436,121,93,155,41,existing,1276.9801157635327,121,92,155,567,existing,1479.746792798585,121,86,155,188,existing,1025.5421179965315,121,91,155,233,existing,1568.2088930725874,121,89,155,369,existing,1624.6999513998799,121,90,155,452,existing,1574.19586505806
122,122,84,156,567,existing,1016.5288759142504,122,84,156,502,existing,444.2215265330546,122,84,156,328,allocated,382.18137698497515,122,92,156,567,existing,1016.5288759142504,122,91,156,233,existing,1230.6210288991142,122,89,156,369,existing,1281.7640041611044,122,90,156,452,existing,1232.6506606647645,122,95,156,315,existing,1962.6931905502215,122,94,156,125,existing,1685.893314718114,122,87,156,314,existing,2491.6759556075103,122,93,156,41,existing,1324.7323734322472,122,88,156,314,existing,2491.6759556075103,122,86,156,188,existing,2558.046980856598
123,123,84,157,567,existing,1258.9548913219207,123,84,157,502,existing,502.86205668106487,123,84,157,85,allocated,163.490101765316,123,92,157,567,existing,1258.9548913219207,123,94,157,125,existing,1321.9617335186495,123,89,157,369,existing,1405.4121415146308,123,90,157,452,existing,1455.9162278564506,123,93,157,41,existing,1574.6634233741804,123,91,157,233,existing,1461.7137859378192,123,95,157,315,existing,1595.2679904423699,123,88,157,314,existing,2124.1577232006252,123,87,157,314,existing,2124.1577232006252,123,86,157,188,existing,2190.528748449713
124,124,80,158,176,existing,570.2294546323487,124,80,158,116,existing,333.1550107428561,124,80,158,76,allocated,182.8416274716398,124,93,158,41,existing,578.8834423197511,124,91,158,233,existing,767.4404222557054,124,90,158,452,existing,827.80273810865,124,92,158,567,existing,831.9624435900582,124,87,158,314,existing,2144.0724381240993,124,94,158,125,existing,1542.3979259207608,124,89,158,369,existing,878.30682445047,124,95,158,315,existing,1558.8041849658803,124,86,158,188,existing,2210.443463373187,124,88,158,314,existing,2144.0724381240993
125,125,84,159,567,existing,79.83806371868525,125,84,159,159,existing,0.0,125,84,159,159,allocated,0.0,125,92,159,567,existing,79.83806371868525,125,91,159,233,existing,298.43493699928615,125,90,159,452,existing,299.9478528743073,125,89,159,369,existing,350.4519392161272,125,95,159,315,existing,1327.7954364977118,125,87,159,314,existing,1913.0636896559308,125,94,159,125,existing,1247.813176514549,125,93,159,41,existing,429.5615725834606,125,86,159,188,existing,1979.434714905019,125,88,159,314,existing,1913.0636896559308
126,126,80,160,176,existing,680.2476168430808,126,80,160,116,existing,535.6043577296853,126,80,160,366,allocated,462.7224245415707,126,93,160,41,existing,722.3015760444807,126,91,160,233,existing,1051.8200811208042,126,92,160,567,existing,1063.1190880432011,126,94,160,125,existing,1095.0464200272759,126,89,160,369,existing,1160.358052524122,126,95,160,315,existing,1104.943219129227,126,90,160,452,existing,1109.8539661823022,126,87,160,314,existing,1690.2114722874462,126,88,160,314,existing,1690.2114722874462,126,86,160,188,existing,1756.582497536534
127,127,80,161,176,existing,607.2440192164627,127,80,161,116,existing,462.60076010306716,127,80,161,366,allocated,389.7188269149526,127,93,161,41,existing,649.2979784178626,127,91,161,233,existing,978.8164834941861,127,90,161,452,existing,1036.850368555684,127,92,161,567,existing,990.1154904165829,127,95,161,315,existing,1177.9468167558452,127,88,161,314,existing,1763.2150699140643,127,89,161,369,existing,1087.354454897504,127,94,161,125,existing,1168.050017653894,127,86,161,188,existing,1829.5860951631523,127,87,161,314,existing,1763.2150699140643
128,128,80,162,176,existing,755.2329905944893,128,80,162,193,existing,452.60187144010956,128,80,162,192,allocated,180.7528078800189,128,93,162,41,existing,849.3507145717564,128,94,162,125,existing,863.9678783458837,128,95,162,315,existing,1114.7386865977783,128,92,162,567,existing,955.5164826033314,128,91,162,233,existing,1140.579491880811,128,89,162,369,existing,1195.56843058188,128,90,162,452,existing,1145.06434424006,128,87,162,314,existing,1669.7505192352799,128,88,162,314,existing,1669.7505192352799,128,86,162,188,existing,1736.1215444843679
129,129,81,163,125,existing,794.1416868833322,129,81,163,193,existing,522.4280629026612,129,81,163,192,allocated,110.92661641746737,129,94,163,125,existing,794.1416868833322,129,93,163,41,existing,919.1769060343079,129,92,163,567,existing,1025.342674065883,129,95,163,315,existing,1070.9415627154399,129,89,163,369,existing,1265.3946220444316,129,91,163,233,existing,1210.4056833433626,129,90,163,452,existing,1214.8905357026115,129,87,163,314,existing,1599.9243277727282,129,86,163,188,existing,1666.2953530218163,129,88,163,314,existing,1599.9243277727282
130,130,80,164,176,existing,768.0764421623918,130,80,164,116,existing,623.4331830489965,130,80,164,220,allocated,531.1826396672092,130,93,164,41,existing,810.1304013637919,130,94,164,125,existing,1097.0142700549577,130,95,164,315,existing,1106.911069156909,130,91,164,233,existing,1139.6489064401153,130,92,164,567,existing,1150.9479133625123,130,90,164,452,existing,1197.6827915016133,130,89,164,369,existing,1248.1868778434332,130,88,164,314,existing,1692.179322315128,130,86,164,188,existing,1758.550347564216,130,87,164,314,existing,1692.179322315128
131,131,72,165,369,existing,1421.6775876432107,131,72,165,502,existing,517.2845795121872,131,72,165,121,allocated,515.5457803166864,131,89,165,369,existing,1421.6775876432107,131,90,165,452,existing,1472.1816739850306,131,92,165,567,existing,1706.426695462791,131,91,165,233,existing,1527.2572603861888,131,93,165,41,existing,2023.029458974491,131,88,165,314,existing,3103.304163289114,131,94,165,125,existing,2297.521522399718,131,95,165,315,existing,2574.3213982318252,131,87,165,314,existing,3103.304163289114,131,86,165,188,existing,3169.675188538202
132,132,72,166,369,existing,1508.65317514102,132,72,166,502,existing,604.2601670099966,132,72,166,121,allocated,602.5213678144959,132,89,166,369,existing,1508.65317514102,132,90,166,452,existing,1559.1572614828399,132,92,166,567,existing,1793.4022829606004,132,91,166,233,existing,1614.2328478839981,132,93,166,41,existing,2110.0050464723004,132,94,166,125,existing,2384.4971098975275,132,88,166,314,existing,3190.2797507869236,132,95,166,315,existing,2661.296985729635,132,87,166,314,existing,3190.2797507869236,132,86,166,188,existing,3256.6507760360114
133,133,80,167,176,existing,382.32898671137605,133,80,167,193,existing,321.1404915328782,133,80,167,536,allocated,184.74248681113806,133,93,167,41,existing,476.4467106886432,133,92,167,567,existing,582.6124787202182,133,94,167,125,existing,745.0387615130162,133,91,167,233,existing,767.6754879976979,133,89,167,369,existing,822.6644266987669,133,87,167,314,existing,1568.545559848766,133,95,167,315,existing,983.2773066905469,133,90,167,452,existing,772.1603403569469,133,86,167,188,existing,1634.916585097854,133,88,167,314,existing,1568.545559848766
134,134,80,168,176,existing,503.05029869931695,134,80,168,193,existing,200.41917954493726,134,80,168,372,allocated,215.08762646904995,134,93,168,41,existing,597.1680226765841,134,94,168,125,existing,624.3174495250753,134,92,168,567,existing,703.3337907081591,134,95,168,315,existing,862.555994702606,134,90,168,452,existing,892.8816523448878,134,91,168,233,existing,888.3967999856388,134,88,168,314,existing,1447.8242478608252,134,89,168,369,existing,943.3857386867078,134,87,168,314,existing,1447.8242478608252,134,86,168,188,existing,1514.1952731099132
135,135,80,169,176,existing,918.5407957950549,135,80,169,116,existing,749.9085968861809,135,80,169,220,allocated,613.8206907166449,135,93,169,41,existing,960.5947549964549,135,94,169,125,existing,1187.0793929164338,135,95,169,315,existing,1196.9761920183848,135,91,169,233,existing,1266.1243202772998,135,90,169,452,existing,1324.1582053387979,135,92,169,567,existing,1277.4233271996968,135,89,169,369,existing,1374.6622916806177,135,88,169,314,existing,1782.2444451766041,135,86,169,188,existing,1848.615470425692,135,87,169,314,existing,1782.2444451766041
136,136,80,170,176,existing,909.578300210241,136,80,170,116,existing,705.4059834510904,136,80,170,220,allocated,658.3233041517356,136,93,170,41,existing,951.1344150279855,136,91,170,233,existing,1221.6217068422093,136,94,170,125,existing,1231.5820063515243,136,92,170,567,existing,1232.9207137646063,136,89,170,369,existing,1330.1596782455272,136,90,170,452,existing,1279.6555919037073,136,95,170,315,existing,1241.4788054534756,136,88,170,314,existing,1826.7470586116947,136,86,170,188,existing,1893.1180838607827,136,87,170,314,existing,1826.7470586116947
137,137,78,171,509,existing,533.3070270311379,137,78,171,116,existing,467.6783020784415,137,78,171,76,allocated,48.318336136054384,137,91,171,233,existing,632.9171309201199,137,90,171,452,existing,693.2794467730646,137,92,171,567,existing,699.8325462580835,137,93,171,41,existing,713.4067336553366,137,88,171,314,existing,2269.9677572506916,137,95,171,315,existing,1684.6995040924721,137,94,171,125,existing,1668.2932450473531,137,89,171,369,existing,743.7835331148844,137,87,171,314,existing,2269.9677572506916,137,86,171,188,existing,2336.3387824997794
138,138,80,172,176,existing,998.3853823975878,138,80,172,116,existing,853.7421232841924,138,80,172,220,allocated,658.3725585933194,138,93,172,41,existing,1040.439341598988,138,94,172,125,existing,1231.6312607931084,138,91,172,233,existing,1369.9578466753114,138,95,172,315,existing,1241.5280598950594,138,90,172,452,existing,1427.9917317368095,138,89,172,369,existing,1478.4958180786293,138,92,172,567,existing,1381.2568535977082,138,87,172,314,existing,1826.7963130532785,138,88,172,314,existing,1826.7963130532785,138,86,172,188,existing,1893.1673383023665
139,139,80,173,176,existing,944.1003431930883,139,80,173,116,existing,799.4570840796928,139,80,173,220,allocated,639.3802381146783,139,93,173,41,existing,986.1543023944882,139,94,173,125,existing,1212.6389403144672,139,91,173,233,existing,1315.6728074708117,139,95,173,315,existing,1222.5357394164182,139,92,173,567,existing,1326.9718143932087,139,90,173,452,existing,1373.7066925323097,139,88,173,314,existing,1807.8039925746375,139,89,173,369,existing,1424.2107788741296,139,86,173,188,existing,1874.1750178237253,139,87,173,314,existing,1807.8039925746375
140,140,82,174,315,existing,458.9146511772275,140,82,174,480,existing,368.32645312284365,140,82,174,124,allocated,382.1933781582862,140,95,174,315,existing,458.9146511772275,140,94,174,125,existing,485.1729336708262,140,86,174,188,existing,940.8116727795359,140,87,174,314,existing,1031.9403359745602,140,92,174,567,existing,1613.601632897218,140,91,174,233,existing,1606.1233822842223,140,88,174,314,existing,1031.9403359745602,140,93,174,41,existing,1314.8946049751678,140,89,174,369,existing,1710.8405973781391,140,90,174,452,existing,1660.3365110363193
141,141,80,175,176,existing,235.2110603449806,141,80,175,116,existing,90.56780123158521,141,80,175,366,allocated,17.68586804347057,141,93,175,41,existing,277.2650195463806,141,91,175,233,existing,606.7835246227041,141,90,175,452,existing,664.8174096842021,141,92,175,567,existing,618.0825315451009,141,89,175,369,existing,715.321496026022,141,88,175,314,existing,1809.0540438367311,141,94,175,125,existing,1207.3795316333926,141,95,175,315,existing,1223.7857906785118,141,87,175,314,existing,1809.0540438367311,141,86,175,188,existing,1875.425069085819
142,142,71,177,367,existing,466.0551404686438,142,71,177,62,existing,323.1648270525227,142,71,177,461,allocated,250.91899809128802,142,89,177,369,existing,496.2605389398494,142,90,177,452,existing,546.7646252816694,142,91,177,233,existing,550.9640921532601,142,92,177,567,existing,729.4643012955673,142,93,177,41,existing,1046.7362907415622,142,94,177,125,existing,1547.8455975733523,142,95,177,315,existing,1786.084142750883,142,87,177,314,existing,2371.352395909102,142,88,177,314,existing,2371.352395909102,142,86,177,188,existing,2437.72342115819
143,143,71,178,367,existing,567.9002750834455,143,71,178,502,existing,357.8326800402348,143,71,178,246,allocated,285.62007371656216,143,89,178,369,existing,598.1056735546512,143,90,178,452,existing,648.609759896471,143,91,178,233,existing,652.8092267680619,143,92,178,567,existing,831.3094359103691,143,94,178,125,existing,1646.1789307003014,143,88,178,314,existing,2469.6857290360513,143,95,178,315,existing,1884.4174758778317,143,93,178,41,existing,1148.581425356364,143,87,178,314,existing,2469.6857290360513,143,86,178,188,existing,2536.056754285139
144,144,73,188,188,existing,0.0,144,73,188,146,existing,364.23094389309495,144,73,188,188,existing,0.0,144,86,188,188,existing,0.0,144,87,188,314,existing,305.8502152182198,144,95,188,315,existing,651.6392784073071,144,88,188,314,existing,305.8502152182198,144,92,188,567,existing,2059.272778623704,144,93,188,41,existing,1760.565750701654,144,94,188,125,existing,924.1151750620088,144,91,188,233,existing,2051.7945280107087,144,90,188,452,existing,2106.0076567628053,144,89,188,369,existing,2156.5117431046256
145,145,73,189,188,existing,106.36822481308516,145,73,189,146,existing,257.8627190800098,145,73,189,305,allocated,70.49405306133046,145,86,189,188,existing,106.36822481308516,145,88,189,314,existing,412.2184400313049,145,95,189,315,existing,545.271053594222,145,87,189,314,existing,412.2184400313049,145,91,189,233,existing,1945.4263031976234,145,93,189,41,existing,1654.1975258885686,145,94,189,125,existing,817.7469502489237,145,92,189,567,existing,1952.904553810619,145,90,189,452,existing,1999.6394319497203,145,89,189,369,existing,2050.14351829154
146,146,83,190,377,existing,151.19515262774905,146,83,190,550,existing,325.2977696091543,146,83,190,547,allocated,76.03015289948866,146,88,190,314,existing,516.0680625617357,146,87,190,314,existing,516.0680625617357,146,86,190,188,existing,582.4390878108237,146,95,190,315,existing,574.3781368707075,146,91,190,233,existing,1967.7925152586408,146,92,190,567,existing,1909.4552694731783,146,94,190,125,existing,612.3997557515182,146,93,190,41,existing,1676.563737949586,146,89,190,369,existing,2024.2835735859333,146,90,190,452,existing,1973.7794872441132
147,147,81,191,125,existing,474.9148888980306,147,81,191,193,existing,228.47221129012468,147,81,191,191,allocated,0.0,147,94,191,125,existing,474.9148888980306,147,95,191,315,existing,751.7147647301381,147,93,191,41,existing,1021.7838837425301,147,92,191,567,existing,1132.225181543221,147,88,191,314,existing,1280.6975297874267,147,90,191,452,existing,1318.9996330370573,147,87,191,314,existing,1280.6975297874267,147,91,191,233,existing,1313.012661051585,147,89,191,369,existing,1369.5037193788771,147,86,191,188,existing,1347.0685550365147
148,148,81,192,125,existing,683.2150704658648,148,81,192,193,existing,436.77239285795895,148,81,192,192,allocated,0.0,148,94,192,125,existing,683.2150704658648,148,95,192,315,existing,960.0149462979723,148,92,192,567,existing,1136.2692904833505,148,93,192,41,existing,1030.1035224517752,148,89,192,369,existing,1376.321238461899,148,87,192,314,existing,1488.997711355261,148,90,192,452,existing,1325.8171521200788,148,91,192,233,existing,1321.33229976083,148,88,192,314,existing,1488.997711355261,148,86,192,188,existing,1555.368736604349
149,149,81,194,125,existing,457.5442973913966,149,81,194,193,existing,243.7596555946302,149,81,194,194,allocated,0.0,149,94,194,125,existing,457.5442973913966,149,95,194,315,existing,734.3441732235042,149,92,194,567,existing,1147.5126258477267,149,93,194,41,existing,1027.2221653484742,149,88,194,314,existing,1263.3269382807928,149,90,194,452,existing,1324.4379146430015,149,87,194,314,existing,1263.3269382807928,149,91,194,233,existing,1318.450942657529,149,86,194,188,existing,1329.6979635298808,149,89,194,369,existing,1374.9420009848213
150,150,81,195,125,existing,878.5791443299215,150,81,195,193,existing,638.3649982812738,150,81,195,192,allocated,201.59260542331472,150,94,195,125,existing,878.5791443299215,150,95,195,315,existing,1151.8854012536417,150,92,195,567,existing,1303.9858234625422,150,93,195,41,existing,1197.820055430967,150,89,195,369,existing,1544.0377714410906,150,91,195,233,existing,1489.0488327400217,150,88,195,314,existing,1680.775134011897,150,90,195,452,existing,1493.5336850992708,150,86,195,188,existing,1747.146159260985,150,87,195,314,existing,1680.775134011897
151,151,80,196,176,existing,578.601943450864,151,80,196,193,existing,275.97082429648435,151,80,196,372,allocated,290.63927122059704,151,93,196,41,existing,672.7196674281312,151,94,196,125,existing,699.8690942766224,151,92,196,567,existing,778.8854354597062,151,95,196,315,existing,938.1076394541531,151,90,196,452,existing,968.4332970964349,151,88,196,314,existing,1523.3758926123724,151,91,196,233,existing,963.9484447371859,151,89,196,369,existing,1018.9373834382549,151,86,196,188,existing,1589.7469178614601,151,87,196,314,existing,1523.3758926123724
152,152,80,197,176,existing,665.5430946594265,152,80,197,193,existing,362.91197550504694,152,80,197,192,allocated,270.4427038150816,152,93,197,41,existing,759.6608186366936,152,94,197,125,existing,786.810245485185,152,95,197,315,existing,1025.0487906627156,152,92,197,567,existing,865.8265866682688,152,89,197,369,existing,1105.8785346468173,152,91,197,233,existing,1050.8895959457484,152,90,197,452,existing,1055.3744483049973,152,87,197,314,existing,1610.317043820935,152,86,197,188,existing,1676.6880690700227,152,88,197,314,existing,1610.317043820935
153,153,83,200,377,existing,204.1961488510758,153,83,200,550,existing,257.8239500342278,153,83,200,547,allocated,107.42971534751281,153,87,200,314,existing,575.9597042266224,153,88,200,314,existing,575.9597042266224,153,95,200,315,existing,641.8519564456341,153,94,200,125,existing,577.7218706294719,153,92,200,567,existing,1871.6659399939606,153,93,200,41,existing,1668.8992629589086,153,91,200,233,existing,1960.1280402679633,153,86,200,188,existing,642.3307294757103,153,89,200,369,existing,2016.6190985952558,153,90,200,452,existing,1966.115012253436
154,154,80,201,176,existing,324.0710343281296,154,80,201,116,existing,179.42777521473417,154,80,201,366,allocated,106.54584202661954,154,93,201,41,existing,366.12499352952955,154,91,201,233,existing,695.6434986058531,154,90,201,452,existing,753.677383667351,154,92,201,567,existing,706.9425055282499,154,95,201,315,existing,1209.569258094325,154,87,201,314,existing,1794.8375112525443,154,94,201,125,existing,1199.6724589923742,154,89,201,369,existing,804.1814700091709,154,88,201,314,existing,1794.8375112525443,154,86,201,188,existing,1861.2085365016324
155,155,84,202,567,existing,1034.0300703157552,155,84,202,62,existing,545.5746581031808,155,84,202,333,allocated,371.28219667520807,155,92,202,567,existing,1034.0300703157552,155,91,202,233,existing,1248.122223300619,155,94,202,125,existing,1292.9362291672844,155,90,202,452,existing,1250.1518550662693,155,95,202,315,existing,1569.736104999392,155,93,202,41,existing,1342.233567833752,155,88,202,314,existing,2098.7188700566803,155,89,202,369,existing,1299.2651985626094,155,87,202,314,existing,2098.7188700566803,155,86,202,188,existing,2165.089895305768
156,156,80,203,176,existing,271.3080849529355,156,80,203,193,existing,432.16139329131875,156,80,203,536,allocated,143.88314905333175,156,93,203,41,existing,365.4258089302025,156,92,203,567,existing,614.404560459405,156,91,203,233,existing,656.6545862392572,156,90,203,452,existing,661.1394385985063,156,94,203,125,existing,808.2057291526087,156,95,203,315,existing,872.8381449643523,156,89,203,369,existing,711.6435249403262,156,88,203,314,existing,1458.1063981225714,156,87,203,314,existing,1458.1063981225714,156,86,203,188,existing,1524.4774233716594
157,157,80,204,176,existing,306.3888669532526,157,80,204,193,existing,397.0806112910016,157,80,204,536,allocated,108.80236705301458,157,93,204,41,existing,400.5065909305197,157,92,204,567,existing,597.4713251902136,157,91,204,233,existing,691.7353682395744,157,90,204,452,existing,696.2202205988234,157,89,204,369,existing,746.7243069406434,157,94,204,125,existing,820.9788812711397,157,95,204,315,existing,907.9189269646694,157,88,204,314,existing,1493.1871801228885,157,87,204,314,existing,1493.1871801228885,157,86,204,188,existing,1559.5582053719766
158,158,80,212,176,existing,559.0566750120886,158,80,212,193,existing,144.4128032321656,158,80,212,372,allocated,159.0812501562783,158,94,212,125,existing,568.3110732123037,158,93,212,41,existing,653.1743989893557,158,92,212,567,existing,759.3401670209307,158,95,212,315,existing,806.5496183898343,158,91,212,233,existing,944.4031762984105,158,89,212,369,existing,999.3921149994794,158,87,212,314,existing,1391.8178715480535,158,90,212,452,existing,948.8880286576594,158,88,212,314,existing,1391.8178715480535,158,86,212,188,existing,1458.1888967971415
159,159,80,219,176,existing,588.7607039150557,159,80,219,116,existing,444.1174448016602,159,80,219,366,allocated,371.23551161354567,159,93,219,41,existing,630.8146631164557,159,91,219,233,existing,960.3331681927791,159,90,219,452,existing,1018.3670532542772,159,92,219,567,existing,971.632175115176,159,95,219,315,existing,1196.4301320572522,159,87,219,314,existing,1781.6983852154713,159,89,219,369,existing,1068.871139596097,159,94,219,125,existing,1186.533332955301,159,86,219,188,existing,1848.0694104645593,159,88,219,314,existing,1781.6983852154713
160,160,80,220,176,existing,637.7956966732404,160,80,220,193,existing,577.2854732523526,160,80,220,220,allocated,0.0,160,93,220,41,existing,758.1474386340558,160,94,220,125,existing,870.2718008172557,160,95,220,315,existing,880.1685999192068,160,91,220,233,existing,1049.3762159431105,160,89,220,369,existing,1157.9141873464282,160,90,220,452,existing,1107.4101010046084,160,92,220,567,existing,1060.6752228655073,160,88,220,314,existing,1465.436853077426,160,87,220,314,existing,1465.436853077426,160,86,220,188,existing,1531.8078783265141
161,161,72,221,369,existing,959.8727705441275,161,72,221,502,existing,227.37564958379568,161,72,221,246,allocated,265.3712078095979,161,89,221,369,existing,959.8727705441275,161,90,221,452,existing,1010.3768568859474,161,92,221,567,existing,1251.8009376833606,161,91,221,233,existing,1065.4524432871056,161,95,221,315,existing,2291.3506444372274,161,94,221,125,existing,2014.5507686051199,161,87,221,314,existing,2820.3334094945158,161,93,221,41,existing,1561.2246418754078,161,88,221,314,existing,2820.3334094945158,161,86,221,188,existing,2886.7044347436035
162,162,76,222,369,existing,977.265134017511,162,76,222,502,existing,209.98328611041222,162,76,222,246,allocated,282.76357128298133,162,89,222,369,existing,977.265134017511,162,90,222,452,existing,1027.7692203593308,162,92,222,567,existing,1269.193301156744,162,91,222,233,existing,1082.844806760489,162,94,222,125,existing,1997.1584051317363,162,93,222,41,existing,1578.6170053487913,162,87,222,314,existing,2802.9410460211325,162,95,222,315,existing,2273.958280963844,162,88,222,314,existing,2802.9410460211325,162,86,222,188,existing,2869.3120712702203
163,163,75,223,261,existing,625.3176451522409,163,75,223,116,existing,570.2642352075034,163,75,223,76,allocated,59.93143407658242,163,91,223,233,existing,644.5302288606481,163,90,223,452,existing,704.8925447135928,163,92,223,567,existing,793.6770470244628,163,89,223,369,existing,755.3966310554126,163,95,223,315,existing,1778.5440048588516,163,93,223,41,existing,815.9926667843985,163,94,223,125,existing,1762.1377458137322,163,88,223,314,existing,2363.8122580170707,163,87,223,314,existing,2363.8122580170707,163,86,223,188,existing,2430.1832832661585
164,164,80,224,176,existing,640.6947445079413,164,80,224,116,existing,496.05148539454603,164,80,224,220,allocated,317.2171184248136,164,93,224,41,existing,682.7487037093414,164,94,224,125,existing,883.0487488125622,164,95,224,315,existing,892.9455479145133,164,91,224,233,existing,1012.2672087856649,164,92,224,567,existing,1023.5662157080617,164,89,224,369,existing,1120.8051801889826,164,90,224,452,existing,1070.3010938471627,164,88,224,314,existing,1478.2138010727326,164,86,224,188,existing,1544.5848263218204,164,87,224,314,existing,1478.2138010727326
165,165,80,225,176,existing,624.1619005845682,165,80,225,116,existing,522.4622294785247,165,80,225,220,allocated,290.8063743408349,165,93,225,41,existing,709.15944779332,165,94,225,125,existing,856.6380047285835,165,95,225,315,existing,866.5348038305347,165,91,225,233,existing,1035.7424198544384,165,92,225,567,existing,1047.0414267768351,165,89,225,369,existing,1144.280391257756,165,88,225,314,existing,1451.8030569887537,165,90,225,452,existing,1093.7763049159362,165,86,225,188,existing,1518.174082237842,165,87,225,314,existing,1451.8030569887537
166,166,76,226,369,existing,857.0331452788391,166,76,226,492,existing,270.45397129079333,166,76,226,246,allocated,162.5315825443094,166,89,226,369,existing,857.0331452788391,166,90,226,452,existing,907.537231620659,166,91,226,233,existing,962.6128180218174,166,92,226,567,existing,1148.961312418072,166,95,226,315,existing,2205.581153873388,166,94,226,125,existing,1967.342608695857,166,93,226,41,existing,1458.3850166101195,166,87,226,314,existing,2790.849407031607,166,86,226,188,existing,2857.2204322806947,166,88,226,314,existing,2790.849407031607
167,167,82,227,315,existing,310.04250381199364,167,82,227,471,existing,384.3066407522728,167,82,227,124,allocated,233.32123079305234,167,95,227,315,existing,310.04250381199364,167,94,227,125,existing,336.3007863055923,167,88,227,314,existing,895.3107569702128,167,87,227,314,existing,895.3107569702128,167,93,227,41,existing,1166.022457609934,167,86,227,188,existing,901.2999891049776,167,92,227,567,existing,1464.7294855319842,167,91,227,233,existing,1457.2512349189885,167,89,227,369,existing,1561.9684500129054,167,90,227,452,existing,1511.4643636710853
168,168,76,228,369,existing,470.36414038223927,168,76,228,62,existing,349.46926921572515,168,76,228,246,allocated,230.66098641499286,168,89,228,369,existing,470.36414038223927,168,90,228,452,existing,520.8682267240592,168,91,228,233,existing,575.9438131252176,168,92,228,567,existing,755.7687434587698,168,93,228,41,existing,1071.7160117135197,168,95,228,315,existing,1812.3885849140856,168,94,228,125,existing,1574.1500397365548,168,87,228,314,existing,2397.6568380723047,168,86,228,188,existing,2464.027863321393,168,88,228,314,existing,2397.6568380723047
169,169,73,231,188,existing,91.91056528718794,169,73,231,146,existing,456.1415091802829,169,73,231,188,existing,91.91056528718794,169,86,231,188,existing,91.91056528718794,169,88,231,314,existing,213.93964993103182,169,95,231,315,existing,743.5498436944952,169,87,231,314,existing,213.93964993103182,169,94,231,125,existing,1016.0257403491967,169,92,231,567,existing,2151.1833439108923,169,93,231,41,existing,1852.4763159888416,169,91,231,233,existing,2143.7050932978964,169,90,231,452,existing,2197.9182220499933,169,89,231,369,existing,2248.422308391813
170,170,77,233,233,existing,0.0,170,77,233,159,existing,298.43493699928615,170,77,233,233,existing,0.0,170,91,233,233,existing,0.0,170,90,233,452,existing,60.36231585294477,170,92,233,567,existing,378.2730007179714,170,89,233,369,existing,110.86640219476467,170,93,233,41,existing,498.1006293797491,170,95,233,315,existing,1400.1552496034014,170,94,233,125,existing,1383.7489905582822,170,87,233,314,existing,1985.4235027616205,170,88,233,314,existing,1985.4235027616205,170,86,233,188,existing,2051.7945280107087
171,171,80,235,176,existing,437.6232576328421,171,80,235,193,existing,248.06834603383498,171,80,235,235,allocated,0.0,171,94,235,125,existing,541.0546735987381,171,95,235,315,existing,550.9514727006891,171,93,235,41,existing,557.9749995936575,171,91,235,233,existing,849.2037769027122,171,89,235,369,existing,957.7417483060301,171,88,235,314,existing,1136.2197258589083,171,92,235,567,existing,860.502783825109,171,90,235,452,existing,907.2376619642101,171,87,235,314,existing,1136.2197258589083,171,86,235,188,existing,1202.5907511079963
172,172,84,236,567,existing,517.7153377808186,172,84,236,62,existing,214.10963638377896,172,84,236,333,allocated,382.8676646935384,172,92,236,567,existing,517.7153377808186,172,91,236,233,existing,731.8074907656824,172,89,236,369,existing,784.3412088731525,172,90,236,452,existing,733.8371225313326,172,88,236,314,existing,1969.4624540671011,172,94,236,125,existing,1205.0433114949878,172,95,236,315,existing,1384.194200908882,172,93,236,41,existing,825.9188352988153,172,87,236,314,existing,1969.4624540671011,172,86,236,188,existing,2035.8334793161891
173,173,84,237,567,existing,396.030556804807,173,84,237,62,existing,92.42485540776742,173,84,237,333,allocated,266.7173168357402,173,92,237,567,existing,396.030556804807,173,91,237,233,existing,610.1227097896708,173,90,237,452,existing,612.1523415553211,173,89,237,369,existing,662.6564278971409,173,94,237,125,existing,1317.1056259285972,173,88,237,314,existing,2091.1472350431127,173,93,237,41,existing,704.2340543228038,173,95,237,315,existing,1505.8789818848936,173,86,237,188,existing,2157.5182602922005,173,87,237,314,existing,2091.1472350431127
174,174,81,240,125,existing,920.783813466368,174,81,240,550,existing,726.2900158322373,174,81,240,125,allocated,920.783813466368,174,94,240,125,existing,920.783813466368,174,95,240,315,existing,1165.2624500214602,174,88,240,314,existing,1402.726659063174,174,87,240,314,existing,1402.726659063174,174,93,240,41,existing,2011.9612057958045,174,86,240,188,existing,1469.0976843122621,174,92,240,567,existing,2214.7278828308563,174,91,240,233,existing,2303.1899831048595,174,89,240,369,existing,2359.6810414321517,174,90,240,452,existing,2309.176955090332
175,175,83,241,377,existing,258.4281484615504,175,83,241,550,existing,203.5919504237532,175,83,241,547,allocated,161.66171495798739,175,94,241,125,existing,582.864212103684,175,88,241,314,existing,630.191703837097,175,95,241,315,existing,696.0839560561086,175,87,241,314,existing,630.191703837097,175,86,241,188,existing,696.562729086185,175,93,241,41,existing,1674.0416044331207,175,91,241,233,existing,1965.2703817421755,175,92,241,567,existing,1876.8082814681727,175,90,241,452,existing,1971.257353727648,175,89,241,369,existing,2021.7614400694679
176,176,80,243,176,existing,846.4362176275993,176,80,243,116,existing,701.7929585142039,176,80,243,220,allocated,541.7161125491893,176,93,243,41,existing,888.4901768289993,176,94,243,125,existing,1114.9748147489781,176,91,243,233,existing,1218.0086819053226,176,95,243,315,existing,1124.8716138509294,176,92,243,567,existing,1229.3076888277196,176,90,243,452,existing,1276.0425669668207,176,89,243,369,existing,1326.5466533086405,176,87,243,314,existing,1710.1398670091485,176,86,243,188,existing,1776.5108922582365,176,88,243,314,existing,1710.1398670091485
177,177,72,246,369,existing,694.5015627345297,177,72,246,492,existing,241.39038306825086,177,72,246,246,allocated,0.0,177,89,246,369,existing,694.5015627345297,177,90,246,452,existing,745.0056490763495,177,91,246,233,existing,800.0812354775079,177,92,246,567,existing,986.4297298737627,177,95,246,315,existing,2043.0495713290784,177,93,246,41,existing,1295.85343406581,177,94,246,125,existing,1804.8110261515476,177,87,246,314,existing,2628.3178244872975,177,86,246,188,existing,2694.6888497363852,177,88,246,314,existing,2628.3178244872975
178,178,83,248,377,existing,493.3271233427563,178,83,248,550,existing,705.1277962794551,178,83,248,450,allocated,311.0765547482555,178,94,248,125,existing,977.20377893777,178,88,248,314,existing,1008.5665543479945,178,87,248,314,existing,1008.5665543479945,178,86,248,188,existing,1193.1349553164928,178,95,248,315,existing,1201.8010903976242,178,92,248,567,existing,2271.1478483022584,178,93,248,41,existing,2068.381171267207,178,91,248,233,existing,2359.6099485762616,178,89,248,369,existing,2416.1010069035538,178,90,248,452,existing,2365.596920561734
179,179,85,250,187,existing,695.1810564958047,179,85,250,480,existing,253.14859593665807,179,85,250,145,allocated,355.6712614960444,179,86,250,188,existing,825.6338155933502,179,87,250,314,existing,916.7624787883746,179,95,250,315,existing,955.772609452117,179,88,250,314,existing,916.7624787883746,179,94,250,125,existing,982.0308919457156,179,93,250,41,existing,1811.752563250057,179,92,250,567,existing,2110.459591172107,179,91,250,233,existing,2102.9813405591117,179,89,250,369,existing,2207.6985556530285,179,90,250,452,existing,2157.1944693112086
180,180,85,251,187,existing,659.4207845374906,180,85,251,480,existing,217.388323978344,180,85,251,145,allocated,319.91098953773036,180,86,251,188,existing,789.8735436350362,180,87,251,314,existing,881.0022068300605,180,88,251,314,existing,881.0022068300605,180,95,251,315,existing,920.0123374938029,180,92,251,567,existing,2074.6993192137934,180,94,251,125,existing,946.2706199874015,180,93,251,41,existing,1775.9922912917432,180,91,251,233,existing,2067.2210686007975,180,89,251,369,existing,2171.9382836947143,180,90,251,452,existing,2121.4341973528944
181,181,84,252,567,existing,268.93995177302725,181,84,252,159,existing,189.101888054342,181,84,252,159,allocated,189.101888054342,181,92,252,567,existing,268.93995177302725,181,90,252,452,existing,448.38121268639844,181,89,252,369,existing,489.61929047525825,181,91,252,233,existing,452.39110057561913,181,87,252,314,existing,2018.5055762913896,181,95,252,315,existing,1433.2373231331703,181,93,252,41,existing,612.6142788035871,181,94,252,125,existing,1255.498311211522,181,88,252,314,existing,2018.5055762913896,181,86,252,188,existing,2084.8766015404776
182,182,83,254,377,existing,154.7594578396005,182,83,254,550,existing,307.2606410457031,182,83,254,547,allocated,57.99302433603748,182,87,254,314,existing,526.5230132151471,182,88,254,314,existing,526.5230132151471,182,95,254,315,existing,592.4152654341588,182,86,254,188,existing,592.8940384642351,182,92,254,567,existing,1921.102631005436,182,94,254,125,existing,627.1585616409473,182,93,254,41,existing,1694.600866513037,182,91,254,233,existing,1985.8296438220918,182,89,254,369,existing,2042.3207021493843,182,90,254,452,existing,1991.8166158075642
183,183,83,255,377,existing,241.04857014797474,183,83,255,550,existing,173.10555678236506,183,83,255,547,allocated,192.14810859937552,183,94,255,125,existing,613.3506057450722,183,88,255,314,existing,660.6780974784851,183,87,255,314,existing,660.6780974784851,183,95,255,315,existing,726.5703496974968,183,91,255,233,existing,1995.7567753835635,183,92,255,567,existing,1907.294675109561,183,86,255,188,existing,727.0491227275731,183,93,255,41,existing,1704.5279980745088,183,89,255,369,existing,2052.247833710856,183,90,255,452,existing,2001.743747369036
184,184,78,257,509,existing,117.02117196408315,184,78,257,159,existing,203.70862747234358,184,78,257,257,allocated,0.0,184,91,257,233,existing,272.24768426863204,184,92,257,567,existing,283.5466911910288,184,93,257,41,existing,366.35902880176513,184,90,257,452,existing,330.28156933012997,184,87,257,314,existing,1853.6819021836368,184,94,257,125,existing,1252.0073899802983,184,95,257,315,existing,1268.4136490254175,184,89,257,369,existing,380.7856556719499,184,86,257,188,existing,1920.0529274327246,184,88,257,314,existing,1853.6819021836368
185,185,83,258,377,existing,469.2116412590814,185,83,258,550,existing,681.0123141957802,185,83,258,450,allocated,191.04308837457677,185,88,258,314,existing,963.5233071148514,185,87,258,314,existing,963.5233071148514,185,94,258,125,existing,1097.2372453114488,185,86,258,188,existing,1169.019473232818,185,95,258,315,existing,1177.6856083139492,185,91,258,233,existing,2479.64341494994,185,93,258,41,existing,2188.4146376408853,185,92,258,567,existing,2391.1813146759373,185,90,258,452,existing,2485.6303869354124,185,89,258,369,existing,2536.1344732772322
186,186,83,259,377,existing,507.73455546611046,186,83,259,550,existing,719.5352284028093,186,83,259,450,allocated,152.52017416754762,186,87,259,314,existing,925.0003929078223,186,88,259,314,existing,925.0003929078223,186,94,259,125,existing,1135.7601595184778,186,86,259,188,existing,1207.542387439847,186,91,259,233,existing,2518.1663291569694,186,95,259,315,existing,1216.2085225209782,186,92,259,567,existing,2429.7042288829666,186,93,259,41,existing,2226.9375518479146,186,89,259,369,existing,2574.6573874842616,186,90,259,452,existing,2524.1533011424417
187,187,84,260,567,existing,538.8601486339292,187,84,260,62,existing,235.25444723688958,187,84,260,333,allocated,404.012475546649,187,92,260,567,existing,538.8601486339292,187,91,260,233,existing,752.952301618793,187,89,260,369,existing,805.4860197262631,187,90,260,452,existing,754.9819333844432,187,95,260,315,existing,1363.0493900557713,187,94,260,125,existing,1185.3103781341229,187,87,260,314,existing,1948.3176432139906,187,93,260,41,existing,847.0636461519259,187,86,260,188,existing,2014.6886684630786,187,88,260,314,existing,1948.3176432139906
188,188,84,265,567,existing,778.52666114741,188,84,265,62,existing,290.0712489348356,188,84,265,333,allocated,193.01234631698563,188,92,265,567,existing,778.52666114741,188,91,265,233,existing,992.6188141322738,188,90,265,452,existing,994.6484458979241,188,89,265,369,existing,1043.7617893942643,188,95,265,315,existing,1752.9905646331958,188,94,265,125,existing,1514.7520194556653,188,93,265,41,existing,1086.7301586654066,188,88,265,314,existing,2338.258817791415,188,87,265,314,existing,2338.258817791415,188,86,265,188,existing,2404.629843040503
189,189,80,266,176,existing,1089.362005820249,189,80,266,116,existing,885.189689061098,189,80,266,220,allocated,847.3709697825519,189,93,266,41,existing,1130.918120637993,189,91,266,233,existing,1401.405412452217,189,94,266,125,existing,1420.6296719823408,189,92,266,567,existing,1412.7044193746137,189,90,266,452,existing,1459.439297513715,189,87,266,314,existing,2015.7947242425112,189,89,266,369,existing,1509.9433838555349,189,95,266,315,existing,1430.526471084292,189,88,266,314,existing,2015.7947242425112,189,86,266,188,existing,2082.165749491599
190,190,80,267,176,existing,1088.047284790959,190,80,267,116,existing,883.8749680318083,190,80,267,220,allocated,836.7922887324536,190,93,267,41,existing,1129.6033996087035,190,91,267,233,existing,1400.0906914229272,190,92,267,567,existing,1411.3896983453242,190,94,267,125,existing,1410.0509909322425,190,95,267,315,existing,1419.9477900341935,190,88,267,314,existing,2005.2160431924126,190,89,267,369,existing,1508.628662826245,190,90,267,452,existing,1458.1245764844252,190,86,267,188,existing,2071.5870684415004,190,87,267,314,existing,2005.2160431924126
191,191,80,268,176,existing,981.018607967497,191,80,268,116,existing,776.8462912083462,191,80,268,366,allocated,762.9955712823313,191,93,268,41,existing,1022.5747227852413,191,91,268,233,existing,1293.062014599465,191,90,268,452,existing,1351.0958996609631,191,92,268,567,existing,1304.3610215218619,191,89,268,369,existing,1401.599986002783,191,94,268,125,existing,1520.0299944877506,191,95,268,315,existing,1529.926793589702,191,88,268,314,existing,2115.195046747921,191,86,268,188,existing,2181.566071997009,191,87,268,314,existing,2115.195046747921
192,192,80,269,176,existing,1006.0837166989799,192,80,269,116,existing,801.9113999398292,192,80,269,220,allocated,754.8287206404743,192,93,269,41,existing,1047.6398315167244,192,91,269,233,existing,1318.127123330948,192,94,269,125,existing,1328.0874228402631,192,92,269,567,existing,1329.426130253345,192,89,269,369,existing,1426.665094734266,192,90,269,452,existing,1376.161008392446,192,87,269,314,existing,1923.2524751004335,192,95,269,315,existing,1337.9842219422144,192,86,269,188,existing,1989.6235003495215,192,88,269,314,existing,1923.2524751004335
193,193,71,270,367,existing,551.1390408499822,193,71,270,62,existing,203.90914125508755,193,71,270,461,allocated,247.77101215444287,193,89,270,369,existing,583.1265692206792,193,90,270,452,existing,632.0381046453779,193,92,270,567,existing,654.6724962585942,193,91,270,233,existing,636.0479925345986,193,94,270,125,existing,1428.5899117759172,193,95,270,315,existing,1666.828456953448,193,88,270,314,existing,2252.096710111667,193,93,270,41,existing,998.346823289154,193,86,270,188,existing,2318.467735360755,193,87,270,314,existing,2252.096710111667
194,194,71,271,367,existing,640.2443821005595,194,71,271,62,existing,293.014482505665,194,71,271,461,allocated,336.87635340502027,194,89,271,369,existing,672.2319104712567,194,90,271,452,existing,721.1434458959552,194,91,271,233,existing,725.153333785176,194,92,271,567,existing,743.7778375091716,194,87,271,314,existing,2341.2020513622447,194,95,271,315,existing,1755.9337982040252,194,94,271,125,existing,1517.6952530264948,194,93,271,41,existing,1087.4521645397315,194,88,271,314,existing,2341.2020513622447,194,86,271,188,existing,2407.5730766113325
195,195,84,272,567,existing,30.78584688125698,195,84,272,159,existing,49.052216837428276,195,84,272,272,existing,0.0,195,92,272,567,existing,30.78584688125698,195,91,272,233,existing,347.4871538367144,195,89,272,369,existing,399.5041560535554,195,90,272,452,existing,349.0000697117355,195,87,272,314,existing,1962.1159064933593,195,94,272,125,existing,1296.8653933519774,195,95,272,315,existing,1376.84765333514,195,93,272,41,existing,478.6137894208888,195,86,272,188,existing,2028.4869317424473,195,88,272,314,existing,1962.1159064933593
196,196,76,273,369,existing,1326.0802739664978,196,76,273,502,existing,421.6872658354745,196,76,273,328,allocated,476.78923924976016,196,89,273,369,existing,1326.0802739664978,196,90,273,452,existing,1376.5843603083176,196,92,273,567,existing,1610.829381786078,196,91,273,233,existing,1431.659946709476,196,94,273,125,existing,2201.9242087230054,196,93,273,41,existing,1927.432145297778,196,87,273,314,existing,3007.7068496124016,196,95,273,315,existing,2478.7240845551128,196,88,273,314,existing,3007.7068496124016,196,86,273,188,existing,3074.0778748614894
197,197,75,274,261,existing,524.1107889599009,197,75,274,116,existing,669.7499631770107,197,75,274,76,allocated,159.41716204608974,197,91,274,233,existing,546.5737568543843,197,90,274,452,existing,606.936072707329,197,92,274,567,existing,893.1627749939701,197,89,274,369,existing,657.4401590491489,197,94,274,125,existing,1861.6234737832397,197,93,274,41,existing,915.4783947539058,197,95,274,315,existing,1878.0297328283586,197,87,274,314,existing,2463.297985986578,197,86,274,188,existing,2529.669011235666,197,88,274,314,existing,2463.297985986578
198,198,72,275,369,existing,1513.0916116274507,198,72,275,502,existing,608.6986034964274,198,72,275,328,allocated,663.8005769107131,198,89,275,369,existing,1513.0916116274507,198,90,275,452,existing,1563.5956979692705,198,92,275,567,existing,1797.840719447031,198,91,275,233,existing,1618.6712843704288,198,94,275,125,existing,2388.9355463839584,198,95,275,315,existing,2665.7354222160657,198,87,275,314,existing,3194.7181872733545,198,93,275,41,existing,2114.4434829587312,198,88,275,314,existing,3194.7181872733545,198,86,275,188,existing,3261.0892125224423
199,199,75,276,261,existing,458.77944905845146,199,75,276,116,existing,989.1611008694598,199,75,276,76,allocated,580.7591119961116,199,91,276,233,existing,976.7010236361903,199,90,276,452,existing,1037.063339489135,199,92,276,567,existing,1232.2733221181406,199,89,276,369,existing,1087.5674258309548,199,94,276,125,existing,2106.7732742473554,199,87,276,314,existing,2701.9383265075253,199,93,276,41,existing,1234.889532446355,199,95,276,315,existing,2116.670073349306,199,88,276,314,existing,2701.9383265075253,199,86,276,188,existing,2768.309351756613
200,200,75,277,261,existing,619.792366487349,200,75,277,116,existing,958.6268083293407,200,75,277,76,allocated,550.2248194559927,200,91,277,233,existing,1129.8508026057,200,90,277,452,existing,1190.2131184586447,200,92,277,567,existing,1201.7390295780217,200,93,277,41,existing,1204.355239906236,200,87,277,314,existing,2671.4040339674066,200,89,277,369,existing,1240.7172048004645,200,94,277,125,existing,2076.2389817072362,200,95,277,315,existing,2086.135780809187,200,88,277,314,existing,2671.4040339674066,200,86,277,188,existing,2737.775059216495
201,201,75,278,261,existing,557.1340894212151,201,75,278,116,existing,1046.553643853808,201,75,278,76,allocated,638.1516549804599,201,91,278,233,existing,1075.0556639989538,201,90,278,452,existing,1135.4179798518985,201,92,278,567,existing,1289.6658651024889,201,89,278,369,existing,1185.9220661937184,201,95,278,315,existing,2174.0626163336547,201,94,278,125,existing,2164.1658172317034,201,87,278,314,existing,2759.3308694918737,201,93,278,41,existing,1292.2820754307031,201,86,278,188,existing,2825.701894740962,201,88,278,314,existing,2759.3308694918737
202,202,76,279,369,existing,963.3254635146743,202,76,279,492,existing,146.07559109031513,202,76,279,121,allocated,315.9661263478976,202,89,279,369,existing,963.3254635146743,202,90,279,452,existing,1013.8295498564942,202,92,279,567,existing,1284.0489742366901,202,91,279,233,existing,1068.9051362576524,202,93,279,41,existing,1564.6773348459546,202,95,279,315,existing,2340.6688156920054,202,87,279,314,existing,2925.937068850225,202,94,279,125,existing,2102.430270514475,202,88,279,314,existing,2925.937068850225,202,86,279,188,existing,2992.3080940993127
203,203,76,280,369,existing,1013.749596482257,203,76,280,492,existing,196.49972405789782,203,76,280,121,allocated,366.3902593154803,203,89,280,369,existing,1013.749596482257,203,90,280,452,existing,1064.2536828240768,203,92,280,567,existing,1334.4731072042728,203,91,280,233,existing,1119.329269225235,203,93,280,41,existing,1615.1014678135373,203,95,280,315,existing,2391.0929486595883,203,87,280,314,existing,2976.3612018178073,203,94,280,125,existing,2152.854403482058,203,88,280,314,existing,2976.3612018178073,203,86,280,188,existing,3042.7322270668956
204,204,81,281,125,existing,718.9586704626857,204,81,281,193,existing,584.7133355336889,204,81,281,192,allocated,147.94094267572993,204,94,281,125,existing,718.9586704626857,204,95,281,315,existing,992.2649273864059,204,92,281,567,existing,1284.2102331590804,204,93,281,41,existing,1178.0444651275052,204,91,281,233,existing,1469.27324243656,204,90,281,452,existing,1473.758094795809,204,88,281,314,existing,1521.1546601446612,204,87,281,314,existing,1521.1546601446612,204,89,281,369,existing,1524.2621811376289,204,86,281,188,existing,1587.5256853937492
205,205,81,282,125,existing,769.4118288619791,205,81,282,193,existing,534.2601771343956,205,81,282,192,allocated,97.48778427643663,205,94,282,125,existing,769.4118288619791,205,95,282,315,existing,1042.7180857856993,205,92,282,567,existing,1233.757074759787,205,93,282,41,existing,1127.5913067282117,205,91,282,233,existing,1418.8200840372665,205,88,282,314,existing,1571.6078185439546,205,89,282,369,existing,1473.8090227383354,205,90,282,452,existing,1423.3049363965156,205,86,282,188,existing,1637.9788437930426,205,87,282,314,existing,1571.6078185439546
206,206,83,283,377,existing,22.70708461851376,206,83,283,550,existing,391.44704231182607,206,83,283,547,allocated,80.77276190318533,206,87,283,314,existing,537.9465156237519,206,88,283,314,existing,537.9465156237519,206,86,283,188,existing,722.5149165922504,206,95,283,315,existing,731.1810516733816,206,93,283,41,existing,1833.3666527522598,206,92,283,567,existing,2059.8684172446588,206,91,283,233,existing,2124.595430061315,206,94,283,125,existing,765.9243478801701,206,90,283,452,existing,2130.582402046787,206,89,283,369,existing,2181.086488388607
207,207,83,284,377,existing,89.49437026470567,207,83,284,550,existing,458.23432795801796,207,83,284,364,allocated,104.40949831032636,207,87,284,314,existing,492.06934328793074,207,88,284,314,existing,492.06934328793074,207,95,284,315,existing,797.9683373195735,207,86,284,188,existing,789.3022022384423,207,94,284,125,existing,832.711633526362,207,92,284,567,existing,2126.6557028908505,207,91,284,233,existing,2191.3827157075066,207,93,284,41,existing,1900.1539383984518,207,90,284,452,existing,2197.369687692979,207,89,284,369,existing,2247.8737740347988
208,208,80,285,176,existing,776.5770606872609,208,80,285,116,existing,631.9338015738654,208,80,285,366,allocated,559.0518683857508,208,93,285,41,existing,818.6310198886608,208,91,285,233,existing,1148.1495249649843,208,94,285,125,existing,1184.8339716893167,208,92,285,567,existing,1159.4485318873813,208,89,285,369,existing,1256.6874963683022,208,90,285,452,existing,1206.1834100264823,208,88,285,314,existing,1779.9990239494869,208,95,285,315,existing,1194.7307707912678,208,87,285,314,existing,1779.9990239494869,208,86,285,188,existing,1846.370049198575
209,209,80,286,176,existing,673.8442976651979,209,80,286,116,existing,529.2010385518025,209,80,286,366,allocated,456.3191053636879,209,93,286,41,existing,715.898256866598,209,91,286,233,existing,1045.4167619429213,209,92,286,567,existing,1056.7157688653183,209,90,286,452,existing,1103.4506470044194,209,95,286,315,existing,1281.5137258073942,209,94,286,125,existing,1271.6169267054433,209,87,286,314,existing,1866.7819789656135,209,89,286,369,existing,1153.9547333462392,209,88,286,314,existing,1866.7819789656135,209,86,286,188,existing,1933.1530042147015
210,210,83,290,377,existing,421.2526491140795,210,83,290,550,existing,633.0533220507782,210,83,290,450,allocated,239.00208051957864,210,88,290,314,existing,936.4920801193176,210,87,290,314,existing,936.4920801193176,210,94,290,125,existing,1049.2782531664468,210,86,290,188,existing,1121.060481087816,210,95,290,315,existing,1129.7266161689472,210,92,290,567,existing,2343.2223225309353,210,93,290,41,existing,2140.455645495883,210,91,290,233,existing,2431.6844228049376,210,89,290,369,existing,2488.1754811322303,210,90,290,452,existing,2437.6713947904104
211,211,81,292,125,existing,912.1110089274221,211,81,292,193,existing,665.6683313195161,211,81,292,192,allocated,228.8959384615572,211,94,292,125,existing,912.1110089274221,211,93,292,41,existing,1101.4842862633773,211,92,292,567,existing,1207.6500542949523,211,95,292,315,existing,1188.9108847595296,211,89,292,369,existing,1447.702002273501,211,91,292,233,existing,1392.713063572432,211,90,292,452,existing,1397.197915931681,211,87,292,314,existing,1717.8936498168182,211,86,292,188,existing,1784.2646750659062,211,88,292,314,existing,1717.8936498168182
212,212,81,293,125,existing,971.7735251364154,212,81,293,193,existing,725.3308475285096,212,81,293,192,allocated,288.5584546705506,212,94,293,125,existing,971.7735251364154,212,93,293,41,existing,1161.1468024723706,212,92,293,567,existing,1267.3125705039456,212,95,293,315,existing,1248.573400968523,212,89,293,369,existing,1507.3645184824945,212,91,293,233,existing,1452.3755797814256,212,90,293,452,existing,1456.8604321406744,212,87,293,314,existing,1777.5561660258115,212,86,293,188,existing,1843.9271912748995,212,88,293,314,existing,1777.5561660258115
213,213,80,294,176,existing,146.89613054941594,213,80,294,116,existing,470.7032275530382,213,80,294,447,allocated,67.33840973735644,213,93,294,41,existing,267.24787251023133,213,91,294,233,existing,558.4766498192861,213,90,294,452,existing,616.510534880784,213,92,294,567,existing,569.7756567416828,213,95,294,315,existing,918.5350309394775,213,94,294,125,existing,908.6382318375264,213,89,294,369,existing,667.0146212226039,213,87,294,314,existing,1503.8032840976966,213,88,294,314,existing,1503.8032840976966,213,86,294,188,existing,1570.1743093467846
214,214,80,296,176,existing,215.71666485924607,214,80,296,116,existing,539.5237618628682,214,80,296,447,allocated,70.07000247314119,214,93,296,41,existing,336.06840682006145,214,91,296,233,existing,627.2971841291162,214,90,296,452,existing,685.331069190614,214,92,296,567,existing,638.596191051513,214,94,296,125,existing,977.4587661473565,214,89,296,369,existing,735.8351555324339,214,95,296,315,existing,987.3555652493076,214,87,296,314,existing,1572.6238184075269,214,86,296,188,existing,1638.9948436566146,214,88,296,314,existing,1572.6238184075269
215,215,81,297,125,existing,1196.8306933261094,215,81,297,502,existing,590.3444256952147,215,81,297,192,allocated,513.6156228602447,215,94,297,125,existing,1196.8306933261094,215,92,297,567,existing,1340.7262165694287,215,93,297,41,existing,1386.2039706620649,215,95,297,315,existing,1473.630569158217,215,87,297,314,existing,2002.6133342155058,215,90,297,452,existing,1539.5634803446815,215,89,297,369,existing,1489.0593940028616,215,91,297,233,existing,1545.36103842605,215,86,297,188,existing,2068.9843594645936,215,88,297,314,existing,2002.6133342155058
216,216,84,298,567,existing,1234.844731039488,216,84,298,502,existing,484.4629401652739,216,84,298,328,allocated,422.4227906171945,216,92,298,567,existing,1234.844731039488,216,94,298,125,existing,1302.7121788560505,216,89,298,369,existing,1383.1779084729208,216,90,298,452,existing,1433.6819948147406,216,95,298,315,existing,1579.512054688158,216,91,298,233,existing,1439.4795528961092,216,93,298,41,existing,1492.0854561920057,216,87,298,314,existing,2108.4948197454464,216,88,298,314,existing,2108.4948197454464,216,86,298,188,existing,2174.865844994534
217,217,72,299,369,existing,1316.6062174264196,217,72,299,502,existing,412.2132092953962,217,72,299,121,allocated,410.4744100998955,217,89,299,369,existing,1316.6062174264196,217,90,299,452,existing,1367.1103037682394,217,92,299,567,existing,1601.3553252460001,217,91,299,233,existing,1422.1858901693977,217,93,299,41,existing,1917.9580887577,217,94,299,125,existing,2192.450152182927,217,87,299,314,existing,2998.232793072323,217,95,299,315,existing,2469.2500280150343,217,86,299,188,existing,3064.603818321411,217,88,299,314,existing,2998.232793072323
218,218,76,301,369,existing,452.70468655949674,218,76,301,492,existing,364.54518586486245,218,76,301,246,allocated,241.79687617503293,218,89,301,369,existing,452.70468655949674,218,90,301,452,existing,503.2087729013166,218,92,301,567,existing,773.4281972815124,218,91,301,233,existing,558.284359302475,218,93,301,41,existing,1054.0565578907772,218,88,301,314,existing,2415.316291895047,218,94,301,125,existing,1591.8094935592974,218,95,301,315,existing,1830.048038736828,218,87,301,314,existing,2415.316291895047,218,86,301,188,existing,2481.687317144135
219,219,76,302,369,existing,501.38960470753716,219,76,302,492,existing,315.86026771682197,219,76,302,246,allocated,193.1119580269925,219,89,302,369,existing,501.38960470753716,219,90,302,452,existing,551.893691049357,219,92,302,567,existing,822.1131154295529,219,91,302,233,existing,606.9692774505154,219,95,302,315,existing,1878.7329568848686,219,88,302,314,existing,2464.0012100430877,219,93,302,41,existing,1102.7414760388174,219,94,302,125,existing,1640.4944117073378,219,87,302,314,existing,2464.0012100430877,219,86,302,188,existing,2530.372235292176
220,220,76,303,369,existing,1581.8859780774255,220,76,303,502,existing,677.4929699464021,220,76,303,121,allocated,675.7541707509014,220,89,303,369,existing,1581.8859780774255,220,90,303,452,existing,1632.3900644192454,220,92,303,567,existing,1866.6350858970059,220,91,303,233,existing,1687.4656508204037,220,95,303,315,existing,2734.52978866604,220,88,303,314,existing,3263.512553723329,220,94,303,125,existing,2457.7299128339328,220,93,303,41,existing,2183.237849408706,220,86,303,188,existing,3329.8835789724167,220,87,303,314,existing,3263.512553723329
221,221,72,304,369,existing,1655.092614749974,221,72,304,502,existing,750.6996066189505,221,72,304,121,allocated,748.9608074234498,221,89,304,369,existing,1655.092614749974,221,90,304,452,existing,1705.5967010917939,221,92,304,567,existing,1939.8417225695543,221,91,304,233,existing,1760.6722874929521,221,93,304,41,existing,2256.4444860812546,221,88,304,314,existing,3336.7191903958774,221,94,304,125,existing,2530.9365495064812,221,95,304,315,existing,2807.7364253385886,221,87,304,314,existing,3336.7191903958774,221,86,304,188,existing,3403.090215644965
222,222,85,305,187,existing,166.82713514194856,222,85,305,146,existing,187.36866601867936,222,85,305,305,allocated,0.0,222,86,305,188,existing,176.8622778744156,222,87,305,314,existing,388.40855743451846,222,88,305,314,existing,388.40855743451846,222,95,305,315,existing,474.7770005328915,222,93,305,41,existing,1583.7034728272383,222,94,305,125,existing,747.2528971875931,222,91,305,233,existing,1874.9322501362929,222,92,305,567,existing,1882.4105007492885,222,89,305,369,existing,1979.6494652302097,222,90,305,452,existing,1929.1453788883896
223,223,71,308,367,existing,729.1824539385876,223,71,308,502,existing,198.70673671141083,223,71,308,246,allocated,150.57988320810563,223,89,308,369,existing,757.7897612000155,223,90,308,452,existing,808.2938475418354,223,92,308,567,existing,992.5916147655112,223,91,308,233,existing,814.0914056232041,223,93,308,41,existing,1309.8636042115063,223,94,308,125,existing,1807.4611095554433,223,95,308,315,existing,2045.699654732974,223,87,308,314,existing,2630.967907891193,223,88,308,314,existing,2630.967907891193,223,86,308,188,existing,2697.3389331402814
224,224,71,309,367,existing,898.9984258481087,224,71,309,502,existing,28.8907648018897,224,71,309,328,allocated,64.61833725485339,224,89,309,369,existing,927.6057331095366,224,90,309,452,existing,978.1098194513564,224,91,309,233,existing,983.9073775327251,224,92,309,567,existing,1162.4075866750322,224,93,309,41,existing,1479.6795761210274,224,95,309,315,existing,2035.0842300515421,224,87,309,314,existing,2564.0669951088307,224,94,309,125,existing,1758.2843542194346,224,88,309,314,existing,2564.0669951088307,224,86,309,188,existing,2630.4380203579185
225,225,80,310,176,existing,599.5942438160565,225,80,310,116,existing,365.8276094961228,225,80,310,366,allocated,351.97688957010786,225,93,310,41,existing,611.5560410730178,225,91,310,233,existing,882.0433328872417,225,92,310,567,existing,893.3423398096385,225,90,310,452,existing,940.0772179487396,225,95,310,315,existing,1585.8154569356716,225,94,310,125,existing,1571.7627151044685,225,89,310,369,existing,990.5813042905595,225,87,310,314,existing,2171.0837100938907,225,86,310,188,existing,2237.454735342979,225,88,310,314,existing,2171.0837100938907
226,226,80,311,176,existing,648.7678167375468,226,80,311,193,existing,588.257593316659,226,80,311,220,allocated,315.41229049381354,226,93,311,41,existing,769.1195586983622,226,94,311,125,existing,881.2439208815623,226,91,311,233,existing,1060.348336007417,226,95,311,315,existing,891.1407199835133,226,89,311,369,existing,1168.8863074107346,226,90,311,452,existing,1118.3822210689148,226,92,311,567,existing,1071.6473429298137,226,87,311,314,existing,1476.4089731417325,226,88,311,314,existing,1476.4089731417325,226,86,311,188,existing,1542.7799983908205
227,227,80,312,176,existing,577.5828203804241,227,80,312,193,existing,517.0725969595363,227,80,312,220,allocated,244.22729413669077,227,93,312,41,existing,697.9345623412395,227,94,312,125,existing,810.0589245244395,227,95,312,315,existing,819.9557236263905,227,91,312,233,existing,989.1633396502942,227,92,312,567,existing,1000.462346572691,227,90,312,452,existing,1047.1972247117922,227,89,312,369,existing,1097.701311053612,227,87,312,314,existing,1405.2239767846097,227,86,312,188,existing,1471.5950020336977,227,88,312,314,existing,1405.2239767846097
228,228,80,313,176,existing,582.4179462720508,228,80,313,116,existing,378.24562951290017,228,80,313,366,allocated,364.3949095868852,228,93,313,41,existing,623.9740610897952,228,91,313,233,existing,894.4613529040191,228,90,313,452,existing,952.495237965517,228,92,313,567,existing,905.7603598264159,228,95,313,315,existing,1568.639159391666,228,88,313,314,existing,2153.907412549885,228,89,313,369,existing,1002.999324307337,228,94,313,125,existing,1554.586417560463,228,86,313,188,existing,2220.278437798973,228,87,313,314,existing,2153.907412549885
229,229,82,315,315,existing,0.0,229,82,315,471,existing,327.2106554366856,229,82,315,315,existing,0.0,229,95,315,315,existing,0.0,229,94,315,125,existing,279.2048009900051,229,88,315,314,existing,585.2682531582192,229,87,315,314,existing,585.2682531582192,229,91,315,233,existing,1400.1552496034014,229,92,315,567,existing,1407.633500216397,229,86,315,188,existing,651.6392784073071,229,93,315,41,existing,1108.9264722943467,229,90,315,452,existing,1454.3683783554982,229,89,315,369,existing,1504.8724646973183
230,230,78,319,509,existing,644.8806810391112,230,78,319,116,existing,579.2519560864148,230,78,319,76,allocated,159.8919901440277,230,91,319,233,existing,739.5179732937349,230,90,319,452,existing,799.8802891466796,230,93,319,41,existing,824.9803876633098,230,92,319,567,existing,811.4062002660569,230,89,319,369,existing,850.3843754884995,230,95,319,315,existing,1796.2731581004455,230,87,319,314,existing,2381.541411258665,230,94,319,125,existing,1779.8668990553265,230,86,319,188,existing,2447.912436507753,230,88,319,314,existing,2381.541411258665
231,231,80,320,176,existing,597.4028327139688,231,80,320,116,existing,452.7595736005734,231,80,320,220,allocated,360.50903021878617,231,93,320,41,existing,639.4567919153687,231,94,320,125,existing,926.3406606065348,231,91,320,233,existing,968.9752969916924,231,95,320,315,existing,936.2374597084859,231,92,320,567,existing,980.274303914089,231,90,320,452,existing,1027.0091820531902,231,88,320,314,existing,1521.505712866705,231,89,320,369,existing,1077.51326839501,231,86,320,188,existing,1587.8767381157932,231,87,320,314,existing,1521.505712866705
232,232,76,326,369,existing,1236.9391024981999,232,76,326,502,existing,394.83896783250714,232,76,326,121,allocated,295.56341462423126,232,89,326,369,existing,1236.9391024981999,232,90,326,452,existing,1287.4431888400197,232,92,326,567,existing,1557.6626132202157,232,91,326,233,existing,1342.518775241178,232,93,326,41,existing,1838.2909738294802,232,95,326,315,existing,2451.875786552145,232,88,326,314,existing,2980.858551609434,232,94,326,125,existing,2175.075910720038,232,86,326,188,existing,3047.229576858522,232,87,326,314,existing,2980.858551609434
233,233,76,327,369,existing,1250.463598957143,233,76,327,502,existing,346.07059082611954,233,76,327,121,allocated,344.33179163061885,233,89,327,369,existing,1250.463598957143,233,90,327,452,existing,1300.9676852989628,233,92,327,567,existing,1535.2127067767233,233,91,327,233,existing,1356.043271700121,233,93,327,41,existing,1851.8154702884233,233,94,327,125,existing,2126.30753371365,233,87,327,314,existing,2932.0901746030463,233,95,327,315,existing,2403.1074095457575,233,86,327,188,existing,2998.461199852134,233,88,327,314,existing,2932.0901746030463
234,234,71,328,367,existing,963.6167631029621,234,71,328,502,existing,89.6739855308241,234,71,328,328,allocated,0.0,234,89,328,369,existing,992.22407036439,234,90,328,452,existing,1042.7281567062098,234,91,328,233,existing,1048.5257147875784,234,92,328,567,existing,1199.1588444996785,234,95,328,315,existing,2001.9348453053526,234,87,328,314,existing,2530.917610362641,234,93,328,41,existing,1542.8331715302384,234,94,328,125,existing,1725.134969473245,234,86,328,188,existing,2597.2886356117288,234,88,328,314,existing,2530.917610362641
235,235,81,329,125,existing,761.9726577908424,235,81,329,193,existing,515.5299801829366,235,81,329,192,allocated,78.75758732497756,235,94,329,125,existing,761.9726577908424,235,93,329,41,existing,951.3459351267977,235,92,329,567,existing,1057.5117031583727,235,95,329,315,existing,1038.77253362295,235,89,329,369,existing,1297.5636511369214,235,91,329,233,existing,1242.5747124358525,235,90,329,452,existing,1247.0595647951013,235,87,329,314,existing,1567.7552986802386,235,86,329,188,existing,1634.1263239293266,235,88,329,314,existing,1567.7552986802386
236,236,81,330,125,existing,815.5579654015529,236,81,330,193,existing,569.1152877936471,236,81,330,192,allocated,132.3428949356881,236,94,330,125,existing,815.5579654015529,236,93,330,41,existing,1004.9312427375082,236,92,330,567,existing,1111.0970107690832,236,95,330,315,existing,1092.3578412336606,236,89,330,369,existing,1351.148958747632,236,91,330,233,existing,1296.160020046563,236,90,330,452,existing,1300.6448724058118,236,87,330,314,existing,1621.3406062909492,236,86,330,188,existing,1687.7116315400372,236,88,330,314,existing,1621.3406062909492
237,237,85,331,187,existing,620.6395741869973,237,85,331,480,existing,178.6071136278506,237,85,331,145,allocated,281.129779187237,237,86,331,188,existing,751.0923332845427,237,87,331,314,existing,842.2209964795671,237,88,331,314,existing,842.2209964795671,237,95,331,315,existing,881.2311271433095,237,94,331,125,existing,907.489409636908,237,92,331,567,existing,2035.9181088633,237,93,331,41,existing,1737.2110809412497,237,91,331,233,existing,2028.4398582503043,237,90,331,452,existing,2082.652987002401,237,89,331,369,existing,2133.1570733442213
238,238,85,332,187,existing,526.5318792498671,238,85,332,480,existing,84.49941869072049,238,85,332,145,allocated,187.02208425010684,238,86,332,188,existing,656.9846383474127,238,87,332,314,existing,748.113301542437,238,88,332,314,existing,748.113301542437,238,95,332,315,existing,787.1234322061794,238,92,332,567,existing,1941.8104139261698,238,94,332,125,existing,813.381714699778,238,93,332,41,existing,1643.1033860041193,238,91,332,233,existing,1934.332163313174,238,90,332,452,existing,1988.545292065271,238,89,332,369,existing,2039.049378407091
239,239,81,336,125,existing,66.7194100004138,239,81,336,471,existing,16.308630395835745,239,81,336,125,allocated,66.7194100004138,239,94,336,125,existing,66.7194100004138,239,95,336,315,existing,310.9020250408499,239,88,336,314,existing,889.4413738637655,239,87,336,314,existing,889.4413738637655,239,92,336,567,existing,1394.3706502336481,239,93,336,41,existing,1157.6007808151942,239,91,336,233,existing,1448.829558124249,239,86,336,188,existing,955.8123991128534,239,89,336,369,existing,1505.3206164515414,239,90,336,452,existing,1454.8165301097215
240,240,80,339,176,existing,559.5593600348523,240,80,339,116,existing,414.91610092145675,240,80,339,366,allocated,342.03416773334214,240,93,339,41,existing,601.6133192362522,240,91,339,233,existing,931.1318243125756,240,90,339,452,existing,989.1657093740737,240,92,339,567,existing,942.4308312349725,240,94,339,125,existing,1406.6420138046426,240,89,339,369,existing,1039.6697957158935,240,95,339,315,existing,1416.5388129065939,240,88,339,314,existing,2001.807066064813,240,87,339,314,existing,2001.807066064813,240,86,339,188,existing,2068.178091313901
241,241,80,340,176,existing,478.22955129261595,241,80,340,116,existing,333.58629217922055,241,80,340,366,allocated,260.7043589911059,241,93,340,41,existing,520.2835104940159,241,91,340,233,existing,849.8020155703394,241,90,340,452,existing,907.8359006318374,241,92,340,567,existing,861.1010224927362,241,89,340,369,existing,958.3399869736572,241,94,340,125,existing,1450.398022581028,241,95,340,315,existing,1466.8042816261473,241,87,340,314,existing,2052.0725347843663,241,88,340,314,existing,2052.0725347843663,241,86,340,188,existing,2118.4435600334546
242,242,81,341,125,existing,348.9035845500652,242,81,341,471,existing,298.49280494548714,242,81,341,125,allocated,348.9035845500652,242,94,341,125,existing,348.9035845500652,242,95,341,315,existing,622.2098414737854,242,87,341,314,existing,1151.0995742320406,242,88,341,314,existing,1151.0995742320406,242,91,341,233,existing,1694.79833127737,242,92,341,567,existing,1509.7353219998904,242,86,341,188,existing,1217.4705994811286,242,93,341,41,existing,1403.5695539683152,242,89,341,369,existing,1749.7872699784389,242,90,341,452,existing,1699.283183636619
243,243,81,342,125,existing,467.9053838886007,243,81,342,471,existing,417.4946042840226,243,81,342,192,allocated,254.4642321780044,243,94,342,125,existing,467.9053838886007,243,95,342,315,existing,741.2116408123209,243,87,342,314,existing,1270.101373570576,243,88,342,314,existing,1270.101373570576,243,92,342,567,existing,1390.7335226613548,243,86,342,188,existing,1336.472398819664,243,91,342,233,existing,1575.7965319388345,243,93,342,41,existing,1284.5677546297798,243,89,342,369,existing,1630.7854706399035,243,90,342,452,existing,1580.2813842980836
244,244,81,343,125,existing,170.355851304084,244,81,343,471,existing,119.94507169950595,244,81,343,125,allocated,170.355851304084,244,94,343,125,existing,170.355851304084,244,95,343,315,existing,414.5384663445201,244,88,343,314,existing,943.4281991027752,244,87,343,314,existing,943.4281991027752,244,91,343,233,existing,1552.465999427919,244,93,343,41,existing,1261.2372221188643,244,92,343,567,existing,1467.411365025744,244,86,343,188,existing,1009.7992243518631,244,90,343,452,existing,1558.4529714133914,244,89,343,369,existing,1608.9570577552115
245,245,81,344,125,existing,323.75279226210085,245,81,344,471,existing,273.3420126575228,245,81,344,31,allocated,235.733087698696,245,94,344,125,existing,323.75279226210085,245,95,344,315,existing,567.935407302537,245,88,344,314,existing,790.0312581447583,245,87,344,314,existing,790.0312581447583,245,93,344,41,existing,1414.6341630768814,245,86,344,188,existing,856.4022833938463,245,91,344,233,existing,1705.862940385936,245,92,344,567,existing,1620.8083059837609,245,90,344,452,existing,1711.8499123714087,245,89,344,369,existing,1762.3539987132285
246,246,84,345,567,existing,1082.1741335947186,246,84,345,502,existing,326.08129895386276,246,84,345,328,allocated,236.40731342303866,246,92,345,567,existing,1082.1741335947186,246,89,345,369,existing,1228.6313837874286,246,91,345,233,existing,1284.933028210617,246,90,345,452,existing,1279.1354701292485,246,94,345,125,existing,1591.127464844605,246,93,345,41,existing,1414.9052574513985,246,87,345,314,existing,2396.9101057340013,246,95,345,315,existing,1867.9273406767124,246,88,345,314,existing,2396.9101057340013,246,86,345,188,existing,2463.281130983089
247,247,71,346,367,existing,421.26261012852683,247,71,346,62,existing,333.7855719765429,247,71,346,461,allocated,117.89458143298754,247,89,346,369,existing,453.2501384992239,247,90,346,452,existing,502.1616739239225,247,91,346,233,existing,506.17156181314317,247,92,346,567,existing,596.4398846372669,247,95,346,315,existing,1760.73725599741,247,94,346,125,existing,1558.4663424973726,247,88,346,314,existing,2346.005509155629,247,93,346,41,existing,940.1142116678268,247,86,346,188,existing,2412.376534404717,247,87,346,314,existing,2346.005509155629
248,248,72,347,369,existing,705.952803438307,248,72,347,492,existing,111.29706898605208,248,72,347,246,allocated,130.09331408219873,248,89,347,369,existing,705.952803438307,248,90,347,452,existing,756.4568897801269,248,92,347,567,existing,1026.6763141603228,248,91,347,233,existing,811.5324761812852,248,93,347,41,existing,1307.3046747695873,248,94,347,125,existing,1845.057610438108,248,95,347,315,existing,2083.2961556156383,248,87,347,314,existing,2668.5644087738574,248,86,347,188,existing,2734.9354340229456,248,88,347,314,existing,2668.5644087738574
249,249,72,348,369,existing,263.97459138662447,249,72,348,159,existing,512.3896245080748,249,72,348,349,allocated,91.88676422819748,249,89,348,369,existing,263.97459138662447,249,90,348,452,existing,314.4786777284443,249,91,348,233,existing,369.55426412960276,249,92,348,567,existing,592.2276882267602,249,93,348,41,existing,865.3264627179049,249,87,348,314,existing,2341.7933127451224,249,94,348,125,existing,1578.7860476652547,249,95,348,315,existing,1756.5250595869034,249,86,348,188,existing,2408.1643379942107,249,88,348,314,existing,2341.7933127451224
250,250,72,349,369,existing,355.86135561482195,250,72,349,492,existing,471.15887751981234,250,72,349,349,allocated,0.0,250,89,349,369,existing,355.86135561482195,250,90,349,452,existing,406.3654419566418,250,91,349,233,existing,461.4410283578002,250,92,349,567,existing,684.1144524549576,250,95,349,315,existing,1848.411823815101,250,93,349,41,existing,957.2132269461023,250,94,349,125,existing,1670.6728118934523,250,87,349,314,existing,2433.68007697332,250,88,349,314,existing,2433.68007697332,250,86,349,188,existing,2500.051102222408
251,251,76,350,369,existing,646.2589238422684,251,76,350,492,existing,180.76130929236595,251,76,350,349,allocated,290.3975682274464,251,89,350,369,existing,646.2589238422684,251,90,350,452,existing,696.7630101840882,251,92,350,567,existing,974.512020682404,251,91,350,233,existing,751.8385965852466,251,87,350,314,existing,2724.0776452007663,251,93,350,41,existing,1247.6107951735487,251,95,350,315,existing,2138.809392042547,251,94,350,125,existing,1961.0703801208986,251,86,350,188,existing,2790.448670449854,251,88,350,314,existing,2724.0776452007663
252,252,76,351,369,existing,1197.8563421399456,252,76,351,502,existing,357.5295748946724,252,76,351,328,allocated,447.2035604254965,252,89,351,369,existing,1197.8563421399456,252,90,351,452,existing,1248.3604284817654,252,92,351,567,existing,1489.7845092791786,252,91,351,233,existing,1303.4360148829237,252,94,351,125,existing,2144.704693915997,252,87,351,314,existing,2950.4873348053925,252,93,351,41,existing,1799.208213471226,252,95,351,315,existing,2421.504569748104,252,86,351,188,existing,3016.8583600544803,252,88,351,314,existing,2950.4873348053925
253,253,83,352,377,existing,253.08424487638433,253,83,352,550,existing,464.8849178130831,253,83,352,353,allocated,24.628144260717754,253,88,352,314,existing,768.3236758816224,253,87,352,314,existing,768.3236758816224,253,86,352,188,existing,952.8920768501209,253,94,352,125,existing,905.1299667757903,253,95,352,315,existing,961.5582119312521,253,93,352,41,existing,1996.3073591052269,253,92,352,567,existing,2199.074036140279,253,91,352,233,existing,2287.536136414282,253,90,352,452,existing,2293.523108399754,253,89,352,369,existing,2344.027194741574
254,254,83,353,377,existing,277.7123891371021,254,83,353,550,existing,489.51306207380094,254,83,353,353,allocated,0.0,254,88,353,314,existing,792.9518201423402,254,87,353,314,existing,792.9518201423402,254,86,353,188,existing,977.5202211108387,254,94,353,125,existing,929.7581110365081,254,95,353,315,existing,986.1863561919699,254,92,353,567,existing,2223.702180400997,254,91,353,233,existing,2312.1642806749996,254,93,353,41,existing,2020.9355033659447,254,90,353,452,existing,2318.151252660472,254,89,353,369,existing,2368.655339002292
255,255,71,354,367,existing,639.384209061114,255,71,354,62,existing,350.0142262018032,255,71,354,246,allocated,357.1040076942306,255,89,354,369,existing,669.5896075323196,255,90,354,452,existing,720.0936938741395,255,92,354,567,existing,800.7775812053097,255,91,354,233,existing,724.2931607457302,255,95,354,315,existing,1812.9335419001636,255,88,354,314,existing,2398.2017950583827,255,93,354,41,existing,1144.4519082358697,255,94,354,125,existing,1574.6949967226328,255,86,354,188,existing,2464.5728203074705,255,87,354,314,existing,2398.2017950583827
256,256,82,355,315,existing,354.2895661889615,256,82,355,480,existing,407.9823338384427,256,82,355,150,allocated,111.45311193937447,256,95,355,315,existing,354.2895661889615,256,94,355,125,existing,380.54784868256013,256,87,355,314,existing,866.5508855713865,256,86,355,188,existing,775.4222223763622,256,93,355,41,existing,1210.2695199869017,256,91,355,233,existing,1501.4982972959565,256,88,355,314,existing,866.5508855713865,256,92,355,567,existing,1508.976547908952,256,90,355,452,existing,1555.7114260480532,256,89,355,369,existing,1606.2155123898733
257,257,82,356,315,existing,66.51365929042389,257,82,356,471,existing,393.7243147271095,257,82,356,315,existing,66.51365929042389,257,95,356,315,existing,66.51365929042389,257,94,356,125,existing,345.718460280429,257,87,356,314,existing,518.7545938677953,257,88,356,314,existing,518.7545938677953,257,93,356,41,existing,1175.4401315847706,257,91,356,233,existing,1466.6689088938251,257,92,356,567,existing,1474.147159506821,257,86,356,188,existing,585.1256191168833,257,89,356,369,existing,1571.386123987742,257,90,356,452,existing,1520.882037645922
258,258,84,357,567,existing,624.1310942354858,258,84,357,62,existing,135.67568202291136,258,84,357,333,allocated,38.6167794050614,258,92,357,567,existing,624.1310942354858,258,91,357,233,existing,838.2232472203495,258,89,357,369,existing,889.3662224823399,258,90,357,452,existing,840.2528789859999,258,94,357,125,existing,1360.356452543741,258,88,357,314,existing,2183.863250879491,258,95,357,315,existing,1598.5949977212717,258,93,357,41,existing,932.3345917534825,258,87,357,314,existing,2183.863250879491,258,86,357,188,existing,2250.234276128579
259,259,80,358,176,existing,800.7861685103609,259,80,358,62,existing,492.82430578185745,259,80,358,372,allocated,512.8234962800939,259,93,358,41,existing,894.903892487628,259,94,358,125,existing,922.0533193361192,259,95,358,315,existing,1160.29186451365,259,92,358,567,existing,981.2797179944318,259,90,358,452,existing,1190.6175221559317,259,87,358,314,existing,1745.5601176718692,259,91,358,233,existing,1186.1326697966829,259,89,358,369,existing,1241.1216084977518,259,88,358,314,existing,1745.5601176718692,259,86,358,188,existing,1811.931142920957
260,260,80,359,176,existing,691.9012807953627,260,80,359,193,existing,389.270161640983,260,80,359,372,allocated,403.9386085650957,260,93,359,41,existing,786.0190047726298,260,94,359,125,existing,813.168431621121,260,95,359,315,existing,1051.4069767986516,260,92,359,567,existing,892.1847728042048,260,90,359,452,existing,1081.7326344409335,260,89,359,369,existing,1132.2367207827535,260,91,359,233,existing,1077.2477820816846,260,87,359,314,existing,1636.675229956871,260,86,359,188,existing,1703.046255205959,260,88,359,314,existing,1636.675229956871
261,261,71,360,367,existing,493.0851909196872,261,71,360,62,existing,261.9629911853825,261,71,360,461,allocated,189.71716222414787,261,89,360,369,existing,525.0727192903843,261,90,360,452,existing,573.9842547150828,261,91,360,233,existing,577.9941426043035,261,92,360,567,existing,668.2624654284272,261,94,360,125,existing,1486.6437617062122,261,93,360,41,existing,1011.936792458987,261,95,360,315,existing,1724.8823068837428,261,87,360,314,existing,2310.150560041962,261,86,360,188,existing,2376.5215852910496,261,88,360,314,existing,2310.150560041962
262,262,84,361,567,existing,309.8268583345412,262,84,361,159,existing,229.98879461585594,262,84,361,159,allocated,229.98879461585594,262,92,361,567,existing,309.8268583345412,262,90,361,452,existing,489.2681192479124,262,91,361,233,existing,493.27800713713316,262,89,361,369,existing,530.5061970367722,262,94,361,125,existing,1296.385217773036,262,93,361,41,existing,653.501185365101,262,87,361,314,existing,2059.3924828529034,262,95,361,315,existing,1474.1242296946843,262,86,361,188,existing,2125.7635081019916,262,88,361,314,existing,2059.3924828529034
263,263,84,362,567,existing,366.62700606719443,263,84,362,159,existing,286.7889423485091,263,84,362,159,allocated,286.7889423485091,263,92,362,567,existing,366.62700606719443,263,90,362,452,existing,546.0682669805656,263,89,362,369,existing,587.3063447694253,263,91,362,233,existing,550.0781548697863,263,94,362,125,existing,1353.185365505689,263,88,362,314,existing,2116.192630585557,263,95,362,315,existing,1530.9243774273375,263,93,362,41,existing,710.3013330977542,263,86,362,188,existing,2182.5636558346446,263,87,362,314,existing,2116.192630585557
264,264,81,363,125,existing,936.0447736731614,264,81,363,193,existing,689.6020960652556,264,81,363,192,allocated,252.82970320729666,264,94,363,125,existing,936.0447736731614,264,93,363,41,existing,1125.4180510091167,264,92,363,567,existing,1231.5838190406919,264,95,363,315,existing,1212.844649505269,264,89,363,369,existing,1471.6357670192406,264,91,363,233,existing,1416.6468283181716,264,90,363,452,existing,1421.1316806774205,264,87,363,314,existing,1741.8274145625576,264,86,363,188,existing,1808.1984398116456,264,88,363,314,existing,1741.8274145625576
265,265,83,365,377,existing,486.6323395067456,265,83,365,550,existing,783.2356800239639,265,83,365,450,allocated,70.939435559634,265,88,365,314,existing,701.5407831806406,265,87,365,314,existing,701.5407831806406,265,95,365,315,existing,1211.8891492375883,265,86,365,188,existing,1007.3909983988603,265,93,365,41,existing,2314.3912300840807,265,94,365,125,existing,1223.4807289866712,265,92,365,567,existing,2517.42479835116,265,91,365,233,existing,2605.6200073931354,265,89,365,369,existing,2662.1110657204276,265,90,365,452,existing,2611.606979378608
266,266,76,369,369,existing,0.0,266,76,369,159,existing,350.4519392161272,266,76,369,369,existing,0.0,266,89,369,369,existing,0.0,266,90,369,452,existing,50.504086341819914,266,91,369,233,existing,110.86640219476467,266,92,369,567,existing,430.29000293481243,266,87,369,314,existing,2090.1407178555373,266,93,369,41,existing,606.6386007830667,266,94,369,125,existing,1440.2400488855747,266,95,369,315,existing,1504.8724646973183,266,88,369,314,existing,2090.1407178555373,266,86,369,188,existing,2156.5117431046256
267,267,72,370,369,existing,116.0733953611556,267,72,370,159,existing,466.5253345772828,267,72,370,370,allocated,0.0,267,89,370,369,existing,116.0733953611556,267,90,370,452,existing,166.57748170297552,267,91,370,233,existing,226.93979755592028,267,92,370,567,existing,546.3633982959681,267,94,370,125,existing,1556.3134442467303,267,95,370,315,existing,1620.9458600584737,267,93,370,41,existing,722.7119961442224,267,87,370,314,existing,2206.214113216693,267,88,370,314,existing,2206.214113216693,267,86,370,188,existing,2272.585138465781
268,268,80,372,176,existing,418.6692965732383,268,80,372,193,existing,274.68690070137535,268,80,372,372,allocated,0.0,268,93,372,41,existing,539.0210385340536,268,94,372,125,existing,665.5430312972496,268,92,372,567,existing,789.5019096894796,268,95,372,315,existing,730.1754471089932,268,91,372,233,existing,830.2498158431083,268,90,372,452,existing,836.2367878285809,268,87,372,314,existing,1315.4437002672125,268,89,372,369,existing,886.7408741704007,268,88,372,314,existing,1315.4437002672125,268,86,372,188,existing,1381.8147255163003
269,269,75,373,261,existing,776.4380475605362,269,75,373,116,existing,698.962416339458,269,75,373,366,allocated,685.111696413443,269,93,373,41,existing,944.690847916353,269,91,373,233,existing,1215.1781397305772,269,92,373,567,existing,1226.4771466529737,269,90,373,452,existing,1273.212024792075,269,95,373,315,existing,1636.3465885083187,269,89,373,369,existing,1323.7161111338949,269,94,373,125,existing,1626.4497894063677,269,88,373,314,existing,2221.614841666538,269,86,373,188,existing,2287.9858669156256,269,87,373,314,existing,2221.614841666538
270,270,80,374,176,existing,401.07988768802363,270,80,374,116,existing,164.00544379853096,270,80,374,366,allocated,150.15472387251603,270,93,374,41,existing,409.733875375426,270,91,374,233,existing,680.2211671896499,270,92,374,567,existing,691.5201741120467,270,90,374,452,existing,738.2550522511478,270,95,374,315,existing,1389.654618021555,270,94,374,125,existing,1373.2483589764356,270,89,374,369,existing,788.7591385929677,270,87,374,314,existing,1974.9228711797741,270,88,374,314,existing,1974.9228711797741,270,86,374,188,existing,2041.2938964288621
271,271,83,375,377,existing,101.17672699682052,271,83,375,550,existing,312.97739993351934,271,83,375,547,allocated,159.2424042814921,271,87,375,314,existing,616.4161580020586,271,88,375,314,existing,616.4161580020586,271,86,375,188,existing,800.9845589705571,271,94,375,125,existing,753.2224488962265,271,93,375,41,existing,1844.399841225663,271,95,375,315,existing,809.6506940516883,271,91,375,233,existing,2135.628618534718,271,92,375,567,existing,2047.1665182607153,271,89,375,369,existing,2192.1196768620102,271,90,375,452,existing,2141.6155905201904
272,272,81,378,125,existing,486.1313164228466,272,81,378,471,existing,435.72053681826856,272,81,378,192,allocated,236.23829964375847,272,94,378,125,existing,486.1313164228466,272,95,378,315,existing,759.4375733465668,272,93,378,41,existing,1266.3418220955336,272,88,378,314,existing,1288.3273061048221,272,86,378,188,existing,1354.69833135391,272,87,378,314,existing,1288.3273061048221,272,92,378,567,existing,1372.5075901271089,272,91,378,233,existing,1557.5705994045884,272,89,378,369,existing,1612.5595381056573,272,90,378,452,existing,1562.0554517638375
273,273,81,379,125,existing,699.6668647217623,273,81,379,193,existing,459.47514420280163,273,81,379,192,allocated,22.702751344842703,273,94,379,125,existing,699.6668647217623,273,95,379,315,existing,972.9731216454825,273,92,379,567,existing,1158.9720418281931,273,93,379,41,existing,1052.806273796618,273,89,379,369,existing,1399.0239898067416,273,87,379,314,existing,1501.8628544037379,273,90,379,452,existing,1348.5199034649218,273,91,379,233,existing,1344.0350511056727,273,88,379,314,existing,1501.8628544037379,273,86,379,188,existing,1568.2338796528259
274,274,81,380,125,existing,171.3889132497822,274,81,380,471,existing,120.97813364520415,274,81,380,125,allocated,171.3889132497822,274,94,380,125,existing,171.3889132497822,274,95,380,315,existing,444.6951701735024,274,88,380,314,existing,973.5849029317576,274,87,380,314,existing,973.5849029317576,274,93,380,41,existing,1263.9091264990097,274,86,380,188,existing,1039.9559281808456,274,91,380,233,existing,1555.1379038080645,274,92,380,567,existing,1465.3329826142708,274,90,380,452,existing,1561.1248757935368,274,89,380,369,existing,1611.6289621353567
275,275,81,381,125,existing,155.55642693731727,275,81,381,471,existing,105.1456473327392,275,81,381,125,allocated,155.55642693731727,275,94,381,125,existing,155.55642693731727,275,95,381,315,existing,432.3563027694248,275,87,381,314,existing,961.3390678267134,275,88,381,314,existing,961.3390678267134,275,91,381,233,existing,1539.3054174955994,275,86,381,188,existing,1027.7100930758013,275,93,381,41,existing,1248.0766401865446,275,92,381,567,existing,1449.500496301806,275,89,381,369,existing,1595.7964758228918,275,90,381,452,existing,1545.292389481072
276,276,81,382,125,existing,860.6418196652943,276,81,382,193,existing,614.1991420573884,276,81,382,192,allocated,177.42674919942945,276,94,382,125,existing,860.6418196652943,276,93,382,41,existing,1050.0150970012496,276,92,382,567,existing,1156.1808650328246,276,95,382,315,existing,1137.441695497402,276,89,382,369,existing,1396.2328130113733,276,91,382,233,existing,1341.2438743103044,276,90,382,452,existing,1345.7287266695535,276,87,382,314,existing,1666.4244605546905,276,86,382,188,existing,1732.7954858037785,276,88,382,314,existing,1666.4244605546905
277,277,83,383,377,existing,178.10833225806275,277,83,383,550,existing,389.90900519476156,277,83,383,353,allocated,99.60405687903935,277,87,383,314,existing,693.3477632633009,277,88,383,314,existing,693.3477632633009,277,86,383,188,existing,877.9161642317994,277,94,383,125,existing,830.1540541574686,277,93,383,41,existing,1921.3314464869052,277,95,383,315,existing,886.5822993129306,277,91,383,233,existing,2212.56022379596,277,92,383,567,existing,2124.0981235219574,277,89,383,369,existing,2269.0512821232523,277,90,383,452,existing,2218.5471957814325
278,278,83,384,377,existing,234.89954309868259,278,83,384,550,existing,446.70021603538135,278,83,384,353,allocated,156.3952677196592,278,88,384,314,existing,750.1389741039208,278,87,384,314,existing,750.1389741039208,278,94,384,125,existing,886.9452649980885,278,86,384,188,existing,934.7073750724192,278,91,384,233,existing,2269.35143463658,278,95,384,315,existing,943.3735101535503,278,93,384,41,existing,1978.122657327525,278,92,384,567,existing,2180.8893343625773,278,89,384,369,existing,2325.8424929638722,278,90,384,452,existing,2275.3384066220524
279,279,81,385,125,existing,326.93692207647496,279,81,385,471,existing,276.5261424718969,279,81,385,125,allocated,326.93692207647496,279,94,385,125,existing,326.93692207647496,279,95,385,315,existing,571.4155586315671,279,87,385,314,existing,960.9555432493818,279,88,385,314,existing,960.9555432493818,279,92,385,567,existing,1620.8809914409635,279,93,385,41,existing,1418.1143144059113,279,86,385,188,existing,1027.32656849847,279,91,385,233,existing,1709.343091714966,279,90,385,452,existing,1715.3300637004386,279,89,385,369,existing,1765.8341500422584
280,280,76,386,369,existing,1051.88375781086,280,76,386,492,existing,465.30458382281427,280,76,386,246,allocated,357.3821950763304,280,89,386,369,existing,1051.88375781086,280,90,386,452,existing,1102.38784415268,280,92,386,567,existing,1343.811924950093,280,91,386,233,existing,1157.4634305538382,280,94,386,125,existing,2162.193221227878,280,93,386,41,existing,1653.2356291421404,280,87,386,314,existing,2985.700019563628,280,95,386,315,existing,2400.431766405409,280,86,386,188,existing,3052.0710448127156,280,88,386,314,existing,2985.700019563628
281,281,81,387,125,existing,1096.506158197839,281,81,387,62,existing,644.1447500652399,281,81,387,192,allocated,413.29108773197436,281,94,387,125,existing,1096.506158197839,281,92,387,567,existing,1132.6001622778144,281,91,387,233,existing,1346.6923152626782,281,93,387,41,existing,1210.5436367477573,281,89,387,369,existing,1397.8352905246684,281,88,387,314,existing,1902.2887990872352,281,90,387,452,existing,1348.7219470283285,281,95,387,315,existing,1373.3060340299467,281,86,387,188,existing,1968.6598243363233,281,87,387,314,existing,1902.2887990872352
282,282,80,388,176,existing,1070.4468056115202,282,80,388,62,existing,598.1656429062698,282,80,388,333,allocated,423.87318147829706,282,92,388,567,existing,1086.6210551188442,282,94,388,125,existing,1142.4852653568094,282,91,388,233,existing,1300.713208103708,282,93,388,41,existing,1164.5645295887873,282,89,388,369,existing,1351.8561833656984,282,95,388,315,existing,1419.285141188917,282,90,388,452,existing,1302.7428398693582,282,88,388,314,existing,1948.2679062462055,282,87,388,314,existing,1948.2679062462055,282,86,388,188,existing,2014.6389314952935
283,283,73,390,188,existing,490.56226736954943,283,73,390,480,existing,425.4827892536115,283,73,390,69,allocated,86.19990182112578,283,86,390,188,existing,490.56226736954943,283,88,390,314,existing,612.5913520133934,283,95,390,315,existing,1128.1068027690703,283,87,390,314,existing,612.5913520133934,283,93,390,41,existing,1984.0867565670105,283,94,390,125,existing,1154.365085262669,283,91,390,233,existing,2275.3155338760653,283,92,390,567,existing,2282.7937844890607,283,89,390,369,existing,2380.032748969982,283,90,390,452,existing,2329.528662628162
284,284,73,391,188,existing,502.9900941289689,284,73,391,480,existing,413.054962494192,284,73,391,69,allocated,98.62772858054522,284,86,391,188,existing,502.9900941289689,284,87,391,314,existing,625.0191787728128,284,95,391,315,existing,1115.6789760096508,284,88,391,314,existing,625.0191787728128,284,94,391,125,existing,1141.9372585032495,284,92,391,567,existing,2270.365957729641,284,93,391,41,existing,1971.658929807591,284,91,391,233,existing,2262.8877071166457,284,89,391,369,existing,2367.6049222105626,284,90,391,452,existing,2317.1008358687427
285,285,85,392,187,existing,423.87261518076735,285,85,392,480,existing,18.159845378379238,285,85,392,145,allocated,84.36282018100711,285,86,392,188,existing,554.3253742783129,285,87,392,314,existing,645.4540374733373,285,88,392,314,existing,645.4540374733373,285,95,392,315,existing,731.8224805717103,285,94,392,125,existing,770.3703371426236,285,92,392,567,existing,1898.7990363690155,285,93,392,41,existing,1600.0920084469653,285,91,392,233,existing,1891.3207857560199,285,90,392,452,existing,1945.5339145081166,285,89,392,369,existing,1996.0380008499367
286,286,77,393,233,existing,470.74512250507684,286,77,393,116,existing,624.1864734099097,286,77,393,76,allocated,113.85367227898875,286,91,393,233,existing,470.74512250507684,286,90,393,452,existing,531.1074383580216,286,89,393,369,existing,581.6115246998415,286,92,393,567,existing,847.599285226869,286,95,393,315,existing,1832.466243061258,286,93,393,41,existing,869.9149049868048,286,94,393,125,existing,1816.0599840161385,286,87,393,314,existing,2417.734496219477,286,86,393,188,existing,2484.105521468565,286,88,393,314,existing,2417.734496219477
287,287,77,394,233,existing,420.57920735619115,287,77,394,116,existing,674.3523885587954,287,77,394,76,allocated,164.01958742787443,287,91,394,233,existing,420.57920735619115,287,90,394,452,existing,480.9415232091359,287,89,394,369,existing,531.4456095509559,287,92,394,567,existing,798.8522080741626,287,93,394,41,existing,918.6798367359402,287,95,394,315,existing,1820.7344569595925,287,88,394,314,existing,2406.0027101178116,287,94,394,125,existing,1804.3281979144733,287,86,394,188,existing,2472.3737353668994,287,87,394,314,existing,2406.0027101178116
288,288,83,395,377,existing,384.8333785935026,288,83,395,550,existing,596.6340515302013,288,83,395,353,allocated,306.3291032144792,288,88,395,314,existing,900.0728095987407,288,87,395,314,existing,900.0728095987407,288,94,395,125,existing,1036.8791004929085,288,86,395,188,existing,1084.641210567239,288,95,395,315,existing,1093.3073456483703,288,92,395,567,existing,2330.8231698573973,288,91,395,233,existing,2419.2852701313996,288,93,395,41,existing,2128.056492822345,288,90,395,452,existing,2425.2722421168723,288,89,395,369,existing,2475.776328458692
289,289,83,396,377,existing,398.07718710521436,289,83,396,550,existing,609.8778600419131,289,83,396,450,allocated,262.1775425284437,289,88,396,314,existing,913.3166181104525,289,87,396,314,existing,913.3166181104525,289,86,396,188,existing,1097.885019078951,289,94,396,125,existing,1050.1229090046204,289,93,396,41,existing,2141.300301334057,289,91,396,233,existing,2432.529078643112,289,95,396,315,existing,1106.5511541600822,289,92,396,567,existing,2344.066978369109,289,90,396,452,existing,2438.5160506285843,289,89,396,369,existing,2489.0201369704046
290,290,80,397,176,existing,1028.5318787187182,290,80,397,62,existing,640.0805697990719,290,80,397,192,allocated,454.0516960042478,290,93,397,41,existing,1122.649602695985,290,92,397,567,existing,1128.5359820116462,290,91,397,233,existing,1342.6281349965102,290,94,397,125,existing,1137.2667664701125,290,90,397,452,existing,1344.6577667621605,290,95,397,315,existing,1388.0375747220073,290,89,397,369,existing,1393.7711102585004,290,88,397,314,existing,1943.0494073595087,290,87,397,314,existing,1943.0494073595087,290,86,397,188,existing,2009.4204326085967
291,291,84,398,567,existing,1003.9295080194491,291,84,398,62,existing,515.4740958068747,291,84,398,333,allocated,341.181634378902,291,92,398,567,existing,1003.9295080194491,291,91,398,233,existing,1218.021661004313,291,90,398,452,existing,1220.0512927699633,291,94,398,125,existing,1225.1768124562043,291,93,398,41,existing,1247.2560766881822,291,88,398,314,existing,2030.9594533456004,291,89,398,369,existing,1269.1646362663032,291,95,398,315,existing,1501.9766882883118,291,86,398,188,existing,2097.3304785946884,291,87,398,314,existing,2030.9594533456004
292,292,82,399,315,existing,777.9129010036136,292,82,399,480,existing,503.90672865460084,292,82,399,145,allocated,606.4293942139872,292,95,399,315,existing,777.9129010036136,292,94,399,125,existing,804.1711834972122,292,86,399,188,existing,1076.391948311293,292,88,399,314,existing,1167.5206115063174,292,92,399,567,existing,1932.599882723604,292,87,399,314,existing,1167.5206115063174,292,91,399,233,existing,1925.1216321106083,292,93,399,41,existing,1633.8928548015538,292,90,399,452,existing,1979.334760862705,292,89,399,369,existing,2029.838847204525
293,293,84,400,567,existing,448.9752433496405,293,84,400,62,existing,325.5905811562544,293,84,400,159,allocated,369.13717963095525,293,92,400,567,existing,448.9752433496405,293,91,400,233,existing,663.0673963345042,293,90,400,452,existing,665.0970281001546,293,89,400,369,existing,715.6011144419745,293,87,400,314,existing,1857.9815092946258,293,94,400,125,existing,1094.974244214758,293,93,400,41,existing,757.1787408676373,293,95,400,315,existing,1272.7132561364065,293,88,400,314,existing,1857.9815092946258,293,86,400,188,existing,1924.3525345437138
294,294,84,401,567,existing,522.9926550398061,294,84,401,62,existing,399.60799284642,294,84,401,159,allocated,443.15459132112085,294,92,401,567,existing,522.9926550398061,294,91,401,233,existing,737.0848080246698,294,90,401,452,existing,739.1144397903201,294,89,401,369,existing,789.61852613214,294,87,401,314,existing,1931.9989209847913,294,94,401,125,existing,1168.9916559049236,294,93,401,41,existing,831.1961525578029,294,95,401,315,existing,1346.7306678265722,294,88,401,314,existing,1931.9989209847913,294,86,401,188,existing,1998.3699462338793
295,295,80,402,176,existing,652.5825383860836,295,80,402,116,existing,550.88286728004,295,80,402,220,allocated,319.22701214235025,295,93,402,41,existing,737.5800855948354,295,94,402,125,existing,885.0586425300988,295,91,402,233,existing,1064.1630576559537,295,95,402,315,existing,894.95544163205,295,89,402,369,existing,1172.7010290592714,295,92,402,567,existing,1075.4620645783505,295,90,402,452,existing,1122.1969427174515,295,88,402,314,existing,1480.2236947902693,295,86,402,188,existing,1546.594720039357,295,87,402,314,existing,1480.2236947902693
296,296,72,403,369,existing,921.6790141892926,296,72,403,502,existing,17.286006058269198,296,72,403,328,allocated,72.3879794725549,296,89,403,369,existing,921.6790141892926,296,90,403,452,existing,972.1831005311125,296,91,403,233,existing,1027.2586869322708,296,92,403,567,existing,1206.4281220088728,296,94,403,125,existing,1797.5229489457997,296,95,403,315,existing,2074.3228247779075,296,93,403,41,existing,1523.030885520573,296,87,403,314,existing,2603.3055898351963,296,86,403,188,existing,2669.676615084284,296,88,403,314,existing,2603.3055898351963
297,297,84,410,567,existing,1072.2902226033561,297,84,410,62,existing,583.8348103907816,297,84,410,333,allocated,409.5423489628089,297,92,410,567,existing,1072.2902226033561,297,94,410,125,existing,1254.6760768796835,297,91,410,233,existing,1286.38237558822,297,90,410,452,existing,1288.4120073538702,297,89,410,369,existing,1337.52535085021,297,95,410,315,existing,1531.475952711791,297,93,410,41,existing,1380.493720121353,297,88,410,314,existing,2060.4587177690796,297,87,410,314,existing,2060.4587177690796,297,86,410,188,existing,2126.8297430181674
298,298,80,411,176,existing,859.7913216816268,298,80,411,62,existing,433.8191526105916,298,80,411,372,allocated,571.8286494513598,298,92,411,567,existing,922.274564823166,298,93,411,41,existing,953.9090456588939,298,91,411,233,existing,1136.3667178080298,298,94,411,125,existing,981.0584725073851,298,87,411,314,existing,1804.5652708431348,298,90,411,452,existing,1138.39634957368,298,95,411,315,existing,1219.2970176849158,298,89,411,369,existing,1187.5096930700201,298,88,411,314,existing,1804.5652708431348,298,86,411,188,existing,1870.936296092223
299,299,81,412,125,existing,415.89307836298843,299,81,412,471,existing,365.48229875841037,299,81,412,125,allocated,415.89307836298843,299,94,412,125,existing,415.89307836298843,299,95,412,315,existing,689.1993352867086,299,87,412,314,existing,1218.0890680449638,299,88,412,314,existing,1218.0890680449638,299,91,412,233,existing,1761.7878250902932,299,86,412,188,existing,1284.4600932940518,299,92,412,567,existing,1576.7248158128134,299,93,412,41,existing,1470.5590477812384,299,89,412,369,existing,1816.776763791362,299,90,412,452,existing,1766.2726774495422
300,300,73,416,188,existing,625.1035040257161,300,73,416,480,existing,319.7791325150363,300,73,416,69,allocated,220.74113847729248,300,86,416,188,existing,625.1035040257161,300,88,416,314,existing,747.13258866956,300,95,416,315,existing,1069.761458465126,300,87,416,314,existing,747.13258866956,300,92,416,567,existing,2236.738014262431,300,91,416,233,existing,2229.2597636494356,300,93,416,41,existing,1938.0309863403809,300,94,416,125,existing,1108.3093150360392,300,89,416,369,existing,2333.9769787433524,300,90,416,452,existing,2283.472892401532
301,301,85,417,187,existing,596.7927633252339,301,85,417,480,existing,154.7603027660872,301,85,417,145,allocated,257.2829683254736,301,86,417,188,existing,727.2455224227795,301,87,417,314,existing,818.3741856178037,301,95,417,315,existing,904.7426287161769,301,88,417,314,existing,818.3741856178037,301,91,417,233,existing,2064.240933900486,301,92,417,567,existing,2071.719184513482,301,93,417,41,existing,1773.012156591432,301,94,417,125,existing,943.2904852870901,301,90,417,452,existing,2118.454062652583,301,89,417,369,existing,2168.958148994403
302,302,75,420,261,existing,558.746034488971,302,75,420,116,existing,1450.840611204527,302,75,420,76,allocated,953.1459778213223,302,91,420,233,existing,1275.0496838637084,302,90,420,452,existing,1335.411999716653,302,89,420,369,existing,1385.916086058473,302,92,420,567,existing,1653.3226845816798,302,94,420,125,existing,1931.0555322152072,302,95,420,315,existing,1940.5899211452593,302,93,420,41,existing,1696.569042781422,302,86,420,188,existing,2258.601229359537,302,87,420,314,existing,2380.6303140033806,302,88,420,314,existing,2380.6303140033806
303,303,80,422,176,existing,968.388659758152,303,80,422,116,existing,764.2163429990012,303,80,422,366,allocated,750.3656230729863,303,93,422,41,existing,1009.9447745758963,303,91,422,233,existing,1280.43206639012,303,90,422,452,existing,1338.4659514516181,303,92,422,567,existing,1291.7310733125169,303,89,422,369,existing,1388.970037793438,303,94,422,125,existing,1507.4000462784056,303,95,422,315,existing,1517.296845380357,303,87,422,314,existing,2102.565098538576,303,86,422,188,existing,2168.9361237876637,303,88,422,314,existing,2102.565098538576
304,304,80,423,176,existing,896.4223469082972,304,80,423,116,existing,692.2500301491464,304,80,423,366,allocated,678.3993102231315,304,93,423,41,existing,937.9784617260415,304,91,423,233,existing,1208.4657535402653,304,90,423,452,existing,1266.4996386017633,304,92,423,567,existing,1219.7647604626623,304,89,423,369,existing,1317.0037249435832,304,94,423,125,existing,1435.433733428551,304,95,423,315,existing,1445.3305325305018,304,88,423,314,existing,2030.5987856887211,304,86,423,188,existing,2096.969810937809,304,87,423,314,existing,2030.5987856887211
305,305,71,424,367,existing,788.112165050584,305,71,424,502,existing,257.63644782340737,305,71,424,246,allocated,209.50959432010217,305,89,424,369,existing,816.7194723120119,305,90,424,452,existing,867.2235586538318,305,91,424,233,existing,873.0211167352005,305,92,424,567,existing,999.8287494201289,305,95,424,315,existing,2011.9847101149826,305,93,424,41,existing,1343.5030764506887,305,94,424,125,existing,1773.7461649374518,305,88,424,314,existing,2597.2529632732017,305,86,424,188,existing,2663.6239885222894,305,87,424,314,existing,2597.2529632732017
306,306,75,425,261,existing,681.3756474050433,306,75,425,116,existing,603.9000161839651,306,75,425,366,allocated,590.0492962579502,306,93,425,41,existing,849.6284477608602,306,91,425,233,existing,1120.1157395750843,306,92,425,567,existing,1131.4147464974808,306,90,425,452,existing,1178.149624636582,306,95,425,315,existing,1731.4089886638117,306,89,425,369,existing,1228.653710978402,306,87,425,314,existing,2316.6772418220307,306,94,425,125,existing,1721.5121895618604,306,86,425,188,existing,2383.048267071119,306,88,425,314,existing,2316.6772418220307
307,307,72,426,369,existing,1233.4263393408446,307,72,426,502,existing,329.0333312098211,307,72,426,328,allocated,384.13530462410677,307,89,426,369,existing,1233.4263393408446,307,90,426,452,existing,1283.9304256826645,307,92,426,567,existing,1518.175447160425,307,91,426,233,existing,1339.0060120838227,307,95,426,315,existing,2386.070149929459,307,93,426,41,existing,1834.778210672125,307,88,426,314,existing,2915.052914986748,307,94,426,125,existing,2109.270274097352,307,86,426,188,existing,2981.4239402358357,307,87,426,314,existing,2915.052914986748
308,308,72,427,369,existing,1490.0174803565455,308,72,427,502,existing,585.6244722255221,308,72,427,121,allocated,583.8856730300214,308,89,427,369,existing,1490.0174803565455,308,90,427,452,existing,1540.5215666983654,308,92,427,567,existing,1774.7665881761259,308,91,427,233,existing,1595.5971530995237,308,93,427,41,existing,2091.3693516878257,308,94,427,125,existing,2365.8614151130528,308,88,427,314,existing,3171.644056002449,308,95,427,315,existing,2642.66129094516,308,87,427,314,existing,3171.644056002449,308,86,427,188,existing,3238.0150812515367
309,309,75,428,261,existing,597.6204079369948,309,75,428,116,existing,936.4548497789865,309,75,428,76,allocated,528.0528609056385,309,91,428,233,existing,1107.6788440553457,309,90,428,452,existing,1168.0411599082904,309,92,428,567,existing,1179.5670710276675,309,93,428,41,existing,1182.1832813558817,309,94,428,125,existing,2054.067023156882,309,95,428,315,existing,2063.963822258833,309,87,428,314,existing,2649.2320754170523,309,89,428,369,existing,1218.5452462501103,309,86,428,188,existing,2715.6031006661406,309,88,428,314,existing,2649.2320754170523
310,310,75,430,261,existing,544.204217650883,310,75,430,116,existing,1059.48351562414,310,75,430,76,allocated,651.0815267507919,310,91,430,233,existing,1062.1257922286218,310,90,430,452,existing,1122.4881080815665,310,89,430,369,existing,1172.9921944233863,310,92,430,567,existing,1302.595736872821,310,93,430,41,existing,1305.2119472010352,310,95,430,315,existing,2186.9924881039865,310,94,430,125,existing,2177.095689002035,310,88,430,314,existing,2772.2607412622056,310,87,430,314,existing,2772.2607412622056,310,86,430,188,existing,2838.631766511294
311,311,75,431,261,existing,529.3545389750859,311,75,431,116,existing,1059.7361907860943,311,75,431,76,allocated,651.3342019127462,311,91,431,233,existing,1047.2761135528247,311,90,431,452,existing,1107.6384294057693,311,92,431,567,existing,1302.8484120347753,311,89,431,369,existing,1158.1425157475892,311,94,431,125,existing,2177.3483641639896,311,95,431,315,existing,2187.245163265941,311,93,431,41,existing,1305.4646223629893,311,88,431,314,existing,2772.51341642416,311,87,431,314,existing,2772.51341642416,311,86,431,188,existing,2838.884441673248
312,312,75,433,261,existing,607.2475007671687,312,75,433,116,existing,946.0819426091605,312,75,433,76,allocated,537.6799537358124,312,91,433,233,existing,1117.3059368855197,312,90,433,452,existing,1177.6682527384644,312,93,433,41,existing,1191.8103741860557,312,92,433,567,existing,1189.1941638578414,312,94,433,125,existing,2063.694115987056,312,95,433,315,existing,2073.590915089007,312,87,433,314,existing,2658.859168247226,312,89,433,369,existing,1228.1723390802842,312,86,433,188,existing,2725.2301934963143,312,88,433,314,existing,2658.859168247226
313,313,72,434,369,existing,946.7128644959869,313,72,434,492,existing,129.46299207162767,313,72,434,121,allocated,332.57872536658505,313,89,434,369,existing,946.7128644959869,313,90,434,452,existing,997.2169508378067,313,92,434,567,existing,1267.4363752180027,313,91,434,233,existing,1052.292537238965,313,94,434,125,existing,2085.8176714957876,313,87,434,314,existing,2909.3244698315375,313,93,434,41,existing,1548.0647358272672,313,95,434,315,existing,2324.056216673318,313,88,434,314,existing,2909.3244698315375,313,86,434,188,existing,2975.6954950806253
314,314,72,435,369,existing,539.818160480111,314,72,435,492,existing,491.01526534556325,314,72,435,349,allocated,183.9568048652891,314,89,435,369,existing,539.818160480111,314,90,435,452,existing,590.3222468219309,314,91,435,233,existing,645.3978332230893,314,92,435,567,existing,868.0712573202467,314,88,435,314,existing,2617.636881838609,314,93,435,41,existing,1141.1700318113913,314,94,435,125,existing,1854.6296167587413,314,95,435,315,existing,2032.36862868039,314,86,435,188,existing,2684.0079070876973,314,87,435,314,existing,2617.636881838609
315,315,72,436,369,existing,625.8724883891683,315,72,436,492,existing,577.0695932546205,315,72,436,349,allocated,270.0111327743463,315,89,436,369,existing,625.8724883891683,315,90,436,452,existing,676.3765747309882,315,91,436,233,existing,731.4521611321466,315,92,436,567,existing,954.125585229304,315,88,436,314,existing,2703.691209747666,315,93,436,41,existing,1227.2243597204488,315,94,436,125,existing,1940.6839446677986,315,95,436,315,existing,2118.422956589447,315,86,436,188,existing,2770.0622349967543,315,87,436,314,existing,2703.691209747666
316,316,75,437,261,existing,243.75504123531903,316,75,437,116,existing,937.4675431538764,316,75,437,76,allocated,439.7729097706717,316,91,437,233,existing,761.6766158130578,316,90,437,452,existing,822.0389316660024,316,89,437,369,existing,872.5430180078224,316,92,437,567,existing,1139.9496165310293,316,94,437,125,existing,2138.082486122788,316,95,437,315,existing,2154.4887451679074,316,93,437,41,existing,1183.1959747307715,316,87,437,314,existing,2739.7569983261264,316,88,437,314,existing,2739.7569983261264,316,86,437,188,existing,2771.9742974101873
317,317,72,438,369,existing,1029.2125028445048,317,72,438,492,existing,928.5579961140588,317,72,438,438,allocated,0.0,317,90,438,452,existing,978.7084165026847,317,89,438,369,existing,1029.2125028445048,317,91,438,233,existing,1039.0707323556294,317,92,438,567,existing,1358.4943330956771,317,93,438,41,existing,1534.8429309439316,317,95,438,315,existing,2433.076794858183,317,87,438,314,existing,3018.345048016402,317,94,438,125,existing,2345.151092750652,317,88,438,314,existing,3018.345048016402,317,86,438,188,existing,3084.71607326549
318,318,72,439,369,existing,782.5641405962081,318,72,439,492,existing,681.9096338657623,318,72,439,438,allocated,246.6483622482966,318,90,439,452,existing,732.0600542543882,318,89,439,369,existing,782.5641405962081,318,91,439,233,existing,792.422370107333,318,92,439,567,existing,1111.8459708473806,318,87,439,314,existing,2771.6966857681055,318,95,439,315,existing,2186.4284326098864,318,93,439,41,existing,1288.194568695635,318,94,439,125,existing,2098.5027305023555,318,86,439,188,existing,2838.0677110171937,318,88,439,314,existing,2771.6966857681055
319,319,84,440,567,existing,709.8265056364017,319,84,440,62,existing,221.37109342382735,319,84,440,333,allocated,380.71576932724685,319,92,440,567,existing,709.8265056364017,319,91,440,233,existing,923.9186586212656,319,89,440,369,existing,975.0616338832559,319,90,440,452,existing,925.9482903869159,319,93,440,41,existing,976.1602502485109,319,94,440,125,existing,1003.3096770970023,319,95,440,315,existing,1241.548222274533,319,87,440,314,existing,1826.8164754327522,319,88,440,314,existing,1826.8164754327522,319,86,440,188,existing,1893.18750068184
320,320,81,441,125,existing,756.0811819555047,320,81,441,550,existing,561.587384321374,320,81,441,125,allocated,756.0811819555047,320,94,441,125,existing,756.0811819555047,320,95,441,315,existing,1000.5598185105969,320,88,441,314,existing,1238.0240275523108,320,87,441,314,existing,1238.0240275523108,320,92,441,567,existing,2050.025251319993,320,93,441,41,existing,1847.2585742849412,320,91,441,233,existing,2138.487351593996,320,86,441,188,existing,1304.3950528013988,320,90,441,452,existing,2144.4743235794685,320,89,441,369,existing,2194.9784099212884
321,321,81,443,125,existing,976.4944440621896,321,81,443,193,existing,736.2802980135416,321,81,443,192,allocated,299.50790515558265,321,94,443,125,existing,976.4944440621896,321,95,443,315,existing,1249.8007009859098,321,92,443,567,existing,1401.90112319481,321,93,443,41,existing,1295.735355163235,321,88,443,314,existing,1778.690433744165,321,91,443,233,existing,1586.9641324722897,321,89,443,369,existing,1641.9530711733587,321,90,443,452,existing,1591.4489848315388,321,86,443,188,existing,1845.061458993253,321,87,443,314,existing,1778.690433744165
322,322,71,444,367,existing,726.7694608172367,322,71,444,62,existing,437.3994779579259,322,71,444,246,allocated,444.4892594503533,322,89,444,369,existing,756.9748592884423,322,90,444,452,existing,807.4789456302622,322,91,444,233,existing,811.678412501853,322,92,444,567,existing,888.1628329614325,322,88,444,314,existing,2485.5870468145054,322,95,444,315,existing,1900.3187936562863,322,94,444,125,existing,1662.0802484787555,322,93,444,41,existing,1231.8371599919924,322,86,444,188,existing,2551.958072063593,322,87,444,314,existing,2485.5870468145054
323,323,80,445,176,existing,179.94060133643865,323,80,445,116,existing,503.7476983400609,323,80,445,447,allocated,34.29393895033376,323,93,445,41,existing,300.29234329725404,323,91,445,233,existing,591.5211206063088,323,90,445,452,existing,649.5550056678067,323,92,445,567,existing,602.8201275287056,323,95,445,315,existing,951.5795017265001,323,89,445,369,existing,700.0590920096265,323,94,445,125,existing,941.682702624549,323,87,445,314,existing,1536.8477548847193,323,88,445,314,existing,1536.8477548847193,323,86,445,188,existing,1603.2187801338073
324,324,80,446,176,existing,246.79131506520238,324,80,446,116,existing,570.5984120688247,324,80,446,447,allocated,101.1446526790975,324,93,446,41,existing,367.1430570260178,324,91,446,233,existing,658.3718343350725,324,90,446,452,existing,716.4057193965705,324,92,446,567,existing,669.6708412574693,324,94,446,125,existing,1008.5334163533128,324,95,446,315,existing,1018.4302154552638,324,89,446,369,existing,766.9098057383903,324,87,446,314,existing,1603.6984686134829,324,86,446,188,existing,1670.069493862571,324,88,446,314,existing,1603.6984686134829
325,325,80,447,176,existing,214.23454028677241,325,80,447,116,existing,538.0416372903946,325,80,447,447,allocated,0.0,325,93,447,41,existing,334.5862822475878,325,91,447,233,existing,625.8150595566426,325,90,447,452,existing,683.8489446181404,325,92,447,567,existing,637.1140664790394,325,94,447,125,existing,975.9766415748828,325,89,447,369,existing,734.3530309599603,325,95,447,315,existing,985.8734406768339,325,87,447,314,existing,1571.141693835053,325,88,447,314,existing,1571.141693835053,325,86,447,188,existing,1637.512719084141
326,326,80,448,176,existing,210.5985259633013,326,80,448,116,existing,534.4056229669236,326,80,448,447,allocated,131.04080515124184,326,93,448,41,existing,330.9502679241167,326,91,448,233,existing,622.1790452331715,326,92,448,567,existing,633.4780521555682,326,90,448,452,existing,680.2129302946694,326,89,448,369,existing,730.7170166364892,326,94,448,125,existing,972.3406272514118,326,88,448,314,existing,1567.505679511582,326,95,448,315,existing,982.2374263533628,326,87,448,314,existing,1567.505679511582,326,86,448,188,existing,1633.87670476067
327,327,77,449,233,existing,485.8776947961801,327,77,449,116,existing,609.0539011188065,327,77,449,76,allocated,98.72109998788551,327,91,449,233,existing,485.8776947961801,327,90,449,452,existing,546.2400106491248,327,89,449,369,existing,596.7440969909446,327,92,449,567,existing,832.4667129357658,327,94,449,125,existing,1800.9274117250354,327,88,449,314,existing,2402.6019239283737,327,95,449,315,existing,1817.3336707701546,327,93,449,41,existing,854.7823326957016,327,87,449,314,existing,2402.6019239283737,327,86,449,188,existing,2468.9729491774615
328,328,83,450,377,existing,500.4955715276312,328,83,450,550,existing,712.29624446433,328,83,450,450,allocated,0.0,328,88,450,314,existing,772.4802187402747,328,87,450,314,existing,772.4802187402747,328,94,450,125,existing,1152.541293427037,328,86,450,188,existing,1078.3304339584945,328,95,450,315,existing,1208.969538582499,328,93,450,41,existing,2243.718685756474,328,91,450,233,existing,2534.9474630655286,328,92,450,567,existing,2446.485362791526,328,89,450,369,existing,2591.438521392821,328,90,450,452,existing,2540.934435051001
329,329,72,453,369,existing,571.1251597123105,329,72,453,159,existing,820.5689262447978,329,72,453,570,allocated,298.28603266216516,329,90,453,452,existing,520.6210733704905,329,89,453,369,existing,571.1251597123105,329,92,453,567,existing,900.406989963483,329,91,453,233,existing,580.9833892234353,329,95,453,315,existing,1974.9894517259886,329,88,453,314,existing,2560.2577048842077,329,93,453,41,existing,1076.7555878117373,329,94,453,125,existing,1910.3570359142452,329,86,453,188,existing,2626.628730133296,329,87,453,314,existing,2560.2577048842077
330,330,76,454,369,existing,635.180526045319,330,76,454,492,existing,182.06934637904016,330,76,454,246,allocated,59.321036689210686,330,89,454,369,existing,635.180526045319,330,90,454,452,existing,685.6846123871388,330,92,454,567,existing,955.9040367673347,330,91,454,233,existing,740.7601987882972,330,93,454,41,existing,1236.5323973765994,330,94,454,125,existing,1774.2853330451198,330,95,454,315,existing,2012.5238782226502,330,87,454,314,existing,2597.7921313808693,330,88,454,314,existing,2597.7921313808693,330,86,454,188,existing,2664.1631566299575
331,331,76,455,369,existing,446.85808288651197,331,76,455,492,existing,398.0551877519642,331,76,455,349,allocated,90.99672727169002,331,89,455,369,existing,446.85808288651197,331,90,455,452,existing,497.3621692283318,331,92,455,567,existing,775.1111797266476,331,91,455,233,existing,552.4377556294902,331,88,455,314,existing,2524.67680424501,331,93,455,41,existing,1048.2099542177923,331,94,455,125,existing,1761.6695391651422,331,95,455,315,existing,1939.4085510867908,331,86,455,188,existing,2591.0478294940976,331,87,455,314,existing,2524.67680424501
332,332,85,456,187,existing,106.6183269594093,332,85,456,146,existing,127.15985783614009,332,85,456,305,allocated,60.208808182539265,332,86,456,188,existing,237.07108605695487,332,87,456,314,existing,328.1997492519792,332,88,456,314,existing,328.1997492519792,332,95,456,315,existing,414.5681923503523,332,91,456,233,existing,1814.7234419537535,332,92,456,567,existing,1822.2016925667492,332,93,456,41,existing,1523.4946646446988,332,94,456,125,existing,687.0440890050539,332,90,456,452,existing,1868.9365707058505,332,89,456,369,existing,1919.4406570476704
333,333,71,457,367,existing,259.82843726794886,333,71,457,159,existing,296.75559967739594,333,71,457,461,allocated,101.95163980819817,333,90,457,452,existing,340.7275010633445,333,91,457,233,existing,344.7373889525652,333,92,457,567,existing,376.5936633960812,333,89,457,369,existing,381.96557885220426,333,94,457,125,existing,1363.1520228345757,333,87,457,314,existing,2126.1592879144437,333,93,457,41,existing,720.2679904266411,333,95,457,315,existing,1540.8910347562244,333,88,457,314,existing,2126.1592879144437,333,86,457,188,existing,2192.5303131635314
334,334,71,459,367,existing,314.29111340701394,334,71,459,159,existing,351.218275816461,334,71,459,461,allocated,156.41431594726325,334,90,459,452,existing,395.1901772024096,334,91,459,233,existing,399.20006509163034,334,92,459,567,existing,431.05633953514626,334,89,459,369,existing,436.42825499126934,334,94,459,125,existing,1417.6146989736408,334,93,459,41,existing,774.7306665657061,334,95,459,315,existing,1595.3537108952894,334,87,459,314,existing,2180.6219640535087,334,88,459,314,existing,2180.6219640535087,334,86,459,188,existing,2246.9929893025965
335,335,71,460,367,existing,274.1975635502756,335,71,460,159,existing,353.84968110706984,335,71,460,461,allocated,44.85755837852422,335,90,460,452,existing,355.09662734567127,335,91,460,233,existing,359.10651523489196,335,92,460,567,existing,433.6877448257551,335,89,460,369,existing,380.2131154447606,335,94,460,125,existing,1420.2461042642499,335,88,460,314,existing,2183.2533693441173,335,95,460,315,existing,1597.9851161858983,335,93,460,41,existing,777.362071856315,335,87,460,314,existing,2183.2533693441173,335,86,460,188,existing,2249.6243945932056
336,336,71,461,367,existing,303.3680286955393,336,71,461,159,existing,398.7072394855941,336,71,461,461,allocated,0.0,336,89,461,369,existing,335.3555570662364,336,90,461,452,existing,384.26709249093494,336,92,461,567,existing,478.5453032042793,336,91,461,233,existing,388.2769803801557,336,94,461,125,existing,1465.103662642774,336,93,461,41,existing,822.2196302348392,336,95,461,315,existing,1642.8426745644224,336,88,461,314,existing,2228.1109277226415,336,86,461,188,existing,2294.4819529717297,336,87,461,314,existing,2228.1109277226415
337,337,71,465,367,existing,164.41986244112815,337,71,465,159,existing,392.16417450421665,337,71,465,464,allocated,84.90916085420693,337,90,465,452,existing,245.31892623652377,337,91,465,233,existing,249.3288141257445,337,92,465,567,existing,472.0022382229019,337,89,465,369,existing,286.55700402538355,337,88,465,314,existing,2221.5678627412644,337,94,465,125,existing,1458.5605976613965,337,93,465,41,existing,745.1010127140466,337,95,465,315,existing,1636.299609583045,337,87,465,314,existing,2221.5678627412644,337,86,465,188,existing,2287.938887990352
338,338,71,467,367,existing,287.4494990151587,338,71,467,159,existing,414.62576916597465,338,71,467,461,allocated,15.918529680380576,338,89,467,369,existing,319.4370273858558,338,90,467,452,existing,368.34856281055437,338,91,467,233,existing,372.35845069977506,338,92,467,567,existing,494.4638328846599,338,95,467,315,existing,1658.7612042448031,338,93,467,41,existing,838.1381599152198,338,87,467,314,existing,2244.029457403022,338,94,467,125,existing,1481.0221923231545,338,88,467,314,existing,2244.029457403022,338,86,467,188,existing,2310.4004826521104
339,339,71,469,367,existing,447.84784801073715,339,71,469,62,existing,341.37211951042934,339,71,469,246,allocated,268.8021128371431,339,89,469,369,existing,478.0532464819428,339,90,469,452,existing,528.5573328237626,339,91,469,233,existing,532.7567996953535,339,92,469,567,existing,747.671593753474,339,93,469,41,existing,1028.5289982836557,339,95,469,315,existing,1804.2914352087896,339,94,469,125,existing,1566.052890031259,339,87,469,314,existing,2389.5596883670087,339,86,469,188,existing,2455.930713616097,339,88,469,314,existing,2389.5596883670087
340,340,72,470,369,existing,232.9335568104561,340,72,470,159,existing,481.34858993190653,340,72,470,464,allocated,83.94396306833843,340,89,470,369,existing,232.9335568104561,340,90,470,452,existing,283.437643152276,340,91,470,233,existing,338.51322955343437,340,92,470,567,existing,561.1866536505918,340,88,470,314,existing,2310.752278168954,340,95,470,315,existing,1725.484025010735,340,93,470,41,existing,834.2854281417365,340,94,470,125,existing,1547.7450130890863,340,87,470,314,existing,2310.752278168954,340,86,470,188,existing,2377.1233034180423
341,341,81,471,125,existing,50.41077960457806,341,81,471,471,existing,0.0,341,81,471,125,allocated,50.41077960457806,341,94,471,125,existing,50.41077960457806,341,95,471,315,existing,327.2106554366856,341,88,471,314,existing,905.7500042596013,341,87,471,314,existing,905.7500042596013,341,92,471,567,existing,1378.0620198378124,341,86,471,188,existing,972.1210295086892,341,93,471,41,existing,1142.9309928538055,341,91,471,233,existing,1434.1597701628602,341,89,471,369,existing,1490.6508284901527,341,90,471,452,existing,1440.1467421483326
342,342,82,472,315,existing,813.1405945670513,342,82,472,480,existing,468.67903509116314,342,82,472,145,allocated,571.2017006505495,342,95,472,315,existing,813.1405945670513,342,94,472,125,existing,839.3988770606499,342,86,472,188,existing,1041.1642547478552,342,88,472,314,existing,1132.2929179428797,342,92,472,567,existing,1967.8275762870417,342,93,472,41,existing,1669.1205483649915,342,91,472,233,existing,1960.349325674046,342,87,472,314,existing,1132.2929179428797,342,90,472,452,existing,2014.5624544261427,342,89,472,369,existing,2065.0665407679626
343,343,82,473,315,existing,775.5658982704649,343,82,473,480,existing,562.8741267173978,343,82,473,145,allocated,665.3967922767841,343,95,473,315,existing,775.5658982704649,343,94,473,125,existing,801.8241807640636,343,86,473,188,existing,1135.35934637409,343,88,473,314,existing,1226.4880095691144,343,92,473,567,existing,1930.2528799904555,343,93,473,41,existing,1631.545852068405,343,91,473,233,existing,1922.7746293774599,343,87,473,314,existing,1226.4880095691144,343,90,473,452,existing,1976.9877581295568,343,89,473,369,existing,2027.4918444713767
344,344,73,474,188,existing,556.6694204547075,344,73,474,480,existing,359.37563616845347,344,73,474,69,allocated,152.30705490628378,344,86,474,188,existing,556.6694204547075,344,88,474,314,existing,678.6985050985513,344,95,474,315,existing,1061.9996496839124,344,87,474,314,existing,678.6985050985513,344,92,474,567,existing,2216.6866314039025,344,91,474,233,existing,2209.208380790907,344,93,474,41,existing,1917.9796034818523,344,94,474,125,existing,1088.257932177511,344,89,474,369,existing,2313.925595884824,344,90,474,452,existing,2263.421509543004
345,345,73,475,188,existing,606.0204347664359,345,73,475,480,existing,338.86220177431665,345,73,475,69,allocated,201.65806921801217,345,86,475,188,existing,606.0204347664359,345,87,475,314,existing,728.0495194102797,345,88,475,314,existing,728.0495194102797,345,95,475,315,existing,1088.8445277244064,345,91,475,233,existing,2248.3428329087155,345,94,475,125,existing,1127.3923842953195,345,92,475,567,existing,2255.8210835217114,345,93,475,41,existing,1957.1140555996612,345,89,475,369,existing,2353.0600480026324,345,90,475,452,existing,2302.5559616608125
346,346,73,476,188,existing,467.8915290882915,346,73,476,480,existing,448.1535275348694,346,73,476,69,allocated,63.529163539867845,346,86,476,188,existing,467.8915290882915,346,88,476,314,existing,589.9206137321354,346,95,476,315,existing,1119.5308074955988,346,87,476,314,existing,589.9206137321354,346,91,476,233,existing,2297.9862721573227,346,93,476,41,existing,2006.7574948482684,346,92,476,567,existing,2305.4645227703186,346,94,476,125,existing,1177.0358235439269,346,90,476,452,existing,2352.1994009094196,346,89,476,369,existing,2402.7034872512395
347,347,73,477,188,existing,397.66010584792804,347,73,477,480,existing,663.8194014288995,347,73,477,541,allocated,11.060274514549528,347,86,477,188,existing,397.66010584792804,347,88,477,314,existing,519.6891904917719,347,87,477,314,existing,519.6891904917719,347,95,477,315,existing,1049.2993842552353,347,91,477,233,existing,2449.4546338586365,347,92,477,567,existing,2456.932884471632,347,94,477,125,existing,1321.775280909937,347,93,477,41,existing,2158.2258565495817,347,89,477,369,existing,2554.1718489525533,347,90,477,452,existing,2503.6677626107335
348,348,85,478,187,existing,504.3410059514527,348,85,478,480,existing,62.308545392306144,348,85,478,145,allocated,164.8312109516925,348,86,478,188,existing,634.7937650489982,348,87,478,314,existing,725.9224282440226,348,88,478,314,existing,725.9224282440226,348,95,478,315,existing,764.932558907765,348,92,478,567,existing,1919.6195406277554,348,93,478,41,existing,1620.912512705705,348,94,478,125,existing,791.1908414013636,348,91,478,233,existing,1912.1412900147598,348,89,478,369,existing,2016.8585051086766,348,90,478,452,existing,1966.3544187668567
349,349,85,479,187,existing,753.7677550073992,349,85,479,480,existing,311.73529444825255,349,85,479,145,allocated,414.25796000763887,349,86,479,188,existing,884.2205141049446,349,88,479,314,existing,975.349177299969,349,95,479,315,existing,1014.3593079637114,349,87,479,314,existing,975.349177299969,349,94,479,125,existing,1040.6175904573101,349,93,479,41,existing,1870.3392617616514,349,92,479,567,existing,2169.0462896837016,349,91,479,233,existing,2161.568039070706,349,89,479,369,existing,2266.285254164623,349,90,479,452,existing,2215.781167822803
350,350,85,480,187,existing,442.03246055914656,350,85,480,480,existing,0.0,350,85,480,145,allocated,102.52266555938635,350,86,480,188,existing,572.4852196566922,350,87,480,314,existing,663.6138828517164,350,88,480,314,existing,663.6138828517164,350,95,480,315,existing,749.9823259500895,350,94,480,125,existing,788.5301825210029,350,92,480,567,existing,1916.9588817473948,350,93,480,41,existing,1618.2518538253444,350,91,480,233,existing,1909.4806311343991,350,89,480,369,existing,2014.197846228316,350,90,480,452,existing,1963.693759886496
351,351,73,481,188,existing,221.86380843239027,351,73,481,146,existing,344.43259267915147,351,73,481,486,allocated,107.92843037587083,351,86,481,188,existing,221.86380843239027,351,88,481,314,existing,343.89289307623415,351,95,481,315,existing,665.9237599603368,351,87,481,314,existing,343.89289307623415,351,93,481,41,existing,1774.8502322546833,351,91,481,233,existing,2066.079009563738,351,92,481,567,existing,2073.5572601767335,351,94,481,125,existing,938.3996566150385,351,89,481,369,existing,2170.796224657655,351,90,481,452,existing,2120.292138315835
352,352,85,482,187,existing,216.98953350428593,352,85,482,146,existing,16.788651291263463,352,85,482,482,allocated,0.0,352,86,482,188,existing,347.4422926018315,352,87,482,314,existing,438.57095579685586,352,88,482,314,existing,438.57095579685586,352,95,482,315,existing,524.9393988952289,352,94,482,125,existing,797.4152955499305,352,93,482,41,existing,1633.8658711895755,352,92,482,567,existing,1932.572899111626,352,91,482,233,existing,1925.0946484986302,352,90,482,452,existing,1979.3077772507272,352,89,482,369,existing,2029.811863592547
353,353,80,484,176,existing,673.7180851840365,353,80,484,193,existing,613.2078617631487,353,80,484,220,allocated,332.9354871282629,353,93,484,41,existing,794.0698271448518,353,94,484,125,existing,906.1941893280518,353,95,484,315,existing,916.0909884300029,353,91,484,233,existing,1085.2986044539066,353,90,484,452,existing,1143.3324895154044,353,92,484,567,existing,1096.5976113763033,353,89,484,369,existing,1193.8365758572243,353,88,484,314,existing,1501.3592415882222,353,87,484,314,existing,1501.3592415882222,353,86,484,188,existing,1567.73026683731
354,354,82,485,315,existing,231.94102409329642,354,82,485,471,existing,306.20516103357556,354,82,485,124,allocated,155.21975107435512,354,95,485,315,existing,231.94102409329642,354,94,485,125,existing,258.1993065868951,354,87,485,314,existing,817.2092772515156,354,88,485,314,existing,817.2092772515156,354,86,485,188,existing,883.5803025006035,354,91,485,233,existing,1379.1497552002913,354,93,485,41,existing,1087.9209778912368,354,92,485,567,existing,1386.628005813287,354,90,485,452,existing,1433.362883952388,354,89,485,369,existing,1483.8669702942082
355,355,85,486,187,existing,250.04546419352303,355,85,486,146,existing,236.50416230328065,355,85,486,486,allocated,0.0,355,86,486,188,existing,329.7922388082611,355,87,486,314,existing,451.821323452105,355,95,486,315,existing,557.995329584466,355,88,486,314,existing,451.821323452105,355,94,486,125,existing,830.4712262391677,355,92,486,567,existing,1965.628829800863,355,91,486,233,existing,1958.1505791878674,355,93,486,41,existing,1666.9218018788129,355,90,486,452,existing,2012.3637079399641,355,89,486,369,existing,2062.867794281784
356,356,85,487,187,existing,182.5610112365427,356,85,487,146,existing,169.01970934630032,356,85,487,486,allocated,67.48445295698033,356,86,487,188,existing,313.01377033408824,356,88,487,314,existing,404.1424335291126,356,95,487,315,existing,490.5108766274857,356,87,487,314,existing,404.1424335291126,356,91,487,233,existing,1890.666126230887,356,93,487,41,existing,1599.4373489218324,356,94,487,125,existing,762.9867732821873,356,92,487,567,existing,1898.1443768438826,356,90,487,452,existing,1944.8792549829836,356,89,487,369,existing,1995.3833413248037
357,357,71,488,367,existing,1308.0879934155657,357,71,488,502,existing,434.14521584342776,357,71,488,85,allocated,146.90372477184306,357,89,488,369,existing,1336.6953006769936,357,90,488,452,existing,1387.1993870188135,357,91,488,233,existing,1392.996945100182,357,92,488,567,existing,1423.9666971852475,357,93,488,41,existing,1739.6752292375074,357,95,488,315,existing,1905.6618169795288,357,88,488,314,existing,2434.551549737784,357,94,488,125,existing,1632.3555600558086,357,87,488,314,existing,2434.551549737784,357,86,488,188,existing,2500.922574986872
358,358,71,491,367,existing,738.3169135380366,358,71,491,62,existing,376.0300771653716,358,71,491,461,allocated,434.9488848424973,358,89,491,369,existing,770.3044419087337,358,90,491,452,existing,819.2159773334322,358,92,491,567,existing,826.7934321688783,358,91,491,233,existing,823.2258652226529,358,95,491,315,existing,1838.9493928637316,358,93,491,41,existing,1170.4677591994382,358,87,491,314,existing,2424.217646021951,358,94,491,125,existing,1600.7108476862013,358,88,491,314,existing,2424.217646021951,358,86,491,188,existing,2490.588671271039
359,359,72,492,369,existing,817.2498724243592,359,72,492,492,existing,0.0,359,72,492,246,allocated,241.39038306825086,359,89,492,369,existing,817.2498724243592,359,90,492,452,existing,867.753958766179,359,91,492,233,existing,922.8295451673374,359,92,492,567,existing,1137.973383146375,359,94,492,125,existing,1956.35467942416,359,93,492,41,existing,1418.6017437556395,359,95,492,315,existing,2194.5932246016905,359,88,492,314,existing,2779.8614777599096,359,87,492,314,existing,2779.8614777599096,359,86,492,188,existing,2846.232503008998
360,360,72,493,369,existing,682.6203185243764,360,72,493,492,existing,781.8534559375939,360,72,493,570,allocated,186.7908738500992,360,90,493,452,existing,632.1162321825565,360,89,493,369,existing,682.6203185243764,360,91,493,233,existing,692.4785480355013,360,92,493,567,existing,1011.902148775549,360,95,493,315,existing,2086.4846105380548,360,93,493,41,existing,1188.2507466238035,360,94,493,125,existing,2021.8521947263112,360,88,493,314,existing,2671.752863696274,360,87,493,314,existing,2671.752863696274,360,86,493,188,existing,2738.1238889453616
361,361,76,494,369,existing,1278.2296803086754,361,76,494,502,existing,373.83667217765196,361,76,494,121,allocated,372.0978729821513,361,89,494,369,existing,1278.2296803086754,361,90,494,452,existing,1328.7337666504952,361,92,494,567,existing,1562.9787881282557,361,91,494,233,existing,1383.8093530516535,361,93,494,41,existing,1879.5815516399557,361,88,494,314,existing,2959.856255954579,361,94,494,125,existing,2154.073615065183,361,95,494,315,existing,2430.87349089729,361,87,494,314,existing,2959.856255954579,361,86,494,188,existing,3026.2272812036667
362,362,76,495,369,existing,694.9106793515551,362,76,495,492,existing,593.1290389935924,362,76,495,438,allocated,335.42895712046646,362,89,495,369,existing,694.9106793515551,362,90,495,452,existing,745.414765693375,362,91,495,233,existing,800.4903520945335,362,92,495,567,existing,1023.1637761916909,362,94,495,125,existing,2009.7221356301854,362,93,495,41,existing,1296.2625506828356,362,95,495,315,existing,2187.461147551834,362,87,495,314,existing,2772.729400710053,362,88,495,314,existing,2772.729400710053,362,86,495,188,existing,2839.100425959141
363,363,72,496,369,existing,593.3568586723651,363,72,496,159,existing,842.8006252048524,363,72,496,570,allocated,276.05433370211057,363,90,496,452,existing,542.8527723305451,363,89,496,369,existing,593.3568586723651,363,91,496,233,existing,603.2150881834899,363,92,496,567,existing,922.6386889235376,363,94,496,125,existing,1932.5887348743,363,88,496,314,existing,2582.4894038442626,363,93,496,41,existing,1098.987286771792,363,95,496,315,existing,1997.2211506860435,363,87,496,314,existing,2582.4894038442626,363,86,496,188,existing,2648.860429093351
364,364,75,497,261,existing,428.6919182900232,364,75,497,116,existing,752.5306660991722,364,75,497,76,allocated,254.8360327159675,364,91,497,233,existing,576.7397387583536,364,90,497,452,existing,637.1020546112983,364,89,497,369,existing,687.6061409531183,364,92,497,567,existing,955.0127394763251,364,94,497,125,existing,1953.1456090680838,364,88,497,314,existing,2554.820121271422,364,93,497,41,existing,998.2590976760672,364,95,497,315,existing,1969.551868113203,364,87,497,314,existing,2554.820121271422,364,86,497,188,existing,2621.1911465205103
365,365,76,498,369,existing,833.7054435640943,365,76,498,492,existing,454.3342747810533,365,76,498,438,allocated,474.2237213330056,365,89,498,369,existing,833.7054435640943,365,90,498,452,existing,884.2095299059141,365,92,498,567,existing,1161.95854040423,365,91,498,233,existing,939.2851163070726,365,94,498,125,existing,2148.5168998427243,365,95,498,315,existing,2326.255911764373,365,87,498,314,existing,2911.5241649225923,365,93,498,41,existing,1435.0573148953747,365,86,498,188,existing,2977.89519017168,365,88,498,314,existing,2911.5241649225923
366,366,83,499,377,existing,36.58475560050277,366,83,499,550,existing,409.20542491466983,366,83,499,547,allocated,63.01437930034153,366,87,499,314,existing,551.8241866057409,366,88,499,314,existing,551.8241866057409,366,86,499,188,existing,704.7565339894065,366,95,499,315,existing,713.4226690705377,366,93,499,41,existing,1815.608270149416,366,94,499,125,existing,748.1659652773262,366,92,499,567,existing,2042.110034641815,366,91,499,233,existing,2106.837047458471,366,89,499,369,existing,2163.3281057857635,366,90,499,452,existing,2112.8240194439436
367,367,85,500,187,existing,27.868482737353126,367,85,500,146,existing,205.90970205819627,367,85,500,305,allocated,138.95865240459543,367,87,500,314,existing,249.44990502992303,367,88,500,314,existing,249.44990502992303,367,86,500,188,existing,315.820930279011,367,95,500,315,existing,335.8183481282961,367,91,500,233,existing,1735.9735977316975,367,93,500,41,existing,1444.744820422643,367,94,500,125,existing,608.2942447829978,367,90,500,452,existing,1790.1867264837942,367,92,500,567,existing,1743.4518483446932,367,89,500,369,existing,1840.6908128256143
368,368,85,504,187,existing,16.19147554771046,368,85,504,146,existing,248.36458535288216,368,85,504,30,existing,134.87863122576994,368,88,504,314,existing,291.90478832460894,368,87,504,314,existing,291.90478832460894,368,95,504,315,existing,350.21486263358076,368,86,504,188,existing,358.2758135736969,368,94,504,125,existing,565.8393614883119,368,91,504,233,existing,1743.629241021514,368,93,504,41,existing,1452.4004637124592,368,92,504,567,existing,1702.8813348678852,368,89,504,369,existing,1800.1202993488064,368,90,504,452,existing,1749.6162130069865
369,369,80,515,176,existing,479.21815959154804,369,80,515,116,existing,334.5749004781526,369,80,515,366,allocated,261.692967290038,369,93,515,41,existing,521.272118792948,369,91,515,233,existing,850.7906238692715,369,90,515,452,existing,908.8245089307695,369,92,515,567,existing,862.0896307916684,369,95,515,315,existing,1305.9726763807598,369,88,515,314,existing,1891.240929538979,369,89,515,369,existing,959.3285952725894,369,94,515,125,existing,1296.0758772788085,369,86,515,188,existing,1957.611954788067,369,87,515,314,existing,1891.240929538979
370,370,71,516,367,existing,716.0614597652448,370,71,516,502,existing,209.67149535843544,370,71,516,246,allocated,137.45888903476282,370,89,516,369,existing,744.6687670266726,370,90,516,452,existing,795.1728533684925,370,91,516,233,existing,800.9704114498612,370,92,516,567,existing,979.4706205921683,370,93,516,41,existing,1296.7426100381633,370,87,516,314,existing,2617.8469137178504,370,94,516,125,existing,1794.3401153821005,370,95,516,315,existing,2032.5786605596313,370,86,516,188,existing,2684.217938966938,370,88,516,314,existing,2617.8469137178504
371,371,81,531,125,existing,294.2367636375873,371,81,531,471,existing,344.6475432421654,371,81,531,234,existing,18.140199504553333,371,94,531,125,existing,294.2367636375873,371,95,531,315,existing,303.771152567639,371,88,531,314,existing,889.0394057258582,371,93,531,41,existing,805.1553197267077,371,91,531,233,existing,1096.3840970357624,371,87,531,314,existing,889.0394057258582,371,86,531,188,existing,955.4104309749462,371,92,531,567,existing,1103.862347648758,371,90,531,452,existing,1150.5972257878593,371,89,531,369,existing,1201.1013121296792
372,372,83,532,377,existing,169.68098080348557,372,83,532,550,existing,244.47314612685423,372,83,532,547,allocated,227.74665808815718,372,94,532,125,existing,684.7181950895614,372,88,532,314,existing,684.9204118087237,372,95,532,315,existing,797.9379390419859,372,87,532,314,existing,684.9204118087237,372,93,532,41,existing,1775.895587418998,372,92,532,567,existing,1978.6622644540503,372,91,532,233,existing,2067.1243647280526,372,86,532,188,existing,798.4167120720623,372,89,532,369,existing,2123.615423055345,372,90,532,452,existing,2073.1113367135254
373,373,83,533,377,existing,195.69383955341482,373,83,533,550,existing,218.46028737692498,373,83,533,547,allocated,237.50283919393544,373,94,533,125,existing,658.7053363396321,373,88,533,314,existing,706.032828073045,373,95,533,315,existing,771.9250802920567,373,87,533,314,existing,706.032828073045,373,91,533,233,existing,2041.1115059781234,373,92,533,567,existing,1952.649405704121,373,86,533,188,existing,772.403853322133,373,93,533,41,existing,1749.8827286690687,373,90,533,452,existing,2047.098477963596,373,89,533,369,existing,2097.602564305416
374,374,81,534,125,existing,854.9831158477875,374,81,534,193,existing,619.8314641202041,374,81,534,192,allocated,183.05907126224517,374,94,534,125,existing,854.9831158477875,374,95,534,315,existing,1128.2893727715077,374,92,534,567,existing,1319.3283617455954,374,93,534,41,existing,1213.1625937140204,374,91,534,233,existing,1504.3913710230752,374,89,534,369,existing,1559.3803097241441,374,88,534,314,existing,1657.179105529763,374,90,534,452,existing,1508.876223382324,374,87,534,314,existing,1657.179105529763,374,86,534,188,existing,1723.550130778851
375,375,80,536,176,existing,415.1912340062672,375,80,536,193,existing,505.88297834401624,375,80,536,536,allocated,0.0,375,93,536,41,existing,509.30895798353424,375,92,536,567,existing,706.2736922432282,375,91,536,233,existing,800.5377352925891,375,90,536,452,existing,805.022587651838,375,88,536,314,existing,1601.9895471759032,375,89,536,369,existing,855.526673993658,375,94,536,125,existing,929.7812483241543,375,95,536,315,existing,1016.7212940176839,375,86,536,188,existing,1668.3605724249912,375,87,536,314,existing,1601.9895471759032
376,376,80,537,176,existing,345.2229523697637,376,80,537,193,existing,435.9146967075127,376,80,537,536,allocated,69.96828163650353,376,93,537,41,existing,439.3406763470307,376,92,537,567,existing,636.3054106067246,376,91,537,233,existing,730.5694536560854,376,90,537,452,existing,735.0543060153345,376,88,537,314,existing,1532.0212655393996,376,89,537,369,existing,785.5583923571544,376,95,537,315,existing,946.7530123811805,376,94,537,125,existing,859.8129666876507,376,87,537,314,existing,1532.0212655393996,376,86,537,188,existing,1598.3922907884876
377,377,84,538,567,existing,741.0989851682231,377,84,538,62,existing,290.3356301647164,377,84,538,333,allocated,464.62809159268915,377,92,538,567,existing,741.0989851682231,377,89,538,369,existing,855.9988889093888,377,90,538,452,existing,904.9104243340873,377,91,538,233,existing,908.9203122233081,377,88,538,314,existing,2338.523199021296,377,94,538,125,existing,1515.0164006855462,377,93,538,41,existing,1084.773312198783,377,95,538,315,existing,1753.2549458630765,377,86,538,188,existing,2404.894224270384,377,87,538,314,existing,2338.523199021296
378,378,75,539,261,existing,558.4240678321326,378,75,539,116,existing,897.2585096741243,378,75,539,76,allocated,488.85652080077625,378,91,539,233,existing,1068.4825039504835,378,90,539,452,existing,1128.8448198034282,378,92,539,567,existing,1140.3707309228053,378,93,539,41,existing,1142.9869412510195,378,94,539,125,existing,2014.8706830520198,378,95,539,315,existing,2024.7674821539708,378,87,539,314,existing,2610.03573531219,378,89,539,369,existing,1179.348906145248,378,86,539,188,existing,2676.406760561278,378,88,539,314,existing,2610.03573531219
379,379,71,540,367,existing,381.8080002907161,379,71,540,159,existing,418.7351627001632,379,71,540,461,allocated,223.93120283096545,379,90,540,452,existing,462.7070640861117,379,91,540,233,existing,466.71695197533245,379,92,540,567,existing,498.57322641884844,379,89,540,369,existing,503.9451418749715,379,94,540,125,existing,1485.131585857343,379,87,540,314,existing,2248.138850937211,379,93,540,41,existing,842.2475534494083,379,95,540,315,existing,1662.8705977789916,379,88,540,314,existing,2248.138850937211,379,86,540,188,existing,2314.5098761862987
380,380,73,541,188,existing,408.72038036247756,380,73,541,480,existing,674.879675943449,380,73,541,541,allocated,0.0,380,86,541,188,existing,408.72038036247756,380,88,541,314,existing,530.7494650063214,380,95,541,315,existing,1060.3596587697848,380,87,541,314,existing,530.7494650063214,380,94,541,125,existing,1332.8355554244863,380,93,541,41,existing,2169.2861310641315,380,91,541,233,existing,2460.514908373186,380,92,541,567,existing,2467.9931589861817,380,90,541,452,existing,2514.7280371252828,380,89,541,369,existing,2565.2321234671026
381,381,80,542,176,existing,217.6354135443694,381,80,542,193,existing,455.3245169472207,381,80,542,536,allocated,197.55582046189778,381,93,542,41,existing,337.9871555051848,381,92,542,567,existing,588.4680266606108,381,91,542,233,existing,629.2159328142395,381,90,542,452,existing,635.202904799712,381,89,542,369,existing,685.706991141532,381,94,542,125,existing,754.5330577440427,381,95,542,315,existing,819.1654735557862,381,87,542,314,existing,1404.4337267140054,381,88,542,314,existing,1404.4337267140054,381,86,542,188,existing,1470.8047519630934
382,382,73,543,188,existing,502.5141443042063,382,73,543,480,existing,768.6734398851777,382,73,543,541,allocated,93.79376394172873,382,86,543,188,existing,502.5141443042063,382,87,543,314,existing,624.5432289480501,382,88,543,314,existing,624.5432289480501,382,95,543,315,existing,1154.1534227115135,382,93,543,41,existing,2263.07989500586,382,91,543,233,existing,2554.3086723149145,382,94,543,125,existing,1426.629319366215,382,92,543,567,existing,2561.7869229279104,382,89,543,369,existing,2659.0258874088313,382,90,543,452,existing,2608.5218010670114
383,383,73,545,188,existing,519.1057201553652,383,73,545,1,existing,254.25224594437935,383,73,545,371,existing,272.570962072797,383,86,545,188,existing,519.1057201553652,383,87,545,314,existing,641.1348047992091,383,88,545,314,existing,641.1348047992091,383,95,545,315,existing,1170.7449985626724,383,94,545,125,existing,1443.2208952173742,383,91,545,233,existing,2570.9002481660737,383,93,545,41,existing,2279.671470857019,383,92,545,567,existing,2578.3784987790696,383,89,545,369,existing,2675.6174632599905,383,90,545,452,existing,2625.1133769181706
384,384,83,547,377,existing,99.59913490084429,384,83,547,550,existing,365.2536653817406,384,83,547,547,allocated,0.0,384,87,547,314,existing,584.5160375511846,384,88,547,314,existing,584.5160375511846,384,95,547,315,existing,650.4082897701962,384,86,547,188,existing,650.8870628002726,384,93,547,41,existing,1752.5938908490746,384,94,547,125,existing,685.1515859769847,384,92,547,567,existing,1979.0956553414735,384,91,547,233,existing,2043.8226681581293,384,90,547,452,existing,2049.809640143602,384,89,547,369,existing,2100.3137264854217
385,385,85,548,187,existing,799.9606042233099,385,85,548,480,existing,357.92814366416326,385,85,548,145,allocated,460.45080922354964,385,86,548,188,existing,930.4133633208555,385,87,548,314,existing,1021.5420265158798,385,88,548,314,existing,1021.5420265158798,385,95,548,315,existing,1060.552157179622,385,94,548,125,existing,1086.8104396732208,385,91,548,233,existing,2207.760888286617,385,92,548,567,existing,2215.2391388996125,385,93,548,41,existing,1916.5321109775623,385,90,548,452,existing,2261.9740170387136,385,89,548,369,existing,2312.478103380534
386,386,80,549,176,existing,571.4623969247881,386,80,549,116,existing,426.8191378113927,386,80,549,366,allocated,353.93720462327803,386,93,549,41,existing,613.516356126188,386,91,549,233,existing,943.0348612025116,386,90,549,452,existing,1001.0687462640095,386,92,549,567,existing,954.3338681249083,386,94,549,125,existing,1394.7389769147067,386,87,549,314,existing,1989.904029174877,386,89,549,369,existing,1051.5728326058295,386,95,549,315,existing,1404.635776016658,386,88,549,314,existing,1989.904029174877,386,86,549,188,existing,2056.2750544239652
387,387,84,551,567,existing,855.1801550055636,387,84,551,62,existing,366.72474279298916,387,84,551,333,allocated,269.6658401751392,387,92,551,567,existing,855.1801550055636,387,91,551,233,existing,1069.2723079904274,387,90,551,452,existing,1071.3019397560777,387,89,551,369,existing,1120.4152832524178,387,93,551,41,existing,1163.3836525235604,387,94,551,125,existing,1591.4055133138188,387,95,551,315,existing,1829.6440584913494,387,88,551,314,existing,2414.9123116495684,387,87,551,314,existing,2414.9123116495684,387,86,551,188,existing,2481.2833368986567
388,388,83,552,377,existing,158.6153508275319,388,83,552,550,existing,370.41602376423066,388,83,552,547,allocated,216.68102811220348,388,88,552,314,existing,673.8547818327701,388,87,552,314,existing,673.8547818327701,388,86,552,188,existing,858.4231828012685,388,94,552,125,existing,810.6610727269378,388,93,552,41,existing,1901.8384650563744,388,92,552,567,existing,2104.6051420914264,388,91,552,233,existing,2193.067242365429,388,95,552,315,existing,867.0893178823997,388,90,552,452,existing,2199.0542143509015,388,89,552,369,existing,2249.558300692722
389,389,83,553,377,existing,186.42607966522363,389,83,553,550,existing,398.2267526019224,389,83,553,547,allocated,244.4917569498952,389,87,553,314,existing,701.6655106704618,389,88,553,314,existing,701.6655106704618,389,94,553,125,existing,838.4718015646296,389,86,553,188,existing,886.2339116389602,389,93,553,41,existing,1929.6491938940662,389,92,553,567,existing,2132.4158709291182,389,91,553,233,existing,2220.877971203121,389,95,553,315,existing,894.9000467200914,389,89,553,369,existing,2277.3690295304136,389,90,553,452,existing,2226.8649431885933
390,390,80,554,176,existing,817.303740597633,390,80,554,193,existing,756.7935171767452,390,80,554,220,allocated,189.34983171466635,390,93,554,41,existing,937.6554825584484,390,94,554,125,existing,1049.7798447416483,390,91,554,233,existing,1228.8842598675033,390,95,554,315,existing,1059.6766438435993,390,92,554,567,existing,1240.1832667898998,390,89,554,369,existing,1337.422231270821,390,90,554,452,existing,1286.918144929001,390,88,554,314,existing,1644.9448970018186,390,87,554,314,existing,1644.9448970018186,390,86,554,188,existing,1711.3159222509066
391,391,80,555,176,existing,808.2093469095331,391,80,555,193,existing,747.6991234886453,391,80,555,220,allocated,170.4136502362927,391,93,555,41,existing,928.5610888703485,391,94,555,125,existing,1040.6854510535486,391,95,555,315,existing,1050.5822501554994,391,91,555,233,existing,1219.7898661794034,391,92,555,567,existing,1231.0888731018,391,89,555,369,existing,1328.327837582721,391,90,555,452,existing,1277.8237512409012,391,88,555,314,existing,1635.8505033137187,391,87,555,314,existing,1635.8505033137187,391,86,555,188,existing,1702.2215285628067
392,392,80,558,176,existing,870.7057240841982,392,80,558,62,existing,422.9047502080201,392,80,558,333,allocated,582.2494261114396,392,92,558,567,existing,911.3601624205945,392,93,558,41,existing,964.8234480614653,392,94,558,125,existing,991.9728749099565,392,91,558,233,existing,1125.4523154054584,392,88,558,314,existing,1815.4796732457064,392,95,558,315,existing,1230.211420087487,392,90,558,452,existing,1127.4819471711087,392,89,558,369,existing,1176.5952906674488,392,86,558,188,existing,1881.8506984947944,392,87,558,314,existing,1815.4796732457064
393,393,80,559,176,existing,104.89379692183795,393,80,559,159,existing,360.5545948422342,393,80,559,218,allocated,19.54160410321729,393,93,559,41,existing,191.4139070317169,393,92,559,567,existing,440.3926585609195,393,91,559,233,existing,482.64268434077167,393,90,559,452,existing,487.12753670002064,393,95,559,315,existing,1046.8500468628379,393,94,559,125,existing,982.2176310510944,393,89,559,369,existing,537.6316230418406,393,87,559,314,existing,1632.1183000210572,393,88,559,314,existing,1632.1183000210572,393,86,559,188,existing,1698.489325270145
394,394,81,560,125,existing,1038.3682781932569,394,81,560,62,existing,702.2826300698223,394,81,560,192,allocated,355.15320772739204,394,94,560,125,existing,1038.3682781932569,394,92,560,567,existing,1190.7380422823967,394,95,560,315,existing,1315.1681540253644,394,93,560,41,existing,1227.7415555292123,394,91,560,233,existing,1404.8301952672605,394,89,560,369,existing,1455.9731705292506,394,88,560,314,existing,1844.150919082653,394,90,560,452,existing,1406.8598270329107,394,87,560,314,existing,1844.150919082653,394,86,560,188,existing,1910.521944331741
395,395,71,563,367,existing,1028.1926523777972,395,71,563,502,existing,298.83842625972534,395,71,563,328,allocated,334.565998712689,395,89,563,369,existing,1056.799959639225,395,90,563,452,existing,1107.304045981045,395,91,563,233,existing,1113.1016040624136,395,92,563,567,existing,1226.5535689466278,395,93,563,41,existing,1570.2278959771877,395,95,563,315,existing,2030.0079985448313,395,88,563,314,existing,2558.9907636021194,395,94,563,125,existing,1753.2081227127237,395,86,563,188,existing,2625.361788851207,395,87,563,314,existing,2558.9907636021194
396,396,71,564,367,existing,983.3712518995794,396,71,564,502,existing,254.01702578150758,396,71,564,328,allocated,289.74459823447125,396,89,564,369,existing,1011.9785591610073,396,90,564,452,existing,1062.4826455028272,396,91,564,233,existing,1068.280203584196,396,92,564,567,existing,1181.73216846841,396,93,564,41,existing,1525.40649549897,396,95,564,315,existing,1985.1865980666134,396,88,564,314,existing,2514.169363123902,396,94,564,125,existing,1708.386722234506,396,86,564,188,existing,2580.5403883729896,396,87,564,314,existing,2514.169363123902
397,397,71,565,367,existing,870.4385100957415,397,71,565,502,existing,339.96279286856486,397,71,565,246,allocated,291.83593936525966,397,89,565,369,existing,899.0458173571694,397,90,565,452,existing,949.5499036989893,397,91,565,233,existing,955.347461780358,397,92,565,567,existing,1082.1550944652863,397,95,565,315,existing,2094.31105516014,397,94,565,125,existing,1821.3194640383438,397,87,565,314,existing,2627.1021049277397,397,93,565,41,existing,1425.8294214958462,397,86,565,188,existing,2693.4731301768275,397,88,565,314,existing,2627.1021049277397
398,398,84,567,567,existing,0.0,398,84,567,159,existing,79.83806371868525,398,84,567,567,existing,0.0,398,92,567,567,existing,0.0,398,91,567,233,existing,378.2730007179714,398,90,567,452,existing,379.7859165929925,398,89,567,369,existing,430.29000293481243,398,94,567,125,existing,1327.6512402332344,398,95,567,315,existing,1407.633500216397,398,87,567,314,existing,1992.9017533746162,398,93,567,41,existing,509.39963630214584,398,86,567,188,existing,2059.272778623704,398,88,567,314,existing,1992.9017533746162
399,399,76,568,369,existing,1428.6821892630483,399,76,568,502,existing,524.289181132025,399,76,568,328,allocated,579.3911545463106,399,89,568,369,existing,1428.6821892630483,399,90,568,452,existing,1479.1862756048681,399,92,568,567,existing,1713.4312970826286,399,91,568,233,existing,1534.2618620060264,399,93,568,41,existing,2030.0340605943286,399,94,568,125,existing,2304.526124019556,399,88,568,314,existing,3110.308764908952,399,95,568,315,existing,2581.3259998516633,399,87,568,314,existing,3110.308764908952,399,86,568,188,existing,3176.67979015804
400,400,72,569,369,existing,757.9184585384403,400,72,569,492,existing,857.1515959516577,400,72,569,570,allocated,111.49273383603541,400,90,569,452,existing,707.4143721966202,400,89,569,369,existing,757.9184585384403,400,91,569,233,existing,767.776688049565,400,92,569,567,existing,1087.2002887896128,400,95,569,315,existing,2161.7827505521186,400,88,569,314,existing,2747.0510037103377,400,93,569,41,existing,1263.548886637867,400,94,569,125,existing,2097.150334740375,400,87,569,314,existing,2747.0510037103377,400,86,569,188,existing,2813.422028959426
401,401,76,570,369,existing,869.4111923744757,401,76,570,492,existing,968.6443297876931,401,76,570,570,allocated,0.0,401,90,570,452,existing,818.9071060326556,401,89,570,369,existing,869.4111923744757,401,92,570,567,existing,1198.6930226256482,401,91,570,233,existing,879.2694218856004,401,93,570,41,existing,1375.0416204739024,401,94,570,125,existing,2208.6430685764103,401,87,570,314,existing,2858.543737546373,401,95,570,315,existing,2273.275484388154,401,88,570,314,existing,2858.543737546373,401,86,570,188,existing,2924.9147627954612
402,402,81,571,125,existing,1008.7910904272748,402,81,571,193,existing,768.5769443786268,402,81,571,192,allocated,331.80455152066787,402,94,571,125,existing,1008.7910904272748,402,95,571,315,existing,1282.097347350995,402,92,571,567,existing,1434.1977695598953,402,93,571,41,existing,1328.0320015283203,402,88,571,314,existing,1810.9870801092502,402,91,571,233,existing,1619.260778837375,402,89,571,369,existing,1674.249717538444,402,90,571,452,existing,1623.745631196624,402,86,571,188,existing,1877.3581053583382,402,87,571,314,existing,1810.9870801092502
403,403,81,572,125,existing,1216.9985386743167,403,81,572,502,existing,607.8252515253977,403,81,572,85,allocated,268.4532966096489,403,94,572,125,existing,1216.9985386743167,403,92,572,567,existing,1363.9180861662535,403,95,572,315,existing,1490.304795598037,403,89,572,369,existing,1510.3753363589635,403,93,572,41,existing,1536.2394497753621,403,90,572,452,existing,1560.8794227007834,403,88,572,314,existing,2019.1945283562923,403,91,572,233,existing,1566.676980782152,403,86,572,188,existing,2085.56555360538,403,87,572,314,existing,2019.1945283562923
404,404,75,573,261,existing,717.8804801729052,404,75,573,116,existing,827.2874396076736,404,75,573,76,allocated,407.9274736652865,404,91,573,233,existing,987.5534568149938,404,90,573,452,existing,1047.9157726679384,404,92,573,567,existing,1059.4416837873157,404,93,573,41,existing,1073.0158711845688,404,94,573,125,existing,2027.9023825765853,404,89,573,369,existing,1098.4198590097583,404,87,573,314,existing,2629.576894779924,404,95,573,315,existing,2044.3086416217047,404,86,573,188,existing,2695.9479200290116,404,88,573,314,existing,2629.576894779924
405,405,81,575,125,existing,223.02250331998744,405,81,575,471,existing,273.4332829245655,405,81,575,575,allocated,0.0,405,94,575,125,existing,223.02250331998744,405,95,575,315,existing,230.3304260008084,405,88,575,314,existing,815.5986791590276,405,87,575,314,existing,815.5986791590276,405,86,575,188,existing,881.9697044081155,405,93,575,41,existing,1051.5440969423742,405,92,575,567,existing,1350.2511248644246,405,91,575,233,existing,1342.7728742514287,405,89,575,369,existing,1447.4900893453455,405,90,575,452,existing,1396.9860030035256
406,406,84,579,567,existing,1189.4805565334939,406,84,579,502,existing,562.3323332355429,406,84,579,328,allocated,500.2921836874636,406,92,579,567,existing,1189.4805565334939,406,94,579,125,existing,1254.3143024402023,406,91,579,233,existing,1403.5727095183577,406,90,579,452,existing,1405.602341284008,406,88,579,314,existing,2060.0969433295986,406,89,579,369,existing,1454.7156847803478,406,93,579,41,existing,1443.6875797761575,406,95,579,315,existing,1531.1141782723098,406,86,579,188,existing,2126.4679685786864,406,87,579,314,existing,2060.0969433295986
407,407,75,580,261,existing,641.901410382921,407,75,580,116,existing,586.8480004381835,407,75,580,76,allocated,76.51519930726246,407,91,580,233,existing,661.1139940913281,407,90,580,452,existing,721.4763099442728,407,93,580,41,existing,832.5764320150786,407,89,580,369,existing,771.9803962860926,407,95,580,315,existing,1795.1277700895316,407,87,580,314,existing,2380.3960232477507,407,92,580,567,existing,810.2608122551428,407,94,580,125,existing,1778.7215110444124,407,88,580,314,existing,2380.3960232477507,407,86,580,188,existing,2446.7670484968385
