,assign_from_var_id_grocery,assign_to_var_id_grocery,assign_from_node_id_grocery,assign_to_node_id_grocery,assign_type_grocery,dist_grocery,assign_from_var_id_school,assign_to_var_id_school,assign_from_node_id_school,assign_to_node_id_school,assign_type_school,dist_school,assign_from_var_id_healthcare,assign_to_var_id_healthcare,assign_from_node_id_healthcare,assign_to_node_id_healthcare,assign_type_healthcare,dist_healthcare,0_assign_from_var_id_restaurant,0_assign_to_var_id_restaurant,0_assign_from_node_id_restaurant,0_assign_to_node_id_restaurant,0_assign_type_restaurant,0_dist_restaurant,1_assign_from_var_id_restaurant,1_assign_to_var_id_restaurant,1_assign_from_node_id_restaurant,1_assign_to_node_id_restaurant,1_assign_type_restaurant,1_dist_restaurant,2_assign_from_var_id_restaurant,2_assign_to_var_id_restaurant,2_assign_from_node_id_restaurant,2_assign_to_node_id_restaurant,2_assign_type_restaurant,2_dist_restaurant,3_assign_from_var_id_restaurant,3_assign_to_var_id_restaurant,3_assign_from_node_id_restaurant,3_assign_to_node_id_restaurant,3_assign_type_restaurant,3_dist_restaurant,4_assign_from_var_id_restaurant,4_assign_to_var_id_restaurant,4_assign_from_node_id_restaurant,4_assign_to_node_id_restaurant,4_assign_type_restaurant,4_dist_restaurant,5_assign_from_var_id_restaurant,5_assign_to_var_id_restaurant,5_assign_from_node_id_restaurant,5_assign_to_node_id_restaurant,5_assign_type_restaurant,5_dist_restaurant,6_assign_from_var_id_restaurant,6_assign_to_var_id_restaurant,6_assign_from_node_id_restaurant,6_assign_to_node_id_restaurant,6_assign_type_restaurant,6_dist_restaurant,7_assign_from_var_id_restaurant,7_assign_to_var_id_restaurant,7_assign_from_node_id_restaurant,7_assign_to_node_id_restaurant,7_assign_type_restaurant,7_dist_restaurant,8_assign_from_var_id_restaurant,8_assign_to_var_id_restaurant,8_assign_from_node_id_restaurant,8_assign_to_node_id_restaurant,8_assign_type_restaurant,8_dist_restaurant,9_assign_from_var_id_restaurant,9_assign_to_var_id_restaurant,9_assign_from_node_id_restaurant,9_assign_to_node_id_restaurant,9_assign_type_restaurant,9_dist_restaurant
0,0,79,0,20,existing,595.6253773680803,0,79,0,12,existing,386.02416571152673,0,79,0,12,allocated,386.02416571152673,0,105,0,135,existing,644.7804759755866,0,103,0,133,existing,656.4006514305416,0,104,0,133,existing,656.4006514305416,0,99,0,131,existing,666.962047978295,0,119,0,365,existing,895.7717216121722,0,106,0,264,existing,793.7506764588671,0,98,0,264,existing,793.7506764588671,0,107,0,232,existing,871.7242449569588,0,108,0,334,existing,1072.5389960392476,0,111,0,270,existing,1085.2754332441375
1,1,79,2,20,existing,365.9448837289134,1,79,2,223,existing,271.82720225931837,1,79,2,253,allocated,218.2218783967262,1,104,2,133,existing,426.72015779137473,1,103,2,133,existing,426.72015779137473,1,119,2,365,existing,455.4608700827025,1,99,2,131,existing,437.2815543391281,1,111,2,270,existing,855.5949396049706,1,107,2,232,existing,642.0437513177919,1,108,2,334,existing,842.8585024000809,1,109,2,270,existing,855.5949396049706,1,98,2,264,existing,901.8318783021472,1,110,2,270,existing,855.5949396049706
2,2,79,3,20,existing,431.6103970977354,2,79,3,223,existing,264.9771667174074,2,79,3,4,allocated,184.54055927053454,2,104,3,133,existing,492.3856711601967,2,103,3,133,existing,492.3856711601967,2,119,3,365,existing,521.1263834515245,2,99,3,131,existing,502.9470677079501,2,108,3,334,existing,908.5240157689028,2,109,3,270,existing,921.2604529737926,2,110,3,270,existing,921.2604529737926,2,107,3,232,existing,707.7092646866139,2,98,3,264,existing,967.4973916709691,2,111,3,270,existing,921.2604529737926
3,3,79,4,20,existing,616.15095636827,3,79,4,223,existing,80.43660744687286,3,79,4,4,allocated,0.0,3,119,4,365,existing,638.8714544594002,3,103,4,133,existing,676.9262304307313,3,104,4,133,existing,676.9262304307313,3,99,4,131,existing,687.4876269784847,3,102,4,86,existing,923.1493228842899,3,118,4,212,existing,1063.790467761633,3,101,4,86,existing,923.1493228842899,3,107,4,232,existing,892.2498239571485,3,117,4,152,existing,1087.4330098165292,3,108,4,334,existing,1093.0645750394374
4,4,72,5,365,existing,534.6655086715715,4,72,5,223,existing,323.66567585523535,4,72,5,5,allocated,0.0,4,119,5,365,existing,534.6655086715715,4,101,5,86,existing,679.9202544759273,4,118,5,212,existing,820.5613993532706,4,102,5,86,existing,679.9202544759273,4,117,5,152,existing,844.2039414081667,4,103,5,133,existing,920.1552988390938,4,104,5,133,existing,920.1552988390938,4,116,5,151,existing,878.2819360800781,4,113,5,317,existing,939.7898127949627,4,99,5,131,existing,930.7166953868473
5,5,74,7,359,existing,162.5918661815063,5,74,7,201,existing,870.8208361996573,5,74,7,204,allocated,83.72866379857307,5,105,7,135,existing,671.9787689018426,5,106,7,264,existing,784.4257074172224,5,99,7,131,existing,1298.3784865156586,5,98,7,264,existing,784.4257074172224,5,107,7,232,existing,1512.6916193733819,5,103,7,133,existing,1302.3083556804531,5,108,7,334,existing,1718.4467002891595,5,104,7,133,existing,1302.3083556804531,5,110,7,270,existing,1726.2428076605606,5,109,7,270,existing,1726.2428076605606
6,6,76,8,135,existing,604.0031931157081,6,76,8,201,existing,608.4573925261791,6,76,8,85,allocated,442.2774306664216,6,105,8,135,existing,604.0031931157081,6,106,8,264,existing,758.0773395595736,6,103,8,133,existing,896.2284584626617,6,98,8,264,existing,758.0773395595736,6,104,8,133,existing,896.2284584626617,6,99,8,131,existing,906.7898550104151,6,107,8,232,existing,1111.5520519890788,6,119,8,365,existing,1135.5995286442921,6,111,8,270,existing,1325.1032402762576,6,108,8,334,existing,1312.366803071368
7,7,76,9,135,existing,773.3927419065076,7,76,9,201,existing,777.8469413169785,7,76,9,85,allocated,611.666979457221,7,105,9,135,existing,773.3927419065076,7,106,9,264,existing,927.4668883503731,7,103,9,133,existing,1065.6180072534612,7,98,9,264,existing,927.4668883503731,7,104,9,133,existing,1065.6180072534612,7,99,9,131,existing,1076.1794038012147,7,113,9,317,existing,1272.2723438815055,7,119,9,365,existing,1222.1669579748304,7,100,9,91,existing,1364.145032457098,7,107,9,232,existing,1280.9416007798784
8,8,76,10,135,existing,763.8839920400957,8,76,10,201,existing,768.3381914505667,8,76,10,85,allocated,602.1582295908092,8,105,10,135,existing,763.8839920400957,8,98,10,264,existing,917.9581384839613,8,106,10,264,existing,917.9581384839613,8,103,10,133,existing,1104.8503091049126,8,104,10,133,existing,1104.8503091049126,8,119,10,365,existing,1344.2213792865432,8,99,10,131,existing,1115.4117056526661,8,107,10,232,existing,1320.1739026313298,8,108,10,334,existing,1520.988653713619,8,110,10,270,existing,1533.7250909185086
9,9,76,11,135,existing,780.8030940077367,9,76,11,201,existing,785.2572934182078,9,76,11,85,allocated,619.0773315584504,9,105,11,135,existing,780.8030940077367,9,106,11,264,existing,934.8772404516023,9,103,11,133,existing,1121.7694110725538,9,98,11,264,existing,934.8772404516023,9,104,11,133,existing,1121.7694110725538,9,99,11,131,existing,1132.3308076203073,9,119,11,365,existing,1361.1404812541841,9,107,11,232,existing,1337.0930045989712,9,110,11,270,existing,1550.6441928861498,9,108,11,334,existing,1537.90775568126
10,10,78,12,132,existing,397.24536210693145,10,78,12,12,existing,0.0,10,78,12,12,allocated,0.0,10,106,12,264,existing,407.7265107473404,10,98,12,264,existing,407.7265107473404,10,99,12,131,existing,408.88800640264816,10,103,12,133,existing,412.8178755674427,10,107,12,232,existing,623.2011392603713,10,104,12,133,existing,412.8178755674427,10,108,12,334,existing,828.9562201761489,10,105,12,135,existing,515.9877476236618,10,111,12,270,existing,836.7523275475501,10,110,12,270,existing,836.7523275475501
11,11,79,13,20,existing,363.5859859137612,11,79,13,12,existing,153.9847742572075,11,79,13,12,allocated,153.9847742572075,11,104,13,133,existing,424.3612599762225,11,103,13,133,existing,424.3612599762225,11,99,13,131,existing,434.9226565239759,11,106,13,264,existing,561.7112850045479,11,119,13,365,existing,692.2726310083598,11,107,13,232,existing,639.6848535026397,11,98,13,264,existing,561.7112850045479,11,105,13,135,existing,652.616936453946,11,111,13,270,existing,853.2360417898184,11,108,13,334,existing,840.4996045849286
12,12,74,16,359,existing,367.58801301197934,12,74,16,201,existing,665.8246893691843,12,74,16,16,allocated,0.0,12,105,16,135,existing,564.5182297952192,12,106,16,264,existing,676.965168310599,12,98,16,264,existing,676.965168310599,12,99,16,131,existing,1190.9179474090352,12,107,16,232,existing,1405.2310802667585,12,103,16,133,existing,1194.8478165738297,12,108,16,334,existing,1610.986161182536,12,104,16,133,existing,1194.8478165738297,12,110,16,270,existing,1618.7822685539372,12,111,16,270,existing,1618.7822685539372
13,13,66,17,69,existing,366.1977031352317,13,66,17,201,existing,583.2622501673965,13,66,17,16,allocated,82.56243920178777,13,105,17,135,existing,506.2894517927366,13,106,17,264,existing,618.7363903081164,13,99,17,131,existing,1132.6891694065525,13,98,17,264,existing,618.7363903081164,13,103,17,133,existing,1136.6190385713471,13,107,17,232,existing,1347.0023022642756,13,108,17,334,existing,1552.7573831800532,13,104,17,133,existing,1136.6190385713471,13,111,17,270,existing,1560.5534905514544,13,119,17,365,existing,1558.9300715646732
14,14,93,18,212,existing,19.11865790666662,14,93,18,55,existing,677.3496294707497,14,93,18,212,allocated,19.11865790666662,14,118,18,212,existing,19.11865790666662,14,117,18,152,existing,51.889003134669885,14,116,18,151,existing,85.96699780658133,14,102,18,86,existing,189.69466823956154,14,100,18,91,existing,398.2597446751696,14,120,18,92,existing,296.9670566886376,14,101,18,86,existing,189.69466823956154,14,115,18,92,existing,296.9670566886376,14,119,18,365,existing,721.1404679998594,14,114,18,91,existing,398.2597446751696
15,15,79,21,20,existing,48.40664843463313,15,79,21,12,existing,469.1641117363356,15,79,21,20,allocated,48.40664843463313,15,104,21,133,existing,117.04274749582348,15,103,21,133,existing,117.04274749582348,15,107,21,232,existing,332.3663410222407,15,99,21,131,existing,119.74331904484785,15,108,21,334,existing,533.1810921045296,15,111,21,270,existing,545.9175293094194,15,110,21,270,existing,545.9175293094194,15,109,21,270,existing,545.9175293094194,15,106,21,264,existing,603.7803688380316,15,98,21,264,existing,603.7803688380316
16,16,66,22,69,existing,405.8568604600589,16,66,22,201,existing,435.3927350093188,16,66,22,106,allocated,96.74226026958723,16,105,22,135,existing,419.64688874420216,16,106,22,264,existing,532.0938272595819,16,99,22,131,existing,1032.3627647265848,16,98,22,264,existing,532.0938272595819,16,119,22,365,existing,1411.0605564065954,16,107,22,232,existing,1246.675897584308,16,103,22,133,existing,1036.2926338913794,16,104,22,133,existing,1036.2926338913794,16,108,22,334,existing,1452.4309785000855,16,111,22,270,existing,1460.2270858714867
17,17,66,23,69,existing,371.61849668681634,17,66,23,201,existing,387.7350946270159,17,66,23,106,allocated,144.3999006518902,17,105,23,135,existing,371.9892483618992,17,98,23,264,existing,484.43618687727894,17,106,23,264,existing,484.43618687727894,17,99,23,131,existing,984.7051243442818,17,119,23,365,existing,1401.7524572131456,17,104,23,133,existing,988.6349935090765,17,107,23,232,existing,1199.018257202005,17,103,23,133,existing,988.6349935090765,17,108,23,334,existing,1404.7733381177827,17,109,23,270,existing,1412.5694454891836
18,18,66,24,69,existing,215.62650965270052,18,66,24,201,existing,231.74310759290003,18,66,24,24,allocated,0.0,18,105,24,135,existing,215.99726132778335,18,106,24,264,existing,328.4441998431631,18,98,24,264,existing,328.4441998431631,18,99,24,131,existing,828.7131373101661,18,107,24,232,existing,1043.0262701678892,18,119,24,365,existing,1245.7604701790297,18,103,24,133,existing,832.6430064749607,18,104,24,133,existing,832.6430064749607,18,108,24,334,existing,1248.7813510836668,18,109,24,270,existing,1256.577458455068
19,19,89,25,234,existing,196.84326968468082,19,89,25,213,existing,1505.297569400157,19,89,25,196,allocated,420.4729852099763,19,112,25,271,existing,646.6065306267283,19,110,25,270,existing,805.83428411861,19,111,25,270,existing,805.83428411861,19,109,25,270,existing,805.83428411861,19,103,25,133,existing,1234.5740343788768,19,108,25,334,existing,818.4356897701705,19,99,25,131,existing,1233.6986052635118,19,107,25,232,existing,1019.3854724057886,19,119,25,365,existing,1506.387561469212,19,104,25,133,existing,1234.5740343788768
20,20,89,26,234,existing,148.5748676352443,20,89,26,213,existing,1457.0291673507204,20,89,26,196,allocated,372.20458316053976,20,112,26,271,existing,598.3381285772917,20,109,26,270,existing,757.5658820691735,20,110,26,270,existing,757.5658820691735,20,111,26,270,existing,757.5658820691735,20,108,26,334,existing,770.1672877207338,20,107,26,232,existing,971.1170703563522,20,104,26,133,existing,1186.3056323294402,20,99,26,131,existing,1185.4302032140754,20,103,26,133,existing,1186.3056323294402,20,119,26,365,existing,1458.1191594197753
21,21,84,29,232,existing,342.1439732292491,21,84,29,213,existing,869.4030582123794,21,84,29,29,allocated,0.0,21,112,29,271,existing,263.9087641153636,21,107,29,232,existing,342.1439732292491,21,109,29,270,existing,423.1365176072453,21,110,29,270,existing,423.1365176072453,21,111,29,270,existing,423.1365176072453,21,103,29,133,existing,557.4675667556664,21,99,29,131,existing,556.4571060869723,21,108,29,334,existing,435.7379232588058,21,119,29,365,existing,870.4930502814343,21,104,29,133,existing,557.4675667556664
22,22,74,30,359,existing,358.4876815184866,22,74,30,201,existing,1363.4248102412016,22,74,30,239,allocated,60.49356540975376,22,105,30,135,existing,1061.1052226567126,22,98,30,264,existing,1173.5521611720924,22,106,30,264,existing,1173.5521611720924,22,99,30,131,existing,1687.5049402705283,22,107,30,232,existing,1901.8180731282516,22,103,30,133,existing,1691.434809435323,22,104,30,133,existing,1691.434809435323,22,108,30,334,existing,2107.5731540440293,22,111,30,270,existing,2115.36926141543,22,109,30,270,existing,2115.36926141543
23,23,75,31,359,existing,437.9341290908737,23,75,31,201,existing,1442.8712578135887,23,75,31,239,allocated,139.94001298214081,23,105,31,135,existing,1140.5516702290995,23,106,31,264,existing,1252.9986087444793,23,99,31,131,existing,1766.9513878429154,23,98,31,264,existing,1252.9986087444793,23,107,31,232,existing,1981.2645207006387,23,103,31,133,existing,1770.88125700771,23,104,31,133,existing,1770.88125700771,23,108,31,334,existing,2187.0196016164164,23,110,31,270,existing,2194.8157089878173,23,111,31,270,existing,2194.8157089878173
24,24,74,32,359,existing,255.33509351857109,24,74,32,201,existing,1255.2532179581858,24,74,32,359,allocated,255.33509351857109,24,105,32,135,existing,947.9753493700902,24,98,32,264,existing,1060.4222878854698,24,106,32,264,existing,1060.4222878854698,24,99,32,131,existing,1553.1930848123313,24,111,32,270,existing,1981.0574059572334,24,107,32,232,existing,1767.5062176700546,24,103,32,133,existing,1578.3049361487006,24,104,32,133,existing,1578.3049361487006,24,109,32,270,existing,1981.0574059572334,24,110,32,270,existing,1981.0574059572334
25,25,74,33,359,existing,190.11704558369024,25,74,33,201,existing,1190.035170023305,25,74,33,359,allocated,190.11704558369024,25,105,33,135,existing,882.7573014352092,25,106,33,264,existing,995.204239950589,25,99,33,131,existing,1487.9750368774505,25,98,33,264,existing,995.204239950589,25,107,33,232,existing,1702.2881697351738,25,103,33,133,existing,1513.0868882138197,25,104,33,133,existing,1513.0868882138197,25,110,33,270,existing,1915.8393580223526,25,111,33,270,existing,1915.8393580223526,25,109,33,270,existing,1915.8393580223526
26,26,76,35,135,existing,836.9175151282762,26,76,35,12,existing,760.8226274722804,26,76,35,320,allocated,545.3507742796821,26,105,35,135,existing,836.9175151282762,26,98,35,264,existing,990.9916615721419,26,106,35,264,existing,990.9916615721419,26,103,35,133,existing,1031.1991131912953,26,99,35,131,existing,1041.7605097390488,26,104,35,133,existing,1031.1991131912953,26,113,35,317,existing,1124.3390577467935,26,119,35,365,existing,1074.2336718401182,26,100,35,91,existing,1216.2117463223858,26,114,35,91,existing,1216.2117463223858
27,27,94,36,212,existing,349.5654903933223,27,94,36,55,existing,347.99939747575866,27,94,36,246,allocated,248.75745737737338,27,118,36,212,existing,349.5654903933223,27,117,36,152,existing,382.3358356213256,27,116,36,151,existing,416.413830293237,27,119,36,365,existing,390.6936355132038,27,120,36,92,existing,627.4138891752933,27,102,36,86,existing,507.7633021487174,27,101,36,86,existing,507.7633021487174,27,115,36,92,existing,627.4138891752933,27,114,36,91,existing,728.7065771618252,27,100,36,91,existing,728.7065771618252
28,28,94,37,212,existing,162.11838321207745,28,94,37,55,existing,534.349904165339,28,94,37,212,allocated,162.11838321207745,28,118,37,212,existing,162.11838321207745,28,117,37,152,existing,194.8887284400807,28,116,37,151,existing,228.96672311199217,28,102,37,86,existing,322.4185265892012,28,115,37,92,existing,439.96678199404846,28,120,37,92,existing,439.96678199404846,28,101,37,86,existing,322.4185265892012,28,114,37,91,existing,541.2594699805804,28,119,37,365,existing,578.1407426944486,28,100,37,91,existing,541.2594699805804
29,29,88,40,158,existing,121.61502847689225,29,88,40,213,existing,1226.0611371050568,29,88,40,97,allocated,466.31648527684143,29,112,40,271,existing,367.3700983316283,29,110,40,270,existing,526.59785182351,29,111,40,270,existing,526.59785182351,29,109,40,270,existing,526.59785182351,29,107,40,232,existing,740.1490401106888,29,104,40,133,existing,955.3376020837766,29,99,40,131,existing,954.462172968412,29,108,40,334,existing,539.1992574750705,29,119,40,365,existing,1227.1511291741117,29,103,40,133,existing,955.3376020837766
30,30,88,41,158,existing,201.9244427365222,30,88,41,213,existing,1306.370551364687,30,88,41,97,allocated,450.0884103929931,30,112,41,271,existing,447.67951259125823,30,110,41,270,existing,606.9072660831399,30,111,41,270,existing,606.9072660831399,30,109,41,270,existing,606.9072660831399,30,108,41,334,existing,619.5086717347003,30,104,41,133,existing,1035.6470163434064,30,107,41,232,existing,820.4584543703187,30,99,41,131,existing,1034.7715872280419,30,103,41,133,existing,1035.6470163434064,30,119,41,365,existing,1307.4605434337418
31,31,88,45,158,existing,275.8952209111991,31,88,45,213,existing,1234.9618450750718,31,88,45,97,allocated,299.823129422236,31,112,45,271,existing,412.0554299976635,31,108,45,334,existing,548.0999654450853,31,109,45,270,existing,563.6965744258613,31,111,45,270,existing,563.6965744258613,31,107,45,232,existing,777.2477627130401,31,110,45,270,existing,563.6965744258613,31,103,45,133,existing,964.2383100537916,31,104,45,133,existing,964.2383100537916,31,119,45,365,existing,1236.0518371441267,31,99,45,131,existing,986.5063747972399
32,32,88,46,158,existing,322.0640519053151,32,88,46,213,existing,1281.1306760691878,32,88,46,97,allocated,345.991960416352,32,112,46,271,existing,458.2242609917796,32,108,46,334,existing,594.2687964392013,32,109,46,270,existing,609.8654054199773,32,111,46,270,existing,609.8654054199773,32,107,46,232,existing,823.416593707156,32,110,46,270,existing,609.8654054199773,32,103,46,133,existing,1010.4071410479075,32,104,46,133,existing,1010.4071410479075,32,119,46,365,existing,1282.2206681382427,32,99,46,131,existing,1032.675205791356
33,33,76,47,135,existing,367.9579721580498,33,76,47,201,existing,372.4121715685209,33,76,47,85,allocated,206.23220970876335,33,105,47,135,existing,367.9579721580498,33,106,47,264,existing,522.0321186019155,33,103,47,133,existing,709.0202242721188,33,98,47,264,existing,522.0321186019155,33,104,47,133,existing,709.0202242721188,33,119,47,365,existing,975.1333404144614,33,107,47,232,existing,924.343817798536,33,99,47,131,existing,719.5816208198721,33,108,47,334,existing,1125.158568880825,33,110,47,270,existing,1137.8950060857146
34,34,76,48,135,existing,551.404115552721,34,76,48,201,existing,555.858314963192,34,76,48,85,allocated,389.6783531034345,34,105,48,135,existing,551.404115552721,34,106,48,264,existing,705.4782619965866,34,104,48,133,existing,892.3704326175381,34,98,48,264,existing,705.4782619965866,34,99,48,131,existing,902.9318291652914,34,107,48,232,existing,1107.6940261439554,34,119,48,365,existing,1131.7415027991685,34,103,48,133,existing,892.3704326175381,34,108,48,334,existing,1308.508777226244,34,110,48,270,existing,1321.245214431134
35,35,76,49,135,existing,390.69515613840167,35,76,49,201,existing,395.1493555488727,35,76,49,85,allocated,228.96939368911518,35,105,49,135,existing,390.69515613840167,35,106,49,264,existing,544.7693025822673,35,104,49,133,existing,731.6614732032187,35,98,49,264,existing,544.7693025822673,35,99,49,131,existing,742.2228697509722,35,107,49,232,existing,946.985066729636,35,119,49,365,existing,971.0325433848492,35,103,49,133,existing,731.6614732032187,35,108,49,334,existing,1147.7998178119249,35,110,49,270,existing,1160.5362550168147
36,36,75,50,359,existing,333.7499554366923,36,75,50,201,existing,1338.6870841594073,36,75,50,239,allocated,35.755839327959436,36,105,50,135,existing,1036.3674965749183,36,106,50,264,existing,1148.814435090298,36,99,50,131,existing,1662.767214188734,36,98,50,264,existing,1148.814435090298,36,104,50,133,existing,1666.6970833535286,36,107,50,232,existing,1877.0803470464573,36,103,50,133,existing,1666.6970833535286,36,108,50,334,existing,2082.835427962235,36,110,50,270,existing,2090.631535333636,36,111,50,270,existing,2090.631535333636
37,37,90,53,310,existing,730.3146491596971,37,90,53,55,existing,488.6361167928336,37,90,53,320,allocated,172.64982118571152,37,113,53,317,existing,814.304546425614,37,114,53,91,existing,906.1772350012066,37,120,53,92,existing,1000.4894531936835,37,100,53,91,existing,906.1772350012066,37,119,53,365,existing,1201.8882372381368,37,116,53,151,existing,1190.997441017635,37,115,53,92,existing,1000.4894531936835,37,118,53,212,existing,1185.10440417025,37,117,53,152,existing,1217.8747493982532,37,105,53,135,existing,1209.6184682222467
38,38,69,54,91,existing,517.0425900091606,38,69,54,55,existing,99.50147180078761,38,69,54,246,allocated,198.7434118991729,38,114,54,91,existing,517.0425900091606,38,100,54,91,existing,517.0425900091606,38,115,54,92,existing,611.3548082016376,38,120,54,92,existing,611.3548082016376,38,113,54,317,existing,636.4386228026304,38,117,54,152,existing,828.7401044062074,38,116,54,151,existing,801.862796025589,38,118,54,212,existing,795.9697591782041,38,101,54,86,existing,955.2641714252636,38,119,54,365,existing,838.19450478975
39,39,91,55,91,existing,417.54111820837295,39,91,55,55,existing,0.0,39,91,55,246,allocated,99.2419400983853,39,114,55,91,existing,417.54111820837295,39,100,55,91,existing,417.54111820837295,39,115,55,92,existing,511.85333640085,39,120,55,92,existing,511.85333640085,39,116,55,151,existing,702.3613242248014,39,117,55,152,existing,729.2386326054198,39,118,55,212,existing,696.4682873774165,39,113,55,317,existing,735.9400946034181,39,119,55,365,existing,738.6930329889624,39,102,55,86,existing,855.762699624476
40,40,84,57,232,existing,358.0509355564355,40,84,57,12,existing,556.0259466750931,40,84,57,279,allocated,97.3575605772708,40,107,57,232,existing,358.0509355564355,40,99,57,131,existing,446.49765956060196,40,103,57,133,existing,480.34325803064894,40,104,57,133,existing,480.34325803064894,40,108,57,334,existing,587.1987328243902,40,111,57,270,existing,571.6021238436142,40,110,57,270,existing,571.6021238436142,40,109,57,270,existing,571.6021238436142,40,106,57,264,existing,661.0907193708811,40,98,57,264,existing,661.0907193708811
41,41,84,58,232,existing,237.03969381707697,41,84,58,12,existing,677.0371884144517,41,84,58,58,allocated,0.0,41,107,58,232,existing,237.03969381707697,41,111,58,270,existing,450.5908821042557,41,110,58,270,existing,450.5908821042557,41,109,58,270,existing,450.5908821042557,41,108,58,334,existing,466.18749108503164,41,99,58,131,existing,451.35282667480016,41,104,58,133,existing,452.3632873434942,41,103,58,133,existing,452.3632873434942,41,112,58,271,existing,609.8186355961374,41,119,58,365,existing,765.3887708692621
42,42,76,59,135,existing,176.57502153770668,42,76,59,201,existing,181.0292209481777,42,76,59,85,allocated,14.84925908842021,42,105,59,135,existing,176.57502153770668,42,98,59,264,existing,330.64916798157236,42,106,59,264,existing,330.64916798157236,42,99,59,131,existing,777.9992506654437,42,119,59,365,existing,1195.0465835343075,42,104,59,133,existing,781.9291198302383,42,103,59,133,existing,781.9291198302383,42,107,59,232,existing,992.3123835231668,42,109,59,270,existing,1205.8635718103455,42,108,59,334,existing,1198.0674644389446
43,43,72,63,365,existing,313.1065782607409,43,72,63,55,existing,425.5864547282215,43,72,63,365,existing,313.1065782607409,43,119,63,365,existing,313.1065782607409,43,118,63,212,existing,427.15254764578515,43,101,63,86,existing,430.1762448962545,43,102,63,86,existing,430.1762448962545,43,117,63,152,existing,459.92289287378844,43,116,63,151,existing,494.00088754569987,43,115,63,92,existing,705.0009464277562,43,120,63,92,existing,705.0009464277562,43,114,63,91,existing,806.2936344142881,43,100,63,91,existing,806.2936344142881
44,44,74,65,359,existing,231.17675383238458,44,74,65,201,existing,962.0272378927162,44,74,65,65,allocated,0.0,44,105,65,135,existing,634.1215135836723,44,106,65,264,existing,742.4201231524601,44,99,65,131,existing,1234.6043826451485,44,98,65,264,existing,742.4201231524601,44,103,65,133,existing,1260.3027714156906,44,104,65,133,existing,1260.3027714156906,44,109,65,270,existing,1662.4687037900503,44,107,65,232,existing,1448.9175155028718,44,111,65,270,existing,1662.4687037900503,44,110,65,270,existing,1662.4687037900503
45,45,66,69,69,existing,0.0,45,66,69,201,existing,447.3696172456006,45,66,69,222,allocated,85.73364619152784,45,105,69,135,existing,140.09174865750492,45,98,69,264,existing,252.53868717288466,45,99,69,131,existing,766.4914662713206,45,106,69,264,existing,252.53868717288466,45,108,69,334,existing,1186.5596800448216,45,107,69,232,existing,980.8045991290439,45,104,69,133,existing,770.4213354361153,45,103,69,133,existing,770.4213354361153,45,111,69,270,existing,1194.3557874162225,45,109,69,270,existing,1194.3557874162225
46,46,66,70,69,existing,72.69091886928231,46,66,70,201,existing,520.0605361148829,46,66,70,222,allocated,158.42456506081015,46,105,70,135,existing,212.78266752678724,46,98,70,264,existing,325.229606042167,46,99,70,131,existing,839.1823851406032,46,106,70,264,existing,325.229606042167,46,104,70,133,existing,843.1122543053978,46,108,70,334,existing,1259.250598914104,46,103,70,133,existing,843.1122543053978,46,107,70,232,existing,1053.4955179983262,46,109,70,270,existing,1267.046706285505,46,111,70,270,existing,1267.046706285505
47,47,81,77,80,existing,400.24581174055703,47,81,77,12,existing,452.67612043635205,47,81,77,167,allocated,64.22781944091517,47,99,77,131,existing,382.7436758871624,47,103,77,133,existing,416.5892743572093,47,104,77,133,existing,416.5892743572093,47,107,77,232,existing,543.3722351833622,47,98,77,264,existing,557.7408931321401,47,106,77,264,existing,557.7408931321401,47,109,77,270,existing,756.9234234705409,47,105,77,135,existing,617.1621681274471,47,111,77,270,existing,756.9234234705409,47,110,77,270,existing,756.9234234705409
48,48,81,80,80,existing,0.0,48,81,80,12,existing,426.39014225604285,48,81,80,80,existing,0.0,48,99,80,131,existing,17.502135853394662,48,103,80,133,existing,18.512596522088728,48,104,80,133,existing,18.512596522088728,48,107,80,232,existing,196.81099700432856,48,108,80,334,existing,420.90427349875995,48,109,80,270,existing,410.3621852915073,48,110,80,270,existing,410.3621852915073,48,111,80,270,existing,410.3621852915073,48,98,80,264,existing,531.4549149518308,48,106,80,264,existing,531.4549149518308
49,49,79,82,20,existing,208.6481064763664,49,79,82,12,existing,308.92265369460233,49,79,82,20,existing,208.6481064763664,49,104,82,133,existing,269.4233805388277,49,103,82,133,existing,269.4233805388277,49,99,82,131,existing,279.98477708658106,49,107,82,232,existing,484.7469740652449,49,119,82,365,existing,537.334751570965,49,110,82,270,existing,698.2981623524236,49,109,82,270,existing,698.2981623524236,49,108,82,334,existing,685.5617251475338,49,98,82,264,existing,716.6491644419427,49,111,82,270,existing,698.2981623524236
50,50,79,83,20,existing,195.28308975360548,50,79,83,12,existing,323.4435735794988,50,79,83,20,existing,195.28308975360548,50,104,83,133,existing,256.05836381606673,50,103,83,133,existing,256.05836381606673,50,99,83,131,existing,266.6197603638202,50,107,83,232,existing,471.381957342484,50,119,83,365,existing,522.8138316860685,50,108,83,334,existing,672.1967084247729,50,111,83,270,existing,684.9331456296627,50,109,83,270,existing,684.9331456296627,50,110,83,270,existing,684.9331456296627,50,106,83,264,existing,731.1700843268392
51,51,72,84,365,existing,376.9088109697077,51,72,84,213,existing,394.9773470260169,51,72,84,5,allocated,157.75669770186377,51,119,84,365,existing,376.9088109697077,51,102,84,86,existing,522.1635567740636,51,101,84,86,existing,522.1635567740636,51,118,84,212,existing,662.8047016514068,51,117,84,152,existing,686.4472437063029,51,107,84,232,existing,905.2578880218929,51,116,84,151,existing,720.5252383782143,51,115,84,92,existing,931.5252972602707,51,120,84,92,existing,931.5252972602707,51,104,84,133,existing,932.8773264917701
52,52,76,85,135,existing,161.72576244928646,52,76,85,201,existing,166.1799618597575,52,76,85,85,allocated,0.0,52,105,85,135,existing,161.72576244928646,52,98,85,264,existing,315.7999088931522,52,106,85,264,existing,315.7999088931522,52,99,85,131,existing,763.1499915770235,52,103,85,133,existing,767.079860741818,52,104,85,133,existing,767.079860741818,52,119,85,365,existing,1181.3655501232247,52,107,85,232,existing,977.4631244347468,52,108,85,334,existing,1183.2182053505244,52,110,85,270,existing,1191.0143127219253
53,53,95,87,225,existing,373.3442641529052,53,95,87,213,existing,807.1213453704422,53,95,87,87,allocated,0.0,53,102,87,86,existing,540.6380686864226,53,101,87,86,existing,540.6380686864226,53,117,87,152,existing,704.9217556186618,53,119,87,365,existing,653.7252796587698,53,115,87,92,existing,949.9998091726296,53,118,87,212,existing,737.6921008466651,53,120,87,92,existing,949.9998091726296,53,116,87,151,existing,738.9997502905733,53,100,87,91,existing,1051.2924971591615,53,114,87,91,existing,1051.2924971591615
54,54,95,88,225,existing,323.3003928593988,54,95,88,213,existing,757.0774740769357,54,95,88,87,allocated,50.043871293506385,54,102,88,86,existing,490.59419739291616,54,101,88,86,existing,490.59419739291616,54,117,88,152,existing,654.8778843251555,54,119,88,365,existing,603.6814083652632,54,115,88,92,existing,899.9559378791232,54,120,88,92,existing,899.9559378791232,54,118,88,212,existing,687.6482295531587,54,116,88,151,existing,688.955878997067,54,114,88,91,existing,1001.2486258656552,54,100,88,91,existing,1001.2486258656552
55,55,93,89,212,existing,240.56929270691074,55,93,89,55,existing,612.5644823096244,55,93,89,212,allocated,240.56929270691074,55,118,89,212,existing,240.56929270691074,55,102,89,86,existing,243.96761709436782,55,101,89,86,existing,243.96761709436782,55,117,89,152,existing,273.339637934914,55,119,89,365,existing,500.0151276445594,55,120,89,92,existing,518.4176914888818,55,115,89,92,existing,518.4176914888818,55,116,89,151,existing,307.41763260682546,55,100,89,91,existing,619.7103794754137,55,114,89,91,existing,619.7103794754137
56,56,70,90,86,existing,171.78523523949565,56,70,90,213,existing,586.1899713514136,56,70,90,148,allocated,198.85019545000443,56,102,90,86,existing,171.78523523949565,56,101,90,86,existing,171.78523523949565,56,118,90,212,existing,312.751674561783,56,117,90,152,existing,336.0689221717349,56,120,90,92,existing,581.1469757257028,56,116,90,151,existing,370.1469168436464,56,119,90,365,existing,427.83274578968724,56,115,90,92,existing,581.1469757257028,56,114,90,91,existing,682.4396637122347,56,100,90,91,existing,682.4396637122347
57,57,91,91,91,existing,0.0,57,91,91,55,existing,417.54111820837295,57,91,91,325,existing,186.15182491747407,57,114,91,91,existing,0.0,57,100,91,91,existing,0.0,57,115,91,92,existing,101.29268798653194,57,120,91,92,existing,101.29268798653194,57,102,91,86,existing,510.65442847273897,57,118,91,212,existing,379.14108676850293,57,116,91,151,existing,312.2927468685882,57,117,91,152,existing,346.3707415404997,57,101,91,86,existing,510.65442847273897,57,113,91,317,existing,798.2683223030266
58,58,92,92,92,existing,0.0,58,92,92,55,existing,511.85333640085,58,92,92,230,existing,169.12578090653682,58,120,92,92,existing,0.0,58,115,92,92,existing,0.0,58,114,92,91,existing,101.29268798653194,58,100,92,91,existing,101.29268798653194,58,116,92,151,existing,211.00005888205627,58,117,92,152,existing,245.07805355396775,58,118,92,212,existing,277.848398781971,58,102,92,86,existing,409.36174048620705,58,101,92,86,existing,409.36174048620705,58,113,92,317,existing,899.5610102895585
59,59,95,93,225,existing,82.09624440732806,59,95,93,213,existing,987.0024669077992,59,95,93,148,allocated,222.32508873033663,59,102,93,86,existing,249.39004894084542,59,101,93,86,existing,249.39004894084542,59,118,93,212,existing,446.44408110108793,59,117,93,152,existing,413.6737358730847,59,120,93,92,existing,658.7517894270525,59,115,93,92,existing,658.7517894270525,59,116,93,151,existing,447.7517305449962,59,114,93,91,existing,760.0444774135844,59,100,93,91,existing,760.0444774135844,59,119,93,365,existing,833.6064011961267
60,60,88,95,158,existing,235.97228783872487,60,88,95,213,existing,1043.8678846140601,60,88,95,97,allocated,108.72916896122432,60,112,95,271,existing,220.96146953665183,60,108,95,334,existing,357.0060049840737,60,110,95,270,existing,372.60261396484964,60,111,95,270,existing,372.60261396484964,60,109,95,270,existing,372.60261396484964,60,107,95,232,existing,586.1538022520284,60,104,95,133,existing,773.1443495927799,60,103,95,133,existing,773.1443495927799,60,119,95,365,existing,1044.957876683115,60,99,95,131,existing,795.4124143362283
61,61,88,96,158,existing,328.593017484923,61,88,96,213,existing,1136.4886142602581,61,88,96,97,allocated,201.34989860742243,61,112,96,271,existing,313.58219918285,61,108,96,334,existing,449.6267346302718,61,110,96,270,existing,465.22334361104777,61,111,96,270,existing,465.22334361104777,61,109,96,270,existing,465.22334361104777,61,103,96,133,existing,865.7650792389779,61,107,96,232,existing,678.7745318982265,61,104,96,133,existing,865.7650792389779,61,119,96,365,existing,1137.578606329313,61,99,96,131,existing,888.0331439824264
62,62,67,100,148,existing,309.69757983032355,62,67,100,213,existing,592.9148020917389,62,67,100,87,allocated,214.20654327870318,62,102,100,86,existing,336.76254004083233,62,101,100,86,existing,336.76254004083233,62,117,100,152,existing,501.0462269730716,62,119,100,365,existing,439.5187363800665,62,116,100,151,existing,535.1242216449831,62,115,100,92,existing,746.1242805270394,62,118,100,212,existing,533.8165722010749,62,120,100,92,existing,746.1242805270394,62,114,100,91,existing,847.4169685135714,62,100,100,91,existing,847.4169685135714
63,63,67,101,148,existing,60.16392649567458,63,67,101,213,existing,833.2327204148421,63,67,101,148,allocated,60.16392649567458,63,102,101,86,existing,87.22888670618337,63,101,101,86,existing,87.22888670618337,63,118,101,212,existing,284.2829188664259,63,117,101,152,existing,251.51257363842265,63,116,101,151,existing,285.5905683103341,63,115,101,92,existing,496.59062719239046,63,114,101,91,existing,597.8833151789224,63,120,101,92,existing,496.59062719239046,63,100,101,91,existing,597.8833151789224,63,119,101,365,existing,679.8366547031696
64,64,72,103,365,existing,101.00501805814496,64,72,103,213,existing,57.35220750358148,64,72,103,341,allocated,44.152131401666495,64,119,103,365,existing,101.00501805814496,64,107,103,232,existing,469.90687747954877,64,103,103,133,existing,494.01758446081067,64,104,103,133,existing,494.01758446081067,64,108,103,334,existing,629.5096721264049,64,111,103,270,existing,645.1062811071808,64,110,103,270,existing,645.1062811071808,64,99,103,131,existing,517.2652919511077,64,102,103,86,existing,700.6229990873278,64,109,103,270,existing,645.1062811071808
65,65,71,104,225,existing,356.6816341807138,65,71,104,213,existing,944.2152772659157,65,71,104,108,allocated,297.92358659990896,65,102,104,86,existing,523.9754387142311,65,101,104,86,existing,523.9754387142311,65,117,104,152,existing,688.2591256464705,65,118,104,212,existing,721.0294708744736,65,120,104,92,existing,933.3371792004382,65,119,104,365,existing,790.8192115542432,65,115,104,92,existing,933.3371792004382,65,116,104,151,existing,722.337120318382,65,100,104,91,existing,1034.6298671869702,65,114,104,91,existing,1034.6298671869702
66,66,71,105,225,existing,254.53910287986687,66,71,105,213,existing,1045.6428202000009,66,71,105,148,allocated,394.76794720287546,66,102,105,86,existing,421.8329074133842,66,101,105,86,existing,421.8329074133842,66,117,105,152,existing,586.1165943456235,66,118,105,212,existing,618.8869395736267,66,116,105,151,existing,620.194589017535,66,120,105,92,existing,831.1946478995912,66,115,105,92,existing,831.1946478995912,66,119,105,365,existing,892.2467544883285,66,114,105,91,existing,932.4873358861232,66,100,105,91,existing,932.4873358861232
67,67,76,106,135,existing,412.9313914427977,67,76,106,201,existing,417.3855908532688,67,76,106,106,allocated,0.0,67,105,106,135,existing,412.9313914427977,67,98,106,264,existing,567.0055378866634,67,106,106,264,existing,567.0055378866634,67,99,106,131,existing,1014.3556205705347,67,104,106,133,existing,1018.2854897353294,67,119,106,365,existing,1314.3182961370085,67,103,106,133,existing,1018.2854897353294,67,107,106,232,existing,1228.668753428258,67,110,106,270,existing,1442.2199417154366,67,108,106,334,existing,1434.4238343440356
68,68,76,107,135,existing,235.1173501889017,68,76,107,201,existing,239.57154959937276,68,76,107,85,allocated,73.39158773961525,68,105,107,135,existing,235.1173501889017,68,98,107,264,existing,389.19149663276744,68,99,107,131,existing,836.5415793166387,68,106,107,264,existing,389.19149663276744,68,103,107,133,existing,840.4714484814334,68,104,107,133,existing,840.4714484814334,68,119,107,365,existing,1136.5042548831125,68,107,107,232,existing,1050.854712174362,68,111,107,270,existing,1264.4059004615406,68,108,107,334,existing,1256.6097930901396
69,69,71,108,225,existing,422.8070206491205,69,71,108,213,existing,646.2916906660067,69,71,108,108,allocated,0.0,69,119,108,365,existing,492.89562495433427,69,101,108,86,existing,590.1008251826379,69,118,108,212,existing,750.6064364671911,69,102,108,86,existing,590.1008251826379,69,116,108,151,existing,788.4625067867886,69,117,108,152,existing,754.3845121148771,69,107,108,232,existing,979.9393986012094,69,115,108,92,existing,999.462565668845,69,120,108,92,existing,999.462565668845,69,103,108,133,existing,1031.207181512817
70,70,95,109,225,existing,399.58421098685426,70,95,109,213,existing,669.5145003282729,70,95,109,108,allocated,23.222809662266204,70,119,109,365,existing,516.1184346166004,70,102,109,86,existing,566.8780155203716,70,101,109,86,existing,566.8780155203716,70,117,109,152,existing,731.1617024526108,70,115,109,92,existing,976.2397560065787,70,120,109,92,existing,976.2397560065787,70,118,109,212,existing,763.9320476806141,70,116,109,151,existing,765.2396971245223,70,107,109,232,existing,1003.1622082634756,70,103,109,133,existing,1054.4299911750832
71,71,79,111,20,existing,275.3088561260272,71,79,111,223,existing,362.4632298622047,71,79,111,253,allocated,151.6026424184563,71,104,111,133,existing,336.0841301884884,71,103,111,133,existing,336.0841301884884,71,99,111,131,existing,346.6455267362419,71,119,111,365,existing,442.7880653136468,71,110,111,270,existing,764.9589120020844,71,109,111,270,existing,764.9589120020844,71,107,111,232,existing,551.4077237149056,71,108,111,334,existing,752.2224747971945,71,98,111,264,existing,811.1958506992609,71,111,111,270,existing,764.9589120020844
72,72,72,114,365,existing,264.99928243929696,72,72,114,213,existing,418.3953481509694,72,72,114,108,allocated,227.89634251503728,72,119,114,365,existing,264.99928243929696,72,101,114,86,existing,381.7384059787069,72,118,114,212,existing,522.7100939521538,72,102,114,86,existing,381.7384059787069,72,117,114,152,existing,546.0220929109462,72,115,114,92,existing,791.100146464914,72,107,114,232,existing,752.0430560861721,72,116,114,151,existing,580.1000875828577,72,104,114,133,existing,803.3108389977797,72,120,114,92,existing,791.100146464914
73,73,67,115,148,existing,254.5406925421259,73,67,115,213,existing,518.5281013770417,73,67,115,148,allocated,254.5406925421259,73,102,115,86,existing,281.6056527526347,73,101,115,86,existing,281.6056527526347,73,117,115,152,existing,445.88933968487396,73,119,115,365,existing,365.13203566536924,73,120,115,92,existing,690.9673932388417,73,116,115,151,existing,479.96733435678544,73,118,115,212,existing,478.6596849128772,73,115,115,92,existing,690.9673932388417,73,100,115,91,existing,792.2600812253736,73,114,115,91,existing,792.2600812253736
74,74,72,116,365,existing,626.4699630099551,74,72,116,223,existing,415.47013019361896,74,72,116,5,allocated,91.80445433838361,74,119,116,365,existing,626.4699630099551,74,102,116,86,existing,771.724708814311,74,101,116,86,existing,771.724708814311,74,113,116,317,existing,847.9853584565792,74,100,116,91,existing,910.436403910367,74,118,116,212,existing,912.3658536916541,74,114,116,91,existing,910.436403910367,74,117,116,152,existing,936.0083957465501,74,120,116,92,existing,1004.7486221028439,74,116,116,151,existing,970.0863904184616
75,75,95,117,225,existing,569.3533515250806,75,95,117,213,existing,804.8938417732669,75,95,117,108,allocated,158.60215110726017,75,119,117,365,existing,651.4977760615944,75,101,117,86,existing,736.6471560585978,75,117,117,152,existing,900.9308429908372,75,102,117,86,existing,736.6471560585978,75,116,117,151,existing,935.0088376627486,75,115,117,92,existing,1146.0088965448049,75,118,117,212,existing,909.2085875744513,75,107,117,232,existing,1138.5415497084696,75,104,117,133,existing,1189.8093326200772,75,120,117,92,existing,1146.0088965448049
76,76,71,118,225,existing,592.1129418371144,76,71,118,213,existing,827.6534320853007,76,71,118,108,allocated,181.36174141929396,76,119,118,365,existing,674.2573663736282,76,101,118,86,existing,759.4067463706317,76,117,118,152,existing,923.690433302871,76,102,118,86,existing,759.4067463706317,76,116,118,151,existing,957.7684279747825,76,115,118,92,existing,1168.7684868568388,76,107,118,232,existing,1161.3011400205035,76,118,118,212,existing,931.968177886485,76,104,118,133,existing,1212.568922932111,76,120,118,92,existing,1168.7684868568388
77,77,81,119,80,existing,287.66905464020726,77,81,119,12,existing,420.49871778430986,77,81,119,279,allocated,78.97318019651857,77,99,119,131,existing,270.1669187868126,77,103,119,133,existing,304.01251725685955,77,104,119,133,existing,304.01251725685955,77,107,119,232,existing,452.3543035543089,77,98,119,264,existing,525.5634904800978,77,109,119,270,existing,665.9054918414876,77,111,119,270,existing,665.9054918414876,77,106,119,264,existing,525.5634904800978,77,108,119,334,existing,676.4475800487403,77,110,119,270,existing,665.9054918414876
78,78,81,120,80,existing,146.7802395559701,78,81,120,12,existing,279.6099027000727,78,81,120,352,allocated,15.532203179038854,78,99,120,131,existing,129.27810370257544,78,103,120,133,existing,163.1237021726224,78,107,120,232,existing,343.5912365602986,78,104,120,133,existing,163.1237021726224,78,106,120,264,existing,384.6746753958607,78,111,120,270,existing,557.1424248474773,78,98,120,264,existing,384.6746753958607,78,110,120,270,existing,557.1424248474773,78,105,120,135,existing,561.0957558194435,78,109,120,270,existing,557.1424248474773
79,79,89,122,234,existing,206.4787099557078,79,89,122,213,existing,1514.9330096711838,79,89,122,196,allocated,430.1084254810033,79,112,122,271,existing,656.2419708977552,79,110,122,270,existing,815.469724389637,79,109,122,270,existing,815.469724389637,79,111,122,270,existing,815.469724389637,79,108,122,334,existing,828.0711300411974,79,99,122,131,existing,1243.3340455345387,79,107,122,232,existing,1029.0209126768157,79,104,122,133,existing,1244.2094746499035,79,103,122,133,existing,1244.2094746499035,79,119,122,365,existing,1516.0230017402387
80,80,88,123,158,existing,168.2535019675371,80,88,123,213,existing,1141.3356945345627,80,88,123,97,allocated,394.87695633656165,80,112,123,271,existing,282.6446557611341,80,109,123,270,existing,441.8724092530158,80,111,123,270,existing,441.8724092530158,80,110,123,270,existing,441.8724092530158,80,99,123,131,existing,869.7367303979178,80,108,123,334,existing,454.4738149045763,80,107,123,232,existing,655.4235975401946,80,104,123,133,existing,870.6121595132824,80,119,123,365,existing,1142.4256866036176,80,103,123,133,existing,870.6121595132824
81,81,88,124,158,existing,65.68195803056955,81,88,124,213,existing,1038.764150597595,81,88,124,97,allocated,292.30541239959405,81,112,124,271,existing,180.07311182416652,81,109,124,270,existing,339.3008653160482,81,111,124,270,existing,339.3008653160482,81,110,124,270,existing,339.3008653160482,81,108,124,334,existing,351.9022709676087,81,104,124,133,existing,768.0406155763148,81,107,124,232,existing,552.852053603227,81,99,124,131,existing,767.1651864609502,81,119,124,365,existing,1039.85414266665,81,103,124,133,existing,768.0406155763148
82,82,72,126,365,existing,237.59150726087665,82,72,126,213,existing,79.2342816991502,82,72,126,253,allocated,153.74254853986372,82,119,126,365,existing,237.59150726087665,82,107,126,232,existing,606.4933666822805,82,104,126,133,existing,630.6040736635423,82,103,126,133,existing,630.6040736635423,82,99,126,131,existing,651.9907176945619,82,111,126,270,existing,781.6927703099126,82,109,126,270,existing,781.6927703099126,82,108,126,334,existing,766.0961613291366,82,101,126,86,existing,837.2094882900594,82,110,126,270,existing,781.6927703099126
83,83,72,127,365,existing,153.00412266524887,83,72,127,213,existing,166.71925439963434,83,72,127,365,existing,153.00412266524887,83,119,127,365,existing,153.00412266524887,83,107,127,232,existing,681.3531997174341,83,104,127,133,existing,708.9726381873113,83,103,127,133,existing,708.9726381873113,83,102,127,86,existing,750.4216494004462,83,99,127,131,existing,732.2203456776083,83,108,127,334,existing,840.9559943642903,83,101,127,86,existing,750.4216494004462,83,111,127,270,existing,856.5526033450662,83,110,127,270,existing,856.5526033450662
84,84,79,128,20,existing,490.78555920619493,84,79,128,12,existing,281.18434754964125,84,79,128,12,allocated,281.18434754964125,84,104,128,133,existing,551.5608332686562,84,103,128,133,existing,551.5608332686562,84,105,128,135,existing,552.1594091222245,84,99,128,131,existing,562.1222298164096,84,106,128,264,existing,688.9108582969816,84,107,128,232,existing,766.8844267950734,84,119,128,365,existing,790.9319034502868,84,98,128,264,existing,688.9108582969816,84,111,128,270,existing,980.4356150822521,84,108,128,334,existing,967.6991778773623
85,85,79,129,20,existing,539.7131918063253,85,79,129,12,existing,330.1119801497715,85,79,129,12,allocated,330.1119801497715,85,104,129,133,existing,600.4884658687865,85,103,129,133,existing,600.4884658687865,85,99,129,131,existing,611.04986241654,85,105,129,135,existing,601.0870417223548,85,106,129,264,existing,737.8384908971119,85,119,129,365,existing,839.859536050417,85,107,129,232,existing,815.8120593952037,85,98,129,264,existing,737.8384908971119,85,111,129,270,existing,1029.3632476823823,85,108,129,334,existing,1016.6268104774927
86,86,81,131,80,existing,17.502135853394662,86,81,131,12,existing,408.88800640264816,86,81,131,131,existing,0.0,86,99,131,131,existing,0.0,86,103,131,133,existing,33.84559847004695,86,104,131,133,existing,33.84559847004695,86,107,131,232,existing,214.3131328577232,86,108,131,334,existing,438.4064093521546,86,110,131,270,existing,427.8643211449019,86,109,131,270,existing,427.8643211449019,86,111,131,270,existing,427.8643211449019,86,98,131,264,existing,513.9527790984362,86,106,131,264,existing,513.9527790984362
87,87,76,135,135,existing,0.0,87,76,135,201,existing,327.905724309044,87,76,135,135,existing,0.0,87,105,135,135,existing,0.0,87,98,135,264,existing,176.42108042358277,87,106,135,264,existing,176.42108042358277,87,99,135,131,existing,690.3738595220188,87,107,135,232,existing,904.6869923797422,87,104,135,133,existing,694.3037286868134,87,108,135,334,existing,1110.4420732955195,87,103,135,133,existing,694.3037286868134,87,111,135,270,existing,1118.238180666921,87,109,135,270,existing,1118.238180666921
88,88,77,142,264,existing,17.11506394608117,88,77,142,201,existing,276.335333127657,88,77,142,264,existing,17.11506394608117,88,106,142,264,existing,17.11506394608117,88,98,142,264,existing,17.11506394608117,88,105,142,135,existing,159.3060164775016,88,99,142,131,existing,531.0678430445173,88,103,142,133,existing,534.9977122093119,88,107,142,232,existing,745.3809759022405,88,104,142,133,existing,534.9977122093119,88,108,142,334,existing,951.1360568180181,88,109,142,270,existing,958.9321641894192,88,110,142,270,existing,958.9321641894192
89,89,77,143,264,existing,197.58460777237318,89,77,143,201,existing,95.86578930136498,89,77,143,201,allocated,95.86578930136498,89,106,143,264,existing,197.58460777237318,89,98,143,264,existing,197.58460777237318,89,105,143,135,existing,279.9410635700654,89,99,143,131,existing,644.9346904562444,89,107,143,232,existing,859.2478233139677,89,104,143,133,existing,648.864559621039,89,103,143,133,existing,648.864559621039,89,108,143,334,existing,1065.0029042297454,89,110,143,270,existing,1072.7990116011465,89,111,143,270,existing,1072.7990116011465
90,90,67,148,148,existing,0.0,90,67,148,213,existing,773.0687939191675,90,67,148,148,allocated,0.0,90,102,148,86,existing,27.06496021050879,90,101,148,86,existing,27.06496021050879,90,117,148,152,existing,191.34864714274806,90,118,148,212,existing,224.11899237075133,90,120,148,92,existing,436.4267006967158,90,115,148,92,existing,436.4267006967158,90,114,148,91,existing,537.7193886832476,90,116,148,151,existing,225.42664181465952,90,100,148,91,existing,537.7193886832476,90,119,148,365,existing,619.6727282074951
91,91,73,149,81,existing,31.593627829112425,91,73,149,213,existing,427.7535160485236,91,73,149,81,existing,31.593627829112425,91,104,149,133,existing,123.61627591586858,91,103,149,133,existing,123.61627591586858,91,107,149,232,existing,130.63640510978246,91,99,149,131,existing,146.86398340616557,91,111,149,270,existing,308.11867767361355,91,109,149,270,existing,308.11867767361355,91,110,149,270,existing,308.11867767361355,91,108,149,334,existing,292.5220686928376,91,112,149,271,existing,464.35122783627975,91,119,149,365,existing,432.35223960619385
92,92,94,154,212,existing,74.11640659046343,92,94,154,55,existing,622.351880786953,92,94,154,212,allocated,74.11640659046343,92,118,154,212,existing,74.11640659046343,92,117,154,152,existing,106.88675181846669,92,116,154,151,existing,140.96474649037816,92,102,154,86,existing,236.4885768785204,92,100,154,91,existing,453.25749335896637,92,120,154,92,existing,351.9648053724344,92,101,154,86,existing,236.4885768785204,92,115,154,92,existing,351.9648053724344,92,114,154,91,existing,453.25749335896637,92,119,154,365,existing,666.1427193160625
93,93,75,155,359,existing,134.17099551681758,93,75,155,201,existing,899.2417068643459,93,75,155,204,allocated,55.30779313388433,93,105,155,135,existing,679.062131889177,93,106,155,264,existing,791.5090704045567,93,99,155,131,existing,1305.4618495029927,93,98,155,264,existing,791.5090704045567,93,108,155,334,existing,1725.5300632764936,93,104,155,133,existing,1309.3917186677872,93,103,155,133,existing,1309.3917186677872,93,107,155,232,existing,1519.774982360716,93,109,155,270,existing,1733.3261706478947,93,111,155,270,existing,1733.3261706478947
94,94,89,156,234,existing,353.15677838550084,94,89,156,213,existing,1661.611078100977,94,89,156,196,allocated,576.7864939107963,94,112,156,271,existing,802.9200393275482,94,109,156,270,existing,962.14779281943,94,111,156,270,existing,962.14779281943,94,110,156,270,existing,962.14779281943,94,99,156,131,existing,1390.012113964332,94,103,156,133,existing,1390.8875430796968,94,108,156,334,existing,974.7491984709905,94,107,156,232,existing,1175.6989811066087,94,104,156,133,existing,1390.8875430796968,94,119,156,365,existing,1662.701070170032
95,95,89,157,234,existing,191.09847268277034,95,89,157,213,existing,1499.5527723982464,95,89,157,196,allocated,414.72818820806583,95,112,157,271,existing,640.8617336248178,95,110,157,270,existing,800.0894871166995,95,109,157,270,existing,800.0894871166995,95,111,157,270,existing,800.0894871166995,95,103,157,133,existing,1228.8292373769661,95,108,157,334,existing,812.6908927682599,95,107,157,232,existing,1013.6406754038782,95,99,157,131,existing,1227.9538082616014,95,119,157,365,existing,1500.6427644673013,95,104,157,133,existing,1228.8292373769661
96,96,88,158,158,existing,0.0,96,88,158,213,existing,1104.4461086281647,96,88,158,97,allocated,344.7014567999492,96,112,158,271,existing,245.75506985473606,96,109,158,270,existing,404.9828233466178,96,110,158,270,existing,404.9828233466178,96,111,158,270,existing,404.9828233466178,96,107,158,232,existing,618.5340116337965,96,99,158,131,existing,832.8471444915197,96,108,158,334,existing,417.5842289981782,96,104,158,133,existing,833.7225736068845,96,119,158,365,existing,1105.5361006972196,96,103,158,133,existing,833.7225736068845
97,97,93,159,212,existing,240.860308946619,97,93,159,55,existing,455.6079784307974,97,93,159,230,existing,204.87906781848451,97,118,159,212,existing,240.860308946619,97,116,159,151,existing,246.75334579400396,97,117,159,152,existing,273.63065417462224,97,115,159,92,existing,374.00484872502136,97,120,159,92,existing,374.00484872502136,97,100,159,91,existing,475.2975367115533,97,102,159,86,existing,401.1604523237427,97,101,159,86,existing,401.1604523237427,97,114,159,91,existing,475.2975367115533,97,119,159,365,existing,656.1457410229868
98,98,94,160,212,existing,79.80041220102119,98,94,160,55,existing,619.9987079482414,98,94,160,230,existing,40.48833830104048,98,118,160,212,existing,79.80041220102119,98,116,160,151,existing,82.36261627655993,98,117,160,152,existing,112.57075742902445,98,120,160,92,existing,209.6141192075773,98,115,160,92,existing,209.6141192075773,98,100,160,91,existing,310.9068071941092,98,102,160,86,existing,276.85444436126375,98,101,160,86,existing,276.85444436126375,98,119,160,365,existing,820.0595381075473,98,114,160,91,existing,310.9068071941092
99,99,76,171,135,existing,692.7175020856376,99,76,171,201,existing,697.1717014961087,99,76,171,85,allocated,530.9917396363512,99,105,171,135,existing,692.7175020856376,99,106,171,264,existing,846.7916485295033,99,103,171,133,existing,984.9427674325914,99,98,171,264,existing,846.7916485295033,99,104,171,133,existing,984.9427674325914,99,119,171,365,existing,1077.4512513933307,99,99,171,131,existing,995.5041639803449,99,113,171,317,existing,1127.5566373000056,99,107,171,232,existing,1200.2663609590086,99,100,171,91,existing,1219.4293258755984
100,100,76,172,135,existing,744.1165888784037,100,76,172,12,existing,712.6411202327267,100,76,172,85,allocated,582.3908264291172,100,105,172,135,existing,744.1165888784037,100,98,172,264,existing,898.1907353222692,100,106,172,264,existing,898.1907353222692,100,103,172,133,existing,983.0176059517418,100,119,172,365,existing,1026.0521646005645,100,99,172,131,existing,993.5790024994951,100,113,172,317,existing,1076.1575505072396,100,104,172,133,existing,983.0176059517418,100,114,172,91,existing,1168.0302390828322,100,100,172,91,existing,1168.0302390828322
101,101,76,173,135,existing,919.6989976243844,101,76,173,55,existing,778.555587390696,101,76,173,320,existing,462.5692917835739,101,105,173,135,existing,919.6989976243844,101,98,173,264,existing,1073.77314406825,101,113,173,317,existing,1104.2240170234763,101,106,173,264,existing,1073.77314406825,101,99,173,131,existing,1124.541992235157,101,104,173,133,existing,1113.9805956874036,101,103,173,133,existing,1113.9805956874036,101,119,173,365,existing,1157.0151543362265,101,100,173,91,existing,1196.0967055990689,101,114,173,91,existing,1196.0967055990689
102,102,90,174,310,existing,923.5361248956917,102,90,174,55,existing,681.8575925288283,102,90,174,320,allocated,365.8712969217062,102,113,174,317,existing,1007.5260221616087,102,105,174,135,existing,1016.3969924862522,102,114,174,91,existing,1099.3987107372013,102,100,174,91,existing,1099.3987107372013,102,98,174,264,existing,1170.4711389301178,102,120,174,92,existing,1193.7109289296782,102,115,174,92,existing,1193.7109289296782,102,106,174,264,existing,1170.4711389301178,102,104,174,133,existing,1210.6785905492713,102,103,174,133,existing,1210.6785905492713
103,103,90,175,310,existing,474.15673962199116,103,90,175,55,existing,203.056564133323,103,90,175,320,allocated,112.92973147379905,103,113,175,317,existing,558.1466368879081,103,114,175,91,existing,620.597682341696,103,120,175,92,existing,714.909900534173,103,100,175,91,existing,620.597682341696,103,116,175,151,existing,905.4178883581244,103,119,175,365,existing,916.3086845786261,103,115,175,92,existing,714.909900534173,103,118,175,212,existing,899.5248515107395,103,117,175,152,existing,932.2951967387428,103,102,175,86,existing,1058.819263757799
104,104,90,176,310,existing,462.89084623414755,104,90,176,55,existing,189.0593511033536,104,90,176,320,existing,126.92694450376845,104,113,176,317,existing,546.8807435000645,104,114,176,91,existing,606.6004693117266,104,120,176,92,existing,700.9126875042036,104,100,176,91,existing,606.6004693117266,104,116,176,151,existing,891.4206753281551,104,118,176,212,existing,885.5276384807701,104,115,176,92,existing,700.9126875042036,104,117,176,152,existing,918.2979837087734,104,119,176,365,existing,927.752384092316,104,102,176,86,existing,1044.8220507278297
105,105,95,177,225,existing,240.8465189498009,105,95,177,213,existing,674.6236001673378,105,95,177,87,allocated,132.49774520310433,105,102,177,86,existing,408.14032348331824,105,101,177,86,existing,408.14032348331824,105,117,177,152,existing,572.4240104155575,105,119,177,365,existing,521.2275344556654,105,116,177,151,existing,606.502005087469,105,115,177,92,existing,817.5020639695254,105,118,177,212,existing,605.1943556435608,105,120,177,92,existing,817.5020639695254,105,114,177,91,existing,918.7947519560573,105,100,177,91,existing,918.7947519560573
106,106,95,178,225,existing,273.43579325614695,106,95,178,213,existing,707.2128744736839,106,95,178,87,allocated,99.90847089675827,106,102,178,86,existing,440.7295977896643,106,101,178,86,existing,440.7295977896643,106,117,178,152,existing,605.0132847219036,106,119,178,365,existing,553.8168087620114,106,120,178,92,existing,850.0913382758713,106,115,178,92,existing,850.0913382758713,106,118,178,212,existing,637.7836299499068,106,116,178,151,existing,639.0912793938151,106,114,178,91,existing,951.3840262624033,106,100,178,91,existing,951.3840262624033
107,107,66,179,69,existing,186.66080904754025,107,66,179,201,existing,634.0304262931409,107,66,179,179,allocated,0.0,107,105,179,135,existing,326.75255770504515,107,98,179,264,existing,439.1994962204249,107,106,179,264,existing,439.1994962204249,107,99,179,131,existing,931.9702931472864,107,107,179,232,existing,1146.2834260050097,107,103,179,133,existing,957.0821444836557,107,104,179,133,existing,957.0821444836557,107,109,179,270,existing,1359.8346142921882,107,110,179,270,existing,1359.8346142921882,107,111,179,270,existing,1359.8346142921882
108,108,66,180,69,existing,155.70605300043593,108,66,180,201,existing,463.3546732636144,108,66,180,222,allocated,69.97240680890809,108,105,180,135,existing,156.07680467551876,108,98,180,264,existing,267.6811014074401,108,106,180,264,existing,267.6811014074401,108,99,180,131,existing,759.8653609001285,108,104,180,133,existing,785.5637496706709,108,103,180,133,existing,785.5637496706709,108,107,180,232,existing,974.1784937578518,108,109,180,270,existing,1187.7296820450306,108,110,180,270,existing,1187.7296820450306,108,111,180,270,existing,1187.7296820450306
109,109,79,182,20,existing,528.3470054748097,109,79,182,223,existing,361.7137750944818,109,79,182,4,allocated,281.2771676476089,109,104,182,133,existing,589.1222795372711,109,103,182,133,existing,589.1222795372711,109,99,182,131,existing,599.6836760850244,109,119,182,365,existing,617.8629918285989,109,106,182,264,existing,944.1983429205271,109,108,182,334,existing,1005.2606241459772,109,98,182,264,existing,944.1983429205271,109,107,182,232,existing,804.4458730636883,109,110,182,270,existing,1017.9970613508669,109,109,182,270,existing,1017.9970613508669
110,110,88,183,158,existing,160.38677414445615,110,88,183,213,existing,1119.4533983083288,110,88,183,97,allocated,184.31468265549304,110,112,183,271,existing,296.5469832309206,110,108,183,334,existing,432.59151867834237,110,109,183,270,existing,448.1881276591183,110,111,183,270,existing,448.1881276591183,110,107,183,232,existing,661.7393159462971,110,110,183,270,existing,448.1881276591183,110,103,183,133,existing,848.7298632870486,110,104,183,133,existing,848.7298632870486,110,119,183,365,existing,1120.5433903773837,110,99,183,131,existing,870.997928030497
111,111,72,184,365,existing,72.32350873372751,111,72,184,213,existing,89.6536294343946,111,72,184,365,allocated,72.32350873372751,111,119,184,365,existing,72.32350873372751,111,107,184,232,existing,600.6725857859127,111,103,184,133,existing,628.2920242557899,111,104,184,133,existing,628.2920242557899,111,102,184,86,existing,671.482572299212,111,99,184,131,existing,651.5397317460869,111,108,184,334,existing,760.2753804327689,111,101,184,86,existing,671.482572299212,111,110,184,270,existing,775.8719894135448,111,109,184,270,existing,775.8719894135448
112,112,84,185,232,existing,272.39572560622173,112,84,185,213,existing,799.6548105893519,112,84,185,185,allocated,0.0,112,107,185,232,existing,272.39572560622173,112,112,185,271,existing,333.657011738391,112,109,185,270,existing,459.63792297857964,112,111,185,270,existing,459.63792297857964,112,110,185,270,existing,459.63792297857964,112,104,185,133,existing,487.719319132639,112,99,185,131,existing,486.7088584639449,112,108,185,334,existing,475.2345319593556,112,103,185,133,existing,487.719319132639,112,119,185,365,existing,800.7448026584068
113,113,90,186,310,existing,567.202872511358,113,90,186,55,existing,296.1026970226899,113,90,186,320,allocated,205.97586436316595,113,113,186,317,existing,651.192769777275,113,114,186,91,existing,713.6438152310628,113,115,186,92,existing,807.9560334235398,113,100,186,91,existing,713.6438152310628,113,120,186,92,existing,807.9560334235398,113,102,186,86,existing,968.517297493615,113,119,186,365,existing,823.2625516892591,113,101,186,86,existing,968.517297493615,113,116,186,151,existing,998.4640212474912,113,118,186,212,existing,992.5709844001063
114,114,90,187,310,existing,664.7237481895183,114,90,187,55,existing,393.62357270085016,114,90,187,5,allocated,191.07616733952744,114,119,187,365,existing,725.741676011099,114,113,187,317,existing,748.7136454554353,114,114,187,91,existing,811.164690909223,114,100,187,91,existing,811.164690909223,114,120,187,92,existing,905.4769091017001,114,102,187,86,existing,870.9964218154548,114,101,187,86,existing,870.9964218154548,114,115,187,92,existing,905.4769091017001,114,117,187,152,existing,1035.2801087476942,114,118,187,212,existing,1011.637566692798
115,115,75,190,359,existing,190.71849127116076,115,75,190,201,existing,1190.6366157107755,115,75,190,359,allocated,190.71849127116076,115,105,190,135,existing,883.3587471226798,115,98,190,264,existing,995.8056856380596,115,99,190,131,existing,1488.576482564921,115,106,190,264,existing,995.8056856380596,115,111,190,270,existing,1916.440803709823,115,107,190,232,existing,1702.8896154226443,115,103,190,133,existing,1513.6883339012902,115,104,190,133,existing,1513.6883339012902,115,109,190,270,existing,1916.440803709823,115,110,190,270,existing,1916.440803709823
116,116,66,191,69,existing,312.09252421860646,116,66,191,201,existing,529.1570712507712,116,66,191,260,allocated,112.67339460491462,116,105,191,135,existing,452.1842728761114,116,106,191,264,existing,564.6312113914912,116,99,191,131,existing,1078.5839904899274,116,98,191,264,existing,564.6312113914912,116,107,191,232,existing,1292.8971233476504,116,108,191,334,existing,1498.6522042634283,116,104,191,133,existing,1082.513859654722,116,103,191,133,existing,1082.513859654722,116,111,191,270,existing,1506.4483116348292,116,119,191,365,existing,1504.8248926480483
117,117,71,193,225,existing,249.55417915167547,117,71,193,213,existing,819.5445321634518,117,71,193,108,allocated,173.25284149744505,117,102,193,86,existing,416.84798368519284,117,101,193,86,existing,416.84798368519284,117,117,193,152,existing,581.1316706174321,117,118,193,212,existing,613.9020158454354,117,119,193,365,existing,666.1484664517793,117,120,193,92,existing,826.2097241713999,117,116,193,151,existing,615.2096652893435,117,115,193,92,existing,826.2097241713999,117,114,193,91,existing,927.5024121579318,117,100,193,91,existing,927.5024121579318
118,118,95,194,225,existing,138.99749699749657,118,95,194,213,existing,930.1012143176307,118,95,194,148,allocated,279.2263413205051,118,102,194,86,existing,306.2913015310139,118,101,194,86,existing,306.2913015310139,118,117,194,152,existing,470.5749884632532,118,118,194,212,existing,503.3453336912564,118,120,194,92,existing,715.653042017221,118,115,194,92,existing,715.653042017221,118,119,194,365,existing,776.7051486059582,118,116,194,151,existing,504.6529831351647,118,100,194,91,existing,816.9457300037529,118,114,194,91,existing,816.9457300037529
119,119,89,195,234,existing,386.4327547080599,119,89,195,213,existing,1485.87098866786,119,89,195,196,allocated,49.962294567247206,119,112,195,271,existing,644.3510483440307,119,108,195,334,existing,799.0091090378736,119,111,195,270,existing,803.5788018359124,119,109,195,270,existing,803.5788018359124,119,107,195,232,existing,1017.129990123091,119,104,195,133,existing,1215.1474536465798,119,103,195,133,existing,1215.1474536465798,119,110,195,270,existing,803.5788018359124,119,119,195,365,existing,1486.960980736915,119,99,195,131,existing,1231.4431229808142
120,120,89,196,234,existing,424.9757554233431,120,89,196,213,existing,1524.4139893831432,120,89,196,196,allocated,0.0,120,112,196,271,existing,682.8940490593138,120,108,196,334,existing,837.5521097531569,120,110,196,270,existing,842.1218025511955,120,111,196,270,existing,842.1218025511955,120,109,196,270,existing,842.1218025511955,120,104,196,133,existing,1253.690454361863,120,103,196,133,existing,1253.690454361863,120,107,196,232,existing,1055.6729908383743,120,119,196,365,existing,1525.503981452198,120,99,196,131,existing,1269.9861236960974
121,121,95,197,225,existing,320.75943825807434,121,95,197,213,existing,748.3392730570529,121,95,197,108,allocated,102.04758239104615,121,102,197,86,existing,488.0532427915917,121,101,197,86,existing,488.0532427915917,121,117,197,152,existing,652.336929723831,121,119,197,365,existing,594.9432073453804,121,120,197,92,existing,897.4149832777987,121,116,197,151,existing,686.4149243957424,121,118,197,212,existing,685.1072749518341,121,115,197,92,existing,897.4149832777987,121,100,197,91,existing,998.7076712643307,121,114,197,91,existing,998.7076712643307
122,122,77,200,264,existing,221.5351720535664,122,77,200,201,existing,71.91522502017176,122,77,200,201,allocated,71.91522502017176,122,106,200,264,existing,221.5351720535664,122,98,200,264,existing,221.5351720535664,122,105,200,135,existing,255.9904992888722,122,99,200,131,existing,668.8852547374377,122,108,200,334,existing,1088.9534685109386,122,103,200,133,existing,672.8151239022324,122,104,200,133,existing,672.8151239022324,122,107,200,232,existing,883.198387595161,122,111,200,270,existing,1096.7495758823397,122,110,200,270,existing,1096.7495758823397
123,123,77,201,264,existing,293.45039707373815,123,77,201,201,existing,0.0,123,77,201,201,allocated,0.0,123,106,201,264,existing,293.45039707373815,123,98,201,264,existing,293.45039707373815,123,99,201,131,existing,740.8004797576095,123,105,201,135,existing,327.905724309044,123,108,201,334,existing,1160.8686935311102,123,104,201,133,existing,744.7303489224041,123,103,201,133,existing,744.7303489224041,123,107,201,232,existing,955.1136126153326,123,110,201,270,existing,1168.6648009025114,123,111,201,270,existing,1168.6648009025114
124,124,76,206,135,existing,381.3769626630318,124,76,206,201,existing,385.8311620735028,124,76,206,85,allocated,219.65120021374534,124,105,206,135,existing,381.3769626630318,124,106,206,264,existing,535.4511091068974,124,104,206,133,existing,722.3432797278489,124,98,206,264,existing,535.4511091068974,124,119,206,365,existing,961.7143499094794,124,107,206,232,existing,937.6668732542661,124,99,206,131,existing,732.9046762756022,124,103,206,133,existing,722.3432797278489,124,108,206,334,existing,1138.481624336555,124,110,206,270,existing,1151.2180615414447
125,125,79,207,20,existing,378.897696208351,125,79,207,12,existing,169.29648455179736,125,79,207,12,allocated,169.29648455179736,125,104,207,133,existing,439.67297027081236,125,103,207,133,existing,439.67297027081236,125,99,207,131,existing,450.2343668185657,125,106,207,264,existing,577.0229952991377,125,107,207,232,existing,654.9965637972296,125,119,207,365,existing,679.0440404524428,125,98,207,264,existing,577.0229952991377,125,105,207,135,existing,664.0472721200683,125,111,207,270,existing,868.5477520844082,125,108,207,334,existing,855.8113148795185
126,126,79,208,20,existing,449.41342571838777,126,79,208,12,existing,255.46468172284904,126,79,208,12,allocated,255.46468172284904,126,104,208,133,existing,510.1886997808491,126,103,208,133,existing,510.1886997808491,126,99,208,131,existing,520.7500963286025,126,119,208,365,existing,592.8758432813911,126,98,208,264,existing,663.1911924701894,126,107,208,232,existing,725.5122933072663,126,105,208,135,existing,750.21546929112,126,106,208,264,existing,663.1911924701894,126,109,208,270,existing,939.063481594445,126,108,208,334,existing,926.3270443895552
127,127,76,209,135,existing,537.3196324506922,127,76,209,201,existing,541.7738318611633,127,76,209,85,allocated,375.5938700014058,127,105,209,135,existing,537.3196324506922,127,106,209,264,existing,691.393778894558,127,104,209,133,existing,878.3818845647612,127,98,209,264,existing,691.393778894558,127,99,209,131,existing,888.9432811125146,127,107,209,232,existing,1093.7054780911785,127,119,209,365,existing,1141.9937087619737,127,103,209,133,existing,878.3818845647612,127,108,209,334,existing,1294.5202291734672,127,110,209,270,existing,1307.256666378357
128,128,76,210,135,existing,380.9168851891581,128,76,210,201,existing,385.37108459962917,128,76,210,85,allocated,219.19112273987164,128,105,210,135,existing,380.9168851891581,128,106,210,264,existing,534.9910316330238,128,103,210,133,existing,721.979137303227,128,98,210,264,existing,534.9910316330238,128,104,210,133,existing,721.979137303227,128,99,210,131,existing,732.5405338509804,128,119,210,365,existing,985.5909615004394,128,107,210,232,existing,937.3027308296442,128,108,210,334,existing,1138.1174819119333,128,110,210,270,existing,1150.853919116823
129,129,76,211,135,existing,657.9845649647576,129,76,211,201,existing,662.4387643752286,129,76,211,85,allocated,496.2588025154711,129,105,211,135,existing,657.9845649647576,129,106,211,264,existing,812.0587114086231,129,103,211,133,existing,950.2098303117112,129,98,211,264,existing,812.0587114086231,129,104,211,133,existing,950.2098303117112,129,107,211,232,existing,1165.5334238381283,129,99,211,131,existing,960.7712268594646,129,119,211,365,existing,1189.5809004933417,129,111,211,270,existing,1379.084612125307,129,108,211,334,existing,1366.3481749204175
130,130,72,213,365,existing,158.35722556172644,130,72,213,213,existing,0.0,130,72,213,341,allocated,101.50433890524798,130,119,213,365,existing,158.35722556172644,130,107,213,232,existing,527.2590849831303,130,103,213,133,existing,551.3697919643921,130,104,213,133,existing,551.3697919643921,130,99,213,131,existing,574.6174994546891,130,108,213,334,existing,686.8618796299864,130,109,213,270,existing,702.4584886107624,130,111,213,270,existing,702.4584886107624,130,101,213,86,existing,757.9752065909092,130,110,213,270,existing,702.4584886107624
131,131,89,216,234,existing,261.3048869530145,131,89,216,213,existing,1360.7431209128147,131,89,216,196,allocated,163.67086847032863,131,112,216,271,existing,519.2231805889852,131,108,216,334,existing,673.8812412828281,131,110,216,270,existing,678.450934080867,131,111,216,270,existing,678.450934080867,131,103,216,133,existing,1090.0195858915345,131,109,216,270,existing,678.450934080867,131,104,216,133,existing,1090.0195858915345,131,107,216,232,existing,892.0021223680455,131,119,216,365,existing,1361.8331129818696,131,99,216,131,existing,1106.3152552257689
132,132,89,217,234,existing,313.2131968934883,132,89,217,213,existing,1412.6514308532885,132,89,217,196,allocated,111.7625585298548,132,112,217,271,existing,571.131490529459,132,108,217,334,existing,725.7895512233019,132,110,217,270,existing,730.3592440213408,132,111,217,270,existing,730.3592440213408,132,103,217,133,existing,1141.9278958320083,132,109,217,270,existing,730.3592440213408,132,104,217,133,existing,1141.9278958320083,132,107,217,232,existing,943.9104323085194,132,99,217,131,existing,1158.2235651662427,132,119,217,365,existing,1413.7414229223434
133,133,76,218,135,existing,48.29292585671821,133,76,218,201,existing,376.19865016576216,133,76,218,134,allocated,16.305854902616694,133,105,218,135,existing,48.29292585671821,133,98,218,264,existing,156.59153542550584,133,106,218,264,existing,156.59153542550584,133,99,218,131,existing,648.7757949181944,133,104,218,133,existing,674.4741836887366,133,103,218,133,existing,674.4741836887366,133,109,218,270,existing,1076.6401160630962,133,107,218,232,existing,863.0889277759175,133,110,218,270,existing,1076.6401160630962,133,111,218,270,existing,1076.6401160630962
134,134,66,219,69,existing,42.80398010460669,134,66,219,201,existing,490.1735973502073,134,66,219,374,allocated,91.868340233267,134,105,219,135,existing,182.89572876211162,134,98,219,264,existing,295.3426672774914,134,104,219,133,existing,813.2253155407221,134,106,219,264,existing,295.3426672774914,134,107,219,232,existing,1023.6085792336507,134,99,219,131,existing,809.2954463759274,134,110,219,270,existing,1237.1597675208295,134,103,219,133,existing,813.2253155407221,134,111,219,270,existing,1237.1597675208295,134,108,219,334,existing,1229.3636601494284
135,135,79,220,20,existing,814.7101567080138,135,79,220,12,existing,605.1089450514601,135,79,220,320,existing,523.408469911864,135,105,220,135,existing,851.6487640596703,135,103,220,133,existing,875.4854307704751,135,104,220,133,existing,875.4854307704751,135,99,220,131,existing,886.0468273182285,135,119,220,365,existing,918.5199894192981,135,113,220,317,existing,968.6253753259731,135,106,220,264,existing,1005.7229105035359,135,98,220,264,existing,1005.7229105035359,135,114,220,91,existing,1060.4980639015657,135,100,220,91,existing,1060.4980639015657
136,136,79,221,20,existing,800.0158373830652,136,79,221,12,existing,590.4146257265115,136,79,221,320,allocated,538.1027892368126,136,104,221,133,existing,860.7911114455266,136,103,221,133,existing,860.7911114455266,136,99,221,131,existing,871.3525079932799,136,105,221,135,existing,866.3430833846188,136,106,221,264,existing,998.1411364738519,136,98,221,264,existing,998.1411364738519,136,113,221,317,existing,983.3196946509216,136,119,221,365,existing,903.8256700943496,136,100,221,91,existing,1075.1923832265143,136,114,221,91,existing,1075.1923832265143
137,137,66,222,69,existing,85.73364619152784,137,66,222,201,existing,393.3822664547063,137,66,222,222,allocated,0.0,137,105,222,135,existing,86.10439786661068,137,106,222,264,existing,197.708694598532,137,98,222,264,existing,197.708694598532,137,99,222,131,existing,689.8929540912204,137,104,222,133,existing,715.5913428617628,137,107,222,232,existing,904.2060869489437,137,103,222,133,existing,715.5913428617628,137,109,222,270,existing,1117.7572752361225,137,110,222,270,existing,1117.7572752361225,137,111,222,270,existing,1117.7572752361225
138,138,72,224,365,existing,371.0342574179557,138,72,224,223,existing,187.4005895945716,138,72,224,253,allocated,137.8488765467936,138,119,224,365,existing,371.0342574179557,138,103,224,133,existing,511.14677045612154,138,104,224,133,existing,511.14677045612154,138,99,224,131,existing,521.7081670038749,138,108,224,334,existing,899.5389114862157,138,111,224,270,existing,915.1355204669917,138,109,224,270,existing,915.1355204669917,138,107,224,232,existing,726.4703639825387,138,101,224,86,existing,970.6522384471385,138,110,224,270,existing,915.1355204669917
139,139,95,225,225,existing,0.0,139,95,225,213,existing,913.2976382421762,139,95,225,148,allocated,140.22884432300856,139,102,225,86,existing,167.29380453351735,139,101,225,86,existing,167.29380453351735,139,117,225,152,existing,331.5774914657566,139,118,225,212,existing,364.34783669375986,139,120,225,92,existing,576.6555450197244,139,115,225,92,existing,576.6555450197244,139,116,225,151,existing,365.6554861376681,139,114,225,91,existing,677.9482330062563,139,100,225,91,existing,677.9482330062563,139,119,225,365,existing,759.9015725305037
140,140,95,233,225,existing,426.39702717501217,140,95,233,213,existing,661.9375174231984,140,95,233,108,allocated,15.645826757191768,140,119,233,365,existing,508.541451711526,140,101,233,86,existing,593.6908317085295,140,117,233,152,existing,757.9745186407688,140,102,233,86,existing,593.6908317085295,140,116,233,151,existing,792.0525133126803,140,107,233,232,existing,995.5852253584011,140,118,233,212,existing,766.2522632243829,140,115,233,92,existing,1003.0525721947365,140,104,233,133,existing,1046.8530082700088,140,120,233,92,existing,1003.0525721947365
141,141,89,234,234,existing,0.0,141,89,234,213,existing,1308.454299715476,141,89,234,97,allocated,387.77666354818956,141,112,234,271,existing,449.76326094204745,141,111,234,270,existing,608.9910144339292,141,110,234,270,existing,608.9910144339292,141,109,234,270,existing,608.9910144339292,141,99,234,131,existing,1036.855335578831,141,104,234,133,existing,1037.7307646941958,141,107,234,232,existing,822.5422027211079,141,108,234,334,existing,621.5924200854896,141,103,234,133,existing,1037.7307646941958,141,119,234,365,existing,1309.544291784531
142,142,88,235,158,existing,365.90229175310435,142,88,235,213,existing,1470.3484003812691,142,88,235,97,allocated,614.0662594095752,142,112,235,271,existing,611.6573616078404,142,109,235,270,existing,770.885115099722,142,111,235,270,existing,770.885115099722,142,110,235,270,existing,770.885115099722,142,108,235,334,existing,783.4865207512826,142,107,235,232,existing,984.4363033869008,142,103,235,133,existing,1199.624865359989,142,99,235,131,existing,1198.749436244624,142,119,235,365,existing,1471.438392450324,142,104,235,133,existing,1199.624865359989
143,143,88,236,158,existing,312.5878870314445,143,88,236,213,existing,1417.033995659609,143,88,236,97,allocated,560.7518546879154,143,112,236,271,existing,558.3429568861806,143,110,236,270,existing,717.5707103780622,143,111,236,270,existing,717.5707103780622,143,109,236,270,existing,717.5707103780622,143,108,236,334,existing,730.1721160296227,143,99,236,131,existing,1145.4350315229642,143,103,236,133,existing,1146.3104606383288,143,107,236,232,existing,931.121898665241,143,119,236,365,existing,1418.123987728664,143,104,236,133,existing,1146.3104606383288
144,144,76,237,135,existing,800.8940355311148,144,76,237,12,existing,655.8636735800155,144,76,237,320,existing,574.1631984404195,144,105,237,135,existing,800.8940355311148,144,103,237,133,existing,926.2401592990306,144,104,237,133,existing,926.2401592990306,144,99,237,131,existing,936.8015558467839,144,98,237,264,existing,954.9681819749804,144,106,237,264,existing,954.9681819749804,144,113,237,317,existing,1019.3801038545286,144,119,237,365,existing,969.2747179478534,144,100,237,91,existing,1111.2527924301212,144,114,237,91,existing,1111.2527924301212
145,145,92,242,92,existing,92.9404206938768,145,92,242,55,existing,591.2909536416421,145,92,242,230,existing,76.18536021266002,145,120,242,92,existing,92.9404206938768,145,115,242,92,existing,92.9404206938768,145,116,242,151,existing,118.05963818817946,145,117,242,152,existing,152.13763286009095,145,114,242,91,existing,194.23310868040875,145,101,242,86,existing,316.4213197923302,145,100,242,91,existing,194.23310868040875,145,118,242,212,existing,184.90797808809418,145,119,242,365,existing,916.039300821513,145,102,242,86,existing,316.4213197923302
146,146,92,243,92,existing,492.7823774753945,146,92,243,55,existing,191.44899686012445,146,92,243,246,allocated,92.20705676173914,146,120,243,92,existing,492.7823774753945,146,115,243,92,existing,492.7823774753945,146,118,243,212,existing,505.01929051729206,146,116,243,151,existing,510.912327364677,146,117,243,152,existing,537.7896357452953,146,119,243,365,existing,547.2440361288379,146,114,243,91,existing,594.0750654619264,146,100,243,91,existing,594.0750654619264,146,102,243,86,existing,664.3137027643515,146,101,243,86,existing,664.3137027643515
147,147,94,244,212,existing,427.3986791509011,147,94,244,55,existing,269.0856621702577,147,94,244,246,allocated,169.8437220718724,147,118,244,212,existing,427.3986791509011,147,116,244,151,existing,433.29171599828607,147,119,244,365,existing,469.60737081870474,147,117,244,152,existing,460.1690243789044,147,102,244,86,existing,586.6770374542184,147,115,244,92,existing,560.5432189293034,147,120,244,92,existing,560.5432189293034,147,101,244,86,existing,586.6770374542184,147,114,244,91,existing,661.8359069158353,147,100,244,91,existing,661.8359069158353
148,148,72,245,365,existing,298.63727530017417,148,72,245,213,existing,317.24418062907665,148,72,245,5,allocated,236.02823337139733,148,119,245,365,existing,298.63727530017417,148,101,245,86,existing,443.89202110453004,148,118,245,212,existing,584.5331659818733,148,102,245,86,existing,443.89202110453004,148,107,245,232,existing,826.9863523523593,148,117,245,152,existing,608.1757080367693,148,120,245,92,existing,853.2537615907371,148,116,245,151,existing,642.2537027086807,148,104,245,133,existing,854.6057908222365,148,103,245,133,existing,854.6057908222365
149,149,92,246,92,existing,412.6113963024647,149,92,246,55,existing,99.2419400983853,149,92,246,246,allocated,0.0,149,120,246,92,existing,412.6113963024647,149,115,246,92,existing,412.6113963024647,149,114,246,91,existing,513.9040842889966,149,100,246,91,existing,513.9040842889966,149,116,246,151,existing,603.1193841264162,149,117,246,152,existing,629.9966925070345,149,118,246,212,existing,597.2263472790312,149,119,246,365,existing,639.4510928905771,149,101,246,86,existing,756.5207595260907,149,102,246,86,existing,756.5207595260907
150,150,90,247,310,existing,639.0657704299733,150,90,247,55,existing,397.3872380631098,150,90,247,320,allocated,277.8387622817812,150,113,247,317,existing,723.0556676958903,150,114,247,91,existing,814.9283562714828,150,115,247,92,existing,909.2405744639598,150,100,247,91,existing,814.9283562714828,150,105,247,135,existing,1097.2184716897532,150,118,247,212,existing,1093.8555254405264,150,116,247,151,existing,1099.7485622879112,150,120,247,92,existing,909.2405744639598,150,119,247,365,existing,1110.639358508413,150,103,247,133,existing,1121.0551384005578
151,151,90,248,310,existing,459.44591806108883,151,90,248,55,existing,217.76738569422534,151,90,248,320,existing,98.21890991289673,151,113,248,317,existing,543.4358153270058,151,114,248,91,existing,635.3085039025983,151,120,248,92,existing,729.6207220950753,151,100,248,91,existing,635.3085039025983,151,119,248,365,existing,931.0195061395284,151,116,248,151,existing,920.1287099190267,151,115,248,92,existing,729.6207220950753,151,118,248,212,existing,914.2356730716418,151,117,248,152,existing,947.0060182996451,151,102,248,86,existing,1073.5300853187014
152,152,71,249,225,existing,439.9552243956804,152,71,249,213,existing,894.3835169380015,152,71,249,108,allocated,248.0918262719948,152,102,249,86,existing,607.2490289291977,152,101,249,86,existing,607.2490289291977,152,119,249,365,existing,740.9874512263291,152,117,249,152,existing,771.532715861437,152,115,249,92,existing,1016.6107694154048,152,120,249,92,existing,1016.6107694154048,152,118,249,212,existing,804.3030610894402,152,116,249,151,existing,805.6107105333485,152,100,249,91,existing,1117.9034574019367,152,114,249,91,existing,1117.9034574019367
153,153,70,250,86,existing,83.32651575370483,153,70,250,213,existing,674.6486908372044,153,70,250,148,allocated,110.39147596421361,153,102,250,86,existing,83.32651575370483,153,101,250,86,existing,83.32651575370483,153,118,250,212,existing,227.27846771527902,153,117,250,152,existing,247.6102026859441,153,119,250,365,existing,516.291465275478,153,116,250,151,existing,281.6881973578556,153,115,250,92,existing,492.6882562399119,153,120,250,92,existing,492.6882562399119,153,114,250,91,existing,593.9809442264439,153,100,250,91,existing,593.9809442264439
154,154,79,251,20,existing,287.31725193833535,154,79,251,223,existing,350.4548340498965,154,79,251,253,allocated,139.59424660614812,154,104,251,133,existing,348.0925260007966,154,103,251,133,existing,348.0925260007966,154,99,251,131,existing,358.65392254855004,154,119,251,365,existing,430.7796695013387,154,110,251,270,existing,776.9673078143925,154,109,251,270,existing,776.9673078143925,154,107,251,232,existing,563.4161195272138,154,108,251,334,existing,764.2308706095027,154,98,251,264,existing,823.2042465115691,154,111,251,270,existing,776.9673078143925
155,155,92,252,92,existing,307.3735670316307,155,92,252,55,existing,376.8578073038882,155,92,252,246,allocated,277.6158672055029,155,120,252,92,existing,307.3735670316307,155,115,252,92,existing,307.3735670316307,155,118,252,212,existing,319.61048007352827,155,116,252,151,existing,325.5035169209132,155,117,252,152,existing,352.38082530153156,155,100,252,91,existing,408.6662550181627,155,101,252,86,existing,479.9106234506519,155,114,252,91,existing,408.6662550181627,155,102,252,86,existing,479.9106234506519,155,119,252,365,existing,732.6528465726018
156,156,72,253,365,existing,291.1854228951905,156,72,253,213,existing,232.3296687939335,156,72,253,253,allocated,0.0,156,119,253,365,existing,291.1854228951905,156,103,253,133,existing,487.6867726069447,156,104,253,133,existing,487.6867726069447,156,99,253,131,existing,498.24816915469813,156,107,253,232,existing,660.0872823165944,156,108,253,334,existing,819.6900769634506,156,109,253,270,existing,835.2866859442265,156,111,253,270,existing,835.2866859442265,156,102,253,86,existing,890.8034039243734,156,110,253,270,existing,835.2866859442265
157,157,72,254,365,existing,312.2597183359512,157,72,254,213,existing,153.9024927742248,157,72,254,253,allocated,79.07433746478908,157,119,254,365,existing,312.2597183359512,157,103,254,133,existing,566.7611100717338,157,104,254,133,existing,566.7611100717338,157,99,254,131,existing,577.3225066194873,157,107,254,232,existing,681.1615777573551,157,108,254,334,existing,840.7643724042113,157,109,254,270,existing,856.3609813849872,157,110,254,270,existing,856.3609813849872,157,102,254,86,existing,911.877699365134,157,111,254,270,existing,856.3609813849872
158,158,88,255,158,existing,97.95496778800954,158,88,255,213,existing,1202.4010764161742,158,88,255,97,allocated,281.7234402488877,158,112,255,271,existing,343.7100376427456,158,110,255,270,existing,502.93779113462733,158,109,255,270,existing,502.93779113462733,158,111,255,270,existing,502.93779113462733,158,108,255,334,existing,515.5391967861877,158,103,255,133,existing,931.677541394894,158,99,255,131,existing,930.8021122795292,158,107,255,232,existing,716.488979421806,158,104,255,133,existing,931.677541394894,158,119,255,365,existing,1203.491068485229
159,159,89,256,234,existing,211.74982026951412,159,89,256,213,existing,1311.1880542293143,159,89,256,196,allocated,213.225935153829,159,112,256,271,existing,469.6681139054848,159,108,256,334,existing,624.3261745993278,159,110,256,270,existing,628.8958673973666,159,111,256,270,existing,628.8958673973666,159,109,256,270,existing,628.8958673973666,159,103,256,133,existing,1040.464519208034,159,104,256,133,existing,1040.464519208034,159,107,256,232,existing,842.4470556845453,159,99,256,131,existing,1056.7601885422685,159,119,256,365,existing,1312.2780462983692
160,160,74,259,359,existing,255.18189505466756,160,74,259,201,existing,749.7552336680475,160,74,259,259,allocated,0.0,160,105,259,135,existing,447.43564608355825,160,106,259,264,existing,559.882584598938,160,99,259,131,existing,1073.8353636973743,160,98,259,264,existing,559.882584598938,160,107,259,232,existing,1288.1484965550974,160,103,259,133,existing,1077.765232862169,160,104,259,133,existing,1077.765232862169,160,108,259,334,existing,1493.903577470875,160,110,259,270,existing,1501.6996848422762,160,111,259,270,existing,1501.6996848422762
161,161,66,260,69,existing,199.41912961369184,161,66,260,201,existing,641.8304658556859,161,66,260,260,allocated,0.0,161,105,260,135,existing,339.51087827119676,161,106,260,264,existing,451.95781678657653,161,99,260,131,existing,965.9105958850128,161,98,260,264,existing,451.95781678657653,161,104,260,133,existing,969.8404650498073,161,103,260,133,existing,969.8404650498073,161,107,260,232,existing,1180.2237287427358,161,108,260,334,existing,1385.9788096585135,161,110,260,270,existing,1393.7749170299146,161,111,260,270,existing,1393.7749170299146
162,162,75,261,359,existing,136.77333813800828,162,75,261,201,existing,916.0748727497466,162,75,261,204,allocated,57.91013575507502,162,105,261,135,existing,613.7552851652575,162,106,261,264,existing,726.2022236806373,162,99,261,131,existing,1240.1550027790734,162,98,261,264,existing,726.2022236806373,162,104,261,133,existing,1244.084871943868,162,108,261,334,existing,1660.2232165525743,162,103,261,133,existing,1244.084871943868,162,107,261,232,existing,1454.4681356367967,162,110,261,270,existing,1668.0193239239752,162,109,261,270,existing,1668.0193239239752
163,163,66,262,69,existing,172.72541347350608,163,66,262,201,existing,620.0950307191067,163,66,262,179,allocated,13.935395574034164,163,105,262,135,existing,312.817162131011,163,106,262,264,existing,425.2641006463908,163,98,262,264,existing,425.2641006463908,163,99,262,131,existing,939.2168797448269,163,108,262,334,existing,1359.2850935183278,163,103,262,133,existing,943.1467489096216,163,107,262,232,existing,1153.5300126025502,163,104,262,133,existing,943.1467489096216,163,109,262,270,existing,1367.0812008897287,163,110,262,270,existing,1367.0812008897287
164,164,77,264,264,existing,0.0,164,77,264,201,existing,293.45039707373815,164,77,264,264,existing,0.0,164,106,264,264,existing,0.0,164,98,264,264,existing,0.0,164,99,264,131,existing,513.9527790984362,164,105,264,135,existing,176.42108042358277,164,108,264,334,existing,934.0209928719369,164,107,264,232,existing,728.2659119561592,164,103,264,133,existing,517.8826482632306,164,104,264,133,existing,517.8826482632306,164,111,264,270,existing,941.817100243338,164,110,264,270,existing,941.817100243338
165,165,77,266,264,existing,17.027153431467415,165,77,266,201,existing,306.1268761919884,165,77,266,264,allocated,17.027153431467415,165,106,266,264,existing,17.027153431467415,165,98,266,264,existing,17.027153431467415,165,99,266,131,existing,509.2114129241559,165,105,266,135,existing,187.85730785075665,165,103,266,133,existing,534.9098016946981,165,104,266,133,existing,534.9098016946981,165,111,266,270,existing,937.0757340690578,165,107,266,232,existing,723.5245457818792,165,109,266,270,existing,937.0757340690578,165,110,266,270,existing,937.0757340690578
166,166,89,267,234,existing,446.69128763256697,166,89,267,213,existing,1626.4478469505052,166,89,267,196,allocated,715.3568604955567,166,112,267,271,existing,767.7568081770768,166,111,267,270,existing,926.9845616689585,166,110,267,270,existing,926.9845616689585,166,109,267,270,existing,926.9845616689585,166,99,267,131,existing,1354.8488828138604,166,108,267,334,existing,939.5859673205189,166,104,267,133,existing,1355.724311929225,166,107,267,232,existing,1140.5357499561371,166,119,267,365,existing,1627.5378390195601,166,103,267,133,existing,1355.724311929225
167,167,89,268,234,existing,346.34337443142226,167,89,268,213,existing,1526.0999337493608,167,89,268,97,allocated,669.8177927776669,167,112,268,271,existing,667.4088949759321,167,110,268,270,existing,826.6366484678138,167,109,268,270,existing,826.6366484678138,167,111,268,270,existing,826.6366484678138,167,103,268,133,existing,1255.3763987280806,167,108,268,334,existing,839.2380541193743,167,99,268,131,existing,1254.5009696127158,167,107,268,232,existing,1040.1878367549925,167,104,268,133,existing,1255.3763987280806,167,119,268,365,existing,1527.1899258184158
168,168,66,269,69,existing,123.00017562454858,168,66,269,201,existing,470.77142395232215,168,66,269,222,allocated,109.13545289824945,168,105,269,135,existing,163.49355536422652,168,106,269,264,existing,275.9404938796063,168,98,269,264,existing,275.9404938796063,168,99,269,131,existing,789.8932729780424,168,107,269,232,existing,1004.2064058357657,168,104,269,133,existing,793.8231421428371,168,108,269,334,existing,1209.9614867515434,168,103,269,133,existing,793.8231421428371,168,109,269,270,existing,1217.7575941229443,168,111,269,270,existing,1217.7575941229443
169,169,88,274,158,existing,80.46649216953551,169,88,274,213,existing,1184.9126007977002,169,88,274,97,allocated,264.2349646304137,169,112,274,271,existing,326.2215620242716,169,110,274,270,existing,485.4493155161533,169,111,274,270,existing,485.4493155161533,169,109,274,270,existing,485.4493155161533,169,108,274,334,existing,498.05072116771373,169,103,274,133,existing,914.18906577642,169,107,274,232,existing,699.000503803332,169,99,274,131,existing,913.3136366610552,169,104,274,133,existing,914.18906577642,169,119,274,365,existing,1186.002592866755
170,170,73,279,81,existing,274.33834607712026,170,73,279,12,existing,459.2663864013875,170,73,279,279,allocated,0.0,170,99,279,131,existing,349.14009898333114,170,107,279,232,existing,373.38112335779033,170,103,279,133,existing,382.9856974533781,170,104,279,133,existing,382.9856974533781,170,98,279,264,existing,564.3311590971754,170,110,279,270,existing,586.932311644969,170,109,279,270,existing,586.932311644969,170,106,279,264,existing,564.3311590971754,170,108,279,334,existing,597.4743998522217,170,111,279,270,existing,586.932311644969
171,171,72,280,365,existing,81.47797455969834,171,72,280,213,existing,76.8792510020281,171,72,280,341,allocated,24.625087903219875,171,119,280,365,existing,81.47797455969834,171,107,280,232,existing,450.37983398110214,171,104,280,133,existing,474.49054096236404,171,103,280,133,existing,474.49054096236404,171,111,280,270,existing,625.5792376087343,171,99,280,131,existing,497.738248452661,171,109,280,270,existing,625.5792376087343,171,108,280,334,existing,609.9826286279583,171,101,280,86,existing,681.0959555888812,171,110,280,270,existing,625.5792376087343
172,172,72,281,365,existing,75.02495843410648,172,72,281,213,existing,83.33226712761996,172,72,281,341,allocated,18.17207177762802,172,119,281,365,existing,75.02495843410648,172,107,281,232,existing,453.3241186180787,172,104,281,133,existing,480.94355708795587,172,103,281,133,existing,480.94355708795587,172,108,281,334,existing,612.9269132649349,172,111,281,270,existing,628.5235222457109,172,109,281,270,existing,628.5235222457109,172,99,281,131,existing,504.19126457825286,172,102,281,86,existing,674.6429394632893,172,110,281,270,existing,628.5235222457109
173,173,79,282,20,existing,123.72287616623642,173,79,282,12,existing,464.3134669664001,173,79,282,20,existing,123.72287616623642,173,104,282,133,existing,114.0325672670299,173,103,282,133,existing,114.0325672670299,173,99,282,131,existing,147.87816573707687,173,107,282,232,existing,329.35616079344715,173,109,282,270,existing,542.9073490806259,173,108,282,334,existing,530.170911875736,173,110,282,270,existing,542.9073490806259,173,111,282,270,existing,542.9073490806259,173,119,282,365,existing,560.1691663698398,173,98,282,264,existing,631.9152155302606
174,174,73,283,81,existing,156.13530935976158,174,73,283,213,existing,404.4291979858707,174,73,283,283,allocated,0.0,174,104,283,133,existing,248.15795744651774,174,103,283,133,existing,248.15795744651774,174,107,283,232,existing,255.17808664043164,174,99,283,131,existing,271.40566493681473,174,110,283,270,existing,432.6603592042627,174,108,283,334,existing,417.06375022348675,174,119,283,365,existing,409.02792154354086,174,109,283,270,existing,432.6603592042627,174,111,283,270,existing,432.6603592042627,174,112,283,271,existing,588.892909366929
175,175,69,284,91,existing,99.3809345375601,175,69,284,55,existing,516.922052745933,175,69,284,325,existing,86.77089037991398,175,114,284,91,existing,99.3809345375601,175,100,284,91,existing,99.3809345375601,175,115,284,92,existing,200.67362252409202,175,120,284,92,existing,200.67362252409202,175,118,284,212,existing,478.52202130606304,175,101,284,86,existing,610.0353630102991,175,117,284,152,existing,445.7516760780598,175,116,284,151,existing,411.6736814061483,175,113,284,317,existing,698.8873877654665,175,102,284,86,existing,610.0353630102991
176,176,95,285,225,existing,536.1262033996526,176,95,285,213,existing,953.572306190368,176,95,285,108,allocated,307.2806155243612,176,102,285,86,existing,703.4200079331699,176,101,285,86,existing,703.4200079331699,176,119,285,365,existing,800.1762404786955,176,117,285,152,existing,867.7036948654093,176,116,285,151,existing,901.7816895373207,176,120,285,92,existing,1112.781748419377,176,118,285,212,existing,900.4740400934124,176,115,285,92,existing,1112.781748419377,176,100,285,91,existing,1214.074436405909,176,114,285,91,existing,1214.074436405909
177,177,71,286,225,existing,385.9469844970637,177,71,286,213,existing,813.5268192960423,177,71,286,108,allocated,167.2351286300355,177,102,286,86,existing,553.240789030581,177,101,286,86,existing,553.240789030581,177,119,286,365,existing,660.1307535843698,177,117,286,152,existing,717.5244759628204,177,120,286,92,existing,962.6025295167881,177,115,286,92,existing,962.6025295167881,177,118,286,212,existing,750.2948211908235,177,116,286,151,existing,751.6024706347318,177,100,286,91,existing,1063.89521750332,177,114,286,91,existing,1063.89521750332
178,178,72,287,365,existing,227.18161761241348,178,72,287,213,existing,385.5388431741399,178,72,287,365,allocated,227.18161761241348,178,119,287,365,existing,227.18161761241348,178,101,287,86,existing,372.4363634167693,178,118,287,212,existing,513.0775082941126,178,102,287,86,existing,372.4363634167693,178,120,287,92,existing,781.7981039029764,178,107,287,232,existing,755.5306946645986,178,117,287,152,existing,536.7200503490086,178,116,287,151,existing,570.7980450209201,178,115,287,92,existing,781.7981039029764,178,104,287,133,existing,783.1501331344758
179,179,79,289,20,existing,696.9739732294165,179,79,289,12,existing,487.3727615728627,179,79,289,4,allocated,464.1979817597107,179,104,289,133,existing,757.7492472918777,179,103,289,133,existing,757.7492472918777,179,99,289,131,existing,768.3106438396312,179,119,289,365,existing,800.7838059407006,179,98,289,264,existing,895.0992723202031,179,107,289,232,existing,973.0728408182949,179,105,289,135,existing,969.3849475382676,179,106,289,264,existing,895.0992723202031,179,113,289,317,existing,1079.7745767957945,179,114,289,91,existing,1142.2256222495823
180,180,79,290,20,existing,618.6482566646732,180,79,290,223,existing,452.01502628434525,180,79,290,4,allocated,371.5784188374723,180,104,290,133,existing,679.4235307271346,180,103,290,133,existing,679.4235307271346,180,99,290,131,existing,689.9849272748879,180,119,290,365,existing,708.1642430184623,180,105,290,135,existing,1011.1651472553802,180,98,290,264,existing,924.1408704344497,180,106,290,264,existing,924.1408704344497,180,107,290,232,existing,894.7471242535518,180,108,290,334,existing,1095.5618753358408,180,110,290,270,existing,1108.2983125407304
181,181,83,292,231,existing,293.0965653050338,181,83,292,12,existing,478.93960298887737,181,83,292,279,allocated,20.271216891054976,181,107,292,232,existing,363.48520790636735,181,99,292,131,existing,369.4113158743861,181,104,292,133,existing,403.2569143444331,181,103,292,133,existing,403.2569143444331,181,106,292,264,existing,584.0043756846653,181,110,292,270,existing,577.036396193546,181,111,292,270,existing,577.036396193546,181,109,292,270,existing,577.036396193546,181,98,292,264,existing,584.0043756846653,181,108,292,334,existing,587.5784844007987
182,182,75,295,359,existing,455.87066931353036,182,75,295,201,existing,1460.8077980362455,182,75,295,239,allocated,157.8765532047975,182,105,295,135,existing,1158.4882104517562,182,98,295,264,existing,1270.935148967136,182,99,295,131,existing,1784.887928065572,182,106,295,264,existing,1270.935148967136,182,104,295,133,existing,1788.8177972303665,182,103,295,133,existing,1788.8177972303665,182,108,295,334,existing,2204.956141839073,182,107,295,232,existing,1999.2010609232952,182,110,295,270,existing,2212.752249210474,182,111,295,270,existing,2212.752249210474
183,183,74,296,359,existing,571.3541645307587,183,74,296,201,existing,1576.2912932534737,183,74,296,239,allocated,273.3600484220258,183,105,296,135,existing,1273.9717056689847,183,98,296,264,existing,1386.4186441843644,183,106,296,264,existing,1386.4186441843644,183,99,296,131,existing,1900.3714232828004,183,103,296,133,existing,1904.301292447595,183,107,296,232,existing,2114.6845561405235,183,108,296,334,existing,2320.4396370563013,183,104,296,133,existing,1904.301292447595,183,111,296,270,existing,2328.2357444277022,183,110,296,270,existing,2328.2357444277022
184,184,95,297,225,existing,576.4683760424084,184,95,297,213,existing,913.2301335476121,184,95,297,108,allocated,266.9384428816054,184,101,297,86,existing,743.7621805759258,184,102,297,86,existing,743.7621805759258,184,117,297,152,existing,908.0458675081651,184,119,297,365,existing,759.8340678359397,184,115,297,92,existing,1153.123921062133,184,118,297,212,existing,940.8162127361683,184,116,297,151,existing,942.1238621800766,184,120,297,92,existing,1153.123921062133,184,100,297,91,existing,1254.4166090486647,184,107,297,232,existing,1246.8778414828148
185,185,76,298,135,existing,602.7693329267364,185,76,298,201,existing,607.2235323372074,185,76,298,85,allocated,441.04357047745,185,105,298,135,existing,602.7693329267364,185,106,298,264,existing,756.8434793706022,185,104,298,133,existing,943.8315850408054,185,98,298,264,existing,756.8434793706022,185,99,298,131,existing,954.3929815885588,185,107,298,232,existing,1159.1551785672227,185,119,298,365,existing,1202.1995989551585,185,103,298,133,existing,943.8315850408054,185,108,298,334,existing,1359.9699296495114,185,110,298,270,existing,1372.7063668544013
186,186,76,299,135,existing,610.2221573240832,186,76,299,201,existing,614.6763567345542,186,76,299,85,allocated,448.4963948747968,186,105,299,135,existing,610.2221573240832,186,106,299,264,existing,764.2963037679489,186,103,299,133,existing,951.1884743889003,186,98,299,264,existing,764.2963037679489,186,104,299,133,existing,951.1884743889003,186,99,299,131,existing,961.7498709366537,186,119,299,365,existing,1190.5595445705308,186,107,299,232,existing,1166.5120679153174,186,108,299,334,existing,1367.3268189976066,186,110,299,270,existing,1380.0632562024962
187,187,75,302,359,existing,147.46513140367458,187,75,302,201,existing,918.352526670576,187,75,302,204,allocated,68.60192902074131,187,105,302,135,existing,624.4470784309239,187,98,302,264,existing,736.8940169463036,187,106,302,264,existing,736.8940169463036,187,99,302,131,existing,1250.84679604474,187,103,302,133,existing,1254.7766652095343,187,108,302,334,existing,1670.9150098182406,187,107,302,232,existing,1465.1599289024632,187,104,302,133,existing,1254.7766652095343,187,110,302,270,existing,1678.7111171896418,187,111,302,270,existing,1678.7111171896418
188,188,76,303,135,existing,504.4779310295873,188,76,303,201,existing,508.9321304400583,188,76,303,85,allocated,342.7521685803008,188,105,303,135,existing,504.4779310295873,188,106,303,264,existing,658.5520774734529,188,103,303,133,existing,796.703196376541,188,98,303,264,existing,658.5520774734529,188,104,303,133,existing,796.703196376541,188,107,303,232,existing,1012.0267899029582,188,99,303,131,existing,807.2645929242944,188,119,303,365,existing,1036.0742665581715,188,110,303,270,existing,1225.577978190137,188,108,303,334,existing,1212.841540985247
189,189,90,309,310,existing,253.4762816344946,189,90,309,55,existing,398.47391570300647,189,90,309,325,allocated,274.65031848514093,189,113,309,317,existing,337.4661789004116,189,114,309,91,existing,460.802143402615,189,120,309,92,existing,562.094831389147,189,100,309,91,existing,460.802143402615,189,118,309,212,existing,839.943230171118,189,117,309,152,existing,807.1728849431147,189,115,309,92,existing,562.094831389147,189,116,309,151,existing,773.0948902712032,189,101,309,86,existing,971.456571875354,189,102,309,86,existing,971.456571875354
190,190,90,310,310,existing,0.0,190,90,310,55,existing,624.8669799764933,190,90,310,325,existing,21.17403685064631,190,114,310,91,existing,207.32586176812038,190,100,310,91,existing,207.32586176812038,190,115,310,92,existing,308.6185497546523,190,120,310,92,existing,308.6185497546523,190,113,310,317,existing,590.9424605349062,190,116,310,151,existing,519.6186086367086,190,117,310,152,existing,553.6966033086201,190,118,310,212,existing,586.4669485366234,190,102,310,86,existing,717.9802902408594,190,101,310,86,existing,717.9802902408594
191,191,79,312,20,existing,376.48531475773643,191,79,312,12,existing,328.39279268350043,191,79,312,253,allocated,228.76230942554918,191,104,312,133,existing,437.26058882019765,191,103,312,133,existing,437.26058882019765,191,99,312,131,existing,447.82198536795113,191,119,312,365,existing,519.9477323207398,191,105,312,135,existing,823.1435802517714,191,98,312,264,existing,736.1193034308408,191,107,312,232,existing,652.5841823466149,191,106,312,264,existing,736.1193034308408,191,110,312,270,existing,866.1353706337936,191,108,312,334,existing,853.3989334289038
192,192,90,314,310,existing,827.2237161072222,192,90,314,55,existing,585.5451837403588,192,90,314,320,allocated,269.5588881332367,192,113,314,317,existing,911.2136133731392,192,114,314,91,existing,1003.0863019487317,192,120,314,92,existing,1097.3985201412088,192,100,314,91,existing,1003.0863019487317,192,98,314,264,existing,1266.7835477185872,192,106,314,264,existing,1266.7835477185872,192,115,314,92,existing,1097.3985201412088,192,105,314,135,existing,1112.7094012747216,192,118,314,212,existing,1282.0134711177752,192,116,314,151,existing,1287.9065079651602
193,193,68,316,317,existing,133.0010233476652,193,68,316,55,existing,602.9390712557529,193,68,316,325,existing,479.11547403788734,193,113,316,317,existing,133.0010233476652,193,100,316,91,existing,665.2672989553614,193,114,316,91,existing,665.2672989553614,193,115,316,92,existing,766.5599869418934,193,120,316,92,existing,766.5599869418934,193,116,316,151,existing,977.5600458239496,193,117,316,152,existing,1011.6380404958611,193,118,316,212,existing,1044.4083857238643,193,101,316,86,existing,1175.9217274281004,193,102,316,86,existing,1175.9217274281004
194,194,68,317,317,existing,0.0,194,68,317,55,existing,735.9400946034181,194,68,317,325,existing,612.1164973855525,194,113,317,317,existing,0.0,194,100,317,91,existing,798.2683223030266,194,114,317,91,existing,798.2683223030266,194,120,317,92,existing,899.5610102895585,194,116,317,151,existing,1110.5610691716147,194,117,317,152,existing,1144.6390638435264,194,115,317,92,existing,899.5610102895585,194,118,317,212,existing,1177.4094090715296,194,101,317,86,existing,1308.9227507757655,194,102,317,86,existing,1308.9227507757655
195,195,90,319,310,existing,634.3527323004246,195,90,319,55,existing,392.67419993356106,195,90,319,320,allocated,76.68790432643895,195,113,319,317,existing,718.3426295663414,195,114,319,91,existing,810.215318141934,195,100,319,91,existing,810.215318141934,195,120,319,92,existing,904.5275363344109,195,116,319,151,existing,1095.0355241583625,195,118,319,212,existing,1089.1424873109775,195,115,319,92,existing,904.5275363344109,195,119,319,365,existing,1105.9263203788641,195,117,319,152,existing,1121.9128325389806,195,102,319,86,existing,1248.4368995580369
196,196,90,320,310,existing,557.6648279739856,196,90,320,55,existing,315.9862956071221,196,90,320,320,existing,0.0,196,113,320,317,existing,641.6547252399025,196,114,320,91,existing,733.527413815495,196,120,320,92,existing,827.839632007972,196,100,320,91,existing,733.527413815495,196,115,320,92,existing,827.839632007972,196,118,320,212,existing,1012.4545829845385,196,116,320,151,existing,1018.3476198319236,196,119,320,365,existing,1029.2384160524252,196,117,320,152,existing,1045.2249282125417,196,102,320,86,existing,1171.748995231598
197,197,79,321,20,existing,621.9451319532945,197,79,321,12,existing,412.343920296741,197,79,321,12,allocated,412.343920296741,197,104,321,133,existing,682.7204060157559,197,103,321,133,existing,682.7204060157559,197,99,321,131,existing,693.2818025635092,197,105,321,135,existing,683.3189818693243,197,106,321,264,existing,820.0704310440814,197,107,321,232,existing,898.0439995421731,197,119,321,365,existing,922.0914761973864,197,98,321,264,existing,820.0704310440814,197,111,321,270,existing,1111.5951878293517,197,108,321,334,existing,1098.8587506244621
198,198,89,324,234,existing,279.958632938507,198,89,324,213,existing,1588.412932653983,198,89,324,196,allocated,503.5883484638024,198,112,324,271,existing,729.7218938805545,198,109,324,270,existing,888.9496473724362,198,111,324,270,existing,888.9496473724362,198,110,324,270,existing,888.9496473724362,198,108,324,334,existing,901.5510530239966,198,104,324,133,existing,1317.6893976327028,198,107,324,232,existing,1102.5008356596147,198,99,324,131,existing,1316.813968517338,198,119,324,365,existing,1589.502924723038,198,103,324,133,existing,1317.6893976327028
199,199,90,325,310,existing,21.17403685064631,199,90,325,55,existing,603.692943125847,199,90,325,325,existing,0.0,199,114,325,91,existing,186.15182491747407,199,100,325,91,existing,186.15182491747407,199,115,325,92,existing,287.444512904006,199,120,325,92,existing,287.444512904006,199,117,325,152,existing,532.5225664579738,199,116,325,151,existing,498.4445717860623,199,113,325,317,existing,612.1164973855525,199,118,325,212,existing,565.2929116859771,199,101,325,86,existing,696.8062533902131,199,102,325,86,existing,696.8062533902131
200,200,72,326,365,existing,421.61631231831893,200,72,326,223,existing,136.81853469420838,200,72,326,253,allocated,188.4309314471568,200,119,326,365,existing,421.61631231831893,200,104,326,133,existing,561.7288253564848,200,103,326,133,existing,561.7288253564848,200,99,326,131,existing,572.2902219042381,200,111,326,270,existing,965.7175753673549,200,107,326,232,existing,777.052418882902,200,108,326,334,existing,950.120966386579,200,110,326,270,existing,965.7175753673549,200,109,326,270,existing,965.7175753673549,200,101,326,86,existing,1021.2342933475018
201,201,75,327,359,existing,285.95270989313144,201,75,327,201,existing,752.1364582423813,201,75,327,259,allocated,30.77081483846385,201,105,327,135,existing,478.20646092202213,201,106,327,264,existing,590.653399437402,201,99,327,131,existing,1104.6061785358381,201,98,327,264,existing,590.653399437402,201,107,327,232,existing,1318.9193113935612,201,104,327,133,existing,1108.5360477006327,201,108,327,334,existing,1524.674392309339,201,103,327,133,existing,1108.5360477006327,201,109,327,270,existing,1532.47049968074,201,110,327,270,existing,1532.47049968074
202,202,79,328,20,existing,289.5314406929982,202,79,328,223,existing,376.6858144291757,202,79,328,253,allocated,165.82522698542735,202,104,328,133,existing,350.3067147554595,202,103,328,133,existing,350.3067147554595,202,99,328,131,existing,360.8681113032129,202,119,328,365,existing,457.0106498806179,202,110,328,270,existing,779.1814965690554,202,109,328,270,existing,779.1814965690554,202,107,328,232,existing,565.6303082818768,202,108,328,334,existing,766.4450593641657,202,98,328,264,existing,825.4184352662319,202,111,328,270,existing,779.1814965690554
203,203,76,330,135,existing,825.7333582858715,203,76,330,201,existing,830.1875576963425,203,76,330,85,allocated,664.007595836585,203,105,330,135,existing,825.7333582858715,203,106,330,264,existing,979.8075047297372,203,104,330,133,existing,1117.9586236328253,203,98,330,264,existing,979.8075047297372,203,107,330,232,existing,1333.2822171592425,203,119,330,365,existing,1357.3296938144556,203,99,330,131,existing,1128.5200201805785,203,103,330,133,existing,1117.9586236328253,203,109,330,270,existing,1546.8334054464212,203,108,330,334,existing,1534.0969682415314
204,204,86,334,270,existing,15.596608980775981,204,86,334,213,existing,686.8618796299864,204,86,334,334,allocated,0.0,204,108,334,334,existing,0.0,204,111,334,270,existing,15.596608980775981,204,109,334,270,existing,15.596608980775981,204,110,334,270,existing,15.596608980775981,204,107,334,232,existing,229.1477972679547,204,112,334,271,existing,171.82915914344215,204,104,334,133,existing,416.1383446087062,204,103,334,133,existing,416.1383446087062,204,99,334,131,existing,438.4064093521546,204,119,334,365,existing,687.9518716990414
205,205,74,338,359,existing,20.3175004613591,205,74,338,201,existing,1020.2356249009738,205,74,338,359,allocated,20.3175004613591,205,105,338,135,existing,712.9577563128781,205,106,338,264,existing,825.4046948282579,205,99,338,131,existing,1318.1754917551193,205,98,338,264,existing,825.4046948282579,205,111,338,270,existing,1746.0398129000214,205,103,338,133,existing,1343.2873430914885,205,104,338,133,existing,1343.2873430914885,205,107,338,232,existing,1532.4886246128426,205,110,338,270,existing,1746.0398129000214,205,109,338,270,existing,1746.0398129000214
206,206,72,342,365,existing,241.2741571968346,206,72,342,213,existing,399.631382758561,206,72,342,365,existing,241.2741571968346,206,119,342,365,existing,241.2741571968346,206,102,342,86,existing,358.3438238323482,206,101,342,86,existing,358.3438238323482,206,118,342,212,existing,498.98496870969143,206,116,342,151,existing,556.7055054364989,206,115,342,92,existing,767.7055643185553,206,117,342,152,existing,522.6275107645874,206,120,342,92,existing,767.7055643185553,206,104,342,133,existing,797.242672718897,206,107,342,232,existing,769.6232342490198
207,207,88,345,158,existing,119.08429712541202,207,88,345,213,existing,1206.3593073039774,207,88,345,97,allocated,271.2205916511417,207,112,345,271,existing,364.8393669801481,207,108,345,334,existing,519.4974276739911,207,110,345,270,existing,524.0671204720298,207,109,345,270,existing,524.0671204720298,207,104,345,133,existing,935.6357722826972,207,107,345,232,existing,737.6183087592085,207,111,345,270,existing,524.0671204720298,207,103,345,133,existing,935.6357722826972,207,99,345,131,existing,951.9314416169317,207,119,345,365,existing,1207.4492993730323
208,208,74,348,359,existing,313.3528470684392,208,74,348,201,existing,1318.2899757911541,208,74,348,239,allocated,21.53972860639484,208,105,348,135,existing,1015.9703882066651,208,106,348,264,existing,1128.417326722045,208,98,348,264,existing,1128.417326722045,208,99,348,131,existing,1642.3701058204808,208,108,348,334,existing,2062.4383195939818,208,104,348,133,existing,1646.2999749852754,208,107,348,232,existing,1856.6832386782041,208,103,348,133,existing,1646.2999749852754,208,109,348,270,existing,2070.2344269653827,208,110,348,270,existing,2070.2344269653827
209,209,74,354,359,existing,246.1996389823688,209,74,354,201,existing,1251.136767705084,209,74,354,354,allocated,0.0,209,105,354,135,existing,948.8171801205947,209,98,354,264,existing,1061.2641186359745,209,106,354,264,existing,1061.2641186359745,209,99,354,131,existing,1558.7894892217782,209,103,354,133,existing,1579.146766899205,209,107,354,232,existing,1773.1026220795015,209,111,354,270,existing,1986.6538103666803,209,104,354,133,existing,1579.146766899205,209,109,354,270,existing,1986.6538103666803,209,110,354,270,existing,1986.6538103666803
210,210,90,358,310,existing,445.65013543318935,210,90,358,55,existing,206.30006190431178,210,90,358,320,existing,112.01469254079622,210,113,358,317,existing,529.6400326991063,210,114,358,91,existing,623.8411801126847,210,120,358,92,existing,718.1533983051618,210,100,358,91,existing,623.8411801126847,210,116,358,151,existing,908.6613861291132,210,117,358,152,existing,935.5386945097316,210,115,358,92,existing,718.1533983051618,210,118,358,212,existing,902.7683492817283,210,119,358,365,existing,944.8152887674279,210,102,358,86,existing,1062.0627615287876
211,211,66,360,69,existing,455.8219567614572,211,66,360,201,existing,672.8865037936221,211,66,360,16,allocated,172.18669282801335,211,105,360,135,existing,595.9137054189621,211,98,360,264,existing,708.3606439343419,211,106,360,264,existing,708.3606439343419,211,99,360,131,existing,1222.313423032778,211,103,360,133,existing,1226.2432921975724,211,107,360,232,existing,1436.6265558905013,211,108,360,334,existing,1642.3816368062787,211,104,360,133,existing,1226.2432921975724,211,119,360,365,existing,1648.554325190899,211,110,360,270,existing,1650.1777441776799
212,212,89,363,234,existing,439.0633855778717,212,89,363,213,existing,1747.5176852933478,212,89,363,196,allocated,662.6931011031672,212,112,363,271,existing,888.8266465199192,212,109,363,270,existing,1048.054400011801,212,111,363,270,existing,1048.054400011801,212,110,363,270,existing,1048.054400011801,212,99,363,131,existing,1475.9187211567028,212,108,363,334,existing,1060.6558056633612,212,104,363,133,existing,1476.7941502720676,212,107,363,232,existing,1261.6055882989795,212,119,363,365,existing,1748.6076773624027,212,103,363,133,existing,1476.7941502720676
213,213,76,364,135,existing,716.2699878465235,213,76,364,201,existing,720.7241872569945,213,76,364,85,allocated,554.5442253972369,213,105,364,135,existing,716.2699878465235,213,106,364,264,existing,870.3441342903891,213,103,364,133,existing,1008.4952531934772,213,98,364,264,existing,870.3441342903891,213,104,364,133,existing,1008.4952531934772,213,99,364,131,existing,1019.0566497412306,213,107,364,232,existing,1223.8188467198943,213,119,364,365,existing,1247.8663233751076,213,111,364,270,existing,1437.370035007073,213,108,364,334,existing,1424.6335978021834
214,214,72,365,365,existing,0.0,214,72,365,213,existing,158.35722556172644,214,72,365,365,existing,0.0,214,119,365,365,existing,0.0,214,107,365,232,existing,528.3490770521852,214,103,365,133,existing,555.9685155220624,214,104,365,133,existing,555.9685155220624,214,102,365,86,existing,599.6179810291828,214,101,365,86,existing,599.6179810291828,214,108,365,334,existing,687.9518716990414,214,99,365,131,existing,579.2162230123594,214,111,365,270,existing,703.5484806798173,214,109,365,270,existing,703.5484806798173
215,215,79,366,20,existing,100.16283780196021,215,79,366,12,existing,440.7534286021239,215,79,366,20,existing,100.16283780196021,215,104,366,133,existing,137.5926056313061,215,103,366,133,existing,137.5926056313061,215,107,366,232,existing,352.9161991577233,215,99,366,131,existing,171.43820410135308,215,111,366,270,existing,566.467387444902,215,108,366,334,existing,553.7309502400122,215,109,366,270,existing,566.467387444902,215,110,366,270,existing,566.467387444902,215,106,366,264,existing,655.4752538945368,215,119,366,365,existing,583.7292047341159
216,216,79,367,20,existing,782.4636319343708,216,79,367,12,existing,572.8624202778171,216,79,367,320,existing,549.0680126767309,216,103,367,133,existing,843.2389059968322,216,104,367,133,existing,843.2389059968322,216,99,367,131,existing,853.8003025445855,216,119,367,365,existing,886.2734646456552,216,105,367,135,existing,1054.874606243222,216,98,367,264,existing,980.5889310251575,216,106,367,264,existing,980.5889310251575,216,113,367,317,existing,994.2849180908399,216,114,367,91,existing,1056.7359635446278,216,100,367,91,existing,1056.7359635446278
217,217,81,368,80,existing,325.14110004941995,217,81,368,12,existing,238.9969487982488,217,81,368,228,allocated,68.87395329581298,217,99,368,131,existing,307.6389641960253,217,103,368,133,existing,341.4845626660723,217,104,368,133,existing,341.4845626660723,217,98,368,264,existing,344.06172149403676,217,111,368,270,existing,735.5032853409273,217,105,368,135,existing,520.4828019176196,217,107,368,232,existing,521.9520970537485,217,106,368,264,existing,344.06172149403676,217,110,368,270,existing,735.5032853409273,217,109,368,270,existing,735.5032853409273
218,218,84,370,232,existing,40.21969607733983,218,84,370,213,existing,567.47878106047,218,84,370,370,allocated,0.0,218,107,370,232,existing,40.21969607733983,218,109,370,270,existing,253.77088436451854,218,110,370,270,existing,253.77088436451854,218,111,370,270,existing,253.77088436451854,218,103,370,133,existing,255.5432896037571,218,99,370,131,existing,254.53282893506304,218,104,370,133,existing,255.5432896037571,218,108,370,334,existing,269.3674933452945,218,119,370,365,existing,568.568773129525,218,112,370,271,existing,412.99863785640025
219,219,66,374,69,existing,134.67232033787369,219,66,374,201,existing,582.0419375834742,219,66,374,374,allocated,0.0,219,105,374,135,existing,274.7640689953786,219,106,374,264,existing,387.2110075107584,219,99,374,131,existing,901.1637866091946,219,98,374,264,existing,387.2110075107584,219,103,374,133,existing,905.0936557739892,219,104,374,133,existing,905.0936557739892,219,108,374,334,existing,1321.2320003826956,219,107,374,232,existing,1115.4769194669177,219,110,374,270,existing,1329.0281077540965,219,111,374,270,existing,1329.0281077540965
220,220,66,375,69,existing,68.50197412120016,220,66,375,201,existing,515.8715913668008,220,66,375,374,allocated,66.17034621667352,220,105,375,135,existing,208.5937227787051,220,106,375,264,existing,321.0406612940849,220,99,375,131,existing,834.993440392521,220,98,375,264,existing,321.0406612940849,220,104,375,133,existing,838.9233095573156,220,107,375,232,existing,1049.3065732502441,220,103,375,133,existing,838.9233095573156,220,108,375,334,existing,1255.061654166022,220,110,375,270,existing,1262.857761537423,220,109,375,270,existing,1262.857761537423
221,221,74,376,359,existing,558.0108210229607,221,74,376,201,existing,1562.9479497456757,221,74,376,239,allocated,260.0167049142279,221,105,376,135,existing,1260.6283621611865,221,98,376,264,existing,1373.0753006765663,221,99,376,131,existing,1887.0280797750024,221,106,376,264,existing,1373.0753006765663,221,108,376,334,existing,2307.096293548503,221,103,376,133,existing,1890.957948939797,221,104,376,133,existing,1890.957948939797,221,107,376,232,existing,2101.3412126327257,221,111,376,270,existing,2314.8924009199045,221,109,376,270,existing,2314.8924009199045
222,222,81,377,80,existing,259.29065145420066,222,81,377,12,existing,311.7209601499957,222,81,377,377,allocated,0.0,222,99,377,131,existing,241.788515600806,222,103,377,133,existing,275.63411407085295,222,98,377,264,existing,416.7857328457836,222,104,377,133,existing,275.63411407085295,222,106,377,264,existing,416.7857328457836,222,111,377,270,existing,669.6528367457079,222,107,377,232,existing,456.1016484585292,222,105,377,135,existing,593.2068132693664,222,109,377,270,existing,669.6528367457079,222,110,377,270,existing,669.6528367457079
223,223,75,380,359,existing,142.41923582080162,223,75,380,201,existing,898.1338895415313,223,75,380,380,allocated,0.0,223,105,380,135,existing,590.8560209534356,223,98,380,264,existing,703.3029594688154,223,106,380,264,existing,703.3029594688154,223,99,380,131,existing,1196.0737563956768,223,111,380,270,existing,1623.938077540579,223,107,380,232,existing,1410.3868892534,223,103,380,133,existing,1221.185607732046,223,104,380,133,existing,1221.185607732046,223,110,380,270,existing,1623.938077540579,223,109,380,270,existing,1623.938077540579
224,224,76,381,135,existing,828.5117846434468,224,76,381,201,existing,832.9659840539177,224,76,381,85,allocated,666.7860221941603,224,105,381,135,existing,828.5117846434468,224,106,381,264,existing,982.5859310873125,224,104,381,133,existing,1120.7370499904005,224,98,381,264,existing,982.5859310873125,224,119,381,365,existing,1360.108120172031,224,103,381,133,existing,1120.7370499904005,224,99,381,131,existing,1131.298446538154,224,107,381,232,existing,1336.060643516818,224,109,381,270,existing,1549.6118318039964,224,108,381,334,existing,1536.8753945991066
225,225,68,382,317,existing,248.1921433101194,225,68,382,55,existing,532.7077217746221,225,68,382,325,allocated,408.88412455675655,225,113,382,317,existing,248.1921433101194,225,114,382,91,existing,595.0359494742306,225,120,382,92,existing,696.3286374607626,225,100,382,91,existing,595.0359494742306,225,116,382,151,existing,907.3286963428188,225,117,382,152,existing,941.4066910147303,225,115,382,92,existing,696.3286374607626,225,118,382,212,existing,974.1770362427336,225,101,382,86,existing,1105.6903779469696,225,102,382,86,existing,1105.6903779469696
226,226,79,386,20,existing,539.540926218503,226,79,386,223,existing,406.73720312340146,226,79,386,4,allocated,326.3005956765286,226,104,386,133,existing,600.3162002809643,226,103,386,133,existing,600.3162002809643,226,99,386,131,existing,610.8775968287177,226,119,386,365,existing,662.8864198575186,226,106,386,264,existing,899.1749148916074,226,98,386,264,existing,899.1749148916074,226,105,386,135,existing,986.199191712538,226,107,386,232,existing,815.6397938073815,226,108,386,334,existing,1016.4545448896704,226,110,386,270,existing,1029.1909820945602
227,227,71,388,225,existing,669.8265545408597,227,71,388,213,existing,1006.5883120460635,227,71,388,108,allocated,360.2966213800567,227,102,388,86,existing,837.1203590743771,227,101,388,86,existing,837.1203590743771,227,117,388,152,existing,1001.4040460066165,227,119,388,365,existing,853.1922463343909,227,115,388,92,existing,1246.4820995605842,227,118,388,212,existing,1034.1743912346196,227,116,388,151,existing,1035.482040678528,227,120,388,92,existing,1246.4820995605842,227,107,388,232,existing,1340.2360199812663,227,100,388,91,existing,1347.774787547116
