,assign_from_var_id_grocery,assign_to_var_id_grocery,assign_from_node_id_grocery,assign_to_node_id_grocery,assign_type_grocery,dist_grocery,assign_from_var_id_school,assign_to_var_id_school,assign_from_node_id_school,assign_to_node_id_school,assign_type_school,dist_school,assign_from_var_id_healthcare,assign_to_var_id_healthcare,assign_from_node_id_healthcare,assign_to_node_id_healthcare,assign_type_healthcare,dist_healthcare,0_assign_from_var_id_restaurant,0_assign_to_var_id_restaurant,0_assign_from_node_id_restaurant,0_assign_to_node_id_restaurant,0_assign_type_restaurant,0_dist_restaurant,1_assign_from_var_id_restaurant,1_assign_to_var_id_restaurant,1_assign_from_node_id_restaurant,1_assign_to_node_id_restaurant,1_assign_type_restaurant,1_dist_restaurant,2_assign_from_var_id_restaurant,2_assign_to_var_id_restaurant,2_assign_from_node_id_restaurant,2_assign_to_node_id_restaurant,2_assign_type_restaurant,2_dist_restaurant,3_assign_from_var_id_restaurant,3_assign_to_var_id_restaurant,3_assign_from_node_id_restaurant,3_assign_to_node_id_restaurant,3_assign_type_restaurant,3_dist_restaurant,4_assign_from_var_id_restaurant,4_assign_to_var_id_restaurant,4_assign_from_node_id_restaurant,4_assign_to_node_id_restaurant,4_assign_type_restaurant,4_dist_restaurant,5_assign_from_var_id_restaurant,5_assign_to_var_id_restaurant,5_assign_from_node_id_restaurant,5_assign_to_node_id_restaurant,5_assign_type_restaurant,5_dist_restaurant,6_assign_from_var_id_restaurant,6_assign_to_var_id_restaurant,6_assign_from_node_id_restaurant,6_assign_to_node_id_restaurant,6_assign_type_restaurant,6_dist_restaurant,7_assign_from_var_id_restaurant,7_assign_to_var_id_restaurant,7_assign_from_node_id_restaurant,7_assign_to_node_id_restaurant,7_assign_type_restaurant,7_dist_restaurant,8_assign_from_var_id_restaurant,8_assign_to_var_id_restaurant,8_assign_from_node_id_restaurant,8_assign_to_node_id_restaurant,8_assign_type_restaurant,8_dist_restaurant,9_assign_from_var_id_restaurant,9_assign_to_var_id_restaurant,9_assign_from_node_id_restaurant,9_assign_to_node_id_restaurant,9_assign_type_restaurant,9_dist_restaurant
0,0,62,0,432,existing,296.48192454242303,0,62,0,223,existing,751.8051561425294,0,62,0,432,allocated,296.48192454242303,0,73,0,116,existing,258.7332694289322,0,74,0,432,existing,296.48192454242303,0,75,0,117,existing,440.21946866057317,0,72,0,348,existing,385.7968930585662,0,70,0,448,existing,1973.4308068995688,0,69,0,316,existing,2679.494627902763,0,71,0,277,existing,578.5035968883817,0,76,0,357,existing,2434.3806247628286,0,66,0,374,existing,3034.617231399873,0,67,0,146,existing,3025.7990165861374
1,1,61,1,432,existing,218.0058431521466,1,61,1,223,existing,674.0390155102871,1,61,1,432,allocated,218.0058431521466,1,74,1,432,existing,218.0058431521466,1,73,1,116,existing,307.8742153128579,1,75,1,117,existing,361.7433872702967,1,72,1,348,existing,434.9378389424919,1,71,1,277,existing,500.02751549810523,1,69,1,316,existing,2728.635573786689,1,76,1,357,existing,2483.5215706467543,1,70,1,448,existing,1894.954725509292,1,67,1,146,existing,3085.3803390260605,1,66,1,374,existing,3093.218106558401
2,2,59,4,348,existing,353.4980892217159,2,59,4,191,existing,1152.4270466941607,2,59,4,317,allocated,368.7543224401495,2,72,4,348,existing,353.4980892217159,2,73,4,116,existing,480.56171285134985,2,74,4,432,existing,575.6908389903035,2,71,4,277,existing,599.0582174073089,2,75,4,117,existing,602.869031579573,2,69,4,316,existing,2647.195824065913,2,70,4,448,existing,2157.5447289055846,2,76,4,357,existing,2402.0818209259783,2,67,4,146,existing,2983.8251397620993,2,66,4,374,existing,2992.6433545758346
3,3,59,5,348,existing,447.76488988877736,3,59,5,191,existing,1246.6938473612222,3,59,5,317,allocated,463.021123107211,3,72,5,348,existing,447.76488988877736,3,73,5,116,existing,574.8285135184113,3,74,5,432,existing,669.957639657365,3,71,5,277,existing,693.3250180743704,3,75,5,117,existing,697.1358322466344,3,69,5,316,existing,2741.4626247329743,3,70,5,448,existing,2251.8115295726466,3,76,5,357,existing,2496.3486215930398,3,67,5,146,existing,3078.091940429161,3,66,5,374,existing,3086.9101552428965
4,4,60,6,432,existing,665.1091115856884,4,60,6,223,existing,534.992222710598,4,60,6,223,allocated,534.992222710598,4,73,6,116,existing,627.3604564721977,4,74,6,432,existing,665.1091115856884,4,75,6,117,existing,808.8466557038386,4,72,6,348,existing,754.4240801018317,4,70,6,448,existing,2337.808549739127,4,69,6,316,existing,3048.1218149460283,4,76,6,357,existing,2803.0078118060937,4,71,6,277,existing,947.1307839316471,4,66,6,374,existing,3403.2444184431383,4,67,6,146,existing,3394.426203629403
5,5,61,7,432,existing,602.6345678721809,5,61,7,223,existing,472.3963789044123,5,61,7,223,allocated,472.3963789044123,5,73,7,116,existing,569.5257379259755,5,74,7,432,existing,602.6345678721809,5,72,7,348,existing,696.5893615556095,5,75,7,117,existing,746.3721119903311,5,70,7,448,existing,2275.2127059329414,5,69,7,316,existing,2990.2870963998066,5,76,7,357,existing,2745.173093259872,5,71,7,277,existing,884.6562402181396,5,67,7,146,existing,3336.5914850831805,5,66,7,374,existing,3345.409699896916
6,6,55,10,75,existing,264.4449187143209,6,55,10,191,existing,582.8527219310824,6,55,10,123,allocated,178.44297472663294,6,75,10,117,existing,292.2622232349164,6,74,10,432,existing,385.85262453372786,6,71,10,277,existing,430.54635146272494,6,73,10,116,existing,475.4759494558481,6,70,10,448,existing,1620.505632833028,6,76,10,357,existing,2217.962400103666,6,72,10,348,existing,541.6331655927736,6,69,10,316,existing,2463.076403243601,6,77,10,314,existing,2965.8936504932026,6,66,10,374,existing,3163.7923951688836
7,7,55,11,75,existing,246.26229857820962,7,55,11,191,existing,564.6701017949712,7,55,11,123,allocated,160.26035459052167,7,75,11,117,existing,274.07960309880514,7,74,11,432,existing,367.6700043976166,7,71,11,277,existing,412.3637313266137,7,73,11,116,existing,457.2933293197368,7,69,11,316,existing,2444.8937831074895,7,72,11,348,existing,523.4505454566623,7,76,11,357,existing,2199.7797799675545,7,70,11,448,existing,1602.3230126969167,7,66,11,374,existing,3145.609775032772,7,77,11,314,existing,2947.711030357091
8,8,50,12,226,existing,694.93146500412,8,50,12,140,existing,198.10633618639258,8,50,12,284,allocated,242.43667421475058,8,70,12,448,existing,723.0356848681216,8,71,12,277,existing,1134.1101124510474,8,76,12,357,existing,1295.7765451567634,8,75,12,117,existing,1188.5756714289066,8,69,12,316,existing,1540.890548296698,8,72,12,348,existing,1338.3632473821112,8,74,12,432,existing,1325.5945102943301,8,73,12,116,existing,1371.7893976498383,8,66,12,374,existing,2241.6065402219806,8,77,12,314,existing,2043.7077955462996
9,9,50,13,226,existing,591.933949697758,9,50,13,140,existing,95.10882088003044,9,50,13,284,allocated,313.47214104041217,9,70,13,448,existing,620.0381695617594,9,71,13,277,existing,1031.1125971446852,9,76,13,357,existing,1192.7790298504015,9,75,13,117,existing,1085.5781561225444,9,74,13,432,existing,1222.596994987968,9,72,13,348,existing,1235.365732075749,9,69,13,316,existing,1437.893032990336,9,73,13,116,existing,1268.7918823434761,9,66,13,374,existing,2138.6090249156186,9,77,13,314,existing,1940.7102802399377
10,10,50,14,226,existing,594.0863266900817,10,50,14,191,existing,351.7439620261028,10,50,14,92,allocated,179.60859513384835,10,70,14,448,existing,736.912492839368,10,71,14,277,existing,905.1127913129545,10,74,14,432,existing,1096.5971891562372,10,75,14,117,existing,959.5783502908138,10,72,14,348,existing,1150.6729194985476,10,76,14,357,existing,1362.228738474354,10,69,14,316,existing,1607.3427416142886,10,73,14,116,existing,1142.7920765117453,10,66,14,374,existing,2308.058733539571,10,77,14,314,existing,2110.1599888638902
11,11,50,15,226,existing,511.7116524474365,11,50,15,456,existing,389.0308918739273,11,50,15,92,allocated,97.2339208912031,11,70,15,448,existing,654.5378185967227,11,71,15,277,existing,987.4874655555998,11,75,15,117,existing,1041.953024533459,11,74,15,432,existing,1178.9718633988825,11,73,15,116,existing,1225.1667507543907,11,72,15,348,existing,1233.047593741193,11,76,15,357,existing,1387.642250340827,11,69,15,316,existing,1632.7562534807616,11,66,15,374,existing,2333.4722454060443,11,77,15,314,existing,2135.5735007303633
12,12,55,18,75,existing,513.296474568567,12,55,18,191,existing,353.4920358733428,12,55,18,191,allocated,353.4920358733428,12,71,18,277,existing,797.5661441229231,12,75,18,117,existing,846.1514971831284,12,74,18,432,existing,939.7418984819399,12,73,18,116,existing,1029.36522340406,12,69,18,316,existing,2092.620926739363,12,76,18,357,existing,1847.5069235994283,12,72,18,348,existing,1043.126272308516,12,70,18,448,existing,1222.1906779644426,12,77,18,314,existing,2595.4381739889645,12,66,18,374,existing,2793.3369186646455
13,13,55,19,75,existing,418.18921673581576,13,55,19,191,existing,258.3847780405915,13,55,19,191,allocated,258.3847780405915,13,71,19,277,existing,702.4588862901718,13,75,19,117,existing,751.0442393503772,13,73,19,116,existing,934.2579655713089,13,74,19,432,existing,844.6346406491887,13,72,19,348,existing,948.0190144757648,13,69,19,316,existing,1997.5136689066117,13,76,19,357,existing,1752.3996657666771,13,70,19,448,existing,1127.0834201316914,13,66,19,374,existing,2698.2296608318943,13,77,19,314,existing,2500.3309161562133
14,14,59,20,348,existing,506.60448428838794,14,59,20,191,existing,1305.5334417608326,14,59,20,317,allocated,628.9222916868407,14,72,20,348,existing,506.60448428838794,14,73,20,116,existing,633.668107918022,14,71,20,277,existing,752.1646124739809,14,74,20,432,existing,728.7972340569755,14,76,20,357,existing,2555.1882159926504,14,67,20,146,existing,2785.860585636055,14,70,20,448,existing,2310.6511239722568,14,75,20,117,existing,755.9754266462451,14,66,20,374,existing,2813.52331303982,14,69,20,316,existing,2800.302219132585
15,15,59,21,348,existing,350.97242802240686,15,59,21,191,existing,1149.9013854948516,15,59,21,432,allocated,573.1651777909944,15,72,21,348,existing,350.97242802240686,15,73,21,116,existing,478.0360516520409,15,74,21,432,existing,573.1651777909944,15,71,21,277,existing,596.532556208,15,70,21,448,existing,2155.0190677062756,15,75,21,117,existing,600.343370380264,15,67,21,146,existing,2630.2285293700743,15,76,21,357,existing,2399.556159726669,15,66,21,374,existing,2657.891256773839,15,69,21,316,existing,2644.6701628666037
16,16,55,22,75,existing,720.2289980122489,16,55,22,223,existing,531.4876005205765,16,55,22,70,allocated,505.1591370527397,16,75,22,117,existing,990.8787227042848,16,71,22,277,existing,1035.0099496838397,16,73,22,116,existing,1130.8966377390539,16,74,22,432,existing,1041.0282655783426,16,76,22,357,existing,2442.95646595875,16,69,22,316,existing,2688.070469098685,16,72,22,348,existing,1240.249665062142,16,70,22,448,existing,1841.3489528451364,16,66,22,374,existing,3388.7864610239676,16,77,22,314,existing,3190.8877163482866
17,17,55,23,75,existing,749.1563006184422,17,55,23,223,existing,560.4149031267698,17,55,23,70,allocated,534.086439658933,17,75,23,117,existing,1019.8060253104782,17,71,23,277,existing,1063.937252290033,17,74,23,432,existing,1069.9555681845359,17,73,23,116,existing,1159.8239403452471,17,69,23,316,existing,2716.9977717048782,17,72,23,348,existing,1269.1769676683352,17,70,23,448,existing,1870.2762554513297,17,76,23,357,existing,2471.8837685649432,17,66,23,374,existing,3417.713763630161,17,77,23,314,existing,3219.81501895448
18,18,57,24,277,existing,392.7235465104668,18,57,24,191,existing,449.49445662420715,18,57,24,237,allocated,303.36247796286955,18,71,24,277,existing,392.7235465104668,18,75,24,117,existing,396.53436068273095,18,72,24,348,existing,503.81036064051546,18,74,24,432,existing,540.2719048008811,18,70,24,448,existing,1300.2362790433535,18,69,24,316,existing,2134.0352848899183,18,73,24,116,existing,579.7480869036626,18,76,24,357,existing,1888.9212817499838,18,77,24,314,existing,2636.85253213952,18,66,24,374,existing,2834.751276815201
19,19,55,25,75,existing,345.0774421352815,19,55,25,191,existing,352.87530630769834,19,55,25,237,allocated,206.74332764636074,19,71,25,277,existing,489.3426968269756,19,75,25,117,existing,493.1535109992397,19,74,25,432,existing,636.8910551173899,19,72,25,348,existing,600.4295109570243,19,76,25,357,existing,1792.302131433475,19,69,25,316,existing,2037.4161345734099,19,70,25,448,existing,1203.6171287268448,19,73,25,116,existing,676.3672372201713,19,77,25,314,existing,2540.2333818230113,19,66,25,374,existing,2738.1321264986923
20,20,59,32,348,existing,389.97160254160394,20,59,32,191,existing,1188.9005600140486,20,59,32,432,allocated,612.1643523101916,20,72,32,348,existing,389.97160254160394,20,73,32,116,existing,517.0352261712379,20,74,32,432,existing,612.1643523101916,20,71,32,277,existing,635.531730727197,20,76,32,357,existing,2438.555334245866,20,75,32,117,existing,639.342544899461,20,70,32,448,existing,2194.018242225473,20,69,32,316,existing,2683.6693373858006,20,66,32,374,existing,2893.399492378272,20,67,32,146,existing,2865.736764974507
21,21,56,34,277,existing,108.78011890150118,21,56,34,191,existing,444.5887103853505,21,56,34,277,allocated,108.78011890150118,21,71,34,277,existing,108.78011890150118,21,75,34,117,existing,247.06424712930965,21,74,34,432,existing,390.8017912474598,21,72,34,348,existing,354.3402470870942,21,76,34,357,existing,2079.6983885579343,21,69,34,316,existing,2324.812391697869,21,73,34,116,existing,430.27797335024127,21,70,34,448,existing,1482.241621287296,21,67,34,146,existing,3004.782747170663,21,77,34,314,existing,2827.6296389474705
22,22,50,64,226,existing,80.43336377748045,22,50,64,456,existing,177.96605849740027,22,50,64,63,allocated,17.138928036309753,22,70,64,448,existing,223.25952992676665,22,76,64,357,existing,972.5916396253125,22,69,64,316,existing,1217.7056427652471,22,71,64,277,existing,1367.7622102620307,22,75,64,117,existing,1422.22776923989,22,73,64,116,existing,1605.4414954608214,22,72,64,348,existing,1580.7871097571024,22,74,64,432,existing,1559.2466081053135,22,66,64,374,existing,1918.4216346905298,22,77,64,314,existing,1720.5228900148488
23,23,65,72,317,existing,140.74895458194072,23,65,72,191,existing,1238.6975839927252,23,65,72,317,allocated,140.74895458194072,23,73,72,116,existing,447.8950871267643,23,74,72,432,existing,493.84435686259076,23,72,72,348,existing,574.9587107563983,23,75,72,117,existing,631.1088133476959,23,76,72,357,existing,2623.542442460661,23,71,72,277,existing,769.3929415755044,23,70,72,448,existing,2276.3504948946706,23,69,72,316,existing,2868.6564456005954,23,67,72,146,existing,3214.9608342839697,23,66,72,374,existing,3223.779049097705
24,24,55,79,75,existing,996.153543413546,24,55,79,223,existing,512.3820822151822,24,55,79,70,allocated,135.6977657415978,24,75,79,117,existing,1266.803268105582,24,71,79,277,existing,1310.9344950851369,24,74,79,432,existing,1316.9528109796397,24,73,79,116,existing,1406.8211831403512,24,69,79,316,existing,2871.2271605624646,24,72,79,348,existing,1516.174210463439,24,76,79,357,existing,2626.11315742253,24,70,79,448,existing,2117.2734982464335,24,66,79,374,existing,3571.9431524877473,24,77,79,314,existing,3374.0444078120663
25,25,54,80,448,existing,264.55657875301426,25,54,80,456,existing,260.32510117090203,25,54,80,175,allocated,197.5784303990737,25,70,80,448,existing,264.55657875301426,25,76,80,357,existing,849.6586969637232,25,71,80,277,existing,1347.3713744104525,25,69,80,316,existing,1094.7727001036578,25,73,80,116,existing,1585.0506596092434,25,74,80,432,existing,1538.8557722537353,25,72,80,348,existing,1560.3962739055241,25,75,80,117,existing,1401.836933388312,25,77,80,314,existing,1597.5899473532595,25,66,80,374,existing,1795.4886920289405
26,26,54,81,448,existing,206.12477215827437,26,54,81,456,existing,318.7569077656419,26,54,81,175,allocated,139.14662380433379,26,70,81,448,existing,206.12477215827437,26,76,81,357,existing,791.2268903689833,26,69,81,316,existing,1036.3408935089178,26,71,81,277,existing,1405.8031810051925,26,75,81,117,existing,1460.2687399830518,26,74,81,432,existing,1597.2875788484753,26,72,81,348,existing,1613.8660099435833,26,77,81,314,existing,1539.1581407585195,26,73,81,116,existing,1643.4824662039832,26,66,81,374,existing,1737.0568854342005
27,27,50,82,226,existing,322.0606822453375,27,50,82,456,existing,73.41715998102319,27,50,82,263,allocated,141.27649083170894,27,70,82,448,existing,464.8868483946237,27,76,82,357,existing,1053.5718511012542,27,75,82,117,existing,1189.3722153360407,27,71,82,277,existing,1134.9066563581814,27,72,82,348,existing,1339.1597912892453,27,74,82,432,existing,1326.3910542014642,27,69,82,316,existing,1298.6858542411887,27,73,82,116,existing,1372.5859415569723,27,77,82,314,existing,1801.5031014907904,27,66,82,374,existing,1999.4018461664714
28,28,50,83,226,existing,306.0908032974272,28,50,83,456,existing,88.58058627960732,28,50,83,263,allocated,146.84838078418335,28,70,83,448,existing,448.91696944671344,28,76,83,357,existing,1036.9158429980553,28,75,83,117,existing,1206.0282234392398,28,71,83,277,existing,1151.5626644613803,28,69,83,316,existing,1282.0298461379898,28,72,83,348,existing,1355.8157993924442,28,73,83,116,existing,1389.2419496601715,28,74,83,432,existing,1343.047062304663,28,77,83,314,existing,1784.8470933875915,28,66,83,374,existing,1982.7458380632725
29,29,55,85,75,existing,300.8204463879305,29,55,85,191,existing,308.61831056034737,29,55,85,237,allocated,162.48633189900974,29,71,85,277,existing,535.7814724580206,29,75,85,117,existing,590.24703143588,29,72,85,348,existing,740.0346073890846,29,74,85,432,existing,727.2658703013035,29,70,85,448,existing,1064.0120322947844,29,73,85,116,existing,773.4607576568116,29,76,85,357,existing,1652.6970350014146,29,69,85,316,existing,1897.8110381413494,29,66,85,374,existing,2598.527030066632,29,77,85,314,existing,2400.628285390951
30,30,50,86,226,existing,363.79692458973443,30,50,86,456,existing,146.28670757191452,30,50,86,263,allocated,204.55450207649056,30,70,86,448,existing,406.46886141710604,30,76,86,357,existing,979.2097217057479,30,71,86,277,existing,1209.2687857536876,30,69,86,316,existing,1224.3237248456826,30,75,86,117,existing,1263.734344731547,30,72,86,348,existing,1413.5219206847514,30,73,86,116,existing,1446.9480709524787,30,74,86,432,existing,1400.7531835969703,30,77,86,314,existing,1727.1409720952843,30,66,86,374,existing,1925.0397167709652
31,31,54,87,448,existing,316.846558313071,31,54,87,140,existing,208.08279036865804,31,54,87,175,allocated,220.57887192932318,31,70,87,448,existing,316.846558313071,31,76,87,357,existing,889.5874186017129,31,69,87,316,existing,1134.7014217416477,31,71,87,277,existing,1298.8910888577227,31,74,87,432,existing,1490.3754867010055,31,75,87,117,existing,1353.356647835582,31,72,87,348,existing,1503.1442237887866,31,73,87,116,existing,1536.5703740565136,31,66,87,374,existing,1835.4174136669303,31,77,87,314,existing,1637.5186689912493
32,32,55,88,75,existing,376.13925116857973,32,55,88,191,existing,427.47929458394054,32,55,88,237,allocated,281.34731592260295,32,75,88,117,existing,646.7889758606157,32,71,88,277,existing,686.3859231097673,32,74,88,432,existing,740.3793771594271,32,73,88,116,existing,830.0027020815473,32,69,88,316,existing,2280.1112182672814,32,72,88,348,existing,896.1599182184727,32,76,88,357,existing,2034.9972151273466,32,70,88,448,existing,1409.6809694923606,32,77,88,314,existing,2782.928465516883,32,66,88,374,existing,2980.827210192564
33,33,55,89,75,existing,503.60644486286805,33,55,89,191,existing,413.5151337069726,33,55,89,237,allocated,408.81450961689126,33,75,89,117,existing,774.256169554904,33,71,89,277,existing,813.8531168040556,33,73,89,116,existing,957.4698957758357,33,74,89,432,existing,867.8465708537154,33,70,89,448,existing,1282.2137757980722,33,72,89,348,existing,1023.627111912761,33,76,89,357,existing,1907.5300214330582,33,69,89,316,existing,2152.6440245729927,33,66,89,374,existing,2853.3600164982754,33,77,89,314,existing,2655.4612718225944
34,34,59,90,348,existing,220.55723973149,34,59,90,191,existing,1019.4861972039347,34,59,90,432,allocated,442.7499895000776,34,72,90,348,existing,220.55723973149,34,73,90,116,existing,347.620863361124,34,71,90,277,existing,466.117367917083,34,74,90,432,existing,442.7499895000776,34,76,90,357,existing,2269.1409714357524,34,75,90,117,existing,469.92818208934716,34,69,90,316,existing,2514.254974575687,34,70,90,448,existing,2024.603879415359,34,67,90,146,existing,2850.8842902718734,34,66,90,374,existing,2859.702505085609
35,35,59,91,348,existing,157.86824615155066,35,59,91,191,existing,956.7972036239954,35,59,91,432,allocated,380.0609959201382,35,72,91,348,existing,157.86824615155066,35,73,91,116,existing,284.9318697811847,35,71,91,277,existing,403.42837433714374,35,74,91,432,existing,380.0609959201382,35,69,91,316,existing,2451.565980995748,35,75,91,117,existing,407.23918850940777,35,76,91,357,existing,2206.4519778558133,35,70,91,448,existing,1961.9148858354197,35,66,91,374,existing,2797.0135115056696,35,67,91,146,existing,2788.1952966919343
36,36,50,92,226,existing,414.4777315562335,36,50,92,456,existing,291.79697098272425,36,50,92,92,allocated,0.0,36,70,92,448,existing,557.3038977055197,36,71,92,277,existing,1084.7213864468029,36,75,92,117,existing,1139.186945424662,36,74,92,432,existing,1276.2057842900856,36,72,92,348,existing,1330.281514632396,36,73,92,116,existing,1322.4006716455938,36,76,92,357,existing,1290.408329449624,36,69,92,316,existing,1535.5223325895588,36,66,92,374,existing,2236.238324514841,36,77,92,314,existing,2038.3395798391605
37,37,50,93,226,existing,368.6534036987787,37,50,93,456,existing,245.97264312526943,37,50,93,92,allocated,45.824327857454776,37,70,93,448,existing,511.4795698480649,37,71,93,277,existing,1130.5457143042577,37,76,93,357,existing,1244.5840015921694,37,75,93,117,existing,1185.011273282117,37,69,93,316,existing,1489.698004732104,37,74,93,432,existing,1322.0301121475404,37,72,93,348,existing,1376.1058424898506,37,73,93,116,existing,1368.2249995030486,37,77,93,314,existing,1992.5152519817057,37,66,93,374,existing,2190.4139966573866
38,38,54,94,448,existing,725.084343886861,38,54,94,140,existing,479.8233988835374,38,54,94,284,allocated,261.4600787231557,38,70,94,448,existing,725.084343886861,38,76,94,357,existing,1067.1572874079143,38,75,94,117,existing,1291.753333427193,38,71,94,277,existing,1244.8270076499596,38,69,94,316,existing,1312.2712905478488,38,74,94,432,existing,1435.4908775453432,38,73,94,116,existing,1474.9670596481246,38,72,94,348,existing,1399.0293333849777,38,77,94,314,existing,1815.0885377974505,38,66,94,374,existing,2012.9872824731315
39,39,54,95,448,existing,616.7115691208198,39,54,95,140,existing,525.1992337136264,39,54,95,175,allocated,339.555294739676,39,70,95,448,existing,616.7115691208198,39,76,95,357,existing,958.7845126418732,39,69,95,316,existing,1203.8985157818079,39,71,95,277,existing,1353.1997824160007,39,73,95,116,existing,1583.339834414166,39,74,95,432,existing,1543.8636523113844,39,72,95,348,existing,1507.4021081510186,39,75,95,117,existing,1400.1261081932344,39,77,95,314,existing,1706.7157630314096,39,66,95,374,existing,1904.6145077070905
40,40,65,103,317,existing,450.19243854951196,40,65,103,191,existing,1362.0271502261212,40,65,103,317,allocated,450.19243854951196,40,72,103,348,existing,563.0981927536766,40,73,103,116,existing,617.0453439509383,40,75,103,117,existing,800.25907017187,40,74,103,432,existing,712.1744700898919,40,67,103,146,existing,2831.542229268966,40,76,103,357,existing,2611.681924457939,40,70,103,448,existing,2367.1448324375456,40,71,103,277,existing,808.6583209392696,40,69,103,316,existing,2856.7959275978737,40,66,103,374,existing,2859.204956672731
41,41,65,104,317,existing,508.51948670209083,41,65,104,191,existing,1420.3541983787002,41,65,104,317,allocated,508.51948670209083,41,72,104,348,existing,621.4252409062555,41,73,104,116,existing,675.3723921035172,41,75,104,117,existing,858.5861183244488,41,74,104,432,existing,770.5015182424708,41,70,104,448,existing,2425.4718805901243,41,67,104,146,existing,2889.869277421545,41,71,104,277,existing,866.9853690918485,41,76,104,357,existing,2670.008972610518,41,66,104,374,existing,2917.5320048253097,41,69,104,316,existing,2915.1229757504525
42,42,62,105,432,existing,586.942722242718,42,62,105,223,existing,456.7045332749493,42,62,105,223,allocated,456.7045332749493,42,73,105,116,existing,553.8338922965124,42,74,105,432,existing,586.942722242718,42,72,105,348,existing,680.8975159261464,42,75,105,117,existing,730.6802663608681,42,69,105,316,existing,2974.5952507703432,42,71,105,277,existing,868.9643945886767,42,76,105,357,existing,2729.4812476304087,42,70,105,448,existing,2259.5208603034785,42,66,105,374,existing,3329.7178542674533,42,67,105,146,existing,3320.8996394537176
43,43,51,106,432,existing,964.3539993309338,43,51,106,223,existing,293.3888268706524,43,51,106,223,allocated,293.3888268706524,43,74,106,432,existing,964.3539993309338,43,73,106,116,existing,1054.2223714916452,43,72,106,348,existing,1181.285995121279,43,75,106,117,existing,1108.091543449084,43,76,106,357,existing,3174.296067440134,43,70,106,448,existing,2572.6885543265207,43,69,106,316,existing,3419.410070580069,43,71,106,277,existing,1246.3756716768924,43,67,106,146,existing,3831.7284952048476,43,66,106,374,existing,3839.5662627371885
44,44,60,107,432,existing,781.5050155613575,44,60,107,223,existing,110.53984310107607,44,60,107,223,allocated,110.53984310107607,44,74,107,432,existing,781.5050155613575,44,73,107,116,existing,871.3733877220689,44,72,107,348,existing,998.4370113517028,44,75,107,117,existing,925.2425596795076,44,69,107,316,existing,3236.5610868104927,44,71,107,277,existing,1063.526687907316,44,76,107,357,existing,2991.4470836705577,44,70,107,448,existing,2389.8395705569446,44,67,107,146,existing,3648.8795114352715,44,66,107,374,existing,3656.717278967612
45,45,62,108,432,existing,981.4280862607225,45,62,108,223,existing,89.383227598289,45,62,108,223,allocated,89.383227598289,45,74,108,432,existing,981.4280862607225,45,73,108,116,existing,1071.296458421434,45,75,108,117,existing,1125.1656303788725,45,72,108,348,existing,1198.3600820510678,45,69,108,316,existing,3215.4044713077055,45,76,108,357,existing,2970.2904681677705,45,70,108,448,existing,2368.6829550541574,45,71,108,277,existing,1263.4497586066811,45,77,108,314,existing,3718.221718557307,45,67,108,146,existing,3848.8025821346364
46,46,60,109,432,existing,1057.3223031411392,46,60,109,223,existing,165.27744447870566,46,60,109,223,allocated,165.27744447870566,46,74,109,432,existing,1057.3223031411392,46,73,109,116,existing,1147.1906753018507,46,75,109,117,existing,1201.0598472592892,46,72,109,348,existing,1274.2542989314845,46,69,109,316,existing,3291.298688188122,46,76,109,357,existing,3046.184685048187,46,70,109,448,existing,2444.577171934574,46,71,109,277,existing,1339.3439754870979,46,77,109,314,existing,3794.1159354377237,46,67,109,146,existing,3924.696799015053
47,47,55,110,75,existing,600.9142014795214,47,55,110,191,existing,339.85599196467376,47,55,110,191,allocated,339.85599196467376,47,71,110,277,existing,885.1838710338774,47,75,110,117,existing,933.7692240940828,47,74,110,432,existing,1027.3596253928943,47,73,110,116,existing,1116.9829503150145,47,69,110,316,existing,2069.212649182164,47,72,110,348,existing,1130.7439992194704,47,76,110,357,existing,1824.0986460422293,47,70,110,448,existing,1198.7824004072436,47,77,110,314,existing,2572.029896431766,47,66,110,374,existing,2769.9286411074468
48,48,55,111,75,existing,556.964194221771,48,55,111,191,existing,295.9059847069234,48,55,111,191,allocated,295.9059847069234,48,71,111,277,existing,841.233863776127,48,75,111,117,existing,889.8192168363324,48,74,111,432,existing,983.4096181351439,48,73,111,116,existing,1073.0329430572642,48,72,111,348,existing,1086.7939919617202,48,70,111,448,existing,1154.832393149493,48,76,111,357,existing,1780.1486387844789,48,69,111,316,existing,2025.2626419244136,48,66,111,374,existing,2725.9786338496965,48,77,111,314,existing,2528.0798891740155
49,49,58,118,117,existing,25.07357140966935,49,58,118,191,existing,626.1892544216537,49,58,118,118,existing,0.0,49,75,118,117,existing,25.07357140966935,49,74,118,432,existing,118.66397270848077,49,71,118,277,existing,163.35769963747785,49,73,118,116,existing,208.28729763060096,49,69,118,316,existing,2506.412935734172,49,76,118,357,existing,2261.298932594237,49,70,118,448,existing,1663.8421653235991,49,72,118,348,existing,274.4445137675265,49,67,118,146,existing,2924.887013851095,49,66,118,374,existing,2932.7247813834356
50,50,55,119,75,existing,159.21208704423896,50,55,119,191,existing,477.6198902610005,50,55,119,123,allocated,59.823687062039056,50,75,119,117,existing,173.64293557032252,50,74,119,432,existing,267.23333686913395,50,71,119,277,existing,311.92706379813103,50,73,119,116,existing,356.85666179125417,50,69,119,316,existing,2357.843571573519,50,72,119,348,existing,423.0138779281797,50,70,119,448,existing,1515.272801162946,50,76,119,357,existing,2112.729568433584,50,77,119,314,existing,2860.6608188231207,50,66,119,374,existing,3058.5595634988017
51,51,56,121,277,existing,245.4595094152733,51,56,121,191,existing,307.9093198715784,51,56,121,237,allocated,161.7773412102408,51,71,121,277,existing,245.4595094152733,51,75,121,117,existing,299.9250683931326,51,74,121,432,existing,443.66261251128265,51,73,121,116,existing,483.1387946140642,51,69,121,316,existing,2188.133001184097,51,76,121,357,existing,1943.018998044162,51,72,121,348,existing,491.0196376008663,51,70,121,448,existing,1345.5622307735239,51,66,121,374,existing,2888.8489931093795,51,77,121,314,existing,2690.9502484336986
52,52,55,122,75,existing,155.30496952217234,52,55,122,191,existing,163.1028336945892,52,55,122,237,allocated,16.970855033251585,52,71,122,277,existing,390.26599559226247,52,75,122,117,existing,444.73155457012183,52,74,122,432,existing,581.7503934355452,52,73,122,116,existing,627.9452807910534,52,69,122,316,existing,2043.3265150071077,52,70,122,448,existing,1200.7557445965347,52,72,122,348,existing,635.8261237778555,52,76,122,357,existing,1798.212511867173,52,66,122,374,existing,2744.04250693239,52,77,122,314,existing,2546.143762256709
53,53,55,123,75,existing,99.3883999821999,53,55,123,191,existing,417.7962031989615,53,55,123,123,allocated,0.0,53,75,123,117,existing,233.46662263236158,53,74,123,432,existing,327.05702393117303,53,71,123,277,existing,371.75075086017006,53,73,123,116,existing,416.68034885329325,53,72,123,348,existing,482.8375649902187,53,69,123,316,existing,2298.01988451148,53,70,123,448,existing,1455.449114100907,53,76,123,357,existing,2052.905881371545,53,77,123,314,existing,2800.8371317610818,53,66,123,374,existing,2998.7358764367627
54,54,50,124,226,existing,454.2653646474689,54,50,124,140,existing,159.86807225412025,54,50,124,263,allocated,273.4811732338403,54,70,124,448,existing,597.0915307967551,54,71,124,277,existing,1096.2059012827303,54,75,124,117,existing,1150.6714602605896,54,76,124,357,existing,1185.7765335033855,54,74,124,432,existing,1287.690299126013,54,72,124,348,existing,1300.4590362137942,54,69,124,316,existing,1430.89053664332,54,73,124,116,existing,1333.8851864815213,54,66,124,374,existing,2131.6065285686027,54,77,124,314,existing,1933.7077838929217
55,55,50,125,226,existing,493.75270749561037,55,50,125,140,existing,120.38072940597878,55,50,125,263,allocated,312.9685160819818,55,70,125,448,existing,585.0820481460338,55,71,125,277,existing,1135.6932441308718,55,75,125,117,existing,1190.158803108731,55,76,125,357,existing,1157.8229084346756,55,74,125,432,existing,1327.1776419741545,55,69,125,316,existing,1402.9369115746103,55,73,125,116,existing,1373.3725293296627,55,72,125,348,existing,1339.9463790619357,55,66,125,374,existing,2103.652903499893,55,77,125,314,existing,1905.754158824212
56,56,59,127,348,existing,429.77924330695186,56,59,127,191,existing,1228.7082007793965,56,59,127,432,allocated,651.9719930755394,56,72,127,348,existing,429.77924330695186,56,73,127,116,existing,556.8428669365859,56,71,127,277,existing,675.3393714925448,56,74,127,432,existing,651.9719930755394,56,70,127,448,existing,2233.825882990821,56,67,127,146,existing,2551.421714085529,56,76,127,357,existing,2478.362975011214,56,75,127,117,existing,679.150185664809,56,69,127,316,existing,2723.4769781511486,56,66,127,374,existing,2579.084441489294
57,57,55,128,75,existing,279.1638877271697,57,55,128,191,existing,286.9617518995866,57,55,128,237,allocated,140.82977323824898,57,71,128,277,existing,514.1249137972599,57,75,128,117,existing,559.0670654073515,57,72,128,348,existing,666.343065365136,57,74,128,432,existing,702.8046095255016,57,69,128,316,existing,1971.502580165298,57,70,128,448,existing,1137.703574318733,57,73,128,116,existing,742.2807916282832,57,76,128,357,existing,1726.3885770253632,57,66,128,374,existing,2672.218572090581,57,77,128,314,existing,2474.3198274149
58,58,50,129,226,existing,105.41365745697223,58,50,129,456,existing,246.88388991409073,58,50,129,63,allocated,84.38398691062011,58,70,129,448,existing,324.7824448736965,58,76,129,357,existing,905.9511023029879,58,71,129,277,existing,1446.4359416892876,58,69,129,316,existing,1151.0651054429227,58,72,129,348,existing,1659.4608411843592,58,74,129,432,existing,1637.9203395325703,58,75,129,117,existing,1500.9015006671468,58,77,129,314,existing,1653.8823526925244,58,66,129,374,existing,1851.7810973682053,58,73,129,116,existing,1684.1152268880785
59,59,54,131,448,existing,286.9128022101476,59,54,131,456,existing,399.5449378175152,59,54,131,175,allocated,58.35859375246049,59,70,131,448,existing,286.9128022101476,59,76,131,357,existing,710.43886031711,59,69,131,316,existing,955.5528634570446,59,77,131,314,existing,1458.3701107066463,59,66,131,374,existing,1656.2688553823273,59,71,131,277,existing,1486.5912110570657,59,68,131,203,existing,1659.8541049711557,59,75,131,117,existing,1541.0567700349252,59,67,131,146,existing,1683.6819229378912,59,74,131,432,existing,1678.0756089003485
60,60,50,132,226,existing,509.08010329897263,60,50,132,140,existing,195.798807216401,60,50,132,192,allocated,227.10648783975785,60,70,132,448,existing,651.9062694482589,60,71,132,277,existing,939.1154707405385,60,75,132,117,existing,993.5810297183978,60,74,132,432,existing,1130.5998685838213,60,72,132,348,existing,1164.2227843456908,60,76,132,357,existing,1257.837253755123,60,73,132,116,existing,1176.7947559393294,60,69,132,316,existing,1502.9512568950577,60,66,132,374,existing,2203.6672488203403,60,77,132,314,existing,2005.7685041446593
61,61,50,133,226,existing,435.86798421057426,61,50,133,456,existing,187.2244619462599,61,50,133,263,allocated,255.08379279694566,61,70,133,448,existing,578.6941503598605,61,71,133,277,existing,1012.3275898289369,61,76,133,357,existing,1184.6251346667245,61,75,133,117,existing,1066.7931488067961,61,74,133,432,existing,1203.8119876722196,61,73,133,116,existing,1250.0068750277278,61,69,133,316,existing,1429.739137806659,61,72,133,348,existing,1237.4349034340894,61,77,133,314,existing,1932.5563850562608,61,66,133,374,existing,2130.4551297319417
62,62,55,134,75,existing,511.0738562094274,62,55,134,191,existing,250.01564669457977,62,55,134,191,allocated,250.01564669457977,62,71,134,277,existing,795.3435257637834,62,75,134,117,existing,843.9288788239888,62,73,134,116,existing,1027.1426050449204,62,74,134,432,existing,937.5192801228003,62,70,134,448,existing,1108.9420551371495,62,76,134,357,existing,1734.2583007721353,62,69,134,316,existing,1979.37230391207,62,72,134,348,existing,1040.9036539493763,62,77,134,314,existing,2482.1895511616717,62,66,134,374,existing,2680.0882958373527
63,63,55,136,75,existing,666.6017327156369,63,55,136,140,existing,432.0708555055439,63,55,136,284,allocated,213.70753534516214,63,70,136,448,existing,810.5498496880492,63,71,136,277,existing,901.5627587857272,63,74,136,432,existing,1093.0471566290098,63,75,136,117,existing,956.0283177635864,63,76,136,357,existing,1383.290709976691,63,72,136,348,existing,1105.815893716791,63,73,136,116,existing,1139.2420439845182,63,69,136,316,existing,1628.4047131166258,63,77,136,314,existing,2131.2219603662274,63,66,136,374,existing,2329.1207050419084
64,64,55,137,75,existing,723.1199009725361,64,55,137,140,existing,375.5526872486447,64,55,137,284,allocated,157.18936708826297,64,70,137,448,existing,754.03168143115,64,71,137,277,existing,958.0809270426264,64,75,137,117,existing,1005.00725281986,64,72,137,348,existing,1112.2832527776445,64,69,137,316,existing,1571.8865448597267,64,73,137,116,existing,1188.2209790407917,64,74,137,432,existing,1148.74479693801,64,76,137,357,existing,1326.772541719792,64,77,137,314,existing,2074.7037921093283,64,66,137,374,existing,2272.6025367850093
65,65,55,138,75,existing,820.9756169106722,65,55,138,223,existing,337.2041557123084,65,55,138,70,allocated,310.8756922444717,65,75,138,117,existing,1091.625341602708,65,71,138,277,existing,1135.756568582263,65,73,138,116,existing,1231.6432566374774,65,74,138,432,existing,1141.774884476766,65,72,138,348,existing,1340.996283960565,65,70,138,448,existing,1942.0955717435597,65,69,138,316,existing,2788.817087997108,65,76,138,357,existing,2543.7030848571735,65,66,138,374,existing,3489.5330799223907,65,77,138,314,existing,3291.6343352467097
66,66,55,139,75,existing,837.344940689002,66,55,139,223,existing,414.37165784382336,66,55,139,70,allocated,388.0431943759866,66,75,139,117,existing,1107.994665381038,66,71,139,277,existing,1152.125892360593,66,73,139,116,existing,1248.0125804158072,66,74,139,432,existing,1158.1442082550957,66,72,139,348,existing,1357.365607738895,66,76,139,357,existing,2560.072408635503,66,69,139,316,existing,2805.1864117754376,66,70,139,448,existing,1958.4648955218897,66,77,139,314,existing,3308.0036590250393,66,66,139,374,existing,3505.9024037007202
67,67,55,141,75,existing,631.6054112183713,67,55,141,191,existing,715.0724551493133,67,55,141,123,allocated,563.7503693551469,67,75,141,117,existing,677.5696178634303,67,74,141,432,existing,729.1988209484233,67,71,141,277,existing,815.8537460912387,67,73,141,116,existing,819.0671931091347,67,76,141,357,existing,2354.332879164873,67,70,141,448,existing,1752.7253660512588,67,69,141,316,existing,2599.4468823048073,67,72,141,348,existing,926.9405602212873,67,77,141,314,existing,3102.264129554409,67,66,141,374,existing,3300.16287423009
68,68,55,142,75,existing,621.5059568362701,68,55,142,191,existing,704.9730007672122,68,55,142,123,allocated,553.6509149730457,68,75,142,117,existing,667.4701634813291,68,74,142,432,existing,739.2982753305245,68,71,142,277,existing,805.7542917091375,68,73,142,116,existing,829.1666474912358,68,69,142,316,existing,2589.347427922706,68,76,142,357,existing,2344.233424782771,68,72,142,348,existing,916.8411058391862,68,70,142,448,existing,1742.6259116691576,68,77,142,314,existing,3092.164675172308,68,66,142,374,existing,3290.063419847989
69,69,54,143,448,existing,216.36017603775255,69,54,143,456,existing,579.2749999151398,69,54,143,143,existing,0.0,69,70,143,448,existing,216.36017603775255,69,76,143,357,existing,555.0550202531316,69,69,143,316,existing,800.1690233930663,69,77,143,314,existing,1302.986270642668,69,67,143,146,existing,1528.2980828739128,69,71,143,277,existing,1707.101215829485,69,68,143,203,existing,1504.4702649071774,69,66,143,374,existing,1500.885015318349,69,74,143,432,existing,1898.5856136727677,69,75,143,117,existing,1761.5667748073445
70,70,54,144,448,existing,303.40022220240803,70,54,144,456,existing,641.9688240461489,70,54,144,143,existing,87.04004616465548,70,70,144,448,existing,303.40022220240803,70,76,144,357,existing,468.0149740884761,70,77,144,314,existing,1215.9462244780125,70,69,144,316,existing,713.1289772284108,70,67,144,146,existing,1441.2580367092573,70,68,144,203,existing,1417.430218742522,70,66,144,374,existing,1413.8449691536935,70,71,144,277,existing,1729.0150972856993,70,74,144,432,existing,1920.499495128982,70,75,144,117,existing,1783.4806562635586
71,71,56,147,277,existing,228.8101968680465,71,56,147,191,existing,782.1790261548981,71,56,147,277,allocated,228.8101968680465,71,71,147,277,existing,228.8101968680465,71,75,147,117,existing,232.62101104031063,71,74,147,432,existing,376.3585551584608,71,72,147,348,existing,339.89701099809514,71,76,147,357,existing,2236.7427830969596,71,69,147,316,existing,2481.8567862368945,71,73,147,116,existing,415.83473726124225,71,70,147,448,existing,1648.0577803903293,71,67,147,146,existing,2990.3395110816637,71,77,147,314,existing,2984.6740334864962
72,72,57,148,277,existing,478.02266780959474,72,57,148,191,existing,534.7935779233351,72,57,148,237,allocated,388.6615992619975,72,71,148,277,existing,478.02266780959474,72,75,148,117,existing,481.8334819818589,72,74,148,432,existing,625.571026100009,72,72,148,348,existing,589.1094819396434,72,73,148,116,existing,665.0472082027904,72,69,148,316,existing,2219.3344061890466,72,76,148,357,existing,1974.2204030491116,72,70,148,448,existing,1385.5354003424814,72,66,148,374,existing,2920.0503981143293,72,77,148,314,existing,2722.1516534386483
73,73,65,149,317,existing,637.7422179701132,73,65,149,223,existing,1113.3592576326537,73,65,149,317,allocated,637.7422179701132,73,73,149,116,existing,621.5545934591541,73,74,149,432,existing,659.303248572645,73,75,149,117,existing,803.0407926907951,73,72,149,348,existing,748.6182170887881,73,70,149,448,existing,2336.252130929791,73,76,149,357,existing,2797.20194879305,73,71,149,277,existing,941.3249209186035,73,69,149,316,existing,3042.3159519329847,73,67,149,146,existing,3388.6203406163595,73,66,149,374,existing,3397.4385554300948
74,74,62,150,432,existing,467.94042105771666,74,62,150,223,existing,921.9964301177253,74,62,150,432,allocated,467.94042105771666,74,73,150,116,existing,430.19176594422584,74,74,150,432,existing,467.94042105771666,74,75,150,117,existing,611.6779651758668,74,72,150,348,existing,557.2553895738598,74,76,150,357,existing,2605.8391212781225,74,71,150,277,existing,749.9620934036752,74,70,150,448,existing,2144.8893034148623,74,69,150,316,existing,2850.953124418057,74,66,150,374,existing,3206.0757279151667,74,67,150,146,existing,3197.257513101431
75,75,65,154,317,existing,564.6778831408741,75,65,154,223,existing,1186.4235924618927,75,65,154,317,allocated,564.6778831408741,75,73,154,116,existing,694.6189282883934,75,74,154,432,existing,732.3675834018841,75,75,154,117,existing,876.1051275200342,75,72,154,348,existing,821.6825519180273,75,76,154,357,existing,2870.26628362229,75,70,154,448,existing,2409.31646575903,75,69,154,316,existing,3115.3802867622244,75,71,154,277,existing,1014.3892557478428,75,66,154,374,existing,3470.502890259334,75,67,154,146,existing,3461.6846754455987
76,76,65,155,317,existing,476.6278748908047,76,65,155,223,existing,1274.4736007119623,76,65,155,317,allocated,476.6278748908047,76,73,155,116,existing,623.2640618890093,76,74,155,432,existing,669.2133316248357,76,75,155,117,existing,806.4777881099409,76,72,155,348,existing,750.3276855186433,76,71,155,277,existing,944.7619163377494,76,69,155,316,existing,3044.02542036284,76,70,155,448,existing,2451.719469656916,76,76,155,357,existing,2798.9114172229056,76,67,155,146,existing,3390.3298090462145,76,66,155,374,existing,3399.14802385995
77,77,60,156,432,existing,511.1415238151011,77,60,156,223,existing,380.9033348473325,77,60,156,223,allocated,380.9033348473325,77,74,156,432,existing,511.1415238151011,77,73,156,116,existing,601.0098959758125,77,75,156,117,existing,654.8790679332512,77,72,156,348,existing,728.0735196054464,77,69,156,316,existing,3021.7712544496435,77,71,156,277,existing,793.1631961610597,77,76,156,357,existing,2776.657251309709,77,70,156,448,existing,2183.7196618758617,77,67,156,146,existing,3378.5160196890147,77,66,156,374,existing,3386.3537872213556
78,78,51,157,432,existing,355.9041675472955,78,51,157,223,existing,536.140691115138,78,51,157,432,allocated,355.9041675472955,78,74,157,432,existing,355.9041675472955,78,73,157,116,existing,445.7725397080069,78,75,157,117,existing,499.64171166544565,78,72,157,348,existing,572.8361633376409,78,76,157,357,existing,2621.419895041903,78,71,157,277,existing,637.9258398932541,78,69,157,316,existing,2866.5338981818377,78,70,157,448,existing,2032.8530499044411,78,67,157,146,existing,3223.2786634212093,78,66,157,374,existing,3231.1164309535498
79,79,56,160,277,existing,219.07720296780818,79,56,160,191,existing,772.4460322546598,79,56,160,277,allocated,219.07720296780818,79,71,160,277,existing,219.07720296780818,79,75,160,117,existing,222.8880171400723,79,74,160,432,existing,366.62556125822243,79,72,160,348,existing,330.1640170978568,79,69,160,316,existing,2491.5897801371325,79,76,160,357,existing,2246.475776997198,79,73,160,116,existing,406.1017433610039,79,70,160,448,existing,1657.7907742905677,79,67,160,146,existing,2980.6065171814253,79,66,160,374,existing,2988.444284713766
80,80,55,163,75,existing,240.93743269908174,80,55,163,191,existing,328.5552224729994,80,55,163,237,allocated,182.42324381166176,80,75,163,117,existing,511.58715739111767,80,71,163,277,existing,555.7183843706727,80,74,163,432,existing,605.1775586899291,80,73,163,116,existing,694.8008836120493,80,69,163,316,existing,2208.7789037855177,80,70,163,448,existing,1366.208133374945,80,72,163,348,existing,760.9580997489747,80,76,163,357,existing,1963.664900645583,80,77,163,314,existing,2711.5961510351194,80,66,163,374,existing,2909.4948957108004
81,81,65,171,317,existing,347.1564439687124,81,65,171,191,existing,1297.4421144509522,81,65,171,317,allocated,347.1564439687124,81,73,171,116,existing,506.39399996530955,81,72,171,348,existing,600.6309988380432,81,74,171,432,existing,601.5231261042632,81,75,171,117,existing,689.6077261862412,81,69,171,316,existing,2894.32873368224,81,71,171,277,existing,827.8918544140497,81,76,171,357,existing,2649.2147305423055,81,70,171,448,existing,2335.0950253528977,81,67,171,146,existing,2942.193573254595,81,66,171,374,existing,2969.85630065836
82,82,55,172,75,existing,536.9206872401319,82,55,172,191,existing,620.3877311710737,82,55,172,123,allocated,469.06564537690724,82,75,172,117,existing,582.8848938851908,82,74,172,432,existing,676.4752951840021,82,73,172,116,existing,766.0986201061223,82,71,172,277,existing,721.1690221129992,82,70,172,448,existing,1658.0406420730192,82,72,172,348,existing,832.2558362430478,82,76,172,357,existing,2259.648155186633,82,69,172,316,existing,2504.7621583265677,82,66,172,374,existing,3205.4781502518504,82,77,172,314,existing,3007.5794055761694
83,83,55,174,75,existing,515.1596970102862,83,55,174,191,existing,196.75189379352472,83,55,174,191,allocated,196.75189379352472,83,71,174,277,existing,750.1207230803764,83,75,174,117,existing,804.5862820582356,83,70,174,448,existing,891.9045610719461,83,74,174,432,existing,941.6051209236591,83,72,174,348,existing,995.6808512659695,83,76,174,357,existing,1517.220806706932,83,69,174,316,existing,1762.3348098468668,83,73,174,116,existing,987.8000082791673,83,77,174,314,existing,2265.1520570964685,83,66,174,374,existing,2463.0508017721495
84,84,54,175,448,existing,345.27139596260815,84,54,175,140,existing,428.66166229798125,84,54,175,175,allocated,0.0,84,70,175,448,existing,345.27139596260815,84,76,175,357,existing,750.099437013522,84,69,175,316,existing,995.2134401534566,84,77,175,314,existing,1498.0306874030584,84,66,175,374,existing,1695.9294320787394,84,75,175,117,existing,1573.9355197649052,84,68,175,203,existing,1699.5146816675679,84,71,175,277,existing,1519.469960787046,84,67,175,146,existing,1723.3424996343033,84,74,175,432,existing,1710.9543586303287
85,85,54,176,448,existing,402.2405620477101,85,54,176,140,existing,485.63082838308316,85,54,176,175,allocated,56.96916608510195,85,70,176,448,existing,402.2405620477101,85,76,176,357,existing,807.0686030986238,85,77,176,314,existing,1554.9998534881602,85,69,176,316,existing,1052.1826062385585,85,66,176,374,existing,1752.8985981638411,85,72,176,348,existing,1717.5969664352042,85,71,176,277,existing,1563.394640700186,85,75,176,117,existing,1610.3209664774195,85,74,176,432,existing,1754.0585105955697,85,68,176,203,existing,1756.4838477526696
86,86,55,177,75,existing,753.3751776789809,86,55,177,140,existing,463.98266886655176,86,55,177,284,allocated,245.61934870617003,86,70,177,448,existing,842.461663049057,86,71,177,277,existing,912.7664570296888,86,72,177,348,existing,1023.8532711597375,86,75,177,117,existing,916.577271201953,86,73,177,116,existing,1099.7909974228846,86,76,177,357,existing,1415.202523337699,86,69,177,316,existing,1660.3165264776335,86,74,177,432,existing,1060.314815320103,86,77,177,314,existing,2163.133773727235,86,66,177,374,existing,2361.032518402916
87,87,55,178,75,existing,363.55761268718,87,55,178,191,existing,589.3924766130785,87,55,178,123,allocated,277.55566869949206,87,75,178,117,existing,391.3749172077755,87,74,178,432,existing,484.965318506587,87,71,178,277,existing,529.659045435584,87,73,178,116,existing,574.5886434287072,87,69,178,316,existing,2473.766903768573,87,72,178,348,existing,640.7458595656326,87,76,178,357,existing,2228.652900628638,87,70,178,448,existing,1627.0453875150242,87,77,178,314,existing,2976.5841510181745,87,66,178,374,existing,3174.4828956938554
88,88,50,190,226,existing,435.39512640715964,88,50,190,456,existing,186.75160414284534,88,50,190,263,allocated,254.6109349935311,88,70,190,448,existing,578.2212925564459,88,71,190,277,existing,1021.5722121963593,88,76,190,357,existing,1166.9062952630763,88,75,190,117,existing,1076.0377711742185,88,74,190,432,existing,1213.056610039642,88,69,190,316,existing,1412.020298403011,88,73,190,116,existing,1259.2514973951502,88,72,190,348,existing,1225.8253471274231,88,77,190,314,existing,1914.8375456526128,88,66,190,374,existing,2112.7362903282938
89,89,55,191,75,existing,318.4078032167615,89,55,191,191,existing,0.0,89,55,191,191,allocated,0.0,89,71,191,277,existing,553.3688292868517,89,75,191,117,existing,607.8343882647109,89,73,191,116,existing,791.0481144856426,89,74,191,432,existing,744.8532271301344,89,70,191,448,existing,1088.656454865471,89,76,191,357,existing,1709.3818170016154,89,72,191,348,existing,798.9289574724447,89,69,191,316,existing,1954.4958201415502,89,66,191,374,existing,2655.211812066833,89,77,191,314,existing,2457.313067391152
90,90,55,192,75,existing,477.04795683069045,90,55,192,191,existing,224.4380754067347,90,55,192,192,allocated,0.0,90,71,192,277,existing,712.0089829007807,90,75,192,117,existing,766.4745418786399,90,70,192,448,existing,879.0127572880167,90,74,192,432,existing,903.4933807440634,90,76,192,357,existing,1484.9437415948807,90,73,192,116,existing,949.6882680995716,90,72,192,348,existing,937.116296505933,90,69,192,316,existing,1730.0577447348155,90,66,192,374,existing,2430.773736660098,90,77,192,314,existing,2232.874991984417
91,91,59,196,348,existing,503.9775753412823,91,59,196,191,existing,1302.9065328137272,91,59,196,317,allocated,519.233808559716,91,72,196,348,existing,503.9775753412823,91,73,196,116,existing,631.0411989709163,91,74,196,432,existing,726.17032510987,91,71,196,277,existing,749.5377035268754,91,75,196,117,existing,753.3485176991394,91,69,196,316,existing,2797.6753101854792,91,70,196,448,existing,2308.0242150251515,91,76,196,357,existing,2552.5613070455447,91,67,196,146,existing,3134.3046258816657,91,66,196,374,existing,3143.1228406954015
92,92,55,198,75,existing,123.180563271273,92,55,198,191,existing,441.5883664880346,92,55,198,74,existing,92.07791431001023,92,75,198,117,existing,393.83028796330893,92,74,198,432,existing,487.4206892621204,92,71,198,277,existing,532.1144161911175,92,73,198,116,existing,577.0440141842406,92,70,198,448,existing,1479.24127738998,92,72,198,348,existing,643.2012303211661,92,76,198,357,existing,2076.698044660618,92,69,198,316,existing,2321.812047800553,92,66,198,374,existing,3022.5280397258357,92,77,198,314,existing,2824.6292950501547
93,93,62,200,432,existing,118.51573883043316,93,62,200,223,existing,773.5291198320003,93,62,200,432,allocated,118.51573883043316,93,74,200,432,existing,118.51573883043316,93,73,200,116,existing,208.38411099114452,93,75,200,117,existing,262.25328294858326,93,72,200,348,existing,335.44773462077853,93,70,200,448,existing,1888.8091133993898,93,71,200,277,existing,400.5374111763918,93,76,200,357,existing,2384.031466325041,93,69,200,316,existing,2629.1454694649756,93,67,200,146,existing,2985.890234704347,93,66,200,374,existing,2993.7280022366876
94,94,51,201,432,existing,609.8002153527069,94,51,201,223,existing,282.24464330972665,94,51,201,223,allocated,282.24464330972665,94,74,201,432,existing,609.8002153527069,94,73,201,116,existing,699.6685875134183,94,72,201,348,existing,826.7322111430523,94,75,201,117,existing,753.537759470857,94,71,201,277,existing,891.8218876986655,94,69,201,316,existing,3120.429945987249,94,76,201,357,existing,2875.3159428473145,94,70,201,448,existing,2282.3783534134673,94,67,201,146,existing,3477.1747112266207,94,66,201,374,existing,3485.012478758961
95,95,60,202,432,existing,739.551391307967,95,60,202,223,existing,411.9958192649867,95,60,202,223,allocated,411.9958192649867,95,74,202,432,existing,739.551391307967,95,73,202,116,existing,829.4197634686784,95,75,202,117,existing,883.2889354261172,95,72,202,348,existing,956.4833870983124,95,71,202,277,existing,1021.5730636539256,95,76,202,357,existing,3005.067118802575,95,70,202,448,existing,2412.129529368727,95,69,202,316,existing,3250.1811219425094,95,67,202,146,existing,3606.925887181881,95,66,202,374,existing,3614.7636547142215
96,96,54,205,448,existing,721.7512679957721,96,54,205,140,existing,315.6340567482581,96,54,205,284,allocated,124.90895365288503,96,70,205,448,existing,721.7512679957721,96,71,205,277,existing,1108.2758825796889,96,75,205,117,existing,1155.2022083569223,96,72,205,348,existing,1262.478208314707,96,73,205,116,existing,1338.415934577854,96,76,205,357,existing,1294.492128284414,96,74,205,432,existing,1298.9397524750725,96,69,205,316,existing,1539.6061314243489,96,77,205,314,existing,2042.4233786739505,96,66,205,374,existing,2240.3221233496315
97,97,54,206,448,existing,662.7939969449299,97,54,206,140,existing,284.3150027624245,97,54,206,284,allocated,65.95168260204278,97,70,206,448,existing,662.7939969449299,97,71,206,277,existing,1049.3186115288465,97,75,206,117,existing,1096.2449373060801,97,72,206,348,existing,1203.5209372638647,97,73,206,116,existing,1279.4586635270118,97,74,206,432,existing,1239.9824814242302,97,76,206,357,existing,1235.5348572335718,97,69,206,316,existing,1480.6488603735065,97,77,206,314,existing,1983.4661076231082,97,66,206,374,existing,2181.364852298789
98,98,50,207,226,existing,527.1961637205101,98,50,207,456,existing,278.5526414561958,98,50,207,92,allocated,265.884019431542,98,70,207,448,existing,670.0223298697963,98,71,207,277,existing,991.3882156106482,98,74,207,432,existing,1182.872613453931,98,75,207,117,existing,1045.8537745885073,98,76,207,357,existing,1275.9533141766603,98,69,207,316,existing,1521.067317316595,98,72,207,348,existing,1236.9483437962413,98,73,207,116,existing,1229.067500809439,98,66,207,374,existing,2221.7833092418778,98,77,207,314,existing,2023.8845645661968
99,99,65,208,317,existing,351.35034318509,99,65,208,191,existing,1263.1850548616994,99,65,208,317,allocated,351.35034318509,99,72,208,348,existing,464.2560973892546,99,73,208,116,existing,591.3197210188887,99,71,208,277,existing,709.8162255748477,99,74,208,432,existing,686.4488471578422,99,75,208,117,existing,713.6270397471118,99,70,208,448,existing,2268.3027370731234,99,67,208,146,existing,2732.700133904544,99,76,208,357,existing,2512.839829093517,99,66,208,374,existing,2760.362861308309,99,69,208,316,existing,2757.9538322334515
100,100,65,209,317,existing,545.558706601466,100,65,209,191,existing,1457.3934182780754,100,65,209,317,allocated,545.558706601466,100,72,209,348,existing,658.4644608056307,100,73,209,116,existing,785.5280844352646,100,71,209,277,existing,904.0245889912237,100,74,209,432,existing,880.6572105742182,100,70,209,448,existing,2462.5111004894998,100,75,209,117,existing,907.8354031634879,100,76,209,357,existing,2474.821755028011,100,67,209,146,existing,2538.491770488168,100,66,209,374,existing,2566.154497891933,100,77,209,314,existing,2711.1759324320633
101,101,50,217,226,existing,289.3297589088902,101,50,217,456,existing,71.81954189107033,101,50,217,263,allocated,130.08733639564636,101,70,217,448,existing,432.1559250581764,101,76,217,357,existing,1038.164256243555,101,75,217,117,existing,1213.3313741084803,101,71,217,277,existing,1158.8658151306208,101,72,217,348,existing,1371.8907146256925,101,69,217,316,existing,1283.2782593834895,101,73,217,116,existing,1396.5451003294118,101,74,217,432,existing,1350.3502129739036,101,66,217,374,existing,1983.9942513087722,101,77,217,314,existing,1786.0955066330912
102,102,50,218,226,existing,343.6875407548414,102,50,218,456,existing,126.1773237370215,102,50,218,263,allocated,184.44511824159753,102,70,218,448,existing,398.70435618689487,102,76,218,357,existing,983.8064743976037,102,71,218,277,existing,1213.223596976572,102,69,218,316,existing,1228.9204775375383,102,75,218,117,existing,1267.6891559544315,102,74,218,432,existing,1404.7079948198548,102,73,218,116,existing,1450.902882175363,102,72,218,348,existing,1426.2484964716436,102,77,218,314,existing,1731.73772478714,102,66,218,374,existing,1929.636469462821
103,103,50,220,226,existing,407.51340098412874,103,50,220,456,existing,158.86987871981444,103,50,220,263,allocated,226.7292095705002,103,70,220,448,existing,550.3395671334149,103,71,220,277,existing,1049.4539376193902,103,75,220,117,existing,1103.9194965972495,103,76,220,357,existing,1139.0245698400454,103,69,220,316,existing,1384.13857297998,103,74,220,432,existing,1240.938335462673,103,72,220,348,existing,1253.707072550454,103,73,220,116,existing,1287.1332228181811,103,77,220,314,existing,1886.9558202295816,103,66,220,374,existing,2084.8545649052626
104,104,54,221,448,existing,319.67373257029806,104,54,221,140,existing,228.16139716310462,104,54,221,175,allocated,223.4060461865502,104,70,221,448,existing,319.67373257029806,104,76,221,357,existing,892.41459285894,104,71,221,277,existing,1354.3828151878204,104,69,221,316,existing,1137.5285959988746,104,72,221,348,existing,1546.6412016384963,104,75,221,117,existing,1408.8483741656796,104,74,221,432,existing,1545.8672130311031,104,73,221,116,existing,1592.0621003866113,104,77,221,314,existing,1640.3458432484763,104,66,221,374,existing,1838.2445879241573
105,105,62,223,432,existing,892.0448586624335,105,62,223,223,existing,0.0,105,62,223,223,allocated,0.0,105,74,223,432,existing,892.0448586624335,105,73,223,116,existing,981.9132308231449,105,72,223,348,existing,1108.9768544527788,105,75,223,117,existing,1035.7824027805837,105,71,223,277,existing,1174.066531008392,105,76,223,357,existing,2880.9072405694815,105,69,223,316,existing,3126.0212437094165,105,70,223,448,existing,2279.2997274558684,105,67,223,146,existing,3759.4193545363473,105,77,223,314,existing,3628.838490959018
106,106,55,224,75,existing,519.4864990195587,106,55,224,191,existing,527.2843631919756,106,55,224,237,allocated,381.15238453063796,106,71,224,277,existing,663.7517537112527,106,75,224,117,existing,667.5625678835169,106,74,224,432,existing,811.300112001667,106,72,224,348,existing,774.8385678413014,106,69,224,316,existing,1909.3312297960697,106,76,224,357,existing,1664.217226656135,106,73,224,116,existing,850.7762941044485,106,70,224,448,existing,1091.4763663674928,106,66,224,374,existing,2610.0472217213523,106,77,224,314,existing,2412.1484770456714
107,107,55,225,75,existing,622.0683455022737,107,55,225,191,existing,629.8662096746906,107,55,225,237,allocated,483.734231013353,107,71,225,277,existing,766.3336001939678,107,75,225,117,existing,770.1444143662319,107,72,225,348,existing,877.4204143240164,107,74,225,432,existing,913.881958484382,107,70,225,448,existing,1194.058212850208,107,69,225,316,existing,2011.9130762787845,107,73,225,116,existing,953.3581405871636,107,76,225,357,existing,1766.79907313885,107,66,225,374,existing,2712.629068204067,107,77,225,314,existing,2514.730323528386
108,108,54,227,448,existing,304.725950792042,108,54,227,140,existing,388.1162171274151,108,54,227,175,allocated,40.54544517056612,108,70,227,448,existing,304.725950792042,108,76,227,357,existing,709.5539918429558,108,69,227,316,existing,954.6679949828905,108,77,227,314,existing,1457.485242232492,108,68,227,203,existing,1658.9692364970015,108,71,227,277,existing,1478.9245156164798,108,75,227,117,existing,1533.390074594339,108,66,227,374,existing,1655.383986908173,108,74,227,432,existing,1670.4089134597625,108,67,227,146,existing,1682.7970544637371
109,109,54,228,448,existing,440.46472428897255,109,54,228,140,existing,527.4978030155703,109,54,228,228,allocated,0.0,109,70,228,448,existing,440.46472428897255,109,76,228,357,existing,570.1724059548006,109,77,228,314,existing,1318.103656344337,109,69,228,316,existing,815.2864090947353,109,68,228,203,existing,1519.5876506088464,109,71,228,277,existing,1618.306101504635,109,67,228,146,existing,1543.415468575582,109,66,228,374,existing,1516.002401020018,109,74,228,432,existing,1809.7904993479178,109,75,228,117,existing,1672.7716604824943
110,110,54,229,448,existing,223.5754171296278,110,54,229,140,existing,301.35393155210124,110,54,229,175,allocated,127.30773074587998,110,70,229,448,existing,223.5754171296278,110,76,229,357,existing,796.3162774182697,110,71,229,277,existing,1392.162230041166,110,69,229,316,existing,1041.4302805582042,110,74,229,432,existing,1583.6466278844487,110,75,229,117,existing,1446.6277890190252,110,72,229,348,existing,1596.4153649722298,110,77,229,314,existing,1544.247527807806,110,66,229,374,existing,1742.1462724834869,110,73,229,116,existing,1629.8415152399568
111,111,62,231,432,existing,768.6361742855403,111,62,231,223,existing,671.040366919012,111,62,231,223,allocated,671.040366919012,111,74,231,432,existing,768.6361742855403,111,75,231,117,existing,833.5987301306841,111,73,231,116,existing,858.5045464462517,111,71,231,277,existing,971.8828583584925,111,70,231,448,existing,1893.582629804182,111,69,231,316,existing,2740.3041460577306,111,72,231,348,existing,985.5681700758856,111,76,231,357,existing,2495.1901429177956,111,77,231,314,existing,3243.1213933073323,111,66,231,374,existing,3441.0201379830132
112,112,54,236,448,existing,416.08606997429536,112,54,236,456,existing,529.2829762742617,112,54,236,175,allocated,188.09663220920697,112,70,236,448,existing,416.08606997429536,112,76,236,357,existing,580.7008218603635,112,77,236,314,existing,1328.6320722499,112,69,236,316,existing,825.8148250002981,112,66,236,374,existing,1526.530816925581,112,67,236,146,existing,1553.9438844811448,112,68,236,203,existing,1530.1160665144093,112,71,236,277,existing,1616.3292495138123,112,75,236,117,existing,1670.7948084916716,112,74,236,432,existing,1807.813647357095
113,113,55,238,75,existing,221.3250281018876,113,55,238,191,existing,195.1811822078013,113,55,238,238,allocated,0.0,113,71,238,277,existing,456.28605417197775,113,75,238,117,existing,510.75161314983706,113,74,238,432,existing,647.7704520152605,113,73,238,116,existing,693.9653393707687,113,69,238,316,existing,1985.780673463618,113,76,238,357,existing,1740.6666703236833,113,72,238,348,existing,701.8461823575708,113,70,238,448,existing,1134.7356860168195,113,66,238,374,existing,2686.496665388901,113,77,238,314,existing,2488.59792071322
114,114,55,247,75,existing,529.5429336080929,114,55,247,140,existing,361.71745834653257,114,55,247,192,allocated,155.43311380818886,114,71,247,277,existing,764.5039596781832,114,75,247,117,existing,818.9695186560424,114,70,247,448,existing,835.289545074622,114,74,247,432,existing,955.9883575214659,114,76,247,357,existing,1423.9745477812523,114,73,247,116,existing,1002.1832448769741,114,69,247,316,existing,1669.088550921187,114,72,247,348,existing,968.757094609247,114,66,247,374,existing,2369.8045428464698,114,77,247,314,existing,2171.905798170789
115,115,50,248,226,existing,508.89434557829577,115,50,248,140,existing,178.1484249994926,115,50,248,192,allocated,244.7568700566663,115,70,248,448,existing,651.720511727582,115,71,248,277,existing,948.0729930252231,115,74,248,432,existing,1139.557390868506,115,75,248,117,existing,1002.5385520030824,115,76,248,357,existing,1240.4055144342124,115,69,248,316,existing,1485.519517574147,115,72,248,348,existing,1152.326127956287,115,73,248,116,existing,1185.752278224014,115,66,248,374,existing,2186.2355094994296,115,77,248,314,existing,1988.3367648237486
116,116,62,249,432,existing,373.02266261813884,116,62,249,223,existing,827.0786716781474,116,62,249,432,allocated,373.02266261813884,116,73,249,116,existing,335.274007504648,116,74,249,432,existing,373.02266261813884,116,72,249,348,existing,462.337631134282,116,75,249,117,existing,516.760206736289,116,69,249,316,existing,2756.0353659784787,116,70,249,448,existing,2049.9715449752844,116,71,249,277,existing,655.0443349640975,116,76,249,357,existing,2510.921362838544,116,66,249,374,existing,3111.1579694755887,116,67,249,146,existing,3102.3397546618535
117,117,54,251,448,existing,560.5890448321304,117,54,251,140,existing,35.6596961504014,117,54,251,284,allocated,254.02301631078313,117,70,251,448,existing,560.5890448321304,117,71,251,277,existing,1090.5617218743143,117,76,251,357,existing,1133.3299051207723,117,75,251,117,existing,1145.0272808521736,117,73,251,116,existing,1328.2410070731053,117,72,251,348,existing,1294.8148568053782,117,74,251,432,existing,1282.046119717597,117,69,251,316,existing,1378.4439082607068,117,77,251,314,existing,1881.2611555103085,117,66,251,374,existing,2079.1599001859895
118,118,55,257,75,existing,320.7351764819182,118,55,257,191,existing,372.075219897279,118,55,257,237,allocated,225.94324123594137,118,75,257,117,existing,591.3849011739541,118,71,257,277,existing,630.9818484231058,118,74,257,432,existing,684.9753024727655,118,73,257,116,existing,774.5986273948857,118,76,257,357,existing,2015.6591151060884,118,72,257,348,existing,840.7558435318111,118,70,257,448,existing,1409.7281307992246,118,69,257,316,existing,2260.7731182460234,118,77,257,314,existing,2763.590365495625,118,66,257,374,existing,2961.489110171306
119,119,55,258,75,existing,303.49082737871163,119,55,258,191,existing,328.8538684072409,119,55,258,237,allocated,182.72188974590327,119,71,258,277,existing,587.7604969330677,119,75,258,117,existing,634.6062526639922,119,74,258,432,existing,728.1966539628037,119,73,258,116,existing,817.8199788849239,119,76,258,357,existing,1972.4377636160502,119,69,258,316,existing,2217.551766755985,119,72,258,348,existing,833.3206251186607,119,70,258,448,existing,1366.5067793091864,119,66,258,374,existing,2918.267758681268,119,77,258,314,existing,2720.369014005587
120,120,55,260,75,existing,431.4728730029823,120,55,260,191,existing,270.0131592344428,120,55,260,192,allocated,45.575083827708134,120,71,260,277,existing,666.4338990730724,120,75,260,117,existing,720.8994580509318,120,72,260,348,existing,891.5412126782248,120,74,260,432,existing,857.9182969163552,120,76,260,357,existing,1530.5188254225889,120,70,260,448,existing,924.5878411157248,120,69,260,316,existing,1775.6328285625236,120,73,260,116,existing,904.1131842718634,120,66,260,374,existing,2476.3488204878063,120,77,260,314,existing,2278.4500758121253
121,121,55,261,75,existing,436.00597765234147,121,55,261,191,existing,286.3342332591721,121,55,261,192,allocated,61.896157852437426,121,71,261,277,existing,670.9670037224316,121,75,261,117,existing,725.4325627002909,121,74,261,432,existing,862.4514015657144,121,72,261,348,existing,875.2201386534955,121,69,261,316,existing,1762.6255068769383,121,70,261,448,existing,928.8265010303735,121,76,261,357,existing,1517.5115037370037,121,73,261,116,existing,908.6462889212225,121,77,261,314,existing,2265.44275412654,121,66,261,374,existing,2463.341498802221
122,122,50,262,226,existing,373.40223748278413,122,50,262,456,existing,124.75871521846982,122,50,262,263,allocated,192.61804606915555,122,70,262,448,existing,516.2284036320704,122,71,262,277,existing,1083.5651011207347,122,76,262,357,existing,1104.9134063387007,122,75,262,117,existing,1138.0306600985941,122,72,262,348,existing,1287.8182360517985,122,73,262,116,existing,1321.2443863195258,122,69,262,316,existing,1350.0274094786355,122,74,262,432,existing,1275.0494989640174,122,77,262,314,existing,1852.8446567282372,122,66,262,374,existing,2050.743401403918
123,123,50,263,226,existing,190.54009142419497,123,50,263,456,existing,67.85933085068574,123,50,263,263,allocated,0.0,123,70,263,448,existing,333.36625757348116,123,76,263,357,existing,1066.4706893175855,123,69,263,316,existing,1311.5846924575203,123,71,263,277,existing,1267.4113826258824,123,72,263,348,existing,1480.436282120954,123,74,263,432,existing,1458.8957804691652,123,75,263,117,existing,1321.8769416037417,123,73,263,116,existing,1505.0906678246733,123,66,263,374,existing,2012.300684382803,123,77,263,314,existing,1814.401939707122
124,124,55,264,75,existing,616.8895199205814,124,55,264,191,existing,355.83131040573386,124,55,264,191,allocated,355.83131040573386,124,71,264,277,existing,901.1591894749374,124,75,264,117,existing,949.744542535143,124,74,264,432,existing,1043.3349438339544,124,73,264,116,existing,1132.9582687560746,124,69,264,316,existing,2085.1879676232243,124,72,264,348,existing,1146.7193176605306,124,76,264,357,existing,1840.0739644832895,124,70,264,448,existing,1214.7577188483035,124,77,264,314,existing,2588.005214872826,124,66,264,374,existing,2785.903959548507
125,125,55,265,75,existing,792.8893762457521,125,55,265,191,existing,531.8311667309047,125,55,265,153,allocated,413.81394852095775,125,71,265,277,existing,1077.1590458001083,125,75,265,117,existing,1125.7443988603136,125,70,265,448,existing,1283.5485500825462,125,74,265,432,existing,1219.3348001591253,125,73,265,116,existing,1308.9581250812453,125,69,265,316,existing,2025.5071043642497,125,76,265,357,existing,1780.393101224315,125,72,265,348,existing,1322.7191739857012,125,66,265,374,existing,2726.2230962895324,125,77,265,314,existing,2528.3243516138514
126,126,59,266,348,existing,277.6596409252838,126,59,266,191,existing,1076.5885983977284,126,59,266,317,allocated,465.3315134308568,126,72,266,348,existing,277.6596409252838,126,73,266,116,existing,404.7232645549178,126,74,266,432,existing,499.85239069387137,126,71,266,277,existing,523.2197691108768,126,76,266,357,existing,2326.2433726295462,126,69,266,316,existing,2571.3573757694808,126,75,266,117,existing,527.0305832831409,126,70,266,448,existing,2081.7062806091526,126,66,266,374,existing,2916.8049062794025,126,67,266,146,existing,2907.9866914656673
127,127,62,267,432,existing,184.96026688307722,127,62,267,223,existing,839.9736478846444,127,62,267,432,allocated,184.96026688307722,127,73,267,116,existing,141.93958293850045,127,74,267,432,existing,184.96026688307722,127,75,267,117,existing,325.15330915943207,127,72,267,348,existing,269.0032065681345,127,69,267,316,existing,2562.7009414123313,127,76,267,357,existing,2317.5869382723968,127,71,267,277,existing,463.4374373872406,127,70,267,448,existing,1955.2536414520337,127,66,267,374,existing,2927.2834741840434,127,67,267,146,existing,2919.445706651703
128,128,56,270,277,existing,67.2366570277722,128,56,270,191,existing,620.6054863146239,128,56,270,277,allocated,67.2366570277722,128,71,270,277,existing,67.2366570277722,128,75,270,117,existing,71.0474712000363,128,74,270,432,existing,214.78501531818642,128,72,270,348,existing,178.32347115782085,128,70,270,448,existing,1625.723168526048,128,69,270,316,existing,2459.5221743726133,128,73,270,116,existing,254.2611974209679,128,76,270,357,existing,2214.4081712326783,128,66,270,374,existing,2836.6037387737297,128,67,270,146,existing,2828.7659712413893
129,129,57,271,277,existing,126.67855792344713,129,57,271,191,existing,680.0473872102988,129,57,271,277,allocated,126.67855792344713,129,71,271,277,existing,126.67855792344713,129,75,271,117,existing,130.48937209571125,129,74,271,432,existing,274.2269162138614,129,72,271,348,existing,237.76537205349578,129,69,271,316,existing,2400.080273476938,129,73,271,116,existing,313.70309831664287,129,70,271,448,existing,1566.2812676303733,129,76,271,357,existing,2154.9662703370036,129,67,271,146,existing,2888.2078721370644,129,66,271,374,existing,2896.045639669405
130,130,57,277,277,existing,0.0,130,57,277,191,existing,553.3688292868517,130,57,277,277,allocated,0.0,130,71,277,277,existing,0.0,130,75,277,117,existing,138.28412822780848,130,74,277,432,existing,282.0216723459586,130,72,277,348,existing,245.56012818559304,130,76,277,357,existing,2188.4785074594356,130,73,277,116,existing,321.4978544487401,130,69,277,316,existing,2433.59251059937,130,70,277,448,existing,1591.0217401887971,130,66,277,374,existing,2903.8403958015024,130,67,277,146,existing,2896.0026282691615
131,131,50,280,226,existing,318.99962345466895,131,50,280,456,existing,510.5397072918012,131,50,280,280,allocated,0.0,131,70,280,448,existing,622.6925171589161,131,76,280,357,existing,1119.5370683006845,131,75,280,117,existing,1357.9296817337392,131,71,280,277,existing,1303.46412275588,131,74,280,432,existing,1494.9485205991627,131,72,280,348,existing,1549.0242509414732,131,69,280,316,existing,1364.651071440619,131,73,280,116,existing,1541.143407954671,131,66,280,374,existing,2065.3670633659017,131,77,280,314,existing,1867.4683186902207
132,132,50,281,226,existing,370.064053125643,132,50,281,456,existing,561.6041369627753,132,50,281,280,allocated,51.06442967097411,132,70,281,448,existing,673.7569468298901,132,76,281,357,existing,1170.6014979716588,132,75,281,117,existing,1408.9941114047133,132,71,281,277,existing,1354.528552426854,132,72,281,348,existing,1600.0886806124472,132,69,281,316,existing,1415.7155011115933,132,73,281,116,existing,1592.207837625645,132,74,281,432,existing,1546.0129502701368,132,77,281,314,existing,1918.532748361195,132,66,281,374,existing,2116.431493036876
133,133,65,282,317,existing,365.37140899553333,133,65,282,191,existing,1302.810092859699,133,65,282,317,allocated,365.37140899553333,133,73,282,116,existing,512.0075959937379,133,74,282,432,existing,557.9568657295645,133,75,282,117,existing,695.2213222146695,133,72,282,348,existing,639.0712196233719,133,71,282,277,existing,833.5054504424781,133,70,282,448,existing,2340.4630037616444,133,76,282,357,existing,2687.654951327634,133,69,282,316,existing,2932.7689544675686,133,66,282,374,existing,3287.8915579646787,133,67,282,146,existing,3279.0733431509434
134,134,65,283,317,existing,294.48966161488727,134,65,283,191,existing,1231.928345479053,134,65,283,317,allocated,294.48966161488727,134,73,283,116,existing,441.12584861309193,134,74,283,432,existing,487.0751183489184,134,75,283,117,existing,624.3395748340236,134,72,283,348,existing,568.189472242726,134,69,283,316,existing,2861.887207086923,134,70,283,448,existing,2269.5812563809986,134,76,283,357,existing,2616.7732039469884,134,71,283,277,existing,762.6237030618321,134,66,283,374,existing,3217.0098105840325,134,67,283,146,existing,3208.191595770297
135,135,54,284,448,existing,596.842314342887,135,54,284,140,existing,218.36332016038173,135,54,284,284,allocated,0.0,135,70,284,448,existing,596.842314342887,135,71,284,277,existing,1115.2702941308894,135,75,284,117,existing,1162.196619908123,135,76,284,357,existing,1169.583174631529,135,69,284,316,existing,1414.6971777714634,135,72,284,348,existing,1269.4726198659073,135,74,284,432,existing,1305.934164026273,135,73,284,116,existing,1345.4103461290547,135,77,284,314,existing,1917.514425021065,135,66,284,374,existing,2115.413169696746
136,136,54,285,448,existing,376.1146934265111,136,54,285,140,existing,284.6023580193177,136,54,285,284,allocated,220.72762091637588,136,70,285,448,existing,376.1146934265111,136,76,285,357,existing,948.8555537151531,136,71,285,277,existing,1335.9979150472652,136,69,285,316,existing,1193.9695568550878,136,74,285,432,existing,1526.6617849426489,136,72,285,348,existing,1490.2002407822833,136,73,285,116,existing,1566.1379670454303,136,75,285,117,existing,1382.9242408244986,136,66,285,374,existing,1894.6855487803705,136,77,285,314,existing,1696.7868041046895
137,137,55,286,75,existing,428.7413954507331,137,55,286,191,existing,436.53925962315,137,55,286,237,allocated,290.4072809618124,137,71,286,277,existing,573.0066501424271,137,75,286,117,existing,576.8174643146913,137,74,286,432,existing,720.5550084328414,137,72,286,348,existing,684.0934642724758,137,69,286,316,existing,2000.0763333648952,137,70,286,448,existing,1182.2214699363185,137,76,286,357,existing,1754.9623302249604,137,73,286,116,existing,760.031190535623,137,66,286,374,existing,2700.792325290178,137,77,286,314,existing,2502.893580614497
138,138,65,288,317,existing,210.5425189707286,138,65,288,191,existing,1308.491148381513,138,65,288,317,allocated,210.5425189707286,138,73,288,116,existing,517.6886515155522,138,74,288,432,existing,563.6379212513787,138,72,288,348,existing,644.7522751451862,138,75,288,117,existing,700.9023777364838,138,69,288,316,existing,2938.450009989383,138,70,288,448,existing,2346.144059283459,138,71,288,277,existing,839.1865059642923,138,76,288,357,existing,2693.3360068494485,138,66,288,374,existing,3293.572613486493,138,67,288,146,existing,3284.7543986727574
139,139,50,294,226,existing,592.0130194344514,139,50,294,140,existing,278.73172335187985,139,50,294,192,allocated,144.17357170427903,139,70,294,448,existing,734.8391855837376,139,71,294,277,existing,856.1825546050596,139,74,294,432,existing,1047.6669524483423,139,75,294,117,existing,910.648113582919,139,72,294,348,existing,1081.289868210212,139,69,294,316,existing,1585.8841730305362,139,76,294,357,existing,1340.7701698906017,139,73,294,116,existing,1093.8618398038507,139,66,294,374,existing,2286.600164955819,139,77,294,314,existing,2088.701420280138
140,140,55,301,75,existing,304.6716762241276,140,55,301,191,existing,388.1387201550695,140,55,301,237,allocated,242.00674149373188,140,75,301,117,existing,575.3214009161636,140,71,301,277,existing,619.4526278957185,140,74,301,432,existing,668.9118022149751,140,73,301,116,existing,758.5351271370953,140,69,301,316,existing,2272.5131473105635,140,72,301,348,existing,824.6923432740207,140,70,301,448,existing,1425.791631057015,140,76,301,357,existing,2027.399144170629,140,66,301,374,existing,2973.229139235846,140,77,301,314,existing,2775.330394560165
141,141,65,302,317,existing,328.67979922733696,141,65,302,191,existing,1197.7382078666033,141,65,302,317,allocated,328.67979922733696,141,73,302,116,existing,406.9357110006422,141,74,302,432,existing,452.8849807364687,141,75,302,117,existing,590.1494372215739,141,72,302,348,existing,533.9993346302762,141,76,302,357,existing,2582.5830663345387,141,70,302,448,existing,2235.391118768549,141,69,302,316,existing,2827.697069474473,141,71,302,277,existing,728.4335654493823,141,66,302,374,existing,3182.819672971583,141,67,302,146,existing,3174.0014581578475
142,142,50,304,226,existing,274.69759120470576,142,50,304,456,existing,500.92322252483564,142,50,304,280,allocated,44.30203224996317,142,70,304,448,existing,578.3904849089529,142,76,304,357,existing,1075.2350360507214,142,71,304,277,existing,1347.766155005843,142,69,304,316,existing,1320.3490391906562,142,72,304,348,existing,1593.3262831914362,142,73,304,116,existing,1585.445440204634,142,75,304,117,existing,1402.2317139837023,142,74,304,432,existing,1539.2505528491258,142,66,304,374,existing,2021.0650311159388,142,77,304,314,existing,1823.1662864402579
143,143,50,305,226,existing,227.96376622742798,143,50,305,456,existing,454.18939754755786,143,50,305,280,allocated,91.03585722724094,143,70,305,448,existing,531.6566599316751,143,76,305,357,existing,1028.5012110734438,143,71,305,277,existing,1394.4999799831207,143,69,305,316,existing,1273.6152142133783,143,75,305,117,existing,1448.9655389609802,143,74,305,432,existing,1585.9843778264035,143,72,305,348,existing,1640.0601081687141,143,73,305,116,existing,1632.179265181912,143,66,305,374,existing,1974.331206138661,143,77,305,314,existing,1776.43246146298
144,144,62,306,432,existing,348.26383937390995,144,62,306,191,existing,1093.1170665040445,144,62,306,432,allocated,348.26383937390995,144,73,306,116,existing,302.3145696380834,144,74,306,432,existing,348.26383937390995,144,72,306,348,existing,429.3781932677174,144,75,306,117,existing,485.52829585901503,144,69,306,316,existing,2723.0759281119144,144,76,306,357,existing,2477.96192497198,144,71,306,277,existing,623.8124240868235,144,70,306,448,existing,2130.76997740599,144,66,306,374,existing,3078.198531609024,144,67,306,146,existing,3069.3803167952888
145,145,61,307,432,existing,389.47231460267585,145,61,307,223,existing,1056.3924900550294,145,61,307,432,allocated,389.47231460267585,145,73,307,116,existing,343.5230448668493,145,74,307,432,existing,389.47231460267585,145,72,307,348,existing,470.5866684964833,145,75,307,117,existing,526.7367710877809,145,71,307,277,existing,665.0208993155895,145,69,307,316,existing,2764.28440334068,145,76,307,357,existing,2519.1704002007455,145,70,307,448,existing,2171.9784526347557,145,67,307,146,existing,3110.588792024055,145,66,307,374,existing,3119.40700683779
146,146,55,308,75,existing,483.5719373886939,146,55,308,191,existing,476.56705340389226,146,55,308,237,allocated,388.7800021427172,146,75,308,117,existing,754.2216620807299,146,71,308,277,existing,793.8186093298816,146,74,308,432,existing,847.8120633795413,146,73,308,116,existing,937.4353883016615,146,69,308,316,existing,2215.6959442699126,146,70,308,448,existing,1345.265695494992,146,72,308,348,existing,1003.5926044385869,146,76,308,357,existing,1970.5819411299778,146,66,308,374,existing,2916.4119361951953,146,77,308,314,existing,2718.5131915195143
147,147,51,309,432,existing,482.12371372985183,147,51,309,223,existing,963.7410909278534,147,51,309,432,allocated,482.12371372985183,147,73,309,116,existing,436.1744439940253,147,74,309,432,existing,482.12371372985183,147,75,309,117,existing,619.388170214957,147,72,309,348,existing,563.2380676236593,147,71,309,277,existing,757.6722984427654,147,69,309,316,existing,2856.9358024678563,147,70,309,448,existing,2186.6339642249905,147,76,309,357,existing,2611.821799327922,147,66,309,374,existing,3212.0584059649664,147,67,309,146,existing,3203.2401911512306
148,148,50,310,226,existing,436.1228368370193,148,50,310,456,existing,393.4164939094509,148,50,310,320,allocated,93.99155764636039,148,70,310,448,existing,658.9234206322462,148,71,310,277,existing,1186.3409093735295,148,75,310,117,existing,1240.8064683513887,148,76,310,357,existing,1236.660281683035,148,69,310,316,existing,1481.7742848229698,148,73,310,116,existing,1424.0201945723204,148,74,310,432,existing,1377.8253072168122,148,72,310,348,existing,1431.9010375591224,148,66,310,374,existing,2182.490276748252,148,77,310,314,existing,1984.5915320725715
149,149,55,311,75,existing,588.497892342778,149,55,311,191,existing,382.92001811067166,149,55,311,191,allocated,382.92001811067166,149,71,311,277,existing,872.7675618971341,149,75,311,117,existing,921.3529149573394,149,74,311,432,existing,1014.9433162561509,149,73,311,116,existing,1104.566641178271,149,69,311,316,existing,2112.276675328162,149,72,311,348,existing,1118.327690082727,149,76,311,357,existing,1867.1626721882271,149,70,311,448,existing,1241.8464265532414,149,66,311,374,existing,2812.992667253445,149,77,311,314,existing,2615.093922577764
150,150,63,314,315,existing,60.303629171882804,150,63,314,140,existing,1845.6014593599075,150,63,314,314,allocated,0.0,150,77,314,314,existing,0.0,150,66,314,374,existing,197.89874467568092,150,68,314,203,existing,201.4839942645093,150,67,314,146,existing,225.31181223124486,150,72,314,348,existing,2796.514982093799,150,69,314,316,existing,502.81724724960173,150,76,314,357,existing,747.9312503895363,150,70,314,448,existing,1519.3464466804203,150,71,314,277,existing,2936.409757848972,150,73,314,116,existing,2923.5786057234327
151,151,50,320,226,existing,530.1143944833797,151,50,320,456,existing,487.40805155581126,151,50,320,320,allocated,0.0,151,70,320,448,existing,752.9149782786067,151,71,320,277,existing,1280.33246701989,151,76,320,357,existing,1330.6518393293954,151,75,320,117,existing,1334.7980259977492,151,72,320,348,existing,1525.8925952054828,151,74,320,432,existing,1471.8168648631727,151,73,320,116,existing,1518.0117522186808,151,69,320,316,existing,1575.7658424693302,151,77,320,314,existing,2078.5830897189317,151,66,320,374,existing,2276.4818343946126
152,152,59,324,348,existing,576.5335856961569,152,59,324,191,existing,1375.4625431686018,152,59,324,432,allocated,798.7263354647446,152,72,324,348,existing,576.5335856961569,152,73,324,116,existing,703.5972093257909,152,74,324,432,existing,798.7263354647446,152,71,324,277,existing,822.09371388175,152,67,324,146,existing,2073.9089143874116,152,70,324,448,existing,2066.761259949424,152,75,324,117,existing,825.904528054014,152,76,324,357,existing,1982.03846348853,152,66,324,374,existing,2101.5716417911763,152,69,324,316,existing,2227.1524666284645
153,153,54,325,448,existing,468.81842977283884,153,54,325,140,existing,377.30609436564544,153,54,325,175,allocated,191.66215539169502,153,70,325,448,existing,468.81842977283884,153,76,325,357,existing,941.7615924052169,153,71,325,277,existing,1428.701651393593,153,69,325,316,existing,1186.8755955451516,153,73,325,116,existing,1658.841703391758,153,75,325,117,existing,1475.6279771708264,153,72,325,348,existing,1582.9039771286111,153,74,325,432,existing,1619.3655212889767,153,77,325,314,existing,1689.6928427947532,153,66,325,374,existing,1887.5915874704342
154,154,60,326,432,existing,494.24497219922665,154,60,326,223,existing,674.4814957670693,154,60,326,432,allocated,494.24497219922665,154,74,326,432,existing,494.24497219922665,154,73,326,116,existing,584.1133443599381,154,75,326,117,existing,637.9825163173768,154,72,326,348,existing,711.1769679895721,154,71,326,277,existing,776.2666445451854,154,70,326,448,existing,1987.6792148004556,154,76,326,357,existing,2589.286727914069,154,69,326,316,existing,2834.400731054004,154,77,326,314,existing,3337.217978303606,154,67,326,146,existing,3361.6194680731405
155,155,62,327,432,existing,670.9029414833549,155,62,327,223,existing,768.7735997211973,155,62,327,123,allocated,622.0462488202152,155,74,327,432,existing,670.9029414833549,155,75,327,117,existing,735.8654973284986,155,73,327,116,existing,760.7713136440663,155,71,327,277,existing,874.1496255563071,155,69,327,316,existing,2657.742761769876,155,72,327,348,existing,887.8349372737002,155,76,327,357,existing,2412.628758629941,155,70,327,448,existing,1811.0212455163273,155,77,327,314,existing,3160.5600090194775,155,66,327,374,existing,3358.4587536951585
156,156,59,330,348,existing,17.75197980787024,156,59,330,191,existing,816.680937280315,156,59,330,432,allocated,239.94472957645783,156,72,330,348,existing,17.75197980787024,156,73,330,116,existing,144.81560343750425,156,71,330,277,existing,263.31210799346326,156,74,330,432,existing,239.94472957645783,156,76,330,357,existing,2066.3357115121325,156,69,330,316,existing,2311.449714652067,156,70,330,448,existing,1821.7986194917394,156,75,330,117,existing,267.12292216572735,156,67,330,146,existing,2648.0790303482536,156,66,330,374,existing,2656.8972451619893
157,157,55,332,75,existing,428.3867096039471,157,55,332,191,existing,109.97890638718556,157,55,332,191,allocated,109.97890638718556,157,71,332,277,existing,663.3477356740373,157,75,332,117,existing,717.8132946518965,157,73,332,116,existing,901.0270208728282,157,74,332,432,existing,854.83213351732,157,70,332,448,existing,978.6775484782853,157,76,332,357,existing,1603.9937941132712,157,69,332,316,existing,1849.1077972532057,157,72,332,348,existing,908.9078638596303,157,66,332,374,existing,2549.8237891784884,157,77,332,314,existing,2351.9250445028074
158,158,59,333,348,existing,743.3950987819717,158,59,333,191,existing,1542.3240562544165,158,59,333,317,allocated,871.480485055132,158,72,333,348,existing,743.3950987819717,158,73,333,116,existing,870.4587224116057,158,71,333,277,existing,988.9552269675647,158,74,333,432,existing,965.5878485505592,158,67,333,146,existing,2212.569992034502,158,75,333,117,existing,992.7660411398289,158,70,333,448,existing,2233.622773035239,158,76,333,357,existing,2148.8999765743447,158,77,333,314,existing,2385.254153978397,158,66,333,374,existing,2240.232719438267
159,159,59,334,348,existing,821.027654244798,159,59,334,191,existing,1619.9566117172426,159,59,334,317,allocated,949.1130405179583,159,72,334,348,existing,821.027654244798,159,73,334,116,existing,948.0912778744319,159,74,334,432,existing,1043.2204040133854,159,71,334,277,existing,1066.587782430391,159,67,334,146,existing,2290.2025474973284,159,76,334,357,existing,2226.532532037171,159,70,334,448,existing,2311.2553284980654,159,75,334,117,existing,1070.398596602655,159,77,334,314,existing,2462.8867094412235,159,66,334,374,existing,2317.865274901093
160,160,55,335,75,existing,803.5841609287932,160,55,335,191,existing,542.5259514139456,160,55,335,153,allocated,440.8327128886016,160,71,335,277,existing,1087.853830483149,160,75,335,117,existing,1136.4391835433546,160,70,335,448,existing,1310.56731445019,160,74,335,432,existing,1230.029584842166,160,69,335,316,existing,2052.5258687318938,160,76,335,357,existing,1807.4118655919588,160,72,335,348,existing,1333.4139586687422,160,73,335,116,existing,1319.6529097642863,160,66,335,374,existing,2753.2418606571764,160,77,335,314,existing,2555.3431159814954
161,161,55,336,75,existing,839.35860695716,161,55,336,191,existing,578.3003974423124,161,55,336,153,allocated,405.0582668602348,161,71,336,277,existing,1123.628276511516,161,75,336,117,existing,1172.2136295717214,161,70,336,448,existing,1274.7928684218232,161,74,336,432,existing,1265.8040308705329,161,72,336,348,existing,1369.188404697109,161,69,336,316,existing,2016.7514227035267,161,73,336,116,existing,1355.427355792653,161,76,336,357,existing,1771.637419563592,161,66,336,374,existing,2717.4674146288094,161,77,336,314,existing,2519.5686699531284
162,162,50,338,226,existing,174.8912569687194,162,50,338,456,existing,83.5081653061613,162,50,338,263,allocated,15.64883445547556,162,70,338,448,existing,317.7174231180056,162,76,338,357,existing,1050.82185486211,162,71,338,277,existing,1273.3043170707915,162,69,338,316,existing,1295.9358580020448,162,72,338,348,existing,1486.3292165658634,162,74,338,432,existing,1464.7887149140743,162,73,338,116,existing,1510.9836022695827,162,75,338,117,existing,1327.769876048651,162,66,338,374,existing,1996.6518499273275,162,77,338,314,existing,1798.7531052516465
163,163,54,339,448,existing,134.98225567351844,163,54,339,456,existing,349.1194815756032,163,54,339,448,allocated,134.98225567351844,163,70,339,448,existing,134.98225567351844,163,76,339,357,existing,785.2105385926682,163,69,339,316,existing,1030.3245417326027,163,71,339,277,existing,1476.9456974899485,163,75,339,117,existing,1531.4112564678078,163,77,339,314,existing,1533.1417889822044,163,74,339,432,existing,1668.4300953332313,163,72,339,348,existing,1685.008526428339,163,73,339,116,existing,1714.6249826887392,163,66,339,374,existing,1731.0405336578854
164,164,54,340,448,existing,758.6899196248537,164,54,340,140,existing,380.2109254423484,164,54,340,284,allocated,161.8476052819667,164,70,340,448,existing,758.6899196248537,164,71,340,277,existing,1145.2145342087706,164,76,340,357,existing,1166.7697608491032,164,75,340,117,existing,1192.1408599860042,164,72,340,348,existing,1299.4168599437885,164,69,340,316,existing,1411.883763989038,164,73,340,116,existing,1375.354586206936,164,74,340,432,existing,1335.8784041041542,164,66,340,374,existing,2112.5997559143207,164,77,340,314,existing,1914.7010112386397
165,165,55,342,75,existing,562.389680744258,165,55,342,191,existing,570.1875449166749,165,55,342,192,allocated,407.44772092429224,165,71,342,277,existing,706.6549354359521,165,75,342,117,existing,710.4657496082162,165,72,342,348,existing,817.7417495660007,165,74,342,432,existing,854.2032937263664,165,76,342,357,existing,1621.3140449314355,165,69,342,316,existing,1866.42804807137,165,73,342,116,existing,893.6794758291479,165,70,342,448,existing,1048.5731846427936,165,66,342,374,existing,2567.1440399966527,165,77,342,314,existing,2369.2452953209718
166,166,55,343,75,existing,664.4105984047203,166,55,343,191,existing,514.7388540115509,166,55,343,192,allocated,290.30077860481623,166,71,343,277,existing,823.8018777554281,166,75,343,117,existing,827.6126919276923,166,72,343,348,existing,934.8886918854768,166,70,343,448,existing,931.4262423233176,166,69,343,316,existing,1749.2811057518943,166,76,343,357,existing,1504.1671026119595,166,73,343,116,existing,1010.8264181486239,166,74,343,432,existing,971.3502360458424,166,66,343,374,existing,2449.997097677177,166,77,343,314,existing,2252.098353001496
167,167,50,344,226,existing,671.9712206574918,167,50,344,140,existing,361.07811391247304,167,50,344,192,allocated,226.51996226487222,167,70,344,448,existing,814.797386806778,167,71,344,277,existing,938.5289451656529,167,74,344,432,existing,1130.0133430089356,167,75,344,117,existing,992.9945041435121,167,73,344,116,existing,1176.2082303644438,167,72,344,348,existing,1163.6362587708052,167,69,344,316,existing,1665.8423742535765,167,76,344,357,existing,1420.728371113642,167,66,344,374,existing,2366.558366178859,167,77,344,314,existing,2168.659621503178
168,168,51,345,432,existing,734.2356658778796,168,51,345,223,existing,603.9974769101109,168,51,345,223,allocated,603.9974769101109,168,73,345,116,existing,701.126835931674,168,74,345,432,existing,734.2356658778796,168,75,345,117,existing,877.9732099960297,168,72,345,348,existing,828.190459561308,168,69,345,316,existing,3121.8881944055047,168,70,345,448,existing,2406.81380393864,168,76,345,357,existing,2876.77419126557,168,71,345,277,existing,1016.2573382238381,168,66,345,374,existing,3477.0107979026147,168,67,345,146,existing,3468.1925830888795
169,169,55,346,75,existing,211.89216992750744,169,55,346,191,existing,237.2552109560367,169,55,346,237,allocated,91.1232322946991,169,71,346,277,existing,496.1618394818635,169,75,346,117,existing,544.7471925420689,169,74,346,432,existing,638.3375938408803,169,73,346,116,existing,727.9609187630006,169,72,346,348,existing,741.7219676674565,169,76,346,357,existing,1880.8391061648463,169,70,346,448,existing,1274.9081218579822,169,69,346,316,existing,2125.953109304781,169,66,346,374,existing,2826.6691012300635,169,77,346,314,existing,2628.7703565543825
170,170,59,348,348,existing,0.0,170,59,348,191,existing,798.9289574724447,170,59,348,432,allocated,222.1927497685876,170,72,348,348,existing,0.0,170,73,348,116,existing,127.06362362963401,170,71,348,277,existing,245.56012818559304,170,74,348,432,existing,222.1927497685876,170,75,348,117,existing,249.37094235785713,170,69,348,316,existing,2293.697734844197,170,70,348,448,existing,1804.046639683869,170,76,348,357,existing,2048.5837317042624,170,67,348,146,existing,2650.4425000835686,170,66,348,374,existing,2658.280267615909
171,171,59,349,348,existing,582.7541937473378,171,59,349,191,existing,1381.6831512197825,171,59,349,317,allocated,685.603713444491,171,72,349,348,existing,582.7541937473378,171,73,349,116,existing,709.8178173769718,171,71,349,277,existing,828.3143219329309,171,74,349,432,existing,804.9469435159253,171,75,349,117,existing,832.125136105195,171,70,349,448,existing,2386.800833431207,171,76,349,357,existing,2334.776748184986,171,67,349,146,existing,2398.446763645143,171,77,349,314,existing,2571.1309255890383,171,66,349,374,existing,2426.1094910489082
172,172,59,350,348,existing,625.2824223059272,172,59,350,191,existing,1424.2113797783718,172,59,350,317,allocated,728.1319420030802,172,72,350,348,existing,625.2824223059272,172,73,350,116,existing,752.3460459355612,172,71,350,277,existing,870.8425504915202,172,74,350,432,existing,847.4751720745147,172,67,350,146,existing,2355.9185350865537,172,75,350,117,existing,874.6533646637844,172,70,350,448,existing,2376.971316087291,172,76,350,357,existing,2292.2485196263965,172,66,350,374,existing,2383.5812624903187,172,77,350,314,existing,2528.602697030449
173,173,55,351,75,existing,867.738656584583,173,55,351,191,existing,606.6804470697355,173,55,351,153,allocated,338.96466818212684,173,71,351,277,existing,1152.008326138939,173,75,351,117,existing,1200.5936791991446,173,74,351,432,existing,1294.184080497956,173,70,351,448,existing,1208.6992697437151,173,72,351,348,existing,1397.5684543245322,173,69,351,316,existing,1950.6578240254187,173,73,351,116,existing,1383.8074054200763,173,76,351,357,existing,1705.543820885484,173,66,351,374,existing,2651.3738159507016,173,77,351,314,existing,2453.4750712750206
174,174,54,354,448,existing,132.32176710161107,174,54,354,456,existing,495.23659097899827,174,54,354,143,existing,84.03840893614148,174,70,354,448,existing,132.32176710161107,174,76,354,357,existing,639.093429189273,174,69,354,316,existing,884.2074323292077,174,77,354,314,existing,1387.0246795788094,174,68,354,203,existing,1588.5086738433188,174,71,354,277,existing,1623.0628068933436,174,66,354,374,existing,1584.9234242544903,174,67,354,146,existing,1612.3364918100542,174,75,354,117,existing,1677.528365871203,174,74,354,432,existing,1814.5472047366263
175,175,59,355,348,existing,700.2945032034777,175,59,355,191,existing,1499.2234606759223,175,59,355,317,allocated,803.1440229006307,175,72,355,348,existing,700.2945032034777,175,73,355,116,existing,827.3581268331116,175,71,355,277,existing,945.8546313890706,175,74,355,432,existing,922.4872529720651,175,67,355,146,existing,2280.9064541890034,175,75,355,117,existing,949.6654455613348,175,70,355,448,existing,2301.9592351897404,175,76,355,357,existing,2217.236438728846,175,77,355,314,existing,2453.5906161328985,175,66,355,374,existing,2308.5691815927685
176,176,59,358,348,existing,544.9266568587067,176,59,358,191,existing,1343.8556143311514,176,59,358,432,allocated,767.1194066272942,176,72,358,348,existing,544.9266568587067,176,73,358,116,existing,671.9902804883407,176,74,358,432,existing,767.1194066272942,176,71,358,277,existing,790.4867850442997,176,75,358,117,existing,794.2975992165639,176,70,358,448,existing,1588.37987130645,176,76,358,357,existing,1527.7871593883551,176,69,358,316,existing,1772.9011625282897,176,77,358,314,existing,2275.7184097778913,176,66,358,374,existing,2473.6171544535723
177,177,55,360,75,existing,594.3728281664872,177,55,360,191,existing,333.3146186516397,177,55,360,191,allocated,333.3146186516397,177,71,360,277,existing,878.6424977208433,177,75,360,117,existing,927.2278507810488,177,73,360,116,existing,1110.4415770019805,177,74,360,432,existing,1020.8182520798603,177,69,360,316,existing,2062.67127586913,177,72,360,348,existing,1124.2026259064364,177,76,360,357,existing,1817.5572727291953,177,70,360,448,existing,1192.2410270942094,177,66,360,374,existing,2763.3872677944128,177,77,360,314,existing,2565.488523118732
178,178,65,361,317,existing,310.8812846926785,178,65,361,191,existing,1210.3000844416317,178,65,361,317,allocated,310.8812846926785,178,72,361,348,existing,411.37112696918695,178,73,361,116,existing,470.11884068927566,178,75,361,117,existing,653.3325669102073,178,74,361,432,existing,565.2479668282292,178,71,361,277,existing,656.93125515478,178,69,361,316,existing,2705.068861813384,178,76,361,357,existing,2459.9548586734495,178,70,361,448,existing,2215.417766653056,178,66,361,374,existing,3050.516392323306,178,67,361,146,existing,3041.6981775095705
179,179,55,365,75,existing,918.5003439501638,179,55,365,223,existing,434.7288827518,179,55,365,70,allocated,213.3509652049801,179,75,365,117,existing,1189.1500686421996,179,71,365,277,existing,1233.2812956217547,179,74,365,432,existing,1239.2996115162575,179,73,365,116,existing,1329.167983676969,179,72,365,348,existing,1438.5210110000567,179,76,365,357,existing,2641.227811896665,179,69,365,316,existing,2886.3418150365997,179,70,365,448,existing,2039.6202987830516,179,77,365,314,existing,3389.1590622862013,179,66,365,374,existing,3587.0578069618823
180,180,59,366,348,existing,685.4760261645349,180,59,366,191,existing,1484.4049836369795,180,59,366,317,allocated,788.3255458616879,180,72,366,348,existing,685.4760261645349,180,73,366,116,existing,812.5396497941688,180,71,366,277,existing,931.0361543501278,180,74,366,432,existing,907.6687759331223,180,67,366,146,existing,2295.7249312279464,180,75,366,117,existing,934.846968522392,180,70,366,448,existing,2316.777712228683,180,76,366,357,existing,2232.0549157677888,180,77,366,314,existing,2468.409093171841,180,66,366,374,existing,2323.387658631711
181,181,59,367,348,existing,852.5910094212518,181,59,367,191,existing,1651.5199668936964,181,59,367,317,allocated,955.4405291184048,181,72,367,348,existing,852.5910094212518,181,73,367,116,existing,979.6546330508856,181,71,367,277,existing,1098.1511376068447,181,74,367,432,existing,1074.7837591898392,181,67,367,146,existing,2462.839914484663,181,75,367,117,existing,1101.9619517791089,181,70,367,448,existing,2483.8926954854,181,76,367,357,existing,2399.169899024506,181,77,367,314,existing,2635.524076428558,181,66,367,374,existing,2490.5026418884277
182,182,51,369,432,existing,708.455400109987,182,51,369,223,existing,183.58945855244656,182,51,369,223,allocated,183.58945855244656,182,74,369,432,existing,708.455400109987,182,73,369,116,existing,798.3237722706983,182,72,369,348,existing,925.3873959003323,182,75,369,117,existing,852.1929442281371,182,71,369,277,existing,990.4770724559455,182,69,369,316,existing,3219.085130744529,182,76,369,357,existing,2973.9711276045946,182,70,369,448,existing,2381.0335381707473,182,66,369,374,existing,3583.667663516241,182,67,369,146,existing,3575.8298959839008
183,183,62,370,432,existing,770.4393701448197,183,62,370,223,existing,245.5734285872793,183,62,370,223,allocated,245.5734285872793,183,74,370,432,existing,770.4393701448197,183,73,370,116,existing,860.3077423055311,183,72,370,348,existing,987.371365935165,183,75,370,117,existing,914.1769142629698,183,71,370,277,existing,1052.4610424907783,183,69,370,316,existing,3281.069100779362,183,70,370,448,existing,2443.0175082055803,183,76,370,357,existing,3035.9550976394275,183,66,370,374,existing,3645.651633551074,183,67,370,146,existing,3637.8138660187333
184,184,55,376,75,existing,297.2555110549291,184,55,376,191,existing,271.11166516084285,184,55,376,238,allocated,75.93048295304153,184,71,376,277,existing,532.2165371250193,184,75,376,117,existing,586.6820961028786,184,74,376,432,existing,723.700934968302,184,73,376,116,existing,769.8958223238102,184,70,376,448,existing,1058.805203063778,184,76,376,357,existing,1664.7361873706418,184,72,376,348,existing,777.7766653106123,184,69,376,316,existing,1909.8501905105766,184,66,376,374,existing,2610.5661824358594,184,77,376,314,existing,2412.6674377601785
185,185,65,378,317,existing,234.38892839626732,185,65,378,191,existing,1184.6745988785071,185,65,378,317,allocated,234.38892839626732,185,73,378,116,existing,393.6264843928645,185,72,378,348,existing,487.8634832655981,185,75,378,117,existing,576.8402106137961,185,74,378,432,existing,488.7556105318181,185,71,378,277,existing,715.1243388416046,185,69,378,316,existing,2781.561218109795,185,76,378,357,existing,2536.4472149698604,185,70,378,448,existing,2222.3275097804526,185,67,378,146,existing,3054.96108882704,185,66,378,374,existing,3082.623816230805
186,186,55,380,75,existing,729.7602550718525,186,55,380,223,existing,428.419517551128,186,55,380,70,allocated,402.0910540832913,186,75,380,117,existing,1000.4099797638885,186,71,380,277,existing,1044.5412067434436,186,74,380,432,existing,1050.5595226379464,186,73,380,116,existing,1140.4278947986577,186,72,380,348,existing,1249.7809221217456,186,70,380,448,existing,1850.8802099047402,186,69,380,316,existing,2697.6017261582883,186,76,380,357,existing,2452.487723018354,186,77,380,314,existing,3200.41897340789,186,66,380,374,existing,3398.317718083571
187,187,55,381,75,existing,646.5649629708917,187,55,381,223,existing,511.6148096520889,187,55,381,70,allocated,485.2863461842521,187,75,381,117,existing,917.2146876629276,187,71,381,277,existing,961.3459146424826,187,74,381,432,existing,967.3642305369855,187,73,381,116,existing,1057.2326026976968,187,70,381,448,existing,1767.6849178037792,187,76,381,357,existing,2369.292430917393,187,69,381,316,existing,2614.4064340573277,187,72,381,348,existing,1166.5856300207847,187,66,381,374,existing,3315.1224259826104,187,77,381,314,existing,3117.2236813069294
188,188,55,382,75,existing,610.1497908453705,188,55,382,223,existing,548.0299817776101,188,55,382,70,allocated,521.7015183097734,188,75,382,117,existing,880.7995155374065,188,71,382,277,existing,924.9307425169613,188,73,382,116,existing,1020.8174305721756,188,74,382,432,existing,930.9490584114642,188,72,382,348,existing,1130.1704578952636,188,76,382,357,existing,2332.8772587918716,188,69,382,316,existing,2577.9912619318065,188,70,382,448,existing,1731.269745678258,188,77,382,314,existing,3080.808509181408,188,66,382,374,existing,3278.707253857089
189,189,55,384,75,existing,418.2084064634754,189,55,384,191,existing,501.67545039441734,189,55,384,237,allocated,355.5434717330797,189,75,384,117,existing,688.8581311555113,189,71,384,277,existing,732.9893581350663,189,73,384,116,existing,872.071857376443,189,74,384,432,existing,782.4485324543227,189,70,384,448,existing,1539.3283612963628,189,69,384,316,existing,2386.0498775499113,189,72,384,348,existing,938.2290735133683,189,76,384,357,existing,2140.9358744099763,189,66,384,374,existing,3086.765869475194,189,77,384,314,existing,2888.867124799513
190,190,55,393,75,existing,541.9417070810134,190,55,393,191,existing,392.269962687844,190,55,393,192,allocated,167.83188728110935,190,71,393,277,existing,776.9027331511036,190,75,393,117,existing,831.3682921289628,190,74,393,432,existing,968.3871309943863,190,72,393,348,existing,981.1558680821674,190,70,393,448,existing,1034.7622304590454,190,76,393,357,existing,1623.4472331656757,190,69,393,316,existing,1868.5612363056102,190,73,393,116,existing,1014.5820183498945,190,77,393,314,existing,2371.378483555212,190,66,393,374,existing,2569.277228230893
191,191,60,399,432,existing,88.29612622762014,191,60,399,191,existing,833.1493533577545,191,60,399,432,allocated,88.29612622762014,191,73,399,116,existing,42.34685649179364,191,74,399,432,existing,88.29612622762014,191,75,399,117,existing,225.56058271272525,191,72,399,348,existing,169.41048012142764,191,69,399,316,existing,2463.1082149656245,191,70,399,448,existing,1870.8022642597002,191,71,399,277,existing,363.8447109405338,191,76,399,357,existing,2217.99421182569,191,67,399,146,existing,2809.412603648999,191,66,399,374,existing,2818.2308184627345
192,192,59,424,348,existing,590.6338034155191,192,59,424,191,existing,1389.5627608879638,192,59,424,432,allocated,812.8265531841066,192,72,424,348,existing,590.6338034155191,192,73,424,116,existing,717.6974270451531,192,74,424,432,existing,812.8265531841066,192,71,424,277,existing,836.1939316011121,192,67,424,146,existing,2059.8086966680494,192,76,424,357,existing,1996.1386812078922,192,70,424,448,existing,2080.8614776687864,192,75,424,117,existing,840.0047457733763,192,77,424,314,existing,2232.4928586119445,192,66,424,374,existing,2087.4714240718145
193,193,50,433,226,existing,401.02194882079516,193,50,433,456,existing,428.517381925675,193,50,433,280,allocated,82.02232536612622,193,70,433,448,existing,694.0243086484704,193,76,433,357,existing,1201.5593936668108,193,71,433,277,existing,1221.4417973897537,193,75,433,117,existing,1275.907356367613,193,74,433,432,existing,1412.9261952330364,193,73,433,116,existing,1459.1210825885446,193,69,433,316,existing,1446.6733968067456,193,72,433,348,existing,1467.0019255753468,193,77,433,314,existing,1949.4906440563473,193,66,433,374,existing,2147.3893887320282
194,194,50,434,226,existing,432.8489949748124,194,50,434,456,existing,624.3890788119447,194,50,434,434,allocated,0.0,194,70,434,448,existing,736.5418886790595,194,76,434,357,existing,1233.3864398208282,194,75,434,117,existing,1471.7790532538827,194,71,434,277,existing,1417.3134942760234,194,74,434,432,existing,1608.7978921193062,194,72,434,348,existing,1662.8736224616166,194,73,434,116,existing,1654.9927794748144,194,69,434,316,existing,1478.500442960763,194,77,434,314,existing,1981.3176902103646,194,66,434,374,existing,2179.2164348860456
195,195,55,435,75,existing,425.6680716224266,195,55,435,191,existing,509.13511555336856,195,55,435,123,allocated,357.8130297592021,195,75,435,117,existing,471.63227826748556,195,74,435,432,existing,565.222679566297,195,71,435,277,existing,609.916406495294,195,73,435,116,existing,654.8460044884172,195,70,435,448,existing,1546.7880264553141,195,69,435,316,existing,2393.5095427088627,195,72,435,348,existing,721.0032206253427,195,76,435,357,existing,2148.395539568928,195,77,435,314,existing,2896.3267899584644,195,66,435,374,existing,3094.2255346341453
196,196,55,436,75,existing,344.4618509669392,196,55,436,191,existing,318.3180050728529,196,55,436,238,allocated,123.1368228650516,196,71,436,277,existing,579.4228770370294,196,75,436,117,existing,633.8884360148887,196,73,436,116,existing,817.1021622358203,196,74,436,432,existing,770.9072748803121,196,72,436,348,existing,824.9830052226224,196,69,436,316,existing,1862.6438505985666,196,76,436,357,existing,1617.5298474586318,196,70,436,448,existing,1011.5988631517679,196,77,436,314,existing,2365.4610978481683,196,66,436,374,existing,2563.3598425238492
197,197,55,437,75,existing,337.0507435793201,197,55,437,191,existing,344.84860775173695,197,55,437,192,allocated,160.85139192545878,197,71,437,277,existing,572.0117696494103,197,75,437,117,existing,626.4773286272696,197,74,437,432,existing,763.4961674926931,197,72,437,348,existing,776.2649045804742,197,69,437,316,existing,1861.5807409499598,197,73,437,116,existing,809.6910548482012,197,70,437,448,existing,1027.7817351033948,197,76,437,357,existing,1616.466737810025,197,77,437,314,existing,2364.3979881995615,197,66,437,374,existing,2562.2967328752425
198,198,50,438,226,existing,819.1789262098823,198,50,438,191,existing,578.8183825044949,198,50,438,153,allocated,253.13721835254105,198,70,438,448,existing,1122.8718199141294,198,71,438,277,existing,1127.9604405323917,198,74,438,432,existing,1270.1361948914084,198,75,438,117,existing,1176.545793592597,198,72,438,348,existing,1373.5205687179846,198,69,438,316,existing,1864.830374195833,198,73,438,116,existing,1359.7595198135286,198,76,438,357,existing,1619.7163710558982,198,77,438,314,existing,2367.6476214454347,198,66,438,374,existing,2565.5463661211156
199,199,55,439,75,existing,656.2691031611923,199,55,439,191,existing,391.39671468765164,199,55,439,191,allocated,391.39671468765164,199,71,439,277,existing,940.5387727155484,199,75,439,117,existing,989.1241257757538,199,74,439,432,existing,1082.7145270745652,199,73,439,116,existing,1172.3378519966855,199,69,439,316,existing,2052.252042012676,199,70,439,448,existing,1240.1851000575466,199,76,439,357,existing,1807.1380388727414,199,72,439,348,existing,1186.0989009011414,199,77,439,314,existing,2555.069289262278,199,66,439,374,existing,2752.968033937959
200,200,55,440,75,existing,708.56450775598,200,55,440,191,existing,390.1567045392185,200,55,440,186,allocated,373.6402463270855,200,71,440,277,existing,943.5255338260702,200,75,440,117,existing,997.9910928039294,200,74,440,432,existing,1135.009931669353,200,73,440,116,existing,1181.204819024861,200,72,440,348,existing,1189.0856620116633,200,76,440,357,existing,1758.7673158395298,200,69,440,316,existing,2003.8813189794646,200,70,440,448,existing,1238.9450899091134,200,77,440,314,existing,2506.6985662290663,200,66,440,374,existing,2704.5973109047472
201,201,60,441,432,existing,436.4249999445742,201,60,441,223,existing,616.6615235124168,201,60,441,432,allocated,436.4249999445742,201,74,441,432,existing,436.4249999445742,201,73,441,116,existing,526.2933721052856,201,72,441,348,existing,653.3569957349196,201,75,441,117,existing,580.1625440627244,201,76,441,357,existing,2577.5157151589574,201,69,441,316,existing,2822.629718298892,201,71,441,277,existing,718.4466722905329,201,70,441,448,existing,1975.9082020453434,201,66,441,374,existing,3311.6372633508286,201,67,441,146,existing,3303.799495818488
202,202,60,442,432,existing,494.8320581829312,202,60,442,223,existing,675.0685817507738,202,60,442,432,allocated,494.8320581829312,202,74,442,432,existing,494.8320581829312,202,73,442,116,existing,584.7004303436426,202,75,442,117,existing,638.5696023010813,202,72,442,348,existing,711.7640539732765,202,71,442,277,existing,776.8537305288899,202,76,442,357,existing,2519.1086569206004,202,70,442,448,existing,1917.5011438069864,202,69,442,316,existing,2764.222660060535,202,67,442,146,existing,3362.206554056845,202,77,442,314,existing,3267.0399073101366
203,203,55,443,75,existing,195.14098017426664,203,55,443,191,existing,374.3516749978145,203,55,443,74,existing,164.03833121300386,203,75,443,117,existing,465.7907048663026,203,74,443,432,existing,559.381106165114,203,71,443,277,existing,601.5148368954877,203,73,443,116,existing,649.0044310872343,203,69,443,316,existing,2254.5753563103326,203,72,443,348,existing,715.1616472241597,203,70,443,448,existing,1412.00458589976,203,76,443,357,existing,2009.461353170398,203,66,443,374,existing,2955.2913482356153,203,77,443,314,existing,2757.3926035599343
204,204,55,447,75,existing,773.2244058587771,204,55,447,223,existing,478.4921926740482,204,55,447,70,allocated,452.1637292062114,204,75,447,117,existing,1043.874130550813,204,71,447,277,existing,1088.0053575303682,204,74,447,432,existing,1094.0236734248708,204,73,447,116,existing,1183.8920455855823,204,72,447,348,existing,1293.2450729086702,204,70,447,448,existing,1894.3443606916649,204,69,447,316,existing,2741.065876945213,204,76,447,357,existing,2495.9518738052784,204,77,447,314,existing,3243.8831241948146,204,66,447,374,existing,3441.7818688704956
205,205,54,448,448,existing,0.0,205,54,448,456,existing,401.2255884241669,205,54,448,448,existing,0.0,205,70,448,448,existing,0.0,205,76,448,357,existing,771.4151962908841,205,69,448,316,existing,1016.5291994308187,205,77,448,314,existing,1519.3464466804203,205,75,448,117,existing,1645.4872991666566,205,71,448,277,existing,1591.0217401887971,205,68,448,203,existing,1720.8304409449297,205,66,448,374,existing,1717.2451913561013,205,74,448,432,existing,1782.50613803208,205,67,448,146,existing,1744.6582589116654
206,206,59,449,348,existing,366.75923937731824,206,59,449,191,existing,1165.688196849763,206,59,449,317,allocated,448.8472011970264,206,72,449,348,existing,366.75923937731824,206,73,449,116,existing,493.8228630069523,206,74,449,432,existing,588.9519891459058,206,71,449,277,existing,612.3193675629113,206,75,449,117,existing,616.1301817351754,206,69,449,316,existing,2660.4569742215153,206,76,449,357,existing,2415.342971081581,206,70,449,448,existing,2170.805879061187,206,66,449,374,existing,2857.8597193202454,206,67,449,146,existing,2830.1969919164803
207,207,55,450,75,existing,448.2889664716055,207,55,450,191,existing,129.88116325484395,207,55,450,191,allocated,129.88116325484395,207,71,450,277,existing,683.2499925416956,207,75,450,117,existing,737.7155515195549,207,73,450,116,existing,920.9292777404866,207,74,450,432,existing,874.7343903849784,207,70,450,448,existing,978.6695486247389,207,76,450,357,existing,1603.9857942597248,207,69,450,316,existing,1849.0997973996596,207,72,450,348,existing,928.8101207272887,207,77,450,314,existing,2351.9170446492612,207,66,450,374,existing,2549.815789324942
208,208,61,452,432,existing,601.358307969835,208,61,452,191,existing,773.321983118137,208,61,452,432,allocated,601.358307969835,208,74,452,432,existing,601.358307969835,208,73,452,116,existing,691.2266801305464,208,75,452,117,existing,735.819145832254,208,72,452,348,existing,818.2903037601803,208,71,452,277,existing,874.1032740600625,208,70,452,448,existing,1810.9748940200825,208,69,452,316,existing,2657.696410273631,208,76,452,357,existing,2412.5824071336965,208,77,452,314,existing,3160.5136575232327,208,66,452,374,existing,3358.4124021989137
209,209,61,453,432,existing,862.8289974303352,209,61,453,223,existing,698.8971950472276,209,61,453,223,allocated,698.8971950472276,209,73,453,116,existing,825.0803423168444,209,74,453,432,existing,862.8289974303352,209,75,453,117,existing,1006.5665415484854,209,72,453,348,existing,952.1439659464784,209,71,453,277,existing,1144.850669776294,209,70,453,448,existing,2535.5284355837734,209,76,453,357,existing,3000.727697650741,209,69,453,316,existing,3245.8417007906755,209,67,453,146,existing,3592.1460894740494,209,66,453,374,existing,3600.964304287785
210,210,60,454,432,existing,1002.9901990358796,210,60,454,223,existing,110.94534037344607,210,60,454,223,allocated,110.94534037344607,210,74,454,432,existing,1002.9901990358796,210,73,454,116,existing,1092.858571196591,210,72,454,348,existing,1219.922194826225,210,75,454,117,existing,1146.7277431540297,210,71,454,277,existing,1285.0118713818383,210,76,454,357,existing,2769.9619001960355,210,69,454,316,existing,3015.0759033359705,210,70,454,448,existing,2168.3543870824224,210,77,454,314,existing,3517.893150585572,210,66,454,374,existing,3715.791895261253
211,211,50,456,226,existing,258.3994222748807,211,50,456,456,existing,0.0,211,50,456,263,allocated,67.85933085068574,211,70,456,448,existing,401.2255884241669,211,76,456,357,existing,1109.9837981346252,211,71,456,277,existing,1199.5520517751968,211,75,456,117,existing,1254.017610753056,211,74,456,432,existing,1391.0364496184795,211,73,456,116,existing,1437.2313369739877,211,72,456,348,existing,1412.5769512702684,211,69,456,316,existing,1355.09780127456,211,66,456,374,existing,2055.8137931998426,211,77,456,314,existing,1857.9150485241616
212,212,54,458,448,existing,60.593456685867174,212,54,458,456,existing,423.5082805632544,212,54,458,448,allocated,60.593456685867174,212,70,458,448,existing,60.593456685867174,212,76,458,357,existing,710.8217396050169,212,77,458,314,existing,1458.7529899945532,212,69,458,316,existing,955.9357427449515,212,68,458,203,existing,1660.2369842590626,212,71,458,277,existing,1551.3344964775997,212,66,458,374,existing,1656.6517346702342,212,75,458,117,existing,1605.8000554554592,212,74,458,432,existing,1742.8188943208825,212,67,458,146,existing,1684.0648022257983
213,213,62,459,432,existing,539.4136326801927,213,62,459,223,existing,1021.0310098781944,213,62,459,432,allocated,539.4136326801927,213,73,459,116,existing,493.4643629443662,213,74,459,432,existing,539.4136326801927,213,72,459,348,existing,620.5279865740002,213,75,459,117,existing,676.6780891652978,213,76,459,357,existing,2669.1117182782627,213,71,459,277,existing,814.9622173931064,213,69,459,316,existing,2914.2257214181973,213,70,459,448,existing,2243.9238831753314,213,67,459,146,existing,3260.5301101015716,213,66,459,374,existing,3269.348324915307
214,214,65,461,317,existing,278.68818153163534,214,65,461,191,existing,1376.6368109424197,214,65,461,317,allocated,278.68818153163534,214,73,461,116,existing,585.834314076459,214,74,461,432,existing,631.7835838122854,214,75,461,117,existing,769.0480402973906,214,72,461,348,existing,712.897937706093,214,70,461,448,existing,2414.2897218443654,214,71,461,277,existing,907.3321685251991,214,69,461,316,existing,3006.59567255029,214,76,461,357,existing,2761.4816694103556,214,67,461,146,existing,3352.900061233664,214,66,461,374,existing,3361.7182760473997
