,assign_from_var_id_grocery,assign_to_var_id_grocery,assign_from_node_id_grocery,assign_to_node_id_grocery,assign_type_grocery,dist_grocery,assign_from_var_id_school,assign_to_var_id_school,assign_from_node_id_school,assign_to_node_id_school,assign_type_school,dist_school,assign_from_var_id_healthcare,assign_to_var_id_healthcare,assign_from_node_id_healthcare,assign_to_node_id_healthcare,assign_type_healthcare,dist_healthcare,0_assign_from_var_id_restaurant,0_assign_to_var_id_restaurant,0_assign_from_node_id_restaurant,0_assign_to_node_id_restaurant,0_assign_type_restaurant,0_dist_restaurant,1_assign_from_var_id_restaurant,1_assign_to_var_id_restaurant,1_assign_from_node_id_restaurant,1_assign_to_node_id_restaurant,1_assign_type_restaurant,1_dist_restaurant,2_assign_from_var_id_restaurant,2_assign_to_var_id_restaurant,2_assign_from_node_id_restaurant,2_assign_to_node_id_restaurant,2_assign_type_restaurant,2_dist_restaurant,3_assign_from_var_id_restaurant,3_assign_to_var_id_restaurant,3_assign_from_node_id_restaurant,3_assign_to_node_id_restaurant,3_assign_type_restaurant,3_dist_restaurant,4_assign_from_var_id_restaurant,4_assign_to_var_id_restaurant,4_assign_from_node_id_restaurant,4_assign_to_node_id_restaurant,4_assign_type_restaurant,4_dist_restaurant,5_assign_from_var_id_restaurant,5_assign_to_var_id_restaurant,5_assign_from_node_id_restaurant,5_assign_to_node_id_restaurant,5_assign_type_restaurant,5_dist_restaurant,6_assign_from_var_id_restaurant,6_assign_to_var_id_restaurant,6_assign_from_node_id_restaurant,6_assign_to_node_id_restaurant,6_assign_type_restaurant,6_dist_restaurant,7_assign_from_var_id_restaurant,7_assign_to_var_id_restaurant,7_assign_from_node_id_restaurant,7_assign_to_node_id_restaurant,7_assign_type_restaurant,7_dist_restaurant,8_assign_from_var_id_restaurant,8_assign_to_var_id_restaurant,8_assign_from_node_id_restaurant,8_assign_to_node_id_restaurant,8_assign_type_restaurant,8_dist_restaurant,9_assign_from_var_id_restaurant,9_assign_to_var_id_restaurant,9_assign_from_node_id_restaurant,9_assign_to_node_id_restaurant,9_assign_type_restaurant,9_dist_restaurant
0,0,200,5,743,existing,595.0859675634036,0,200,5,849,existing,244.52587722915848,0,200,5,440,allocated,218.03536170286912,0,91,5,440,allocated,218.03536170286912,0,167,5,823,allocated,601.4429252955103,0,237,5,197,existing,1030.4325198049332,0,241,5,486,existing,867.7912590164756,0,248,5,131,existing,1249.6159854154669,0,120,5,551,allocated,1107.1412648098037,0,238,5,197,existing,1030.4325198049332,0,236,5,197,existing,1030.4325198049332,0,263,5,151,existing,1545.1080187546688,0,249,5,565,existing,1542.262047467234
1,1,192,8,1014,allocated,573.4149365631664,1,192,8,688,existing,391.24666081050077,1,192,8,440,allocated,248.94359903611397,1,91,8,440,allocated,248.94359903611397,1,120,8,551,allocated,640.1623040708207,1,167,8,823,allocated,1068.4218860344936,1,236,8,197,existing,1140.8480264669633,1,237,8,197,existing,1140.8480264669633,1,238,8,197,existing,1140.8480264669633,1,241,8,486,existing,1288.025436704742,1,247,8,699,existing,1517.7454549360245,1,248,8,131,existing,1669.8501631037334,1,246,8,699,existing,1517.7454549360245
2,2,192,9,1014,allocated,739.4880504056275,2,192,9,849,existing,545.4317241256805,2,192,9,440,allocated,82.87048519365283,2,91,9,440,allocated,82.87048519365283,2,120,9,551,allocated,806.2354179132818,2,236,9,197,existing,1120.286171983193,2,167,9,823,allocated,902.3487721920324,2,248,9,131,existing,1503.7770492612722,2,238,9,197,existing,1120.286171983193,2,241,9,486,existing,1121.9523228622809,2,237,9,197,existing,1120.286171983193,2,247,9,699,existing,1583.0484742990561,2,246,9,699,existing,1583.0484742990561
3,3,192,16,1014,allocated,422.6044496940483,3,192,16,374,existing,351.71826878262993,3,192,16,1014,allocated,422.6044496940483,3,91,16,440,allocated,440.9174285656554,3,120,16,551,allocated,489.3518172017026,3,238,16,197,existing,990.0375395978452,3,237,16,197,existing,990.0375395978452,3,246,16,699,existing,1366.9349680669065,3,241,16,486,existing,1334.0607669549943,3,236,16,197,existing,990.0375395978452,3,167,16,823,allocated,1244.6452429924598,3,247,16,699,existing,1366.9349680669065,3,248,16,131,existing,1715.8854933539856
4,4,192,17,1014,allocated,520.0576032514412,4,192,17,374,existing,449.1714223400227,4,192,17,1014,allocated,520.0576032514412,4,91,17,440,allocated,538.3705821230482,4,120,17,551,allocated,586.8049707590953,4,236,17,197,existing,1087.4906931552382,4,237,17,197,existing,1087.4906931552382,4,241,17,486,existing,1431.5139205123871,4,246,17,699,existing,1432.4029344903759,4,167,17,823,allocated,1342.0983965498526,4,238,17,197,existing,1087.4906931552382,4,247,17,699,existing,1432.4029344903759,4,248,17,131,existing,1813.3386469113784
5,5,16,18,92,allocated,198.5670091716775,5,16,18,92,allocated,198.5670091716775,5,16,18,92,allocated,198.5670091716775,5,263,18,151,existing,528.4896404441539,5,167,18,823,allocated,959.4406773499703,5,248,18,131,existing,1054.7297405812,5,244,18,691,existing,1079.8345200317872,5,232,18,691,existing,1079.8345200317872,5,249,18,565,existing,1125.5651089637358,5,250,18,691,existing,1079.8345200317872,5,261,18,804,existing,1221.2899995286302,5,241,18,486,existing,1436.5544669801914,5,265,18,804,existing,1221.2899995286302
6,6,16,19,92,allocated,244.25884082096798,6,16,19,92,allocated,244.25884082096798,6,16,19,92,allocated,244.25884082096798,6,263,19,151,existing,574.1814720934444,6,167,19,823,allocated,912.4592761409317,6,248,19,131,existing,1012.8588384240319,6,232,19,691,existing,1037.963617874619,6,244,19,691,existing,1037.963617874619,6,250,19,691,existing,1037.963617874619,6,261,19,804,existing,1206.2492183949294,6,249,19,565,existing,1083.6942068065675,6,241,19,486,existing,1394.683564823023,6,265,19,804,existing,1206.2492183949294
7,7,216,20,808,existing,258.83850426570064,7,216,20,399,existing,445.48476223142393,7,216,20,20,allocated,0.0,7,248,20,131,existing,293.2911795165461,7,250,20,691,existing,378.94600351342984,7,232,20,691,existing,378.94600351342984,7,244,20,691,existing,378.94600351342984,7,249,20,565,existing,424.67659244537833,7,261,20,804,existing,767.9117763471132,7,241,20,486,existing,675.1159059155374,7,265,20,804,existing,767.9117763471132,7,263,20,151,existing,1237.3489296998252,7,242,20,650,existing,1106.0011627428894
8,8,16,22,92,allocated,76.91320810937765,8,16,22,92,allocated,76.91320810937765,8,16,22,92,allocated,76.91320810937765,8,263,22,151,existing,259.706019379121,8,167,22,823,allocated,995.8473370434365,8,261,22,804,existing,1120.5607221789126,8,265,22,804,existing,1120.5607221789126,8,248,22,131,existing,1270.9340898372507,8,232,22,691,existing,1296.0388692878378,8,230,22,554,existing,1197.959245044192,8,250,22,691,existing,1296.0388692878378,8,244,22,691,existing,1296.0388692878378,8,249,22,565,existing,1341.7694582197862
9,9,16,23,92,allocated,113.71433662921993,9,16,23,92,allocated,113.71433662921993,9,16,23,92,allocated,113.71433662921993,9,263,23,151,existing,296.5071478989633,9,167,23,823,allocated,1032.648465563279,9,265,23,804,existing,1083.75959365907,9,261,23,804,existing,1083.75959365907,9,248,23,131,existing,1234.1329613174084,9,250,23,691,existing,1259.2377407679955,9,232,23,691,existing,1259.2377407679955,9,230,23,554,existing,1234.7603735640341,9,244,23,691,existing,1259.2377407679955,9,249,23,565,existing,1304.968329699944
10,10,200,24,743,existing,238.7491437350513,10,200,24,849,existing,357.61685856673864,10,200,24,823,allocated,263.3473886858438,10,167,24,823,allocated,263.3473886858438,10,91,24,440,allocated,786.6140684058573,10,241,24,486,existing,894.3479524663439,10,248,24,131,existing,822.2210464475568,10,232,24,691,existing,1160.5976974312725,10,244,24,691,existing,1160.5976974312725,10,250,24,691,existing,1160.5976974312725,10,249,24,565,existing,1114.867108499324,10,263,24,151,existing,1204.4478506113496,10,238,24,197,existing,1278.0196530080043
11,11,200,25,743,existing,298.29514722058263,11,200,25,768,existing,337.05483497570424,11,200,25,823,allocated,322.8933921713751,11,167,25,823,allocated,322.8933921713751,11,91,25,440,allocated,772.010633894069,11,248,25,131,existing,823.2622249939841,11,241,25,486,existing,834.8019489808125,11,249,25,565,existing,1115.9082870457514,11,244,25,691,existing,1161.6388759776999,11,232,25,691,existing,1161.6388759776999,11,250,25,691,existing,1161.6388759776999,11,236,25,197,existing,1218.4736495224731,11,238,25,197,existing,1218.4736495224731
12,12,200,26,743,existing,441.4024245211223,12,200,26,768,existing,323.0372699028783,12,200,26,768,allocated,323.0372699028783,12,167,26,823,allocated,639.6511760293979,12,248,26,131,existing,706.8537724429209,12,249,26,565,existing,999.4998344946882,12,241,26,486,existing,718.3934964297493,12,91,26,440,allocated,1088.7684177520919,12,232,26,691,existing,1045.2304234266367,12,244,26,691,existing,1045.2304234266367,12,250,26,691,existing,1045.2304234266367,12,236,26,197,existing,1102.0651969714097,12,237,26,197,existing,1102.0651969714097
13,13,200,27,743,existing,514.8782654251256,13,200,27,768,existing,222.86260424939854,13,200,27,768,allocated,222.86260424939854,13,167,27,823,allocated,539.4765103759182,13,248,27,131,existing,606.6791067894412,13,241,27,486,existing,618.2188307762696,13,249,27,565,existing,899.3251688412086,13,91,27,440,allocated,988.593752098612,13,232,27,691,existing,945.055757773157,13,250,27,691,existing,945.055757773157,13,244,27,691,existing,945.055757773157,13,236,27,197,existing,1001.89053131793,13,237,27,197,existing,1001.89053131793
14,14,202,32,553,existing,174.56469340671015,14,202,32,458,allocated,227.5787156714496,14,202,32,30,allocated,35.1641702889322,14,230,32,554,existing,260.12941827048456,14,242,32,650,existing,869.206959980306,14,263,32,151,existing,1169.6505458802199,14,261,32,804,existing,1185.7138734424975,14,253,32,594,existing,1562.4446427457362,14,251,32,594,existing,1562.4446427457362,14,265,32,804,existing,1185.7138734424975,14,252,32,594,existing,1562.4446427457362,14,233,32,594,existing,1562.4446427457362,14,254,32,471,existing,1585.48634163953
15,15,192,35,1014,allocated,887.9729875619645,15,192,35,688,existing,780.8800875900582,15,192,35,1014,allocated,887.9729875619645,15,91,35,440,allocated,896.2947851947816,15,120,35,551,allocated,954.7203550696189,15,237,35,197,existing,1455.4060774657614,15,238,35,197,existing,1455.4060774657614,15,246,35,699,existing,1832.3035059348229,15,241,35,486,existing,1789.4381235841206,15,167,35,823,allocated,1573.809849043263,15,236,35,197,existing,1455.4060774657614,15,247,35,699,existing,1832.3035059348229,15,248,35,131,existing,2171.2628499831117
16,16,192,36,1014,allocated,928.7078468786092,16,192,36,688,existing,821.6149469067029,16,192,36,1014,allocated,928.7078468786092,16,91,36,440,allocated,937.0296445114263,16,120,36,551,allocated,995.4552143862636,16,238,36,197,existing,1496.140936782406,16,236,36,197,existing,1496.140936782406,16,237,36,197,existing,1496.140936782406,16,167,36,823,allocated,1614.5447083599076,16,247,36,699,existing,1873.0383652514674,16,241,36,486,existing,1830.1729829007652,16,246,36,699,existing,1873.0383652514674,16,248,36,131,existing,2211.997709299756
17,17,216,40,808,existing,410.76664338163926,17,216,40,399,existing,597.4129013473625,17,216,40,40,allocated,0.0,17,248,40,131,existing,445.2193186324847,17,244,40,691,existing,530.8741426293685,17,232,40,691,existing,530.8741426293685,17,250,40,691,existing,530.8741426293685,17,261,40,804,existing,919.839915463052,17,249,40,565,existing,576.604731561317,17,265,40,804,existing,919.839915463052,17,241,40,486,existing,827.044045031476,17,167,40,823,allocated,1136.6917185169727,17,263,40,151,existing,1101.027862412333
18,18,192,59,1014,allocated,637.7508032017918,18,192,59,688,existing,515.1888366820617,18,192,59,440,allocated,630.6035342867849,18,91,59,440,allocated,630.6035342867849,18,120,59,551,allocated,704.4981707094462,18,237,59,197,existing,1205.1838931055886,18,238,59,197,existing,1205.1838931055886,18,241,59,486,existing,1523.746872676124,18,167,59,823,allocated,1308.1185981352662,18,236,59,197,existing,1205.1838931055886,18,247,59,699,existing,1582.08132157465,18,246,59,699,existing,1582.08132157465,18,248,59,131,existing,1905.571599075115
19,19,192,60,1014,allocated,537.0416628796241,19,192,60,374,existing,466.1554819682057,19,192,60,440,allocated,529.8943939646173,19,91,60,440,allocated,529.8943939646173,19,120,60,551,allocated,603.7890303872784,19,236,60,197,existing,1104.474752783421,19,237,60,197,existing,1104.474752783421,19,247,60,699,existing,1481.3721812524823,19,167,60,823,allocated,1333.6222083914217,19,241,60,486,existing,1423.0377323539562,19,238,60,197,existing,1104.474752783421,19,246,60,699,existing,1481.3721812524823,19,248,60,131,existing,1804.8624587529475
20,20,64,61,288,allocated,1018.2893585481185,20,64,61,573,existing,468.49863380437705,20,64,61,288,allocated,1018.2893585481185,20,167,61,823,allocated,1162.2466812086263,20,91,61,440,allocated,1372.2199728748606,20,241,61,486,existing,2021.975870188467,20,120,61,551,allocated,1574.994761951594,20,248,61,131,existing,2231.1728656275136,20,238,61,197,existing,2075.6804843477366,20,237,61,197,existing,2075.6804843477366,20,236,61,197,existing,2075.6804843477366,20,247,61,699,existing,2452.577912816798,20,263,61,151,existing,2368.5593528532418
21,21,64,62,288,allocated,966.6955706789822,21,64,62,573,existing,416.90484593524087,21,64,62,288,allocated,966.6955706789822,21,167,62,823,allocated,1110.6528933394902,21,91,62,440,allocated,1320.6261850057242,21,241,62,486,existing,1970.3820823193307,21,120,62,551,allocated,1523.4009740824579,21,237,62,197,existing,2024.0866964786,21,248,62,131,existing,2179.579077758377,21,236,62,197,existing,2024.0866964786,21,238,62,197,existing,2024.0866964786,21,247,62,699,existing,2400.9841249476617,21,263,62,151,existing,2316.9655649841056
22,22,16,63,92,allocated,431.5694953583703,22,16,63,92,allocated,431.5694953583703,22,16,63,309,allocated,160.6163312677121,22,263,63,151,existing,507.0032097277886,22,167,63,823,allocated,1098.74855671614,22,265,63,804,existing,1391.1287481697266,22,261,63,804,existing,1391.1287481697266,22,248,63,131,existing,1570.461675646173,22,232,63,691,existing,1595.5664550967601,22,230,63,554,existing,1450.9538267070945,22,250,63,691,existing,1595.5664550967601,22,249,63,565,existing,1641.2970440287086,22,244,63,691,existing,1595.5664550967601
23,23,16,64,92,allocated,387.9780144900102,23,16,64,92,allocated,387.9780144900102,23,16,64,309,allocated,204.20781213607225,23,263,64,151,existing,463.4117288594284,23,167,64,823,allocated,1065.8388613861453,23,261,64,804,existing,1347.5372673013662,23,265,64,804,existing,1347.5372673013662,23,244,64,691,existing,1562.6567597667652,23,232,64,691,existing,1562.6567597667652,23,230,64,554,existing,1407.3623458387342,23,248,64,131,existing,1537.551980316178,23,249,64,565,existing,1608.3873486987136,23,250,64,691,existing,1562.6567597667652
24,24,16,65,92,allocated,301.5193289996148,24,16,65,92,allocated,301.5193289996148,24,16,65,462,allocated,200.05446338647377,24,263,65,151,existing,376.953043369033,24,167,65,823,allocated,1074.076610083332,24,265,65,804,existing,1261.078581810971,24,261,65,804,existing,1261.078581810971,24,244,65,691,existing,1520.6449901780747,24,248,65,131,existing,1495.5402107274876,24,230,65,554,existing,1320.903660348339,24,232,65,691,existing,1520.6449901780747,24,249,65,565,existing,1566.3755791100234,24,250,65,691,existing,1520.6449901780747
25,25,16,66,92,allocated,395.6806484101575,25,16,66,92,allocated,395.6806484101575,25,16,66,855,allocated,134.21041697540244,25,263,66,151,existing,523.0787726877198,25,167,66,823,allocated,930.3515151110294,25,265,66,804,existing,1407.2043111296578,25,248,66,131,existing,1402.0646340410622,25,244,66,691,existing,1427.1694134916493,25,232,66,691,existing,1427.1694134916493,25,250,66,691,existing,1427.1694134916493,25,261,66,804,existing,1407.2043111296578,25,230,66,554,existing,1467.0293896670257,25,249,66,565,existing,1472.900002423598
26,26,16,67,92,allocated,216.3408968918274,26,16,67,92,allocated,216.3408968918274,26,16,67,855,allocated,193.21370370295278,26,263,67,151,existing,338.95498412997983,26,167,67,823,allocated,989.3548018385796,26,261,67,804,existing,1259.9884109613622,26,265,67,804,existing,1259.9884109613622,26,232,67,691,existing,1435.4665580702874,26,248,67,131,existing,1410.3617786197003,26,250,67,691,existing,1435.4665580702874,26,230,67,554,existing,1333.8285554179406,26,244,67,691,existing,1435.4665580702874,26,249,67,565,existing,1481.1971470022359
27,27,16,68,92,allocated,309.3501469350884,27,16,68,92,allocated,309.3501469350884,27,16,68,855,allocated,47.879915500333325,27,263,68,151,existing,458.0514890093217,27,167,68,823,allocated,844.0210136359602,27,248,68,131,existing,1315.7341325659931,27,250,68,691,existing,1340.8389120165803,27,261,68,804,existing,1371.9130449752547,27,265,68,804,existing,1371.9130449752547,27,232,68,691,existing,1340.8389120165803,27,244,68,691,existing,1340.8389120165803,27,91,68,440,allocated,1400.8517224488826,27,249,68,565,existing,1386.569500948529
28,28,16,69,92,allocated,281.1734495192039,28,16,69,92,allocated,281.1734495192039,28,16,69,855,allocated,89.74321312751049,28,263,69,151,existing,499.91478663649895,28,167,69,823,allocated,815.8443162200756,28,232,69,691,existing,1312.6622146006957,28,248,69,131,existing,1287.5574351501086,28,91,69,440,allocated,1372.675025032998,28,244,69,691,existing,1312.6622146006957,28,250,69,691,existing,1312.6622146006957,28,249,69,565,existing,1358.3928035326444,28,261,69,804,existing,1413.7763426024321,28,265,69,804,existing,1413.7763426024321
29,29,16,70,92,allocated,231.6697308179185,29,16,70,92,allocated,231.6697308179185,29,16,70,855,allocated,104.80950029143332,29,263,70,151,existing,514.9810738004217,29,167,70,823,allocated,766.3405975187902,29,250,70,691,existing,1263.1584958994104,29,248,70,131,existing,1238.0537164488233,29,249,70,565,existing,1308.8890848313588,29,244,70,691,existing,1263.1584958994104,29,91,70,440,allocated,1323.1713063317127,29,232,70,691,existing,1263.1584958994104,29,265,70,804,existing,1428.8426297663548,29,261,70,804,existing,1428.8426297663548
30,30,16,72,92,allocated,399.07085715318584,30,16,72,92,allocated,399.07085715318584,30,16,72,159,allocated,227.556124262933,30,263,72,151,existing,641.4860123770604,30,261,72,804,existing,819.1946131193877,30,248,72,131,existing,908.7906478485488,30,265,72,804,existing,819.1946131193877,30,249,72,565,existing,979.6260162310843,30,232,72,691,existing,933.8954272991359,30,244,72,691,existing,933.8954272991359,30,250,72,691,existing,933.8954272991359,30,230,72,554,existing,1123.9937193323706,30,242,72,650,existing,1157.2839995151637
31,31,16,75,92,allocated,140.4797252354392,31,16,75,92,allocated,140.4797252354392,31,16,75,92,allocated,140.4797252354392,31,263,75,151,existing,470.40235650791556,31,167,75,823,allocated,1059.413854169498,31,265,75,804,existing,1077.7857450371343,31,261,75,804,existing,1077.7857450371343,31,244,75,691,existing,1112.0409273554103,31,250,75,691,existing,1112.0409273554103,31,248,75,131,existing,1086.9361479048232,31,232,75,691,existing,1112.0409273554103,31,230,75,554,existing,1382.584851250117,31,249,75,565,existing,1157.7715162873587
32,32,16,76,92,allocated,242.53216939368258,32,16,76,92,allocated,242.53216939368258,32,16,76,92,allocated,242.53216939368258,32,263,76,151,existing,572.4548006661589,32,167,76,823,allocated,1003.4058375719753,32,248,76,131,existing,1010.764580359195,32,250,76,691,existing,1035.869359809782,32,244,76,691,existing,1035.869359809782,32,261,76,804,existing,1177.3248393066253,32,232,76,691,existing,1035.869359809782,32,249,76,565,existing,1081.5999487417307,32,265,76,804,existing,1177.3248393066253,32,241,76,486,existing,1392.5893067581862
33,33,16,77,92,allocated,370.8117935494393,33,16,77,92,allocated,370.8117935494393,33,16,77,92,allocated,370.8117935494393,33,263,77,151,existing,700.3406923301382,33,248,77,131,existing,882.3249419657253,33,250,77,691,existing,907.4297214163124,33,232,77,691,existing,907.4297214163124,33,244,77,691,existing,907.4297214163124,33,265,77,804,existing,1048.8852009131556,33,261,77,804,existing,1048.8852009131556,33,249,77,565,existing,953.160310348261,33,241,77,486,existing,1264.1496683647165,33,167,77,823,allocated,1125.95281865186
34,34,16,78,92,allocated,413.3640808855422,34,16,78,92,allocated,413.3640808855422,34,16,78,867,allocated,364.71481676508415,34,263,78,151,existing,742.892979666241,34,248,78,131,existing,839.7726546296225,34,244,78,691,existing,864.8774340802096,34,250,78,691,existing,864.8774340802096,34,265,78,804,existing,1006.3329135770528,34,261,78,804,existing,1006.3329135770528,34,249,78,565,existing,910.6080230121581,34,232,78,691,existing,864.8774340802096,34,241,78,486,existing,1221.5973810286137,34,167,78,823,allocated,1168.505105987963
35,35,16,79,92,allocated,470.3898666167479,35,16,79,92,allocated,470.3898666167479,35,16,79,309,allocated,266.53922549733346,35,263,79,151,existing,623.9626533936026,35,167,79,823,allocated,1005.0607333176196,35,244,79,691,existing,1501.8786316982396,35,248,79,131,existing,1476.7738522476525,35,250,79,691,existing,1501.8786316982396,35,261,79,804,existing,1508.0881918355406,35,232,79,691,existing,1501.8786316982396,35,265,79,804,existing,1508.0881918355406,35,91,79,440,allocated,1561.8914421305421,35,249,79,565,existing,1547.6092206301882
36,36,16,80,92,allocated,422.3607246506689,36,16,80,92,allocated,422.3607246506689,36,16,80,855,allocated,230.93048825897537,36,263,80,151,existing,641.1020617679638,36,167,80,823,allocated,957.0315913515406,36,248,80,131,existing,1428.7447102815736,36,232,80,691,existing,1453.8494897321607,36,250,80,691,existing,1453.8494897321607,36,249,80,565,existing,1499.5800786641094,36,244,80,691,existing,1453.8494897321607,36,91,80,440,allocated,1513.862300164463,36,261,80,804,existing,1554.9636177338969,36,265,80,804,existing,1554.9636177338969
37,37,16,81,92,allocated,225.5405498750258,37,16,81,92,allocated,225.5405498750258,37,16,81,92,allocated,225.5405498750258,37,263,81,151,existing,555.0694486557246,37,261,81,804,existing,993.3717984465684,37,265,81,804,existing,993.3717984465684,37,248,81,131,existing,1001.8753232652366,37,249,81,565,existing,1072.7106916477724,37,244,81,691,existing,1026.9801027158237,37,232,81,691,existing,1026.9801027158237,37,250,81,691,existing,1026.9801027158237,37,167,81,823,allocated,1144.4746788090847,37,230,81,554,existing,1298.1709046595513
38,38,16,82,92,allocated,327.8266991257277,38,16,82,92,allocated,327.8266991257277,38,16,82,92,allocated,327.8266991257277,38,263,82,151,existing,657.3555979064265,38,248,82,131,existing,925.310036389437,38,250,82,691,existing,950.4148158400241,38,232,82,691,existing,950.4148158400241,38,167,82,823,allocated,1082.9677242281484,38,244,82,691,existing,950.4148158400241,38,261,82,804,existing,1091.8702953368672,38,249,82,565,existing,996.1454047719726,38,241,82,486,existing,1307.1347627884284,38,265,82,804,existing,1091.8702953368672
39,39,64,83,288,allocated,977.3375386161576,39,64,83,573,existing,484.07708794858377,39,64,83,288,allocated,977.3375386161576,39,167,83,823,allocated,1121.2948612766656,39,91,83,440,allocated,1387.7984270190673,39,120,83,551,allocated,1585.6288486681026,39,241,83,486,existing,2037.5543243326738,39,236,83,197,existing,2086.3145710642452,39,237,83,197,existing,2086.3145710642452,39,238,83,197,existing,2086.3145710642452,39,248,83,131,existing,2190.2210456955527,39,247,83,699,existing,2463.2119995333064,39,263,83,151,existing,2327.607532921281
40,40,64,84,288,allocated,1071.209065480622,40,64,84,573,existing,557.5211685425925,40,64,84,288,allocated,1071.209065480622,40,167,84,823,allocated,1215.1663881411298,40,91,84,440,allocated,1461.2425076130758,40,120,84,551,allocated,1664.0172966898094,40,241,84,486,existing,2110.9984049266823,40,237,84,197,existing,2164.703019085952,40,238,84,197,existing,2164.703019085952,40,236,84,197,existing,2164.703019085952,40,248,84,131,existing,2284.092572560017,40,263,84,151,existing,2421.479059785745,40,246,84,699,existing,2541.6004475550135
41,41,225,85,296,existing,601.4315899764285,41,225,85,374,existing,762.8304659901561,41,225,85,1023,allocated,277.4769789456297,41,91,85,440,allocated,491.78518951372115,41,120,85,551,allocated,642.5598727457698,41,238,85,197,existing,711.3714676631246,41,236,85,197,existing,711.3714676631246,41,241,85,486,existing,881.7852270870449,41,237,85,197,existing,711.3714676631246,41,247,85,699,existing,1174.1337699789876,41,246,85,699,existing,1174.1337699789876,41,167,85,823,allocated,1311.2634765121006,41,248,85,131,existing,1263.6099534860361
42,42,225,86,296,existing,494.5970008622168,42,225,86,768,existing,676.8842452136735,42,225,86,1023,allocated,170.64238983141792,42,91,86,440,allocated,598.619778627933,42,120,86,551,allocated,749.3944618599817,42,241,86,486,existing,774.950637972833,42,238,86,197,existing,818.2060567773365,42,236,86,197,existing,818.2060567773365,42,237,86,197,existing,818.2060567773365,42,248,86,131,existing,1156.7753643718243,42,246,86,699,existing,1280.9683590931993,42,247,86,699,existing,1280.9683590931993,42,167,86,823,allocated,1307.0293416330628
43,43,225,87,296,existing,553.3521180211725,43,225,87,768,existing,432.52543107962134,43,225,87,89,allocated,258.16639191029464,43,241,87,486,existing,407.6247784767481,43,248,87,131,existing,789.4495048757394,43,238,87,197,existing,890.6890482456175,43,236,87,197,existing,890.6890482456175,43,249,87,565,existing,1082.0955669275065,43,91,87,440,allocated,967.3794141009571,43,167,87,823,allocated,1062.6705274990109,43,237,87,197,existing,890.6890482456175,43,244,87,691,existing,1127.826155859455,43,250,87,691,existing,1127.826155859455
44,44,225,88,296,existing,484.3049665216686,44,225,88,768,existing,540.9747586230524,44,225,88,89,allocated,189.1192404107908,44,241,88,486,existing,338.5776269772442,44,248,88,131,existing,720.4023533762355,44,236,88,197,existing,821.6418967461136,44,238,88,197,existing,821.6418967461136,44,250,88,691,existing,1058.7790043599512,44,249,88,565,existing,1013.0484154280027,44,237,88,197,existing,821.6418967461136,44,244,88,691,existing,1058.7790043599512,44,91,88,440,allocated,1075.8287416443882,44,232,88,691,existing,1058.7790043599512
45,45,225,89,296,existing,295.1857261108777,45,225,89,768,existing,378.0918581663449,45,225,89,89,allocated,0.0,45,241,89,486,existing,149.45838656645344,45,248,89,131,existing,531.2831129654447,45,237,89,197,existing,632.5226563353228,45,236,89,197,existing,632.5226563353228,45,244,89,691,existing,869.6597639491605,45,232,89,691,existing,869.6597639491605,45,238,89,197,existing,632.5226563353228,45,249,89,565,existing,823.929175017212,45,91,89,440,allocated,912.9458411876806,45,250,89,691,existing,869.6597639491605
46,46,200,90,743,existing,487.880419200847,46,200,90,768,existing,347.17453040065334,46,200,90,768,allocated,347.17453040065334,46,167,90,823,allocated,512.4786641516396,46,91,90,440,allocated,582.4253619138046,46,248,90,131,existing,1012.8474969742485,46,241,90,486,existing,874.7247751334517,46,237,90,197,existing,1258.396475675112,46,236,90,197,existing,1258.396475675112,46,238,90,197,existing,1258.396475675112,46,249,90,565,existing,1305.4935590260159,46,232,90,691,existing,1351.2241479579643,46,250,90,691,existing,1351.2241479579643
47,47,200,91,743,existing,388.02793549824025,47,200,91,768,existing,247.32204669804662,47,200,91,768,allocated,247.32204669804662,47,167,91,823,allocated,412.6261804490328,47,91,91,440,allocated,682.2778456164114,47,241,91,486,existing,774.8722914308449,47,248,91,131,existing,912.9950132716417,47,238,91,197,existing,1158.5439919725054,47,237,91,197,existing,1158.5439919725054,47,236,91,197,existing,1158.5439919725054,47,249,91,565,existing,1205.641075323409,47,232,91,691,existing,1251.3716642553575,47,250,91,691,existing,1251.3716642553575
48,48,16,92,92,allocated,0.0,48,16,92,92,allocated,0.0,48,16,92,92,allocated,0.0,48,263,92,151,existing,336.6192274884986,48,167,92,823,allocated,918.9341289340589,48,261,92,804,existing,1197.4739302882901,48,265,92,804,existing,1197.4739302882901,48,250,92,691,existing,1252.5206525908495,48,244,92,691,existing,1252.5206525908495,48,232,92,691,existing,1252.5206525908495,48,248,92,131,existing,1227.4158731402624,48,230,92,554,existing,1274.8724531535695,48,249,92,565,existing,1298.251241522798
49,49,16,93,92,allocated,53.79829030351089,49,16,93,92,allocated,53.79829030351089,49,16,93,92,allocated,53.79829030351089,49,263,93,151,existing,383.7209215759873,49,167,93,823,allocated,972.7324192375697,49,261,93,804,existing,1164.4671799690625,49,265,93,804,existing,1164.4671799690625,49,232,93,691,existing,1198.7223622873385,49,248,93,131,existing,1173.6175828367514,49,250,93,691,existing,1198.7223622873385,49,244,93,691,existing,1198.7223622873385,49,249,93,565,existing,1244.4529512192871,49,230,93,554,existing,1321.974147241058
50,50,192,94,1014,allocated,914.0071122001141,50,192,94,374,existing,843.1209312886957,50,192,94,531,allocated,373.131884242982,50,91,94,440,allocated,932.3200910717212,50,120,94,551,allocated,980.7544797077685,50,238,94,197,existing,1481.440202103911,50,236,94,197,existing,1481.440202103911,50,237,94,197,existing,1481.440202103911,50,247,94,699,existing,1489.96114406966,50,246,94,699,existing,1489.96114406966,50,167,94,823,allocated,1736.0479054985258,50,248,94,131,existing,2207.288155860051,50,241,94,486,existing,1825.46342946106
51,51,192,95,1014,allocated,940.7289795124537,51,192,95,374,existing,869.8427986010353,51,192,95,531,allocated,331.8666160450701,51,91,95,440,allocated,959.0419583840609,51,120,95,551,allocated,1007.476347020108,51,246,95,699,existing,1448.695875871748,51,247,95,699,existing,1448.695875871748,51,236,95,197,existing,1508.1620694162507,51,167,95,823,allocated,1762.7697728108656,51,237,95,197,existing,1508.1620694162507,51,238,95,197,existing,1508.1620694162507,51,248,95,131,existing,2234.010023172391,51,241,95,486,existing,1852.1852967733996
52,52,64,96,288,allocated,861.7430256726209,52,64,96,573,existing,128.08482894040162,52,64,96,440,allocated,775.6365101300819,52,91,96,440,allocated,775.6365101300819,52,167,96,823,allocated,988.9739617694199,52,241,96,486,existing,1425.3924074436884,52,120,96,551,allocated,1093.1846891124644,52,248,96,131,existing,1786.5898656010438,52,236,96,197,existing,1588.033668232146,52,237,96,197,existing,1588.033668232146,52,238,96,197,existing,1588.033668232146,52,246,96,699,existing,1970.7678399776682,52,263,96,151,existing,1932.6390552285782
53,53,64,97,288,allocated,911.5141009752065,53,64,97,688,existing,125.41692807708762,53,64,97,440,allocated,705.0092378909541,53,91,97,440,allocated,705.0092378909541,53,167,97,823,allocated,918.3466895302921,53,120,97,551,allocated,1022.5574168733365,53,241,97,486,existing,1354.7651352045607,53,236,97,197,existing,1517.4063959930184,53,237,97,197,existing,1517.4063959930184,53,238,97,197,existing,1517.4063959930184,53,248,97,131,existing,1715.962593361916,53,263,97,151,existing,1862.0117829894505,53,246,97,699,existing,1900.1405677385403
54,54,225,98,296,existing,724.7839414635413,54,225,98,849,existing,662.2464684138039,54,225,98,440,allocated,199.68522948177625,54,91,98,440,allocated,199.68522948177625,54,120,98,551,allocated,845.3287936516786,54,237,98,197,existing,1003.4714276950696,54,236,98,197,existing,1003.4714276950696,54,248,98,131,existing,1386.9623049731488,54,238,98,197,existing,1003.4714276950696,54,241,98,486,existing,1005.1375785741575,54,167,98,823,allocated,1019.1635164801557,54,246,98,699,existing,1466.2337300109325,54,247,98,699,existing,1466.2337300109325
55,55,225,99,296,existing,561.0478040495457,55,225,99,768,existing,743.3350484010023,55,225,99,1023,allocated,237.09319301874683,55,91,99,440,allocated,365.68940333588694,55,241,99,486,existing,841.401441160162,55,237,99,197,existing,898.384734273991,55,238,99,197,existing,898.384734273991,55,236,99,197,existing,898.384734273991,55,248,99,131,existing,1223.2261675591533,55,120,99,551,allocated,1011.3329675057892,55,167,99,823,allocated,1185.1676903342664,55,249,99,565,existing,1515.8722296109206,55,232,99,691,existing,1561.602818542869
56,56,64,100,288,allocated,712.7079245231195,56,64,100,573,existing,177.30107885944363,56,64,100,288,allocated,712.7079245231195,56,167,100,823,allocated,784.2962852793157,56,91,100,440,allocated,1038.5862608428429,56,120,100,551,allocated,1391.4311855520514,56,241,100,486,existing,1688.3421581564494,56,237,100,197,existing,1850.983418944907,56,248,100,131,existing,1853.2224696982028,56,236,100,197,existing,1850.983418944907,56,238,100,197,existing,1850.983418944907,56,263,100,151,existing,1990.608956923931,56,249,100,565,existing,2145.8685317499703
57,57,64,101,288,allocated,653.0076426717069,57,64,101,573,existing,287.6683892346589,57,64,101,288,allocated,653.0076426717069,57,167,101,823,allocated,673.9289749041004,57,91,101,440,allocated,928.2189504676277,57,120,101,551,allocated,1281.063875176836,57,241,101,486,existing,1577.9748477812343,57,248,101,131,existing,1742.8551593229874,57,236,101,197,existing,1740.616108569692,57,237,101,197,existing,1740.616108569692,57,238,101,197,existing,1740.616108569692,57,249,101,565,existing,2035.5012213747548,57,263,101,151,existing,1880.2416465487156
58,58,64,102,288,allocated,946.2837364489944,58,64,102,573,existing,453.02328578142044,58,64,102,288,allocated,946.2837364489944,58,167,102,823,allocated,1090.2410591095022,58,91,102,440,allocated,1356.744624851904,58,120,102,551,allocated,1674.2928038342866,58,241,102,486,existing,2006.5005221655106,58,237,102,197,existing,2169.1417829539682,58,248,102,131,existing,2159.1672435283895,58,236,102,197,existing,2169.1417829539682,58,238,102,197,existing,2169.1417829539682,58,263,102,151,existing,2296.5537307541176,58,249,102,565,existing,2451.813305580157
59,59,64,103,288,allocated,854.9458734265679,59,64,103,573,existing,361.6854227589939,59,64,103,288,allocated,854.9458734265679,59,167,103,823,allocated,998.9031960870757,59,91,103,440,allocated,1265.4067618294775,59,241,103,486,existing,1915.162659143084,59,120,103,551,allocated,1582.95494081186,59,237,103,197,existing,2077.8039199315417,59,238,103,197,existing,2077.8039199315417,59,248,103,131,existing,2067.829380505963,59,236,103,197,existing,2077.8039199315417,59,249,103,565,existing,2360.4754425577303,59,263,103,151,existing,2205.215867731691
60,60,192,104,1014,allocated,643.4240777369946,60,192,104,314,existing,259.53924441167237,60,192,104,314,allocated,259.53924441167237,60,120,104,551,allocated,494.8163642016883,60,247,104,699,existing,870.087424471906,60,246,104,699,existing,870.087424471906,60,238,104,197,existing,888.6599276679357,60,237,104,197,existing,888.6599276679357,60,91,104,440,allocated,896.6016295002323,60,236,104,197,existing,888.6599276679357,60,241,104,486,existing,1509.8265459764134,60,248,104,131,existing,1891.6512723754047,60,167,104,823,allocated,1716.079916498612
61,61,192,105,1014,allocated,761.4444022337223,61,192,105,314,existing,377.5595689084,61,192,105,314,allocated,377.5595689084,61,120,105,551,allocated,612.8366886984161,61,246,105,699,existing,988.1077489686337,61,237,105,197,existing,1006.6802521646634,61,247,105,699,existing,988.1077489686337,61,238,105,197,existing,1006.6802521646634,61,91,105,440,allocated,1014.62195399696,61,241,105,486,existing,1627.8468704731413,61,236,105,197,existing,1006.6802521646634,61,167,105,823,allocated,1834.1002409953396,61,248,105,131,existing,2009.6715968721323
62,62,212,106,956,existing,1051.8793033531804,62,212,106,684,existing,1003.4431448257902,62,212,106,700,allocated,855.5015287933079,62,247,106,699,existing,1193.7191046270427,62,246,106,699,existing,1193.7191046270427,62,120,106,551,allocated,1474.728811973723,62,91,106,440,allocated,1426.2944233376759,62,167,106,823,allocated,2230.0222377644805,62,238,106,197,existing,1953.1005560595272,62,237,106,197,existing,1953.1005560595272,62,236,106,197,existing,1953.1005560595272,62,241,106,486,existing,2319.4377617270147,62,248,106,131,existing,2701.2624881260062
63,63,212,107,956,existing,892.2474608468,63,212,107,684,existing,843.81130231941,63,212,107,700,allocated,695.8696862869276,63,247,107,699,existing,1034.0872621206624,63,246,107,699,existing,1034.0872621206624,63,120,107,551,allocated,1315.0969694673427,63,91,107,440,allocated,1266.6625808312956,63,167,107,823,allocated,2070.3903952581,63,236,107,197,existing,1793.468713553147,63,237,107,197,existing,1793.468713553147,63,238,107,197,existing,1793.468713553147,63,248,107,131,existing,2541.6306456196257,63,241,107,486,existing,2159.805919220634
64,64,64,114,288,allocated,991.4678051092144,64,64,114,573,existing,498.2073544416405,64,64,114,288,allocated,991.4678051092144,64,167,114,823,allocated,1135.4251277697222,64,91,114,440,allocated,1401.928693512124,64,238,114,197,existing,1998.6615840820068,64,120,114,551,allocated,1497.975861685864,64,241,114,486,existing,2051.6845908257305,64,236,114,197,existing,1998.6615840820068,64,237,114,197,existing,1998.6615840820068,64,248,114,131,existing,2204.3513121886094,64,263,114,151,existing,2341.7377994143376,64,247,114,699,existing,2375.559012551068
65,65,64,115,288,allocated,1089.727453534118,65,64,115,573,existing,596.467002866544,65,64,115,288,allocated,1089.727453534118,65,167,115,823,allocated,1233.6847761946258,65,91,115,440,allocated,1325.821576838299,65,237,115,197,existing,1900.401935657103,65,120,115,551,allocated,1399.7162132609603,65,241,115,486,existing,2149.944239250634,65,236,115,197,existing,1900.401935657103,65,246,115,699,existing,2277.299364126164,65,238,115,197,existing,1900.401935657103,65,248,115,131,existing,2302.610960613513,65,247,115,699,existing,2277.299364126164
66,66,225,116,296,existing,381.7969587924232,66,225,116,768,existing,564.0842031438798,66,225,116,1023,allocated,57.84234776162429,66,91,116,440,allocated,658.356907676143,66,241,116,486,existing,662.1505959030394,66,237,116,197,existing,719.1338890168684,66,238,116,197,existing,719.1338890168684,66,248,116,131,existing,1043.9753223020307,66,167,116,823,allocated,1194.2292995632693,66,120,116,551,allocated,862.1945039297754,66,236,116,197,existing,719.1338890168684,66,249,116,565,existing,1336.621384353798,66,232,116,691,existing,1382.3519732857465
67,67,192,121,1014,allocated,984.8692918248845,67,192,121,573,existing,273.92915856911804,67,192,121,440,allocated,921.4808397587983,67,91,121,440,allocated,921.4808397587983,67,120,121,551,allocated,1051.6166593325386,67,167,121,823,allocated,1134.8182913981364,67,237,121,197,existing,1552.3023817286814,67,238,121,197,existing,1552.3023817286814,67,236,121,197,existing,1552.3023817286814,67,241,121,486,existing,1571.2367370724048,67,247,121,699,existing,1929.1998101977426,67,246,121,699,existing,1929.1998101977426,67,248,121,131,existing,1932.4341952297602
68,68,192,122,1014,allocated,1040.3152820191171,68,192,122,573,existing,346.467433879989,68,192,122,440,allocated,994.0191150696693,68,91,122,440,allocated,994.0191150696693,68,120,122,551,allocated,1107.0626495267716,68,167,122,823,allocated,1207.3565667090074,68,238,122,197,existing,1607.748371922914,68,237,122,197,existing,1607.748371922914,68,246,122,699,existing,1984.6458003919754,68,236,122,197,existing,1607.748371922914,68,241,122,486,existing,1643.775012383276,68,248,122,131,existing,2004.9724705406313,68,247,122,699,existing,1984.6458003919754
69,69,16,149,92,allocated,185.36226716674884,69,16,149,92,allocated,185.36226716674884,69,16,149,148,allocated,96.10315157091482,69,263,149,151,existing,226.65459471062775,69,167,149,823,allocated,1055.0557113228654,69,261,149,804,existing,1161.7030874612203,69,265,149,804,existing,1161.7030874612203,69,232,149,691,existing,1404.4879283452087,69,230,149,554,existing,1221.5281659985883,69,250,149,691,existing,1404.4879283452087,69,248,149,131,existing,1379.3831488946216,69,249,149,565,existing,1450.2185172771574,69,244,149,691,existing,1404.4879283452087
70,70,214,151,811,existing,131.3427957575904,70,214,151,92,allocated,336.6192274884986,70,214,151,463,allocated,100.376690984164,70,263,151,151,existing,0.0,70,265,151,804,existing,935.0484927505927,70,230,151,554,existing,994.8735712879607,70,261,151,804,existing,935.0484927505927,70,242,151,650,existing,1273.137879146369,70,232,151,691,existing,1555.7448886669586,70,167,151,823,allocated,1206.3126716446152,70,248,151,131,existing,1530.6401092163715,70,250,151,691,existing,1555.7448886669586,70,244,151,691,existing,1555.7448886669586
71,71,16,152,92,allocated,327.6777051607277,71,16,152,92,allocated,327.6777051607277,71,16,152,159,allocated,180.1338695761806,71,263,152,151,existing,510.47051643047104,71,265,152,804,existing,869.7962251275623,71,248,152,131,existing,1092.057880788307,71,261,152,804,existing,869.7962251275623,71,232,152,691,existing,1117.1626602388942,71,249,152,565,existing,1162.8932491708429,71,250,152,691,existing,1117.1626602388942,71,244,152,691,existing,1117.1626602388942,71,242,152,650,existing,1207.8856115233384,71,230,152,554,existing,1174.5953313405453
72,72,16,153,92,allocated,369.8233920983401,72,16,153,92,allocated,369.8233920983401,72,16,153,159,allocated,137.98818263856822,72,263,153,151,existing,552.6162033680835,72,265,153,804,existing,827.6505381899498,72,261,153,804,existing,827.6505381899498,72,248,153,131,existing,1049.9121938506948,72,249,153,565,existing,1120.7475622332304,72,232,153,691,existing,1075.016973301282,72,250,153,691,existing,1075.016973301282,72,244,153,691,existing,1075.016973301282,72,230,153,554,existing,1132.4496444029328,72,242,153,650,existing,1165.739924585726
73,73,16,154,92,allocated,201.44305256764122,73,16,154,92,allocated,201.44305256764122,73,16,154,445,allocated,140.524622282853,73,263,154,151,existing,384.2358638373846,73,261,154,804,existing,998.3561717544655,73,265,154,804,existing,998.3561717544655,73,167,154,823,allocated,1120.3771815017,73,232,154,691,existing,1246.6251989126297,73,244,154,691,existing,1246.6251989126297,73,248,154,131,existing,1221.5204194620426,73,230,154,554,existing,1239.5264879790232,73,250,154,691,existing,1246.6251989126297,73,249,154,565,existing,1292.3557878445781
74,74,16,155,92,allocated,245.64314877637165,74,16,155,92,allocated,245.64314877637165,74,16,155,445,allocated,182.96253189431434,74,263,155,151,existing,428.435960046115,74,261,155,804,existing,955.0586675925673,74,167,155,823,allocated,1164.5772777104303,74,265,155,804,existing,955.0586675925673,74,250,155,691,existing,1202.4251027038993,74,232,155,691,existing,1202.4251027038993,74,244,155,691,existing,1202.4251027038993,74,248,155,131,existing,1177.3203232533122,74,230,155,554,existing,1259.85777380555,74,249,155,565,existing,1248.1556916358477
75,75,16,156,92,allocated,512.3715126993652,75,16,156,92,allocated,512.3715126993652,75,16,156,159,allocated,195.29931159567977,75,261,156,804,existing,685.1046444192765,75,265,156,804,existing,685.1046444192765,75,263,156,151,existing,695.1643239691086,75,248,156,131,existing,930.9140069452019,75,250,156,691,existing,956.018786395789,75,232,156,691,existing,956.018786395789,75,230,156,554,existing,989.9037506322594,75,244,156,691,existing,956.018786395789,75,249,156,565,existing,1001.7493753277377,75,242,156,650,existing,1023.1940308150527
76,76,16,157,92,allocated,563.1566937244779,76,16,157,92,allocated,563.1566937244779,76,16,157,159,allocated,245.96415349223054,76,265,157,804,existing,635.4838183953913,76,261,157,804,existing,635.4838183953913,76,248,157,131,existing,880.1288259200892,76,263,157,151,existing,745.9495049942213,76,230,157,554,existing,940.2829246083742,76,250,157,691,existing,905.2336053706763,76,244,157,691,existing,905.2336053706763,76,232,157,691,existing,905.2336053706763,76,249,157,565,existing,950.9641943026247,76,242,157,650,existing,973.5732047911674
77,77,16,158,92,allocated,457.0151362567489,77,16,158,92,allocated,457.0151362567489,77,16,158,159,allocated,139.9429351530635,77,263,158,151,existing,639.8079475264922,77,265,158,804,existing,740.4587940315411,77,248,158,131,existing,962.7204496922859,77,261,158,804,existing,740.4587940315411,77,249,158,565,existing,1033.5558180748217,77,232,158,691,existing,987.825229142873,77,250,158,691,existing,987.825229142873,77,244,158,691,existing,987.825229142873,77,230,158,554,existing,1045.2579002445239,77,242,158,650,existing,1078.5481804273172
78,78,16,160,92,allocated,413.547314590257,78,16,160,92,allocated,413.547314590257,78,16,160,159,allocated,97.05249661703647,78,263,160,151,existing,596.3401258600003,78,261,160,804,existing,783.9266156980331,78,265,160,804,existing,783.9266156980331,78,248,160,131,existing,1006.1882713587779,78,250,160,691,existing,1031.293050809365,78,249,160,565,existing,1077.0236397413137,78,244,160,691,existing,1031.293050809365,78,232,160,691,existing,1031.293050809365,78,242,160,650,existing,1122.0160020938092,78,230,160,554,existing,1088.7257219110159
79,79,16,161,92,allocated,484.9492296087298,79,16,161,92,allocated,484.9492296087298,79,16,161,867,allocated,267.40880566699434,79,248,161,131,existing,742.4666435315326,79,232,161,691,existing,767.5714229821197,79,244,161,691,existing,767.5714229821197,79,250,161,691,existing,767.5714229821197,79,263,161,151,existing,788.1734656848389,79,265,161,804,existing,841.9434630589957,79,249,161,565,existing,813.3020119140683,79,261,161,804,existing,841.9434630589957,79,230,161,554,existing,1146.7425692719785,79,241,161,486,existing,1124.2913699305238
80,80,16,162,92,allocated,533.1611601539668,80,16,162,92,allocated,533.1611601539668,80,16,162,867,allocated,219.19687512175733,80,248,162,131,existing,694.2547129862957,80,232,162,691,existing,719.3594924368828,80,244,162,691,existing,719.3594924368828,80,250,162,691,existing,719.3594924368828,80,261,162,804,existing,887.645092957193,80,265,162,804,existing,887.645092957193,80,263,162,151,existing,836.3853962300759,80,249,162,565,existing,765.0900813688313,80,241,162,486,existing,1076.0794393852868,80,230,162,554,existing,1194.9544998172155
81,81,16,163,92,allocated,454.6949689796648,81,16,163,92,allocated,454.6949689796648,81,16,163,867,allocated,321.31057150818424,81,263,163,151,existing,784.2238677603636,81,248,163,131,existing,796.3684093727226,81,250,163,691,existing,821.4731888233097,81,232,163,691,existing,821.4731888233097,81,244,163,691,existing,821.4731888233097,81,261,163,804,existing,962.928668320153,81,249,163,565,existing,867.2037777552582,81,265,163,804,existing,962.928668320153,81,167,163,823,allocated,1211.9093512448626,81,241,163,486,existing,1178.193135771714
82,82,201,170,554,existing,511.745943938376,82,201,170,458,allocated,240.9014250614647,82,201,170,170,allocated,0.0,82,230,170,554,existing,511.745943938376,82,242,170,650,existing,667.6219337087731,82,261,170,804,existing,1005.7113201045493,82,265,170,804,existing,1005.7113201045493,82,251,170,594,existing,1123.8800041466086,82,233,170,594,existing,1123.8800041466086,82,252,170,594,existing,1123.8800041466086,82,253,170,594,existing,1123.8800041466086,82,254,170,471,existing,1146.9217030404025,82,263,170,151,existing,1257.3085702557823
83,83,200,187,743,existing,269.27775918262546,83,200,187,399,existing,402.3850194266131,83,200,187,399,allocated,402.3850194266131,83,167,187,823,allocated,471.40435954164195,83,248,187,131,existing,614.1640755917583,83,241,187,486,existing,890.5181617682462,83,249,187,565,existing,906.8101376435256,83,232,187,691,existing,952.5407265754741,83,244,187,691,existing,952.5407265754741,83,250,187,691,existing,952.5407265754741,83,91,187,440,allocated,994.6710392616556,83,263,187,151,existing,1234.9764660589237,83,238,187,197,existing,1274.1898623099066
84,84,214,195,811,existing,141.94327472650542,84,214,195,92,allocated,553.2849523497046,84,214,195,195,allocated,0.0,84,263,195,151,existing,271.96612765175234,84,261,195,804,existing,667.0868015319356,84,230,195,554,existing,726.7908925657975,84,265,195,804,existing,667.0868015319356,84,242,195,650,existing,1005.1761879277118,84,250,195,691,existing,1545.7377048037158,84,248,195,131,existing,1520.6329253531287,84,167,195,823,allocated,1472.2190812837634,84,232,195,691,existing,1545.7377048037158,84,244,195,691,existing,1545.7377048037158
85,85,202,209,553,existing,604.0051432889943,85,202,209,458,allocated,792.4508001023979,85,202,209,636,allocated,114.49925745240579,85,230,209,554,existing,689.5698681527687,85,263,209,151,existing,767.621502519226,85,261,209,804,existing,1467.029640441206,85,242,209,650,existing,1352.352614454718,85,252,209,594,existing,2127.3167271766847,85,167,209,823,allocated,1973.9341741638414,85,265,209,804,existing,1467.029640441206,85,253,209,594,existing,2127.3167271766847,85,233,209,594,existing,2127.3167271766847,85,251,209,594,existing,2127.3167271766847
86,86,202,210,553,existing,551.0675136835665,86,202,210,458,allocated,739.5131704969701,86,202,210,172,allocated,144.5987104314652,86,230,210,554,existing,636.6322385473409,86,263,210,151,existing,837.2360925912626,86,265,210,804,existing,1536.6442305132425,86,242,210,650,existing,1299.4149848492902,86,233,210,594,existing,2074.379097571257,86,167,210,823,allocated,2043.5487642358778,86,251,210,594,existing,2074.379097571257,86,261,210,804,existing,1536.6442305132425,86,253,210,594,existing,2074.379097571257,86,252,210,594,existing,2074.379097571257
87,87,192,211,1014,allocated,506.98730169811563,87,192,211,688,existing,324.81902594545005,87,192,211,440,allocated,315.3712339011647,87,91,211,440,allocated,315.3712339011647,87,120,211,551,allocated,573.7346692057699,87,237,211,197,existing,1074.4203916019126,87,236,211,197,existing,1074.4203916019126,87,246,211,699,existing,1451.3178200709738,87,167,211,823,allocated,1134.8495208995441,87,238,211,197,existing,1074.4203916019126,87,241,211,486,existing,1354.4530715697929,87,248,211,131,existing,1736.2777979687842,87,247,211,699,existing,1451.3178200709738
88,88,192,212,1014,allocated,416.7646481796735,88,192,212,374,existing,345.8784672682551,88,192,212,440,allocated,405.59388741960686,88,91,212,440,allocated,405.59388741960686,88,120,212,551,allocated,483.5120156873278,88,236,212,197,existing,984.1977380834704,88,238,212,197,existing,984.1977380834704,88,247,212,699,existing,1361.0951665525317,88,241,212,486,existing,1298.7372258089458,88,237,212,197,existing,984.1977380834704,88,167,212,823,allocated,1225.0721744179864,88,248,212,131,existing,1680.561952207937,88,246,212,699,existing,1361.0951665525317
89,89,64,213,288,allocated,1104.6197095970388,89,64,213,573,existing,470.9440173942229,89,64,213,288,allocated,1104.6197095970388,89,91,213,440,allocated,1118.495698583903,89,120,213,551,allocated,1231.5392330410054,89,167,213,823,allocated,1248.5770322575465,89,238,213,197,existing,1732.2249554371479,89,247,213,699,existing,2109.1223839062095,89,241,213,486,existing,1768.2515958975098,89,236,213,197,existing,1732.2249554371479,89,237,213,197,existing,1732.2249554371479,89,248,213,131,existing,2129.4490540548654,89,246,213,699,existing,2109.1223839062095
90,90,64,214,288,allocated,1192.7204723015088,90,64,214,573,existing,559.0447800986931,90,64,214,288,allocated,1192.7204723015088,90,91,214,440,allocated,1206.5964612883733,90,120,214,551,allocated,1319.6399957454757,90,237,214,197,existing,1820.3257181416184,90,167,214,823,allocated,1336.6777949620168,90,241,214,486,existing,1856.3523586019799,90,236,214,197,existing,1820.3257181416184,90,238,214,197,existing,1820.3257181416184,90,246,214,699,existing,2197.2231466106796,90,248,214,131,existing,2217.5498167593355,90,247,214,699,existing,2197.2231466106796
91,91,64,215,288,allocated,1292.0953726647467,91,64,215,573,existing,658.4196804619307,91,64,215,288,allocated,1292.0953726647467,91,91,215,440,allocated,1305.971361651611,91,120,215,551,allocated,1419.0148961087134,91,167,215,823,allocated,1436.0526953252547,91,237,215,197,existing,1919.7006185048558,91,246,215,699,existing,2296.598046973917,91,238,215,197,existing,1919.7006185048558,91,236,215,197,existing,1919.7006185048558,91,241,215,486,existing,1955.7272589652177,91,247,215,699,existing,2296.598046973917,91,248,215,131,existing,2316.9247171225734
92,92,64,216,288,allocated,1203.3760085097665,92,64,216,573,existing,569.7003163069505,92,64,216,288,allocated,1203.3760085097665,92,91,216,440,allocated,1217.2519974966308,92,120,216,551,allocated,1330.2955319537332,92,167,216,823,allocated,1347.3333311702743,92,238,216,197,existing,1830.9812543498756,92,237,216,197,existing,1830.9812543498756,92,247,216,699,existing,2207.878682818937,92,236,216,197,existing,1830.9812543498756,92,241,216,486,existing,1867.0078948102375,92,246,216,699,existing,2207.878682818937,92,248,216,131,existing,2228.205352967593
93,93,64,217,288,allocated,988.3062099240385,93,64,217,573,existing,438.51548518029716,93,64,217,288,allocated,988.3062099240385,93,167,217,823,allocated,1132.2635325845465,93,91,217,440,allocated,1157.6722500677074,93,236,217,197,existing,1771.4015069209522,93,120,217,551,allocated,1270.7157845248096,93,241,217,486,existing,1807.428147381314,93,238,217,197,existing,1771.4015069209522,93,237,217,197,existing,1771.4015069209522,93,247,217,699,existing,2148.2989353900134,93,246,217,699,existing,2148.2989353900134,93,248,217,131,existing,2168.6256055386693
94,94,64,218,288,allocated,1066.0512355024407,94,64,218,573,existing,432.3755432996249,94,64,218,288,allocated,1066.0512355024407,94,91,218,440,allocated,1079.9272244893052,94,120,218,551,allocated,1192.9707589464074,94,238,218,197,existing,1693.6564813425498,94,167,218,823,allocated,1210.0085581629487,94,237,218,197,existing,1693.6564813425498,94,247,218,699,existing,2070.5539098116114,94,241,218,486,existing,1729.6831218029117,94,236,218,197,existing,1693.6564813425498,94,248,218,131,existing,2090.8805799602674,94,246,218,699,existing,2070.5539098116114
95,95,16,242,92,allocated,327.2015138211286,95,16,242,92,allocated,327.2015138211286,95,16,242,92,allocated,327.2015138211286,95,263,242,151,existing,656.7304126018274,95,248,242,131,existing,927.3268514971069,95,250,242,691,existing,952.431630947694,95,244,242,691,existing,952.431630947694,95,167,242,823,allocated,997.9912630678567,95,249,242,565,existing,998.1622198796425,95,265,242,804,existing,1120.7172314680042,95,232,242,691,existing,952.431630947694,95,241,242,486,existing,1309.1515778960982,95,261,242,804,existing,1120.7172314680042
96,96,16,243,92,allocated,412.9023360104948,96,16,243,92,allocated,412.9023360104948,96,16,243,867,allocated,366.5681914432023,96,263,243,151,existing,742.4312347911937,96,248,243,131,existing,841.6260293077406,96,232,243,691,existing,866.7308087583277,96,250,243,691,existing,866.7308087583277,96,244,243,691,existing,866.7308087583277,96,265,243,804,existing,1035.016409278638,96,261,243,804,existing,1035.016409278638,96,249,243,565,existing,912.4613976902763,96,167,243,823,allocated,1083.692085257223,96,241,243,486,existing,1223.4507557067318
97,97,16,245,92,allocated,296.53978073698886,97,16,245,92,allocated,296.53978073698886,97,16,245,855,allocated,170.44039368154316,97,263,245,151,existing,580.6119671905315,97,167,245,823,allocated,775.0398672405277,97,248,245,131,existing,1285.8697414065186,97,244,245,691,existing,1310.9745208571057,97,250,245,691,existing,1310.9745208571057,97,91,245,440,allocated,1331.8705760534501,97,232,245,691,existing,1310.9745208571057,97,249,245,565,existing,1356.7051097890542,97,261,245,804,existing,1494.0137110252788,97,265,245,804,existing,1494.0137110252788
98,98,225,247,296,existing,397.0521356093868,98,225,247,768,existing,276.2254486678358,98,225,247,89,allocated,101.86640949850904,98,241,247,486,existing,251.32479606496247,98,248,247,131,existing,633.1495224639538,98,238,247,197,existing,734.3890658338319,98,236,247,197,existing,734.3890658338319,98,91,247,440,allocated,811.0794316891714,98,249,247,565,existing,925.795584515721,98,237,247,197,existing,734.3890658338319,98,167,247,823,allocated,906.3705450872253,98,232,247,691,existing,971.5261734476695,98,250,247,691,existing,971.5261734476695
99,99,212,249,956,existing,451.08180951148125,99,212,249,684,existing,402.64565098409116,99,212,249,700,allocated,254.70403495160883,99,247,249,699,existing,592.9216107853437,99,246,249,699,existing,592.9216107853437,99,120,249,551,allocated,1080.1422248326753,99,91,249,440,allocated,1382.4067312228526,99,236,249,197,existing,1485.7546912242337,99,237,249,197,existing,1485.7546912242337,99,241,249,486,existing,2106.921309532712,99,238,249,197,existing,1485.7546912242337,99,231,249,230,existing,2319.686077934471,99,167,249,823,allocated,2186.134545649657
100,100,16,258,92,allocated,140.142317887402,100,16,258,92,allocated,140.142317887402,100,16,258,92,allocated,140.142317887402,100,263,258,151,existing,269.9282759910037,100,167,258,823,allocated,1009.8357620435186,100,261,258,804,existing,1183.7898319569367,100,265,258,804,existing,1183.7898319569367,100,250,258,691,existing,1359.267979065862,100,244,258,691,existing,1359.267979065862,100,230,258,554,existing,1261.188354822216,100,248,258,131,existing,1334.1631996152748,100,232,258,691,existing,1359.267979065862,100,249,258,565,existing,1404.9985679978104
101,101,209,261,958,existing,30.885814000101387,101,209,261,374,existing,680.0688273801989,101,209,261,958,existing,30.885814000101387,101,238,261,197,existing,53.48575542133292,101,237,261,197,existing,53.48575542133292,101,120,261,551,allocated,542.4352789611262,101,236,261,197,existing,53.48575542133292,101,248,261,131,existing,1012.2282809264333,101,246,261,699,existing,1070.5683460011676,101,241,261,486,existing,630.403554527442,101,247,261,699,existing,1070.5683460011676,101,91,261,440,allocated,1073.604398274361,101,249,261,565,existing,1304.8743429782005
102,102,214,276,811,existing,160.52324466252833,102,214,276,92,allocated,416.72263070209124,102,214,276,463,allocated,20.273287770571418,102,263,276,151,existing,80.10340321359259,102,265,276,804,existing,964.2289416555304,102,261,276,804,existing,964.2289416555304,102,230,276,554,existing,1024.0540201928984,102,248,276,131,existing,1610.743512429964,102,244,276,691,existing,1635.8482918805512,102,167,276,823,allocated,1286.4160748582078,102,242,276,650,existing,1302.3183280513067,102,250,276,691,existing,1635.8482918805512,102,232,276,691,existing,1635.8482918805512
103,103,192,281,1014,allocated,1015.5016624408725,103,192,281,688,existing,892.9396959211422,103,192,281,531,allocated,900.3959935866592,103,91,281,440,allocated,1008.3543935258655,103,120,281,551,allocated,1082.2490299485266,103,236,281,197,existing,1582.9347523446695,103,167,281,823,allocated,1551.1519595070595,103,238,281,197,existing,1582.9347523446695,103,247,281,699,existing,1959.8321808137305,103,241,281,486,existing,1901.4977319152044,103,237,281,197,existing,1582.9347523446695,103,248,281,131,existing,2283.3224583141955,103,246,281,699,existing,1959.8321808137305
104,104,16,282,92,allocated,498.7350517492781,104,16,282,92,allocated,498.7350517492781,104,16,282,867,allocated,280.73547570441906,104,248,282,131,existing,755.7933135689573,104,250,282,691,existing,780.8980930195444,104,232,282,691,existing,780.8980930195444,104,244,282,691,existing,780.8980930195444,104,261,282,804,existing,949.1836935398547,104,249,282,565,existing,826.628681951493,104,263,282,151,existing,828.2639505299769,104,265,282,804,existing,949.1836935398547,104,241,282,486,existing,1137.6180399679486,104,167,282,823,allocated,1169.5248009960062
105,105,212,289,956,existing,625.1936281106238,105,212,289,684,existing,92.05865887217261,105,212,289,304,allocated,64.87815602723884,105,120,289,551,allocated,597.2068179017227,105,247,289,699,existing,767.0334293844861,105,236,289,197,existing,991.0503813679701,105,246,289,699,existing,767.0334293844861,105,241,289,486,existing,1612.2169996764478,105,91,289,440,allocated,1242.8011231289452,105,237,289,197,existing,991.0503813679701,105,238,289,197,existing,991.0503813679701,105,231,289,230,existing,2028.2648392715942,105,248,289,131,existing,1994.041726075439
106,106,212,290,956,existing,657.0387560476295,106,212,290,684,existing,123.9037868091783,106,212,290,304,allocated,33.03302809023317,106,120,290,551,allocated,565.361689964717,106,247,290,699,existing,798.8785573214918,106,236,290,197,existing,959.2052534309644,106,246,290,699,existing,798.8785573214918,106,91,290,440,allocated,1274.6462510659508,106,238,290,197,existing,959.2052534309644,106,241,290,486,existing,1580.3718717394422,106,237,290,197,existing,959.2052534309644,106,231,290,230,existing,1996.4197113345886,106,248,290,131,existing,1962.1965981384333
107,107,200,300,743,existing,700.733896668694,107,200,300,688,existing,163.3297460900215,107,200,300,440,allocated,650.9002677188785,107,91,300,440,allocated,650.9002677188785,107,167,300,823,allocated,673.5268253078918,107,120,300,551,allocated,1060.4702348862704,107,241,300,486,existing,1300.656165032485,107,236,300,197,existing,1463.2974258209426,107,248,300,131,existing,1479.8054315413222,107,237,300,197,existing,1463.2974258209426,107,238,300,197,existing,1463.2974258209426,107,249,300,565,existing,1772.4514935930895,107,263,300,151,existing,1617.1919187670503
108,108,200,301,743,existing,757.2893165068463,108,200,301,688,existing,106.7743262518693,108,200,301,440,allocated,686.3666360657357,108,91,301,440,allocated,686.3666360657357,108,167,301,823,allocated,730.0822451460441,108,120,301,551,allocated,1003.9148150481183,108,241,301,486,existing,1336.1225333793423,108,237,301,197,existing,1498.7637941678,108,248,301,131,existing,1536.3608513794743,108,236,301,197,existing,1498.7637941678,108,238,301,197,existing,1498.7637941678,108,249,301,565,existing,1829.0069134312416,108,263,301,151,existing,1673.7473386052027
109,109,192,304,1014,allocated,680.9363754097901,109,192,304,684,existing,156.93681489941147,109,192,304,304,allocated,0.0,109,120,304,551,allocated,532.3286618744838,109,247,304,699,existing,831.9115854117249,109,246,304,699,existing,831.9115854117249,109,236,304,197,existing,926.1722253407312,109,241,304,486,existing,1547.338843649209,109,237,304,197,existing,926.1722253407312,109,91,304,440,allocated,1307.6792791561838,109,238,304,197,existing,926.1722253407312,109,231,304,230,existing,1963.3866832443555,109,248,304,131,existing,1929.1635700482002
110,110,206,309,771,existing,493.5435047844298,110,206,309,92,allocated,546.666013639456,110,206,309,309,allocated,0.0,110,263,309,151,existing,651.0342070242245,110,167,309,823,allocated,1081.3368803403278,110,265,309,804,existing,1535.1597454661623,110,261,309,804,existing,1535.1597454661623,110,232,309,691,existing,1578.1547787209477,110,244,309,691,existing,1578.1547787209477,110,250,309,691,existing,1578.1547787209477,110,248,309,131,existing,1553.0499992703606,110,249,309,565,existing,1623.885367652896,110,230,309,554,existing,1590.718687856849
111,111,192,313,1014,allocated,434.06657225502335,111,192,313,314,existing,50.18173892970112,111,192,313,314,allocated,50.18173892970112,111,120,313,551,allocated,285.4588587197171,111,246,313,699,existing,660.7299189899347,111,247,313,699,existing,660.7299189899347,111,236,313,197,existing,679.3024221859645,111,91,313,440,allocated,1105.9591349822035,111,241,313,486,existing,1300.4690404944422,111,237,313,197,existing,679.3024221859645,111,238,313,197,existing,679.3024221859645,111,248,313,131,existing,1682.2937668934335,111,231,313,230,existing,1716.5168800895885
112,112,192,314,1014,allocated,484.24831118472446,112,192,314,314,existing,0.0,112,192,314,314,allocated,0.0,112,120,314,551,allocated,335.6405976494182,112,247,314,699,existing,710.9116579196359,112,246,314,699,existing,710.9116579196359,112,236,314,197,existing,729.4841611156655,112,237,314,197,existing,729.4841611156655,112,238,314,197,existing,729.4841611156655,112,241,314,486,existing,1350.6507794241434,112,91,314,440,allocated,1156.1408739119047,112,248,314,131,existing,1732.4755058231347,112,231,314,230,existing,1766.6986190192897
113,113,222,315,658,existing,260.31638847252157,113,222,315,399,existing,464.13743990817864,113,222,315,546,allocated,125.36789930301339,113,167,315,823,allocated,642.2305483327957,113,248,315,131,existing,743.1286751004959,113,244,315,691,existing,1025.3353128135454,113,249,315,565,existing,981.3033511257776,113,232,315,691,existing,1025.3353128135454,113,250,315,691,existing,1025.3353128135454,113,241,315,486,existing,1124.9534014994872,113,263,315,151,existing,1057.2465751129707,113,91,315,440,allocated,1165.4972280528093,113,261,315,804,existing,1414.3010856472288
114,114,222,316,658,existing,301.07737561421663,114,222,316,399,existing,423.37645276648357,114,222,316,546,allocated,166.12888644470846,114,167,316,823,allocated,601.4695611911006,114,248,316,131,existing,702.3676879588008,114,232,316,691,existing,986.2729529160309,114,249,316,565,existing,940.5423639840825,114,263,316,151,existing,1097.5550606563777,114,241,316,486,existing,1084.1924143577921,114,250,316,691,existing,986.2729529160309,114,244,316,691,existing,986.2729529160309,114,261,316,804,existing,1455.062072788924,114,91,316,440,allocated,1124.7362409111142
115,115,192,321,1014,allocated,548.9677171155662,115,192,321,314,existing,355.2025375745967,115,192,321,418,allocated,209.96097175271922,115,120,321,551,allocated,400.36000358025996,115,236,321,197,existing,794.2035670465073,115,238,321,197,existing,794.2035670465073,115,237,321,197,existing,794.2035670465073,115,246,321,699,existing,965.7507176348304,115,91,321,440,allocated,1289.4659066871945,115,247,321,699,existing,965.7507176348304,115,241,321,486,existing,1415.370185354985,115,231,321,230,existing,2021.5376787344842,115,248,321,131,existing,1797.1949117539764
116,116,192,322,1014,allocated,497.9252506395754,116,192,322,314,existing,304.16007109860584,116,192,322,418,allocated,158.91850527672838,116,120,322,551,allocated,349.31753710426915,116,236,322,197,existing,743.1611005705165,116,238,322,197,existing,743.1611005705165,116,237,322,197,existing,743.1611005705165,116,247,322,699,existing,914.7082511588395,116,91,322,440,allocated,1238.4234402112038,116,241,322,486,existing,1364.3277188789943,116,246,322,699,existing,914.7082511588395,116,231,322,230,existing,1970.4952122584932,116,248,322,131,existing,1746.1524452779854
117,117,201,329,554,existing,360.70199701156844,117,201,329,458,allocated,101.53117931769792,117,201,329,330,allocated,33.14792274524838,117,230,329,554,existing,360.70199701156844,117,242,329,650,existing,761.7497652860926,117,261,329,804,existing,1078.2566787482842,117,265,329,804,existing,1078.2566787482842,117,251,329,594,existing,1274.9239510734162,117,253,329,594,existing,1274.9239510734162,117,252,329,594,existing,1274.9239510734162,117,263,329,151,existing,1106.2646233289747,117,254,329,471,existing,1297.96564996721,117,233,329,594,existing,1274.9239510734162
118,118,201,330,554,existing,327.5540742663201,118,201,330,458,allocated,86.97359823198781,118,201,330,330,allocated,0.0,118,230,330,554,existing,327.5540742663201,118,242,330,650,existing,728.6018425408442,118,261,330,804,existing,1045.1087560030358,118,265,330,804,existing,1045.1087560030358,118,252,330,594,existing,1308.0718738186647,118,251,330,594,existing,1308.0718738186647,118,233,330,594,existing,1308.0718738186647,118,263,330,151,existing,1073.1167005837262,118,254,330,471,existing,1331.1135727124583,118,253,330,594,existing,1308.0718738186647
119,119,192,338,1014,allocated,592.5493552169731,119,192,338,374,existing,697.0590737376529,119,192,338,541,allocated,243.6065923157819,119,91,338,440,allocated,557.5565817662244,119,120,338,551,allocated,576.7884804932667,119,238,338,197,existing,645.6000754106215,119,236,338,197,existing,645.6000754106215,119,247,338,699,existing,1108.3623777264843,119,241,338,486,existing,947.5566193395481,119,246,338,699,existing,1108.3623777264843,119,237,338,197,existing,645.6000754106215,119,167,338,823,allocated,1377.0348687646037,119,248,338,131,existing,1329.3813457385395
120,120,192,339,1014,allocated,491.83581759534786,120,192,339,374,existing,613.708491290714,120,192,339,541,allocated,142.8930546941567,120,120,339,551,allocated,476.0749428716414,120,236,339,197,existing,544.8865377889962,120,238,339,197,existing,544.8865377889962,120,237,339,197,existing,544.8865377889962,120,241,339,486,existing,1048.2701569611734,120,246,339,699,existing,1007.6488401048591,120,91,339,440,allocated,658.2701193878496,120,247,339,699,existing,1007.6488401048591,120,248,339,131,existing,1430.0948833601647,120,167,339,823,allocated,1477.748406386229
121,121,192,340,1014,allocated,161.0986199864279,121,192,340,374,existing,282.97129368179407,121,192,340,552,allocated,66.42341940579986,121,120,340,551,allocated,145.3377452627214,121,236,340,197,existing,406.334469917369,121,238,340,197,existing,406.334469917369,121,237,340,197,existing,406.334469917369,121,246,340,699,existing,869.0967722332321,121,247,340,699,existing,869.0967722332321,121,241,340,486,existing,1027.5010882258468,121,91,340,440,allocated,983.4571555857084,121,249,340,565,existing,1701.9718766766052,121,248,340,131,existing,1409.3258146248381
122,122,16,342,92,allocated,355.33932449055305,122,16,342,92,allocated,355.33932449055305,122,16,342,159,allocated,271.93453497458654,122,263,342,151,existing,684.868223271252,122,265,342,804,existing,863.5730238310412,122,248,342,131,existing,872.0765486497094,122,261,342,804,existing,863.5730238310412,122,244,342,691,existing,897.1813281002965,122,249,342,565,existing,942.911917032245,122,250,342,691,existing,897.1813281002965,122,232,342,691,existing,897.1813281002965,122,230,342,554,existing,1168.372130044024,122,242,342,650,existing,1201.6624102268174
123,123,16,343,92,allocated,403.4285670230388,123,16,343,92,allocated,403.4285670230388,123,16,343,159,allocated,320.0237775070723,123,263,343,151,existing,732.9574658037377,123,248,343,131,existing,834.8549191080886,123,244,343,691,existing,859.9596985586757,123,250,343,691,existing,859.9596985586757,123,249,343,565,existing,905.6902874906241,123,232,343,691,existing,859.9596985586757,123,265,343,804,existing,911.6622663635269,123,261,343,804,existing,911.6622663635269,123,230,343,554,existing,1216.4613725765098,123,241,343,486,existing,1216.6796455070798
124,124,214,344,811,existing,215.0249129994986,124,214,344,92,allocated,626.3665906226978,124,214,344,344,allocated,0.0,124,263,344,151,existing,345.0477659247455,124,261,344,804,existing,594.0051632589423,124,230,344,554,existing,653.8302417963104,124,265,344,804,existing,594.0051632589423,124,242,344,650,existing,932.0945496547185,124,248,344,131,existing,1447.5512870801354,124,250,344,691,existing,1472.6560665307225,124,244,344,691,existing,1472.6560665307225,124,249,344,565,existing,1518.3866554626711,124,232,344,691,existing,1472.6560665307225
125,125,214,350,811,existing,224.38376713720083,125,214,350,92,allocated,243.57825610888818,125,214,350,148,allocated,37.51047176010247,125,263,350,151,existing,93.04097137961044,125,261,350,804,existing,1028.089464130203,125,230,350,554,existing,1087.914542667571,125,265,350,804,existing,1028.089464130203,125,242,350,650,existing,1366.1788505259792,125,250,350,691,existing,1462.7039172873483,125,167,350,823,allocated,1113.2717002650047,125,248,350,131,existing,1437.5991378367612,125,232,350,691,existing,1462.7039172873483,125,244,350,691,existing,1462.7039172873483
126,126,192,361,1014,allocated,543.6342029103413,126,192,361,374,existing,472.7480219989228,126,192,361,440,allocated,434.6324527154592,126,91,361,440,allocated,434.6324527154592,126,120,361,551,allocated,610.3815704179956,126,237,361,197,existing,978.9460556243808,126,238,361,197,existing,978.9460556243808,126,167,361,823,allocated,1254.1107397138385,126,241,361,486,existing,1231.5689556232664,126,247,361,699,existing,1441.7083579402438,126,236,361,197,existing,978.9460556243808,126,248,361,131,existing,1613.3936820222577,126,246,361,699,existing,1441.7083579402438
127,127,192,362,1014,allocated,489.1167386728265,127,192,362,374,existing,418.23055776140814,127,192,362,440,allocated,477.9459779127599,127,91,362,440,allocated,477.9459779127599,127,120,362,551,allocated,555.8641061804808,127,238,362,197,existing,924.4285913868661,127,236,362,197,existing,924.4285913868661,127,237,362,197,existing,924.4285913868661,127,247,362,699,existing,1387.190893702729,127,167,362,823,allocated,1297.4242649111393,127,241,362,486,existing,1226.3851353157927,127,246,362,699,existing,1387.190893702729,127,248,362,131,existing,1608.209861714784
128,128,64,363,288,allocated,968.2674279756804,128,64,363,573,existing,475.00697730810657,128,64,363,288,allocated,968.2674279756804,128,167,363,823,allocated,1112.2247506361882,128,91,363,440,allocated,1378.72831637859,128,120,363,551,allocated,1521.176238819398,128,237,363,197,existing,2021.8619612155408,128,248,363,131,existing,2181.1509350550755,128,238,363,197,existing,2021.8619612155408,128,241,363,486,existing,2028.4842136921966,128,236,363,197,existing,2021.8619612155408,128,246,363,699,existing,2398.759389684602,128,263,363,151,existing,2318.5374222808036
129,129,64,364,288,allocated,940.5761783715668,129,64,364,573,existing,447.3157277039928,129,64,364,288,allocated,940.5761783715668,129,167,364,823,allocated,1084.5335010320746,129,91,364,440,allocated,1351.0370667744764,129,120,364,551,allocated,1548.8674884235115,129,241,364,486,existing,2000.792964088083,129,238,364,197,existing,2049.5532108196544,129,248,364,131,existing,2153.459685450962,129,236,364,197,existing,2049.5532108196544,129,237,364,197,existing,2049.5532108196544,129,246,364,699,existing,2426.450639288715,129,263,364,151,existing,2290.84617267669
130,130,16,365,92,allocated,423.57865073108826,130,16,365,92,allocated,423.57865073108826,130,16,365,309,allocated,158.43608326401474,130,263,365,151,existing,492.5981237602097,130,167,365,823,allocated,1173.6516720273592,130,265,365,804,existing,1376.7236622021476,130,261,365,804,existing,1376.7236622021476,130,250,365,691,existing,1642.704311909548,130,230,365,554,existing,1432.282604592834,130,248,365,131,existing,1617.599532458961,130,244,365,691,existing,1642.704311909548,130,249,365,565,existing,1688.4349008414965,130,232,365,691,existing,1642.704311909548
131,131,16,366,92,allocated,465.45835910294545,131,16,366,92,allocated,465.45835910294545,131,16,366,309,allocated,116.5563748921576,131,263,366,151,existing,534.4778321320669,131,167,366,823,allocated,1131.7719636555018,131,265,366,804,existing,1418.6033705740047,131,261,366,804,existing,1418.6033705740047,131,230,366,554,existing,1474.1623129646914,131,232,366,691,existing,1628.589862036122,131,244,366,691,existing,1628.589862036122,131,248,366,131,existing,1603.4850825855349,131,249,366,565,existing,1674.3204509680704,131,250,366,691,existing,1628.589862036122
132,132,212,367,956,existing,798.9394064095807,132,212,367,684,existing,750.5032478821906,132,212,367,700,allocated,602.5616318497083,132,247,367,699,existing,940.779207683443,132,246,367,699,existing,940.779207683443,132,91,367,440,allocated,1173.3545263940762,132,120,367,551,allocated,1221.7889150301232,132,237,367,197,existing,1700.1606591159275,132,236,367,197,existing,1700.1606591159275,132,167,367,823,allocated,1977.0823408208807,132,238,367,197,existing,1700.1606591159275,132,241,367,486,existing,2066.497864783415,132,248,367,131,existing,2448.3225911824065
133,133,212,368,956,existing,745.0587841761451,133,212,368,684,existing,696.622625648755,133,212,368,700,allocated,548.6810096162727,133,247,368,699,existing,886.8985854500074,133,246,368,699,existing,886.8985854500074,133,120,368,551,allocated,1186.2837602887894,133,91,368,440,allocated,1194.0602628702095,133,238,368,197,existing,1646.280036882492,133,167,368,823,allocated,1997.788077297014,133,236,368,197,existing,1646.280036882492,133,237,368,197,existing,1646.280036882492,133,248,368,131,existing,2469.0283276585396,133,241,368,486,existing,2087.203601259548
134,134,192,374,1014,allocated,336.51204567074694,134,192,374,374,existing,0.0,134,192,374,551,allocated,137.63354841907267,134,120,374,551,allocated,137.63354841907267,134,237,374,197,existing,689.3057635991631,134,236,374,197,existing,689.3057635991631,134,238,374,197,existing,689.3057635991631,134,91,374,440,allocated,751.4723546878619,134,247,374,699,existing,1083.8223261287244,134,241,374,486,existing,1310.4723819076407,134,246,374,699,existing,1083.8223261287244,134,167,374,823,allocated,1570.9506416862416,134,248,374,131,existing,1692.2971083066323
135,135,192,375,1014,allocated,678.4711414070816,135,192,375,688,existing,195.84878982622183,135,192,375,440,allocated,671.3238724920748,135,91,375,440,allocated,671.3238724920748,135,120,375,551,allocated,745.2185089147359,135,167,375,823,allocated,988.7785512794263,135,236,375,197,existing,1245.9042313108785,135,247,375,699,existing,1622.8016597799399,135,237,375,197,existing,1245.9042313108785,135,238,375,197,existing,1245.9042313108785,135,241,375,486,existing,1425.196996953695,135,246,375,699,existing,1622.8016597799399,135,248,375,131,existing,1786.3944551110503
136,136,192,376,1014,allocated,584.7016865677163,136,192,376,688,existing,289.6182446655873,136,192,376,440,allocated,577.5544176527093,136,91,376,440,allocated,577.5544176527093,136,120,376,551,allocated,651.4490540753704,136,236,376,197,existing,1152.1347764715133,136,167,376,823,allocated,1082.5480061187918,136,246,376,699,existing,1529.0322049405743,136,238,376,197,existing,1152.1347764715133,136,237,376,197,existing,1152.1347764715133,136,241,376,486,existing,1470.6977560420482,136,247,376,699,existing,1529.0322049405743,136,248,376,131,existing,1852.5224824410395
137,137,192,378,1014,allocated,573.0834035922843,137,192,378,688,existing,258.72292405128144,137,192,378,440,allocated,381.4673357953333,137,91,378,440,allocated,381.4673357953333,137,120,378,551,allocated,639.8307710999386,137,238,378,197,existing,1140.5164934960812,137,167,378,823,allocated,1076.5540121955887,137,237,378,197,existing,1140.5164934960812,137,247,378,699,existing,1517.4139219651424,137,236,378,197,existing,1140.5164934960812,137,241,378,486,existing,1420.5491734639613,137,246,378,699,existing,1517.4139219651424,137,248,378,131,existing,1802.3738998629528
138,138,200,379,743,existing,833.4375353845551,138,200,379,688,existing,21.96340497235446,138,200,379,440,allocated,601.555714786221,138,91,379,440,allocated,601.555714786221,138,167,379,823,allocated,814.8931664255589,138,120,379,551,allocated,919.1038937686035,138,241,379,486,existing,1251.3116120998275,138,238,379,197,existing,1413.9528728882851,138,237,379,197,existing,1413.9528728882851,138,248,379,131,existing,1612.509070257183,138,236,379,197,existing,1413.9528728882851,138,246,379,699,existing,1796.6870446338073,138,263,379,151,existing,1758.5582598847175
139,139,192,380,1014,allocated,730.6081781347475,139,192,380,688,existing,143.71175309855607,139,192,380,440,allocated,723.3040629124225,139,91,380,440,allocated,723.3040629124225,139,120,380,551,allocated,797.3555456424017,139,238,380,197,existing,1298.0412680385443,139,167,380,823,allocated,936.6415145517606,139,237,380,197,existing,1298.0412680385443,139,241,380,486,existing,1373.059960226029,139,236,380,197,existing,1298.0412680385443,139,246,380,699,existing,1674.9386965076055,139,248,380,131,existing,1734.2574183833847,139,247,380,699,existing,1674.9386965076055
140,140,200,381,743,existing,652.3058929709528,140,200,381,849,existing,268.1817735437987,140,200,381,823,allocated,582.1398288749472,140,167,381,823,allocated,582.1398288749472,140,91,381,440,allocated,602.4722640211371,140,120,381,551,allocated,1267.7175062603321,140,241,381,486,existing,1252.2281613347436,140,238,381,197,existing,1414.8694221232013,140,248,381,131,existing,1431.3774278435808,140,237,381,197,existing,1414.8694221232013,140,236,381,197,existing,1414.8694221232013,140,263,381,151,existing,1568.7639150693092,140,249,381,565,existing,1724.0234898953481
141,141,200,382,743,existing,572.8962591327925,141,200,382,849,existing,188.7721397056385,141,200,382,440,allocated,523.0626301829768,141,91,382,440,allocated,523.0626301829768,141,167,382,823,allocated,545.6891877719904,141,241,382,486,existing,1172.8185274965836,141,120,382,551,allocated,1188.307872422172,141,237,382,197,existing,1335.459788285041,141,236,382,197,existing,1335.459788285041,141,238,382,197,existing,1335.459788285041,141,248,382,131,existing,1351.9677940054205,141,263,382,151,existing,1489.3542812311487,141,249,382,565,existing,1644.6138560571878
142,142,200,387,743,existing,166.70357430168414,142,200,387,472,existing,459.9591144272406,142,200,387,387,allocated,0.0,142,167,387,823,allocated,456.55822384794334,142,263,387,151,existing,798.9951325746142,142,248,387,131,existing,935.4516841488505,142,91,387,440,allocated,979.8249035679569,142,232,387,691,existing,1219.3569491060807,142,250,387,691,existing,1219.3569491060807,142,244,387,691,existing,1219.3569491060807,142,249,387,565,existing,1173.6263601741323,142,241,387,486,existing,1299.8006705030793,142,265,387,804,existing,1633.6253414714174
143,143,222,390,658,existing,236.32989354478437,143,222,390,92,allocated,667.1250659717539,143,222,390,390,allocated,0.0,143,248,390,131,existing,712.9311851383721,143,244,390,691,existing,798.5860091352558,143,250,390,691,existing,798.5860091352558,143,232,390,691,existing,798.5860091352558,143,263,390,151,existing,1003.7442934602525,143,167,390,823,allocated,868.9798520110853,143,241,390,486,existing,1094.7559115373633,143,249,390,565,existing,844.3165980672044,143,261,390,804,existing,1187.5517819689394,143,265,390,804,existing,1187.5517819689394
144,144,216,398,808,existing,351.49601670587924,144,216,398,399,existing,106.95745676440748,144,216,398,398,allocated,0.0,144,248,398,131,existing,385.9486919567247,144,249,398,565,existing,624.1233679820064,144,232,398,691,existing,669.8539569139548,144,250,398,691,existing,669.8539569139548,144,91,398,440,allocated,1261.818219010327,144,167,398,823,allocated,738.5515392903135,144,241,398,486,existing,767.7734183557161,144,244,398,691,existing,669.8539569139548,144,261,398,804,existing,1320.353995342945,144,265,398,804,existing,1320.353995342945
145,145,216,399,808,existing,244.53855994147176,145,216,399,399,existing,0.0,145,216,399,399,allocated,0.0,145,248,399,131,existing,278.9912351923172,145,249,399,565,existing,517.1659112175989,145,232,399,691,existing,562.8965001495474,145,244,399,691,existing,562.8965001495474,145,167,399,823,allocated,845.5089960547209,145,241,399,486,existing,660.8159615913086,145,250,399,691,existing,562.8965001495474,145,265,399,804,existing,1213.3965385785373,145,237,399,197,existing,1246.115109892647,145,261,399,804,existing,1213.3965385785373
146,146,16,413,92,allocated,369.8269339026084,146,16,413,92,allocated,369.8269339026084,146,16,413,309,allocated,212.1878000924946,146,263,413,151,existing,438.8464069317299,146,167,413,823,allocated,1134.585354376149,146,261,413,804,existing,1322.9719453736677,146,265,413,804,existing,1322.9719453736677,146,248,413,131,existing,1563.8478156304814,146,250,413,691,existing,1588.9525950810685,146,232,413,691,existing,1588.9525950810685,146,230,413,554,existing,1378.5308877643542,146,244,413,691,existing,1588.9525950810685,146,249,413,565,existing,1634.683184013017
147,147,64,414,288,allocated,634.5325211979475,147,64,414,573,existing,99.12567553427172,147,64,414,288,allocated,634.5325211979475,147,167,414,823,allocated,778.4898438584555,147,91,414,440,allocated,1002.8470146047551,147,120,414,551,allocated,1320.3951935871378,147,241,414,486,existing,1652.6029119183618,147,238,414,197,existing,1815.2441727068194,147,236,414,197,existing,1815.2441727068194,147,237,414,197,existing,1815.2441727068194,147,248,414,131,existing,1847.4160282773425,147,249,414,565,existing,2140.06209032911,147,263,414,151,existing,1984.8025155030707
148,148,192,417,1014,allocated,425.36328312560653,148,192,417,314,existing,231.59810358463704,148,192,417,418,allocated,86.35653776275954,148,120,417,551,allocated,276.7555695903003,148,238,417,197,existing,670.5991330565477,148,236,417,197,existing,670.5991330565477,148,237,417,197,existing,670.5991330565477,148,247,417,699,existing,842.1462836448707,148,241,417,486,existing,1291.7657513650254,148,246,417,699,existing,842.1462836448707,148,91,417,440,allocated,1165.8614726972348,148,231,417,230,existing,1897.9332447445245,148,248,417,131,existing,1673.5904777640167
149,149,192,418,1014,allocated,339.00674536284697,149,192,418,314,existing,145.2415658218775,149,192,418,418,allocated,0.0,149,120,418,551,allocated,190.39903182754074,149,237,418,197,existing,584.2425952937881,149,238,418,197,existing,584.2425952937881,149,236,418,197,existing,584.2425952937881,149,91,418,440,allocated,1079.5049349344754,149,246,418,699,existing,755.7897458821112,149,241,418,486,existing,1205.409213602266,149,247,418,699,existing,755.7897458821112,149,248,418,131,existing,1587.233940001257,149,231,418,230,existing,1811.576706981765
150,150,192,419,1014,allocated,732.9640322479084,150,192,419,374,existing,662.0778513364901,150,192,419,531,allocated,539.6315633096153,150,91,419,440,allocated,751.2770111195156,150,120,419,551,allocated,799.7113997555628,150,238,419,197,existing,1300.3971221517054,150,236,419,197,existing,1300.3971221517054,150,247,419,699,existing,1321.9457890957158,150,246,419,699,existing,1321.9457890957158,150,167,419,823,allocated,1555.0048255463203,150,237,419,197,existing,1300.3971221517054,150,241,419,486,existing,1644.4203495088545,150,248,419,131,existing,2026.2450759078458
151,151,192,420,1014,allocated,681.7393904470049,151,192,420,374,existing,610.8532095355864,151,192,420,531,allocated,590.856205110519,151,91,420,440,allocated,700.052369318612,151,120,420,551,allocated,748.4867579546592,151,237,420,197,existing,1249.1724803508016,151,236,420,197,existing,1249.1724803508016,151,167,420,823,allocated,1503.7801837454165,151,247,420,699,existing,1270.7211472948122,151,246,420,699,existing,1270.7211472948122,151,238,420,197,existing,1249.1724803508016,151,241,420,486,existing,1593.195707707951,151,248,420,131,existing,1975.020434106942
152,152,16,421,92,allocated,270.043246213742,152,16,421,92,allocated,270.043246213742,152,16,421,92,allocated,270.043246213742,152,263,421,151,existing,599.5721449944408,152,261,421,804,existing,948.8691021078522,152,265,421,804,existing,948.8691021078522,152,248,421,131,existing,957.3726269265204,152,249,421,565,existing,1028.207995309056,152,232,421,691,existing,982.4774063771075,152,244,421,691,existing,982.4774063771075,152,250,421,691,existing,982.4774063771075,152,230,421,554,existing,1253.6682083208352,152,167,421,823,allocated,1188.9773751478008
153,153,16,422,92,allocated,312.11618863384183,153,16,422,92,allocated,312.11618863384183,153,16,422,92,allocated,312.11618863384183,153,263,422,151,existing,641.6450874145407,153,261,422,804,existing,906.7961596877524,153,265,422,804,existing,906.7961596877524,153,248,422,131,existing,915.2996845064206,153,250,422,691,existing,940.4044639570077,153,232,422,691,existing,940.4044639570077,153,249,422,565,existing,986.1350528889562,153,244,422,691,existing,940.4044639570077,153,167,422,823,allocated,1231.0503175679005,153,230,422,554,existing,1211.5952659007353
154,154,64,424,288,allocated,807.2442906108977,154,64,424,573,existing,73.58609387867828,154,64,424,288,allocated,807.2442906108977,154,91,424,440,allocated,830.1352451918052,154,167,424,823,allocated,951.2016132714054,154,241,424,486,existing,1479.8911425054118,154,120,424,551,allocated,1147.6834241741876,154,248,424,131,existing,1841.0886006627672,154,237,424,197,existing,1642.5324032938695,154,236,424,197,existing,1642.5324032938695,154,238,424,197,existing,1642.5324032938695,154,246,424,699,existing,2025.2665750393915,154,263,424,151,existing,1987.1377902903016
155,155,16,425,92,allocated,344.5292277013074,155,16,425,92,allocated,344.5292277013074,155,16,425,309,allocated,237.48550629379562,155,263,425,151,existing,419.9629420707256,155,167,425,823,allocated,1109.287648174848,155,265,425,804,existing,1304.0884805126634,155,261,425,804,existing,1304.0884805126634,155,244,425,691,existing,1563.6548888797674,155,232,425,691,existing,1563.6548888797674,155,230,425,554,existing,1363.9135590500314,155,248,425,131,existing,1538.5501094291803,155,250,425,691,existing,1563.6548888797674,155,249,425,565,existing,1609.3854778117159
156,156,64,427,288,allocated,794.5808052174318,156,64,427,688,existing,242.35022383486216,156,64,427,288,allocated,794.5808052174318,156,167,427,823,allocated,815.5021374498253,156,91,427,440,allocated,821.9425336487286,156,241,427,486,existing,1471.6984309623351,156,120,427,551,allocated,1139.4907126311111,156,248,427,131,existing,1832.8958891196905,156,236,427,197,existing,1634.3396917507928,156,237,427,197,existing,1634.3396917507928,156,238,427,197,existing,1634.3396917507928,156,247,427,699,existing,2017.073863496315,156,263,427,151,existing,1978.945078747225
157,157,192,428,1014,allocated,537.7539594266582,157,192,428,314,existing,153.86912610133598,157,192,428,314,allocated,153.86912610133598,157,120,428,551,allocated,389.14624589135195,157,246,428,699,existing,764.4173061615696,157,237,428,197,existing,782.9898093575994,157,247,428,699,existing,764.4173061615696,157,238,428,197,existing,782.9898093575994,157,236,428,197,existing,782.9898093575994,157,91,428,440,allocated,1002.2717478105687,157,241,428,486,existing,1404.156427666077,157,248,428,131,existing,1785.9811540650683,157,231,428,230,existing,1820.2042672612233
158,158,16,429,92,allocated,183.41879859061953,158,16,429,92,allocated,183.41879859061953,158,16,429,92,allocated,183.41879859061953,158,263,429,151,existing,512.9476973713183,158,261,429,804,existing,1034.846671681954,158,265,429,804,existing,1034.846671681954,158,248,429,131,existing,1043.997074549643,158,250,429,691,existing,1069.10185400023,158,167,429,823,allocated,1102.3529275246783,158,244,429,691,existing,1069.10185400023,158,232,429,691,existing,1069.10185400023,158,249,429,565,existing,1114.8324429321785,158,230,429,554,existing,1339.6457778949368
159,159,16,430,92,allocated,285.0258758932823,159,16,430,92,allocated,285.0258758932823,159,16,430,92,allocated,285.0258758932823,159,263,430,151,existing,614.5547746739812,159,248,430,131,existing,968.1108596218824,159,250,430,691,existing,993.2156390724695,159,232,430,691,existing,993.2156390724695,159,244,430,691,existing,993.2156390724695,159,265,430,804,existing,1134.6711185693127,159,249,430,565,existing,1038.9462280044181,159,167,430,823,allocated,1040.166900995703,159,261,430,804,existing,1134.6711185693127,159,241,430,486,existing,1349.9355860208736
160,160,192,431,1014,allocated,996.4608039371387,160,192,431,688,existing,889.3679039652325,160,192,431,1014,allocated,996.4608039371387,160,91,431,440,allocated,1004.7826015699559,160,120,431,551,allocated,1063.2081714447932,160,237,431,197,existing,1563.8938938409356,160,238,431,197,existing,1563.8938938409356,160,241,431,486,existing,1897.9259399592947,160,246,431,699,existing,1940.791322309997,160,167,431,823,allocated,1682.2976654184372,160,236,431,197,existing,1563.8938938409356,160,248,431,131,existing,2279.750666358286,160,247,431,699,existing,1940.791322309997
161,161,200,432,743,existing,500.7090212273574,161,200,432,849,existing,150.1489308931123,161,200,432,440,allocated,312.41230803891534,161,91,432,440,allocated,312.41230803891534,161,167,432,823,allocated,507.06597895946413,161,241,432,486,existing,962.1682053525219,161,237,432,197,existing,1124.8094661409796,161,238,432,197,existing,1124.8094661409796,161,248,432,131,existing,1279.7805560999852,161,120,432,551,allocated,1201.51821114585,161,236,432,197,existing,1124.8094661409796,161,249,432,565,existing,1572.4266181517526,161,263,432,151,existing,1450.7310724186225
162,162,200,433,743,existing,465.3610252296511,162,200,433,768,existing,169.98895696663575,162,200,433,768,allocated,169.98895696663575,162,167,433,823,allocated,489.95927018044364,162,91,433,440,allocated,643.7771199337246,162,248,433,131,existing,848.8551959558965,162,241,433,486,existing,697.5392016994341,162,238,433,197,existing,1081.2109022410946,162,236,433,197,existing,1081.2109022410946,162,237,433,197,existing,1081.2109022410946,162,249,433,565,existing,1141.5012580076639,162,244,433,691,existing,1187.2318469396123,162,232,433,691,existing,1187.2318469396123
163,163,16,434,92,allocated,438.9934782575424,163,16,434,92,allocated,438.9934782575424,163,16,434,855,allocated,177.5232468227873,163,263,434,151,existing,555.5862452871595,163,167,434,823,allocated,973.6643449584142,163,261,434,804,existing,1439.7117837290973,163,265,434,804,existing,1439.7117837290973,163,250,434,691,existing,1470.482243339034,163,248,434,131,existing,1445.377463888447,163,232,434,691,existing,1470.482243339034,163,244,434,691,existing,1470.482243339034,163,249,434,565,existing,1516.2128322709827,163,230,434,554,existing,1499.5368622664653
164,164,64,435,288,allocated,762.8351833027508,164,64,435,573,existing,213.04445855900946,164,64,435,288,allocated,762.8351833027508,164,167,435,823,allocated,906.7925059632587,164,91,435,440,allocated,1116.765797629493,164,241,435,486,existing,1766.5216949430994,164,120,435,551,allocated,1434.3139766118754,164,238,435,197,existing,1929.162955731557,164,236,435,197,existing,1929.162955731557,164,248,435,131,existing,1975.7186903821457,164,237,435,197,existing,1929.162955731557,164,249,435,565,existing,2268.364752433913,164,263,435,151,existing,2113.105177607874
165,165,64,436,288,allocated,816.7013066472275,165,64,436,573,existing,266.91058190348616,165,64,436,288,allocated,816.7013066472275,165,167,436,823,allocated,960.6586293077354,165,91,436,440,allocated,1170.6319209739695,165,120,436,551,allocated,1442.3206878016206,165,241,436,486,existing,1820.3878182875762,165,237,436,197,existing,1943.0064101977632,165,248,436,131,existing,2029.5848137266223,165,238,436,197,existing,1943.0064101977632,165,236,436,197,existing,1943.0064101977632,165,246,436,699,existing,2319.9038386668244,165,263,436,151,existing,2166.9713009523507
166,166,192,437,1014,allocated,777.0022055371531,166,192,437,849,existing,582.945879257206,166,192,437,440,allocated,120.38464032517841,166,91,437,440,allocated,120.38464032517841,166,120,437,551,allocated,843.7495730448074,166,167,437,823,allocated,939.8629273235579,166,236,437,197,existing,1082.7720168516673,166,248,437,131,existing,1466.2628941297467,166,237,437,197,existing,1082.7720168516673,166,238,437,197,existing,1082.7720168516673,166,241,437,486,existing,1084.4381677307554,166,247,437,699,existing,1545.5343191675304,166,246,437,699,existing,1545.5343191675304
167,167,225,439,296,existing,632.4067256744339,167,225,439,849,existing,305.21474113521276,167,225,439,440,allocated,157.34649779681484,167,91,439,440,allocated,157.34649779681484,167,167,439,823,allocated,662.1317892015646,167,241,439,486,existing,905.0577299573191,167,237,439,197,existing,969.7436558988791,167,248,439,131,existing,1286.8824563563103,167,120,439,551,allocated,1046.4524009037495,167,236,439,197,existing,969.7436558988791,167,238,439,197,existing,969.7436558988791,167,249,439,565,existing,1579.5285184080776,167,263,439,151,existing,1605.7968826607232
168,168,225,440,296,existing,789.7532234712488,168,225,440,849,existing,462.5612389320276,168,225,440,440,allocated,0.0,168,91,440,440,allocated,0.0,168,167,440,823,allocated,819.4782869983794,168,241,440,486,existing,1062.404227754134,168,120,440,551,allocated,889.1059031069346,168,248,440,131,existing,1444.2289541531252,168,236,440,197,existing,1127.090153695694,168,237,440,197,existing,1127.090153695694,168,238,440,197,existing,1127.090153695694,168,246,440,699,existing,1665.9189594927088,168,247,440,699,existing,1665.9189594927088
169,169,64,441,288,allocated,929.7822589442878,169,64,441,573,existing,196.12406221206862,169,64,441,440,allocated,843.6757434017488,169,91,441,440,allocated,843.6757434017488,169,167,441,823,allocated,1057.0131950410869,169,120,441,551,allocated,1129.421755689588,169,241,441,486,existing,1493.4316407153556,169,238,441,197,existing,1630.107478085731,169,248,441,131,existing,1854.6290988727108,169,236,441,197,existing,1630.107478085731,169,237,441,197,existing,1630.107478085731,169,263,441,151,existing,2000.6782885002456,169,247,441,699,existing,2007.0049065547921
170,170,16,444,92,allocated,515.0322470893095,170,16,444,92,allocated,515.0322470893095,170,16,444,159,allocated,309.8341269329244,170,265,444,804,existing,712.6101348059207,170,261,444,804,existing,712.6101348059207,170,263,444,151,existing,737.8108513039465,170,248,444,131,existing,803.0025095095598,170,250,444,691,existing,828.1072889601469,170,244,444,691,existing,828.1072889601469,170,249,444,565,existing,873.8378778920953,170,232,444,691,existing,828.1072889601469,170,242,444,650,existing,1050.6995212016968,170,230,444,554,existing,1017.4092410189037
171,171,214,446,811,existing,279.9251315075069,171,214,446,92,allocated,297.5136335087873,171,214,446,445,allocated,44.45404134170693,171,263,446,151,existing,411.2679272650973,171,265,446,804,existing,902.2855908133196,171,261,446,804,existing,902.2855908133196,171,230,446,554,existing,1143.455907037877,171,250,446,691,existing,1340.0170092063822,171,248,446,131,existing,1314.9122297557951,171,167,446,823,allocated,1216.447762442846,171,242,446,650,existing,1240.3749772090957,171,232,446,691,existing,1340.0170092063822,171,244,446,691,existing,1340.0170092063822
172,172,214,447,811,existing,536.9344199301509,172,214,447,92,allocated,552.1976278976142,172,214,447,159,allocated,44.760443512198144,172,261,447,804,existing,645.2763023906757,172,265,447,804,existing,645.2763023906757,172,230,447,554,existing,950.0754086036586,172,263,447,151,existing,668.2772156877413,172,242,447,650,existing,983.365688786452,172,248,447,131,existing,1057.9029413331514,172,244,447,691,existing,1083.0077207837385,172,250,447,691,existing,1083.0077207837385,172,232,447,691,existing,1083.0077207837385,172,249,447,565,existing,1128.738309715687
173,173,16,448,92,allocated,506.47597597462584,173,16,448,92,allocated,506.47597597462584,173,16,448,159,allocated,90.4820954351866,173,263,448,151,existing,689.2687872443692,173,265,448,804,existing,690.9979543136641,173,230,448,554,existing,995.797060526647,173,261,448,804,existing,690.9979543136641,173,242,448,650,existing,1029.0873407094402,173,250,448,691,existing,1037.28606886075,173,232,448,691,existing,1037.28606886075,173,248,448,131,existing,1012.1812894101629,173,249,448,565,existing,1083.0166577926984,173,244,448,691,existing,1037.28606886075
174,174,214,449,811,existing,305.71515800115014,174,214,449,92,allocated,324.90964697283744,174,214,449,148,allocated,43.820919103846826,174,263,449,151,existing,174.37236224355973,174,261,449,804,existing,1109.4208549941523,174,167,449,823,allocated,1153.937423725,174,265,449,804,existing,1109.4208549941523,174,242,449,650,existing,1447.5102413899285,174,248,449,131,existing,1518.9305287007103,174,244,449,691,existing,1544.0353081512974,174,230,449,554,existing,1169.2459335315202,174,250,449,691,existing,1544.0353081512974,174,232,449,691,existing,1544.0353081512974
175,175,16,450,92,allocated,283.5747588482378,175,16,450,92,allocated,283.5747588482378,175,16,450,148,allocated,89.43737792062895,175,263,450,151,existing,219.98882106034185,175,167,450,823,allocated,1108.3209649082178,175,261,450,804,existing,1155.0373138109344,175,265,450,804,existing,1155.0373138109344,175,250,450,691,existing,1502.7004200266979,175,248,450,131,existing,1477.5956405761108,175,230,450,554,existing,1214.8623923483024,175,242,450,650,existing,1493.1267002067107,175,232,450,691,existing,1502.7004200266979,175,244,450,691,existing,1502.7004200266979
176,176,64,453,288,allocated,609.1529387746197,176,64,453,573,existing,387.2820844916937,176,64,453,288,allocated,609.1529387746197,176,167,453,823,allocated,753.1102614351275,176,91,453,440,allocated,1259.7507512378415,176,120,453,551,allocated,1608.5516025445597,176,248,453,131,existing,1822.0364458540146,176,263,453,151,existing,1959.4229330797427,176,238,453,197,existing,2072.1479093399057,176,237,453,197,existing,2072.1479093399057,176,241,453,486,existing,1909.506648551448,176,249,453,565,existing,2114.682507905782,176,236,453,197,existing,2072.1479093399057
177,177,64,454,288,allocated,526.4893782438764,177,64,454,573,existing,304.6185239609504,177,64,454,288,allocated,526.4893782438764,177,167,454,823,allocated,670.4467009043842,177,91,454,440,allocated,1177.0871907070982,177,248,454,131,existing,1739.3728853232712,177,120,454,551,allocated,1525.8880420138164,177,238,454,197,existing,1989.4843488091624,177,241,454,486,existing,1826.8430880207047,177,263,454,151,existing,1876.7593725489994,177,236,454,197,existing,1989.4843488091624,177,237,454,197,existing,1989.4843488091624,177,249,454,565,existing,2032.0189473750386
178,178,64,455,288,allocated,809.7070262931695,178,64,455,573,existing,166.1726155685908,178,64,455,288,allocated,809.7070262931695,178,167,455,823,allocated,953.6643489536774,178,91,455,440,allocated,1069.8939546390743,178,241,455,486,existing,1719.6498519526808,178,120,455,551,allocated,1387.4421336214568,178,248,455,131,existing,2022.5905333725643,178,238,455,197,existing,1882.2911127411385,178,237,455,197,existing,1882.2911127411385,178,236,455,197,existing,1882.2911127411385,178,246,455,699,existing,2265.025284486661,178,263,455,151,existing,2159.9770205982927
179,179,64,456,288,allocated,671.6521025408013,179,64,456,573,existing,449.78124825787523,179,64,456,288,allocated,671.6521025408013,179,167,456,823,allocated,815.609425201309,179,91,456,440,allocated,1322.249915004023,179,120,456,551,allocated,1671.0507663107412,179,248,456,131,existing,1884.535609620196,179,241,456,486,existing,1972.0058123176295,179,263,456,151,existing,2021.9220968459242,179,236,456,197,existing,2134.647073106087,179,238,456,197,existing,2134.647073106087,179,249,456,565,existing,2177.1816716719636,179,237,456,197,existing,2134.647073106087
180,180,201,458,554,existing,273.4965835800213,180,201,458,458,allocated,0.0,180,201,458,458,allocated,0.0,180,230,458,554,existing,273.4965835800213,180,242,458,650,existing,674.5443518545455,180,265,458,804,existing,991.051265316737,180,261,458,804,existing,991.051265316737,180,263,458,151,existing,1019.0592098974275,180,252,458,594,existing,1334.8659270742867,180,251,458,594,existing,1334.8659270742867,180,253,458,594,existing,1334.8659270742867,180,233,458,594,existing,1334.8659270742867,180,254,458,471,existing,1357.9076259680805
181,181,201,459,554,existing,418.74271436897243,181,201,459,458,allocated,145.24613078895112,181,201,459,459,allocated,0.0,181,230,459,554,existing,418.74271436897243,181,242,459,650,existing,646.5706756847743,181,265,459,804,existing,984.6600620805506,181,261,459,804,existing,984.6600620805506,181,251,459,594,existing,1189.6197962853357,181,233,459,594,existing,1189.6197962853357,181,263,459,151,existing,1164.3053406863787,181,253,459,594,existing,1189.6197962853357,181,254,459,471,existing,1212.6614951791294,181,252,459,594,existing,1189.6197962853357
182,182,214,461,811,existing,280.8113603959302,182,214,461,92,allocated,474.220289637072,182,214,461,462,allocated,40.86950976618985,182,263,461,151,existing,217.7680897487491,182,265,461,804,existing,1084.5170573889325,182,230,461,554,existing,1144.3421359263004,182,261,461,804,existing,1084.5170573889325,182,244,461,691,existing,1693.345950815532,182,248,461,131,existing,1668.2411713649449,182,167,461,823,allocated,1277.2063551623548,182,242,461,650,existing,1422.6064437847085,182,232,461,691,existing,1693.345950815532,182,250,461,691,existing,1693.345950815532
183,183,16,464,92,allocated,422.3066627142959,183,16,464,92,allocated,422.3066627142959,183,16,464,159,allocated,177.1227496130171,183,263,464,151,existing,605.0994739840392,183,261,464,804,existing,777.6386084914947,183,265,464,804,existing,777.6386084914947,183,248,464,131,existing,925.5406352323323,183,249,464,565,existing,996.3760036148681,183,244,464,691,existing,950.6454146829194,183,232,464,691,existing,950.6454146829194,183,250,464,691,existing,950.6454146829194,183,230,464,554,existing,1082.4377147044775,183,242,464,650,existing,1115.7279948872708
184,184,16,465,92,allocated,415.28324458584854,184,16,465,92,allocated,415.28324458584854,184,16,465,159,allocated,184.1461677414645,184,263,465,151,existing,598.0760558555919,184,265,465,804,existing,784.662026619942,184,248,465,131,existing,932.5640533607798,184,261,465,804,existing,784.662026619942,184,250,465,691,existing,957.6688328113669,184,249,465,565,existing,1003.3994217433153,184,232,465,691,existing,957.6688328113669,184,244,465,691,existing,957.6688328113669,184,242,465,650,existing,1122.7514130157183,184,230,465,554,existing,1089.461132832925
185,185,200,473,743,existing,27.856708675892897,185,200,473,472,existing,267.26617129691795,185,200,473,738,allocated,149.86150741052643,185,167,473,823,allocated,263.34278807983594,185,248,473,131,existing,806.9282435485209,185,91,473,440,allocated,820.1734968927585,185,263,473,151,existing,942.9698835647794,185,249,473,565,existing,1099.5743056002882,185,232,473,691,existing,1145.3048945322366,185,250,473,691,existing,1145.3048945322366,185,244,473,691,existing,1145.3048945322366,185,236,473,197,existing,1542.0622515882274,185,241,473,486,existing,1158.3905510465668
186,186,216,476,808,existing,329.0750141252003,186,216,476,399,existing,151.74863321090046,186,216,476,399,allocated,151.74863321090046,186,248,476,131,existing,363.5276893760457,186,249,476,565,existing,656.173751427813,186,244,476,691,existing,701.9043403597615,186,232,476,691,existing,701.9043403597615,186,241,476,486,existing,745.3524157750371,186,250,476,691,existing,701.9043403597615,186,91,476,440,allocated,1228.665174762855,186,167,476,823,allocated,705.3984950428414,186,238,476,197,existing,1330.6515640763755,186,237,476,197,existing,1330.6515640763755
187,187,216,477,808,existing,210.9324704278858,187,216,477,399,existing,33.60608951358598,187,216,477,399,allocated,33.60608951358598,187,248,477,131,existing,245.38514567873125,187,249,477,565,existing,538.0312077304986,187,244,477,691,existing,583.7617966624471,187,250,477,691,existing,583.7617966624471,187,238,477,197,existing,1212.509020379061,187,167,477,823,allocated,823.541038740156,187,241,477,486,existing,627.2098720777226,187,232,477,691,existing,583.7617966624471,187,236,477,197,existing,1212.509020379061,187,237,477,197,existing,1212.509020379061
188,188,192,490,1014,allocated,435.33457358735524,188,192,490,374,existing,364.4483926759369,188,192,490,440,allocated,428.18730467234843,188,91,490,440,allocated,428.18730467234843,188,120,490,551,allocated,502.0819410950096,188,236,490,197,existing,1002.7676634911522,188,237,490,197,existing,1002.7676634911522,188,241,490,486,existing,1321.3306430616874,188,246,490,699,existing,1379.6650919602134,188,238,490,197,existing,1002.7676634911522,188,167,490,823,allocated,1231.915119099153,188,248,490,131,existing,1703.1553694606787,188,247,490,699,existing,1379.6650919602134
189,189,16,491,92,allocated,104.77924483411766,189,16,491,92,allocated,104.77924483411766,189,16,491,92,allocated,104.77924483411766,189,263,491,151,existing,441.39847232261627,189,167,491,823,allocated,814.1548840999412,189,244,491,691,existing,1255.801353165228,189,248,491,131,existing,1230.6965737146409,189,250,491,691,existing,1255.801353165228,189,232,491,691,existing,1255.801353165228,189,261,491,804,existing,1302.2531751224078,189,249,491,565,existing,1301.5319420971764,189,265,491,804,existing,1302.2531751224078,189,91,491,440,allocated,1337.4215638199548
190,190,16,492,92,allocated,164.5459164589269,190,16,492,92,allocated,164.5459164589269,190,16,492,855,allocated,96.92431497582817,190,263,492,151,existing,501.1651439474256,190,167,492,823,allocated,754.3882124751319,190,248,492,131,existing,1170.9299020898316,190,244,492,691,existing,1196.0346815404187,190,232,492,691,existing,1196.0346815404187,190,250,492,691,existing,1196.0346815404187,190,249,492,565,existing,1241.7652704723673,190,91,492,440,allocated,1277.6548921951455,190,261,492,804,existing,1362.0198467472171,190,265,492,804,existing,1362.0198467472171
191,191,200,499,743,existing,516.7916103869508,191,200,499,849,existing,583.8540089070435,191,200,499,823,allocated,226.9369608406916,191,167,499,823,allocated,226.9369608406916,191,91,499,440,allocated,957.6751320553926,191,248,499,131,existing,1295.8631452595787,191,241,499,486,existing,1384.6323019928795,191,249,499,565,existing,1588.509207311346,191,250,499,691,existing,1634.2397962432944,191,263,499,151,existing,1433.249632485307,191,120,499,551,allocated,1622.9203742945879,191,232,499,691,existing,1634.2397962432944,191,244,499,691,existing,1634.2397962432944
192,192,200,500,743,existing,370.29435003776206,192,200,500,849,existing,437.35674855785476,192,200,500,823,allocated,80.43970049150288,192,167,500,823,allocated,80.43970049150288,192,91,500,440,allocated,899.9179874898823,192,241,500,486,existing,1238.1350416436908,192,248,500,131,existing,1149.36588491039,192,249,500,565,existing,1442.0119469621573,192,263,500,151,existing,1286.752372136118,192,232,500,691,existing,1487.7425358941057,192,250,500,691,existing,1487.7425358941057,192,244,500,691,existing,1487.7425358941057,192,238,500,197,existing,1621.8067421853511
193,193,64,501,288,allocated,477.7645255075726,193,64,501,573,existing,255.89367122464665,193,64,501,288,allocated,477.7645255075726,193,167,501,823,allocated,621.7218481680806,193,91,501,440,allocated,1128.3623379707944,193,120,501,551,allocated,1477.1631892775126,193,248,501,131,existing,1690.6480325869677,193,238,501,197,existing,1940.7594960728586,193,241,501,486,existing,1778.118235284401,193,237,501,197,existing,1940.7594960728586,193,263,501,151,existing,1828.0345198126959,193,249,501,565,existing,1983.294094638735,193,236,501,197,existing,1940.7594960728586
194,194,64,502,288,allocated,555.8379098198292,194,64,502,573,existing,177.82028691239015,194,64,502,288,allocated,555.8379098198292,194,167,502,823,allocated,699.7952324803371,194,91,502,440,allocated,1081.5416259828735,194,241,502,486,existing,1731.2975232964802,194,120,502,551,allocated,1399.089804965256,194,238,502,197,existing,1893.9387840849379,194,248,502,131,existing,1768.721416899224,194,236,502,197,existing,1893.9387840849379,194,237,502,197,existing,1893.9387840849379,194,249,502,565,existing,2061.3674789509914,194,263,502,151,existing,1906.1079041249525
195,195,64,503,288,allocated,947.1589751600042,195,64,503,573,existing,552.0185758488126,195,64,503,288,allocated,947.1589751600042,195,167,503,823,allocated,1091.116297820512,195,91,503,440,allocated,1455.739914919296,195,241,503,486,existing,2105.4958122329026,195,120,503,551,allocated,1773.2880939016786,195,237,503,197,existing,2268.1370730213603,195,236,503,197,existing,2268.1370730213603,195,248,503,131,existing,2160.0424822393993,195,238,503,197,existing,2268.1370730213603,195,249,503,565,existing,2452.6885442911666,195,263,503,151,existing,2297.428969465127
196,196,64,504,288,allocated,856.9977199050901,196,64,504,573,existing,478.98009699765106,196,64,504,288,allocated,856.9977199050901,196,167,504,823,allocated,1000.955042565598,196,91,504,440,allocated,1382.7014360681346,196,241,504,486,existing,2032.4573333817411,196,120,504,551,allocated,1700.249615050517,196,237,504,197,existing,2195.098594170199,196,236,504,197,existing,2195.098594170199,196,248,504,131,existing,2069.8812269844852,196,238,504,197,existing,2195.098594170199,196,249,504,565,existing,2362.5272890362526,196,263,504,151,existing,2207.267714210213
197,197,64,505,288,allocated,331.6071030803529,197,64,505,573,existing,402.05109365186644,197,64,505,288,allocated,331.6071030803529,197,167,505,823,allocated,475.56442574086077,197,91,505,440,allocated,1056.5815881418498,197,120,505,551,allocated,1602.4644147681902,197,248,505,131,existing,1544.4906101597478,197,238,505,197,existing,1868.978746243914,197,249,505,565,existing,1837.1366722115151,197,263,505,151,existing,1681.877097385476,197,241,505,486,existing,1633.2597668930484,197,236,505,197,existing,1868.978746243914,197,237,505,197,existing,1868.978746243914
198,198,64,506,288,allocated,520.88597204156,198,64,506,849,existing,564.0360456390921,198,64,506,823,allocated,286.2855567796537,198,167,506,823,allocated,286.2855567796537,198,91,506,440,allocated,898.3265361164305,198,248,506,131,existing,1355.2117411985407,198,241,506,486,existing,1443.9808979318414,198,120,506,551,allocated,1563.5717783556258,198,263,506,151,existing,1492.5982284242689,198,244,506,691,existing,1693.5883921822565,198,249,506,565,existing,1647.857803250308,198,250,506,691,existing,1693.5883921822565,198,232,506,691,existing,1693.5883921822565
199,199,64,509,288,allocated,612.3400047626382,199,64,509,849,existing,463.02657436785296,199,64,509,823,allocated,387.2950280508929,199,167,509,823,allocated,387.2950280508929,199,91,509,440,allocated,797.3170648451915,199,241,509,486,existing,1447.072962158798,199,248,509,131,existing,1456.22121246978,199,237,509,197,existing,1609.7142229472556,199,120,509,551,allocated,1462.5623070843865,199,263,509,151,existing,1593.6076996955082,199,238,509,197,existing,1609.7142229472556,199,249,509,565,existing,1748.8672745215474,199,236,509,197,existing,1609.7142229472556
200,200,200,510,743,existing,132.62820229773334,200,200,510,849,existing,251.49591712942066,200,200,510,823,allocated,157.22644724852583,200,167,510,823,allocated,157.22644724852583,200,91,510,440,allocated,680.4931269685394,200,248,510,131,existing,911.6997371703612,200,241,510,486,existing,1000.4688939036619,200,244,510,691,existing,1250.076388154077,200,249,510,565,existing,1204.3457992221286,200,263,510,151,existing,1098.3269091740317,200,232,510,691,existing,1250.076388154077,200,250,510,691,existing,1250.076388154077,200,238,510,197,existing,1384.1405944453224
201,201,214,511,811,existing,382.0376895942005,201,214,511,92,allocated,503.5063896130009,201,214,511,462,allocated,124.7192681627055,201,263,511,151,existing,301.6178481452648,201,261,511,804,existing,1185.7433865872026,201,230,511,554,existing,1241.3023289778891,201,265,511,804,existing,1185.7433865872026,201,248,511,131,existing,1697.5272713408738,201,167,511,823,allocated,1271.813913162614,201,242,511,650,existing,1523.832772982979,201,244,511,691,existing,1722.6320507914609,201,232,511,691,existing,1722.6320507914609,201,250,511,691,existing,1722.6320507914609
202,202,16,512,92,allocated,411.7327769372332,202,16,512,92,allocated,411.7327769372332,202,16,512,462,allocated,220.04198391454582,202,263,512,151,existing,396.9405638971051,202,167,512,823,allocated,1176.4911974107738,202,261,512,804,existing,1281.066102339043,202,265,512,804,existing,1281.066102339043,202,242,512,650,existing,1619.1554887348193,202,230,512,554,existing,1336.6250447297296,202,244,512,691,existing,1630.8584381156932,202,248,512,131,existing,1605.753658665106,202,232,512,691,existing,1630.8584381156932,202,250,512,691,existing,1630.8584381156932
203,203,16,513,92,allocated,470.8584343418899,203,16,513,92,allocated,470.8584343418899,203,16,513,159,allocated,265.6603141855048,203,263,513,151,existing,693.6370385565269,203,265,513,804,existing,747.4070359306836,203,261,513,804,existing,747.4070359306836,203,248,513,131,existing,837.0030706598448,203,249,513,565,existing,907.8384390423803,203,232,513,691,existing,862.1078501104319,203,250,513,691,existing,862.1078501104319,203,244,513,691,existing,862.1078501104319,203,242,513,650,existing,1085.4964223264597,203,230,513,554,existing,1052.2061421436665
204,204,206,515,771,existing,137.8781834196197,204,206,515,472,existing,232.06536410538672,204,206,515,515,allocated,0.0,204,167,515,823,allocated,746.4232810652313,204,263,515,151,existing,987.061077848195,204,91,515,440,allocated,1303.2539898781538,204,248,515,131,existing,1278.7625023451262,204,232,515,691,existing,1562.6677673023564,204,249,515,565,existing,1516.9371783704078,204,244,515,691,existing,1562.6677673023564,204,250,515,691,existing,1562.6677673023564,204,241,515,486,existing,1641.4710440319618,204,265,515,804,existing,1890.8250668309724
205,205,192,534,1014,allocated,148.6049540790709,205,192,534,374,existing,187.90709159167608,205,192,534,1014,allocated,148.6049540790709,205,120,534,551,allocated,325.54064001074875,205,237,534,197,existing,716.0380439828679,205,236,534,197,existing,716.0380439828679,205,238,534,197,existing,716.0380439828679,205,246,534,699,existing,1178.8003462987308,205,241,534,486,existing,1337.2046622913456,205,247,534,699,existing,1178.8003462987308,205,91,534,440,allocated,752.3505191500191,205,248,534,131,existing,1719.0293886903369,205,167,534,823,allocated,1571.8288061483986
206,206,192,540,1014,allocated,394.8203966575978,206,192,540,374,existing,516.693070352964,206,192,540,541,allocated,45.877633756406645,206,120,540,551,allocated,379.05952193389135,206,238,540,197,existing,447.87111685124614,206,236,540,197,existing,447.87111685124614,206,237,540,197,existing,447.87111685124614,206,241,540,486,existing,1035.0002591443883,206,91,540,440,allocated,755.2855403255996,206,246,540,699,existing,910.6334191671091,206,247,540,699,existing,910.6334191671091,206,248,540,131,existing,1416.8249855433796,206,167,540,823,allocated,1574.763827323979
207,207,192,542,1014,allocated,487.0641338572592,207,192,542,374,existing,150.55208818651224,207,192,542,551,allocated,288.18563660558493,207,120,542,551,allocated,288.18563660558493,207,91,542,440,allocated,600.9202665013497,207,238,542,197,existing,839.8578517856754,207,237,542,197,existing,839.8578517856754,207,247,542,699,existing,1165.7687874707885,207,246,542,699,existing,1165.7687874707885,207,167,542,823,allocated,1420.3985534997294,207,236,542,197,existing,839.8578517856754,207,248,542,131,existing,1842.8491964931445,207,241,542,486,existing,1461.024470094153
208,208,192,543,1014,allocated,617.9041292989563,208,192,543,374,existing,281.3920836282093,208,192,543,551,allocated,419.025632047282,208,120,543,551,allocated,419.025632047282,208,91,543,440,allocated,731.7602619430468,208,237,543,197,existing,970.6978472273724,208,238,543,197,existing,970.6978472273724,208,247,543,699,existing,1034.9287920290917,208,167,543,823,allocated,1551.2385489414264,208,246,543,699,existing,1034.9287920290917,208,236,543,197,existing,970.6978472273724,208,241,543,486,existing,1591.8644655358503,208,248,543,131,existing,1973.6891919348413
209,209,222,546,658,existing,134.94848916950815,209,222,546,399,existing,589.505339211192,209,222,546,546,allocated,0.0,209,167,546,823,allocated,767.598447635809,209,248,546,131,existing,814.3125895136484,209,232,546,691,existing,899.9674135105322,209,250,546,691,existing,899.9674135105322,209,263,546,151,existing,931.8786758099575,209,244,546,691,existing,899.9674135105322,209,241,546,486,existing,1196.1373159126397,209,249,546,565,existing,945.6980024424806,209,265,546,804,existing,1288.9331863442155,209,261,546,804,existing,1288.9331863442155
210,210,200,547,743,existing,317.7277040405469,210,200,547,472,existing,22.60482406773604,210,200,547,547,allocated,0.0,210,167,547,823,allocated,553.21378344449,210,248,547,131,existing,1096.7992389131748,210,263,547,151,existing,1183.7075877084826,210,91,547,440,allocated,1110.0444922574125,210,244,547,691,existing,1389.2015627158294,210,232,547,691,existing,1389.2015627158294,210,249,547,565,existing,1343.4709737838812,210,250,547,691,existing,1389.2015627158294,210,241,547,486,existing,1448.2615464112207,210,236,547,197,existing,1831.9332469528813
211,211,16,548,92,allocated,194.16523098062012,211,16,548,92,allocated,194.16523098062012,211,16,548,855,allocated,67.30500045413497,211,263,548,151,existing,477.4765739631234,211,167,548,823,allocated,728.8360976814918,211,250,548,691,existing,1225.653996062112,211,248,548,131,existing,1200.5492166115248,211,249,548,565,existing,1271.3845849940603,211,244,548,691,existing,1225.653996062112,211,91,548,440,allocated,1285.6668064944142,211,232,548,691,existing,1225.653996062112,211,265,548,804,existing,1391.3381299290565,211,261,548,804,existing,1391.3381299290565
212,212,200,550,743,existing,567.86647452061,212,200,550,768,existing,272.49440625759473,212,200,550,768,allocated,272.49440625759473,212,91,550,440,allocated,541.2716706427657,212,167,550,823,allocated,592.4647194714025,212,248,550,131,existing,951.3606452468555,212,241,550,486,existing,800.044650990393,212,237,550,197,existing,1183.7163515320535,212,236,550,197,existing,1183.7163515320535,212,249,550,565,existing,1244.0067072986228,212,238,550,197,existing,1183.7163515320535,212,232,550,691,existing,1289.7372962305712,212,244,550,691,existing,1289.7372962305712
213,213,192,551,1014,allocated,306.43636524914933,213,192,551,374,existing,137.63354841907267,213,192,551,551,allocated,0.0,213,120,551,551,allocated,0.0,213,238,551,197,existing,551.6722151800905,213,236,551,197,existing,551.6722151800905,213,237,551,197,existing,551.6722151800905,213,91,551,440,allocated,889.1059031069346,213,241,551,486,existing,1172.838833488568,213,247,551,699,existing,946.188777709652,213,246,551,699,existing,946.188777709652,213,167,551,823,allocated,1708.5841901053143,213,248,551,131,existing,1554.6635598875596
214,214,192,552,1014,allocated,227.52203939222778,214,192,552,374,existing,216.54787427599422,214,192,552,552,allocated,0.0,214,120,552,551,allocated,78.91432585692155,214,238,552,197,existing,472.7578893231689,214,237,552,197,existing,472.7578893231689,214,236,552,197,existing,472.7578893231689,214,247,552,699,existing,867.2744518527304,214,246,552,699,existing,867.2744518527304,214,91,552,440,allocated,968.0202289638562,214,241,552,486,existing,1093.9245076316465,214,248,552,131,existing,1475.749234030638,214,249,552,565,existing,1768.395296082405
215,215,192,557,1014,allocated,857.5016157759851,215,192,557,374,existing,786.6154348645667,215,192,557,531,allocated,415.0939797815387,215,91,557,440,allocated,875.8145946475922,215,120,557,551,allocated,924.2489832836395,215,246,557,699,existing,1365.4685121352795,215,247,557,699,existing,1365.4685121352795,215,167,557,823,allocated,1679.5424090743968,215,238,557,197,existing,1424.934705679782,215,236,557,197,existing,1424.934705679782,215,237,557,197,existing,1424.934705679782,215,248,557,131,existing,2150.782659435922,215,241,557,486,existing,1768.957933036931
216,216,212,558,956,existing,858.8364616251205,216,212,558,684,existing,810.4003030977304,216,212,558,700,allocated,662.4586870652481,216,246,558,699,existing,1000.6762628989829,216,247,558,699,existing,1000.6762628989829,216,91,558,440,allocated,1233.251581609616,216,120,558,551,allocated,1281.6859702456632,216,167,558,823,allocated,2036.9793960364204,216,238,558,197,existing,1760.0577143314674,216,236,558,197,existing,1760.0577143314674,216,237,558,197,existing,1760.0577143314674,216,248,558,131,existing,2508.2196463979462,216,241,558,486,existing,2126.3949199989547
217,217,212,560,956,existing,522.1936305744686,217,212,560,684,existing,473.7574720470785,217,212,560,700,allocated,325.8158560145962,217,247,560,699,existing,664.033431848331,217,246,560,699,existing,664.033431848331,217,91,560,440,allocated,1276.1532365828778,217,120,560,551,allocated,963.418606687113,217,236,560,197,existing,1423.4148832808155,217,238,560,197,existing,1423.4148832808155,217,241,560,486,existing,2044.5815015892933,217,237,560,197,existing,1423.4148832808155,217,167,560,823,allocated,2095.631523581257,217,231,560,230,existing,2390.797898997458
218,218,212,561,956,existing,454.1724374702113,218,212,561,684,existing,405.73627894282123,218,212,561,700,allocated,257.7946629103389,218,246,561,699,existing,596.0122387440738,218,247,561,699,existing,596.0122387440738,218,120,561,551,allocated,1031.4397997913702,218,91,561,440,allocated,1344.174429687135,218,237,561,197,existing,1488.845319182964,218,241,561,486,existing,2110.0119374914416,218,236,561,197,existing,1488.845319182964,218,238,561,197,existing,1488.845319182964,218,231,561,230,existing,2322.7767058932013,218,167,561,823,allocated,2163.652716685515
219,219,192,562,1014,allocated,984.8018182267942,219,192,562,573,existing,401.980897672312,219,192,562,440,allocated,977.6545493117874,219,91,562,440,allocated,977.6545493117874,219,120,562,551,allocated,1051.5491857344487,219,167,562,823,allocated,1262.8700305013303,219,238,562,197,existing,1552.234908130591,219,241,562,486,existing,1699.2884761755988,219,236,562,197,existing,1552.234908130591,219,247,562,699,existing,1929.1323365996525,219,237,562,197,existing,1552.234908130591,219,248,562,131,existing,2060.4859343329545,219,246,562,699,existing,1929.1323365996525
220,220,212,563,956,existing,1263.0028315059812,220,212,563,684,existing,1214.566672978591,220,212,563,531,allocated,980.2522030354672,220,91,563,440,allocated,1313.8234451961682,220,120,563,551,allocated,1362.2578338322153,220,246,563,699,existing,1404.8426327798436,220,247,563,699,existing,1404.8426327798436,220,238,563,197,existing,1862.943556228358,220,236,563,197,existing,1862.943556228358,220,167,563,823,allocated,2117.551259622973,220,237,563,197,existing,1862.943556228358,220,241,563,486,existing,2206.966783585507,220,248,563,131,existing,2588.7915099844986
221,221,212,564,956,existing,1221.0428312298313,221,212,564,684,existing,1172.606672702441,221,212,564,531,allocated,938.2922027593175,221,91,564,440,allocated,1271.8634449200185,221,120,564,551,allocated,1320.2978335560656,221,246,564,699,existing,1362.8826325036937,221,247,564,699,existing,1362.8826325036937,221,237,564,197,existing,1820.9835559522082,221,167,564,823,allocated,2075.591259346823,221,236,564,197,existing,1820.9835559522082,221,238,564,197,existing,1820.9835559522082,221,248,564,131,existing,2546.8315097083487,221,241,564,486,existing,2165.006783309357
222,222,192,570,1014,allocated,475.344610329806,222,192,570,314,existing,281.57943078883653,222,192,570,418,allocated,136.33786496695905,222,120,570,551,allocated,326.7368967944998,222,236,570,197,existing,720.5804602607471,222,238,570,197,existing,720.5804602607471,222,237,570,197,existing,720.5804602607471,222,246,570,699,existing,892.1276108490702,222,241,570,486,existing,1341.7470785692249,222,247,570,699,existing,892.1276108490702,222,91,570,440,allocated,1215.8427999014343,222,248,570,131,existing,1723.5718049682162,222,231,570,230,existing,1947.914571948724
223,223,212,571,956,existing,813.513680989058,223,212,571,684,existing,765.0775224616679,223,212,571,700,allocated,617.1359064291855,223,247,571,699,existing,955.3534822629204,223,246,571,699,existing,955.3534822629204,223,120,571,551,allocated,1063.854422986551,223,91,571,440,allocated,1015.4200343505038,223,167,571,823,allocated,1819.1478487773084,223,237,571,197,existing,1564.5401453826935,223,238,571,197,existing,1564.5401453826935,223,236,571,197,existing,1564.5401453826935,223,241,571,486,existing,1908.5633727398426,223,248,571,131,existing,2290.388099138834
224,224,16,572,92,allocated,97.20960206913861,224,16,572,92,allocated,97.20960206913861,224,16,572,92,allocated,97.20960206913861,224,263,572,151,existing,340.3096098103596,224,167,572,823,allocated,1016.1437310031974,224,265,572,804,existing,1125.1133083702036,224,261,572,804,existing,1125.1133083702036,224,232,572,691,existing,1239.814122549952,224,248,572,131,existing,1214.7093430993648,224,250,572,691,existing,1239.814122549952,224,244,572,691,existing,1239.814122549952,224,230,572,554,existing,1278.5628354754303,224,249,572,565,existing,1285.5447114819003
225,225,64,573,288,allocated,733.6581967322193,225,64,573,573,existing,0.0,225,64,573,288,allocated,733.6581967322193,225,167,573,823,allocated,877.6155193927273,225,91,573,440,allocated,903.7213390704835,225,120,573,551,allocated,1221.269518052866,225,241,573,486,existing,1553.47723638409,225,236,573,197,existing,1716.1184971725477,225,237,573,197,existing,1716.1184971725477,225,248,573,131,existing,1914.6746945414454,225,238,573,197,existing,1716.1184971725477,225,263,573,151,existing,2060.72388416898,225,247,573,699,existing,2098.85266891807
226,226,192,574,1014,allocated,592.937979495812,226,192,574,374,existing,522.0517985843935,226,192,574,440,allocated,385.3286761299885,226,91,574,440,allocated,385.3286761299885,226,120,574,551,allocated,659.6853470034662,226,237,574,197,existing,1011.8514196138755,226,236,574,197,existing,1011.8514196138755,226,246,574,699,existing,1474.6137219297384,226,241,574,486,existing,1182.2651790377959,226,167,574,823,allocated,1204.806963128368,226,238,574,197,existing,1011.8514196138755,226,248,574,131,existing,1564.089905436787,226,247,574,699,existing,1474.6137219297384
227,227,192,575,1014,allocated,631.5481071959052,227,192,575,374,existing,560.6619262844868,227,192,575,440,allocated,346.7185484298953,227,91,575,440,allocated,346.7185484298953,227,120,575,551,allocated,698.2954747035594,227,237,575,197,existing,973.2412919137823,227,238,575,197,existing,973.2412919137823,227,246,575,699,existing,1436.0035942296454,227,167,575,823,allocated,1166.1968354282747,227,236,575,197,existing,973.2412919137823,227,241,575,486,existing,1143.6550513377026,227,247,575,699,existing,1436.0035942296454,227,248,575,131,existing,1525.479777736694
228,228,200,583,743,existing,597.3315194240815,228,200,583,849,existing,246.77142908983637,228,200,583,440,allocated,293.21994389288426,228,91,583,440,allocated,293.21994389288426,228,167,583,823,allocated,603.6884771561882,228,238,583,197,existing,1105.6171019949484,228,241,583,486,existing,942.9758412064907,228,120,583,551,allocated,1182.3258469998189,228,248,583,131,existing,1199.4123719967367,228,237,583,197,existing,1105.6171019949484,228,236,583,197,existing,1105.6171019949484,228,244,583,691,existing,1537.7890229804525,228,249,583,565,existing,1492.058434048504
229,229,200,584,743,existing,656.172248849554,229,200,584,849,existing,367.68501746204976,229,200,584,768,allocated,399.6325446352628,229,91,584,440,allocated,414.13353226509764,229,167,584,823,allocated,680.7704938003465,229,248,584,131,existing,1078.4987836245234,229,241,584,486,existing,927.1827893680611,229,237,584,197,existing,1226.530690367162,229,120,584,551,allocated,1303.2394353720322,229,236,584,197,existing,1226.530690367162,229,238,584,197,existing,1226.530690367162,229,249,584,565,existing,1371.1448456762907,229,250,584,691,existing,1416.8754346082392
230,230,64,585,288,allocated,1153.177591117278,230,64,585,573,existing,659.9171404497041,230,64,585,288,allocated,1153.177591117278,230,91,585,440,allocated,1262.371439255139,230,167,585,823,allocated,1297.1349137777859,230,120,585,551,allocated,1336.2660756778002,230,238,585,197,existing,1836.9517980739429,230,241,585,486,existing,2155.5147776444783,230,247,585,699,existing,2213.849226543004,230,236,585,197,existing,1836.9517980739429,230,237,585,197,existing,1836.9517980739429,230,248,585,131,existing,2366.061098196673,230,246,585,699,existing,2213.849226543004
231,231,192,586,1014,allocated,783.8989755914861,231,192,586,688,existing,301.27662401062616,231,192,586,440,allocated,776.7517066764791,231,91,586,440,allocated,776.7517066764791,231,120,586,551,allocated,850.6463430991403,231,238,586,197,existing,1351.3320654952831,231,167,586,823,allocated,1094.2063854638307,231,237,586,197,existing,1351.3320654952831,231,247,586,699,existing,1728.229493964344,231,241,586,486,existing,1530.6248311380994,231,236,586,197,existing,1351.3320654952831,231,246,586,699,existing,1728.229493964344,231,248,586,131,existing,1891.8222892954548
232,232,192,587,1014,allocated,758.4405451709597,232,192,587,688,existing,394.4990947128938,232,192,587,440,allocated,751.2932762559528,232,91,587,440,allocated,751.2932762559528,232,120,587,551,allocated,825.187912678614,232,237,587,197,existing,1325.8736350747567,232,167,587,823,allocated,1187.4288561660983,232,238,587,197,existing,1325.8736350747567,232,246,587,699,existing,1702.771063543818,232,241,587,486,existing,1623.8473018403668,232,236,587,197,existing,1325.8736350747567,232,248,587,131,existing,1985.0447599977222,232,247,587,699,existing,1702.771063543818
233,233,192,589,1014,allocated,695.0032963919039,233,192,589,688,existing,457.93634349194974,233,192,589,440,allocated,687.8560274768969,233,91,589,440,allocated,687.8560274768969,233,120,589,551,allocated,761.750663899558,233,237,589,197,existing,1262.4363862957007,233,167,589,823,allocated,1250.8661049451543,233,246,589,699,existing,1639.3338147647619,233,236,589,197,existing,1262.4363862957007,233,238,589,197,existing,1262.4363862957007,233,241,589,486,existing,1580.9993658662358,233,248,589,131,existing,1962.8240922652271,233,247,589,699,existing,1639.3338147647619
234,234,214,590,811,existing,336.6033637392825,234,214,590,458,allocated,551.1130504005546,234,214,590,344,allocated,154.06694834275993,234,265,590,804,existing,467.10233325371973,234,261,590,804,existing,467.10233325371973,234,263,590,151,existing,467.9461594968729,234,230,590,554,existing,526.9274117910877,234,232,590,691,existing,1320.0223602421765,234,248,590,131,existing,1294.9175807915894,234,244,590,691,existing,1320.0223602421765,234,242,590,650,existing,805.1917196494959,234,249,590,565,existing,1365.7529491741252,234,250,590,691,existing,1320.0223602421765
235,235,200,597,743,existing,444.1116904469603,235,200,597,768,existing,293.62917922756384,235,200,597,768,allocated,293.62917922756384,235,167,597,823,allocated,468.7099353977529,235,248,597,131,existing,677.4456817676064,235,91,597,440,allocated,917.8271771204467,235,241,597,486,existing,688.9854057544349,235,232,597,691,existing,1015.8223327513222,235,249,597,565,existing,970.0917438193737,235,244,597,691,existing,1015.8223327513222,235,250,597,691,existing,1015.8223327513222,235,238,597,197,existing,1072.6571062960954,235,236,597,197,existing,1072.6571062960954
236,236,225,598,296,existing,445.6666487204901,236,225,598,768,existing,627.9538930719467,236,225,598,1023,allocated,121.71203768969119,236,91,598,440,allocated,478.8025222248274,236,241,598,486,existing,726.0202858311063,236,236,598,197,existing,783.0035789449353,236,238,598,197,existing,783.0035789449353,236,120,598,551,allocated,1041.7488893810907,236,237,598,197,existing,783.0035789449353,236,248,598,131,existing,1107.8450122300976,236,167,598,823,allocated,1258.0989894913362,236,232,598,691,existing,1446.2216632138134,236,249,598,565,existing,1400.491074281865
237,237,225,599,296,existing,374.9548899260011,237,225,599,768,existing,557.2421342774577,237,225,599,1023,allocated,51.000278895202186,237,91,599,440,allocated,549.5142810193164,237,241,599,486,existing,655.3085270366173,237,238,599,197,existing,712.2918201504463,237,236,599,197,existing,712.2918201504463,237,248,599,131,existing,1037.1332534356086,237,237,599,197,existing,712.2918201504463,237,167,599,823,allocated,1187.3872306968472,237,120,599,551,allocated,971.0371305866018,237,249,599,565,existing,1329.779315487376,237,244,599,691,existing,1375.5099044193244
238,238,16,602,92,allocated,157.9758967286964,238,16,602,92,allocated,157.9758967286964,238,16,602,92,allocated,157.9758967286964,238,263,602,151,existing,340.76870799843977,238,265,602,804,existing,1039.4980335595938,238,261,602,804,existing,1039.4980335595938,238,167,602,823,allocated,1076.9100256627553,238,232,602,691,existing,1214.976180668519,238,248,602,131,existing,1189.8714012179319,238,250,602,691,existing,1214.976180668519,238,244,602,691,existing,1214.976180668519,238,249,602,565,existing,1260.7067696004674,238,230,602,554,existing,1279.0219336635105
239,239,16,603,92,allocated,243.3335421087326,239,16,603,92,allocated,243.3335421087326,239,16,603,92,allocated,243.3335421087326,239,263,603,151,existing,426.1263533784759,239,265,603,804,existing,954.1403881795574,239,261,603,804,existing,954.1403881795574,239,248,603,131,existing,1104.5137558378956,239,250,603,691,existing,1129.6185352884827,239,167,603,823,allocated,1162.2676710427913,239,232,603,691,existing,1129.6185352884827,239,244,603,691,existing,1129.6185352884827,239,230,603,554,existing,1258.9394943925404,239,249,603,565,existing,1175.3491242204313
240,240,225,609,296,existing,583.2287734831917,240,225,609,849,existing,484.61607175810076,240,225,609,440,allocated,336.74782841970284,240,91,609,440,allocated,336.74782841970284,240,167,609,823,allocated,841.5331198244527,240,241,609,486,existing,863.582410593808,240,237,609,197,existing,920.5657037076369,240,120,609,551,allocated,1225.8537315266374,240,248,609,131,existing,1245.4071369927992,240,236,609,197,existing,920.5657037076369,240,238,609,197,existing,920.5657037076369,240,232,609,691,existing,1583.7837879765152,240,249,609,565,existing,1538.0531990445666
241,241,225,610,296,existing,429.63126044559846,241,225,610,768,existing,611.9185047970551,241,225,610,873,allocated,233.83237509632,241,91,610,440,allocated,490.3453414572961,241,241,610,486,existing,709.9848975562148,241,238,610,197,existing,766.9681906700437,241,236,610,197,existing,766.9681906700437,241,167,610,823,allocated,995.130632862046,241,237,610,197,existing,766.9681906700437,241,120,610,551,allocated,1255.917714209837,241,248,610,131,existing,1091.809623955206,241,249,610,565,existing,1384.4556860069733,241,250,610,691,existing,1430.1862749389218
242,242,64,614,288,allocated,368.7954393794904,242,64,614,573,existing,364.8627573527289,242,64,614,288,allocated,368.7954393794904,242,167,614,823,allocated,512.7527620399983,242,91,614,440,allocated,1019.3932518427122,242,248,614,131,existing,1581.6789464588853,242,120,614,551,allocated,1565.2760784690527,242,238,614,197,existing,1831.7904099447765,242,263,614,151,existing,1719.0654336846135,242,241,614,486,existing,1669.1491491563188,242,237,614,197,existing,1831.7904099447765,242,236,614,197,existing,1831.7904099447765,242,249,614,565,existing,1874.3250085106527
243,243,64,615,288,allocated,489.3568502905688,243,64,615,573,existing,451.31918161579705,243,64,615,288,allocated,489.3568502905688,243,167,615,823,allocated,510.2781825229623,243,91,615,440,allocated,898.8318409316338,243,120,615,551,allocated,1444.7146675579743,243,241,615,486,existing,1548.5877382452404,243,238,615,197,existing,1711.228999033698,243,236,615,197,existing,1711.228999033698,243,237,615,197,existing,1711.228999033698,243,248,615,131,existing,1579.2043669418495,243,263,615,151,existing,1716.5908541675776,243,249,615,565,existing,1871.8504289936168
244,244,16,616,92,allocated,330.9363118990972,244,16,616,92,allocated,330.9363118990972,244,16,616,462,allocated,132.6146168200178,244,263,616,151,existing,268.03746306517655,244,167,616,823,allocated,1155.682517959077,244,265,616,804,existing,1193.638735244515,244,261,616,804,existing,1193.638735244515,244,230,616,554,existing,1253.463813781883,244,232,616,691,existing,1550.061973077557,244,242,616,650,existing,1531.7281216402912,244,248,616,131,existing,1524.95719362697,244,250,616,691,existing,1550.061973077557,244,244,616,691,existing,1550.061973077557
245,245,214,617,811,existing,342.5006677547185,245,214,617,92,allocated,377.25940613160844,245,214,617,462,allocated,85.18224632322354,245,263,617,151,existing,262.0808263057828,245,261,617,804,existing,1146.2063647477207,245,265,617,804,existing,1146.2063647477207,245,167,617,823,allocated,1151.1545990729414,245,242,617,650,existing,1484.295751143497,245,248,617,131,existing,1571.2802878594812,245,244,617,691,existing,1596.3850673100683,245,230,617,554,existing,1206.0314432850887,245,250,617,691,existing,1596.3850673100683,245,232,617,691,existing,1596.3850673100683
246,246,16,618,92,allocated,280.1471284776278,246,16,618,92,allocated,280.1471284776278,246,16,618,462,allocated,182.2945239772042,246,263,618,151,existing,316.65117810785245,246,167,618,823,allocated,1104.8933345376076,246,261,618,804,existing,1243.3186424017013,246,265,618,804,existing,1243.3186424017013,246,232,618,691,existing,1499.2727896560878,246,230,618,554,existing,1303.1437209390692,246,244,618,691,existing,1499.2727896560878,246,248,618,131,existing,1474.1680102055007,246,249,618,565,existing,1545.0033785880364,246,250,618,691,existing,1499.2727896560878
247,247,16,619,92,allocated,233.5297651391775,247,16,619,92,allocated,233.5297651391775,247,16,619,148,allocated,139.48237162968928,247,263,619,151,existing,270.03381476940217,247,167,619,823,allocated,1058.2759711991573,247,261,619,804,existing,1205.0823075199949,247,265,619,804,existing,1205.0823075199949,247,244,619,691,existing,1452.6554263176374,247,232,619,691,existing,1452.6554263176374,247,230,619,554,existing,1264.9073860573628,247,248,619,131,existing,1427.5506468670503,247,249,619,565,existing,1498.3860152495859,247,250,619,691,existing,1452.6554263176374
248,248,16,620,92,allocated,285.1824981596391,248,16,620,92,allocated,285.1824981596391,248,16,620,159,allocated,222.6290765772692,248,263,620,151,existing,467.9753094293825,248,265,620,804,existing,912.2914321286509,248,248,620,131,existing,1134.5530877893957,248,261,620,804,existing,912.2914321286509,248,250,620,691,existing,1159.6578672399828,248,244,620,691,existing,1159.6578672399828,248,167,620,823,allocated,1204.1166270936978,248,232,620,691,existing,1159.6578672399828,248,230,620,554,existing,1217.0905383416339,248,249,620,565,existing,1205.3884561719315
249,249,16,621,92,allocated,562.3099258627774,249,16,621,92,allocated,562.3099258627774,249,16,621,159,allocated,146.96881945296053,249,265,621,804,existing,635.1662312558642,249,261,621,804,existing,635.1662312558642,249,230,621,554,existing,939.9653374688471,249,263,621,151,existing,745.1027371325208,249,244,621,691,existing,1005.9571995592012,249,248,621,131,existing,980.8524201086141,249,242,621,650,existing,973.2556176516405,249,232,621,691,existing,1005.9571995592012,249,250,621,691,existing,1005.9571995592012,249,249,621,565,existing,1051.6877884911498
250,250,216,652,808,existing,148.0644337963763,250,216,652,399,existing,117.14594250120705,250,216,652,652,allocated,0.0,250,248,652,131,existing,182.51710904722177,250,249,652,565,existing,400.0199687163919,250,250,652,691,existing,445.7505576483403,250,232,652,691,existing,445.7505576483403,250,241,652,486,existing,564.341835446213,250,244,652,691,existing,445.7505576483403,250,167,652,823,allocated,962.6549385559281,250,265,652,804,existing,1096.25059607733,250,261,652,804,existing,1096.25059607733,250,236,652,197,existing,1183.918370777355
251,251,225,654,296,existing,522.6119833094277,251,225,654,849,existing,470.94416688035244,251,225,654,872,allocated,228.42725709762615,251,91,654,440,allocated,421.0312583888523,251,241,654,486,existing,641.3729693652817,251,167,654,823,allocated,827.8612149467043,251,237,654,197,existing,859.9489135338729,251,120,654,551,allocated,1310.1371614957868,251,238,654,197,existing,859.9489135338729,251,236,654,197,existing,859.9489135338729,251,248,654,131,existing,1023.1976957642729,251,249,654,565,existing,1315.8437578160401,251,250,654,691,existing,1361.5743467479888
252,252,192,656,1014,allocated,109.3064852641661,252,192,656,374,existing,227.20556040658087,252,192,656,1014,allocated,109.3064852641661,252,120,656,551,allocated,364.8391088256535,252,238,656,197,existing,676.739575167963,252,236,656,197,existing,676.739575167963,252,237,656,197,existing,676.739575167963,252,91,656,440,allocated,713.0520503351142,252,246,656,699,existing,1139.5018774838259,252,241,656,486,existing,1297.9061934764409,252,247,656,699,existing,1139.5018774838259,252,248,656,131,existing,1679.730919875432,252,167,656,823,allocated,1532.5303373334937
253,253,214,657,811,existing,18.98934568237847,253,214,657,92,allocated,430.3310233055777,253,214,657,299,allocated,52.608444504904,253,263,657,151,existing,149.01219860762538,253,265,657,804,existing,790.0407305760625,253,230,657,554,existing,849.7448216099245,253,261,657,804,existing,790.0407305760625,253,167,657,823,allocated,1349.2651522396363,253,248,657,131,existing,1613.8267069456806,253,242,657,650,existing,1128.1301169718386,253,250,657,691,existing,1638.9314863962677,253,232,657,691,existing,1638.9314863962677,253,244,657,691,existing,1638.9314863962677
254,254,16,661,92,allocated,369.5099005736744,254,16,661,92,allocated,369.5099005736744,254,16,661,462,allocated,180.18046034895144,254,263,661,151,existing,357.0790403315107,254,167,661,823,allocated,1143.4050935150074,254,261,661,804,existing,1241.2045787734485,254,265,661,804,existing,1241.2045787734485,254,248,661,131,existing,1563.5307823015473,254,244,661,691,existing,1588.6355617521344,254,230,661,554,existing,1301.0296573108167,254,242,661,650,existing,1579.2939651692247,254,232,661,691,existing,1588.6355617521344,254,250,661,691,existing,1588.6355617521344
255,255,16,662,92,allocated,325.7383827609732,255,16,662,92,allocated,325.7383827609732,255,16,662,462,allocated,136.70326969385874,255,263,662,151,existing,313.601849676418,255,167,662,823,allocated,1099.6335757023062,255,265,662,804,existing,1197.727388118356,255,261,662,804,existing,1197.727388118356,255,232,662,691,existing,1544.864043939433,255,248,662,131,existing,1519.759264488846,255,230,662,554,existing,1257.552466655724,255,242,662,650,existing,1535.8167745141322,255,250,662,691,existing,1544.864043939433,255,244,662,691,existing,1544.864043939433
256,256,225,665,296,existing,315.0852455913374,256,225,665,768,existing,495.9246075666334,256,225,665,486,allocated,33.29885921665551,256,241,665,486,existing,33.29885921665551,256,248,665,131,existing,415.1235856156468,256,236,665,197,existing,652.8654720685776,256,238,665,197,existing,652.8654720685776,256,237,665,197,existing,652.8654720685776,256,232,665,691,existing,753.5002365993626,256,250,665,691,existing,753.5002365993626,256,249,665,565,existing,707.769647667414,256,91,665,440,allocated,1030.7785905879691,256,244,665,691,existing,753.5002365993626
257,257,225,666,296,existing,291.89765201108673,257,225,666,768,existing,472.29371773358775,257,225,666,325,allocated,33.67946117155389,257,241,666,486,existing,55.25652699921055,257,248,666,131,existing,437.08125339820185,257,238,666,197,existing,629.2345822355319,257,236,666,197,existing,629.2345822355319,257,249,666,565,existing,729.7273154499691,257,232,666,691,existing,775.4579043819176,257,250,666,691,existing,775.4579043819176,257,237,666,197,existing,629.2345822355319,257,91,666,440,allocated,1007.1477007549233,257,244,666,691,existing,775.4579043819176
258,258,192,676,1014,allocated,400.388507825733,258,192,676,374,existing,329.5023269143146,258,192,676,1014,allocated,400.388507825733,258,91,676,440,allocated,421.9700277735474,258,120,676,551,allocated,467.1358753333873,258,237,676,197,existing,967.8215977295299,258,236,676,197,existing,967.8215977295299,258,238,676,197,existing,967.8215977295299,258,167,676,823,allocated,1241.448314771927,258,247,676,699,existing,1344.719026198591,258,241,676,486,existing,1315.1133661628862,258,246,676,699,existing,1344.719026198591,258,248,676,131,existing,1696.9380925618775
259,259,192,677,1014,allocated,270.91636276992244,259,192,677,374,existing,388.81543791233725,259,192,677,1014,allocated,270.91636276992244,259,120,677,551,allocated,526.4489863314099,259,91,677,440,allocated,551.4421728293579,259,238,677,197,existing,838.3494526737194,259,236,677,197,existing,838.3494526737194,259,237,677,197,existing,838.3494526737194,259,247,677,699,existing,1301.1117549895823,259,167,677,823,allocated,1370.9204598277374,259,246,677,699,existing,1301.1117549895823,259,248,677,131,existing,1826.4102376176882,259,241,677,486,existing,1444.5855112186969
260,260,216,678,808,existing,570.9423403709808,260,216,678,92,allocated,622.0208575184362,260,216,678,867,allocated,130.33717775728795,260,248,678,131,existing,605.3950156218262,260,250,678,691,existing,630.4997950724133,260,232,678,691,existing,630.4997950724133,260,244,678,691,existing,630.4997950724133,260,263,678,151,existing,925.2450935945453,260,249,678,565,existing,676.2303840043619,260,265,678,804,existing,798.7853955927237,260,261,678,804,existing,798.7853955927237,260,242,678,650,existing,1136.8747819884998,260,241,678,486,existing,987.2197420208175
261,261,225,682,296,existing,461.0071599072685,261,225,682,849,existing,476.6143069023782,261,225,682,873,allocated,265.20827455798997,261,91,682,440,allocated,328.74606356398033,261,241,682,486,existing,733.6581641901537,261,237,682,197,existing,798.3440901317135,261,236,682,197,existing,798.3440901317135,261,167,682,823,allocated,833.5313549687302,261,248,682,131,existing,1115.482890589145,261,238,682,197,existing,798.3440901317135,261,120,682,551,allocated,1217.8519666709149,261,232,682,691,existing,1453.8595415728607,261,249,682,565,existing,1408.128952640912
262,262,200,689,743,existing,242.86707748334427,262,200,689,849,existing,280.7942670194508,262,200,689,823,allocated,267.46532243413674,262,167,689,823,allocated,267.46532243413674,262,91,689,440,allocated,570.2542517829285,262,248,689,131,existing,1021.9386123559723,262,241,689,486,existing,1110.707769089273,262,249,689,565,existing,1314.5846744077396,262,263,689,151,existing,1208.5657843596425,262,244,689,691,existing,1360.315263339688,262,250,689,691,existing,1360.315263339688,262,236,689,197,existing,1382.6514098849927,262,232,689,691,existing,1360.315263339688
263,263,200,690,743,existing,379.40756808115935,263,200,690,849,existing,144.25377642163568,263,200,690,823,allocated,404.00581303195185,263,167,690,823,allocated,404.00581303195185,263,91,690,440,allocated,433.7137611851134,263,241,690,486,existing,1083.46965849872,263,248,690,131,existing,1158.4791029537873,263,238,690,197,existing,1246.1109192871777,263,236,690,197,existing,1246.1109192871777,263,237,690,197,existing,1246.1109192871777,263,120,690,551,allocated,1322.819664292048,263,249,690,565,existing,1451.1251650055547,263,263,690,151,existing,1345.1062749574576
264,264,212,700,956,existing,385.19335320596883,264,212,700,684,existing,147.9416160324823,264,212,700,700,allocated,0.0,264,247,700,699,existing,527.0331544798312,264,246,700,699,existing,527.0331544798312,264,236,700,197,existing,1231.050656272625,264,120,700,551,allocated,837.2070928063777,264,241,700,486,existing,1852.2172745811029,264,238,700,197,existing,1231.050656272625,264,91,700,440,allocated,1482.8013980336,264,237,700,197,existing,1231.050656272625,264,231,700,230,existing,2253.7976216289585,264,248,700,131,existing,2234.0420009800937
265,265,218,703,594,existing,604.842890272641,265,218,703,458,allocated,811.3950182436646,265,218,703,623,allocated,169.3074141987178,265,251,703,594,existing,604.842890272641,265,253,703,594,existing,604.842890272641,265,233,703,594,existing,604.842890272641,265,252,703,594,existing,604.842890272641,265,261,703,804,existing,1179.784704502116,265,254,703,471,existing,627.8845891664347,265,230,703,554,existing,1084.891601823686,265,242,703,650,existing,841.6953181063399,265,265,703,804,existing,1179.784704502116,265,245,703,469,existing,1619.1532886113882
266,266,16,706,92,allocated,97.3584606931106,266,16,706,92,allocated,97.3584606931106,266,16,706,92,allocated,97.3584606931106,266,263,706,151,existing,427.281091965587,266,167,706,823,allocated,1016.2925896271695,266,261,706,804,existing,1120.9070095794627,266,265,706,804,existing,1120.9070095794627,266,250,706,691,existing,1155.162191897739,266,244,706,691,existing,1155.162191897739,266,248,706,131,existing,1130.0574124471518,266,232,706,691,existing,1155.162191897739,266,230,706,554,existing,1365.5343176306578,266,249,706,565,existing,1200.8927808296876
267,267,216,711,808,existing,496.8886955138062,267,216,711,768,existing,147.524868224609,267,216,711,768,allocated,147.524868224609,267,248,711,131,existing,531.3413707646516,267,241,711,486,existing,542.8810947514801,267,249,711,565,existing,823.987432816419,267,167,711,823,allocated,614.8142464007077,267,250,711,691,existing,869.7180217483674,267,232,711,691,existing,869.7180217483674,267,237,711,197,existing,926.5527952931405,267,244,711,691,existing,869.7180217483674,267,236,711,197,existing,926.5527952931405,267,238,711,197,existing,926.5527952931405
268,268,216,715,808,existing,426.4364720593076,268,216,715,768,existing,217.9770916791076,268,216,715,768,allocated,217.9770916791076,268,248,715,131,existing,460.8891473101531,268,241,715,486,existing,613.3333182059787,268,167,715,823,allocated,685.2664698552062,268,249,715,565,existing,753.5352093619204,268,238,715,197,existing,997.0050187476392,268,250,715,691,existing,799.2657982938688,268,232,715,691,existing,799.2657982938688,268,244,715,691,existing,799.2657982938688,268,237,715,197,existing,997.0050187476392,268,236,715,197,existing,997.0050187476392
269,269,216,716,808,existing,473.5465261030732,269,216,716,768,existing,265.0871457228732,269,216,716,773,allocated,176.50594859094457,269,248,716,131,existing,507.99920135391864,269,241,716,486,existing,660.4433722497442,269,249,716,565,existing,800.6452634056859,269,167,716,823,allocated,732.3765238989718,269,250,716,691,existing,846.3758523376343,269,232,716,691,existing,846.3758523376343,269,244,716,691,existing,846.3758523376343,269,236,716,197,existing,1044.1150727914046,269,237,716,197,existing,1044.1150727914046,269,238,716,197,existing,1044.1150727914046
270,270,225,717,296,existing,376.7326043983362,270,225,717,768,existing,197.15241065167743,270,225,717,872,allocated,82.54787818653465,270,241,717,486,existing,330.3978340811209,270,248,717,131,existing,712.2225604801122,270,237,717,197,existing,714.0695346227812,270,238,717,197,existing,714.0695346227812,270,91,717,440,allocated,732.006393673013,270,249,717,565,existing,1004.8686225318794,270,167,717,823,allocated,827.2975070710668,270,236,717,197,existing,714.0695346227812,270,232,717,691,existing,1050.599211463828,270,250,717,691,existing,1050.599211463828
271,271,192,719,1014,allocated,1058.052190851158,271,192,719,374,existing,987.1660099397395,271,192,719,531,allocated,742.7939275620641,271,91,719,440,allocated,1076.3651697227651,271,120,719,551,allocated,1124.7995583588122,271,247,719,699,existing,1227.7035372084613,271,246,719,699,existing,1227.7035372084613,271,167,719,823,allocated,1880.0929841495697,271,238,719,197,existing,1625.4852807549548,271,236,719,197,existing,1625.4852807549548,271,237,719,197,existing,1625.4852807549548,271,241,719,486,existing,1969.508508112104,271,248,719,131,existing,2351.3332345110953
272,272,192,720,1014,allocated,1118.6348625022258,272,192,720,374,existing,1047.7486815908073,272,192,720,531,allocated,803.376599213132,272,91,720,440,allocated,1136.947841373833,272,120,720,551,allocated,1185.38223000988,272,247,720,699,existing,1288.286208859529,272,246,720,699,existing,1288.286208859529,272,236,720,197,existing,1686.0679524060226,272,238,720,197,existing,1686.0679524060226,272,167,720,823,allocated,1940.6756558006375,272,237,720,197,existing,1686.0679524060226,272,248,720,131,existing,2411.915906162163,272,241,720,486,existing,2030.0911797631718
273,273,212,722,956,existing,815.7574918746244,273,212,722,684,existing,282.62252263617324,273,212,722,304,allocated,255.4420197912395,273,120,722,551,allocated,739.5026294691797,273,247,722,699,existing,957.5972931484868,273,246,722,699,existing,957.5972931484868,273,91,722,440,allocated,1052.2372593649443,273,236,722,197,existing,1181.6142451319708,273,238,722,197,existing,1181.6142451319708,273,237,722,197,existing,1181.6142451319708,273,241,722,486,existing,1802.7808634404485,273,248,722,131,existing,2184.6055898394397,273,167,722,823,allocated,1871.715546363324
274,274,212,723,956,existing,745.3371867591134,274,212,723,684,existing,212.20221752066215,274,212,723,304,allocated,185.02171467572836,274,120,723,551,allocated,717.3503765502122,274,247,723,699,existing,887.1769880329757,274,238,723,197,existing,1111.1939400164597,274,246,723,699,existing,887.1769880329757,274,236,723,197,existing,1111.1939400164597,274,241,723,486,existing,1732.3605583249373,274,91,723,440,allocated,1122.6575644804557,274,237,723,197,existing,1111.1939400164597,274,167,723,823,allocated,1942.1358514788353,274,248,723,131,existing,2114.185284723929
275,275,192,724,1014,allocated,793.9269294233088,275,192,724,374,existing,723.0407485118905,275,192,724,531,allocated,478.668666134215,275,91,724,440,allocated,812.239908294916,275,120,724,551,allocated,860.6742969309631,275,246,724,699,existing,1301.8938257826032,275,247,724,699,existing,1301.8938257826032,275,236,724,197,existing,1361.3600193271056,275,167,724,823,allocated,1615.9677227217205,275,237,724,197,existing,1361.3600193271056,275,238,724,197,existing,1361.3600193271056,275,248,724,131,existing,2087.207973083246,275,241,724,486,existing,1705.3832466842548
276,276,200,738,743,existing,177.71821608641932,276,200,738,472,existing,413.2040356219658,276,200,738,738,allocated,0.0,276,167,738,823,allocated,413.2042954903624,276,263,738,151,existing,793.1083761542529,276,248,738,131,existing,947.5254352873328,276,91,738,440,allocated,970.035004303285,276,232,738,691,existing,1231.430700244563,276,249,738,565,existing,1185.7001113126144,276,250,738,691,existing,1231.430700244563,276,244,738,691,existing,1231.430700244563,276,241,738,486,existing,1308.2520584570932,276,265,738,804,existing,1681.4470247633121
277,277,200,745,743,existing,518.8635125407908,277,200,745,849,existing,168.30342220654563,277,200,745,440,allocated,398.1184567461404,277,91,745,440,allocated,398.1184567461404,277,167,745,823,allocated,525.2204702728975,277,241,745,486,existing,1047.874354059747,277,120,745,551,allocated,1191.1643130226298,277,237,745,197,existing,1210.5156148482047,277,248,745,131,existing,1297.9350474134187,277,238,745,197,existing,1210.5156148482047,277,236,745,197,existing,1210.5156148482047,277,249,745,565,existing,1590.581109465186,277,263,745,151,existing,1468.885563732056
278,278,225,748,296,existing,504.27728440914257,278,225,748,768,existing,686.5645287605992,278,225,748,1023,allocated,180.32267337834367,278,91,748,440,allocated,422.4599229762901,278,241,748,486,existing,784.6309215197588,278,236,748,197,existing,841.6142146335877,278,237,748,197,existing,841.6142146335877,278,238,748,197,existing,841.6142146335877,278,167,748,823,allocated,1241.9382099746695,278,120,748,551,allocated,1068.1034871461925,278,248,748,131,existing,1166.45564791875,278,249,748,565,existing,1459.1017099705173,278,250,748,691,existing,1504.832298902466
279,279,225,749,296,existing,548.6107226059642,279,225,749,768,existing,730.8979669574207,279,225,749,1023,allocated,224.65611157516526,279,91,749,440,allocated,378.1264847794685,279,241,749,486,existing,828.9643597165804,279,238,749,197,existing,885.9476528304093,279,237,749,197,existing,885.9476528304093,279,120,749,551,allocated,1023.7700489493709,279,167,749,823,allocated,1197.6047717778479,279,248,749,131,existing,1210.7890861155715,279,236,749,197,existing,885.9476528304093,279,249,749,565,existing,1503.4351481673389,279,232,749,691,existing,1549.1657370992875
280,280,16,750,92,allocated,351.2204522532184,280,16,750,92,allocated,351.2204522532184,280,16,750,855,allocated,89.75022081846333,280,263,750,151,existing,499.9217943274518,280,167,750,823,allocated,885.8913189540901,280,250,750,691,existing,1382.7092173347103,280,248,750,131,existing,1357.6044378841232,280,244,750,691,existing,1382.7092173347103,280,232,750,691,existing,1382.7092173347103,280,261,750,804,existing,1411.469644866572,280,265,750,804,existing,1411.469644866572,280,91,750,440,allocated,1442.7220277670126,280,249,750,565,existing,1428.4398062666587
281,281,192,752,1014,allocated,1037.4292619279602,281,192,752,374,existing,966.5430810165416,281,192,752,531,allocated,722.1709986388662,281,91,752,440,allocated,1055.7422407995673,281,120,752,551,allocated,1104.1766294356144,281,246,752,699,existing,1207.0806082852635,281,247,752,699,existing,1207.0806082852635,281,167,752,823,allocated,1859.4700552263719,281,236,752,197,existing,1604.862351831757,281,237,752,197,existing,1604.862351831757,281,238,752,197,existing,1604.862351831757,281,241,752,486,existing,1948.8855791889061,281,248,752,131,existing,2330.7103055878974
282,282,192,753,1014,allocated,963.0847044243044,282,192,753,374,existing,892.1985235128859,282,192,753,531,allocated,647.8264411352105,282,91,753,440,allocated,981.3976832959115,282,120,753,551,allocated,1029.8320719319586,282,247,753,699,existing,1132.7360507816077,282,246,753,699,existing,1132.7360507816077,282,167,753,823,allocated,1785.125497722716,282,237,753,197,existing,1530.5177943281012,282,236,753,197,existing,1530.5177943281012,282,238,753,197,existing,1530.5177943281012,282,241,753,486,existing,1874.5410216852504,282,248,753,131,existing,2256.3657480842417
283,283,16,754,92,allocated,282.6222149627944,283,16,754,92,allocated,282.6222149627944,283,16,754,462,allocated,181.15734934965334,283,263,754,151,existing,358.0559293322126,283,167,754,823,allocated,1055.1794960465118,283,261,754,804,existing,1242.1814677741504,283,265,754,804,existing,1242.1814677741504,283,244,754,691,existing,1501.7478761412544,283,232,754,691,existing,1501.7478761412544,283,248,754,131,existing,1476.6430966906673,283,230,754,554,existing,1302.0065463115184,283,250,754,691,existing,1501.7478761412544,283,249,754,565,existing,1547.4784650732029
284,284,16,755,92,allocated,258.28261864621516,284,16,755,92,allocated,258.28261864621516,284,16,755,462,allocated,205.49694566623253,284,263,755,151,existing,380.8967058843676,284,167,755,823,allocated,1030.8398997299323,284,261,755,804,existing,1266.5210640907296,284,265,755,804,existing,1266.5210640907296,284,232,755,691,existing,1477.408279824675,284,248,755,131,existing,1452.303500374088,284,230,755,554,existing,1326.3461426280978,284,250,755,691,existing,1477.408279824675,284,244,755,691,existing,1477.408279824675,284,249,755,565,existing,1523.1388687566237
285,285,225,756,296,existing,506.29872953573874,285,225,756,768,existing,688.5859738871953,285,225,756,1023,allocated,182.34411850493984,285,91,756,440,allocated,418.17044140957876,285,241,756,486,existing,786.652366646355,285,236,756,197,existing,843.6356597601839,285,237,756,197,existing,843.6356597601839,285,238,756,197,existing,843.6356597601839,285,120,756,551,allocated,1063.814005579481,285,248,756,131,existing,1168.4770930453462,285,167,756,823,allocated,1237.6487284079583,285,244,756,691,existing,1506.853744029062,285,249,756,565,existing,1461.1231550971136
286,286,200,761,743,existing,516.5789107033067,286,200,761,768,existing,118.77107149298016,286,200,761,768,allocated,118.77107149298016,286,167,761,823,allocated,541.1771556540991,286,241,761,486,existing,646.3213162257784,286,91,761,440,allocated,694.9950054073803,286,248,761,131,existing,797.6373104822408,286,249,761,565,existing,1090.283372534008,286,237,761,197,existing,1029.9930167674388,286,238,761,197,existing,1029.9930167674388,286,236,761,197,existing,1029.9930167674388,286,244,761,691,existing,1136.0139614659565,286,232,761,691,existing,1136.0139614659565
287,287,225,762,296,existing,288.3204968248416,287,225,762,768,existing,470.60774117629825,287,225,762,873,allocated,92.52161147556313,287,91,762,440,allocated,501.4327266464071,287,241,762,486,existing,568.6741339354578,287,238,762,197,existing,625.6574270492868,287,237,762,197,existing,625.6574270492868,287,248,762,131,existing,950.4988603344491,287,120,762,551,allocated,1114.60695058908,287,167,762,823,allocated,1006.218018051157,287,236,762,197,existing,625.6574270492868,287,249,762,565,existing,1243.1449223862164,287,250,762,691,existing,1288.8755113181649
288,288,212,763,956,existing,901.0040246804303,288,212,763,684,existing,852.5678661530402,288,212,763,700,allocated,704.6262501205579,288,247,763,699,existing,1042.8438259542927,288,246,763,699,existing,1042.8438259542927,288,120,763,551,allocated,1119.7242967592738,288,91,763,440,allocated,1071.2899081232267,288,167,763,823,allocated,1875.017722550031,288,237,763,197,existing,1620.4100191554162,288,236,763,197,existing,1620.4100191554162,288,238,763,197,existing,1620.4100191554162,288,241,763,486,existing,1964.4332465125653,288,248,763,131,existing,2346.257972911557
289,289,192,764,1014,allocated,1200.8198243699785,289,192,764,374,existing,1129.9336434585603,289,192,764,531,allocated,885.5615610808848,289,91,764,440,allocated,1219.1328032415859,289,120,764,551,allocated,1267.567191877633,289,247,764,699,existing,1370.4711707272818,289,246,764,699,existing,1370.4711707272818,289,238,764,197,existing,1768.2529142737753,289,236,764,197,existing,1768.2529142737753,289,167,764,823,allocated,2022.8606176683902,289,237,764,197,existing,1768.2529142737753,289,241,764,486,existing,2112.2761416309245,289,248,764,131,existing,2494.100868029916
290,290,192,765,1014,allocated,1175.9226604804985,290,192,765,374,existing,1105.03647956908,290,192,765,531,allocated,860.6643971914045,290,91,765,440,allocated,1194.2356393521054,290,120,765,551,allocated,1242.6700279881527,290,247,765,699,existing,1345.5740068378016,290,246,765,699,existing,1345.5740068378016,290,237,765,197,existing,1743.3557503842953,290,167,765,823,allocated,1997.9634537789102,290,238,765,197,existing,1743.3557503842953,290,236,765,197,existing,1743.3557503842953,290,241,765,486,existing,2087.3789777414445,290,248,765,131,existing,2469.2037041404355
291,291,225,768,296,existing,573.8850150500136,291,225,768,768,existing,0.0,291,225,768,768,allocated,0.0,291,241,768,486,existing,527.5502447327983,291,167,768,823,allocated,659.9482271470793,291,248,768,131,existing,678.8662389892606,291,91,768,440,allocated,813.7660769003604,291,237,768,197,existing,911.2219452744587,291,236,768,197,existing,911.2219452744587,291,249,768,565,existing,971.512301041028,291,238,768,197,existing,911.2219452744587,291,244,768,691,existing,1017.2428899729764,291,250,768,691,existing,1017.2428899729764
292,292,225,769,296,existing,507.78800594705,292,225,769,768,existing,66.09700910296364,292,225,769,768,allocated,66.09700910296364,292,241,769,486,existing,461.4532356298347,292,248,769,131,existing,612.7692298862971,292,167,769,823,allocated,696.2421055223531,292,237,769,197,existing,845.1249361714952,292,238,769,197,existing,845.1249361714952,292,91,769,440,allocated,863.0617952217268,292,236,769,197,existing,845.1249361714952,292,249,769,565,existing,905.4152919380645,292,250,769,691,existing,951.1458808700129,292,232,769,691,existing,951.1458808700129
293,293,16,770,92,allocated,328.56776441904367,293,16,770,92,allocated,328.56776441904367,293,16,770,159,allocated,180.947805472668,293,263,770,151,existing,511.360575688787,293,261,770,804,existing,870.6101610240496,293,248,770,131,existing,1019.2795335275846,293,265,770,804,existing,870.6101610240496,293,244,770,691,existing,1044.3843129781717,293,250,770,691,existing,1044.3843129781717,293,232,770,691,existing,1044.3843129781717,293,249,770,565,existing,1090.1149019101204,293,230,770,554,existing,1175.4092672370325,293,242,770,650,existing,1208.6995474198259
294,294,216,772,808,existing,385.6122903179982,294,216,772,399,existing,208.28590940369844,294,216,772,773,allocated,58.20705008205089,294,248,772,131,existing,420.06496556884366,294,249,772,565,existing,712.711027620611,294,232,772,691,existing,758.4416165525595,294,244,772,691,existing,758.4416165525595,294,167,772,823,allocated,964.7870768304083,294,250,772,691,existing,758.4416165525595,294,238,772,197,existing,1276.5256257228411,294,241,772,486,existing,801.889691967835,294,237,772,197,existing,1276.5256257228411,294,236,772,197,existing,1276.5256257228411
295,295,216,773,808,existing,443.81934040004916,295,216,773,399,existing,266.49295948574934,295,216,773,773,allocated,0.0,295,248,773,131,existing,478.2720156508946,295,249,773,565,existing,770.918077702662,295,250,773,691,existing,816.6486666346104,295,232,773,691,existing,816.6486666346104,295,237,773,197,existing,1220.6210213823492,295,244,773,691,existing,816.6486666346104,295,241,773,486,existing,836.9493208406888,295,167,773,823,allocated,908.8824724899164,295,238,773,197,existing,1220.6210213823492,295,236,773,197,existing,1220.6210213823492
296,296,192,774,1014,allocated,848.497028649373,296,192,774,374,existing,777.6108477379546,296,192,774,531,allocated,438.6419677937231,296,91,774,440,allocated,866.8100075209801,296,120,774,551,allocated,915.2443961570273,296,237,774,197,existing,1415.9301185531697,296,238,774,197,existing,1415.9301185531697,296,167,774,823,allocated,1670.5378219477846,296,247,774,699,existing,1555.4712276204011,296,236,774,197,existing,1415.9301185531697,296,246,774,699,existing,1555.4712276204011,296,248,774,131,existing,2141.77807230931,296,241,774,486,existing,1759.9533459103188
297,297,192,775,1014,allocated,759.3874042424575,297,192,775,374,existing,688.5012233310391,297,192,775,531,allocated,527.7515922006386,297,91,775,440,allocated,777.7003831140646,297,120,775,551,allocated,826.1347717501119,297,238,775,197,existing,1326.8204941462543,297,237,775,197,existing,1326.8204941462543,297,246,775,699,existing,1523.2048305824894,297,167,775,823,allocated,1581.4281975408692,297,236,775,197,existing,1326.8204941462543,297,247,775,699,existing,1523.2048305824894,297,241,775,486,existing,1670.8437215034035,297,248,775,131,existing,2052.6684479023947
298,298,223,777,936,existing,314.2448683001434,298,223,777,776,allocated,62.99003387712466,298,223,777,776,allocated,62.99003387712466,298,229,777,582,existing,781.4712026337183,298,240,777,145,existing,888.134686522923,298,234,777,348,existing,1458.4165128729933,298,231,777,230,existing,1024.3758768160662,298,259,777,946,existing,2265.502674699009,298,260,777,946,existing,2265.502674699009,298,227,777,494,existing,1941.5742385661697,298,228,777,478,existing,1909.220639742532,298,243,777,468,existing,2317.3785648159314,298,258,777,946,existing,2265.502674699009
299,299,223,778,936,existing,156.2168564055461,299,223,778,776,allocated,95.03797801747265,299,223,778,776,allocated,95.03797801747265,299,231,778,230,existing,866.347864921469,299,229,778,582,existing,939.4992145283156,299,240,778,145,existing,1046.1626984175202,299,234,778,348,existing,1300.388500978396,299,236,778,197,existing,2229.001248462354,299,228,778,478,existing,2067.2486516371296,299,238,778,197,existing,2229.001248462354,299,227,778,494,existing,2099.6022504607668,299,258,778,946,existing,2423.530686593606,299,237,778,197,existing,2229.001248462354
300,300,192,779,1014,allocated,895.0340256652979,300,192,779,573,existing,491.7486902338083,300,192,779,440,allocated,887.886756750291,300,91,779,440,allocated,887.886756750291,300,120,779,551,allocated,961.7813931729522,300,236,779,197,existing,1462.4671155690949,300,167,779,823,allocated,1324.0223366604364,300,238,779,197,existing,1462.4671155690949,300,241,779,486,existing,1760.440782334705,300,237,779,197,existing,1462.4671155690949,300,247,779,699,existing,1839.364544038156,300,246,779,699,existing,1839.364544038156,300,248,779,131,existing,2121.6382404920605
301,301,192,780,1014,allocated,832.6148190049287,301,192,780,688,existing,468.6733685468628,301,192,780,440,allocated,825.4675500899218,301,91,780,440,allocated,825.4675500899218,301,120,780,551,allocated,899.3621865125831,301,167,780,823,allocated,1261.6031300000673,301,237,780,197,existing,1400.0479089087257,301,238,780,197,existing,1400.0479089087257,301,246,780,699,existing,1776.945337377787,301,236,780,197,existing,1400.0479089087257,301,241,780,486,existing,1698.0215756743357,301,247,780,699,existing,1776.945337377787,301,248,780,131,existing,2059.2190338316914
302,302,203,781,804,existing,539.7782054030173,302,203,781,92,allocated,657.6957248852727,302,203,781,159,allocated,150.25854049985654,302,261,781,804,existing,539.7782054030173,302,265,781,804,existing,539.7782054030173,302,263,781,151,existing,773.7753126753996,302,230,781,554,existing,844.5773116160002,302,250,781,691,existing,1000.9392183630503,302,248,781,131,existing,975.8344389124632,302,242,781,650,existing,877.8675917987935,302,232,781,691,existing,1000.9392183630503,302,249,781,565,existing,1046.669807294999,302,244,781,691,existing,1000.9392183630503
303,303,214,784,811,existing,365.31412684011804,303,214,784,92,allocated,381.8451881085761,303,214,784,159,allocated,126.85984957783462,303,263,784,151,existing,496.65692259770844,303,261,784,804,existing,816.8965954807085,303,265,784,804,existing,816.8965954807085,303,230,784,554,existing,1121.6957016936913,303,250,784,691,existing,1254.6280138737711,303,248,784,131,existing,1229.523234423184,303,232,784,691,existing,1254.6280138737711,303,242,784,650,existing,1154.9859818764846,303,249,784,565,existing,1300.3586028057198,303,244,784,691,existing,1254.6280138737711
304,304,214,785,811,existing,450.78210726251746,304,214,785,92,allocated,466.41970558147307,304,214,785,159,allocated,41.39186915543523,304,263,785,151,existing,582.1249030201079,304,265,785,804,existing,731.428615058309,304,230,785,554,existing,1036.227721271292,304,261,785,804,existing,731.428615058309,304,232,785,691,existing,1169.1600334513719,304,242,785,650,existing,1069.5180014540852,304,248,785,131,existing,1144.0552540007848,304,250,785,691,existing,1169.1600334513719,304,244,785,691,existing,1169.1600334513719,304,249,785,565,existing,1214.8906223833203
305,305,16,786,92,allocated,527.9663066984698,305,16,786,92,allocated,527.9663066984698,305,16,786,867,allocated,231.3595029841406,305,248,786,131,existing,706.4173408486789,305,232,786,691,existing,731.522120299266,305,250,786,691,existing,731.522120299266,305,244,786,691,existing,731.522120299266,305,261,786,804,existing,809.1953034668015,305,263,786,151,existing,831.190542774579,305,249,786,565,existing,777.2527092312146,305,265,786,804,existing,809.1953034668015,305,230,786,554,existing,1113.9944096797844,305,241,786,486,existing,1088.24206724767
306,306,214,787,811,existing,195.06955746479065,306,214,787,92,allocated,216.27212015840857,306,214,787,445,allocated,40.40153270100931,306,263,787,151,existing,326.41235322238106,306,265,787,804,existing,987.1411648560357,306,230,787,554,existing,1058.600332995161,306,261,787,804,existing,987.1411648560357,306,244,787,691,existing,1424.8725832490986,306,248,787,131,existing,1399.7678037985115,306,242,787,650,existing,1325.230551251812,306,167,787,823,allocated,1135.2062490924675,306,232,787,691,existing,1424.8725832490986,306,250,787,691,existing,1424.8725832490986
307,307,203,788,804,existing,589.1170788528888,307,203,788,92,allocated,608.3568514354013,307,203,788,159,allocated,100.91966704998504,307,265,788,804,existing,589.1170788528888,307,261,788,804,existing,589.1170788528888,307,230,788,554,existing,893.9161850658717,307,263,788,151,existing,724.4364392255281,307,242,788,650,existing,927.2064652486649,307,250,788,691,existing,1050.2780918129217,307,244,788,691,existing,1050.2780918129217,307,248,788,131,existing,1025.1733123623346,307,249,788,565,existing,1096.0086807448704,307,232,788,691,existing,1050.2780918129217
308,308,214,789,811,existing,298.06998721728036,308,214,789,92,allocated,419.5386872360808,308,214,789,462,allocated,40.751565785785395,308,263,789,151,existing,217.65014576834466,308,261,789,804,existing,1101.7756842102826,308,265,789,804,existing,1101.7756842102826,308,230,789,554,existing,1161.6007627476506,308,242,789,650,existing,1439.865070606059,308,248,789,131,existing,1613.5595689639538,308,167,789,823,allocated,1195.5852796103795,308,244,789,691,existing,1638.6643484145409,308,250,789,691,existing,1638.6643484145409,308,232,789,691,existing,1638.6643484145409
309,309,216,791,808,existing,266.2640777010519,309,216,791,399,existing,88.93769678675213,309,216,791,399,allocated,88.93769678675213,309,248,791,131,existing,300.7167529518974,309,249,791,565,existing,593.3628150036648,309,250,791,691,existing,639.0934039356132,309,232,791,691,existing,639.0934039356132,309,241,791,486,existing,682.5414793508887,309,244,791,691,existing,639.0934039356132,309,167,791,823,allocated,845.438864213462,309,236,791,197,existing,1157.1774131058949,309,238,791,197,existing,1157.1774131058949,309,237,791,197,existing,1157.1774131058949
310,310,64,792,288,allocated,771.3993680772597,310,64,792,688,existing,265.5316609750343,310,64,792,288,allocated,771.3993680772597,310,167,792,823,allocated,792.3207003096531,310,91,792,440,allocated,845.1239707889008,310,241,792,486,existing,1494.8798681025073,310,120,792,551,allocated,1162.6721497712833,310,237,792,197,existing,1657.521128890965,310,248,792,131,existing,1856.077326259863,310,236,792,197,existing,1657.521128890965,310,238,792,197,existing,1657.521128890965,310,263,792,151,existing,1998.6333719542686,310,247,792,699,existing,2040.2553006364872
311,311,214,794,811,existing,284.6002506417883,311,214,794,92,allocated,406.0689506605887,311,214,794,462,allocated,27.28182921029335,311,263,794,151,existing,204.1804091928526,311,265,794,804,existing,1088.3059476347905,311,261,794,804,existing,1088.3059476347905,311,230,794,554,existing,1148.1310261721585,311,232,794,691,existing,1625.1946118390488,311,248,794,131,existing,1600.0898323884617,311,242,794,650,existing,1426.3953340305666,311,167,794,823,allocated,1209.0550161858716,311,244,794,691,existing,1625.1946118390488,311,250,794,691,existing,1625.1946118390488
312,312,214,811,811,existing,0.0,312,214,811,92,allocated,411.3416776231992,312,214,811,299,allocated,68.83504014048522,312,263,811,151,existing,131.3427957575904,312,261,811,804,existing,803.7056969930022,312,230,811,554,existing,863.5307755303702,312,265,811,804,existing,803.7056969930022,312,248,811,131,existing,1594.8373612633022,312,242,811,650,existing,1141.7950833887785,312,250,811,691,existing,1619.9421407138893,312,167,811,823,allocated,1330.275806557258,312,232,811,691,existing,1619.9421407138893,312,244,811,691,existing,1619.9421407138893
313,313,225,814,296,existing,512.4045390469046,313,225,814,768,existing,391.5778521053535,313,225,814,89,allocated,217.21881293602678,313,241,814,486,existing,366.6771995024802,313,248,814,131,existing,748.5019259014715,313,236,814,197,existing,849.7414692713496,313,237,814,197,existing,849.7414692713496,313,91,814,440,allocated,926.4318351266892,313,167,814,823,allocated,1021.722948524743,313,249,814,565,existing,1041.1479879532387,313,238,814,197,existing,849.7414692713496,313,250,814,691,existing,1086.8785768851872,313,232,814,691,existing,1086.8785768851872
314,314,225,815,296,existing,646.0264127573073,314,225,815,849,existing,741.0039971200379,314,225,815,440,allocated,278.44275818801026,314,91,815,440,allocated,278.44275818801026,314,120,815,551,allocated,924.0863223579126,314,236,815,197,existing,983.3633429817525,314,241,815,486,existing,926.3800498679235,314,238,815,197,existing,983.3633429817525,314,167,815,823,allocated,1097.9210451863896,314,237,815,197,existing,983.3633429817525,314,248,815,131,existing,1308.204776266915,314,247,815,699,existing,1544.9912587171666,314,246,815,699,existing,1544.9912587171666
315,315,225,816,296,existing,627.4716266618925,315,225,816,849,existing,759.5587832154526,315,225,816,440,allocated,296.99754428342504,315,91,816,440,allocated,296.99754428342504,315,241,816,486,existing,907.8252637725087,315,237,816,197,existing,964.8085568863377,315,120,816,551,allocated,942.6411084533272,315,236,816,197,existing,964.8085568863377,315,167,816,823,allocated,1116.4758312818044,315,248,816,131,existing,1289.6499901715001,315,238,816,197,existing,964.8085568863377,315,247,816,699,existing,1563.5460448125814,315,246,816,699,existing,1563.5460448125814
316,316,192,817,1014,allocated,705.1438225910246,316,192,817,314,existing,337.1409186767896,316,192,817,314,allocated,337.1409186767896,316,120,817,551,allocated,506.26532533935034,316,91,817,440,allocated,818.9999552351151,316,247,817,699,existing,947.6890987370233,316,246,817,699,existing,947.6890987370233,316,241,817,486,existing,1587.4282202415307,316,238,817,197,existing,966.261601933053,316,236,817,197,existing,966.261601933053,316,237,817,197,existing,966.261601933053,316,248,817,131,existing,1969.252946640522,316,167,817,823,allocated,1638.4782422334947
317,317,211,819,699,existing,281.67306752664064,317,211,819,314,existing,429.23859039299526,317,211,819,291,allocated,140.7987386364946,317,246,819,699,existing,281.67306752664064,317,247,819,699,existing,281.67306752664064,317,120,819,551,allocated,664.5157101830113,317,236,819,197,existing,735.4095230531941,317,238,819,197,existing,735.4095230531941,317,241,819,486,existing,1357.527205001766,317,91,819,440,allocated,1384.245891966068,317,237,819,197,existing,735.4095230531941,317,248,819,131,existing,1739.3519314007576,317,231,819,230,existing,1613.0820040114331
318,318,225,820,296,existing,118.99443302990151,318,225,820,768,existing,692.8794480799152,318,225,820,820,allocated,0.0,318,236,820,197,existing,221.33686254398867,318,238,820,197,existing,221.33686254398867,318,237,820,197,existing,221.33686254398867,318,241,820,486,existing,400.78081940458344,318,120,820,551,allocated,772.0580140839846,318,248,820,131,existing,782.6055458035747,318,91,820,440,allocated,908.7476565011502,318,249,820,565,existing,1075.251607855342,318,250,820,691,existing,1120.9821967872904,318,232,820,691,existing,1120.9821967872904
319,319,200,821,743,existing,599.0049557025116,319,200,821,849,existing,248.44486536826633,319,200,821,440,allocated,294.8933801713142,319,91,821,440,allocated,294.8933801713142,319,167,821,823,allocated,605.3619134346181,319,238,821,197,existing,1107.2905382733784,319,241,821,486,existing,944.6492774849207,319,120,821,551,allocated,1183.9992832782489,319,237,821,197,existing,1107.2905382733784,319,236,821,197,existing,1107.2905382733784,319,248,821,131,existing,1278.51594232586,319,263,821,151,existing,1549.0270068937764,319,249,821,565,existing,1571.1620043776272
320,320,200,823,743,existing,289.85464954625917,320,200,823,849,existing,356.91704806635187,320,200,823,823,allocated,0.0,320,167,823,823,allocated,0.0,320,91,823,440,allocated,819.4782869983794,320,241,823,486,existing,1157.6953411521877,320,248,823,131,existing,1068.926184418887,320,249,823,565,existing,1361.5722464706544,320,244,823,691,existing,1407.3028354026028,320,263,823,151,existing,1206.3126716446152,320,232,823,691,existing,1407.3028354026028,320,238,823,197,existing,1541.3670416938483,320,250,823,691,existing,1407.3028354026028
321,321,200,824,743,existing,158.53086045353064,321,200,824,849,existing,225.5932589736234,321,200,824,823,allocated,131.32378909272853,321,167,824,823,allocated,131.32378909272853,321,91,824,440,allocated,688.1544979056509,321,248,824,131,existing,937.6023953261586,321,241,824,486,existing,1026.3715520594592,321,263,824,151,existing,1074.9888825518867,321,249,824,565,existing,1230.248457377926,321,232,824,691,existing,1275.9790463098743,321,250,824,691,existing,1275.9790463098743,321,236,824,197,existing,1410.0432526011198,321,244,824,691,existing,1275.9790463098743
322,322,214,825,811,existing,307.47403015035195,322,214,825,92,allocated,383.19517115202507,322,214,825,462,allocated,50.15560871885701,322,263,825,151,existing,227.05418870141628,322,265,825,804,existing,1111.179727143354,322,261,825,804,existing,1111.179727143354,322,230,825,554,existing,1171.0048056807223,322,244,825,691,existing,1602.320832330485,322,242,825,650,existing,1449.2691135391303,322,248,825,131,existing,1577.216052879898,322,167,825,823,allocated,1212.2229479041873,322,232,825,691,existing,1602.320832330485,322,250,825,691,existing,1602.320832330485
323,323,16,830,92,allocated,191.71744526575185,323,16,830,92,allocated,191.71744526575185,323,16,830,148,allocated,183.78008936419138,323,263,830,151,existing,314.33153250390427,323,167,830,823,allocated,1013.9782534646552,323,265,830,804,existing,1235.3649593352866,323,261,830,804,existing,1235.3649593352866,323,248,830,131,existing,1385.7383269936247,323,232,830,691,existing,1410.8431064442118,323,230,830,554,existing,1309.205103791865,323,244,830,691,existing,1410.8431064442118,323,250,830,691,existing,1410.8431064442118,323,249,830,565,existing,1456.5736953761602
324,324,192,832,1014,allocated,1157.5563550099903,324,192,832,573,existing,771.87949360986,324,192,832,531,allocated,1042.450686155777,324,91,832,440,allocated,1150.4090860949832,324,120,832,551,allocated,1224.3037225176442,324,167,832,823,allocated,1409.0972669379416,324,236,832,197,existing,1724.9894449137873,324,237,832,197,existing,1724.9894449137873,324,247,832,699,existing,2101.886873382848,324,238,832,197,existing,1724.9894449137873,324,241,832,486,existing,2043.552424484322,324,246,832,699,existing,2101.886873382848,324,248,832,131,existing,2425.3771508833133
325,325,192,833,1014,allocated,1068.7911493076465,325,192,833,573,existing,860.6446993122037,325,192,833,531,allocated,953.6854804534332,325,91,833,440,allocated,1061.6438803926394,325,120,833,551,allocated,1135.5385168153007,325,167,833,823,allocated,1497.8624726402854,325,238,833,197,existing,1636.2242392114435,325,247,833,699,existing,2013.1216676805045,325,236,833,197,existing,1636.2242392114435,325,237,833,197,existing,1636.2242392114435,325,241,833,486,existing,1954.7872187819785,325,248,833,131,existing,2336.61194518097,325,246,833,699,existing,2013.1216676805045
326,326,192,834,1014,allocated,773.2194768391616,326,192,834,314,existing,389.3346435138396,326,192,834,314,allocated,389.3346435138396,326,120,834,551,allocated,624.6117633038555,326,246,834,699,existing,999.8828235740732,326,247,834,699,existing,999.8828235740732,326,236,834,197,existing,1018.4553267701028,326,237,834,197,existing,1018.4553267701028,326,238,834,197,existing,1018.4553267701028,326,91,834,440,allocated,1051.1506108365131,326,241,834,486,existing,1639.6219450785807,326,167,834,823,allocated,1870.6288978348928,326,248,834,131,existing,2021.4466714775717
327,327,212,835,956,existing,1118.2640033526977,327,212,835,684,existing,1069.8278448253075,327,212,835,700,allocated,921.8862287928252,327,246,835,699,existing,1260.10380462656,327,247,835,699,existing,1260.10380462656,327,91,835,440,allocated,1374.6422727971521,327,120,835,551,allocated,1423.0766614331994,327,238,835,197,existing,1923.7623838293418,327,167,835,823,allocated,2178.370087223957,327,236,835,197,existing,1923.7623838293418,327,237,835,197,existing,1923.7623838293418,327,248,835,131,existing,2649.6103375854823,327,241,835,486,existing,2267.785611186491
328,328,212,836,956,existing,1166.3983654084761,328,212,836,684,existing,1117.9622068810859,328,212,836,700,allocated,970.0205908486037,328,247,836,699,existing,1308.2381666823385,328,246,836,699,existing,1308.2381666823385,328,120,836,551,allocated,1374.9422993774208,328,91,836,440,allocated,1326.5079107413737,328,167,836,823,allocated,2130.2357251681783,328,238,836,197,existing,1875.6280217735634,328,236,836,197,existing,1875.6280217735634,328,237,836,197,existing,1875.6280217735634,328,248,836,131,existing,2601.4759755297036,328,241,836,486,existing,2219.6512491307126
329,329,200,837,743,existing,421.79391375337974,329,200,837,768,existing,342.64578067062087,329,200,837,768,allocated,342.64578067062087,329,167,837,823,allocated,623.9205141123963,329,248,837,131,existing,726.4622832106636,329,241,837,486,existing,738.0020071974919,329,249,837,565,existing,1019.1083452624309,329,244,837,691,existing,1064.8389341943794,329,91,837,440,allocated,1108.376928519834,329,250,837,691,existing,1064.8389341943794,329,232,837,691,existing,1064.8389341943794,329,236,837,197,existing,1121.6737077391524,329,238,837,197,existing,1121.6737077391524
330,330,202,840,553,existing,513.1470855210108,330,202,840,458,allocated,337.56373659843723,330,202,840,51,allocated,33.42447494464534,330,230,840,554,existing,578.2300101085823,330,242,840,650,existing,979.2777783831065,330,261,840,804,existing,1295.784691845298,330,265,840,804,existing,1295.784691845298,330,251,840,594,existing,1363.0315726153774,330,263,840,151,existing,1323.7926364259886,330,252,840,594,existing,1363.0315726153774,330,233,840,594,existing,1363.0315726153774,330,254,840,471,existing,1386.0732715091713,330,253,840,594,existing,1363.0315726153774
331,331,212,844,956,existing,689.9661183227487,331,212,844,684,existing,641.5299597953586,331,212,844,700,allocated,493.5883437628763,331,246,844,699,existing,831.8059195966111,331,247,844,699,existing,831.8059195966111,331,120,844,551,allocated,1131.191094435393,331,91,844,440,allocated,1138.9675970168132,331,167,844,823,allocated,1942.6954114436176,331,238,844,197,existing,1591.1873710290956,331,237,844,197,existing,1591.1873710290956,331,236,844,197,existing,1591.1873710290956,331,248,844,131,existing,2413.9356618051434,331,241,844,486,existing,2032.110935406152
332,332,212,845,956,existing,542.7221164183701,332,212,845,684,existing,494.28595789098,332,212,845,700,allocated,346.34434185849767,332,247,845,699,existing,684.5619176922326,332,246,845,699,existing,684.5619176922326,332,120,845,551,allocated,983.9470925310145,332,91,845,440,allocated,1286.2115989211916,332,241,845,486,existing,2065.109987433195,332,236,845,197,existing,1443.943369124717,332,238,845,197,existing,1443.943369124717,332,237,845,197,existing,1443.943369124717,332,231,845,230,existing,2411.32638484136,332,167,845,823,allocated,2089.9394133479964
333,333,212,846,956,existing,560.5888182450636,333,212,846,684,existing,512.1526597176735,333,212,846,700,allocated,364.21104368519116,333,247,846,699,existing,702.4286195189261,333,246,846,699,existing,702.4286195189261,333,120,846,551,allocated,1137.8561805662225,333,91,846,440,allocated,1450.5908104619873,333,238,846,197,existing,1595.2616999578163,333,241,846,486,existing,2216.428318266294,333,237,846,197,existing,1595.2616999578163,333,236,846,197,existing,1595.2616999578163,333,167,846,823,allocated,2270.0690974603667,333,231,846,230,existing,2429.193086668053
334,334,212,847,956,existing,584.4103065007337,334,212,847,684,existing,535.9741479733435,334,212,847,700,allocated,388.0325319408612,334,247,847,699,existing,726.250107774596,334,246,847,699,existing,726.250107774596,334,120,847,551,allocated,1161.6776688218924,334,91,847,440,allocated,1474.4122987176572,334,237,847,197,existing,1619.0831882134862,334,238,847,197,existing,1619.0831882134862,334,241,847,486,existing,2240.2498065219643,334,236,847,197,existing,1619.0831882134862,334,167,847,823,allocated,2293.890585716037,334,231,847,230,existing,2453.0145749237236
335,335,200,849,743,existing,384.124119427154,335,200,849,849,existing,0.0,335,200,849,823,allocated,356.91704806635187,335,167,849,823,allocated,356.91704806635187,335,91,849,440,allocated,462.5612389320276,335,241,849,486,existing,1112.3171362456342,335,248,849,131,existing,1163.195654299782,335,237,849,197,existing,1274.9583970340918,335,263,849,151,existing,1300.5821415255102,335,236,849,197,existing,1274.9583970340918,335,238,849,197,existing,1274.9583970340918,335,120,849,551,allocated,1351.6671420389623,335,249,849,565,existing,1455.8417163515494
336,336,212,853,956,existing,790.0478715302477,336,212,853,684,existing,326.560786374019,336,212,853,304,allocated,299.38028352908526,336,120,853,551,allocated,695.564365731334,336,247,853,699,existing,931.88767280411,336,91,853,440,allocated,1008.2989956270986,336,246,853,699,existing,931.88767280411,336,237,853,197,existing,1155.5606423250365,336,238,853,197,existing,1155.5606423250365,336,241,853,486,existing,1776.727260633514,336,236,853,197,existing,1155.5606423250365,336,248,853,131,existing,2158.5519870325056,336,167,853,823,allocated,1827.7772826254782
337,337,212,854,956,existing,604.6460585204144,337,212,854,684,existing,511.96259938385225,337,212,854,700,allocated,408.268283960542,337,247,854,699,existing,746.4858597942768,337,246,854,699,existing,746.4858597942768,337,120,854,551,allocated,880.9661787411671,337,91,854,440,allocated,1193.700808636932,337,241,854,486,existing,1962.1290736433475,337,237,854,197,existing,1340.9624553348697,337,238,854,197,existing,1340.9624553348697,337,236,854,197,existing,1340.9624553348697,337,167,854,823,allocated,2013.1790956353116,337,248,854,131,existing,2343.953800042339
338,338,16,855,92,allocated,261.4702314347551,338,16,855,92,allocated,261.4702314347551,338,16,855,855,allocated,0.0,338,263,855,151,existing,410.17157350898844,338,167,855,823,allocated,796.1410981356269,338,248,855,131,existing,1267.8542170656597,338,244,855,691,existing,1292.9589965162468,338,261,855,804,existing,1324.0331294749215,338,250,855,691,existing,1292.9589965162468,338,232,855,691,existing,1292.9589965162468,338,265,855,804,existing,1324.0331294749215,338,249,855,565,existing,1338.6895854481954,338,91,855,440,allocated,1352.9718069485493
339,339,16,856,92,allocated,173.77024046708618,339,16,856,92,allocated,173.77024046708618,339,16,856,855,allocated,106.61537493830053,339,263,856,151,existing,303.5561985706879,339,167,856,823,allocated,902.7564730739274,339,261,856,804,existing,1217.417754536621,339,265,856,804,existing,1217.417754536621,339,232,856,691,existing,1392.895901645546,339,250,856,691,existing,1392.895901645546,339,230,856,554,existing,1294.8162774019004,339,248,856,131,existing,1367.791122194959,339,249,856,565,existing,1438.6264905774947,339,244,856,691,existing,1392.895901645546
340,340,16,857,92,allocated,201.04507816492958,340,16,857,92,allocated,201.04507816492958,340,16,857,92,allocated,201.04507816492958,340,263,857,151,existing,530.967709437406,340,167,857,823,allocated,869.2455134848933,340,232,857,691,existing,1081.1773805306575,340,248,857,131,existing,1056.0726010800704,340,249,857,565,existing,1126.907969462606,340,250,857,691,existing,1081.1773805306575,340,265,857,804,existing,1249.4629810509678,340,244,857,691,existing,1081.1773805306575,340,261,857,804,existing,1249.4629810509678,340,91,857,440,allocated,1392.512193204907
341,341,16,858,92,allocated,388.03398183661517,341,16,858,92,allocated,388.03398183661517,341,16,858,855,allocated,196.60374544492169,341,263,858,151,existing,606.7753189539101,341,167,858,823,allocated,922.7048485374869,341,248,858,131,existing,1394.41796746752,341,232,858,691,existing,1419.522746918107,341,91,858,440,allocated,1479.5355573504094,341,250,858,691,existing,1419.522746918107,341,244,858,691,existing,1419.522746918107,341,249,858,565,existing,1465.2533358500555,341,261,858,804,existing,1520.6368749198432,341,265,858,804,existing,1520.6368749198432
342,342,64,859,288,allocated,979.5907791201287,342,64,859,573,existing,519.5867718886881,342,64,859,288,allocated,979.5907791201287,342,167,859,823,allocated,1123.5481017806364,342,91,859,440,allocated,1423.3081109591717,342,120,859,551,allocated,1740.8562899415542,342,241,859,486,existing,2073.064008272778,342,236,859,197,existing,2235.705269061236,342,237,859,197,existing,2235.705269061236,342,238,859,197,existing,2235.705269061236,342,248,859,131,existing,2192.4742861995237,342,249,859,565,existing,2485.120348251291,342,263,859,151,existing,2329.860773425252
343,343,16,860,92,allocated,488.11018626349676,343,16,860,92,allocated,488.11018626349676,343,16,860,309,allocated,225.54728558329097,343,263,860,151,existing,582.9707134795601,343,167,860,823,allocated,1022.7810529643685,343,261,860,804,existing,1467.0962519214982,343,265,860,804,existing,1467.0962519214982,343,232,860,691,existing,1519.5989513449886,343,248,860,131,existing,1494.4941718944015,343,250,860,691,existing,1519.5989513449886,343,244,860,691,existing,1519.5989513449886,343,230,860,554,existing,1526.9213304588661,343,249,860,565,existing,1565.3295402769372
344,344,225,861,296,existing,544.0983983604951,344,225,861,849,existing,393.5230684491515,344,225,861,440,allocated,245.65482511075356,344,91,861,440,allocated,245.65482511075356,344,167,861,823,allocated,750.4401165155034,344,241,861,486,existing,816.7494026433803,344,237,861,197,existing,881.4353285849403,344,248,861,131,existing,1198.5741290423716,344,238,861,197,existing,881.4353285849403,344,120,861,551,allocated,1134.7607282176882,344,236,861,197,existing,881.4353285849403,344,249,861,565,existing,1491.220191094139,344,244,861,691,existing,1536.9507800260876
345,345,16,868,92,allocated,103.41663469244847,345,16,868,92,allocated,103.41663469244847,345,16,868,92,allocated,103.41663469244847,345,263,868,151,existing,233.20259279605017,345,167,868,823,allocated,973.1100788485651,345,261,868,804,existing,1147.0641487619832,345,265,868,804,existing,1147.0641487619832,345,232,868,691,existing,1322.5422958709084,345,248,868,131,existing,1297.4375164203213,345,250,868,691,existing,1322.5422958709084,345,230,868,554,existing,1224.4626716272626,345,244,868,691,existing,1322.5422958709084,345,249,868,565,existing,1368.2728848028569
346,346,225,872,296,existing,294.18472621180155,346,225,872,768,existing,279.70028883821203,346,225,872,872,allocated,0.0,346,241,872,486,existing,412.94571226765555,346,238,872,197,existing,631.5216564362466,346,237,872,197,existing,631.5216564362466,346,236,872,197,existing,631.5216564362466,346,167,872,823,allocated,909.8453852576015,346,91,872,440,allocated,649.4585154864784,346,248,872,131,existing,794.7704386666468,346,249,872,565,existing,1087.416500718414,346,120,872,551,allocated,1120.4711799760398,346,250,872,691,existing,1133.1470896503627
347,347,225,873,296,existing,195.7988853492785,347,225,873,768,existing,378.0861297007351,347,225,873,873,allocated,0.0,347,241,873,486,existing,476.1525224598947,347,238,873,197,existing,533.1358155737237,347,237,873,197,existing,533.1358155737237,347,236,873,197,existing,533.1358155737237,347,248,873,131,existing,857.977248858886,347,91,873,440,allocated,593.9543381219703,347,120,873,551,allocated,1022.0853391135169,347,167,873,823,allocated,1008.2312261201246,347,250,873,691,existing,1196.3538998426018,347,249,873,565,existing,1150.6233109106533
348,348,16,874,92,allocated,437.96490801704766,348,16,874,92,allocated,437.96490801704766,348,16,874,159,allocated,313.2124197221347,348,263,874,151,existing,741.1891440931568,348,248,874,131,existing,789.4509651232147,348,265,874,804,existing,794.9591414673134,348,261,874,804,existing,794.9591414673134,348,249,874,565,existing,860.2863335057505,348,244,874,691,existing,814.5557445738018,348,232,874,691,existing,814.5557445738018,348,250,874,691,existing,814.5557445738018,348,230,874,554,existing,1099.7582476802963,348,242,874,650,existing,1133.0485278630897
349,349,212,876,956,existing,1099.4577425740663,349,212,876,684,existing,1051.021584046676,349,212,876,700,allocated,903.0799680141938,349,247,876,699,existing,1241.2975438479286,349,246,876,699,existing,1241.2975438479286,349,91,876,440,allocated,1393.4485335757836,349,120,876,551,allocated,1441.8829222118309,349,167,876,823,allocated,2197.1763480025884,349,238,876,197,existing,1942.5686446079733,349,237,876,197,existing,1942.5686446079733,349,236,876,197,existing,1942.5686446079733,349,248,876,131,existing,2668.4165983641137,349,241,876,486,existing,2286.5918719651227
350,350,214,890,811,existing,211.11556974396052,350,214,890,92,allocated,543.9160802890417,350,214,890,890,allocated,0.0,350,263,890,151,existing,215.18724241191686,350,261,890,804,existing,1014.8212667369628,350,230,890,554,existing,1074.6463452743308,350,265,890,804,existing,1014.8212667369628,350,232,890,691,existing,1763.0417414675017,350,242,890,650,existing,1352.9106531327388,350,167,890,823,allocated,1346.9021458143245,350,248,890,131,existing,1737.9369620169145,350,244,890,691,existing,1763.0417414675017,350,250,890,691,existing,1763.0417414675017
351,351,64,895,288,allocated,970.4148038904385,351,64,895,573,existing,420.6240791466971,351,64,895,288,allocated,970.4148038904385,351,167,895,823,allocated,1114.3721265509464,351,91,895,440,allocated,1175.5636561013073,351,237,895,197,existing,1789.2929129545523,351,120,895,551,allocated,1288.6071905584097,351,238,895,197,existing,1789.2929129545523,351,246,895,699,existing,2166.1903414236135,351,236,895,197,existing,1789.2929129545523,351,241,895,486,existing,1825.3195534149138,351,247,895,699,existing,2166.1903414236135,351,248,895,131,existing,2183.2983109698334
352,352,64,896,288,allocated,851.1582955226863,352,64,896,573,existing,301.3675707789449,352,64,896,288,allocated,851.1582955226863,352,167,896,823,allocated,995.1156181831942,352,91,896,440,allocated,1205.0889098494283,352,241,896,486,existing,1854.8448071630348,352,120,896,551,allocated,1407.863698926162,352,248,896,131,existing,2064.041802602081,352,238,896,197,existing,1908.5494213223042,352,236,896,197,existing,1908.5494213223042,352,237,896,197,existing,1908.5494213223042,352,246,896,699,existing,2285.446849791366,352,263,896,151,existing,2201.4282898278093
353,353,64,897,288,allocated,887.8607334095782,353,64,897,573,existing,338.0700086658368,353,64,897,288,allocated,887.8607334095782,353,167,897,823,allocated,1031.8180560700862,353,91,897,440,allocated,1241.7913477363202,353,120,897,551,allocated,1371.16126103927,353,238,897,197,existing,1871.8469834354123,353,248,897,131,existing,2100.744240488973,353,241,897,486,existing,1891.5472450499267,353,236,897,197,existing,1871.8469834354123,353,237,897,197,existing,1871.8469834354123,353,263,897,151,existing,2238.1307277147016,353,247,897,699,existing,2248.744411904474
354,354,16,898,92,allocated,508.5716793289647,354,16,898,92,allocated,508.5716793289647,354,16,898,159,allocated,263.3877662276859,354,263,898,151,existing,691.364490598708,354,261,898,804,existing,696.0299303167047,354,265,898,804,existing,696.0299303167047,354,248,898,131,existing,865.4505847616297,354,244,898,691,existing,890.5553642122168,354,250,898,691,existing,890.5553642122168,354,249,898,565,existing,936.2859531441652,354,232,898,691,existing,890.5553642122168,354,242,898,650,existing,1034.119316712481,354,230,898,554,existing,1000.8290365296876
355,355,64,902,288,allocated,541.9575695221737,355,64,902,573,existing,503.9199008474019,355,64,902,823,allocated,457.6774632913574,355,167,902,823,allocated,457.6774632913574,355,91,902,440,allocated,867.6995000856559,355,241,902,486,existing,1517.4553973992627,355,120,902,551,allocated,1497.3153867895792,355,263,902,151,existing,1663.9901349359727,355,236,902,197,existing,1680.09665818772,355,237,902,197,existing,1680.09665818772,355,248,902,131,existing,1526.6036477102446,355,249,902,565,existing,1819.249709762012,355,238,902,197,existing,1680.09665818772
356,356,64,903,288,allocated,556.488691713141,356,64,903,573,existing,384.18734019322494,356,64,903,288,allocated,556.488691713141,356,167,903,823,allocated,577.4100239455344,356,91,903,440,allocated,831.6999995090617,356,241,903,486,existing,1481.4558968226681,356,120,903,551,allocated,1377.582826135402,356,238,903,197,existing,1644.0971576111258,356,237,903,197,existing,1644.0971576111258,356,236,903,197,existing,1644.0971576111258,356,248,903,131,existing,1646.3362083644215,356,263,903,151,existing,1783.7226955901497,356,249,903,565,existing,1938.9822704161888
357,357,64,904,288,allocated,700.5700923851151,357,64,904,849,existing,353.3281083597491,357,64,904,823,allocated,667.2861636908976,357,167,904,823,allocated,667.2861636908976,357,91,904,440,allocated,687.6185988370876,357,120,904,551,allocated,1352.8638410762826,357,241,904,486,existing,1337.374496150694,357,238,904,197,existing,1500.0157569391517,357,237,904,197,existing,1500.0157569391517,357,248,904,131,existing,1516.523762659531,357,236,904,197,existing,1500.0157569391517,357,263,904,151,existing,1653.9102498852592,357,249,904,565,existing,1809.1698247112984
358,358,64,905,288,allocated,570.9199985732389,358,64,905,849,existing,514.0020191074132,358,64,905,823,allocated,336.3195833113327,358,167,905,823,allocated,336.3195833113327,358,91,905,440,allocated,848.2925095847515,358,241,905,486,existing,1494.0149244635204,358,248,905,131,existing,1405.2457677302198,358,238,905,197,existing,1660.689667686816,358,120,905,551,allocated,1513.5377518239468,358,236,905,197,existing,1660.689667686816,358,263,905,151,existing,1542.632254955948,358,237,905,197,existing,1660.689667686816,358,249,905,565,existing,1697.891829781987
359,359,225,909,296,existing,354.04195973108995,359,225,909,768,existing,536.3292040825465,359,225,909,873,allocated,158.24307438181148,359,91,909,440,allocated,565.9346421718046,359,241,909,486,existing,634.3955968417063,359,237,909,197,existing,691.3788899555351,359,238,909,197,existing,691.3788899555351,359,120,909,551,allocated,1180.3284134953283,359,248,909,131,existing,1016.2203232406976,359,236,909,197,existing,691.3788899555351,359,167,909,823,allocated,1070.7199335765545,359,249,909,565,existing,1308.8663852924649,359,244,909,691,existing,1354.5969742244133
360,360,192,916,1014,allocated,939.4275350337241,360,192,916,688,existing,832.3346350618178,360,192,916,531,allocated,933.5030205198202,360,91,916,440,allocated,947.7493326665412,360,120,916,551,allocated,1006.1749025413785,360,236,916,197,existing,1506.860624937521,360,237,916,197,existing,1506.860624937521,360,246,916,699,existing,1883.7580534065823,360,238,916,197,existing,1506.860624937521,360,167,916,823,allocated,1625.2643965150226,360,241,916,486,existing,1840.89267105588,360,247,916,699,existing,1883.7580534065823,360,248,916,131,existing,2222.717397454871
361,361,222,918,658,existing,70.32387231422862,361,222,918,92,allocated,530.6348314661793,361,222,918,659,allocated,28.1773817123633,361,167,918,823,allocated,736.6257621198654,361,263,918,151,existing,867.2540589546779,361,232,918,691,existing,964.5920303658118,361,248,918,131,existing,878.937206368928,361,91,918,440,allocated,1259.8924418398792,361,249,918,565,existing,1010.3226192977602,361,244,918,691,existing,964.5920303658118,361,250,918,691,existing,964.5920303658118,361,241,918,486,existing,1260.7619327679192,361,265,918,804,existing,1353.557803199495
362,362,211,920,699,existing,508.04292419748447,362,211,920,314,existing,202.86873372215143,362,211,920,747,allocated,33.26985822300111,362,120,920,551,allocated,438.14585351216743,362,247,920,699,existing,508.04292419748447,362,246,920,699,existing,508.04292419748447,362,237,920,197,existing,575.2031882158237,362,241,920,486,existing,1196.3698065243016,362,238,920,197,existing,575.2031882158237,362,236,920,197,existing,575.2031882158237,362,91,920,440,allocated,1157.8760352952243,362,248,920,131,existing,1578.1945329232929,362,231,920,230,existing,1563.8298852971384
363,363,192,927,1014,allocated,583.1591383776836,363,192,927,374,existing,512.2729574662651,363,192,927,541,allocated,428.3927085871696,363,91,927,440,allocated,571.9883776176168,363,120,927,551,allocated,649.9065058853378,363,238,927,197,existing,830.3861916820091,363,236,927,197,existing,830.3861916820091,363,246,927,699,existing,1293.148493997872,363,247,927,699,existing,1293.148493997872,363,241,927,486,existing,1132.3427356109357,363,237,927,197,existing,830.3861916820091,363,167,927,823,allocated,1391.4666646159963,363,248,927,131,existing,1514.167462009927
364,364,214,929,811,existing,375.8752711976454,364,214,929,458,allocated,631.4941893336384,364,214,929,194,allocated,57.22482731475692,364,263,929,151,existing,505.89812412289234,364,230,929,554,existing,607.3085507241715,364,261,929,804,existing,901.0187980030755,364,242,929,650,existing,895.3396778423828,364,232,929,691,existing,1779.6697012748557,364,167,929,823,allocated,1706.1510777549033,364,265,929,804,existing,901.0187980030755,364,248,929,131,existing,1754.5649218242686,364,244,929,691,existing,1779.6697012748557,364,250,929,691,existing,1779.6697012748557
365,365,225,933,296,existing,442.6818868970744,365,225,933,768,existing,624.969131248531,365,225,933,933,allocated,0.0,365,91,933,440,allocated,719.2418357807942,365,241,933,486,existing,723.0355240076906,365,238,933,197,existing,780.0188171215195,365,237,933,197,existing,780.0188171215195,365,167,933,823,allocated,1255.1142276679204,365,120,933,551,allocated,923.0794320344265,365,248,933,131,existing,1104.8602504066819,365,236,933,197,existing,780.0188171215195,365,232,933,691,existing,1443.2369013903976,365,249,933,565,existing,1397.5063124584492
366,366,209,970,958,existing,49.50786636255984,366,209,970,374,existing,661.4467750177404,366,209,970,958,allocated,49.50786636255984,366,237,970,197,existing,72.10780778379137,366,238,970,197,existing,72.10780778379137,366,120,970,551,allocated,523.8132265986677,366,236,970,197,existing,72.10780778379137,366,246,970,699,existing,1055.3871238318854,366,248,970,131,existing,1030.8503332888918,366,247,970,699,existing,1055.3871238318854,366,241,970,486,existing,649.0256068899005,366,249,970,565,existing,1323.4963953406589,366,91,970,440,allocated,1092.2264506368194
367,367,192,989,1014,allocated,274.20992286274213,367,192,989,374,existing,396.0825965581083,367,192,989,198,allocated,50.27926311689032,367,120,989,551,allocated,258.44904813903565,367,238,989,197,existing,327.26064305639045,367,237,989,197,existing,327.26064305639045,367,236,989,197,existing,327.26064305639045,367,247,989,699,existing,790.0229453722534,367,91,989,440,allocated,875.8960141204553,367,246,989,699,existing,790.0229453722534,367,241,989,486,existing,914.3897853495325,367,249,989,565,existing,1588.860573800291,367,248,989,131,existing,1296.2145117485238
368,368,192,1011,1014,allocated,527.8203775138768,368,192,1011,374,existing,456.9341966024584,368,192,1011,1014,allocated,527.8203775138768,368,91,1011,440,allocated,546.1333563854839,368,120,1011,551,allocated,594.5677450215311,368,238,1011,197,existing,1095.2534674176736,368,236,1011,197,existing,1095.2534674176736,368,247,1011,699,existing,1472.150895886735,368,167,1011,823,allocated,1349.8611708122883,368,241,1011,486,existing,1439.2766947748228,368,237,1011,197,existing,1095.2534674176736,368,248,1011,131,existing,1821.101421173814,368,246,1011,699,existing,1472.150895886735
369,369,192,1012,1014,allocated,633.3173902279805,369,192,1012,688,existing,526.2244902560743,369,192,1012,1014,allocated,633.3173902279805,369,91,1012,440,allocated,641.6391878607976,369,120,1012,551,allocated,700.0647577356349,369,238,1012,197,existing,1200.7504801317773,369,236,1012,197,existing,1200.7504801317773,369,237,1012,197,existing,1200.7504801317773,369,241,1012,486,existing,1534.7825262501365,369,247,1012,699,existing,1577.6479086008387,369,167,1012,823,allocated,1319.154251709279,369,246,1012,699,existing,1577.6479086008387,369,248,1012,131,existing,1916.607252649128
370,370,192,1013,1014,allocated,578.4194587491525,370,192,1013,374,existing,507.5332778377341,370,192,1013,1014,allocated,578.4194587491525,370,91,1013,440,allocated,596.7324376207596,370,120,1013,551,allocated,645.1668262568069,370,238,1013,197,existing,1145.8525486529493,370,236,1013,197,existing,1145.8525486529493,370,246,1013,699,existing,1522.7499771220107,370,167,1013,823,allocated,1374.052183188107,370,241,1013,486,existing,1489.8757760100984,370,237,1013,197,existing,1145.8525486529493,370,248,1013,131,existing,1871.7005024090897,370,247,1013,699,existing,1522.7499771220107
371,371,192,1014,1014,allocated,0.0,371,192,1014,374,existing,336.51204567074694,371,192,1014,1014,allocated,0.0,371,120,1014,551,allocated,306.43636524914933,371,236,1014,197,existing,567.4330899037969,371,238,1014,197,existing,567.4330899037969,371,237,1014,197,existing,567.4330899037969,371,91,1014,440,allocated,822.3585355992805,371,247,1014,699,existing,1030.1953922196599,371,246,1014,699,existing,1030.1953922196599,371,241,1014,486,existing,1188.5997082122747,371,167,1014,823,allocated,1641.83682259766,371,248,1014,131,existing,1570.424434611266
372,372,192,1015,1014,allocated,594.3215557008925,372,192,1015,374,existing,523.4353747894742,372,192,1015,1014,allocated,594.3215557008925,372,91,1015,440,allocated,612.6345345724997,372,120,1015,551,allocated,661.0689232085468,372,237,1015,197,existing,1161.7546456046894,372,238,1015,197,existing,1161.7546456046894,372,167,1015,823,allocated,1416.3623489993042,372,236,1015,197,existing,1161.7546456046894,372,247,1015,699,existing,1358.1389820409245,372,246,1015,699,existing,1358.1389820409245,372,248,1015,131,existing,1887.6025993608298,372,241,1015,486,existing,1505.7778729618385
373,373,192,1019,1014,allocated,676.4733277752232,373,192,1019,374,existing,339.96128210447625,373,192,1019,551,allocated,477.5948305235489,373,120,1019,551,allocated,477.5948305235489,373,91,1019,440,allocated,790.3294604193136,373,238,1019,197,existing,1029.2670457036393,373,236,1019,197,existing,1029.2670457036393,373,246,1019,699,existing,1093.4979905053585,373,167,1019,823,allocated,1609.8077474176932,373,247,1019,699,existing,1093.4979905053585,373,237,1019,197,existing,1029.2670457036393,373,241,1019,486,existing,1650.433664012117,373,248,1019,131,existing,2032.2583904111084
374,374,200,1020,743,existing,345.43882663014267,374,200,1020,849,existing,464.3065414618301,374,200,1020,823,allocated,370.03707158093516,374,167,1020,823,allocated,370.03707158093516,374,248,1020,131,existing,715.5313635524653,374,241,1020,486,existing,991.8854497289531,374,91,1020,440,allocated,893.3037513009488,374,232,1020,691,existing,1053.908014536181,374,249,1020,565,existing,1008.1774256042327,374,244,1020,691,existing,1053.908014536181,374,250,1020,691,existing,1053.908014536181,374,238,1020,197,existing,1375.5571502706134,374,263,1020,151,existing,1311.137533506441
375,375,216,1021,808,existing,306.4074381470093,375,216,1021,399,existing,129.08105723270953,375,216,1021,399,allocated,129.08105723270953,375,248,1021,131,existing,340.8601133978548,375,249,1021,565,existing,633.5061754496221,375,232,1021,691,existing,679.2367643815705,375,250,1021,691,existing,679.2367643815705,375,244,1021,691,existing,679.2367643815705,375,167,1021,823,allocated,885.5822246594194,375,236,1021,197,existing,1197.3207735518522,375,241,1021,486,existing,722.6848397968461,375,237,1021,197,existing,1197.3207735518522,375,238,1021,197,existing,1197.3207735518522
376,376,192,1022,1014,allocated,662.816938633875,376,192,1022,374,existing,591.9307577224566,376,192,1022,531,allocated,624.3220578092211,376,91,1022,440,allocated,681.1299175054821,376,120,1022,551,allocated,729.5643061415294,376,237,1022,197,existing,1230.2500285376718,376,238,1022,197,existing,1230.2500285376718,376,167,1022,823,allocated,1484.8577319322867,376,236,1022,197,existing,1230.2500285376718,376,246,1022,699,existing,1426.634364973907,376,247,1022,699,existing,1426.634364973907,376,241,1022,486,existing,1574.273255894821,376,248,1022,131,existing,1956.0979822938123
377,377,225,1023,296,existing,323.9546110307989,377,225,1023,768,existing,506.2418553822555,377,225,1023,1023,allocated,0.0,377,91,1023,440,allocated,600.5145599145187,377,241,1023,486,existing,604.3082481414151,377,238,1023,197,existing,661.291541255244,377,237,1023,197,existing,661.291541255244,377,167,1023,823,allocated,1136.386951801645,377,248,1023,131,existing,986.1329745404064,377,236,1023,197,existing,661.291541255244,377,120,1023,551,allocated,920.0368516913996,377,249,1023,565,existing,1278.7790365921737,377,232,1023,691,existing,1324.5096255241222
378,378,64,1028,288,allocated,619.5136952567087,378,64,1028,573,existing,241.4960723492697,378,64,1028,288,allocated,619.5136952567087,378,167,1028,823,allocated,763.4710179172166,378,91,1028,440,allocated,1145.2174114197533,378,241,1028,486,existing,1794.9733087333598,378,120,1028,551,allocated,1462.7655904021356,378,237,1028,197,existing,1957.6145695218174,378,248,1028,131,existing,1832.3972023361036,378,238,1028,197,existing,1957.6145695218174,378,236,1028,197,existing,1957.6145695218174,378,249,1028,565,existing,2125.043264387871,378,263,1028,151,existing,1969.7836895618318
379,379,200,1031,743,existing,644.7705072822625,379,200,1031,768,existing,349.3984390192472,379,200,1031,768,allocated,349.3984390192472,379,91,1031,440,allocated,464.36763788111324,379,167,1031,823,allocated,669.3687522330551,379,241,1031,486,existing,876.9486837520456,379,248,1031,131,existing,1028.2646780085079,379,237,1031,197,existing,1260.620384293706,379,249,1031,565,existing,1320.9107400602752,379,238,1031,197,existing,1260.620384293706,379,236,1031,197,existing,1260.620384293706,379,232,1031,691,existing,1366.6413289922236,379,120,1031,551,allocated,1353.4735409880477
380,380,192,1032,1014,allocated,689.9496987793211,380,192,1032,374,existing,619.0635178679026,380,192,1032,440,allocated,288.3169568464794,380,91,1032,440,allocated,288.3169568464794,380,120,1032,551,allocated,756.6970662869753,380,238,1032,197,existing,914.8397003303664,380,236,1032,197,existing,914.8397003303664,380,246,1032,699,existing,1377.6020026462295,380,167,1032,823,allocated,1107.7952438448588,380,241,1032,486,existing,1085.2534597542867,380,237,1032,197,existing,914.8397003303664,380,247,1032,699,existing,1377.6020026462295,380,248,1032,131,existing,1467.078186153278
381,381,212,1033,956,existing,710.3238851760414,381,212,1033,684,existing,661.8877266486512,381,212,1033,700,allocated,513.9461106161689,381,247,1033,699,existing,852.1636864499037,381,246,1033,699,existing,852.1636864499037,381,120,1033,551,allocated,1151.5488612886857,381,91,1033,440,allocated,1453.813367678863,381,238,1033,197,existing,1611.5451378823882,381,241,1033,486,existing,2232.7117561908663,381,236,1033,197,existing,1611.5451378823882,381,237,1033,197,existing,1611.5451378823882,381,167,1033,823,allocated,2257.5411821056678,381,231,1033,230,existing,2578.9281535990312
382,382,225,1035,296,existing,540.1025355290236,382,225,1035,768,existing,98.41153868493723,382,225,1035,768,allocated,98.41153868493723,382,241,1035,486,existing,493.7677652118083,382,248,1035,131,existing,580.4547003043235,382,249,1035,565,existing,873.1007623560909,382,167,1035,823,allocated,663.9275759403795,382,91,1035,440,allocated,895.3763248037004,382,236,1035,197,existing,877.4394657534688,382,237,1035,197,existing,877.4394657534688,382,238,1035,197,existing,877.4394657534688,382,232,1035,691,existing,918.8313512880393,382,244,1035,691,existing,918.8313512880393
383,383,225,1036,296,existing,641.0042011714472,383,225,1036,374,existing,782.9591393401258,383,225,1036,1023,allocated,317.0495901406484,383,91,1036,440,allocated,452.2125783187025,383,120,1036,551,allocated,682.1324839407885,383,237,1036,197,existing,750.9440788581433,383,238,1036,197,existing,750.9440788581433,383,246,1036,699,existing,1213.7063811740063,383,247,1036,699,existing,1213.7063811740063,383,236,1036,197,existing,750.9440788581433,383,241,1036,486,existing,921.3578382820635,383,167,1036,823,allocated,1271.690865317082,383,248,1036,131,existing,1303.1825646810548
384,384,200,1037,743,existing,586.286422652185,384,200,1037,849,existing,437.5708436594187,384,200,1037,768,allocated,445.5805338519914,384,91,1037,440,allocated,484.0193584624666,384,167,1037,823,allocated,610.8846676029775,384,241,1037,486,existing,973.1307785847897,384,248,1037,131,existing,1111.2535004255865,384,120,1037,551,allocated,1373.1252615694011,384,238,1037,197,existing,1296.4165165645309,384,237,1037,197,existing,1296.4165165645309,384,236,1037,197,existing,1296.4165165645309,384,249,1037,565,existing,1403.8995624773538,384,232,1037,691,existing,1449.6301514093022
385,385,214,1039,811,existing,340.8084429242466,385,214,1039,92,allocated,462.277142943047,385,214,1039,462,allocated,83.49002149275162,385,263,1039,151,existing,260.3886014753109,385,261,1039,804,existing,1144.5141399172487,385,230,1039,554,existing,1204.339218454617,385,265,1039,804,existing,1144.5141399172487,385,232,1039,691,existing,1681.402804121507,385,167,1039,823,allocated,1238.3237353173458,385,242,1039,650,existing,1482.603526313025,385,248,1039,131,existing,1656.2980246709199,385,244,1039,691,existing,1681.402804121507,385,250,1039,691,existing,1681.402804121507
386,386,192,1040,1014,allocated,830.3961774351026,386,192,1040,374,existing,759.5099965236841,386,192,1040,531,allocated,515.1379141460087,386,91,1040,440,allocated,848.7091563067097,386,120,1040,551,allocated,897.1435449427568,386,247,1040,699,existing,1265.4245777708095,386,246,1040,699,existing,1265.4245777708095,386,237,1040,197,existing,1397.8292673388994,386,238,1040,197,existing,1397.8292673388994,386,236,1040,197,existing,1397.8292673388994,386,167,1040,823,allocated,1652.4369707335143,386,248,1040,131,existing,2123.67722109504,386,241,1040,486,existing,1741.8524946960486
387,387,192,1041,1014,allocated,1073.871264117096,387,192,1041,688,existing,966.7783641451897,387,192,1041,1014,allocated,1073.871264117096,387,91,1041,440,allocated,1082.193061749913,387,120,1041,551,allocated,1140.6186316247504,387,236,1041,197,existing,1641.3043540208928,387,238,1041,197,existing,1641.3043540208928,387,167,1041,823,allocated,1759.7081255983944,387,241,1041,486,existing,1975.336400139252,387,237,1041,197,existing,1641.3043540208928,387,247,1041,699,existing,2018.2017824899542,387,246,1041,699,existing,2018.2017824899542,387,248,1041,131,existing,2357.161126538243
388,388,223,1045,936,existing,240.4928374193271,388,223,1045,776,allocated,273.83601028310295,388,223,1045,776,allocated,273.83601028310295,388,231,1045,230,existing,950.62384593525,388,229,1045,582,existing,1059.0113908881633,388,240,1045,145,existing,1165.674874777368,388,234,1045,348,existing,1384.664481992177,388,236,1045,197,existing,2313.2772294761353,388,228,1045,478,existing,2186.760827996977,388,238,1045,197,existing,2313.2772294761353,388,227,1045,494,existing,2219.1144268206144,388,237,1045,197,existing,2313.2772294761353,388,258,1045,946,existing,2543.042862953453
389,389,223,1046,936,existing,373.4392371229924,389,223,1046,776,allocated,207.5838224279043,389,223,1046,776,allocated,207.5838224279043,389,229,1046,582,existing,926.064991184498,389,240,1046,145,existing,1032.7284750737026,389,231,1046,230,existing,1083.5702456389151,389,234,1046,348,existing,1517.6108816958422,389,227,1046,494,existing,2086.1680271169494,389,258,1046,946,existing,2410.096463249788,389,259,1046,946,existing,2410.096463249788,389,228,1046,478,existing,2053.8144282933117,389,237,1046,197,existing,2446.2236291798004,389,260,1046,946,existing,2410.096463249788
390,390,192,1048,1014,allocated,496.3284262019287,390,192,1048,374,existing,233.56240853811883,390,192,1048,551,allocated,371.1959569571915,390,120,1048,551,allocated,371.1959569571915,390,91,1048,440,allocated,517.9099461497431,390,238,1048,197,existing,922.868172137282,390,237,1048,197,existing,922.868172137282,390,236,1048,197,existing,922.868172137282,390,246,1048,699,existing,1248.7791078223954,390,247,1048,699,existing,1248.7791078223954,390,167,1048,823,allocated,1337.3882331481227,390,241,1048,486,existing,1411.0532845390821,390,248,1048,131,existing,1792.8780109380732
391,391,192,1049,1014,allocated,1074.6741413789348,391,192,1049,688,existing,967.5812414070285,391,192,1049,1014,allocated,1074.6741413789348,391,91,1049,440,allocated,1082.995939011752,391,120,1049,551,allocated,1141.4215088865892,391,238,1049,197,existing,1642.1072312827316,391,237,1049,197,existing,1642.1072312827316,391,236,1049,197,existing,1642.1072312827316,391,247,1049,699,existing,2019.004659751793,391,241,1049,486,existing,1976.1392774010908,391,167,1049,823,allocated,1760.5110028602332,391,246,1049,699,existing,2019.004659751793,391,248,1049,131,existing,2357.9640038000816
392,392,64,1050,288,allocated,734.5700462646671,392,64,1050,573,existing,241.3095955970932,392,64,1050,288,allocated,734.5700462646671,392,167,1050,823,allocated,878.527368925175,392,91,1050,440,allocated,1145.0309346675767,392,120,1050,551,allocated,1462.5791136499593,392,241,1050,486,existing,1794.7868319811832,392,248,1050,131,existing,1947.453553344062,392,238,1050,197,existing,1957.428092769641,392,237,1050,197,existing,1957.428092769641,392,236,1050,197,existing,1957.428092769641,392,263,1050,151,existing,2084.8400405697903,392,249,1050,565,existing,2240.0996153958295
393,393,16,1054,92,allocated,528.0817446231952,393,16,1054,92,allocated,528.0817446231952,393,16,1054,309,allocated,185.5757272235926,393,263,1054,151,existing,603.4971844635019,393,167,1054,823,allocated,1062.752611324067,393,261,1054,804,existing,1487.6227229054398,393,265,1054,804,existing,1487.6227229054398,393,248,1054,131,existing,1534.4657302541,393,250,1054,691,existing,1559.570509704687,393,230,1054,554,existing,1543.1816652961263,393,244,1054,691,existing,1559.570509704687,393,249,1054,565,existing,1605.3010986366355,393,232,1054,691,existing,1559.570509704687
394,394,216,1055,808,existing,341.6657019657679,394,216,1055,399,existing,164.3393210514681,394,216,1055,773,allocated,102.15363843428125,394,248,1055,131,existing,376.11837721661334,394,249,1055,565,existing,668.7644392683807,394,244,1055,691,existing,714.4950282003291,394,232,1055,691,existing,714.4950282003291,394,237,1055,197,existing,1232.5790373706109,394,167,1055,823,allocated,920.8404884781779,394,250,1055,691,existing,714.4950282003291,394,241,1055,486,existing,757.9431036156047,394,238,1055,197,existing,1232.5790373706109,394,236,1055,197,existing,1232.5790373706109
395,395,192,1056,1014,allocated,703.3677841684228,395,192,1056,314,existing,319.48295084310064,395,192,1056,314,allocated,319.48295084310064,395,120,1056,551,allocated,554.7600706331166,395,246,1056,699,existing,930.0311309033343,395,238,1056,197,existing,948.603634099364,395,247,1056,699,existing,930.0311309033343,395,91,1056,440,allocated,1121.002303507252,395,236,1056,197,existing,948.603634099364,395,237,1056,197,existing,948.603634099364,395,241,1056,486,existing,1569.7702524078418,395,167,1056,823,allocated,1940.4805905056317,395,248,1056,131,existing,1951.5949788068328
396,396,192,1057,1014,allocated,732.313323847726,396,192,1057,374,existing,395.801278176979,396,192,1057,551,allocated,533.4348265960517,396,120,1057,551,allocated,533.4348265960517,396,91,1057,440,allocated,846.1694564918164,396,236,1057,197,existing,1085.107041776142,396,238,1057,197,existing,1085.107041776142,396,247,1057,699,existing,1149.3379865778613,396,246,1057,699,existing,1149.3379865778613,396,167,1057,823,allocated,1665.647743490196,396,237,1057,197,existing,1085.107041776142,396,241,1057,486,existing,1706.27366008462,396,248,1057,131,existing,2088.098386483611
397,397,192,1058,1014,allocated,897.388846742582,397,192,1058,573,existing,361.4096036514205,397,192,1058,440,allocated,890.2415778275752,397,91,1058,440,allocated,890.2415778275752,397,120,1058,551,allocated,964.1362142502362,397,236,1058,197,existing,1464.821936646379,397,167,1058,823,allocated,1207.6962566149268,397,241,1058,486,existing,1644.1147022891953,397,247,1058,699,existing,1841.7193651154403,397,238,1058,197,existing,1464.821936646379,397,237,1058,197,existing,1464.821936646379,397,248,1058,131,existing,2005.3121604465507,397,246,1058,699,existing,1841.7193651154403
398,398,212,1059,956,existing,715.0419542375191,398,212,1059,684,existing,622.358495100957,398,212,1059,700,allocated,518.6641796776468,398,247,1059,699,existing,856.8817555113815,398,246,1059,699,existing,856.8817555113815,398,120,1059,551,allocated,991.3620744582719,398,91,1059,440,allocated,1304.0967043540368,398,241,1059,486,existing,2072.5249693604524,398,237,1059,197,existing,1451.3583510519745,398,238,1059,197,existing,1451.3583510519745,398,236,1059,197,existing,1451.3583510519745,398,167,1059,823,allocated,2123.5749913524164,398,248,1059,131,existing,2454.3496957594434
399,399,212,1060,956,existing,737.1790400060498,399,212,1060,684,existing,644.4955808694878,399,212,1060,700,allocated,540.8012654461775,399,246,1060,699,existing,879.0188412799122,399,247,1060,699,existing,879.0188412799122,399,120,1060,551,allocated,1013.4991602268026,399,91,1060,440,allocated,1326.2337901225676,399,237,1060,197,existing,1473.4954368205053,399,236,1060,197,existing,1473.4954368205053,399,238,1060,197,existing,1473.4954368205053,399,241,1060,486,existing,2094.662055128983,399,167,1060,823,allocated,2145.712077120947,399,248,1060,131,existing,2476.486781527974
400,400,192,1061,1014,allocated,822.1210102331029,400,192,1061,688,existing,715.0281102611966,400,192,1061,1014,allocated,822.1210102331029,400,91,1061,440,allocated,830.44280786592,400,120,1061,551,allocated,888.8683777407573,400,238,1061,197,existing,1389.5541001368997,400,236,1061,197,existing,1389.5541001368997,400,241,1061,486,existing,1723.5861462552589,400,167,1061,823,allocated,1507.9578717144013,400,246,1061,699,existing,1766.4515286059611,400,237,1061,197,existing,1389.5541001368997,400,247,1061,699,existing,1766.4515286059611,400,248,1061,131,existing,2105.41087265425
401,401,192,1062,1014,allocated,1088.8191643736288,401,192,1062,374,existing,1017.9329834622102,401,192,1062,531,allocated,773.5609010845349,401,91,1062,440,allocated,1107.132143245236,401,120,1062,551,allocated,1155.566531881283,401,246,1062,699,existing,1258.4705107309321,401,247,1062,699,existing,1258.4705107309321,401,237,1062,197,existing,1656.2522542774257,401,238,1062,197,existing,1656.2522542774257,401,236,1062,197,existing,1656.2522542774257,401,167,1062,823,allocated,1910.8599576720405,401,248,1062,131,existing,2382.100208033566,401,241,1062,486,existing,2000.2754816345748
402,402,64,1065,288,allocated,664.0744350014616,402,64,1065,573,existing,442.20358071853565,402,64,1065,288,allocated,664.0744350014616,402,167,1065,823,allocated,808.0317576619696,402,91,1065,440,allocated,1314.6722474646836,402,120,1065,551,allocated,1663.4730987714015,402,248,1065,131,existing,1876.9579420808566,402,238,1065,197,existing,2127.0694055667477,402,263,1065,151,existing,2014.3444293065847,402,241,1065,486,existing,1964.42814477829,402,237,1065,197,existing,2127.0694055667477,402,249,1065,565,existing,2169.604004132624,402,236,1065,197,existing,2127.0694055667477
403,403,212,1075,956,existing,800.0036953303477,403,212,1075,684,existing,266.8687260918965,403,212,1075,304,allocated,239.68822324696276,403,120,1075,551,allocated,772.0168851214466,403,247,1075,699,existing,941.84349660421,403,237,1075,197,existing,1165.860448587694,403,246,1075,699,existing,941.84349660421,403,238,1075,197,existing,1165.860448587694,403,91,1075,440,allocated,1177.32407305169,403,241,1075,486,existing,1787.0270668961716,403,236,1075,197,existing,1165.860448587694,403,167,1075,823,allocated,1996.8023600500696,403,248,1075,131,existing,2168.851793295163
404,404,212,1076,956,existing,827.4116214543017,404,212,1076,684,existing,294.2766522158505,404,212,1076,304,allocated,267.0961493709167,404,120,1076,551,allocated,799.4248112454006,404,246,1076,699,existing,969.251422728164,404,238,1076,197,existing,1193.268374711648,404,247,1076,699,existing,969.251422728164,404,91,1076,440,allocated,1204.731999175644,404,237,1076,197,existing,1193.268374711648,404,241,1076,486,existing,1814.4349930201256,404,236,1076,197,existing,1193.268374711648,404,248,1076,131,existing,2196.259719419117,404,167,1076,823,allocated,2024.2102861740236
405,405,212,1079,956,existing,609.8042486929081,405,212,1079,684,existing,561.368090165518,405,212,1079,700,allocated,413.4264741330357,405,246,1079,699,existing,751.6440499667706,405,247,1079,699,existing,751.6440499667706,405,120,1079,551,allocated,1051.0292248055525,405,91,1079,440,allocated,1363.7638547013173,405,238,1079,197,existing,1511.025501399255,405,236,1079,197,existing,1511.025501399255,405,237,1079,197,existing,1511.025501399255,405,241,1079,486,existing,2132.1921197077327,405,231,1079,230,existing,2478.4085171158977,405,167,1079,823,allocated,2183.2421416996967
406,406,212,1080,956,existing,813.1636950781142,406,212,1080,684,existing,764.727536550724,406,212,1080,700,allocated,616.7859205182417,406,246,1080,699,existing,955.0034963519765,406,247,1080,699,existing,955.0034963519765,406,91,1080,440,allocated,1556.6531775809358,406,120,1080,551,allocated,1254.3886711907585,406,241,1080,486,existing,2335.551566092939,406,237,1080,197,existing,1714.384947784461,406,236,1080,197,existing,1714.384947784461,406,238,1080,197,existing,1714.384947784461,406,231,1080,230,existing,2681.767963501104,406,167,1080,823,allocated,2360.3809920077406
