,assign_from_var_id_grocery,assign_to_var_id_grocery,assign_from_node_id_grocery,assign_to_node_id_grocery,assign_type_grocery,dist_grocery,assign_from_var_id_school,assign_to_var_id_school,assign_from_node_id_school,assign_to_node_id_school,assign_type_school,dist_school,assign_from_var_id_healthcare,assign_to_var_id_healthcare,assign_from_node_id_healthcare,assign_to_node_id_healthcare,assign_type_healthcare,dist_healthcare,0_assign_from_var_id_restaurant,0_assign_to_var_id_restaurant,0_assign_from_node_id_restaurant,0_assign_to_node_id_restaurant,0_assign_type_restaurant,0_dist_restaurant,1_assign_from_var_id_restaurant,1_assign_to_var_id_restaurant,1_assign_from_node_id_restaurant,1_assign_to_node_id_restaurant,1_assign_type_restaurant,1_dist_restaurant,2_assign_from_var_id_restaurant,2_assign_to_var_id_restaurant,2_assign_from_node_id_restaurant,2_assign_to_node_id_restaurant,2_assign_type_restaurant,2_dist_restaurant,3_assign_from_var_id_restaurant,3_assign_to_var_id_restaurant,3_assign_from_node_id_restaurant,3_assign_to_node_id_restaurant,3_assign_type_restaurant,3_dist_restaurant,4_assign_from_var_id_restaurant,4_assign_to_var_id_restaurant,4_assign_from_node_id_restaurant,4_assign_to_node_id_restaurant,4_assign_type_restaurant,4_dist_restaurant,5_assign_from_var_id_restaurant,5_assign_to_var_id_restaurant,5_assign_from_node_id_restaurant,5_assign_to_node_id_restaurant,5_assign_type_restaurant,5_dist_restaurant,6_assign_from_var_id_restaurant,6_assign_to_var_id_restaurant,6_assign_from_node_id_restaurant,6_assign_to_node_id_restaurant,6_assign_type_restaurant,6_dist_restaurant,7_assign_from_var_id_restaurant,7_assign_to_var_id_restaurant,7_assign_from_node_id_restaurant,7_assign_to_node_id_restaurant,7_assign_type_restaurant,7_dist_restaurant,8_assign_from_var_id_restaurant,8_assign_to_var_id_restaurant,8_assign_from_node_id_restaurant,8_assign_to_node_id_restaurant,8_assign_type_restaurant,8_dist_restaurant,9_assign_from_var_id_restaurant,9_assign_to_var_id_restaurant,9_assign_from_node_id_restaurant,9_assign_to_node_id_restaurant,9_assign_type_restaurant,9_dist_restaurant
0,0,200,5,743,existing,595.0859675634036,0,200,5,849,existing,244.52587722915848,0,200,5,440,allocated,218.03536170286912,0,241,5,486,existing,867.7912590164756,0,237,5,197,existing,1030.4325198049332,0,236,5,197,existing,1030.4325198049332,0,238,5,197,existing,1030.4325198049332,0,249,5,565,existing,1542.262047467234,0,263,5,151,existing,1545.1080187546688,0,248,5,131,existing,1249.6159854154669,0,250,5,691,existing,1587.9926363991826,0,244,5,691,existing,1587.9926363991826,0,232,5,691,existing,1587.9926363991826
1,1,225,8,296,existing,1007.6717995941259,1,225,8,688,existing,391.24666081050077,1,225,8,440,allocated,248.94359903611397,1,237,8,197,existing,1140.8480264669633,1,238,8,197,existing,1140.8480264669633,1,241,8,486,existing,1288.025436704742,1,236,8,197,existing,1140.8480264669633,1,247,8,699,existing,1517.7454549360245,1,246,8,699,existing,1517.7454549360245,1,248,8,131,existing,1669.8501631037334,1,249,8,565,existing,1962.4962251555007,1,250,8,691,existing,2008.2268140874492,1,244,8,691,existing,2008.2268140874492
2,2,225,9,296,existing,841.5986857516647,2,225,9,849,existing,545.4317241256805,2,225,9,440,allocated,82.87048519365283,2,238,9,197,existing,1120.286171983193,2,236,9,197,existing,1120.286171983193,2,237,9,197,existing,1120.286171983193,2,241,9,486,existing,1121.9523228622809,2,248,9,131,existing,1503.7770492612722,2,247,9,699,existing,1583.0484742990561,2,249,9,565,existing,1796.4231113130395,2,246,9,699,existing,1583.0484742990561,2,244,9,691,existing,1842.153700244988,2,232,9,691,existing,1842.153700244988
3,3,208,16,197,existing,990.0375395978452,3,208,16,374,existing,351.71826878262993,3,208,16,1014,allocated,422.6044496940483,3,238,16,197,existing,990.0375395978452,3,236,16,197,existing,990.0375395978452,3,241,16,486,existing,1334.0607669549943,3,237,16,197,existing,990.0375395978452,3,248,16,131,existing,1715.8854933539856,3,247,16,699,existing,1366.9349680669065,3,246,16,699,existing,1366.9349680669065,3,249,16,565,existing,2008.531555405753,3,232,16,691,existing,2054.262144337701,3,244,16,691,existing,2054.262144337701
4,4,208,17,197,existing,1087.4906931552382,4,208,17,374,existing,449.1714223400227,4,208,17,1014,allocated,520.0576032514412,4,237,17,197,existing,1087.4906931552382,4,238,17,197,existing,1087.4906931552382,4,241,17,486,existing,1431.5139205123871,4,236,17,197,existing,1087.4906931552382,4,249,17,565,existing,2105.9847089631457,4,247,17,699,existing,1432.4029344903759,4,246,17,699,existing,1432.4029344903759,4,248,17,131,existing,1813.3386469113784,4,232,17,691,existing,2151.7152978950944,4,250,17,691,existing,2151.7152978950944
5,5,222,18,658,existing,500.8175075678621,5,222,18,472,existing,962.7467737385874,5,222,18,92,allocated,198.5670091716775,5,263,18,151,existing,528.4896404441539,5,248,18,131,existing,1054.7297405812,5,244,18,691,existing,1079.8345200317872,5,232,18,691,existing,1079.8345200317872,5,261,18,804,existing,1221.2899995286302,5,265,18,804,existing,1221.2899995286302,5,249,18,565,existing,1125.5651089637358,5,250,18,691,existing,1079.8345200317872,5,230,18,554,existing,1466.7428661092247,5,241,18,486,existing,1436.5544669801914
6,6,222,19,658,existing,453.8361063588235,6,222,19,472,existing,915.7653725295488,6,222,19,92,allocated,244.25884082096798,6,263,19,151,existing,574.1814720934444,6,248,19,131,existing,1012.8588384240319,6,250,19,691,existing,1037.963617874619,6,232,19,691,existing,1037.963617874619,6,261,19,804,existing,1206.2492183949294,6,244,19,691,existing,1037.963617874619,6,249,19,565,existing,1083.6942068065675,6,265,19,804,existing,1206.2492183949294,6,230,19,554,existing,1512.434697758515,6,241,19,486,existing,1394.683564823023
7,7,216,20,808,existing,258.83850426570064,7,216,20,399,existing,445.48476223142393,7,216,20,20,allocated,0.0,7,248,20,131,existing,293.2911795165461,7,244,20,691,existing,378.94600351342984,7,250,20,691,existing,378.94600351342984,7,232,20,691,existing,378.94600351342984,7,261,20,804,existing,767.9117763471132,7,241,20,486,existing,675.1159059155374,7,265,20,804,existing,767.9117763471132,7,249,20,565,existing,424.67659244537833,7,242,20,650,existing,1106.0011627428894,7,263,20,151,existing,1237.3489296998252
8,8,214,22,811,existing,334.4284695138216,8,214,22,472,existing,999.1534334320534,8,214,22,92,allocated,76.91320810937765,8,263,22,151,existing,259.706019379121,8,261,22,804,existing,1120.5607221789126,8,265,22,804,existing,1120.5607221789126,8,230,22,554,existing,1197.959245044192,8,232,22,691,existing,1296.0388692878378,8,248,22,131,existing,1270.9340898372507,8,244,22,691,existing,1296.0388692878378,8,250,22,691,existing,1296.0388692878378,8,242,22,650,existing,1458.6501085746886,8,249,22,565,existing,1341.7694582197862
9,9,214,23,811,existing,371.2295980336638,9,214,23,472,existing,1035.9545619518958,9,214,23,92,allocated,113.71433662921993,9,263,23,151,existing,296.5071478989633,9,265,23,804,existing,1083.75959365907,9,261,23,804,existing,1083.75959365907,9,248,23,131,existing,1234.1329613174084,9,250,23,691,existing,1259.2377407679955,9,232,23,691,existing,1259.2377407679955,9,244,23,691,existing,1259.2377407679955,9,230,23,554,existing,1234.7603735640341,9,249,23,565,existing,1304.968329699944,9,242,23,650,existing,1421.8489800548462
10,10,200,24,743,existing,238.7491437350513,10,200,24,849,existing,357.61685856673864,10,200,24,823,allocated,263.3473886858438,10,248,24,131,existing,822.2210464475568,10,241,24,486,existing,894.3479524663439,10,232,24,691,existing,1160.5976974312725,10,249,24,565,existing,1114.867108499324,10,250,24,691,existing,1160.5976974312725,10,244,24,691,existing,1160.5976974312725,10,263,24,151,existing,1204.4478506113496,10,236,24,197,existing,1278.0196530080043,10,238,24,197,existing,1278.0196530080043,10,237,24,197,existing,1278.0196530080043
11,11,200,25,743,existing,298.29514722058263,11,200,25,768,existing,337.05483497570424,11,200,25,823,allocated,322.8933921713751,11,248,25,131,existing,823.2622249939841,11,241,25,486,existing,834.8019489808125,11,232,25,691,existing,1161.6388759776999,11,249,25,565,existing,1115.9082870457514,11,250,25,691,existing,1161.6388759776999,11,237,25,197,existing,1218.4736495224731,11,238,25,197,existing,1218.4736495224731,11,244,25,691,existing,1161.6388759776999,11,263,25,151,existing,1263.9938540968808,11,236,25,197,existing,1218.4736495224731
12,12,200,26,743,existing,441.4024245211223,12,200,26,768,existing,323.0372699028783,12,200,26,768,allocated,323.0372699028783,12,248,26,131,existing,706.8537724429209,12,241,26,486,existing,718.3934964297493,12,249,26,565,existing,999.4998344946882,12,244,26,691,existing,1045.2304234266367,12,250,26,691,existing,1045.2304234266367,12,237,26,197,existing,1102.0651969714097,12,232,26,691,existing,1045.2304234266367,12,238,26,197,existing,1102.0651969714097,12,236,26,197,existing,1102.0651969714097,12,263,26,151,existing,1407.1011313974204
13,13,200,27,743,existing,514.8782654251256,13,200,27,768,existing,222.86260424939854,13,200,27,768,allocated,222.86260424939854,13,248,27,131,existing,606.6791067894412,13,241,27,486,existing,618.2188307762696,13,249,27,565,existing,899.3251688412086,13,232,27,691,existing,945.055757773157,13,250,27,691,existing,945.055757773157,13,238,27,197,existing,1001.89053131793,13,236,27,197,existing,1001.89053131793,13,244,27,691,existing,945.055757773157,13,263,27,151,existing,1480.576972301424,13,237,27,197,existing,1001.89053131793
14,14,202,32,553,existing,174.56469340671015,14,202,32,472,existing,2119.9070634400823,14,202,32,30,allocated,35.1641702889322,14,230,32,554,existing,260.12941827048456,14,242,32,650,existing,869.206959980306,14,263,32,151,existing,1169.6505458802199,14,265,32,804,existing,1185.7138734424975,14,261,32,804,existing,1185.7138734424975,14,251,32,594,existing,1562.4446427457362,14,253,32,594,existing,1562.4446427457362,14,252,32,594,existing,1562.4446427457362,14,254,32,471,existing,1585.48634163953,14,233,32,594,existing,1562.4446427457362
15,15,208,35,197,existing,1455.4060774657614,15,208,35,688,existing,780.8800875900582,15,208,35,1014,allocated,887.9729875619645,15,237,35,197,existing,1455.4060774657614,15,238,35,197,existing,1455.4060774657614,15,241,35,486,existing,1789.4381235841206,15,236,35,197,existing,1455.4060774657614,15,248,35,131,existing,2171.2628499831117,15,246,35,699,existing,1832.3035059348229,15,249,35,565,existing,2463.908912034879,15,247,35,699,existing,1832.3035059348229,15,232,35,691,existing,2509.6395009668277,15,244,35,691,existing,2509.6395009668277
16,16,208,36,197,existing,1496.140936782406,16,208,36,688,existing,821.6149469067029,16,208,36,1014,allocated,928.7078468786092,16,238,36,197,existing,1496.140936782406,16,237,36,197,existing,1496.140936782406,16,241,36,486,existing,1830.1729829007652,16,236,36,197,existing,1496.140936782406,16,246,36,699,existing,1873.0383652514674,16,249,36,565,existing,2504.6437713515234,16,248,36,131,existing,2211.997709299756,16,247,36,699,existing,1873.0383652514674,16,232,36,691,existing,2550.374360283472,16,250,36,691,existing,2550.374360283472
17,17,216,40,808,existing,410.76664338163926,17,216,40,399,existing,597.4129013473625,17,216,40,40,allocated,0.0,17,248,40,131,existing,445.2193186324847,17,244,40,691,existing,530.8741426293685,17,250,40,691,existing,530.8741426293685,17,232,40,691,existing,530.8741426293685,17,241,40,486,existing,827.044045031476,17,261,40,804,existing,919.839915463052,17,265,40,804,existing,919.839915463052,17,249,40,565,existing,576.604731561317,17,263,40,151,existing,1101.027862412333,17,242,40,650,existing,1257.9293018588282
18,18,208,59,197,existing,1205.1838931055886,18,208,59,688,existing,515.1888366820617,18,208,59,440,allocated,630.6035342867849,18,238,59,197,existing,1205.1838931055886,18,237,59,197,existing,1205.1838931055886,18,241,59,486,existing,1523.746872676124,18,236,59,197,existing,1205.1838931055886,18,248,59,131,existing,1905.571599075115,18,247,59,699,existing,1582.08132157465,18,246,59,699,existing,1582.08132157465,18,249,59,565,existing,2198.2176611268824,18,244,59,691,existing,2243.948250058831,18,232,59,691,existing,2243.948250058831
19,19,208,60,197,existing,1104.474752783421,19,208,60,374,existing,466.1554819682057,19,208,60,440,allocated,529.8943939646173,19,238,60,197,existing,1104.474752783421,19,236,60,197,existing,1104.474752783421,19,241,60,486,existing,1423.0377323539562,19,237,60,197,existing,1104.474752783421,19,247,60,699,existing,1481.3721812524823,19,246,60,699,existing,1481.3721812524823,19,248,60,131,existing,1804.8624587529475,19,249,60,565,existing,2097.508520804715,19,250,60,691,existing,2143.2391097366635,19,244,60,691,existing,2143.2391097366635
20,20,200,61,743,existing,1452.1013307548856,20,200,61,573,existing,468.49863380437705,20,200,61,288,allocated,1018.2893585481185,20,241,61,486,existing,2021.975870188467,20,237,61,197,existing,2075.6804843477366,20,236,61,197,existing,2075.6804843477366,20,238,61,197,existing,2075.6804843477366,20,246,61,699,existing,2452.577912816798,20,247,61,699,existing,2452.577912816798,20,248,61,131,existing,2231.1728656275136,20,263,61,151,existing,2368.5593528532418,20,249,61,565,existing,2523.818927679281,20,232,61,691,existing,2569.549516611229
21,21,200,62,743,existing,1400.5075428857492,21,200,62,573,existing,416.90484593524087,21,200,62,288,allocated,966.6955706789822,21,241,62,486,existing,1970.3820823193307,21,237,62,197,existing,2024.0866964786,21,236,62,197,existing,2024.0866964786,21,238,62,197,existing,2024.0866964786,21,246,62,699,existing,2400.9841249476617,21,247,62,699,existing,2400.9841249476617,21,248,62,131,existing,2179.579077758377,21,263,62,151,existing,2316.9655649841056,21,244,62,691,existing,2517.955728742093,21,249,62,565,existing,2472.2251398101444
22,22,214,63,811,existing,587.4230511767244,22,214,63,472,existing,748.3470167379089,22,214,63,309,allocated,160.6163312677121,22,263,63,151,existing,507.0032097277886,22,265,63,804,existing,1391.1287481697266,22,230,63,554,existing,1450.9538267070945,22,261,63,804,existing,1391.1287481697266,22,248,63,131,existing,1570.461675646173,22,244,63,691,existing,1595.5664550967601,22,250,63,691,existing,1595.5664550967601,22,232,63,691,existing,1595.5664550967601,22,242,63,650,existing,1729.2181345655026,22,249,63,565,existing,1641.2970440287086
23,23,214,64,811,existing,543.8315703083641,23,214,64,472,existing,791.938497606269,23,214,64,309,allocated,204.20781213607225,23,263,64,151,existing,463.4117288594284,23,265,64,804,existing,1347.5372673013662,23,261,64,804,existing,1347.5372673013662,23,230,64,554,existing,1407.3623458387342,23,248,64,131,existing,1537.551980316178,23,250,64,691,existing,1562.6567597667652,23,244,64,691,existing,1562.6567597667652,23,232,64,691,existing,1562.6567597667652,23,242,64,650,existing,1685.6266536971425,23,249,64,565,existing,1608.3873486987136
24,24,214,65,811,existing,457.3728848179687,24,214,65,472,existing,868.226090465685,24,214,65,462,allocated,200.05446338647377,24,263,65,151,existing,376.953043369033,24,265,65,804,existing,1261.078581810971,24,230,65,554,existing,1320.903660348339,24,261,65,804,existing,1261.078581810971,24,244,65,691,existing,1520.6449901780747,24,232,65,691,existing,1520.6449901780747,24,248,65,131,existing,1495.5402107274876,24,250,65,691,existing,1520.6449901780747,24,242,65,650,existing,1599.167968206747,24,249,65,565,existing,1566.3755791100234
25,25,222,66,658,existing,526.8997746442544,25,222,66,472,existing,905.7075089068269,25,222,66,855,allocated,134.21041697540244,25,263,66,151,existing,523.0787726877198,25,248,66,131,existing,1402.0646340410622,25,265,66,804,existing,1407.2043111296578,25,261,66,804,existing,1407.2043111296578,25,250,66,691,existing,1427.1694134916493,25,244,66,691,existing,1427.1694134916493,25,230,66,554,existing,1467.0293896670257,25,232,66,691,existing,1427.1694134916493,25,249,66,565,existing,1472.900002423598,25,242,66,650,existing,1745.2936975254338
26,26,214,67,811,existing,470.2977798875703,26,214,67,472,existing,953.4045225734723,26,214,67,855,allocated,193.21370370295278,26,263,67,151,existing,338.95498412997983,26,265,67,804,existing,1259.9884109613622,26,261,67,804,existing,1259.9884109613622,26,230,67,554,existing,1333.8285554179406,26,248,67,131,existing,1410.3617786197003,26,250,67,691,existing,1435.4665580702874,26,232,67,691,existing,1435.4665580702874,26,244,67,691,existing,1435.4665580702874,26,242,67,650,existing,1598.0777973571383,26,249,67,565,existing,1481.1971470022359
27,27,222,68,658,existing,440.56927316918524,27,222,68,472,existing,844.0207537675636,27,222,68,855,allocated,47.879915500333325,27,263,68,151,existing,458.0514890093217,27,248,68,131,existing,1315.7341325659931,27,232,68,691,existing,1340.8389120165803,27,244,68,691,existing,1340.8389120165803,27,265,68,804,existing,1371.9130449752547,27,261,68,804,existing,1371.9130449752547,27,250,68,691,existing,1340.8389120165803,27,249,68,565,existing,1386.569500948529,27,230,68,554,existing,1449.311567840534,27,241,68,486,existing,1697.5588589649844
28,28,222,69,658,existing,412.3925757533008,28,222,69,472,existing,815.844056351679,28,222,69,855,allocated,89.74321312751049,28,263,69,151,existing,499.91478663649895,28,248,69,131,existing,1287.5574351501086,28,232,69,691,existing,1312.6622146006957,28,244,69,691,existing,1312.6622146006957,28,261,69,804,existing,1413.7763426024321,28,250,69,691,existing,1312.6622146006957,28,265,69,804,existing,1413.7763426024321,28,249,69,565,existing,1358.3928035326444,28,230,69,554,existing,1491.1748654677112,28,241,69,486,existing,1669.3821615491
29,29,222,70,658,existing,362.8888570520153,29,222,70,472,existing,766.3403376503936,29,222,70,855,allocated,104.80950029143332,29,263,70,151,existing,514.9810738004217,29,248,70,131,existing,1238.0537164488233,29,244,70,691,existing,1263.1584958994104,29,250,70,691,existing,1263.1584958994104,29,249,70,565,existing,1308.8890848313588,29,232,70,691,existing,1263.1584958994104,29,265,70,804,existing,1428.8426297663548,29,261,70,804,existing,1428.8426297663548,29,241,70,486,existing,1619.8784428478143,29,230,70,554,existing,1506.2411526316341
30,30,214,72,811,existing,716.2084625117609,30,214,72,399,existing,1060.9842305634265,30,214,72,159,allocated,227.556124262933,30,263,72,151,existing,641.4860123770604,30,265,72,804,existing,819.1946131193877,30,248,72,131,existing,908.7906478485488,30,261,72,804,existing,819.1946131193877,30,244,72,691,existing,933.8954272991359,30,249,72,565,existing,979.6260162310843,30,232,72,691,existing,933.8954272991359,30,250,72,691,existing,933.8954272991359,30,242,72,650,existing,1157.2839995151637,30,230,72,554,existing,1123.9937193323706
31,31,214,75,811,existing,545.1248066426161,31,214,75,472,existing,1062.719950558115,31,214,75,92,allocated,140.4797252354392,31,263,75,151,existing,470.40235650791556,31,261,75,804,existing,1077.7857450371343,31,248,75,131,existing,1086.9361479048232,31,265,75,804,existing,1077.7857450371343,31,249,75,565,existing,1157.7715162873587,31,244,75,691,existing,1112.0409273554103,31,250,75,691,existing,1112.0409273554103,31,232,75,691,existing,1112.0409273554103,31,242,75,650,existing,1415.8751314329104,31,230,75,554,existing,1382.584851250117
32,32,222,76,658,existing,544.7826677898671,32,222,76,472,existing,1006.7119339605924,32,222,76,92,allocated,242.53216939368258,32,263,76,151,existing,572.4548006661589,32,248,76,131,existing,1010.764580359195,32,232,76,691,existing,1035.869359809782,32,244,76,691,existing,1035.869359809782,32,261,76,804,existing,1177.3248393066253,32,265,76,804,existing,1177.3248393066253,32,250,76,691,existing,1035.869359809782,32,249,76,565,existing,1081.5999487417307,32,241,76,486,existing,1392.5893067581862,32,230,76,554,existing,1482.1239455196082
33,33,222,77,658,existing,667.3296488697517,33,222,77,399,existing,1034.5185246806032,33,222,77,92,allocated,370.8117935494393,33,263,77,151,existing,700.3406923301382,33,248,77,131,existing,882.3249419657253,33,244,77,691,existing,907.4297214163124,33,250,77,691,existing,907.4297214163124,33,261,77,804,existing,1048.8852009131556,33,265,77,804,existing,1048.8852009131556,33,232,77,691,existing,907.4297214163124,33,249,77,565,existing,953.160310348261,33,230,77,554,existing,1353.6843071261387,33,241,77,486,existing,1264.1496683647165
34,34,222,78,658,existing,709.8819362058546,34,222,78,399,existing,991.9662373445003,34,222,78,867,allocated,364.71481676508415,34,263,78,151,existing,742.892979666241,34,248,78,131,existing,839.7726546296225,34,232,78,691,existing,864.8774340802096,34,250,78,691,existing,864.8774340802096,34,261,78,804,existing,1006.3329135770528,34,244,78,691,existing,864.8774340802096,34,265,78,804,existing,1006.3329135770528,34,249,78,565,existing,910.6080230121581,34,230,78,554,existing,1311.1320197900357,34,241,78,486,existing,1221.5973810286137
35,35,222,79,658,existing,601.6089928508446,35,222,79,472,existing,854.2699109675301,35,222,79,309,allocated,266.53922549733346,35,263,79,151,existing,623.9626533936026,35,248,79,131,existing,1476.7738522476525,35,250,79,691,existing,1501.8786316982396,35,232,79,691,existing,1501.8786316982396,35,265,79,804,existing,1508.0881918355406,35,244,79,691,existing,1501.8786316982396,35,261,79,804,existing,1508.0881918355406,35,249,79,565,existing,1547.6092206301882,35,242,79,650,existing,1846.1775782313166,35,230,79,554,existing,1567.9132703729085
36,36,222,80,658,existing,553.5798508847656,36,222,80,472,existing,902.2990529336091,36,222,80,855,allocated,230.93048825897537,36,263,80,151,existing,641.1020617679638,36,248,80,131,existing,1428.7447102815736,36,232,80,691,existing,1453.8494897321607,36,250,80,691,existing,1453.8494897321607,36,244,80,691,existing,1453.8494897321607,36,265,80,804,existing,1554.9636177338969,36,249,80,565,existing,1499.5800786641094,36,261,80,804,existing,1554.9636177338969,36,241,80,486,existing,1810.5694366805649,36,230,80,554,existing,1615.9424123389877
37,37,214,81,811,existing,629.7918987904252,37,214,81,472,existing,1147.7807751977016,37,214,81,92,allocated,225.5405498750258,37,263,81,151,existing,555.0694486557246,37,261,81,804,existing,993.3717984465684,37,265,81,804,existing,993.3717984465684,37,248,81,131,existing,1001.8753232652366,37,249,81,565,existing,1072.7106916477724,37,244,81,691,existing,1026.9801027158237,37,250,81,691,existing,1026.9801027158237,37,232,81,691,existing,1026.9801027158237,37,242,81,650,existing,1331.4611848423447,37,230,81,554,existing,1298.1709046595513
38,38,222,82,658,existing,624.3445544460401,38,222,82,399,existing,1077.5036191043148,38,222,82,92,allocated,327.8266991257277,38,263,82,151,existing,657.3555979064265,38,248,82,131,existing,925.310036389437,38,232,82,691,existing,950.4148158400241,38,250,82,691,existing,950.4148158400241,38,244,82,691,existing,950.4148158400241,38,265,82,804,existing,1091.8702953368672,38,249,82,565,existing,996.1454047719726,38,261,82,804,existing,1091.8702953368672,38,230,82,554,existing,1396.6694015498501,38,241,82,486,existing,1307.1347627884284
39,39,200,83,743,existing,1411.1495108229246,39,200,83,573,existing,484.07708794858377,39,200,83,288,allocated,977.3375386161576,39,241,83,486,existing,2037.5543243326738,39,238,83,197,existing,2086.3145710642452,39,237,83,197,existing,2086.3145710642452,39,236,83,197,existing,2086.3145710642452,39,248,83,131,existing,2190.2210456955527,39,263,83,151,existing,2327.607532921281,39,247,83,699,existing,2463.2119995333064,39,246,83,699,existing,2463.2119995333064,39,249,83,565,existing,2482.86710774732,39,250,83,691,existing,2528.597696679268
40,40,200,84,743,existing,1505.0210376873888,40,200,84,573,existing,557.5211685425925,40,200,84,288,allocated,1071.209065480622,40,241,84,486,existing,2110.9984049266823,40,237,84,197,existing,2164.703019085952,40,238,84,197,existing,2164.703019085952,40,236,84,197,existing,2164.703019085952,40,263,84,151,existing,2421.479059785745,40,247,84,699,existing,2541.6004475550135,40,246,84,699,existing,2541.6004475550135,40,248,84,131,existing,2284.092572560017,40,249,84,565,existing,2576.738634611784,40,232,84,691,existing,2622.4692235437324
41,41,225,85,296,existing,601.4315899764285,41,225,85,374,existing,762.8304659901561,41,225,85,1023,allocated,277.4769789456297,41,237,85,197,existing,711.3714676631246,41,238,85,197,existing,711.3714676631246,41,236,85,197,existing,711.3714676631246,41,241,85,486,existing,881.7852270870449,41,246,85,699,existing,1174.1337699789876,41,249,85,565,existing,1556.2560155378035,41,248,85,131,existing,1263.6099534860361,41,247,85,699,existing,1174.1337699789876,41,244,85,691,existing,1601.986604469752,41,232,85,691,existing,1601.986604469752
42,42,225,86,296,existing,494.5970008622168,42,225,86,768,existing,676.8842452136735,42,225,86,1023,allocated,170.64238983141792,42,241,86,486,existing,774.950637972833,42,237,86,197,existing,818.2060567773365,42,236,86,197,existing,818.2060567773365,42,238,86,197,existing,818.2060567773365,42,248,86,131,existing,1156.7753643718243,42,249,86,565,existing,1449.4214264235916,42,247,86,699,existing,1280.9683590931993,42,246,86,699,existing,1280.9683590931993,42,244,86,691,existing,1495.15201535554,42,250,86,691,existing,1495.15201535554
43,43,225,87,296,existing,553.3521180211725,43,225,87,768,existing,432.52543107962134,43,225,87,89,allocated,258.16639191029464,43,241,87,486,existing,407.6247784767481,43,248,87,131,existing,789.4495048757394,43,238,87,197,existing,890.6890482456175,43,236,87,197,existing,890.6890482456175,43,249,87,565,existing,1082.0955669275065,43,244,87,691,existing,1127.826155859455,43,237,87,197,existing,890.6890482456175,43,250,87,691,existing,1127.826155859455,43,232,87,691,existing,1127.826155859455,43,261,87,804,existing,1785.7378868357982
44,44,225,88,296,existing,484.3049665216686,44,225,88,768,existing,540.9747586230524,44,225,88,89,allocated,189.1192404107908,44,241,88,486,existing,338.5776269772442,44,248,88,131,existing,720.4023533762355,44,236,88,197,existing,821.6418967461136,44,238,88,197,existing,821.6418967461136,44,244,88,691,existing,1058.7790043599512,44,249,88,565,existing,1013.0484154280027,44,250,88,691,existing,1058.7790043599512,44,237,88,197,existing,821.6418967461136,44,261,88,804,existing,1716.6907353362944,44,232,88,691,existing,1058.7790043599512
45,45,225,89,296,existing,295.1857261108777,45,225,89,768,existing,378.0918581663449,45,225,89,89,allocated,0.0,45,241,89,486,existing,149.45838656645344,45,248,89,131,existing,531.2831129654447,45,237,89,197,existing,632.5226563353228,45,238,89,197,existing,632.5226563353228,45,236,89,197,existing,632.5226563353228,45,249,89,565,existing,823.929175017212,45,250,89,691,existing,869.6597639491605,45,232,89,691,existing,869.6597639491605,45,265,89,804,existing,1527.5714949255034,45,244,89,691,existing,869.6597639491605
46,46,200,90,743,existing,487.880419200847,46,200,90,768,existing,347.17453040065334,46,200,90,768,allocated,347.17453040065334,46,241,90,486,existing,874.7247751334517,46,248,90,131,existing,1012.8474969742485,46,237,90,197,existing,1258.396475675112,46,236,90,197,existing,1258.396475675112,46,244,90,691,existing,1351.2241479579643,46,232,90,691,existing,1351.2241479579643,46,238,90,197,existing,1258.396475675112,46,249,90,565,existing,1305.4935590260159,46,250,90,691,existing,1351.2241479579643,46,263,90,151,existing,1453.5791260771452
47,47,200,91,743,existing,388.02793549824025,47,200,91,768,existing,247.32204669804662,47,200,91,768,allocated,247.32204669804662,47,241,91,486,existing,774.8722914308449,47,248,91,131,existing,912.9950132716417,47,237,91,197,existing,1158.5439919725054,47,236,91,197,existing,1158.5439919725054,47,249,91,565,existing,1205.641075323409,47,238,91,197,existing,1158.5439919725054,47,232,91,691,existing,1251.3716642553575,47,250,91,691,existing,1251.3716642553575,47,263,91,151,existing,1353.7266423745384,47,244,91,691,existing,1251.3716642553575
48,48,214,92,811,existing,411.3416776231992,48,214,92,472,existing,922.240225322676,48,214,92,92,allocated,0.0,48,263,92,151,existing,336.6192274884986,48,265,92,804,existing,1197.4739302882901,48,248,92,131,existing,1227.4158731402624,48,261,92,804,existing,1197.4739302882901,48,244,92,691,existing,1252.5206525908495,48,230,92,554,existing,1274.8724531535695,48,232,92,691,existing,1252.5206525908495,48,250,92,691,existing,1252.5206525908495,48,249,92,565,existing,1298.251241522798,48,242,92,650,existing,1535.5633166840662
49,49,214,93,811,existing,458.44337171068787,49,214,93,472,existing,976.0385156261866,49,214,93,92,allocated,53.79829030351089,49,263,93,151,existing,383.7209215759873,49,261,93,804,existing,1164.4671799690625,49,265,93,804,existing,1164.4671799690625,49,248,93,131,existing,1173.6175828367514,49,232,93,691,existing,1198.7223622873385,49,244,93,691,existing,1198.7223622873385,49,250,93,691,existing,1198.7223622873385,49,249,93,565,existing,1244.4529512192871,49,230,93,554,existing,1321.974147241058,49,242,93,650,existing,1502.5565663648388
50,50,212,94,956,existing,1348.1213427957975,50,212,94,374,existing,843.1209312886957,50,212,94,531,allocated,373.131884242982,50,238,94,197,existing,1481.440202103911,50,236,94,197,existing,1481.440202103911,50,246,94,699,existing,1489.96114406966,50,237,94,197,existing,1481.440202103911,50,241,94,486,existing,1825.46342946106,50,247,94,699,existing,1489.96114406966,50,248,94,131,existing,2207.288155860051,50,249,94,565,existing,2499.9342179118185,50,232,94,691,existing,2545.664806843767,50,250,94,691,existing,2545.664806843767
51,51,212,95,956,existing,1306.8560745978857,51,212,95,374,existing,869.8427986010353,51,212,95,531,allocated,331.8666160450701,51,246,95,699,existing,1448.695875871748,51,247,95,699,existing,1448.695875871748,51,237,95,197,existing,1508.1620694162507,51,238,95,197,existing,1508.1620694162507,51,236,95,197,existing,1508.1620694162507,51,241,95,486,existing,1852.1852967733996,51,249,95,565,existing,2526.6560852241582,51,248,95,131,existing,2234.010023172391,51,244,95,691,existing,2572.386674156107,51,250,95,691,existing,2572.386674156107
52,52,200,96,743,existing,1007.518330728416,52,200,96,573,existing,128.08482894040162,52,200,96,440,allocated,775.6365101300819,52,241,96,486,existing,1425.3924074436884,52,236,96,197,existing,1588.033668232146,52,237,96,197,existing,1588.033668232146,52,238,96,197,existing,1588.033668232146,52,248,96,131,existing,1786.5898656010438,52,263,96,151,existing,1932.6390552285782,52,247,96,699,existing,1970.7678399776682,52,246,96,699,existing,1970.7678399776682,52,232,96,691,existing,2124.9665165847596,52,249,96,565,existing,2079.2359276528114
53,53,200,97,743,existing,936.8910584892883,53,200,97,688,existing,125.41692807708762,53,200,97,440,allocated,705.0092378909541,53,241,97,486,existing,1354.7651352045607,53,237,97,197,existing,1517.4063959930184,53,236,97,197,existing,1517.4063959930184,53,238,97,197,existing,1517.4063959930184,53,246,97,699,existing,1900.1405677385403,53,248,97,131,existing,1715.962593361916,53,247,97,699,existing,1900.1405677385403,53,263,97,151,existing,1862.0117829894505,53,232,97,691,existing,2054.339244345632,53,249,97,565,existing,2008.6086554136834
54,54,225,98,296,existing,724.7839414635413,54,225,98,849,existing,662.2464684138039,54,225,98,440,allocated,199.68522948177625,54,238,98,197,existing,1003.4714276950696,54,236,98,197,existing,1003.4714276950696,54,237,98,197,existing,1003.4714276950696,54,241,98,486,existing,1005.1375785741575,54,246,98,699,existing,1466.2337300109325,54,248,98,131,existing,1386.9623049731488,54,247,98,699,existing,1466.2337300109325,54,249,98,565,existing,1679.608367024916,54,232,98,691,existing,1725.3389559568645,54,250,98,691,existing,1725.3389559568645
55,55,225,99,296,existing,561.0478040495457,55,225,99,768,existing,743.3350484010023,55,225,99,1023,allocated,237.09319301874683,55,241,99,486,existing,841.401441160162,55,238,99,197,existing,898.384734273991,55,236,99,197,existing,898.384734273991,55,237,99,197,existing,898.384734273991,55,250,99,691,existing,1561.602818542869,55,232,99,691,existing,1561.602818542869,55,249,99,565,existing,1515.8722296109206,55,248,99,131,existing,1223.2261675591533,55,244,99,691,existing,1561.602818542869,55,246,99,699,existing,1632.2379038650433
56,56,200,100,743,existing,1074.150934825575,56,200,100,573,existing,177.30107885944363,56,200,100,288,allocated,712.7079245231195,56,241,100,486,existing,1688.3421581564494,56,238,100,197,existing,1850.983418944907,56,236,100,197,existing,1850.983418944907,56,248,100,131,existing,1853.2224696982028,56,232,100,691,existing,2191.5991206819185,56,263,100,151,existing,1990.608956923931,56,237,100,197,existing,1850.983418944907,56,249,100,565,existing,2145.8685317499703,56,250,100,691,existing,2191.5991206819185,56,244,100,691,existing,2191.5991206819185
57,57,200,101,743,existing,963.7836244503595,57,200,101,573,existing,287.6683892346589,57,200,101,288,allocated,653.0076426717069,57,241,101,486,existing,1577.9748477812343,57,238,101,197,existing,1740.616108569692,57,236,101,197,existing,1740.616108569692,57,237,101,197,existing,1740.616108569692,57,249,101,565,existing,2035.5012213747548,57,263,101,151,existing,1880.2416465487156,57,248,101,131,existing,1742.8551593229874,57,244,101,691,existing,2081.231810306703,57,250,101,691,existing,2081.231810306703,57,232,101,691,existing,2081.231810306703
58,58,200,102,743,existing,1380.0957086557614,58,200,102,573,existing,453.02328578142044,58,200,102,288,allocated,946.2837364489944,58,241,102,486,existing,2006.5005221655106,58,248,102,131,existing,2159.1672435283895,58,237,102,197,existing,2169.1417829539682,58,238,102,197,existing,2169.1417829539682,58,263,102,151,existing,2296.5537307541176,58,249,102,565,existing,2451.813305580157,58,244,102,691,existing,2497.543894512105,58,236,102,197,existing,2169.1417829539682,58,250,102,691,existing,2497.543894512105,58,232,102,691,existing,2497.543894512105
59,59,200,103,743,existing,1288.757845633335,59,200,103,573,existing,361.6854227589939,59,200,103,288,allocated,854.9458734265679,59,241,103,486,existing,1915.162659143084,59,248,103,131,existing,2067.829380505963,59,238,103,197,existing,2077.8039199315417,59,236,103,197,existing,2077.8039199315417,59,249,103,565,existing,2360.4754425577303,59,263,103,151,existing,2205.215867731691,59,250,103,691,existing,2406.2060314896785,59,237,103,197,existing,2077.8039199315417,59,232,103,691,existing,2406.2060314896785,59,244,103,691,existing,2406.2060314896785
60,60,211,104,699,existing,870.087424471906,60,211,104,314,existing,259.53924441167237,60,211,104,314,allocated,259.53924441167237,60,247,104,699,existing,870.087424471906,60,246,104,699,existing,870.087424471906,60,238,104,197,existing,888.6599276679357,60,236,104,197,existing,888.6599276679357,60,231,104,230,existing,1925.8743855715597,60,248,104,131,existing,1891.6512723754047,60,241,104,486,existing,1509.8265459764134,60,237,104,197,existing,888.6599276679357,60,244,104,691,existing,2230.02792335912,60,249,104,565,existing,2184.297334427172
61,61,211,105,699,existing,988.1077489686337,61,211,105,314,existing,377.5595689084,61,211,105,314,allocated,377.5595689084,61,247,105,699,existing,988.1077489686337,61,246,105,699,existing,988.1077489686337,61,237,105,197,existing,1006.6802521646634,61,236,105,197,existing,1006.6802521646634,61,231,105,230,existing,2043.8947100682876,61,248,105,131,existing,2009.6715968721323,61,241,105,486,existing,1627.8468704731413,61,238,105,197,existing,1006.6802521646634,61,244,105,691,existing,2348.048247855848,61,249,105,565,existing,2302.3176589238997
62,62,212,106,956,existing,1051.8793033531804,62,212,106,684,existing,1003.4431448257902,62,212,106,700,allocated,855.5015287933079,62,246,106,699,existing,1193.7191046270427,62,247,106,699,existing,1193.7191046270427,62,236,106,197,existing,1953.1005560595272,62,238,106,197,existing,1953.1005560595272,62,248,106,131,existing,2701.2624881260062,62,231,106,230,existing,2920.4835717761703,62,241,106,486,existing,2319.4377617270147,62,237,106,197,existing,1953.1005560595272,62,249,106,565,existing,2993.9085501777736,62,244,106,691,existing,3039.6391391097213
63,63,212,107,956,existing,892.2474608468,63,212,107,684,existing,843.81130231941,63,212,107,700,allocated,695.8696862869276,63,246,107,699,existing,1034.0872621206624,63,247,107,699,existing,1034.0872621206624,63,236,107,197,existing,1793.468713553147,63,238,107,197,existing,1793.468713553147,63,241,107,486,existing,2159.805919220634,63,237,107,197,existing,1793.468713553147,63,231,107,230,existing,2760.8517292697898,63,248,107,131,existing,2541.6306456196257,63,244,107,691,existing,2880.0072966033413,63,249,107,565,existing,2834.276707671393
64,64,200,114,743,existing,1425.2797773159814,64,200,114,573,existing,498.2073544416405,64,200,114,288,allocated,991.4678051092144,64,238,114,197,existing,1998.6615840820068,64,236,114,197,existing,1998.6615840820068,64,237,114,197,existing,1998.6615840820068,64,241,114,486,existing,2051.6845908257305,64,248,114,131,existing,2204.3513121886094,64,263,114,151,existing,2341.7377994143376,64,246,114,699,existing,2375.559012551068,64,247,114,699,existing,2375.559012551068,64,244,114,691,existing,2542.727963172325,64,249,114,565,existing,2496.9973742403768
65,65,200,115,743,existing,1523.539425740885,65,200,115,573,existing,596.467002866544,65,200,115,288,allocated,1089.727453534118,65,238,115,197,existing,1900.401935657103,65,236,115,197,existing,1900.401935657103,65,241,115,486,existing,2149.944239250634,65,237,115,197,existing,1900.401935657103,65,263,115,151,existing,2439.997447839241,65,247,115,699,existing,2277.299364126164,65,246,115,699,existing,2277.299364126164,65,248,115,131,existing,2302.610960613513,65,244,115,691,existing,2640.9876115972284,65,249,115,565,existing,2595.25702266528
66,66,225,116,296,existing,381.7969587924232,66,225,116,768,existing,564.0842031438798,66,225,116,1023,allocated,57.84234776162429,66,241,116,486,existing,662.1505959030394,66,237,116,197,existing,719.1338890168684,66,236,116,197,existing,719.1338890168684,66,238,116,197,existing,719.1338890168684,66,248,116,131,existing,1043.9753223020307,66,244,116,691,existing,1382.3519732857465,66,250,116,691,existing,1382.3519732857465,66,249,116,565,existing,1336.621384353798,66,246,116,699,existing,1393.768401162993,66,232,116,691,existing,1382.3519732857465
67,67,200,121,743,existing,1153.3626603571324,67,200,121,573,existing,273.92915856911804,67,200,121,440,allocated,921.4808397587983,67,238,121,197,existing,1552.3023817286814,67,236,121,197,existing,1552.3023817286814,67,241,121,486,existing,1571.2367370724048,67,237,121,197,existing,1552.3023817286814,67,247,121,699,existing,1929.1998101977426,67,248,121,131,existing,1932.4341952297602,67,246,121,699,existing,1929.1998101977426,67,263,121,151,existing,2078.4833848572953,67,250,121,691,existing,2270.810846213476,67,249,121,565,existing,2225.080257281528
68,68,200,122,743,existing,1225.9009356680033,68,200,122,573,existing,346.467433879989,68,200,122,440,allocated,994.0191150696693,68,238,122,197,existing,1607.748371922914,68,237,122,197,existing,1607.748371922914,68,236,122,197,existing,1607.748371922914,68,241,122,486,existing,1643.775012383276,68,247,122,699,existing,1984.6458003919754,68,248,122,131,existing,2004.9724705406313,68,246,122,699,existing,1984.6458003919754,68,263,122,151,existing,2151.021660168166,68,250,122,691,existing,2343.349121524347,68,249,122,565,existing,2297.618532592399
69,69,214,149,811,existing,357.9973904682181,69,214,149,472,existing,1055.0554514544688,69,214,149,148,allocated,96.10315157091482,69,263,149,151,existing,226.65459471062775,69,261,149,804,existing,1161.7030874612203,69,230,149,554,existing,1221.5281659985883,69,265,149,804,existing,1161.7030874612203,69,244,149,691,existing,1404.4879283452087,69,232,149,691,existing,1404.4879283452087,69,248,149,131,existing,1379.3831488946216,69,250,149,691,existing,1404.4879283452087,69,249,149,565,existing,1450.2185172771574,69,242,149,650,existing,1499.7924738569964
70,70,214,151,811,existing,131.3427957575904,70,214,151,472,existing,1206.3124117762186,70,214,151,463,allocated,100.376690984164,70,263,151,151,existing,0.0,70,261,151,804,existing,935.0484927505927,70,230,151,554,existing,994.8735712879607,70,265,151,804,existing,935.0484927505927,70,242,151,650,existing,1273.137879146369,70,250,151,691,existing,1555.7448886669586,70,248,151,131,existing,1530.6401092163715,70,232,151,691,existing,1555.7448886669586,70,244,151,691,existing,1555.7448886669586,70,249,151,565,existing,1601.4754775989072
71,71,214,152,811,existing,503.69606452511937,71,214,152,399,existing,1244.251463503185,71,214,152,159,allocated,180.1338695761806,71,263,152,151,existing,510.47051643047104,71,261,152,804,existing,869.7962251275623,71,248,152,131,existing,1092.057880788307,71,265,152,804,existing,869.7962251275623,71,244,152,691,existing,1117.1626602388942,71,249,152,565,existing,1162.8932491708429,71,250,152,691,existing,1117.1626602388942,71,232,152,691,existing,1117.1626602388942,71,230,152,554,existing,1174.5953313405453,71,242,152,650,existing,1207.8856115233384
72,72,214,153,811,existing,545.8417514627317,72,214,153,399,existing,1202.1057765655726,72,214,153,159,allocated,137.98818263856822,72,263,153,151,existing,552.6162033680835,72,261,153,804,existing,827.6505381899498,72,248,153,131,existing,1049.9121938506948,72,265,153,804,existing,827.6505381899498,72,232,153,691,existing,1075.016973301282,72,249,153,565,existing,1120.7475622332304,72,250,153,691,existing,1075.016973301282,72,244,153,691,existing,1075.016973301282,72,242,153,650,existing,1165.739924585726,72,230,153,554,existing,1132.4496444029328
73,73,214,154,811,existing,375.99571244865297,73,214,154,472,existing,1123.683277890317,73,214,154,445,allocated,140.524622282853,73,263,154,151,existing,384.2358638373846,73,261,154,804,existing,998.3561717544655,73,248,154,131,existing,1221.5204194620426,73,265,154,804,existing,998.3561717544655,73,244,154,691,existing,1246.6251989126297,73,250,154,691,existing,1246.6251989126297,73,230,154,554,existing,1239.5264879790232,73,232,154,691,existing,1246.6251989126297,73,249,154,565,existing,1292.3557878445781,73,242,154,650,existing,1336.4455581502418
74,74,214,155,811,existing,418.4336220601143,74,214,155,472,existing,1167.8833740990474,74,214,155,445,allocated,182.96253189431434,74,263,155,151,existing,428.435960046115,74,261,155,804,existing,955.0586675925673,74,265,155,804,existing,955.0586675925673,74,248,155,131,existing,1177.3203232533122,74,232,155,691,existing,1202.4251027038993,74,250,155,691,existing,1202.4251027038993,74,249,155,565,existing,1248.1556916358477,74,244,155,691,existing,1202.4251027038993,74,242,155,650,existing,1293.1480539883435,74,230,155,554,existing,1259.85777380555
75,75,203,156,804,existing,685.1046444192765,75,203,156,399,existing,1083.1075896600798,75,203,156,159,allocated,195.29931159567977,75,261,156,804,existing,685.1046444192765,75,265,156,804,existing,685.1046444192765,75,263,156,151,existing,695.1643239691086,75,248,156,131,existing,930.9140069452019,75,250,156,691,existing,956.018786395789,75,230,156,554,existing,989.9037506322594,75,244,156,691,existing,956.018786395789,75,232,156,691,existing,956.018786395789,75,242,156,650,existing,1023.1940308150527,75,249,156,565,existing,1001.7493753277377
76,76,203,157,804,existing,635.4838183953913,76,203,157,399,existing,1032.322408634967,76,203,157,159,allocated,245.96415349223054,76,265,157,804,existing,635.4838183953913,76,261,157,804,existing,635.4838183953913,76,263,157,151,existing,745.9495049942213,76,248,157,131,existing,880.1288259200892,76,250,157,691,existing,905.2336053706763,76,232,157,691,existing,905.2336053706763,76,244,157,691,existing,905.2336053706763,76,230,157,554,existing,940.2829246083742,76,249,157,565,existing,950.9641943026247,76,242,157,650,existing,973.5732047911674
77,77,214,158,811,existing,632.1169115710161,77,214,158,399,existing,1114.9140324071639,77,214,158,159,allocated,139.9429351530635,77,263,158,151,existing,639.8079475264922,77,265,158,804,existing,740.4587940315411,77,261,158,804,existing,740.4587940315411,77,248,158,131,existing,962.7204496922859,77,250,158,691,existing,987.825229142873,77,249,158,565,existing,1033.5558180748217,77,232,158,691,existing,987.825229142873,77,244,158,691,existing,987.825229142873,77,230,158,554,existing,1045.2579002445239,77,242,158,650,existing,1078.5481804273172
78,78,214,160,811,existing,589.2264730349891,78,214,160,399,existing,1158.3818540736559,78,214,160,159,allocated,97.05249661703647,78,263,160,151,existing,596.3401258600003,78,261,160,804,existing,783.9266156980331,78,248,160,131,existing,1006.1882713587779,78,265,160,804,existing,783.9266156980331,78,244,160,691,existing,1031.293050809365,78,232,160,691,existing,1031.293050809365,78,250,160,691,existing,1031.293050809365,78,249,160,565,existing,1077.0236397413137,78,230,160,554,existing,1088.7257219110159,78,242,160,650,existing,1122.0160020938092
79,79,216,161,808,existing,708.0139682806871,79,216,161,399,existing,894.6602262464105,79,216,161,867,allocated,267.40880566699434,79,248,161,131,existing,742.4666435315326,79,244,161,691,existing,767.5714229821197,79,250,161,691,existing,767.5714229821197,79,232,161,691,existing,767.5714229821197,79,249,161,565,existing,813.3020119140683,79,263,161,151,existing,788.1734656848389,79,265,161,804,existing,841.9434630589957,79,261,161,804,existing,841.9434630589957,79,230,161,554,existing,1146.7425692719785,79,241,161,486,existing,1124.2913699305238
80,80,216,162,808,existing,659.8020377354502,80,216,162,399,existing,846.4482957011735,80,216,162,867,allocated,219.19687512175733,80,248,162,131,existing,694.2547129862957,80,244,162,691,existing,719.3594924368828,80,232,162,691,existing,719.3594924368828,80,250,162,691,existing,719.3594924368828,80,263,162,151,existing,836.3853962300759,80,261,162,804,existing,887.645092957193,80,249,162,565,existing,765.0900813688313,80,265,162,804,existing,887.645092957193,80,230,162,554,existing,1194.9544998172155,80,241,162,486,existing,1076.0794393852868
81,81,222,163,658,existing,753.2861814627545,81,222,163,399,existing,948.5619920876004,81,222,163,867,allocated,321.31057150818424,81,263,163,151,existing,784.2238677603636,81,248,163,131,existing,796.3684093727226,81,232,163,691,existing,821.4731888233097,81,250,163,691,existing,821.4731888233097,81,261,163,804,existing,962.928668320153,81,249,163,565,existing,867.2037777552582,81,244,163,691,existing,821.4731888233097,81,265,163,804,existing,962.928668320153,81,230,163,554,existing,1267.7277745331357,81,241,163,486,existing,1178.193135771714
82,82,201,170,554,existing,511.745943938376,82,201,170,399,existing,2145.976549903193,82,201,170,170,allocated,0.0,82,230,170,554,existing,511.745943938376,82,242,170,650,existing,667.6219337087731,82,265,170,804,existing,1005.7113201045493,82,261,170,804,existing,1005.7113201045493,82,253,170,594,existing,1123.8800041466086,82,251,170,594,existing,1123.8800041466086,82,233,170,594,existing,1123.8800041466086,82,252,170,594,existing,1123.8800041466086,82,254,170,471,existing,1146.9217030404025,82,263,170,151,existing,1257.3085702557823
83,83,200,187,743,existing,269.27775918262546,83,200,187,399,existing,402.3850194266131,83,200,187,399,allocated,402.3850194266131,83,248,187,131,existing,614.1640755917583,83,241,187,486,existing,890.5181617682462,83,232,187,691,existing,952.5407265754741,83,249,187,565,existing,906.8101376435256,83,244,187,691,existing,952.5407265754741,83,238,187,197,existing,1274.1898623099066,83,263,187,151,existing,1234.9764660589237,83,250,187,691,existing,952.5407265754741,83,237,187,197,existing,1274.1898623099066,83,236,187,197,existing,1274.1898623099066
84,84,214,195,811,existing,141.94327472650542,84,214,195,472,existing,1459.8080658375188,84,214,195,195,allocated,0.0,84,263,195,151,existing,271.96612765175234,84,265,195,804,existing,667.0868015319356,84,261,195,804,existing,667.0868015319356,84,230,195,554,existing,726.7908925657975,84,250,195,691,existing,1545.7377048037158,84,248,195,131,existing,1520.6329253531287,84,242,195,650,existing,1005.1761879277118,84,232,195,691,existing,1545.7377048037158,84,249,195,565,existing,1591.4682937356642,84,244,195,691,existing,1545.7377048037158
85,85,202,209,553,existing,604.0051432889943,85,202,209,472,existing,1717.8780200790884,85,202,209,636,allocated,114.49925745240579,85,230,209,554,existing,689.5698681527687,85,263,209,151,existing,767.621502519226,85,261,209,804,existing,1467.029640441206,85,242,209,650,existing,1352.352614454718,85,251,209,594,existing,2127.3167271766847,85,233,209,594,existing,2127.3167271766847,85,265,209,804,existing,1467.029640441206,85,253,209,594,existing,2127.3167271766847,85,252,209,594,existing,2127.3167271766847,85,254,209,471,existing,2150.3584260704783
86,86,202,210,553,existing,551.0675136835665,86,202,210,472,existing,1787.4926101511248,86,202,210,172,allocated,144.5987104314652,86,230,210,554,existing,636.6322385473409,86,263,210,151,existing,837.2360925912626,86,265,210,804,existing,1536.6442305132425,86,242,210,650,existing,1299.4149848492902,86,261,210,804,existing,1536.6442305132425,86,233,210,594,existing,2074.379097571257,86,253,210,594,existing,2074.379097571257,86,252,210,594,existing,2074.379097571257,86,251,210,594,existing,2074.379097571257,86,254,210,471,existing,2097.4207964650504
87,87,225,211,296,existing,1074.0994344591768,87,225,211,688,existing,324.81902594545005,87,225,211,440,allocated,315.3712339011647,87,237,211,197,existing,1074.4203916019126,87,238,211,197,existing,1074.4203916019126,87,236,211,197,existing,1074.4203916019126,87,241,211,486,existing,1354.4530715697929,87,249,211,565,existing,2028.9238600205515,87,248,211,131,existing,1736.2777979687842,87,246,211,699,existing,1451.3178200709738,87,247,211,699,existing,1451.3178200709738,87,250,211,691,existing,2074.6544489525,87,244,211,691,existing,2074.6544489525
88,88,208,212,197,existing,984.1977380834704,88,208,212,374,existing,345.8784672682551,88,208,212,440,allocated,405.59388741960686,88,238,212,197,existing,984.1977380834704,88,236,212,197,existing,984.1977380834704,88,237,212,197,existing,984.1977380834704,88,241,212,486,existing,1298.7372258089458,88,249,212,565,existing,1973.2080142597044,88,247,212,699,existing,1361.0951665525317,88,248,212,131,existing,1680.561952207937,88,246,212,699,existing,1361.0951665525317,88,244,212,691,existing,2018.9386031916529,88,250,212,691,existing,2018.9386031916529
89,89,200,213,743,existing,1350.3775191822372,89,200,213,573,existing,470.9440173942229,89,200,213,288,allocated,1104.6197095970388,89,238,213,197,existing,1732.2249554371479,89,236,213,197,existing,1732.2249554371479,89,241,213,486,existing,1768.2515958975098,89,237,213,197,existing,1732.2249554371479,89,248,213,131,existing,2129.4490540548654,89,263,213,151,existing,2275.4982436824,89,246,213,699,existing,2109.1223839062095,89,247,213,699,existing,2109.1223839062095,89,250,213,691,existing,2467.825705038581,89,249,213,565,existing,2422.0951161066328
90,90,200,214,743,existing,1438.4782818867075,90,200,214,573,existing,559.0447800986931,90,200,214,288,allocated,1192.7204723015088,90,238,214,197,existing,1820.3257181416184,90,237,214,197,existing,1820.3257181416184,90,241,214,486,existing,1856.3523586019799,90,236,214,197,existing,1820.3257181416184,90,246,214,699,existing,2197.2231466106796,90,248,214,131,existing,2217.5498167593355,90,263,214,151,existing,2363.5990063868703,90,247,214,699,existing,2197.2231466106796,90,232,214,691,existing,2555.926467743051,90,249,214,565,existing,2510.195878811103
91,91,200,215,743,existing,1537.8531822499453,91,200,215,573,existing,658.4196804619307,91,200,215,288,allocated,1292.0953726647467,91,238,215,197,existing,1919.7006185048558,91,236,215,197,existing,1919.7006185048558,91,241,215,486,existing,1955.7272589652177,91,237,215,197,existing,1919.7006185048558,91,248,215,131,existing,2316.9247171225734,91,246,215,699,existing,2296.598046973917,91,263,215,151,existing,2462.9739067501077,91,247,215,699,existing,2296.598046973917,91,249,215,565,existing,2609.5707791743407,91,250,215,691,existing,2655.301368106289
92,92,200,216,743,existing,1449.133818094965,92,200,216,573,existing,569.7003163069505,92,200,216,288,allocated,1203.3760085097665,92,237,216,197,existing,1830.9812543498756,92,238,216,197,existing,1830.9812543498756,92,241,216,486,existing,1867.0078948102375,92,236,216,197,existing,1830.9812543498756,92,263,216,151,existing,2374.2545425951275,92,248,216,131,existing,2228.205352967593,92,246,216,699,existing,2207.878682818937,92,247,216,699,existing,2207.878682818937,92,244,216,691,existing,2566.5820039513087,92,249,216,565,existing,2520.8514150193605
93,93,200,217,743,existing,1389.5540706660413,93,200,217,573,existing,438.51548518029716,93,200,217,288,allocated,988.3062099240385,93,238,217,197,existing,1771.4015069209522,93,236,217,197,existing,1771.4015069209522,93,237,217,197,existing,1771.4015069209522,93,241,217,486,existing,1807.428147381314,93,263,217,151,existing,2314.674795166204,93,246,217,699,existing,2148.2989353900134,93,248,217,131,existing,2168.6256055386693,93,247,217,699,existing,2148.2989353900134,93,232,217,691,existing,2507.002256522385,93,249,217,565,existing,2461.2716675904367
94,94,200,218,743,existing,1311.8090450876393,94,200,218,573,existing,432.3755432996249,94,200,218,288,allocated,1066.0512355024407,94,238,218,197,existing,1693.6564813425498,94,236,218,197,existing,1693.6564813425498,94,241,218,486,existing,1729.6831218029117,94,237,218,197,existing,1693.6564813425498,94,246,218,699,existing,2070.5539098116114,94,248,218,131,existing,2090.8805799602674,94,263,218,151,existing,2236.9297695878017,94,247,218,699,existing,2070.5539098116114,94,249,218,565,existing,2383.5266420120347,94,244,218,691,existing,2429.257230943983
95,95,222,242,658,existing,539.3680932857485,95,222,242,472,existing,1001.2973594564738,95,222,242,92,allocated,327.2015138211286,95,263,242,151,existing,656.7304126018274,95,248,242,131,existing,927.3268514971069,95,250,242,691,existing,952.431630947694,95,244,242,691,existing,952.431630947694,95,265,242,804,existing,1120.7172314680042,95,261,242,804,existing,1120.7172314680042,95,249,242,565,existing,998.1622198796425,95,232,242,691,existing,952.431630947694,95,242,242,650,existing,1458.8066178637805,95,241,242,486,existing,1309.1515778960982
96,96,222,243,658,existing,625.0689154751147,96,222,243,399,existing,993.8196120226185,96,222,243,867,allocated,366.5681914432023,96,263,243,151,existing,742.4312347911937,96,248,243,131,existing,841.6260293077406,96,232,243,691,existing,866.7308087583277,96,244,243,691,existing,866.7308087583277,96,261,243,804,existing,1035.016409278638,96,265,243,804,existing,1035.016409278638,96,250,243,691,existing,866.7308087583277,96,249,243,565,existing,912.4613976902763,96,241,243,486,existing,1223.4507557067318,96,242,243,650,existing,1373.1057956744141
97,97,222,245,658,existing,372.32566969628806,97,222,245,472,existing,638.51447476305,97,222,245,855,allocated,170.44039368154316,97,263,245,151,existing,580.6119671905315,97,248,245,131,existing,1285.8697414065186,97,232,245,691,existing,1310.9745208571057,97,244,245,691,existing,1310.9745208571057,97,261,245,804,existing,1494.0137110252788,97,265,245,804,existing,1494.0137110252788,97,250,245,691,existing,1310.9745208571057,97,249,245,565,existing,1356.7051097890542,97,230,245,554,existing,1571.4122338905584,97,241,245,486,existing,1667.6944678055097
98,98,225,247,296,existing,397.0521356093868,98,225,247,768,existing,276.2254486678358,98,225,247,89,allocated,101.86640949850904,98,241,247,486,existing,251.32479606496247,98,248,247,131,existing,633.1495224639538,98,238,247,197,existing,734.3890658338319,98,237,247,197,existing,734.3890658338319,98,236,247,197,existing,734.3890658338319,98,244,247,691,existing,971.5261734476695,98,249,247,565,existing,925.795584515721,98,250,247,691,existing,971.5261734476695,98,265,247,804,existing,1629.4379044240127,98,232,247,691,existing,971.5261734476695
99,99,212,249,956,existing,451.08180951148125,99,212,249,684,existing,402.64565098409116,99,212,249,700,allocated,254.70403495160883,99,246,249,699,existing,592.9216107853437,99,247,249,699,existing,592.9216107853437,99,236,249,197,existing,1485.7546912242337,99,238,249,197,existing,1485.7546912242337,99,237,249,197,existing,1485.7546912242337,99,241,249,486,existing,2106.921309532712,99,231,249,230,existing,2319.686077934471,99,248,249,131,existing,2488.746035931703,99,249,249,565,existing,2781.39209798347,99,234,249,348,existing,2693.390979180682
100,100,214,258,811,existing,397.65757929184593,100,214,258,472,existing,1009.835502175122,100,214,258,92,allocated,140.142317887402,100,263,258,151,existing,269.9282759910037,100,261,258,804,existing,1183.7898319569367,100,230,258,554,existing,1261.188354822216,100,265,258,804,existing,1183.7898319569367,100,250,258,691,existing,1359.267979065862,100,244,258,691,existing,1359.267979065862,100,248,258,131,existing,1334.1631996152748,100,232,258,691,existing,1359.267979065862,100,249,258,565,existing,1404.9985679978104,100,242,258,650,existing,1521.8792183527128
101,101,209,261,958,existing,30.885814000101387,101,209,261,374,existing,680.0688273801989,101,209,261,958,existing,30.885814000101387,101,237,261,197,existing,53.48575542133292,101,238,261,197,existing,53.48575542133292,101,241,261,486,existing,630.403554527442,101,236,261,197,existing,53.48575542133292,101,247,261,699,existing,1070.5683460011676,101,249,261,565,existing,1304.8743429782005,101,246,261,699,existing,1070.5683460011676,101,248,261,131,existing,1012.2282809264333,101,250,261,691,existing,1350.604931910149,101,244,261,691,existing,1350.604931910149
102,102,214,276,811,existing,160.52324466252833,102,214,276,472,existing,1158.6614892808286,102,214,276,463,allocated,20.273287770571418,102,263,276,151,existing,80.10340321359259,102,265,276,804,existing,964.2289416555304,102,230,276,554,existing,1024.0540201928984,102,261,276,804,existing,964.2289416555304,102,248,276,131,existing,1610.743512429964,102,244,276,691,existing,1635.8482918805512,102,242,276,650,existing,1302.3183280513067,102,250,276,691,existing,1635.8482918805512,102,249,276,565,existing,1681.5788808124998,102,232,276,691,existing,1635.8482918805512
103,103,208,281,197,existing,1582.9347523446695,103,208,281,688,existing,892.9396959211422,103,208,281,531,allocated,900.3959935866592,103,237,281,197,existing,1582.9347523446695,103,238,281,197,existing,1582.9347523446695,103,241,281,486,existing,1901.4977319152044,103,236,281,197,existing,1582.9347523446695,103,249,281,565,existing,2575.968520365963,103,246,281,699,existing,1959.8321808137305,103,248,281,131,existing,2283.3224583141955,103,247,281,699,existing,1959.8321808137305,103,244,281,691,existing,2621.6991092979115,103,232,281,691,existing,2621.6991092979115
104,104,222,282,658,existing,710.9016312138981,104,222,282,399,existing,907.9868962838352,104,222,282,867,allocated,280.73547570441906,104,248,282,131,existing,755.7933135689573,104,232,282,691,existing,780.8980930195444,104,250,282,691,existing,780.8980930195444,104,244,282,691,existing,780.8980930195444,104,263,282,151,existing,828.2639505299769,104,261,282,804,existing,949.1836935398547,104,249,282,565,existing,826.628681951493,104,265,282,804,existing,949.1836935398547,104,241,282,486,existing,1137.6180399679486,104,242,282,650,existing,1287.273079935631
105,105,212,289,956,existing,625.1936281106238,105,212,289,684,existing,92.05865887217261,105,212,289,304,allocated,64.87815602723884,105,247,289,699,existing,767.0334293844861,105,246,289,699,existing,767.0334293844861,105,238,289,197,existing,991.0503813679701,105,237,289,197,existing,991.0503813679701,105,231,289,230,existing,2028.2648392715942,105,236,289,197,existing,991.0503813679701,105,241,289,486,existing,1612.2169996764478,105,248,289,131,existing,1994.041726075439,105,249,289,565,existing,2286.687788127206,105,250,289,691,existing,2332.4183770591544
106,106,212,290,956,existing,657.0387560476295,106,212,290,684,existing,123.9037868091783,106,212,290,304,allocated,33.03302809023317,106,247,290,699,existing,798.8785573214918,106,246,290,699,existing,798.8785573214918,106,237,290,197,existing,959.2052534309644,106,238,290,197,existing,959.2052534309644,106,241,290,486,existing,1580.3718717394422,106,236,290,197,existing,959.2052534309644,106,248,290,131,existing,1962.1965981384333,106,231,290,230,existing,1996.4197113345886,106,244,290,691,existing,2300.573249122149,106,249,290,565,existing,2254.8426601902006
107,107,200,300,743,existing,700.733896668694,107,200,300,688,existing,163.3297460900215,107,200,300,440,allocated,650.9002677188785,107,241,300,486,existing,1300.656165032485,107,238,300,197,existing,1463.2974258209426,107,236,300,197,existing,1463.2974258209426,107,237,300,197,existing,1463.2974258209426,107,248,300,131,existing,1479.8054315413222,107,263,300,151,existing,1617.1919187670503,107,244,300,691,existing,1818.182082525038,107,249,300,565,existing,1772.4514935930895,107,250,300,691,existing,1818.182082525038,107,232,300,691,existing,1818.182082525038
108,108,200,301,743,existing,757.2893165068463,108,200,301,688,existing,106.7743262518693,108,200,301,440,allocated,686.3666360657357,108,241,301,486,existing,1336.1225333793423,108,236,301,197,existing,1498.7637941678,108,237,301,197,existing,1498.7637941678,108,238,301,197,existing,1498.7637941678,108,250,301,691,existing,1874.73750236319,108,263,301,151,existing,1673.7473386052027,108,248,301,131,existing,1536.3608513794743,108,249,301,565,existing,1829.0069134312416,108,232,301,691,existing,1874.73750236319,108,244,301,691,existing,1874.73750236319
109,109,212,304,956,existing,690.0717841378626,109,212,304,684,existing,156.93681489941147,109,212,304,304,allocated,0.0,109,247,304,699,existing,831.9115854117249,109,246,304,699,existing,831.9115854117249,109,238,304,197,existing,926.1722253407312,109,237,304,197,existing,926.1722253407312,109,231,304,230,existing,1963.3866832443555,109,241,304,486,existing,1547.338843649209,109,236,304,197,existing,926.1722253407312,109,248,304,131,existing,1929.1635700482002,109,244,304,691,existing,2267.5402210319157,109,249,304,565,existing,2221.8096320999675
110,110,206,309,771,existing,493.5435047844298,110,206,309,472,existing,587.7306854701967,110,206,309,309,allocated,0.0,110,263,309,151,existing,651.0342070242245,110,265,309,804,existing,1535.1597454661623,110,248,309,131,existing,1553.0499992703606,110,261,309,804,existing,1535.1597454661623,110,250,309,691,existing,1578.1547787209477,110,232,309,691,existing,1578.1547787209477,110,244,309,691,existing,1578.1547787209477,110,230,309,554,existing,1590.718687856849,110,242,309,650,existing,1873.2491318619386,110,249,309,565,existing,1623.885367652896
111,111,211,313,699,existing,660.7299189899347,111,211,313,314,existing,50.18173892970112,111,211,313,314,allocated,50.18173892970112,111,247,313,699,existing,660.7299189899347,111,246,313,699,existing,660.7299189899347,111,236,313,197,existing,679.3024221859645,111,237,313,197,existing,679.3024221859645,111,248,313,131,existing,1682.2937668934335,111,241,313,486,existing,1300.4690404944422,111,238,313,197,existing,679.3024221859645,111,231,313,230,existing,1716.5168800895885,111,249,313,565,existing,1974.9398289452006,111,232,313,691,existing,2020.670417877149
112,112,211,314,699,existing,710.9116579196359,112,211,314,314,existing,0.0,112,211,314,314,allocated,0.0,112,247,314,699,existing,710.9116579196359,112,246,314,699,existing,710.9116579196359,112,238,314,197,existing,729.4841611156655,112,236,314,197,existing,729.4841611156655,112,237,314,197,existing,729.4841611156655,112,231,314,230,existing,1766.6986190192897,112,248,314,131,existing,1732.4755058231347,112,241,314,486,existing,1350.6507794241434,112,250,314,691,existing,2070.85215680685,112,249,314,565,existing,2025.1215678749018
113,113,222,315,658,existing,260.31638847252157,113,222,315,399,existing,464.13743990817864,113,222,315,546,allocated,125.36789930301339,113,248,315,131,existing,743.1286751004959,113,249,315,565,existing,981.3033511257776,113,232,315,691,existing,1025.3353128135454,113,244,315,691,existing,1025.3353128135454,113,261,315,804,existing,1414.3010856472288,113,263,315,151,existing,1057.2465751129707,113,241,315,486,existing,1124.9534014994872,113,250,315,691,existing,1025.3353128135454,113,237,315,197,existing,1710.2525498008256,113,265,315,804,existing,1414.3010856472288
114,114,222,316,658,existing,301.07737561421663,114,222,316,399,existing,423.37645276648357,114,222,316,546,allocated,166.12888644470846,114,248,316,131,existing,702.3676879588008,114,249,316,565,existing,940.5423639840825,114,250,316,691,existing,986.2729529160309,114,244,316,691,existing,986.2729529160309,114,263,316,151,existing,1097.5550606563777,114,232,316,691,existing,986.2729529160309,114,241,316,486,existing,1084.1924143577921,114,265,316,804,existing,1455.062072788924,114,261,316,804,existing,1455.062072788924,114,238,316,197,existing,1669.4915626591305
115,115,208,321,197,existing,794.2035670465073,115,208,321,314,existing,355.2025375745967,115,208,321,418,allocated,209.96097175271922,115,237,321,197,existing,794.2035670465073,115,238,321,197,existing,794.2035670465073,115,246,321,699,existing,965.7507176348304,115,236,321,197,existing,794.2035670465073,115,241,321,486,existing,1415.370185354985,115,247,321,699,existing,965.7507176348304,115,231,321,230,existing,2021.5376787344842,115,248,321,131,existing,1797.1949117539764,115,249,321,565,existing,2089.8409738057435,115,232,321,691,existing,2135.5715627376917
116,116,208,322,197,existing,743.1611005705165,116,208,322,314,existing,304.16007109860584,116,208,322,418,allocated,158.91850527672838,116,237,322,197,existing,743.1611005705165,116,238,322,197,existing,743.1611005705165,116,246,322,699,existing,914.7082511588395,116,236,322,197,existing,743.1611005705165,116,248,322,131,existing,1746.1524452779854,116,247,322,699,existing,914.7082511588395,116,241,322,486,existing,1364.3277188789943,116,231,322,230,existing,1970.4952122584932,116,232,322,691,existing,2084.529096261701,116,249,322,565,existing,2038.7985073297527
117,117,201,329,554,existing,360.70199701156844,117,201,329,399,existing,2083.9963852843553,117,201,329,330,allocated,33.14792274524838,117,230,329,554,existing,360.70199701156844,117,242,329,650,existing,761.7497652860926,117,265,329,804,existing,1078.2566787482842,117,261,329,804,existing,1078.2566787482842,117,252,329,594,existing,1274.9239510734162,117,253,329,594,existing,1274.9239510734162,117,263,329,151,existing,1106.2646233289747,117,251,329,594,existing,1274.9239510734162,117,254,329,471,existing,1297.96564996721,117,233,329,594,existing,1274.9239510734162
118,118,201,330,554,existing,327.5540742663201,118,201,330,399,existing,2050.8484625391065,118,201,330,330,allocated,0.0,118,230,330,554,existing,327.5540742663201,118,242,330,650,existing,728.6018425408442,118,265,330,804,existing,1045.1087560030358,118,261,330,804,existing,1045.1087560030358,118,252,330,594,existing,1308.0718738186647,118,253,330,594,existing,1308.0718738186647,118,233,330,594,existing,1308.0718738186647,118,263,330,151,existing,1073.1167005837262,118,251,330,594,existing,1308.0718738186647,118,254,330,471,existing,1331.1135727124583
119,119,209,338,958,existing,633.2114771764229,119,209,338,374,existing,697.0590737376529,119,209,338,541,allocated,243.6065923157819,119,238,338,197,existing,645.6000754106215,119,236,338,197,existing,645.6000754106215,119,241,338,486,existing,947.5566193395481,119,237,338,197,existing,645.6000754106215,119,249,338,565,existing,1622.0274077903068,119,248,338,131,existing,1329.3813457385395,119,247,338,699,existing,1108.3623777264843,119,246,338,699,existing,1108.3623777264843,119,244,338,691,existing,1667.757996722255,119,232,338,691,existing,1667.757996722255
120,120,209,339,958,existing,532.4979395547977,120,209,339,374,existing,613.708491290714,120,209,339,541,allocated,142.8930546941567,120,238,339,197,existing,544.8865377889962,120,236,339,197,existing,544.8865377889962,120,237,339,197,existing,544.8865377889962,120,246,339,699,existing,1007.6488401048591,120,247,339,699,existing,1007.6488401048591,120,241,339,486,existing,1048.2701569611734,120,248,339,131,existing,1430.0948833601647,120,249,339,565,existing,1722.740945411932,120,244,339,691,existing,1768.4715343438804,120,232,339,691,existing,1768.4715343438804
121,121,208,340,197,existing,406.334469917369,121,208,340,374,existing,282.97129368179407,121,208,340,552,allocated,66.42341940579986,121,238,340,197,existing,406.334469917369,121,236,340,197,existing,406.334469917369,121,247,340,699,existing,869.0967722332321,121,237,340,197,existing,406.334469917369,121,246,340,699,existing,869.0967722332321,121,241,340,486,existing,1027.5010882258468,121,249,340,565,existing,1701.9718766766052,121,248,340,131,existing,1409.3258146248381,121,232,340,691,existing,1747.7024656085537,121,250,340,691,existing,1747.7024656085537
122,122,214,342,811,existing,759.5906734059524,122,214,342,399,existing,1024.270131364587,122,214,342,159,allocated,271.93453497458654,122,263,342,151,existing,684.868223271252,122,265,342,804,existing,863.5730238310412,122,261,342,804,existing,863.5730238310412,122,248,342,131,existing,872.0765486497094,122,232,342,691,existing,897.1813281002965,122,250,342,691,existing,897.1813281002965,122,244,342,691,existing,897.1813281002965,122,249,342,565,existing,942.911917032245,122,230,342,554,existing,1168.372130044024,122,242,342,650,existing,1201.6624102268174
123,123,216,343,808,existing,800.4022438572431,123,216,343,399,existing,987.0485018229663,123,216,343,159,allocated,320.0237775070723,123,263,343,151,existing,732.9574658037377,123,248,343,131,existing,834.8549191080886,123,244,343,691,existing,859.9596985586757,123,250,343,691,existing,859.9596985586757,123,249,343,565,existing,905.6902874906241,123,265,343,804,existing,911.6622663635269,123,261,343,804,existing,911.6622663635269,123,232,343,691,existing,859.9596985586757,123,230,343,554,existing,1216.4613725765098,123,241,343,486,existing,1216.6796455070798
124,124,214,344,811,existing,215.0249129994986,124,214,344,472,existing,1532.889704110512,124,214,344,344,allocated,0.0,124,263,344,151,existing,345.0477659247455,124,265,344,804,existing,594.0051632589423,124,230,344,554,existing,653.8302417963104,124,261,344,804,existing,594.0051632589423,124,242,344,650,existing,932.0945496547185,124,244,344,691,existing,1472.6560665307225,124,250,344,691,existing,1472.6560665307225,124,248,344,131,existing,1447.5512870801354,124,232,344,691,existing,1472.6560665307225,124,249,344,565,existing,1518.3866554626711
125,125,214,350,811,existing,224.38376713720083,125,214,350,472,existing,1113.271440396608,125,214,350,148,allocated,37.51047176010247,125,263,350,151,existing,93.04097137961044,125,261,350,804,existing,1028.089464130203,125,230,350,554,existing,1087.914542667571,125,265,350,804,existing,1028.089464130203,125,232,350,691,existing,1462.7039172873483,125,244,350,691,existing,1462.7039172873483,125,242,350,650,existing,1366.1788505259792,125,248,350,131,existing,1437.5991378367612,125,250,350,691,existing,1462.7039172873483,125,249,350,565,existing,1508.4345062192967
126,126,225,361,296,existing,951.2153185126501,126,225,361,374,existing,472.7480219989228,126,225,361,440,allocated,434.6324527154592,126,238,361,197,existing,978.9460556243808,126,236,361,197,existing,978.9460556243808,126,237,361,197,existing,978.9460556243808,126,241,361,486,existing,1231.5689556232664,126,249,361,565,existing,1906.039744074025,126,246,361,699,existing,1441.7083579402438,126,247,361,699,existing,1441.7083579402438,126,248,361,131,existing,1613.3936820222577,126,232,361,691,existing,1951.7703330059735,126,250,361,691,existing,1951.7703330059735
127,127,209,362,958,existing,912.0399931526675,127,209,362,374,existing,418.23055776140814,127,209,362,440,allocated,477.9459779127599,127,238,362,197,existing,924.4285913868661,127,236,362,197,existing,924.4285913868661,127,241,362,486,existing,1226.3851353157927,127,237,362,197,existing,924.4285913868661,127,247,362,699,existing,1387.190893702729,127,246,362,699,existing,1387.190893702729,127,249,362,565,existing,1900.8559237665513,127,248,362,131,existing,1608.209861714784,127,250,362,691,existing,1946.5865126984997,127,232,362,691,existing,1946.5865126984997
128,128,200,363,743,existing,1402.0794001824474,128,200,363,573,existing,475.00697730810657,128,200,363,288,allocated,968.2674279756804,128,238,363,197,existing,2021.8619612155408,128,236,363,197,existing,2021.8619612155408,128,237,363,197,existing,2021.8619612155408,128,241,363,486,existing,2028.4842136921966,128,263,363,151,existing,2318.5374222808036,128,246,363,699,existing,2398.759389684602,128,247,363,699,existing,2398.759389684602,128,248,363,131,existing,2181.1509350550755,128,232,363,691,existing,2519.527586038791,128,249,363,565,existing,2473.796997106843
129,129,200,364,743,existing,1374.3881505783338,129,200,364,573,existing,447.3157277039928,129,200,364,288,allocated,940.5761783715668,129,241,364,486,existing,2000.792964088083,129,238,364,197,existing,2049.5532108196544,129,237,364,197,existing,2049.5532108196544,129,236,364,197,existing,2049.5532108196544,129,263,364,151,existing,2290.84617267669,129,246,364,699,existing,2426.450639288715,129,248,364,131,existing,2153.459685450962,129,247,364,699,existing,2426.450639288715,129,244,364,691,existing,2491.8363364346774,129,249,364,565,existing,2446.105747502729
130,130,214,365,811,existing,573.0179652091454,130,214,365,472,existing,746.1667687342115,130,214,365,309,allocated,158.43608326401474,130,263,365,151,existing,492.5981237602097,130,261,365,804,existing,1376.7236622021476,130,230,365,554,existing,1432.282604592834,130,265,365,804,existing,1376.7236622021476,130,232,365,691,existing,1642.704311909548,130,244,365,691,existing,1642.704311909548,130,248,365,131,existing,1617.599532458961,130,250,365,691,existing,1642.704311909548,130,249,365,565,existing,1688.4349008414965,130,242,365,650,existing,1714.8130485979239
131,131,206,366,771,existing,610.0998796765874,131,206,366,472,existing,704.2870603623544,131,206,366,309,allocated,116.5563748921576,131,263,366,151,existing,534.4778321320669,131,265,366,804,existing,1418.6033705740047,131,261,366,804,existing,1418.6033705740047,131,230,366,554,existing,1474.1623129646914,131,248,366,131,existing,1603.4850825855349,131,244,366,691,existing,1628.589862036122,131,232,366,691,existing,1628.589862036122,131,250,366,691,existing,1628.589862036122,131,242,366,650,existing,1756.692756969781,131,249,366,565,existing,1674.3204509680704
132,132,212,367,956,existing,798.9394064095807,132,212,367,684,existing,750.5032478821906,132,212,367,700,allocated,602.5616318497083,132,247,367,699,existing,940.779207683443,132,246,367,699,existing,940.779207683443,132,238,367,197,existing,1700.1606591159275,132,237,367,197,existing,1700.1606591159275,132,236,367,197,existing,1700.1606591159275,132,248,367,131,existing,2448.3225911824065,132,231,367,230,existing,2667.5436748325706,132,241,367,486,existing,2066.497864783415,132,249,367,565,existing,2740.968653234174,132,244,367,691,existing,2786.6992421661216
133,133,212,368,956,existing,745.0587841761451,133,212,368,684,existing,696.622625648755,133,212,368,700,allocated,548.6810096162727,133,247,368,699,existing,886.8985854500074,133,246,368,699,existing,886.8985854500074,133,236,368,197,existing,1646.280036882492,133,237,368,197,existing,1646.280036882492,133,248,368,131,existing,2469.0283276585396,133,241,368,486,existing,2087.203601259548,133,231,368,230,existing,2613.663052599135,133,238,368,197,existing,1646.280036882492,133,249,368,565,existing,2761.674389710307,133,232,368,691,existing,2807.4049786422556
134,134,208,374,197,existing,689.3057635991631,134,208,374,374,existing,0.0,134,208,374,551,allocated,137.63354841907267,134,237,374,197,existing,689.3057635991631,134,238,374,197,existing,689.3057635991631,134,236,374,197,existing,689.3057635991631,134,246,374,699,existing,1083.8223261287244,134,241,374,486,existing,1310.4723819076407,134,247,374,699,existing,1083.8223261287244,134,249,374,565,existing,1984.9431703583991,134,248,374,131,existing,1692.2971083066323,134,232,374,691,existing,2030.6737592903478,134,244,374,691,existing,2030.6737592903478
135,135,200,375,743,existing,1007.3229202384225,135,200,375,688,existing,195.84878982622183,135,200,375,440,allocated,671.3238724920748,135,238,375,197,existing,1245.9042313108785,135,237,375,197,existing,1245.9042313108785,135,236,375,197,existing,1245.9042313108785,135,241,375,486,existing,1425.196996953695,135,263,375,151,existing,1932.443644738585,135,246,375,699,existing,1622.8016597799399,135,248,375,131,existing,1786.3944551110503,135,247,375,699,existing,1622.8016597799399,135,249,375,565,existing,2079.0405171628177,135,244,375,691,existing,2124.7711060947663
136,136,200,376,743,existing,1101.092375077788,136,200,376,688,existing,289.6182446655873,136,200,376,440,allocated,577.5544176527093,136,238,376,197,existing,1152.1347764715133,136,236,376,197,existing,1152.1347764715133,136,237,376,197,existing,1152.1347764715133,136,241,376,486,existing,1470.6977560420482,136,246,376,699,existing,1529.0322049405743,136,248,376,131,existing,1852.5224824410395,136,263,376,151,existing,2026.2130995779505,136,247,376,699,existing,1529.0322049405743,136,250,376,691,existing,2190.8991334247553,136,249,376,565,existing,2145.168544492807
137,137,200,378,743,existing,1070.1970544634821,137,200,378,688,existing,258.72292405128144,137,200,378,440,allocated,381.4673357953333,137,238,378,197,existing,1140.5164934960812,137,236,378,197,existing,1140.5164934960812,137,241,378,486,existing,1420.5491734639613,137,237,378,197,existing,1140.5164934960812,137,246,378,699,existing,1517.4139219651424,137,263,378,151,existing,2020.2191056547474,137,247,378,699,existing,1517.4139219651424,137,248,378,131,existing,1802.3738998629528,137,244,378,691,existing,2140.7505508466684,137,249,378,565,existing,2095.01996191472
138,138,200,379,743,existing,833.4375353845551,138,200,379,688,existing,21.96340497235446,138,200,379,440,allocated,601.555714786221,138,241,379,486,existing,1251.3116120998275,138,237,379,197,existing,1413.9528728882851,138,236,379,197,existing,1413.9528728882851,138,238,379,197,existing,1413.9528728882851,138,248,379,131,existing,1612.509070257183,138,263,379,151,existing,1758.5582598847175,138,246,379,699,existing,1796.6870446338073,138,247,379,699,existing,1796.6870446338073,138,244,379,691,existing,1950.8857212408989,138,249,379,565,existing,1905.1551323089504
139,139,200,380,743,existing,955.1858835107566,139,200,380,688,existing,143.71175309855607,139,200,380,440,allocated,723.3040629124225,139,237,380,197,existing,1298.0412680385443,139,238,380,197,existing,1298.0412680385443,139,236,380,197,existing,1298.0412680385443,139,241,380,486,existing,1373.059960226029,139,263,380,151,existing,1880.306608010919,139,247,380,699,existing,1674.9386965076055,139,248,380,131,existing,1734.2574183833847,139,246,380,699,existing,1674.9386965076055,139,250,380,691,existing,2072.6340693671004,139,249,380,565,existing,2026.903480435152
140,140,200,381,743,existing,652.3058929709528,140,200,381,849,existing,268.1817735437987,140,200,381,823,allocated,582.1398288749472,140,241,381,486,existing,1252.2281613347436,140,236,381,197,existing,1414.8694221232013,140,238,381,197,existing,1414.8694221232013,140,237,381,197,existing,1414.8694221232013,140,263,381,151,existing,1568.7639150693092,140,249,381,565,existing,1724.0234898953481,140,244,381,691,existing,1769.7540788272966,140,248,381,131,existing,1431.3774278435808,140,250,381,691,existing,1769.7540788272966,140,232,381,691,existing,1769.7540788272966
141,141,200,382,743,existing,572.8962591327925,141,200,382,849,existing,188.7721397056385,141,200,382,440,allocated,523.0626301829768,141,241,382,486,existing,1172.8185274965836,141,238,382,197,existing,1335.459788285041,141,237,382,197,existing,1335.459788285041,141,236,382,197,existing,1335.459788285041,141,249,382,565,existing,1644.6138560571878,141,250,382,691,existing,1690.3444449891363,141,263,382,151,existing,1489.3542812311487,141,248,382,131,existing,1351.9677940054205,141,232,382,691,existing,1690.3444449891363,141,244,382,691,existing,1690.3444449891363
142,142,200,387,743,existing,166.70357430168414,142,200,387,472,existing,459.9591144272406,142,200,387,387,allocated,0.0,142,263,387,151,existing,798.9951325746142,142,248,387,131,existing,935.4516841488505,142,244,387,691,existing,1219.3569491060807,142,249,387,565,existing,1173.6263601741323,142,232,387,691,existing,1219.3569491060807,142,261,387,804,existing,1633.6253414714174,142,250,387,691,existing,1219.3569491060807,142,241,387,486,existing,1299.8006705030793,142,265,387,804,existing,1633.6253414714174,142,237,387,197,existing,1683.47237104474
143,143,222,390,658,existing,236.32989354478437,143,222,390,399,existing,690.8867435864682,143,222,390,390,allocated,0.0,143,248,390,131,existing,712.9311851383721,143,244,390,691,existing,798.5860091352558,143,250,390,691,existing,798.5860091352558,143,232,390,691,existing,798.5860091352558,143,249,390,565,existing,844.3165980672044,143,261,390,804,existing,1187.5517819689394,143,263,390,151,existing,1003.7442934602525,143,241,390,486,existing,1094.7559115373633,143,242,390,650,existing,1525.6411683647157,143,265,390,804,existing,1187.5517819689394
144,144,216,398,808,existing,351.49601670587924,144,216,398,399,existing,106.95745676440748,144,216,398,398,allocated,0.0,144,248,398,131,existing,385.9486919567247,144,249,398,565,existing,624.1233679820064,144,232,398,691,existing,669.8539569139548,144,244,398,691,existing,669.8539569139548,144,241,398,486,existing,767.7734183557161,144,237,398,197,existing,1353.0725666570545,144,261,398,804,existing,1320.353995342945,144,250,398,691,existing,669.8539569139548,144,265,398,804,existing,1320.353995342945,144,263,398,151,existing,1348.49812476674
145,145,216,399,808,existing,244.53855994147176,145,216,399,399,existing,0.0,145,216,399,399,allocated,0.0,145,248,399,131,existing,278.9912351923172,145,249,399,565,existing,517.1659112175989,145,250,399,691,existing,562.8965001495474,145,244,399,691,existing,562.8965001495474,145,241,399,486,existing,660.8159615913086,145,265,399,804,existing,1213.3965385785373,145,232,399,691,existing,562.8965001495474,145,261,399,804,existing,1213.3965385785373,145,238,399,197,existing,1246.115109892647,145,236,399,197,existing,1246.115109892647
146,146,214,413,811,existing,519.2662483806656,146,214,413,472,existing,799.9184855626913,146,214,413,309,allocated,212.1878000924946,146,263,413,151,existing,438.8464069317299,146,265,413,804,existing,1322.9719453736677,146,230,413,554,existing,1378.5308877643542,146,261,413,804,existing,1322.9719453736677,146,248,413,131,existing,1563.8478156304814,146,250,413,691,existing,1588.9525950810685,146,244,413,691,existing,1588.9525950810685,146,232,413,691,existing,1588.9525950810685,146,242,413,650,existing,1661.061331769444,146,249,413,565,existing,1634.683184013017
147,147,200,414,743,existing,1068.3444934047147,147,200,414,573,existing,99.12567553427172,147,200,414,288,allocated,634.5325211979475,147,241,414,486,existing,1652.6029119183618,147,238,414,197,existing,1815.2441727068194,147,236,414,197,existing,1815.2441727068194,147,237,414,197,existing,1815.2441727068194,147,263,414,151,existing,1984.8025155030707,147,250,414,691,existing,2185.7926792610583,147,249,414,565,existing,2140.06209032911,147,248,414,131,existing,1847.4160282773425,147,244,414,691,existing,2185.7926792610583,147,232,414,691,existing,2185.7926792610583
148,148,208,417,197,existing,670.5991330565477,148,208,417,314,existing,231.59810358463704,148,208,417,418,allocated,86.35653776275954,148,238,417,197,existing,670.5991330565477,148,237,417,197,existing,670.5991330565477,148,236,417,197,existing,670.5991330565477,148,247,417,699,existing,842.1462836448707,148,241,417,486,existing,1291.7657513650254,148,246,417,699,existing,842.1462836448707,148,248,417,131,existing,1673.5904777640167,148,231,417,230,existing,1897.9332447445245,148,250,417,691,existing,2011.9671287477322,148,249,417,565,existing,1966.2365398157838
149,149,208,418,197,existing,584.2425952937881,149,208,418,314,existing,145.2415658218775,149,208,418,418,allocated,0.0,149,237,418,197,existing,584.2425952937881,149,238,418,197,existing,584.2425952937881,149,236,418,197,existing,584.2425952937881,149,246,418,699,existing,755.7897458821112,149,241,418,486,existing,1205.409213602266,149,231,418,230,existing,1811.576706981765,149,247,418,699,existing,755.7897458821112,149,248,418,131,existing,1587.233940001257,149,249,418,565,existing,1879.8800020530243,149,232,418,691,existing,1925.6105909849725
150,150,212,419,956,existing,1180.1059878218534,150,212,419,374,existing,662.0778513364901,150,212,419,531,allocated,539.6315633096153,150,238,419,197,existing,1300.3971221517054,150,236,419,197,existing,1300.3971221517054,150,237,419,197,existing,1300.3971221517054,150,246,419,699,existing,1321.9457890957158,150,248,419,131,existing,2026.2450759078458,150,247,419,699,existing,1321.9457890957158,150,241,419,486,existing,1644.4203495088545,150,249,419,565,existing,2318.891137959613,150,244,419,691,existing,2364.6217268915616,150,232,419,691,existing,2364.6217268915616
151,151,212,420,956,existing,1128.8813460209499,151,212,420,374,existing,610.8532095355864,151,212,420,531,allocated,590.856205110519,151,237,420,197,existing,1249.1724803508016,151,238,420,197,existing,1249.1724803508016,151,236,420,197,existing,1249.1724803508016,151,246,420,699,existing,1270.7211472948122,151,248,420,131,existing,1975.020434106942,151,249,420,565,existing,2267.6664961587094,151,247,420,699,existing,1270.7211472948122,151,241,420,486,existing,1593.195707707951,151,250,420,691,existing,2313.397085090658,151,232,420,691,existing,2313.397085090658
152,152,214,421,811,existing,674.2945951291415,152,214,421,399,existing,1109.5662096413982,152,214,421,92,allocated,270.043246213742,152,263,421,151,existing,599.5721449944408,152,261,421,804,existing,948.8691021078522,152,248,421,131,existing,957.3726269265204,152,265,421,804,existing,948.8691021078522,152,232,421,691,existing,982.4774063771075,152,244,421,691,existing,982.4774063771075,152,250,421,691,existing,982.4774063771075,152,249,421,565,existing,1028.207995309056,152,242,421,650,existing,1286.9584885036284,152,230,421,554,existing,1253.6682083208352
153,153,214,422,811,existing,716.3675375492412,153,214,422,399,existing,1067.4932672212985,153,214,422,92,allocated,312.11618863384183,153,263,422,151,existing,641.6450874145407,153,265,422,804,existing,906.7961596877524,153,248,422,131,existing,915.2996845064206,153,261,422,804,existing,906.7961596877524,153,244,422,691,existing,940.4044639570077,153,249,422,565,existing,986.1350528889562,153,232,422,691,existing,940.4044639570077,153,250,422,691,existing,940.4044639570077,153,230,422,554,existing,1211.5952659007353,153,242,422,650,existing,1244.8855460835284
154,154,200,424,743,existing,1062.0170657901392,154,200,424,573,existing,73.58609387867828,154,200,424,288,allocated,807.2442906108977,154,241,424,486,existing,1479.8911425054118,154,236,424,197,existing,1642.5324032938695,154,238,424,197,existing,1642.5324032938695,154,237,424,197,existing,1642.5324032938695,154,248,424,131,existing,1841.0886006627672,154,246,424,699,existing,2025.2665750393915,154,263,424,151,existing,1987.1377902903016,154,247,424,699,existing,2025.2665750393915,154,244,424,691,existing,2179.465251646483,154,249,424,565,existing,2133.734662714535
155,155,214,425,811,existing,500.3827835196613,155,214,425,472,existing,825.2161917639924,155,214,425,309,allocated,237.48550629379562,155,263,425,151,existing,419.9629420707256,155,261,425,804,existing,1304.0884805126634,155,265,425,804,existing,1304.0884805126634,155,230,425,554,existing,1363.9135590500314,155,248,425,131,existing,1538.5501094291803,155,244,425,691,existing,1563.6548888797674,155,250,425,691,existing,1563.6548888797674,155,232,425,691,existing,1563.6548888797674,155,242,425,650,existing,1642.1778669084397,155,249,425,565,existing,1609.3854778117159
156,156,200,427,743,existing,1053.8243542470627,156,200,427,688,existing,242.35022383486216,156,200,427,288,allocated,794.5808052174318,156,241,427,486,existing,1471.6984309623351,156,237,427,197,existing,1634.3396917507928,156,236,427,197,existing,1634.3396917507928,156,238,427,197,existing,1634.3396917507928,156,247,427,699,existing,2017.073863496315,156,263,427,151,existing,1978.945078747225,156,248,427,131,existing,1832.8958891196905,156,246,427,699,existing,2017.073863496315,156,249,427,565,existing,2125.541951171458,156,232,427,691,existing,2171.2725401034063
157,157,211,428,699,existing,764.4173061615696,157,211,428,314,existing,153.86912610133598,157,211,428,314,allocated,153.86912610133598,157,247,428,699,existing,764.4173061615696,157,246,428,699,existing,764.4173061615696,157,236,428,197,existing,782.9898093575994,157,238,428,197,existing,782.9898093575994,157,241,428,486,existing,1404.156427666077,157,248,428,131,existing,1785.9811540650683,157,237,428,197,existing,782.9898093575994,157,231,428,230,existing,1820.2042672612233,157,244,428,691,existing,2124.357805048784,157,249,428,565,existing,2078.6272161168354
158,158,214,429,811,existing,587.670147506019,158,214,429,472,existing,1105.6590239132954,158,214,429,92,allocated,183.41879859061953,158,263,429,151,existing,512.9476973713183,158,261,429,804,existing,1034.846671681954,158,248,429,131,existing,1043.997074549643,158,265,429,804,existing,1034.846671681954,158,250,429,691,existing,1069.10185400023,158,249,429,565,existing,1114.8324429321785,158,232,429,691,existing,1069.10185400023,158,244,429,691,existing,1069.10185400023,158,242,429,650,existing,1372.9360580777302,158,230,429,554,existing,1339.6457778949368
159,159,222,430,658,existing,581.5437312135948,159,222,430,472,existing,1043.47299738432,159,222,430,92,allocated,285.0258758932823,159,263,430,151,existing,614.5547746739812,159,248,430,131,existing,968.1108596218824,159,244,430,691,existing,993.2156390724695,159,232,430,691,existing,993.2156390724695,159,261,430,804,existing,1134.6711185693127,159,250,430,691,existing,993.2156390724695,159,265,430,804,existing,1134.6711185693127,159,249,430,565,existing,1038.9462280044181,159,230,430,554,existing,1439.4702247822956,159,241,430,486,existing,1349.9355860208736
160,160,208,431,197,existing,1563.8938938409356,160,208,431,688,existing,889.3679039652325,160,208,431,1014,allocated,996.4608039371387,160,238,431,197,existing,1563.8938938409356,160,236,431,197,existing,1563.8938938409356,160,241,431,486,existing,1897.9259399592947,160,237,431,197,existing,1563.8938938409356,160,248,431,131,existing,2279.750666358286,160,246,431,699,existing,1940.791322309997,160,249,431,565,existing,2572.396728410053,160,247,431,699,existing,1940.791322309997,160,232,431,691,existing,2618.127317342002,160,250,431,691,existing,2618.127317342002
161,161,200,432,743,existing,500.7090212273574,161,200,432,849,existing,150.1489308931123,161,200,432,440,allocated,312.41230803891534,161,241,432,486,existing,962.1682053525219,161,236,432,197,existing,1124.8094661409796,161,237,432,197,existing,1124.8094661409796,161,238,432,197,existing,1124.8094661409796,161,248,432,131,existing,1279.7805560999852,161,232,432,691,existing,1618.157207083701,161,249,432,565,existing,1572.4266181517526,161,263,432,151,existing,1450.7310724186225,161,250,432,691,existing,1618.157207083701,161,244,432,691,existing,1618.157207083701
162,162,200,433,743,existing,465.3610252296511,162,200,433,768,existing,169.98895696663575,162,200,433,768,allocated,169.98895696663575,162,241,433,486,existing,697.5392016994341,162,248,433,131,existing,848.8551959558965,162,238,433,197,existing,1081.2109022410946,162,237,433,197,existing,1081.2109022410946,162,244,433,691,existing,1187.2318469396123,162,249,433,565,existing,1141.5012580076639,162,236,433,197,existing,1081.2109022410946,162,250,433,691,existing,1187.2318469396123,162,263,433,151,existing,1431.0597321059493,162,232,433,691,existing,1187.2318469396123
163,163,222,434,658,existing,570.2126044916392,163,222,434,472,existing,862.3946790594421,163,222,434,855,allocated,177.5232468227873,163,263,434,151,existing,555.5862452871595,163,265,434,804,existing,1439.7117837290973,163,248,434,131,existing,1445.377463888447,163,261,434,804,existing,1439.7117837290973,163,244,434,691,existing,1470.482243339034,163,232,434,691,existing,1470.482243339034,163,250,434,691,existing,1470.482243339034,163,230,434,554,existing,1499.5368622664653,163,249,434,565,existing,1516.2128322709827,163,242,434,650,existing,1777.8011701248734
164,164,200,435,743,existing,1196.647155509518,164,200,435,573,existing,213.04445855900946,164,200,435,288,allocated,762.8351833027508,164,241,435,486,existing,1766.5216949430994,164,236,435,197,existing,1929.162955731557,164,237,435,197,existing,1929.162955731557,164,238,435,197,existing,1929.162955731557,164,248,435,131,existing,1975.7186903821457,164,263,435,151,existing,2113.105177607874,164,246,435,699,existing,2311.8971274770793,164,249,435,565,existing,2268.364752433913,164,247,435,699,existing,2311.8971274770793,164,232,435,691,existing,2314.0953413658617
165,165,200,436,743,existing,1250.5132788539945,165,200,436,573,existing,266.91058190348616,165,200,436,288,allocated,816.7013066472275,165,241,436,486,existing,1820.3878182875762,165,236,436,197,existing,1943.0064101977632,165,237,436,197,existing,1943.0064101977632,165,238,436,197,existing,1943.0064101977632,165,248,436,131,existing,2029.5848137266223,165,263,436,151,existing,2166.9713009523507,165,247,436,699,existing,2319.9038386668244,165,246,436,699,existing,2319.9038386668244,165,249,436,565,existing,2322.23087577839,165,250,436,691,existing,2367.961464710338
166,166,225,437,296,existing,804.0845306201392,166,225,437,849,existing,582.945879257206,166,225,437,440,allocated,120.38464032517841,166,238,437,197,existing,1082.7720168516673,166,236,437,197,existing,1082.7720168516673,166,237,437,197,existing,1082.7720168516673,166,241,437,486,existing,1084.4381677307554,166,249,437,565,existing,1758.908956181514,166,248,437,131,existing,1466.2628941297467,166,247,437,699,existing,1545.5343191675304,166,246,437,699,existing,1545.5343191675304,166,244,437,691,existing,1804.6395451134624,166,232,437,691,existing,1804.6395451134624
167,167,225,439,296,existing,632.4067256744339,167,225,439,849,existing,305.21474113521276,167,225,439,440,allocated,157.34649779681484,167,241,439,486,existing,905.0577299573191,167,237,439,197,existing,969.7436558988791,167,236,439,197,existing,969.7436558988791,167,238,439,197,existing,969.7436558988791,167,263,439,151,existing,1605.7968826607232,167,248,439,131,existing,1286.8824563563103,167,249,439,565,existing,1579.5285184080776,167,250,439,691,existing,1625.2591073400263,167,244,439,691,existing,1625.2591073400263,167,232,439,691,existing,1625.2591073400263
168,168,225,440,296,existing,789.7532234712488,168,225,440,849,existing,462.5612389320276,168,225,440,440,allocated,0.0,168,241,440,486,existing,1062.404227754134,168,237,440,197,existing,1127.090153695694,168,236,440,197,existing,1127.090153695694,168,238,440,197,existing,1127.090153695694,168,248,440,131,existing,1444.2289541531252,168,246,440,699,existing,1665.9189594927088,168,249,440,565,existing,1736.8750162048923,168,247,440,699,existing,1665.9189594927088,168,244,440,691,existing,1782.605605136841,168,263,440,151,existing,1763.143380457538
169,169,200,441,743,existing,1075.557564000083,169,200,441,573,existing,196.12406221206862,169,200,441,440,allocated,843.6757434017488,169,241,441,486,existing,1493.4316407153556,169,237,441,197,existing,1630.107478085731,169,236,441,197,existing,1630.107478085731,169,238,441,197,existing,1630.107478085731,169,248,441,131,existing,1854.6290988727108,169,247,441,699,existing,2007.0049065547921,169,263,441,151,existing,2000.6782885002456,169,246,441,699,existing,2007.0049065547921,169,244,441,691,existing,2193.0057498564265,169,249,441,565,existing,2147.2751609244783
170,170,203,444,804,existing,712.6101348059207,170,203,444,399,existing,955.1960922244375,170,203,444,159,allocated,309.8341269329244,170,265,444,804,existing,712.6101348059207,170,261,444,804,existing,712.6101348059207,170,248,444,131,existing,803.0025095095598,170,263,444,151,existing,737.8108513039465,170,232,444,691,existing,828.1072889601469,170,244,444,691,existing,828.1072889601469,170,249,444,565,existing,873.8378778920953,170,250,444,691,existing,828.1072889601469,170,230,444,554,existing,1017.4092410189037,170,242,444,650,existing,1050.6995212016968
171,171,214,446,811,existing,279.9251315075069,171,214,446,472,existing,1219.753858831463,171,214,446,445,allocated,44.45404134170693,171,263,446,151,existing,411.2679272650973,171,265,446,804,existing,902.2855908133196,171,230,446,554,existing,1143.455907037877,171,261,446,804,existing,902.2855908133196,171,248,446,131,existing,1314.9122297557951,171,242,446,650,existing,1240.3749772090957,171,244,446,691,existing,1340.0170092063822,171,232,446,691,existing,1340.0170092063822,171,249,446,565,existing,1385.7475981383309,171,250,446,691,existing,1340.0170092063822
172,172,214,447,811,existing,536.9344199301509,172,214,447,399,existing,1210.096524048029,172,214,447,159,allocated,44.760443512198144,172,261,447,804,existing,645.2763023906757,172,265,447,804,existing,645.2763023906757,172,230,447,554,existing,950.0754086036586,172,263,447,151,existing,668.2772156877413,172,232,447,691,existing,1083.0077207837385,172,242,447,650,existing,983.365688786452,172,244,447,691,existing,1083.0077207837385,172,248,447,131,existing,1057.9029413331514,172,250,447,691,existing,1083.0077207837385,172,249,447,565,existing,1128.738309715687
173,173,214,448,811,existing,582.6560718531392,173,214,448,399,existing,1164.3748721250408,173,214,448,159,allocated,90.4820954351866,173,263,448,151,existing,689.2687872443692,173,265,448,804,existing,690.9979543136641,173,261,448,804,existing,690.9979543136641,173,230,448,554,existing,995.797060526647,173,250,448,691,existing,1037.28606886075,173,248,448,131,existing,1012.1812894101629,173,242,448,650,existing,1029.0873407094402,173,244,448,691,existing,1037.28606886075,173,249,448,565,existing,1083.0166577926984,173,232,448,691,existing,1037.28606886075
174,174,214,449,811,existing,305.71515800115014,174,214,449,472,existing,1115.74378698932,174,214,449,148,allocated,43.820919103846826,174,263,449,151,existing,174.37236224355973,174,265,449,804,existing,1109.4208549941523,174,230,449,554,existing,1169.2459335315202,174,261,449,804,existing,1109.4208549941523,174,250,449,691,existing,1544.0353081512974,174,248,449,131,existing,1518.9305287007103,174,244,449,691,existing,1544.0353081512974,174,242,449,650,existing,1447.5102413899285,174,249,449,565,existing,1589.7658970832458,174,232,449,691,existing,1544.0353081512974
175,175,214,450,811,existing,351.3316168179323,175,214,450,472,existing,1070.31312014445,175,214,450,148,allocated,89.43737792062895,175,263,450,151,existing,219.98882106034185,175,261,450,804,existing,1155.0373138109344,175,265,450,804,existing,1155.0373138109344,175,230,450,554,existing,1214.8623923483024,175,232,450,691,existing,1502.7004200266979,175,248,450,131,existing,1477.5956405761108,175,250,450,691,existing,1502.7004200266979,175,242,450,650,existing,1493.1267002067107,175,244,450,691,existing,1502.7004200266979,175,249,450,565,existing,1548.4310089586465
176,176,200,453,743,existing,1042.9649109813868,176,200,453,573,existing,387.2820844916937,176,200,453,288,allocated,609.1529387746197,176,248,453,131,existing,1822.0364458540146,176,241,453,486,existing,1909.506648551448,176,237,453,197,existing,2072.1479093399057,176,263,453,151,existing,1959.4229330797427,176,238,453,197,existing,2072.1479093399057,176,249,453,565,existing,2114.682507905782,176,236,453,197,existing,2072.1479093399057,176,244,453,691,existing,2160.4130968377303,176,250,453,691,existing,2160.4130968377303,176,232,453,691,existing,2160.4130968377303
177,177,200,454,743,existing,960.3013504506433,177,200,454,573,existing,304.6185239609504,177,200,454,288,allocated,526.4893782438764,177,248,454,131,existing,1739.3728853232712,177,241,454,486,existing,1826.8430880207047,177,238,454,197,existing,1989.4843488091624,177,263,454,151,existing,1876.7593725489994,177,249,454,565,existing,2032.0189473750386,177,250,454,691,existing,2077.749536306987,177,237,454,197,existing,1989.4843488091624,177,236,454,197,existing,1989.4843488091624,177,232,454,691,existing,2077.749536306987,177,244,454,691,existing,2077.749536306987
178,178,200,455,743,existing,1243.5189984999365,178,200,455,573,existing,166.1726155685908,178,200,455,288,allocated,809.7070262931695,178,241,455,486,existing,1719.6498519526808,178,238,455,197,existing,1882.2911127411385,178,236,455,197,existing,1882.2911127411385,178,237,455,197,existing,1882.2911127411385,178,248,455,131,existing,2022.5905333725643,178,263,455,151,existing,2159.9770205982927,178,247,455,699,existing,2265.025284486661,178,246,455,699,existing,2265.025284486661,178,250,455,691,existing,2360.96718435628,178,249,455,565,existing,2315.236595424332
179,179,200,456,743,existing,1105.4640747475682,179,200,456,573,existing,449.78124825787523,179,200,456,288,allocated,671.6521025408013,179,248,456,131,existing,1884.535609620196,179,241,456,486,existing,1972.0058123176295,179,238,456,197,existing,2134.647073106087,179,263,456,151,existing,2021.9220968459242,179,236,456,197,existing,2134.647073106087,179,250,456,691,existing,2222.912260603912,179,249,456,565,existing,2177.1816716719636,179,237,456,197,existing,2134.647073106087,179,232,456,691,existing,2222.912260603912,179,244,456,691,existing,2222.912260603912
180,180,201,458,554,existing,273.4965835800213,180,201,458,399,existing,1996.790971852808,180,201,458,458,allocated,0.0,180,230,458,554,existing,273.4965835800213,180,242,458,650,existing,674.5443518545455,180,261,458,804,existing,991.051265316737,180,265,458,804,existing,991.051265316737,180,233,458,594,existing,1334.8659270742867,180,251,458,594,existing,1334.8659270742867,180,252,458,594,existing,1334.8659270742867,180,263,458,151,existing,1019.0592098974275,180,253,458,594,existing,1334.8659270742867,180,254,458,471,existing,1357.9076259680805
181,181,201,459,554,existing,418.74271436897243,181,201,459,399,existing,2122.2356360001722,181,201,459,459,allocated,0.0,181,230,459,554,existing,418.74271436897243,181,242,459,650,existing,646.5706756847743,181,265,459,804,existing,984.6600620805506,181,261,459,804,existing,984.6600620805506,181,251,459,594,existing,1189.6197962853357,181,263,459,151,existing,1164.3053406863787,181,253,459,594,existing,1189.6197962853357,181,252,459,594,existing,1189.6197962853357,181,233,459,594,existing,1189.6197962853357,181,254,459,471,existing,1212.6614951791294
182,182,214,461,811,existing,280.8113603959302,182,214,461,472,existing,1102.7358222780517,182,214,461,462,allocated,40.86950976618985,182,263,461,151,existing,217.7680897487491,182,265,461,804,existing,1084.5170573889325,182,230,461,554,existing,1144.3421359263004,182,261,461,804,existing,1084.5170573889325,182,250,461,691,existing,1693.345950815532,182,248,461,131,existing,1668.2411713649449,182,242,461,650,existing,1422.6064437847085,182,244,461,691,existing,1693.345950815532,182,249,461,565,existing,1739.0765397474806,182,232,461,691,existing,1693.345950815532
183,183,214,464,811,existing,669.2967260309698,183,214,464,399,existing,1077.7342179472103,183,214,464,159,allocated,177.1227496130171,183,263,464,151,existing,605.0994739840392,183,265,464,804,existing,777.6386084914947,183,261,464,804,existing,777.6386084914947,183,248,464,131,existing,925.5406352323323,183,232,464,691,existing,950.6454146829194,183,244,464,691,existing,950.6454146829194,183,250,464,691,existing,950.6454146829194,183,249,464,565,existing,996.3760036148681,183,242,464,650,existing,1115.7279948872708,183,230,464,554,existing,1082.4377147044775
184,184,214,465,811,existing,672.7985059902924,184,214,465,399,existing,1084.7576360756575,184,214,465,159,allocated,184.1461677414645,184,263,465,151,existing,598.0760558555919,184,265,465,804,existing,784.662026619942,184,248,465,131,existing,932.5640533607798,184,261,465,804,existing,784.662026619942,184,232,465,691,existing,957.6688328113669,184,249,465,565,existing,1003.3994217433153,184,244,465,691,existing,957.6688328113669,184,250,465,691,existing,957.6688328113669,184,242,465,650,existing,1122.7514130157183,184,230,465,554,existing,1089.461132832925
185,185,200,473,743,existing,27.856708675892897,185,200,473,472,existing,267.26617129691795,185,200,473,738,allocated,149.86150741052643,185,248,473,131,existing,806.9282435485209,185,263,473,151,existing,942.9698835647794,185,232,473,691,existing,1145.3048945322366,185,249,473,565,existing,1099.5743056002882,185,250,473,691,existing,1145.3048945322366,185,236,473,197,existing,1542.0622515882274,185,244,473,691,existing,1145.3048945322366,185,241,473,486,existing,1158.3905510465668,185,237,473,197,existing,1542.0622515882274,185,238,473,197,existing,1542.0622515882274
186,186,216,476,808,existing,329.0750141252003,186,216,476,399,existing,151.74863321090046,186,216,476,399,allocated,151.74863321090046,186,248,476,131,existing,363.5276893760457,186,249,476,565,existing,656.173751427813,186,232,476,691,existing,701.9043403597615,186,250,476,691,existing,701.9043403597615,186,237,476,197,existing,1330.6515640763755,186,241,476,486,existing,745.3524157750371,186,236,476,197,existing,1330.6515640763755,186,244,476,691,existing,701.9043403597615,186,265,476,804,existing,1355.825294738014,186,238,476,197,existing,1330.6515640763755
187,187,216,477,808,existing,210.9324704278858,187,216,477,399,existing,33.60608951358598,187,216,477,399,allocated,33.60608951358598,187,248,477,131,existing,245.38514567873125,187,249,477,565,existing,538.0312077304986,187,244,477,691,existing,583.7617966624471,187,232,477,691,existing,583.7617966624471,187,238,477,197,existing,1212.509020379061,187,237,477,197,existing,1212.509020379061,187,241,477,486,existing,627.2098720777226,187,250,477,691,existing,583.7617966624471,187,236,477,197,existing,1212.509020379061,187,265,477,804,existing,1237.6827510406997
188,188,208,490,197,existing,1002.7676634911522,188,208,490,374,existing,364.4483926759369,188,208,490,440,allocated,428.18730467234843,188,238,490,197,existing,1002.7676634911522,188,237,490,197,existing,1002.7676634911522,188,236,490,197,existing,1002.7676634911522,188,241,490,486,existing,1321.3306430616874,188,246,490,699,existing,1379.6650919602134,188,249,490,565,existing,1995.801431512446,188,248,490,131,existing,1703.1553694606787,188,247,490,699,existing,1379.6650919602134,188,250,490,691,existing,2041.5320204443944,188,244,490,691,existing,2041.5320204443944
189,189,222,491,658,existing,355.531714317833,189,222,491,472,existing,817.4609804885583,189,222,491,92,allocated,104.77924483411766,189,263,491,151,existing,441.39847232261627,189,248,491,131,existing,1230.6965737146409,189,232,491,691,existing,1255.801353165228,189,250,491,691,existing,1255.801353165228,189,244,491,691,existing,1255.801353165228,189,249,491,565,existing,1301.5319420971764,189,265,491,804,existing,1302.2531751224078,189,261,491,804,existing,1302.2531751224078,189,230,491,554,existing,1379.6516979876872,189,241,491,486,existing,1612.5213001136322
190,190,222,492,658,existing,295.7650426930237,190,222,492,472,existing,757.694308863749,190,222,492,855,allocated,96.92431497582817,190,263,492,151,existing,501.1651439474256,190,248,492,131,existing,1170.9299020898316,190,232,492,691,existing,1196.0346815404187,190,250,492,691,existing,1196.0346815404187,190,244,492,691,existing,1196.0346815404187,190,249,492,565,existing,1241.7652704723673,190,261,492,804,existing,1362.0198467472171,190,265,492,804,existing,1362.0198467472171,190,241,492,486,existing,1552.7546284888228,190,230,492,554,existing,1439.4183696124965
191,191,200,499,743,existing,516.7916103869508,191,200,499,849,existing,583.8540089070435,191,200,499,823,allocated,226.9369608406916,191,248,499,131,existing,1295.8631452595787,191,241,499,486,existing,1384.6323019928795,191,263,499,151,existing,1433.249632485307,191,249,499,565,existing,1588.509207311346,191,238,499,197,existing,1768.30400253454,191,250,499,691,existing,1634.2397962432944,191,244,499,691,existing,1634.2397962432944,191,232,499,691,existing,1634.2397962432944,191,237,499,197,existing,1768.30400253454,191,236,499,197,existing,1768.30400253454
192,192,200,500,743,existing,370.29435003776206,192,200,500,849,existing,437.35674855785476,192,200,500,823,allocated,80.43970049150288,192,248,500,131,existing,1149.36588491039,192,241,500,486,existing,1238.1350416436908,192,263,500,151,existing,1286.752372136118,192,249,500,565,existing,1442.0119469621573,192,250,500,691,existing,1487.7425358941057,192,244,500,691,existing,1487.7425358941057,192,232,500,691,existing,1487.7425358941057,192,238,500,197,existing,1621.8067421853511,192,236,500,197,existing,1621.8067421853511,192,237,500,197,existing,1621.8067421853511
193,193,200,501,743,existing,911.5764977143398,193,200,501,573,existing,255.89367122464665,193,200,501,288,allocated,477.7645255075726,193,248,501,131,existing,1690.6480325869677,193,241,501,486,existing,1778.118235284401,193,236,501,197,existing,1940.7594960728586,193,263,501,151,existing,1828.0345198126959,193,250,501,691,existing,2029.0246835706835,193,237,501,197,existing,1940.7594960728586,193,238,501,197,existing,1940.7594960728586,193,249,501,565,existing,1983.294094638735,193,244,501,691,existing,2029.0246835706835,193,232,501,691,existing,2029.0246835706835
194,194,200,502,743,existing,989.6498820265962,194,200,502,573,existing,177.82028691239015,194,200,502,288,allocated,555.8379098198292,194,241,502,486,existing,1731.2975232964802,194,248,502,131,existing,1768.721416899224,194,236,502,197,existing,1893.9387840849379,194,238,502,197,existing,1893.9387840849379,194,232,502,691,existing,2107.09806788294,194,237,502,197,existing,1893.9387840849379,194,263,502,151,existing,1906.1079041249525,194,249,502,565,existing,2061.3674789509914,194,250,502,691,existing,2107.09806788294,194,244,502,691,existing,2107.09806788294
195,195,200,503,743,existing,1380.9709473667713,195,200,503,573,existing,552.0185758488126,195,200,503,288,allocated,947.1589751600042,195,241,503,486,existing,2105.4958122329026,195,248,503,131,existing,2160.0424822393993,195,237,503,197,existing,2268.1370730213603,195,236,503,197,existing,2268.1370730213603,195,238,503,197,existing,2268.1370730213603,195,244,503,691,existing,2498.419133223115,195,263,503,151,existing,2297.428969465127,195,249,503,565,existing,2452.6885442911666,195,250,503,691,existing,2498.419133223115,195,232,503,691,existing,2498.419133223115
196,196,200,504,743,existing,1290.8096921118572,196,200,504,573,existing,478.98009699765106,196,200,504,288,allocated,856.9977199050901,196,241,504,486,existing,2032.4573333817411,196,248,504,131,existing,2069.8812269844852,196,238,504,197,existing,2195.098594170199,196,236,504,197,existing,2195.098594170199,196,263,504,151,existing,2207.267714210213,196,237,504,197,existing,2195.098594170199,196,244,504,691,existing,2408.257877968201,196,249,504,565,existing,2362.5272890362526,196,250,504,691,existing,2408.257877968201,196,232,504,691,existing,2408.257877968201
197,197,200,505,743,existing,765.4190752871199,197,200,505,573,existing,402.05109365186644,197,200,505,288,allocated,331.6071030803529,197,248,505,131,existing,1544.4906101597478,197,241,505,486,existing,1633.2597668930484,197,263,505,151,existing,1681.877097385476,197,249,505,565,existing,1837.1366722115151,197,238,505,197,existing,1868.978746243914,197,236,505,197,existing,1868.978746243914,197,237,505,197,existing,1868.978746243914,197,232,505,691,existing,1882.8672611434636,197,250,505,691,existing,1882.8672611434636,197,244,505,691,existing,1882.8672611434636
198,198,200,506,743,existing,576.1402063259129,198,200,506,849,existing,564.0360456390921,198,200,506,823,allocated,286.2855567796537,198,248,506,131,existing,1355.2117411985407,198,241,506,486,existing,1443.9808979318414,198,263,506,151,existing,1492.5982284242689,198,249,506,565,existing,1647.857803250308,198,232,506,691,existing,1693.5883921822565,198,244,506,691,existing,1693.5883921822565,198,236,506,197,existing,1710.723694218495,198,250,506,691,existing,1693.5883921822565,198,238,506,197,existing,1710.723694218495,198,237,506,197,existing,1710.723694218495
199,199,200,509,743,existing,677.149677597152,199,200,509,849,existing,463.02657436785296,199,200,509,823,allocated,387.2950280508929,199,241,509,486,existing,1447.072962158798,199,248,509,131,existing,1456.22121246978,199,263,509,151,existing,1593.6076996955082,199,237,509,197,existing,1609.7142229472556,199,250,509,691,existing,1794.5978634534958,199,249,509,565,existing,1748.8672745215474,199,238,509,197,existing,1609.7142229472556,199,236,509,197,existing,1609.7142229472556,199,244,509,691,existing,1794.5978634534958,199,232,509,691,existing,1794.5978634534958
200,200,200,510,743,existing,132.62820229773334,200,200,510,849,existing,251.49591712942066,200,200,510,823,allocated,157.22644724852583,200,248,510,131,existing,911.6997371703612,200,241,510,486,existing,1000.4688939036619,200,263,510,151,existing,1098.3269091740317,200,249,510,565,existing,1204.3457992221286,200,237,510,197,existing,1384.1405944453224,200,250,510,691,existing,1250.076388154077,200,244,510,691,existing,1250.076388154077,200,232,510,691,existing,1250.076388154077,200,238,510,197,existing,1384.1405944453224,200,236,510,197,existing,1384.1405944453224
201,201,214,511,811,existing,382.0376895942005,201,214,511,472,existing,937.1470443491564,201,214,511,462,allocated,124.7192681627055,201,263,511,151,existing,301.6178481452648,201,265,511,804,existing,1185.7433865872026,201,230,511,554,existing,1241.3023289778891,201,261,511,804,existing,1185.7433865872026,201,232,511,691,existing,1722.6320507914609,201,248,511,131,existing,1697.5272713408738,201,242,511,650,existing,1523.832772982979,201,244,511,691,existing,1722.6320507914609,201,249,511,565,existing,1768.3626397234095,201,250,511,691,existing,1722.6320507914609
202,202,214,512,811,existing,477.3604053460408,202,214,512,472,existing,841.824328597316,202,214,512,462,allocated,220.04198391454582,202,263,512,151,existing,396.9405638971051,202,261,512,804,existing,1281.066102339043,202,230,512,554,existing,1336.6250447297296,202,265,512,804,existing,1281.066102339043,202,232,512,691,existing,1630.8584381156932,202,248,512,131,existing,1605.753658665106,202,242,512,650,existing,1619.1554887348193,202,244,512,691,existing,1630.8584381156932,202,249,512,565,existing,1676.5890270476416,202,250,512,691,existing,1630.8584381156932
203,203,203,513,804,existing,747.4070359306836,203,203,513,399,existing,989.1966533747225,203,203,513,159,allocated,265.6603141855048,203,263,513,151,existing,693.6370385565269,203,265,513,804,existing,747.4070359306836,203,261,513,804,existing,747.4070359306836,203,248,513,131,existing,837.0030706598448,203,250,513,691,existing,862.1078501104319,203,249,513,565,existing,907.8384390423803,203,244,513,691,existing,862.1078501104319,203,232,513,691,existing,862.1078501104319,203,242,513,650,existing,1085.4964223264597,203,230,513,554,existing,1052.2061421436665
204,204,206,515,771,existing,137.8781834196197,204,206,515,472,existing,232.06536410538672,204,206,515,515,allocated,0.0,204,263,515,151,existing,987.061077848195,204,248,515,131,existing,1278.7625023451262,204,244,515,691,existing,1562.6677673023564,204,249,515,565,existing,1516.9371783704078,204,232,515,691,existing,1562.6677673023564,204,250,515,691,existing,1562.6677673023564,204,241,515,486,existing,1641.4710440319618,204,265,515,804,existing,1890.8250668309724,204,261,515,804,existing,1890.8250668309724,204,230,515,554,existing,1946.3840092216592
205,205,208,534,197,existing,716.0380439828679,205,208,534,374,existing,187.90709159167608,205,208,534,1014,allocated,148.6049540790709,205,238,534,197,existing,716.0380439828679,205,236,534,197,existing,716.0380439828679,205,247,534,699,existing,1178.8003462987308,205,237,534,197,existing,716.0380439828679,205,248,534,131,existing,1719.0293886903369,205,249,534,565,existing,2011.675450742104,205,246,534,699,existing,1178.8003462987308,205,241,534,486,existing,1337.2046622913456,205,244,534,691,existing,2057.4060396740524,205,250,534,691,existing,2057.4060396740524
206,206,209,540,958,existing,435.4825186170476,206,209,540,374,existing,516.693070352964,206,209,540,541,allocated,45.877633756406645,206,237,540,197,existing,447.87111685124614,206,236,540,197,existing,447.87111685124614,206,238,540,197,existing,447.87111685124614,206,247,540,699,existing,910.6334191671091,206,246,540,699,existing,910.6334191671091,206,248,540,131,existing,1416.8249855433796,206,241,540,486,existing,1035.0002591443883,206,249,540,565,existing,1709.4710475951467,206,250,540,691,existing,1755.2016365270952,206,232,540,691,existing,1755.2016365270952
207,207,208,542,197,existing,839.8578517856754,207,208,542,374,existing,150.55208818651224,207,208,542,551,allocated,288.18563660558493,207,238,542,197,existing,839.8578517856754,207,236,542,197,existing,839.8578517856754,207,237,542,197,existing,839.8578517856754,207,247,542,699,existing,1165.7687874707885,207,241,542,486,existing,1461.024470094153,207,246,542,699,existing,1165.7687874707885,207,248,542,131,existing,1842.8491964931445,207,249,542,565,existing,2135.4952585449114,207,244,542,691,existing,2181.22584747686,207,232,542,691,existing,2181.22584747686
208,208,208,543,197,existing,970.6978472273724,208,208,543,374,existing,281.3920836282093,208,208,543,551,allocated,419.025632047282,208,238,543,197,existing,970.6978472273724,208,236,543,197,existing,970.6978472273724,208,246,543,699,existing,1034.9287920290917,208,237,543,197,existing,970.6978472273724,208,231,543,230,existing,2090.7157531287453,208,248,543,131,existing,1973.6891919348413,208,241,543,486,existing,1591.8644655358503,208,247,543,699,existing,1034.9287920290917,208,249,543,565,existing,2266.3352539866087,208,232,543,691,existing,2312.065842918557
209,209,222,546,658,existing,134.94848916950815,209,222,546,399,existing,589.505339211192,209,222,546,546,allocated,0.0,209,248,546,131,existing,814.3125895136484,209,232,546,691,existing,899.9674135105322,209,250,546,691,existing,899.9674135105322,209,244,546,691,existing,899.9674135105322,209,241,546,486,existing,1196.1373159126397,209,265,546,804,existing,1288.9331863442155,209,249,546,565,existing,945.6980024424806,209,263,546,151,existing,931.8786758099575,209,242,546,650,existing,1627.0225727399916,209,261,546,804,existing,1288.9331863442155
210,210,200,547,743,existing,317.7277040405469,210,200,547,472,existing,22.60482406773604,210,200,547,547,allocated,0.0,210,248,547,131,existing,1096.7992389131748,210,263,547,151,existing,1183.7075877084826,210,232,547,691,existing,1389.2015627158294,210,249,547,565,existing,1343.4709737838812,210,244,547,691,existing,1389.2015627158294,210,250,547,691,existing,1389.2015627158294,210,238,547,197,existing,1831.9332469528813,210,241,547,486,existing,1448.2615464112207,210,237,547,197,existing,1831.9332469528813,210,236,547,197,existing,1831.9332469528813
211,211,222,548,658,existing,325.38435721471694,211,222,548,472,existing,728.8358378130952,211,222,548,855,allocated,67.30500045413497,211,263,548,151,existing,477.4765739631234,211,248,548,131,existing,1200.5492166115248,211,232,548,691,existing,1225.653996062112,211,250,548,691,existing,1225.653996062112,211,244,548,691,existing,1225.653996062112,211,249,548,565,existing,1271.3845849940603,211,261,548,804,existing,1391.3381299290565,211,265,548,804,existing,1391.3381299290565,211,241,548,486,existing,1582.373943010516,211,230,548,554,existing,1468.736652794336
212,212,200,550,743,existing,567.86647452061,212,200,550,768,existing,272.49440625759473,212,200,550,768,allocated,272.49440625759473,212,241,550,486,existing,800.044650990393,212,248,550,131,existing,951.3606452468555,212,236,550,197,existing,1183.7163515320535,212,237,550,197,existing,1183.7163515320535,212,244,550,691,existing,1289.7372962305712,212,250,550,691,existing,1289.7372962305712,212,238,550,197,existing,1183.7163515320535,212,249,550,565,existing,1244.0067072986228,212,263,550,151,existing,1533.5651813969082,212,232,550,691,existing,1289.7372962305712
213,213,208,551,197,existing,551.6722151800905,213,208,551,374,existing,137.63354841907267,213,208,551,551,allocated,0.0,213,238,551,197,existing,551.6722151800905,213,236,551,197,existing,551.6722151800905,213,246,551,699,existing,946.188777709652,213,237,551,197,existing,551.6722151800905,213,248,551,131,existing,1554.6635598875596,213,247,551,699,existing,946.188777709652,213,241,551,486,existing,1172.838833488568,213,249,551,565,existing,1847.3096219393265,213,250,551,691,existing,1893.0402108712751,213,232,551,691,existing,1893.0402108712751
214,214,208,552,197,existing,472.7578893231689,214,208,552,374,existing,216.54787427599422,214,208,552,552,allocated,0.0,214,237,552,197,existing,472.7578893231689,214,238,552,197,existing,472.7578893231689,214,246,552,699,existing,867.2744518527304,214,236,552,197,existing,472.7578893231689,214,241,552,486,existing,1093.9245076316465,214,249,552,565,existing,1768.395296082405,214,247,552,699,existing,867.2744518527304,214,248,552,131,existing,1475.749234030638,214,250,552,691,existing,1814.1258850143536,214,244,552,691,existing,1814.1258850143536
215,215,212,557,956,existing,1223.6287108614172,215,212,557,374,existing,786.6154348645667,215,212,557,531,allocated,415.0939797815387,215,247,557,699,existing,1365.4685121352795,215,246,557,699,existing,1365.4685121352795,215,236,557,197,existing,1424.934705679782,215,238,557,197,existing,1424.934705679782,215,249,557,565,existing,2443.4287214876895,215,237,557,197,existing,1424.934705679782,215,241,557,486,existing,1768.957933036931,215,248,557,131,existing,2150.782659435922,215,232,557,691,existing,2489.159310419638,215,244,557,691,existing,2489.159310419638
216,216,212,558,956,existing,858.8364616251205,216,212,558,684,existing,810.4003030977304,216,212,558,700,allocated,662.4586870652481,216,246,558,699,existing,1000.6762628989829,216,247,558,699,existing,1000.6762628989829,216,237,558,197,existing,1760.0577143314674,216,238,558,197,existing,1760.0577143314674,216,236,558,197,existing,1760.0577143314674,216,241,558,486,existing,2126.3949199989547,216,248,558,131,existing,2508.2196463979462,216,231,558,230,existing,2727.4407300481103,216,244,558,691,existing,2846.5962973816618,216,249,558,565,existing,2800.8657084497136
217,217,212,560,956,existing,522.1936305744686,217,212,560,684,existing,473.7574720470785,217,212,560,700,allocated,325.8158560145962,217,247,560,699,existing,664.033431848331,217,246,560,699,existing,664.033431848331,217,236,560,197,existing,1423.4148832808155,217,237,560,197,existing,1423.4148832808155,217,238,560,197,existing,1423.4148832808155,217,241,560,486,existing,2044.5815015892933,217,248,560,131,existing,2426.4062279882846,217,231,560,230,existing,2390.797898997458,217,234,560,348,existing,2764.5028002436693,217,249,560,565,existing,2719.052290040052
218,218,212,561,956,existing,454.1724374702113,218,212,561,684,existing,405.73627894282123,218,212,561,700,allocated,257.7946629103389,218,247,561,699,existing,596.0122387440738,218,246,561,699,existing,596.0122387440738,218,236,561,197,existing,1488.845319182964,218,238,561,197,existing,1488.845319182964,218,241,561,486,existing,2110.0119374914416,218,248,561,131,existing,2491.8366638904326,218,237,561,197,existing,1488.845319182964,218,231,561,230,existing,2322.7767058932013,218,249,561,565,existing,2784.4827259422,218,234,561,348,existing,2696.481607139412
219,219,200,562,743,existing,1281.4143994603264,219,200,562,573,existing,401.980897672312,219,200,562,440,allocated,977.6545493117874,219,238,562,197,existing,1552.234908130591,219,236,562,197,existing,1552.234908130591,219,237,562,197,existing,1552.234908130591,219,241,562,486,existing,1699.2884761755988,219,263,562,151,existing,2206.535123960489,219,246,562,699,existing,1929.1323365996525,219,248,562,131,existing,2060.4859343329545,219,247,562,699,existing,1929.1323365996525,219,249,562,565,existing,2353.131996384722,219,244,562,691,existing,2398.86258531667
220,220,212,563,956,existing,1263.0028315059812,220,212,563,684,existing,1214.566672978591,220,212,563,531,allocated,980.2522030354672,220,247,563,699,existing,1404.8426327798436,220,246,563,699,existing,1404.8426327798436,220,237,563,197,existing,1862.943556228358,220,238,563,197,existing,1862.943556228358,220,249,563,565,existing,2881.437572036266,220,236,563,197,existing,1862.943556228358,220,248,563,131,existing,2588.7915099844986,220,241,563,486,existing,2206.966783585507,220,232,563,691,existing,2927.1681609682137,220,250,563,691,existing,2927.1681609682137
221,221,212,564,956,existing,1221.0428312298313,221,212,564,684,existing,1172.606672702441,221,212,564,531,allocated,938.2922027593175,221,247,564,699,existing,1362.8826325036937,221,246,564,699,existing,1362.8826325036937,221,236,564,197,existing,1820.9835559522082,221,238,564,197,existing,1820.9835559522082,221,241,564,486,existing,2165.006783309357,221,249,564,565,existing,2839.477571760116,221,248,564,131,existing,2546.8315097083487,221,237,564,197,existing,1820.9835559522082,221,250,564,691,existing,2885.208160692064,221,244,564,691,existing,2885.208160692064
222,222,208,570,197,existing,720.5804602607471,222,208,570,314,existing,281.57943078883653,222,208,570,418,allocated,136.33786496695905,222,238,570,197,existing,720.5804602607471,222,236,570,197,existing,720.5804602607471,222,237,570,197,existing,720.5804602607471,222,246,570,699,existing,892.1276108490702,222,231,570,230,existing,1947.914571948724,222,247,570,699,existing,892.1276108490702,222,241,570,486,existing,1341.7470785692249,222,248,570,131,existing,1723.5718049682162,222,244,570,691,existing,2061.9484559519315,222,249,570,565,existing,2016.2178670199833
223,223,212,571,956,existing,813.513680989058,223,212,571,684,existing,765.0775224616679,223,212,571,700,allocated,617.1359064291855,223,247,571,699,existing,955.3534822629204,223,246,571,699,existing,955.3534822629204,223,236,571,197,existing,1564.5401453826935,223,238,571,197,existing,1564.5401453826935,223,248,571,131,existing,2290.388099138834,223,249,571,565,existing,2583.0341611906015,223,237,571,197,existing,1564.5401453826935,223,241,571,486,existing,1908.5633727398426,223,244,571,691,existing,2628.7647501225497,223,232,571,691,existing,2628.7647501225497
224,224,214,572,811,existing,415.03205994506015,224,214,572,472,existing,1019.4498273918143,224,214,572,92,allocated,97.20960206913861,224,263,572,151,existing,340.3096098103596,224,261,572,804,existing,1125.1133083702036,224,248,572,131,existing,1214.7093430993648,224,265,572,804,existing,1125.1133083702036,224,230,572,554,existing,1278.5628354754303,224,250,572,691,existing,1239.814122549952,224,232,572,691,existing,1239.814122549952,224,244,572,691,existing,1239.814122549952,224,242,572,650,existing,1463.2026947659797,224,249,572,565,existing,1285.5447114819003
225,225,200,573,743,existing,1135.6031596688176,225,200,573,573,existing,0.0,225,200,573,288,allocated,733.6581967322193,225,241,573,486,existing,1553.47723638409,225,236,573,197,existing,1716.1184971725477,225,238,573,197,existing,1716.1184971725477,225,237,573,197,existing,1716.1184971725477,225,246,573,699,existing,2098.85266891807,225,263,573,151,existing,2060.72388416898,225,247,573,699,existing,2098.85266891807,225,248,573,131,existing,1914.6746945414454,225,244,573,691,existing,2253.051345525161,225,249,573,565,existing,2207.320756593213
226,226,225,574,296,existing,901.9115419271794,226,225,574,374,existing,522.0517985843935,226,225,574,440,allocated,385.3286761299885,226,238,574,197,existing,1011.8514196138755,226,236,574,197,existing,1011.8514196138755,226,237,574,197,existing,1011.8514196138755,226,241,574,486,existing,1182.2651790377959,226,249,574,565,existing,1856.7359674885543,226,248,574,131,existing,1564.089905436787,226,247,574,699,existing,1474.6137219297384,226,246,574,699,existing,1474.6137219297384,226,232,574,691,existing,1902.466556420503,226,244,574,691,existing,1902.466556420503
227,227,225,575,296,existing,863.3014142270863,227,225,575,374,existing,560.6619262844868,227,225,575,440,allocated,346.7185484298953,227,237,575,197,existing,973.2412919137823,227,238,575,197,existing,973.2412919137823,227,236,575,197,existing,973.2412919137823,227,241,575,486,existing,1143.6550513377026,227,249,575,565,existing,1818.1258397884612,227,247,575,699,existing,1436.0035942296454,227,248,575,131,existing,1525.479777736694,227,246,575,699,existing,1436.0035942296454,227,232,575,691,existing,1863.8564287204097,227,244,575,691,existing,1863.8564287204097
228,228,200,583,743,existing,597.3315194240815,228,200,583,849,existing,246.77142908983637,228,200,583,440,allocated,293.21994389288426,228,241,583,486,existing,942.9758412064907,228,237,583,197,existing,1105.6171019949484,228,236,583,197,existing,1105.6171019949484,228,238,583,197,existing,1105.6171019949484,228,232,583,691,existing,1537.7890229804525,228,248,583,131,existing,1199.4123719967367,228,250,583,691,existing,1537.7890229804525,228,249,583,565,existing,1492.058434048504,228,263,583,151,existing,1547.3535706153468,228,244,583,691,existing,1537.7890229804525
229,229,200,584,743,existing,656.172248849554,229,200,584,849,existing,367.68501746204976,229,200,584,768,allocated,399.6325446352628,229,241,584,486,existing,927.1827893680611,229,248,584,131,existing,1078.4987836245234,229,237,584,197,existing,1226.530690367162,229,238,584,197,existing,1226.530690367162,229,250,584,691,existing,1416.8754346082392,229,232,584,691,existing,1416.8754346082392,229,249,584,565,existing,1371.1448456762907,229,236,584,197,existing,1226.530690367162,229,263,584,151,existing,1621.8709557258521,229,244,584,691,existing,1416.8754346082392
230,230,200,585,743,existing,1586.9895633240449,230,200,585,573,existing,659.9171404497041,230,200,585,288,allocated,1153.177591117278,230,238,585,197,existing,1836.9517980739429,230,237,585,197,existing,1836.9517980739429,230,241,585,486,existing,2155.5147776444783,230,236,585,197,existing,1836.9517980739429,230,247,585,699,existing,2213.849226543004,230,246,585,699,existing,2213.849226543004,230,263,585,151,existing,2503.447585422401,230,248,585,131,existing,2366.061098196673,230,249,585,565,existing,2658.7071602484402,230,244,585,691,existing,2704.4377491803884
231,231,200,586,743,existing,1112.7507544228267,231,200,586,688,existing,301.27662401062616,231,200,586,440,allocated,776.7517066764791,231,237,586,197,existing,1351.3320654952831,231,238,586,197,existing,1351.3320654952831,231,241,586,486,existing,1530.6248311380994,231,236,586,197,existing,1351.3320654952831,231,263,586,151,existing,2037.8714789229891,231,248,586,131,existing,1891.8222892954548,231,246,586,699,existing,1728.229493964344,231,247,586,699,existing,1728.229493964344,231,244,586,691,existing,2230.1989402791705,231,249,586,565,existing,2184.4683513472223
232,232,200,587,743,existing,1205.9732251250944,232,200,587,688,existing,394.4990947128938,232,200,587,440,allocated,751.2932762559528,232,238,587,197,existing,1325.8736350747567,232,236,587,197,existing,1325.8736350747567,232,237,587,197,existing,1325.8736350747567,232,241,587,486,existing,1623.8473018403668,232,247,587,699,existing,1702.771063543818,232,263,587,151,existing,2131.0939496252568,232,248,587,131,existing,1985.0447599977222,232,246,587,699,existing,1702.771063543818,232,250,587,691,existing,2323.421410981438,232,249,587,565,existing,2277.6908220494897
233,233,208,589,197,existing,1262.4363862957007,233,208,589,688,existing,457.93634349194974,233,208,589,440,allocated,687.8560274768969,233,238,589,197,existing,1262.4363862957007,233,236,589,197,existing,1262.4363862957007,233,237,589,197,existing,1262.4363862957007,233,241,589,486,existing,1580.9993658662358,233,248,589,131,existing,1962.8240922652271,233,247,589,699,existing,1639.3338147647619,233,263,589,151,existing,2194.531198404313,233,246,589,699,existing,1639.3338147647619,233,249,589,565,existing,2255.4701543169945,233,244,589,691,existing,2301.2007432489427
234,234,214,590,811,existing,336.6033637392825,234,214,590,399,existing,1447.1111635064672,234,214,590,344,allocated,154.06694834275993,234,265,590,804,existing,467.10233325371973,234,261,590,804,existing,467.10233325371973,234,230,590,554,existing,526.9274117910877,234,263,590,151,existing,467.9461594968729,234,244,590,691,existing,1320.0223602421765,234,250,590,691,existing,1320.0223602421765,234,242,590,650,existing,805.1917196494959,234,248,590,131,existing,1294.9175807915894,234,232,590,691,existing,1320.0223602421765,234,249,590,565,existing,1365.7529491741252
235,235,200,597,743,existing,444.1116904469603,235,200,597,768,existing,293.62917922756384,235,200,597,768,allocated,293.62917922756384,235,248,597,131,existing,677.4456817676064,235,241,597,486,existing,688.9854057544349,235,232,597,691,existing,1015.8223327513222,235,249,597,565,existing,970.0917438193737,235,250,597,691,existing,1015.8223327513222,235,238,597,197,existing,1072.6571062960954,235,236,597,197,existing,1072.6571062960954,235,244,597,691,existing,1015.8223327513222,235,237,597,197,existing,1072.6571062960954,235,263,597,151,existing,1409.8103973232585
236,236,225,598,296,existing,445.6666487204901,236,225,598,768,existing,627.9538930719467,236,225,598,1023,allocated,121.71203768969119,236,241,598,486,existing,726.0202858311063,236,237,598,197,existing,783.0035789449353,236,236,598,197,existing,783.0035789449353,236,238,598,197,existing,783.0035789449353,236,250,598,691,existing,1446.2216632138134,236,244,598,691,existing,1446.2216632138134,236,249,598,565,existing,1400.491074281865,236,248,598,131,existing,1107.8450122300976,236,232,598,691,existing,1446.2216632138134,236,246,598,699,existing,1573.3227866143086
237,237,225,599,296,existing,374.9548899260011,237,225,599,768,existing,557.2421342774577,237,225,599,1023,allocated,51.000278895202186,237,241,599,486,existing,655.3085270366173,237,237,599,197,existing,712.2918201504463,237,238,599,197,existing,712.2918201504463,237,236,599,197,existing,712.2918201504463,237,248,599,131,existing,1037.1332534356086,237,250,599,691,existing,1375.5099044193244,237,244,599,691,existing,1375.5099044193244,237,249,599,565,existing,1329.779315487376,237,232,599,691,existing,1375.5099044193244,237,246,599,699,existing,1502.6110278198196
238,238,214,602,811,existing,415.4911581331403,238,214,602,472,existing,1080.2161220513722,238,214,602,92,allocated,157.9758967286964,238,263,602,151,existing,340.76870799843977,238,265,602,804,existing,1039.4980335595938,238,248,602,131,existing,1189.8714012179319,238,261,602,804,existing,1039.4980335595938,238,244,602,691,existing,1214.976180668519,238,250,602,691,existing,1214.976180668519,238,249,602,565,existing,1260.7067696004674,238,232,602,691,existing,1214.976180668519,238,242,602,650,existing,1377.5874199553698,238,230,602,554,existing,1279.0219336635105
239,239,214,603,811,existing,500.8488035131765,239,214,603,472,existing,1165.5737674314084,239,214,603,92,allocated,243.3335421087326,239,263,603,151,existing,426.1263533784759,239,261,603,804,existing,954.1403881795574,239,248,603,131,existing,1104.5137558378956,239,265,603,804,existing,954.1403881795574,239,232,603,691,existing,1129.6185352884827,239,250,603,691,existing,1129.6185352884827,239,244,603,691,existing,1129.6185352884827,239,249,603,565,existing,1175.3491242204313,239,230,603,554,existing,1258.9394943925404,239,242,603,650,existing,1292.2297745753335
240,240,225,609,296,existing,583.2287734831917,240,225,609,849,existing,484.61607175810076,240,225,609,440,allocated,336.74782841970284,240,241,609,486,existing,863.582410593808,240,237,609,197,existing,920.5657037076369,240,236,609,197,existing,920.5657037076369,240,238,609,197,existing,920.5657037076369,240,248,609,131,existing,1245.4071369927992,240,249,609,565,existing,1538.0531990445666,240,244,609,691,existing,1583.7837879765152,240,232,609,691,existing,1583.7837879765152,240,263,609,151,existing,1785.1982132836113,240,250,609,691,existing,1583.7837879765152
241,241,225,610,296,existing,429.63126044559846,241,225,610,768,existing,611.9185047970551,241,225,610,873,allocated,233.83237509632,241,241,610,486,existing,709.9848975562148,241,238,610,197,existing,766.9681906700437,241,237,610,197,existing,766.9681906700437,241,236,610,197,existing,766.9681906700437,241,249,610,565,existing,1384.4556860069733,241,248,610,131,existing,1091.809623955206,241,250,610,691,existing,1430.1862749389218,241,232,610,691,existing,1430.1862749389218,241,244,610,691,existing,1430.1862749389218,241,246,610,699,existing,1784.0507812498784
242,242,200,614,743,existing,802.6074115862574,242,200,614,573,existing,364.8627573527289,242,200,614,288,allocated,368.7954393794904,242,248,614,131,existing,1581.6789464588853,242,241,614,486,existing,1669.1491491563188,242,263,614,151,existing,1719.0654336846135,242,236,614,197,existing,1831.7904099447765,242,244,614,691,existing,1920.055597442601,242,237,614,197,existing,1831.7904099447765,242,238,614,197,existing,1831.7904099447765,242,249,614,565,existing,1874.3250085106527,242,250,614,691,existing,1920.055597442601,242,232,614,691,existing,1920.055597442601
243,243,200,615,743,existing,800.1328320692214,243,200,615,573,existing,451.31918161579705,243,200,615,288,allocated,489.3568502905688,243,241,615,486,existing,1548.5877382452404,243,248,615,131,existing,1579.2043669418495,243,236,615,197,existing,1711.228999033698,243,237,615,197,existing,1711.228999033698,243,263,615,151,existing,1716.5908541675776,243,249,615,565,existing,1871.8504289936168,243,244,615,691,existing,1917.5810179255652,243,238,615,197,existing,1711.228999033698,243,232,615,691,existing,1917.5810179255652,243,250,615,691,existing,1917.5810179255652
244,244,214,616,811,existing,389.93303825151276,244,214,616,472,existing,1024.4399465184088,244,214,616,462,allocated,132.6146168200178,244,263,616,151,existing,268.03746306517655,244,265,616,804,existing,1193.638735244515,244,261,616,804,existing,1193.638735244515,244,230,616,554,existing,1253.463813781883,244,248,616,131,existing,1524.95719362697,244,242,616,650,existing,1531.7281216402912,244,232,616,691,existing,1550.061973077557,244,250,616,691,existing,1550.061973077557,244,244,616,691,existing,1550.061973077557,244,249,616,565,existing,1595.7925620095057
245,245,214,617,811,existing,342.5006677547185,245,214,617,472,existing,979.5805321842292,245,214,617,462,allocated,85.18224632322354,245,263,617,151,existing,262.0808263057828,245,261,617,804,existing,1146.2063647477207,245,265,617,804,existing,1146.2063647477207,245,230,617,554,existing,1206.0314432850887,245,232,617,691,existing,1596.3850673100683,245,242,617,650,existing,1484.295751143497,245,244,617,691,existing,1596.3850673100683,245,248,617,131,existing,1571.2802878594812,245,250,617,691,existing,1596.3850673100683,245,249,617,565,existing,1642.115656242017
246,246,214,618,811,existing,439.61294540869915,246,214,618,472,existing,973.6507630969394,246,214,618,462,allocated,182.2945239772042,246,263,618,151,existing,316.65117810785245,246,265,618,804,existing,1243.3186424017013,246,230,618,554,existing,1303.1437209390692,246,261,618,804,existing,1243.3186424017013,246,244,618,691,existing,1499.2727896560878,246,250,618,691,existing,1499.2727896560878,246,248,618,131,existing,1474.1680102055007,246,232,618,691,existing,1499.2727896560878,246,242,618,650,existing,1581.4080287974775,246,249,618,565,existing,1545.0033785880364
247,247,214,619,811,existing,401.37661052699264,247,214,619,472,existing,1020.2681264353897,247,214,619,148,allocated,139.48237162968928,247,263,619,151,existing,270.03381476940217,247,261,619,804,existing,1205.0823075199949,247,230,619,554,existing,1264.9073860573628,247,265,619,804,existing,1205.0823075199949,247,250,619,691,existing,1452.6554263176374,247,244,619,691,existing,1452.6554263176374,247,232,619,691,existing,1452.6554263176374,247,248,619,131,existing,1427.5506468670503,247,249,619,565,existing,1498.3860152495859,247,242,619,650,existing,1543.171693915771
248,248,214,620,811,existing,461.20085752403077,248,214,620,472,existing,1207.422723482315,248,214,620,159,allocated,222.6290765772692,248,263,620,151,existing,467.9753094293825,248,261,620,804,existing,912.2914321286509,248,265,620,804,existing,912.2914321286509,248,248,620,131,existing,1134.5530877893957,248,250,620,691,existing,1159.6578672399828,248,249,620,565,existing,1205.3884561719315,248,232,620,691,existing,1159.6578672399828,248,244,620,691,existing,1159.6578672399828,248,242,620,650,existing,1250.380818524427,248,230,620,554,existing,1217.0905383416339
249,249,203,621,804,existing,635.1662312558642,249,203,621,399,existing,1133.046002823492,249,203,621,159,allocated,146.96881945296053,249,261,621,804,existing,635.1662312558642,249,265,621,804,existing,635.1662312558642,249,230,621,554,existing,939.9653374688471,249,263,621,151,existing,745.1027371325208,249,248,621,131,existing,980.8524201086141,249,250,621,691,existing,1005.9571995592012,249,244,621,691,existing,1005.9571995592012,249,242,621,650,existing,973.2556176516405,249,249,621,565,existing,1051.6877884911498,249,232,621,691,existing,1005.9571995592012
250,250,216,652,808,existing,148.0644337963763,250,216,652,399,existing,117.14594250120705,250,216,652,652,allocated,0.0,250,248,652,131,existing,182.51710904722177,250,249,652,565,existing,400.0199687163919,250,232,652,691,existing,445.7505576483403,250,244,652,691,existing,445.7505576483403,250,250,652,691,existing,445.7505576483403,250,265,652,804,existing,1096.25059607733,250,241,652,486,existing,564.341835446213,250,261,652,804,existing,1096.25059607733,250,237,652,197,existing,1183.918370777355,250,238,652,197,existing,1183.918370777355
251,251,225,654,296,existing,522.6119833094277,251,225,654,849,existing,470.94416688035244,251,225,654,872,allocated,228.42725709762615,251,241,654,486,existing,641.3729693652817,251,237,654,197,existing,859.9489135338729,251,236,654,197,existing,859.9489135338729,251,238,654,197,existing,859.9489135338729,251,248,654,131,existing,1023.1976957642729,251,249,654,565,existing,1315.8437578160401,251,244,654,691,existing,1361.5743467479888,251,250,654,691,existing,1361.5743467479888,251,232,654,691,existing,1361.5743467479888,251,263,654,151,existing,1771.5263084058627
252,252,208,656,197,existing,676.739575167963,252,208,656,374,existing,227.20556040658087,252,208,656,1014,allocated,109.3064852641661,252,238,656,197,existing,676.739575167963,252,236,656,197,existing,676.739575167963,252,246,656,699,existing,1139.5018774838259,252,237,656,197,existing,676.739575167963,252,248,656,131,existing,1679.730919875432,252,249,656,565,existing,1972.3769819271993,252,241,656,486,existing,1297.9061934764409,252,247,656,699,existing,1139.5018774838259,252,250,656,691,existing,2018.1075708591475,252,244,656,691,existing,2018.1075708591475
253,253,214,657,811,existing,18.98934568237847,253,214,657,472,existing,1336.854136793392,253,214,657,299,allocated,52.608444504904,253,263,657,151,existing,149.01219860762538,253,261,657,804,existing,790.0407305760625,253,230,657,554,existing,849.7448216099245,253,265,657,804,existing,790.0407305760625,253,248,657,131,existing,1613.8267069456806,253,242,657,650,existing,1128.1301169718386,253,244,657,691,existing,1638.9314863962677,253,232,657,691,existing,1638.9314863962677,253,249,657,565,existing,1684.6620753282164,253,250,657,691,existing,1638.9314863962677
254,254,214,661,811,existing,437.4988817804464,254,214,661,472,existing,884.2879910008928,254,214,661,462,allocated,180.18046034895144,254,263,661,151,existing,357.0790403315107,254,265,661,804,existing,1241.2045787734485,254,230,661,554,existing,1301.0296573108167,254,261,661,804,existing,1241.2045787734485,254,242,661,650,existing,1579.2939651692247,254,232,661,691,existing,1588.6355617521344,254,250,661,691,existing,1588.6355617521344,254,248,661,131,existing,1563.5307823015473,254,244,661,691,existing,1588.6355617521344,254,249,661,565,existing,1634.366150684083
255,255,214,662,811,existing,394.0216911253537,255,214,662,472,existing,928.059508813594,255,214,662,462,allocated,136.70326969385874,255,263,662,151,existing,313.601849676418,255,265,662,804,existing,1197.727388118356,255,261,662,804,existing,1197.727388118356,255,230,662,554,existing,1257.552466655724,255,248,662,131,existing,1519.759264488846,255,232,662,691,existing,1544.864043939433,255,250,662,691,existing,1544.864043939433,255,242,662,650,existing,1535.8167745141322,255,244,662,691,existing,1544.864043939433,255,249,662,565,existing,1590.5946328713817
256,256,225,665,296,existing,315.0852455913374,256,225,665,768,existing,495.9246075666334,256,225,665,486,allocated,33.29885921665551,256,241,665,486,existing,33.29885921665551,256,248,665,131,existing,415.1235856156468,256,238,665,197,existing,652.8654720685776,256,236,665,197,existing,652.8654720685776,256,250,665,691,existing,753.5002365993626,256,237,665,197,existing,652.8654720685776,256,249,665,565,existing,707.769647667414,256,232,665,691,existing,753.5002365993626,256,244,665,691,existing,753.5002365993626,256,261,665,804,existing,1409.738745525215
257,257,225,666,296,existing,291.89765201108673,257,225,666,768,existing,472.29371773358775,257,225,666,325,allocated,33.67946117155389,257,241,666,486,existing,55.25652699921055,257,248,666,131,existing,437.08125339820185,257,236,666,197,existing,629.2345822355319,257,237,666,197,existing,629.2345822355319,257,250,666,691,existing,775.4579043819176,257,244,666,691,existing,775.4579043819176,257,238,666,197,existing,629.2345822355319,257,249,666,565,existing,729.7273154499691,257,232,666,691,existing,775.4579043819176,257,261,666,804,existing,1433.3696353582607
258,258,208,676,197,existing,967.8215977295299,258,208,676,374,existing,329.5023269143146,258,208,676,1014,allocated,400.388507825733,258,237,676,197,existing,967.8215977295299,258,238,676,197,existing,967.8215977295299,258,236,676,197,existing,967.8215977295299,258,241,676,486,existing,1315.1133661628862,258,249,676,565,existing,1989.5841546136448,258,246,676,699,existing,1344.719026198591,258,247,676,699,existing,1344.719026198591,258,248,676,131,existing,1696.9380925618775,258,232,676,691,existing,2035.3147435455933,258,250,676,691,existing,2035.3147435455933
259,259,208,677,197,existing,838.3494526737194,259,208,677,374,existing,388.81543791233725,259,208,677,1014,allocated,270.91636276992244,259,238,677,197,existing,838.3494526737194,259,236,677,197,existing,838.3494526737194,259,247,677,699,existing,1301.1117549895823,259,237,677,197,existing,838.3494526737194,259,246,677,699,existing,1301.1117549895823,259,241,677,486,existing,1444.5855112186969,259,249,677,565,existing,2119.0562996694553,259,248,677,131,existing,1826.4102376176882,259,250,677,691,existing,2164.786888601404,259,244,677,691,existing,2164.786888601404
260,260,216,678,808,existing,570.9423403709808,260,216,678,399,existing,757.5885983367041,260,216,678,867,allocated,130.33717775728795,260,248,678,131,existing,605.3950156218262,260,250,678,691,existing,630.4997950724133,260,232,678,691,existing,630.4997950724133,260,244,678,691,existing,630.4997950724133,260,261,678,804,existing,798.7853955927237,260,263,678,151,existing,925.2450935945453,260,249,678,565,existing,676.2303840043619,260,265,678,804,existing,798.7853955927237,260,241,678,486,existing,987.2197420208175,260,242,678,650,existing,1136.8747819884998
261,261,225,682,296,existing,461.0071599072685,261,225,682,849,existing,476.6143069023782,261,225,682,873,allocated,265.20827455798997,261,241,682,486,existing,733.6581641901537,261,237,682,197,existing,798.3440901317135,261,238,682,197,existing,798.3440901317135,261,236,682,197,existing,798.3440901317135,261,248,682,131,existing,1115.482890589145,261,249,682,565,existing,1408.128952640912,261,244,682,691,existing,1453.8595415728607,261,250,682,691,existing,1453.8595415728607,261,263,682,151,existing,1777.1964484278885,261,232,682,691,existing,1453.8595415728607
262,262,200,689,743,existing,242.86707748334427,262,200,689,849,existing,280.7942670194508,262,200,689,823,allocated,267.46532243413674,262,248,689,131,existing,1021.9386123559723,262,241,689,486,existing,1110.707769089273,262,249,689,565,existing,1314.5846744077396,262,263,689,151,existing,1208.5657843596425,262,237,689,197,existing,1382.6514098849927,262,232,689,691,existing,1360.315263339688,262,244,689,691,existing,1360.315263339688,262,250,689,691,existing,1360.315263339688,262,238,689,197,existing,1382.6514098849927,262,236,689,197,existing,1382.6514098849927
263,263,200,690,743,existing,379.40756808115935,263,200,690,849,existing,144.25377642163568,263,200,690,823,allocated,404.00581303195185,263,241,690,486,existing,1083.46965849872,263,248,690,131,existing,1158.4791029537873,263,238,690,197,existing,1246.1109192871777,263,237,690,197,existing,1246.1109192871777,263,236,690,197,existing,1246.1109192871777,263,249,690,565,existing,1451.1251650055547,263,263,690,151,existing,1345.1062749574576,263,232,690,691,existing,1496.855753937503,263,250,690,691,existing,1496.855753937503,263,244,690,691,existing,1496.855753937503
264,264,212,700,956,existing,385.19335320596883,264,212,700,684,existing,147.9416160324823,264,212,700,700,allocated,0.0,264,247,700,699,existing,527.0331544798312,264,246,700,699,existing,527.0331544798312,264,237,700,197,existing,1231.050656272625,264,238,700,197,existing,1231.050656272625,264,236,700,197,existing,1231.050656272625,264,241,700,486,existing,1852.2172745811029,264,248,700,131,existing,2234.0420009800937,264,231,700,230,existing,2253.7976216289585,264,249,700,565,existing,2526.688063031861,264,232,700,691,existing,2572.4186519638097
265,265,218,703,594,existing,604.842890272641,265,218,703,399,existing,2320.0499343007596,265,218,703,623,allocated,169.3074141987178,265,253,703,594,existing,604.842890272641,265,252,703,594,existing,604.842890272641,265,251,703,594,existing,604.842890272641,265,233,703,594,existing,604.842890272641,265,254,703,471,existing,627.8845891664347,265,242,703,650,existing,841.6953181063399,265,261,703,804,existing,1179.784704502116,265,230,703,554,existing,1084.891601823686,265,265,703,804,existing,1179.784704502116,265,255,703,469,existing,1619.1532886113882
266,266,214,706,811,existing,502.0035421002876,266,214,706,472,existing,1019.5986860157864,266,214,706,92,allocated,97.3584606931106,266,263,706,151,existing,427.281091965587,266,261,706,804,existing,1120.9070095794627,266,265,706,804,existing,1120.9070095794627,266,248,706,131,existing,1130.0574124471518,266,244,706,691,existing,1155.162191897739,266,250,706,691,existing,1155.162191897739,266,232,706,691,existing,1155.162191897739,266,249,706,565,existing,1200.8927808296876,266,230,706,554,existing,1365.5343176306578,266,242,706,650,existing,1458.996395975239
267,267,216,711,808,existing,496.8886955138062,267,216,711,768,existing,147.524868224609,267,216,711,768,allocated,147.524868224609,267,248,711,131,existing,531.3413707646516,267,241,711,486,existing,542.8810947514801,267,244,711,691,existing,869.7180217483674,267,249,711,565,existing,823.987432816419,267,238,711,197,existing,926.5527952931405,267,236,711,197,existing,926.5527952931405,267,250,711,691,existing,869.7180217483674,267,232,711,691,existing,869.7180217483674,267,237,711,197,existing,926.5527952931405,267,261,711,804,existing,1523.63897612662
268,268,216,715,808,existing,426.4364720593076,268,216,715,768,existing,217.9770916791076,268,216,715,768,allocated,217.9770916791076,268,248,715,131,existing,460.8891473101531,268,241,715,486,existing,613.3333182059787,268,250,715,691,existing,799.2657982938688,268,249,715,565,existing,753.5352093619204,268,237,715,197,existing,997.0050187476392,268,238,715,197,existing,997.0050187476392,268,232,715,691,existing,799.2657982938688,268,244,715,691,existing,799.2657982938688,268,261,715,804,existing,1453.1867526721214,268,236,715,197,existing,997.0050187476392
269,269,216,716,808,existing,473.5465261030732,269,216,716,768,existing,265.0871457228732,269,216,716,773,allocated,176.50594859094457,269,248,716,131,existing,507.99920135391864,269,241,716,486,existing,660.4433722497442,269,249,716,565,existing,800.6452634056859,269,250,716,691,existing,846.3758523376343,269,244,716,691,existing,846.3758523376343,269,238,716,197,existing,1044.1150727914046,269,232,716,691,existing,846.3758523376343,269,236,716,197,existing,1044.1150727914046,269,237,716,197,existing,1044.1150727914046,269,265,716,804,existing,1500.296806715887
270,270,225,717,296,existing,376.7326043983362,270,225,717,768,existing,197.15241065167743,270,225,717,872,allocated,82.54787818653465,270,241,717,486,existing,330.3978340811209,270,248,717,131,existing,712.2225604801122,270,237,717,197,existing,714.0695346227812,270,236,717,197,existing,714.0695346227812,270,238,717,197,existing,714.0695346227812,270,249,717,565,existing,1004.8686225318794,270,232,717,691,existing,1050.599211463828,270,244,717,691,existing,1050.599211463828,270,261,717,804,existing,1708.5109424401712,270,250,717,691,existing,1050.599211463828
271,271,212,719,956,existing,1085.863735934599,271,212,719,374,existing,987.1660099397395,271,212,719,531,allocated,742.7939275620641,271,247,719,699,existing,1227.7035372084613,271,246,719,699,existing,1227.7035372084613,271,238,719,197,existing,1625.4852807549548,271,236,719,197,existing,1625.4852807549548,271,241,719,486,existing,1969.508508112104,271,249,719,565,existing,2643.9792965628626,271,237,719,197,existing,1625.4852807549548,271,248,719,131,existing,2351.3332345110953,271,232,719,691,existing,2689.709885494811,271,250,719,691,existing,2689.709885494811
272,272,212,720,956,existing,1146.4464075856667,272,212,720,374,existing,1047.7486815908073,272,212,720,531,allocated,803.376599213132,272,246,720,699,existing,1288.286208859529,272,247,720,699,existing,1288.286208859529,272,237,720,197,existing,1686.0679524060226,272,238,720,197,existing,1686.0679524060226,272,236,720,197,existing,1686.0679524060226,272,248,720,131,existing,2411.915906162163,272,241,720,486,existing,2030.0911797631718,272,249,720,565,existing,2704.5619682139304,272,232,720,691,existing,2750.2925571458786,272,250,720,691,existing,2750.2925571458786
273,273,212,722,956,existing,815.7574918746244,273,212,722,684,existing,282.62252263617324,273,212,722,304,allocated,255.4420197912395,273,247,722,699,existing,957.5972931484868,273,246,722,699,existing,957.5972931484868,273,237,722,197,existing,1181.6142451319708,273,238,722,197,existing,1181.6142451319708,273,231,722,230,existing,2218.828703035595,273,241,722,486,existing,1802.7808634404485,273,236,722,197,existing,1181.6142451319708,273,248,722,131,existing,2184.6055898394397,273,249,722,565,existing,2477.251651891207,273,244,722,691,existing,2522.9822408231553
274,274,212,723,956,existing,745.3371867591134,274,212,723,684,existing,212.20221752066215,274,212,723,304,allocated,185.02171467572836,274,247,723,699,existing,887.1769880329757,274,246,723,699,existing,887.1769880329757,274,236,723,197,existing,1111.1939400164597,274,237,723,197,existing,1111.1939400164597,274,231,723,230,existing,2148.4083979200836,274,241,723,486,existing,1732.3605583249373,274,238,723,197,existing,1111.1939400164597,274,248,723,131,existing,2114.185284723929,274,249,723,565,existing,2406.8313467756957,274,232,723,691,existing,2452.561935707644
275,275,212,724,956,existing,1160.054024508741,275,212,724,374,existing,723.0407485118905,275,212,724,531,allocated,478.668666134215,275,247,724,699,existing,1301.8938257826032,275,246,724,699,existing,1301.8938257826032,275,238,724,197,existing,1361.3600193271056,275,237,724,197,existing,1361.3600193271056,275,236,724,197,existing,1361.3600193271056,275,248,724,131,existing,2087.207973083246,275,241,724,486,existing,1705.3832466842548,275,249,724,565,existing,2379.8540351350134,275,250,724,691,existing,2425.5846240669616,275,232,724,691,existing,2425.5846240669616
276,276,200,738,743,existing,177.71821608641932,276,200,738,472,existing,413.2040356219658,276,200,738,738,allocated,0.0,276,263,738,151,existing,793.1083761542529,276,248,738,131,existing,947.5254352873328,276,249,738,565,existing,1185.7001113126144,276,250,738,691,existing,1231.430700244563,276,241,738,486,existing,1308.2520584570932,276,265,738,804,existing,1681.4470247633121,276,244,738,691,existing,1231.430700244563,276,232,738,691,existing,1231.430700244563,276,237,738,197,existing,1691.9237589987538,276,261,738,804,existing,1681.4470247633121
277,277,200,745,743,existing,518.8635125407908,277,200,745,849,existing,168.30342220654563,277,200,745,440,allocated,398.1184567461404,277,241,745,486,existing,1047.874354059747,277,237,745,197,existing,1210.5156148482047,277,236,745,197,existing,1210.5156148482047,277,238,745,197,existing,1210.5156148482047,277,263,745,151,existing,1468.885563732056,277,232,745,691,existing,1636.3116983971345,277,249,745,565,existing,1590.581109465186,277,248,745,131,existing,1297.9350474134187,277,244,745,691,existing,1636.3116983971345,277,250,745,691,existing,1636.3116983971345
278,278,225,748,296,existing,504.27728440914257,278,225,748,768,existing,686.5645287605992,278,225,748,1023,allocated,180.32267337834367,278,241,748,486,existing,784.6309215197588,278,237,748,197,existing,841.6142146335877,278,236,748,197,existing,841.6142146335877,278,238,748,197,existing,841.6142146335877,278,248,748,131,existing,1166.45564791875,278,244,748,691,existing,1504.832298902466,278,249,748,565,existing,1459.1017099705173,278,250,748,691,existing,1504.832298902466,278,232,748,691,existing,1504.832298902466,278,246,748,699,existing,1631.933422302961
279,279,225,749,296,existing,548.6107226059642,279,225,749,768,existing,730.8979669574207,279,225,749,1023,allocated,224.65611157516526,279,241,749,486,existing,828.9643597165804,279,237,749,197,existing,885.9476528304093,279,238,749,197,existing,885.9476528304093,279,236,749,197,existing,885.9476528304093,279,248,749,131,existing,1210.7890861155715,279,244,749,691,existing,1549.1657370992875,279,232,749,691,existing,1549.1657370992875,279,249,749,565,existing,1503.4351481673389,279,246,749,699,existing,1644.6749853086249,279,250,749,691,existing,1549.1657370992875
280,280,222,750,658,existing,482.43957848731526,280,222,750,472,existing,885.8910590856935,280,222,750,855,allocated,89.75022081846333,280,263,750,151,existing,499.9217943274518,280,248,750,131,existing,1357.6044378841232,280,244,750,691,existing,1382.7092173347103,280,232,750,691,existing,1382.7092173347103,280,265,750,804,existing,1411.469644866572,280,249,750,565,existing,1428.4398062666587,280,250,750,691,existing,1382.7092173347103,280,261,750,804,existing,1411.469644866572,280,241,750,486,existing,1739.4291642831145,280,230,750,554,existing,1471.29472340394
281,281,212,752,956,existing,1065.240807011401,281,212,752,374,existing,966.5430810165416,281,212,752,531,allocated,722.1709986388662,281,247,752,699,existing,1207.0806082852635,281,246,752,699,existing,1207.0806082852635,281,237,752,197,existing,1604.862351831757,281,238,752,197,existing,1604.862351831757,281,241,752,486,existing,1948.8855791889061,281,249,752,565,existing,2623.3563676396648,281,236,752,197,existing,1604.862351831757,281,248,752,131,existing,2330.7103055878974,281,250,752,691,existing,2669.086956571613,281,232,752,691,existing,2669.086956571613
282,282,212,753,956,existing,990.8962495077453,282,212,753,374,existing,892.1985235128859,282,212,753,531,allocated,647.8264411352105,282,247,753,699,existing,1132.7360507816077,282,246,753,699,existing,1132.7360507816077,282,238,753,197,existing,1530.5177943281012,282,236,753,197,existing,1530.5177943281012,282,241,753,486,existing,1874.5410216852504,282,237,753,197,existing,1530.5177943281012,282,249,753,565,existing,2549.011810136009,282,248,753,131,existing,2256.3657480842417,282,232,753,691,existing,2594.742399067957,282,250,753,691,existing,2594.742399067957
283,283,214,754,811,existing,438.4757707811483,283,214,754,472,existing,887.1232045025054,283,214,754,462,allocated,181.15734934965334,283,263,754,151,existing,358.0559293322126,283,265,754,804,existing,1242.1814677741504,283,230,754,554,existing,1302.0065463115184,283,261,754,804,existing,1242.1814677741504,283,244,754,691,existing,1501.7478761412544,283,248,754,131,existing,1476.6430966906673,283,250,754,691,existing,1501.7478761412544,283,232,754,691,existing,1501.7478761412544,283,249,754,565,existing,1547.4784650732029,283,242,754,650,existing,1580.2708541699267
284,284,214,755,811,existing,462.8153670977275,284,214,755,472,existing,911.4628008190846,284,214,755,462,allocated,205.49694566623253,284,263,755,151,existing,380.8967058843676,284,261,755,804,existing,1266.5210640907296,284,230,755,554,existing,1326.3461426280978,284,265,755,804,existing,1266.5210640907296,284,244,755,691,existing,1477.408279824675,284,248,755,131,existing,1452.303500374088,284,232,755,691,existing,1477.408279824675,284,250,755,691,existing,1477.408279824675,284,249,755,565,existing,1523.1388687566237,284,242,755,650,existing,1604.610450486506
285,285,225,756,296,existing,506.29872953573874,285,225,756,768,existing,688.5859738871953,285,225,756,1023,allocated,182.34411850493984,285,241,756,486,existing,786.652366646355,285,237,756,197,existing,843.6356597601839,285,236,756,197,existing,843.6356597601839,285,238,756,197,existing,843.6356597601839,285,244,756,691,existing,1506.853744029062,285,249,756,565,existing,1461.1231550971136,285,248,756,131,existing,1168.4770930453462,285,250,756,691,existing,1506.853744029062,285,232,756,691,existing,1506.853744029062,285,247,756,699,existing,1633.9548674295572
286,286,200,761,743,existing,516.5789107033067,286,200,761,768,existing,118.77107149298016,286,200,761,768,allocated,118.77107149298016,286,241,761,486,existing,646.3213162257784,286,248,761,131,existing,797.6373104822408,286,236,761,197,existing,1029.9930167674388,286,238,761,197,existing,1029.9930167674388,286,232,761,691,existing,1136.0139614659565,286,237,761,197,existing,1029.9930167674388,286,249,761,565,existing,1090.283372534008,286,250,761,691,existing,1136.0139614659565,286,244,761,691,existing,1136.0139614659565,286,263,761,151,existing,1482.277617579605
287,287,225,762,296,existing,288.3204968248416,287,225,762,768,existing,470.60774117629825,287,225,762,873,allocated,92.52161147556313,287,241,762,486,existing,568.6741339354578,287,237,762,197,existing,625.6574270492868,287,236,762,197,existing,625.6574270492868,287,238,762,197,existing,625.6574270492868,287,244,762,691,existing,1288.8755113181649,287,232,762,691,existing,1288.8755113181649,287,249,762,565,existing,1243.1449223862164,287,248,762,131,existing,950.4988603344491,287,246,762,699,existing,1642.7400176291214,287,250,762,691,existing,1288.8755113181649
288,288,212,763,956,existing,901.0040246804303,288,212,763,684,existing,852.5678661530402,288,212,763,700,allocated,704.6262501205579,288,247,763,699,existing,1042.8438259542927,288,246,763,699,existing,1042.8438259542927,288,238,763,197,existing,1620.4100191554162,288,236,763,197,existing,1620.4100191554162,288,241,763,486,existing,1964.4332465125653,288,249,763,565,existing,2638.904034963324,288,237,763,197,existing,1620.4100191554162,288,248,763,131,existing,2346.257972911557,288,244,763,691,existing,2684.6346238952724,288,250,763,691,existing,2684.6346238952724
289,289,212,764,956,existing,1228.6313694534194,289,212,764,374,existing,1129.9336434585603,289,212,764,531,allocated,885.5615610808848,289,246,764,699,existing,1370.4711707272818,289,247,764,699,existing,1370.4711707272818,289,237,764,197,existing,1768.2529142737753,289,238,764,197,existing,1768.2529142737753,289,248,764,131,existing,2494.100868029916,289,241,764,486,existing,2112.2761416309245,289,236,764,197,existing,1768.2529142737753,289,249,764,565,existing,2786.7469300816833,289,250,764,691,existing,2832.4775190136315,289,232,764,691,existing,2832.4775190136315
290,290,212,765,956,existing,1203.7342055639392,290,212,765,374,existing,1105.03647956908,290,212,765,531,allocated,860.6643971914045,290,246,765,699,existing,1345.5740068378016,290,247,765,699,existing,1345.5740068378016,290,237,765,197,existing,1743.3557503842953,290,238,765,197,existing,1743.3557503842953,290,249,765,565,existing,2761.849766192203,290,248,765,131,existing,2469.2037041404355,290,236,765,197,existing,1743.3557503842953,290,241,765,486,existing,2087.3789777414445,290,250,765,691,existing,2807.580355124151,290,232,765,691,existing,2807.580355124151
291,291,225,768,296,existing,573.8850150500136,291,225,768,768,existing,0.0,291,225,768,768,allocated,0.0,291,241,768,486,existing,527.5502447327983,291,248,768,131,existing,678.8662389892606,291,238,768,197,existing,911.2219452744587,291,237,768,197,existing,911.2219452744587,291,244,768,691,existing,1017.2428899729764,291,236,768,197,existing,911.2219452744587,291,249,768,565,existing,971.512301041028,291,232,768,691,existing,1017.2428899729764,291,250,768,691,existing,1017.2428899729764,291,263,768,151,existing,1601.0486890725851
292,292,225,769,296,existing,507.78800594705,292,225,769,768,existing,66.09700910296364,292,225,769,768,allocated,66.09700910296364,292,241,769,486,existing,461.4532356298347,292,248,769,131,existing,612.7692298862971,292,237,769,197,existing,845.1249361714952,292,238,769,197,existing,845.1249361714952,292,249,769,565,existing,905.4152919380645,292,236,769,197,existing,845.1249361714952,292,232,769,691,existing,951.1458808700129,292,250,769,691,existing,951.1458808700129,292,265,769,804,existing,1605.0668352482653,292,244,769,691,existing,951.1458808700129
293,293,214,770,811,existing,586.0830258234876,293,214,770,399,existing,1171.4731162424625,293,214,770,159,allocated,180.947805472668,293,263,770,151,existing,511.360575688787,293,261,770,804,existing,870.6101610240496,293,248,770,131,existing,1019.2795335275846,293,265,770,804,existing,870.6101610240496,293,244,770,691,existing,1044.3843129781717,293,250,770,691,existing,1044.3843129781717,293,232,770,691,existing,1044.3843129781717,293,249,770,565,existing,1090.1149019101204,293,242,770,650,existing,1208.6995474198259,293,230,770,554,existing,1175.4092672370325
294,294,216,772,808,existing,385.6122903179982,294,216,772,399,existing,208.28590940369844,294,216,772,773,allocated,58.20705008205089,294,248,772,131,existing,420.06496556884366,294,249,772,565,existing,712.711027620611,294,250,772,691,existing,758.4416165525595,294,244,772,691,existing,758.4416165525595,294,236,772,197,existing,1276.5256257228411,294,232,772,691,existing,758.4416165525595,294,241,772,486,existing,801.889691967835,294,237,772,197,existing,1276.5256257228411,294,238,772,197,existing,1276.5256257228411,294,261,772,804,existing,1412.3625709308121
295,295,216,773,808,existing,443.81934040004916,295,216,773,399,existing,266.49295948574934,295,216,773,773,allocated,0.0,295,248,773,131,existing,478.2720156508946,295,249,773,565,existing,770.918077702662,295,244,773,691,existing,816.6486666346104,295,232,773,691,existing,816.6486666346104,295,250,773,691,existing,816.6486666346104,295,241,773,486,existing,836.9493208406888,295,237,773,197,existing,1220.6210213823492,295,238,773,197,existing,1220.6210213823492,295,265,773,804,existing,1470.569621012863,295,236,773,197,existing,1220.6210213823492
296,296,212,774,956,existing,1413.6314263465388,296,212,774,374,existing,777.6108477379546,296,212,774,531,allocated,438.6419677937231,296,237,774,197,existing,1415.9301185531697,296,238,774,197,existing,1415.9301185531697,296,247,774,699,existing,1555.4712276204011,296,236,774,197,existing,1415.9301185531697,296,246,774,699,existing,1555.4712276204011,296,248,774,131,existing,2141.77807230931,296,241,774,486,existing,1759.9533459103188,296,249,774,565,existing,2434.4241343610774,296,232,774,691,existing,2480.154723293026,296,250,774,691,existing,2480.154723293026
297,297,208,775,197,existing,1326.8204941462543,297,208,775,374,existing,688.5012233310391,297,208,775,531,allocated,527.7515922006386,297,237,775,197,existing,1326.8204941462543,297,238,775,197,existing,1326.8204941462543,297,236,775,197,existing,1326.8204941462543,297,246,775,699,existing,1523.2048305824894,297,249,775,565,existing,2345.314509954162,297,241,775,486,existing,1670.8437215034035,297,247,775,699,existing,1523.2048305824894,297,248,775,131,existing,2052.6684479023947,297,232,775,691,existing,2391.0450988861103,297,250,775,691,existing,2391.0450988861103
298,298,223,777,936,existing,314.2448683001434,298,223,777,314,existing,2791.074495835356,298,223,777,776,allocated,62.99003387712466,298,229,777,582,existing,781.4712026337183,298,240,777,145,existing,888.134686522923,298,231,777,230,existing,1024.3758768160662,298,234,777,348,existing,1458.4165128729933,298,227,777,494,existing,1941.5742385661697,298,258,777,946,existing,2265.502674699009,298,259,777,946,existing,2265.502674699009,298,228,777,478,existing,1909.220639742532,298,260,777,946,existing,2265.502674699009,298,243,777,468,existing,2317.3785648159314
299,299,223,778,936,existing,156.2168564055461,299,223,778,314,existing,2633.0464839407587,299,223,778,776,allocated,95.03797801747265,299,231,778,230,existing,866.347864921469,299,229,778,582,existing,939.4992145283156,299,240,778,145,existing,1046.1626984175202,299,234,778,348,existing,1300.388500978396,299,238,778,197,existing,2229.001248462354,299,227,778,494,existing,2099.6022504607668,299,228,778,478,existing,2067.2486516371296,299,237,778,197,existing,2229.001248462354,299,258,778,946,existing,2423.530686593606,299,236,778,197,existing,2229.001248462354
300,300,200,779,743,existing,1342.5667056194327,300,200,779,573,existing,491.7486902338083,300,200,779,440,allocated,887.886756750291,300,238,779,197,existing,1462.4671155690949,300,236,779,197,existing,1462.4671155690949,300,241,779,486,existing,1760.440782334705,300,237,779,197,existing,1462.4671155690949,300,248,779,131,existing,2121.6382404920605,300,247,779,699,existing,1839.364544038156,300,263,779,151,existing,2267.6874301195953,300,246,779,699,existing,1839.364544038156,300,250,779,691,existing,2460.0148914757765,300,249,779,565,existing,2414.284302543828
301,301,200,780,743,existing,1280.1474989590633,301,200,780,688,existing,468.6733685468628,301,200,780,440,allocated,825.4675500899218,301,237,780,197,existing,1400.0479089087257,301,238,780,197,existing,1400.0479089087257,301,236,780,197,existing,1400.0479089087257,301,241,780,486,existing,1698.0215756743357,301,248,780,131,existing,2059.2190338316914,301,246,780,699,existing,1776.945337377787,301,263,780,151,existing,2205.2682234592257,301,247,780,699,existing,1776.945337377787,301,250,780,691,existing,2397.595684815407,301,249,780,565,existing,2351.8650958834587
302,302,203,781,804,existing,539.7782054030173,302,203,781,399,existing,1128.028021627341,302,203,781,159,allocated,150.25854049985654,302,265,781,804,existing,539.7782054030173,302,261,781,804,existing,539.7782054030173,302,230,781,554,existing,844.5773116160002,302,263,781,151,existing,773.7753126753996,302,250,781,691,existing,1000.9392183630503,302,244,781,691,existing,1000.9392183630503,302,242,781,650,existing,877.8675917987935,302,248,781,131,existing,975.8344389124632,302,232,781,691,existing,1000.9392183630503,302,249,781,565,existing,1046.669807294999
303,303,214,784,811,existing,365.31412684011804,303,214,784,472,existing,1304.085413431252,303,214,784,159,allocated,126.85984957783462,303,263,784,151,existing,496.65692259770844,303,261,784,804,existing,816.8965954807085,303,230,784,554,existing,1121.6957016936913,303,265,784,804,existing,816.8965954807085,303,232,784,691,existing,1254.6280138737711,303,248,784,131,existing,1229.523234423184,303,244,784,691,existing,1254.6280138737711,303,242,784,650,existing,1154.9859818764846,303,250,784,691,existing,1254.6280138737711,303,249,784,565,existing,1300.3586028057198
304,304,214,785,811,existing,450.78210726251746,304,214,785,399,existing,1296.2488367156625,304,214,785,159,allocated,41.39186915543523,304,263,785,151,existing,582.1249030201079,304,261,785,804,existing,731.428615058309,304,230,785,554,existing,1036.227721271292,304,265,785,804,existing,731.428615058309,304,248,785,131,existing,1144.0552540007848,304,244,785,691,existing,1169.1600334513719,304,250,785,691,existing,1169.1600334513719,304,242,785,650,existing,1069.5180014540852,304,232,785,691,existing,1169.1600334513719,304,249,785,565,existing,1214.8906223833203
305,305,216,786,808,existing,671.9646655978335,305,216,786,399,existing,858.6109235635568,305,216,786,867,allocated,231.3595029841406,305,248,786,131,existing,706.4173408486789,305,244,786,691,existing,731.522120299266,305,250,786,691,existing,731.522120299266,305,232,786,691,existing,731.522120299266,305,265,786,804,existing,809.1953034668015,305,261,786,804,existing,809.1953034668015,305,263,786,151,existing,831.190542774579,305,249,786,565,existing,777.2527092312146,305,230,786,554,existing,1113.9944096797844,305,241,786,486,existing,1088.24206724767
306,306,214,787,811,existing,195.06955746479065,306,214,787,472,existing,1138.5123454810844,306,214,787,445,allocated,40.40153270100931,306,263,787,151,existing,326.41235322238106,306,261,787,804,existing,987.1411648560357,306,230,787,554,existing,1058.600332995161,306,265,787,804,existing,987.1411648560357,306,244,787,691,existing,1424.8725832490986,306,242,787,650,existing,1325.230551251812,306,248,787,131,existing,1399.7678037985115,306,250,787,691,existing,1424.8725832490986,306,249,787,565,existing,1470.603172181047,306,232,787,691,existing,1424.8725832490986
307,307,203,788,804,existing,589.1170788528888,307,203,788,399,existing,1177.3668950772126,307,203,788,159,allocated,100.91966704998504,307,265,788,804,existing,589.1170788528888,307,261,788,804,existing,589.1170788528888,307,263,788,151,existing,724.4364392255281,307,230,788,554,existing,893.9161850658717,307,242,788,650,existing,927.2064652486649,307,248,788,131,existing,1025.1733123623346,307,232,788,691,existing,1050.2780918129217,307,250,788,691,existing,1050.2780918129217,307,244,788,691,existing,1050.2780918129217,307,249,788,565,existing,1096.0086807448704
308,308,214,789,811,existing,298.06998721728036,308,214,789,472,existing,1021.1147467260765,308,214,789,462,allocated,40.751565785785395,308,263,789,151,existing,217.65014576834466,308,265,789,804,existing,1101.7756842102826,308,261,789,804,existing,1101.7756842102826,308,230,789,554,existing,1161.6007627476506,308,242,789,650,existing,1439.865070606059,308,244,789,691,existing,1638.6643484145409,308,250,789,691,existing,1638.6643484145409,308,248,789,131,existing,1613.5595689639538,308,232,789,691,existing,1638.6643484145409,308,249,789,565,existing,1684.3949373464893
309,309,216,791,808,existing,266.2640777010519,309,216,791,399,existing,88.93769678675213,309,216,791,399,allocated,88.93769678675213,309,248,791,131,existing,300.7167529518974,309,249,791,565,existing,593.3628150036648,309,244,791,691,existing,639.0934039356132,309,232,791,691,existing,639.0934039356132,309,241,791,486,existing,682.5414793508887,309,237,791,197,existing,1157.1774131058949,309,250,791,691,existing,639.0934039356132,309,238,791,197,existing,1157.1774131058949,309,236,791,197,existing,1157.1774131058949,309,265,791,804,existing,1293.0143583138656
310,310,200,792,743,existing,1077.005791387235,310,200,792,688,existing,265.5316609750343,310,200,792,288,allocated,771.3993680772597,310,241,792,486,existing,1494.8798681025073,310,237,792,197,existing,1657.521128890965,310,238,792,197,existing,1657.521128890965,310,236,792,197,existing,1657.521128890965,310,246,792,699,existing,2040.2553006364872,310,248,792,131,existing,1856.077326259863,310,263,792,151,existing,1998.6333719542686,310,247,792,699,existing,2040.2553006364872,310,250,792,691,existing,2194.4539772435787,310,249,792,565,existing,2148.7233883116305
311,311,214,794,811,existing,284.6002506417883,311,214,794,472,existing,1034.5844833015685,311,214,794,462,allocated,27.28182921029335,311,263,794,151,existing,204.1804091928526,311,265,794,804,existing,1088.3059476347905,311,261,794,804,existing,1088.3059476347905,311,230,794,554,existing,1148.1310261721585,311,242,794,650,existing,1426.3953340305666,311,244,794,691,existing,1625.1946118390488,311,250,794,691,existing,1625.1946118390488,311,248,794,131,existing,1600.0898323884617,311,249,794,565,existing,1670.9252007709974,311,232,794,691,existing,1625.1946118390488
312,312,214,811,811,existing,0.0,312,214,811,472,existing,1319.184733943357,312,214,811,299,allocated,68.83504014048522,312,263,811,151,existing,131.3427957575904,312,265,811,804,existing,803.7056969930022,312,261,811,804,existing,803.7056969930022,312,230,811,554,existing,863.5307755303702,312,232,811,691,existing,1619.9421407138893,312,244,811,691,existing,1619.9421407138893,312,242,811,650,existing,1141.7950833887785,312,248,811,131,existing,1594.8373612633022,312,249,811,565,existing,1665.672729645838,312,250,811,691,existing,1619.9421407138893
313,313,225,814,296,existing,512.4045390469046,313,225,814,768,existing,391.5778521053535,313,225,814,89,allocated,217.21881293602678,313,241,814,486,existing,366.6771995024802,313,248,814,131,existing,748.5019259014715,313,238,814,197,existing,849.7414692713496,313,236,814,197,existing,849.7414692713496,313,237,814,197,existing,849.7414692713496,313,249,814,565,existing,1041.1479879532387,313,250,814,691,existing,1086.8785768851872,313,244,814,691,existing,1086.8785768851872,313,265,814,804,existing,1744.7903078615304,313,232,814,691,existing,1086.8785768851872
314,314,225,815,296,existing,646.0264127573073,314,225,815,849,existing,741.0039971200379,314,225,815,440,allocated,278.44275818801026,314,241,815,486,existing,926.3800498679235,314,237,815,197,existing,983.3633429817525,314,236,815,197,existing,983.3633429817525,314,238,815,197,existing,983.3633429817525,314,248,815,131,existing,1308.204776266915,314,246,815,699,existing,1544.9912587171666,314,247,815,699,existing,1544.9912587171666,314,249,815,565,existing,1600.8508383186822,314,250,815,691,existing,1646.5814272506304,314,232,815,691,existing,1646.5814272506304
315,315,225,816,296,existing,627.4716266618925,315,225,816,849,existing,759.5587832154526,315,225,816,440,allocated,296.99754428342504,315,241,816,486,existing,907.8252637725087,315,237,816,197,existing,964.8085568863377,315,238,816,197,existing,964.8085568863377,315,236,816,197,existing,964.8085568863377,315,246,816,699,existing,1563.5460448125814,315,249,816,565,existing,1582.2960522232675,315,247,816,699,existing,1563.5460448125814,315,248,816,131,existing,1289.6499901715001,315,250,816,691,existing,1628.0266411552157,315,244,816,691,existing,1628.0266411552157
316,316,211,817,699,existing,947.6890987370233,316,211,817,314,existing,337.1409186767896,316,211,817,314,allocated,337.1409186767896,316,247,817,699,existing,947.6890987370233,316,246,817,699,existing,947.6890987370233,316,237,817,197,existing,966.261601933053,316,236,817,197,existing,966.261601933053,316,248,817,131,existing,1969.252946640522,316,238,817,197,existing,966.261601933053,316,231,817,230,existing,2003.476059836677,316,241,817,486,existing,1587.4282202415307,316,249,817,565,existing,2261.899008692289,316,232,817,691,existing,2307.6295976242372
317,317,211,819,699,existing,281.67306752664064,317,211,819,314,existing,429.23859039299526,317,211,819,291,allocated,140.7987386364946,317,247,819,699,existing,281.67306752664064,317,246,819,699,existing,281.67306752664064,317,236,819,197,existing,735.4095230531941,317,238,819,197,existing,735.4095230531941,317,231,819,230,existing,1613.0820040114331,317,237,819,197,existing,735.4095230531941,317,248,819,131,existing,1739.3519314007576,317,241,819,486,existing,1357.527205001766,317,234,819,348,existing,1986.786905257644,317,249,819,565,existing,2031.9979934525247
318,318,225,820,296,existing,118.99443302990151,318,225,820,768,existing,692.8794480799152,318,225,820,820,allocated,0.0,318,238,820,197,existing,221.33686254398867,318,236,820,197,existing,221.33686254398867,318,237,820,197,existing,221.33686254398867,318,241,820,486,existing,400.78081940458344,318,232,820,691,existing,1120.9821967872904,318,244,820,691,existing,1120.9821967872904,318,250,820,691,existing,1120.9821967872904,318,248,820,131,existing,782.6055458035747,318,249,820,565,existing,1075.251607855342,318,247,820,699,existing,1238.4194531238234
319,319,200,821,743,existing,599.0049557025116,319,200,821,849,existing,248.44486536826633,319,200,821,440,allocated,294.8933801713142,319,241,821,486,existing,944.6492774849207,319,238,821,197,existing,1107.2905382733784,319,237,821,197,existing,1107.2905382733784,319,236,821,197,existing,1107.2905382733784,319,232,821,691,existing,1616.8925933095757,319,263,821,151,existing,1549.0270068937764,319,249,821,565,existing,1571.1620043776272,319,248,821,131,existing,1278.51594232586,319,250,821,691,existing,1616.8925933095757,319,244,821,691,existing,1616.8925933095757
320,320,200,823,743,existing,289.85464954625917,320,200,823,849,existing,356.91704806635187,320,200,823,823,allocated,0.0,320,248,823,131,existing,1068.926184418887,320,241,823,486,existing,1157.6953411521877,320,263,823,151,existing,1206.3126716446152,320,249,823,565,existing,1361.5722464706544,320,237,823,197,existing,1541.3670416938483,320,250,823,691,existing,1407.3028354026028,320,244,823,691,existing,1407.3028354026028,320,232,823,691,existing,1407.3028354026028,320,238,823,197,existing,1541.3670416938483,320,236,823,197,existing,1541.3670416938483
321,321,200,824,743,existing,158.53086045353064,321,200,824,849,existing,225.5932589736234,321,200,824,823,allocated,131.32378909272853,321,248,824,131,existing,937.6023953261586,321,241,824,486,existing,1026.3715520594592,321,263,824,151,existing,1074.9888825518867,321,249,824,565,existing,1230.248457377926,321,244,824,691,existing,1275.9790463098743,321,236,824,197,existing,1410.0432526011198,321,250,824,691,existing,1275.9790463098743,321,232,824,691,existing,1275.9790463098743,321,238,824,197,existing,1410.0432526011198,321,237,824,197,existing,1410.0432526011198
322,322,214,825,811,existing,307.47403015035195,322,214,825,472,existing,1057.4582628101323,322,214,825,462,allocated,50.15560871885701,322,263,825,151,existing,227.05418870141628,322,265,825,804,existing,1111.179727143354,322,230,825,554,existing,1171.0048056807223,322,261,825,804,existing,1111.179727143354,322,250,825,691,existing,1602.320832330485,322,242,825,650,existing,1449.2691135391303,322,232,825,691,existing,1602.320832330485,322,248,825,131,existing,1577.216052879898,322,244,825,691,existing,1602.320832330485,322,249,825,565,existing,1648.0514212624335
323,323,214,830,811,existing,445.67432826149474,323,214,830,472,existing,978.0279741995479,323,214,830,148,allocated,183.78008936419138,323,263,830,151,existing,314.33153250390427,323,265,830,804,existing,1235.3649593352866,323,261,830,804,existing,1235.3649593352866,323,230,830,554,existing,1309.205103791865,323,250,830,691,existing,1410.8431064442118,323,244,830,691,existing,1410.8431064442118,323,248,830,131,existing,1385.7383269936247,323,232,830,691,existing,1410.8431064442118,323,242,830,650,existing,1573.4543457310626,323,249,830,565,existing,1456.5736953761602
324,324,200,832,743,existing,1698.9519164842009,324,200,832,573,existing,771.87949360986,324,200,832,531,allocated,1042.450686155777,324,238,832,197,existing,1724.9894449137873,324,236,832,197,existing,1724.9894449137873,324,237,832,197,existing,1724.9894449137873,324,241,832,486,existing,2043.552424484322,324,248,832,131,existing,2425.3771508833133,324,263,832,151,existing,2615.409938582557,324,246,832,699,existing,2101.886873382848,324,247,832,699,existing,2101.886873382848,324,244,832,691,existing,2763.7538018670293,324,249,832,565,existing,2718.0232129350807
325,325,208,833,197,existing,1636.2242392114435,325,208,833,573,existing,860.6446993122037,325,208,833,531,allocated,953.6854804534332,325,238,833,197,existing,1636.2242392114435,325,236,833,197,existing,1636.2242392114435,325,237,833,197,existing,1636.2242392114435,325,241,833,486,existing,1954.7872187819785,325,248,833,131,existing,2336.61194518097,325,247,833,699,existing,2013.1216676805045,325,249,833,565,existing,2629.2580072327373,325,246,833,699,existing,2013.1216676805045,325,244,833,691,existing,2674.9885961646855,325,250,833,691,existing,2674.9885961646855
326,326,211,834,699,existing,999.8828235740732,326,211,834,314,existing,389.3346435138396,326,211,834,314,allocated,389.3346435138396,326,247,834,699,existing,999.8828235740732,326,246,834,699,existing,999.8828235740732,326,237,834,197,existing,1018.4553267701028,326,236,834,197,existing,1018.4553267701028,326,248,834,131,existing,2021.4466714775717,326,238,834,197,existing,1018.4553267701028,326,241,834,486,existing,1639.6219450785807,326,231,834,230,existing,2055.669784673727,326,244,834,691,existing,2359.8233224612873,326,249,834,565,existing,2314.092733529339
327,327,212,835,956,existing,1118.2640033526977,327,212,835,684,existing,1069.8278448253075,327,212,835,700,allocated,921.8862287928252,327,246,835,699,existing,1260.10380462656,327,247,835,699,existing,1260.10380462656,327,236,835,197,existing,1923.7623838293418,327,238,835,197,existing,1923.7623838293418,327,248,835,131,existing,2649.6103375854823,327,237,835,197,existing,1923.7623838293418,327,241,835,486,existing,2267.785611186491,327,249,835,565,existing,2942.2563996372496,327,231,835,230,existing,2986.8682717756874,327,232,835,691,existing,2987.986988569198
328,328,212,836,956,existing,1166.3983654084761,328,212,836,684,existing,1117.9622068810859,328,212,836,700,allocated,970.0205908486037,328,247,836,699,existing,1308.2381666823385,328,246,836,699,existing,1308.2381666823385,328,236,836,197,existing,1875.6280217735634,328,237,836,197,existing,1875.6280217735634,328,241,836,486,existing,2219.6512491307126,328,238,836,197,existing,1875.6280217735634,328,248,836,131,existing,2601.4759755297036,328,249,836,565,existing,2894.122037581471,328,232,836,691,existing,2939.8526265134196,328,244,836,691,existing,2939.8526265134196
329,329,200,837,743,existing,421.79391375337974,329,200,837,768,existing,342.64578067062087,329,200,837,768,allocated,342.64578067062087,329,248,837,131,existing,726.4622832106636,329,241,837,486,existing,738.0020071974919,329,249,837,565,existing,1019.1083452624309,329,244,837,691,existing,1064.8389341943794,329,236,837,197,existing,1121.6737077391524,329,232,837,691,existing,1064.8389341943794,329,238,837,197,existing,1121.6737077391524,329,250,837,691,existing,1064.8389341943794,329,263,837,151,existing,1387.492620629678,329,237,837,197,existing,1121.6737077391524
330,330,202,840,553,existing,513.1470855210108,330,202,840,399,existing,2301.524398381369,330,202,840,51,allocated,33.42447494464534,330,230,840,554,existing,578.2300101085823,330,242,840,650,existing,979.2777783831065,330,265,840,804,existing,1295.784691845298,330,261,840,804,existing,1295.784691845298,330,251,840,594,existing,1363.0315726153774,330,263,840,151,existing,1323.7926364259886,330,253,840,594,existing,1363.0315726153774,330,252,840,594,existing,1363.0315726153774,330,254,840,471,existing,1386.0732715091713,330,233,840,594,existing,1363.0315726153774
331,331,212,844,956,existing,689.9661183227487,331,212,844,684,existing,641.5299597953586,331,212,844,700,allocated,493.5883437628763,331,247,844,699,existing,831.8059195966111,331,246,844,699,existing,831.8059195966111,331,238,844,197,existing,1591.1873710290956,331,236,844,197,existing,1591.1873710290956,331,231,844,230,existing,2558.5703867457387,331,241,844,486,existing,2032.110935406152,331,237,844,197,existing,1591.1873710290956,331,248,844,131,existing,2413.9356618051434,331,232,844,691,existing,2752.3123127888593,331,249,844,565,existing,2706.5817238569107
332,332,212,845,956,existing,542.7221164183701,332,212,845,684,existing,494.28595789098,332,212,845,700,allocated,346.34434185849767,332,247,845,699,existing,684.5619176922326,332,246,845,699,existing,684.5619176922326,332,236,845,197,existing,1443.943369124717,332,238,845,197,existing,1443.943369124717,332,237,845,197,existing,1443.943369124717,332,241,845,486,existing,2065.109987433195,332,248,845,131,existing,2446.9347138321864,332,231,845,230,existing,2411.32638484136,332,249,845,565,existing,2739.5807758839533,332,234,845,348,existing,2785.031286087571
333,333,212,846,956,existing,560.5888182450636,333,212,846,684,existing,512.1526597176735,333,212,846,700,allocated,364.21104368519116,333,247,846,699,existing,702.4286195189261,333,246,846,699,existing,702.4286195189261,333,237,846,197,existing,1595.2616999578163,333,238,846,197,existing,1595.2616999578163,333,241,846,486,existing,2216.428318266294,333,248,846,131,existing,2598.253044665285,333,236,846,197,existing,1595.2616999578163,333,231,846,230,existing,2429.193086668053,333,249,846,565,existing,2890.8991067170523,333,234,846,348,existing,2802.8979879142644
334,334,212,847,956,existing,584.4103065007337,334,212,847,684,existing,535.9741479733435,334,212,847,700,allocated,388.0325319408612,334,247,847,699,existing,726.250107774596,334,246,847,699,existing,726.250107774596,334,237,847,197,existing,1619.0831882134862,334,238,847,197,existing,1619.0831882134862,334,248,847,131,existing,2622.074532920955,334,236,847,197,existing,1619.0831882134862,334,241,847,486,existing,2240.2498065219643,334,231,847,230,existing,2453.0145749237236,334,249,847,565,existing,2914.720594972722,334,234,847,348,existing,2826.7194761699343
335,335,200,849,743,existing,384.124119427154,335,200,849,849,existing,0.0,335,200,849,823,allocated,356.91704806635187,335,241,849,486,existing,1112.3171362456342,335,248,849,131,existing,1163.195654299782,335,237,849,197,existing,1274.9583970340918,335,238,849,197,existing,1274.9583970340918,335,263,849,151,existing,1300.5821415255102,335,249,849,565,existing,1455.8417163515494,335,236,849,197,existing,1274.9583970340918,335,232,849,691,existing,1501.5723052834978,335,244,849,691,existing,1501.5723052834978,335,250,849,691,existing,1501.5723052834978
336,336,212,853,956,existing,790.0478715302477,336,212,853,684,existing,326.560786374019,336,212,853,304,allocated,299.38028352908526,336,247,853,699,existing,931.88767280411,336,246,853,699,existing,931.88767280411,336,236,853,197,existing,1155.5606423250365,336,237,853,197,existing,1155.5606423250365,336,248,853,131,existing,2158.5519870325056,336,238,853,197,existing,1155.5606423250365,336,241,853,486,existing,1776.727260633514,336,231,853,230,existing,2192.7751002286604,336,250,853,691,existing,2496.928638016221,336,249,853,565,existing,2451.1980490842725
337,337,212,854,956,existing,604.6460585204144,337,212,854,684,existing,511.96259938385225,337,212,854,700,allocated,408.268283960542,337,247,854,699,existing,746.4858597942768,337,246,854,699,existing,746.4858597942768,337,238,854,197,existing,1340.9624553348697,337,236,854,197,existing,1340.9624553348697,337,248,854,131,existing,2343.953800042339,337,237,854,197,existing,1340.9624553348697,337,241,854,486,existing,1962.1290736433475,337,231,854,230,existing,2378.176913238494,337,249,854,565,existing,2636.599862094106,337,232,854,691,existing,2682.330451026054
338,338,222,855,658,existing,392.6893576688519,338,222,855,472,existing,796.1408382672303,338,222,855,855,allocated,0.0,338,263,855,151,existing,410.17157350898844,338,248,855,131,existing,1267.8542170656597,338,232,855,691,existing,1292.9589965162468,338,244,855,691,existing,1292.9589965162468,338,249,855,565,existing,1338.6895854481954,338,250,855,691,existing,1292.9589965162468,338,265,855,804,existing,1324.0331294749215,338,261,855,804,existing,1324.0331294749215,338,230,855,554,existing,1401.4316523402008,338,241,855,486,existing,1649.6789434646512
339,339,214,856,811,existing,431.2855018715301,339,214,856,472,existing,902.7562132055308,339,214,856,855,allocated,106.61537493830053,339,263,856,151,existing,303.5561985706879,339,265,856,804,existing,1217.417754536621,339,230,856,554,existing,1294.8162774019004,339,261,856,804,existing,1217.417754536621,339,232,856,691,existing,1392.895901645546,339,244,856,691,existing,1392.895901645546,339,250,856,691,existing,1392.895901645546,339,248,856,131,existing,1367.791122194959,339,242,856,650,existing,1555.507140932397,339,249,856,565,existing,1438.6264905774947
340,340,222,857,658,existing,410.6223437027851,340,222,857,472,existing,872.5516098735104,340,222,857,92,allocated,201.04507816492958,340,263,857,151,existing,530.967709437406,340,248,857,131,existing,1056.0726010800704,340,244,857,691,existing,1081.1773805306575,340,250,857,691,existing,1081.1773805306575,340,232,857,691,existing,1081.1773805306575,340,261,857,804,existing,1249.4629810509678,340,249,857,565,existing,1126.907969462606,340,265,857,804,existing,1249.4629810509678,340,241,857,486,existing,1437.8973274790615,340,230,857,554,existing,1469.2209351024767
341,341,222,858,658,existing,519.253108070712,341,222,858,472,existing,922.7045886690903,341,222,858,855,allocated,196.60374544492169,341,263,858,151,existing,606.7753189539101,341,248,858,131,existing,1394.41796746752,341,232,858,691,existing,1419.522746918107,341,250,858,691,existing,1419.522746918107,341,265,858,804,existing,1520.6368749198432,341,249,858,565,existing,1465.2533358500555,341,261,858,804,existing,1520.6368749198432,341,244,858,691,existing,1419.522746918107,341,230,858,554,existing,1598.0353977851225,341,241,858,486,existing,1776.2426938665112
342,342,200,859,743,existing,1413.4027513268957,342,200,859,573,existing,519.5867718886881,342,200,859,288,allocated,979.5907791201287,342,241,859,486,existing,2073.064008272778,342,248,859,131,existing,2192.4742861995237,342,237,859,197,existing,2235.705269061236,342,238,859,197,existing,2235.705269061236,342,236,859,197,existing,2235.705269061236,342,249,859,565,existing,2485.120348251291,342,263,859,151,existing,2329.860773425252,342,232,859,691,existing,2530.8509371832392,342,244,859,691,existing,2530.8509371832392,342,250,859,691,existing,2530.8509371832392
343,343,222,860,658,existing,619.3293124975936,343,222,860,472,existing,813.2779710534877,343,222,860,309,allocated,225.54728558329097,343,263,860,151,existing,582.9707134795601,343,261,860,804,existing,1467.0962519214982,343,248,860,131,existing,1494.4941718944015,343,265,860,804,existing,1467.0962519214982,343,250,860,691,existing,1519.5989513449886,343,232,860,691,existing,1519.5989513449886,343,230,860,554,existing,1526.9213304588661,343,244,860,691,existing,1519.5989513449886,343,249,860,565,existing,1565.3295402769372,343,242,860,650,existing,1805.1856383172744
344,344,225,861,296,existing,544.0983983604951,344,225,861,849,existing,393.5230684491515,344,225,861,440,allocated,245.65482511075356,344,241,861,486,existing,816.7494026433803,344,238,861,197,existing,881.4353285849403,344,237,861,197,existing,881.4353285849403,344,236,861,197,existing,881.4353285849403,344,249,861,565,existing,1491.220191094139,344,244,861,691,existing,1536.9507800260876,344,250,861,691,existing,1536.9507800260876,344,248,861,131,existing,1198.5741290423716,344,232,861,691,existing,1536.9507800260876,344,263,861,151,existing,1694.1052099746619
345,345,214,868,811,existing,360.9318960968924,345,214,868,472,existing,973.1098189801685,345,214,868,92,allocated,103.41663469244847,345,263,868,151,existing,233.20259279605017,345,261,868,804,existing,1147.0641487619832,345,230,868,554,existing,1224.4626716272626,345,265,868,804,existing,1147.0641487619832,345,248,868,131,existing,1297.4375164203213,345,244,868,691,existing,1322.5422958709084,345,250,868,691,existing,1322.5422958709084,345,232,868,691,existing,1322.5422958709084,345,242,868,650,existing,1485.1535351577593,345,249,868,565,existing,1368.2728848028569
346,346,225,872,296,existing,294.18472621180155,346,225,872,768,existing,279.70028883821203,346,225,872,872,allocated,0.0,346,241,872,486,existing,412.94571226765555,346,236,872,197,existing,631.5216564362466,346,237,872,197,existing,631.5216564362466,346,238,872,197,existing,631.5216564362466,346,249,872,565,existing,1087.416500718414,346,250,872,691,existing,1133.1470896503627,346,232,872,691,existing,1133.1470896503627,346,248,872,131,existing,794.7704386666468,346,246,872,699,existing,1648.6042470160814,346,244,872,691,existing,1133.1470896503627
347,347,225,873,296,existing,195.7988853492785,347,225,873,768,existing,378.0861297007351,347,225,873,873,allocated,0.0,347,241,873,486,existing,476.1525224598947,347,237,873,197,existing,533.1358155737237,347,236,873,197,existing,533.1358155737237,347,238,873,197,existing,533.1358155737237,347,249,873,565,existing,1150.6233109106533,347,244,873,691,existing,1196.3538998426018,347,232,873,691,existing,1196.3538998426018,347,248,873,131,existing,857.977248858886,347,250,873,691,existing,1196.3538998426018,347,246,873,699,existing,1550.2184061535584
348,348,216,874,808,existing,754.9982898723692,348,216,874,399,existing,941.6445478380926,348,216,874,159,allocated,313.2124197221347,348,263,874,151,existing,741.1891440931568,348,248,874,131,existing,789.4509651232147,348,261,874,804,existing,794.9591414673134,348,265,874,804,existing,794.9591414673134,348,244,874,691,existing,814.5557445738018,348,250,874,691,existing,814.5557445738018,348,232,874,691,existing,814.5557445738018,348,249,874,565,existing,860.2863335057505,348,230,874,554,existing,1099.7582476802963,348,242,874,650,existing,1133.0485278630897
349,349,212,876,956,existing,1099.4577425740663,349,212,876,684,existing,1051.021584046676,349,212,876,700,allocated,903.0799680141938,349,247,876,699,existing,1241.2975438479286,349,246,876,699,existing,1241.2975438479286,349,236,876,197,existing,1942.5686446079733,349,238,876,197,existing,1942.5686446079733,349,249,876,565,existing,2961.062660415881,349,248,876,131,existing,2668.4165983641137,349,241,876,486,existing,2286.5918719651227,349,237,876,197,existing,1942.5686446079733,349,231,876,230,existing,2968.062010997056,349,232,876,691,existing,3006.7932493478293
350,350,214,890,811,existing,211.11556974396052,350,214,890,472,existing,1172.4316129300214,350,214,890,890,allocated,0.0,350,263,890,151,existing,215.18724241191686,350,265,890,804,existing,1014.8212667369628,350,230,890,554,existing,1074.6463452743308,350,261,890,804,existing,1014.8212667369628,350,248,890,131,existing,1737.9369620169145,350,244,890,691,existing,1763.0417414675017,350,250,890,691,existing,1763.0417414675017,350,242,890,650,existing,1352.9106531327388,350,249,890,565,existing,1808.7723303994503,350,232,890,691,existing,1763.0417414675017
351,351,200,895,743,existing,1404.2267760972054,351,200,895,573,existing,420.6240791466971,351,200,895,288,allocated,970.4148038904385,351,238,895,197,existing,1789.2929129545523,351,237,895,197,existing,1789.2929129545523,351,236,895,197,existing,1789.2929129545523,351,241,895,486,existing,1825.3195534149138,351,246,895,699,existing,2166.1903414236135,351,247,895,699,existing,2166.1903414236135,351,248,895,131,existing,2183.2983109698334,351,263,895,151,existing,2320.6847981955616,351,250,895,691,existing,2521.674961953549,351,249,895,565,existing,2475.9443730216008
352,352,200,896,743,existing,1284.9702677294533,352,200,896,573,existing,301.3675707789449,352,200,896,288,allocated,851.1582955226863,352,241,896,486,existing,1854.8448071630348,352,238,896,197,existing,1908.5494213223042,352,236,896,197,existing,1908.5494213223042,352,237,896,197,existing,1908.5494213223042,352,247,896,699,existing,2285.446849791366,352,248,896,131,existing,2064.041802602081,352,246,896,699,existing,2285.446849791366,352,263,896,151,existing,2201.4282898278093,352,249,896,565,existing,2356.6878646538485,352,232,896,691,existing,2402.418453585797
353,353,200,897,743,existing,1321.6727056163452,353,200,897,573,existing,338.0700086658368,353,200,897,288,allocated,887.8607334095782,353,238,897,197,existing,1871.8469834354123,353,237,897,197,existing,1871.8469834354123,353,241,897,486,existing,1891.5472450499267,353,236,897,197,existing,1871.8469834354123,353,263,897,151,existing,2238.1307277147016,353,246,897,699,existing,2248.744411904474,353,248,897,131,existing,2100.744240488973,353,247,897,699,existing,2248.744411904474,353,249,897,565,existing,2393.3903025407403,353,244,897,691,existing,2439.120891472689
354,354,203,898,804,existing,696.0299303167047,354,203,898,399,existing,1017.6441674765074,354,203,898,159,allocated,263.3877662276859,354,263,898,151,existing,691.364490598708,354,265,898,804,existing,696.0299303167047,354,248,898,131,existing,865.4505847616297,354,261,898,804,existing,696.0299303167047,354,232,898,691,existing,890.5553642122168,354,250,898,691,existing,890.5553642122168,354,249,898,565,existing,936.2859531441652,354,244,898,691,existing,890.5553642122168,354,230,898,554,existing,1000.8290365296876,354,242,898,650,existing,1034.119316712481
355,355,200,902,743,existing,747.5321128376165,355,200,902,573,existing,503.9199008474019,355,200,902,823,allocated,457.6774632913574,355,241,902,486,existing,1517.4553973992627,355,248,902,131,existing,1526.6036477102446,355,263,902,151,existing,1663.9901349359727,355,237,902,197,existing,1680.09665818772,355,249,902,565,existing,1819.249709762012,355,236,902,197,existing,1680.09665818772,355,250,902,691,existing,1864.9802986939603,355,238,902,197,existing,1680.09665818772,355,232,902,691,existing,1864.9802986939603,355,244,902,691,existing,1864.9802986939603
356,356,200,903,743,existing,867.2646734917936,356,200,903,573,existing,384.18734019322494,356,200,903,288,allocated,556.488691713141,356,241,903,486,existing,1481.4558968226681,356,238,903,197,existing,1644.0971576111258,356,237,903,197,existing,1644.0971576111258,356,236,903,197,existing,1644.0971576111258,356,248,903,131,existing,1646.3362083644215,356,244,903,691,existing,1984.7128593481373,356,249,903,565,existing,1938.9822704161888,356,263,903,151,existing,1783.7226955901497,356,232,903,691,existing,1984.7128593481373,356,250,903,691,existing,1984.7128593481373
357,357,200,904,743,existing,737.4522277869031,357,200,904,849,existing,353.3281083597491,357,200,904,823,allocated,667.2861636908976,357,241,904,486,existing,1337.374496150694,357,236,904,197,existing,1500.0157569391517,357,237,904,197,existing,1500.0157569391517,357,238,904,197,existing,1500.0157569391517,357,263,904,151,existing,1653.9102498852592,357,248,904,131,existing,1516.523762659531,357,232,904,691,existing,1854.9004136432468,357,249,904,565,existing,1809.1698247112984,357,244,904,691,existing,1854.9004136432468,357,250,904,691,existing,1854.9004136432468
358,358,200,905,743,existing,626.1742328575918,358,200,905,849,existing,514.0020191074132,358,200,905,823,allocated,336.3195833113327,358,248,905,131,existing,1405.2457677302198,358,241,905,486,existing,1494.0149244635204,358,263,905,151,existing,1542.632254955948,358,237,905,197,existing,1660.689667686816,358,236,905,197,existing,1660.689667686816,358,249,905,565,existing,1697.891829781987,358,244,905,691,existing,1743.6224187139355,358,238,905,197,existing,1660.689667686816,358,250,905,691,existing,1743.6224187139355,358,232,905,691,existing,1743.6224187139355
359,359,225,909,296,existing,354.04195973108995,359,225,909,768,existing,536.3292040825465,359,225,909,873,allocated,158.24307438181148,359,241,909,486,existing,634.3955968417063,359,236,909,197,existing,691.3788899555351,359,238,909,197,existing,691.3788899555351,359,237,909,197,existing,691.3788899555351,359,248,909,131,existing,1016.2203232406976,359,232,909,691,existing,1354.5969742244133,359,249,909,565,existing,1308.8663852924649,359,244,909,691,existing,1354.5969742244133,359,247,909,699,existing,1708.46148053537,359,250,909,691,existing,1354.5969742244133
360,360,208,916,197,existing,1506.860624937521,360,208,916,688,existing,832.3346350618178,360,208,916,531,allocated,933.5030205198202,360,238,916,197,existing,1506.860624937521,360,236,916,197,existing,1506.860624937521,360,237,916,197,existing,1506.860624937521,360,241,916,486,existing,1840.89267105588,360,248,916,131,existing,2222.717397454871,360,247,916,699,existing,1883.7580534065823,360,249,916,565,existing,2515.3634595066383,360,246,916,699,existing,1883.7580534065823,360,232,916,691,existing,2561.094048438587,360,244,916,691,existing,2561.094048438587
361,361,222,918,658,existing,70.32387231422862,361,222,918,399,existing,654.1299560664716,361,222,918,659,allocated,28.1773817123633,361,263,918,151,existing,867.2540589546779,361,248,918,131,existing,878.937206368928,361,232,918,691,existing,964.5920303658118,361,244,918,691,existing,964.5920303658118,361,265,918,804,existing,1353.557803199495,361,249,918,565,existing,1010.3226192977602,361,241,918,486,existing,1260.7619327679192,361,250,918,691,existing,964.5920303658118,361,242,918,650,existing,1691.6471895952714,361,261,918,804,existing,1353.557803199495
362,362,211,920,699,existing,508.04292419748447,362,211,920,314,existing,202.86873372215143,362,211,920,747,allocated,33.26985822300111,362,247,920,699,existing,508.04292419748447,362,246,920,699,existing,508.04292419748447,362,237,920,197,existing,575.2031882158237,362,236,920,197,existing,575.2031882158237,362,238,920,197,existing,575.2031882158237,362,248,920,131,existing,1578.1945329232929,362,231,920,230,existing,1563.8298852971384,362,241,920,486,existing,1196.3698065243016,362,250,920,691,existing,1916.5711839070084,362,249,920,565,existing,1870.84059497506
363,363,209,927,958,existing,817.9975934478106,363,209,927,374,existing,512.2729574662651,363,209,927,541,allocated,428.3927085871696,363,238,927,197,existing,830.3861916820091,363,237,927,197,existing,830.3861916820091,363,241,927,486,existing,1132.3427356109357,363,236,927,197,existing,830.3861916820091,363,248,927,131,existing,1514.167462009927,363,249,927,565,existing,1806.8135240616944,363,246,927,699,existing,1293.148493997872,363,247,927,699,existing,1293.148493997872,363,232,927,691,existing,1852.5441129936428,363,244,927,691,existing,1852.5441129936428
364,364,214,929,811,existing,375.8752711976454,364,214,929,472,existing,1693.7400623086587,364,214,929,194,allocated,57.22482731475692,364,263,929,151,existing,505.89812412289234,364,230,929,554,existing,607.3085507241715,364,242,929,650,existing,895.3396778423828,364,265,929,804,existing,901.0187980030755,364,232,929,691,existing,1779.6697012748557,364,248,929,131,existing,1754.5649218242686,364,244,929,691,existing,1779.6697012748557,364,261,929,804,existing,901.0187980030755,364,249,929,565,existing,1825.4002902068041,364,250,929,691,existing,1779.6697012748557
365,365,225,933,296,existing,442.6818868970744,365,225,933,768,existing,624.969131248531,365,225,933,933,allocated,0.0,365,241,933,486,existing,723.0355240076906,365,236,933,197,existing,780.0188171215195,365,237,933,197,existing,780.0188171215195,365,238,933,197,existing,780.0188171215195,365,250,933,691,existing,1443.2369013903976,365,244,933,691,existing,1443.2369013903976,365,248,933,131,existing,1104.8602504066819,365,249,933,565,existing,1397.5063124584492,365,232,933,691,existing,1443.2369013903976,365,247,933,699,existing,1454.6533292676443
366,366,209,970,958,existing,49.50786636255984,366,209,970,374,existing,661.4467750177404,366,209,970,958,allocated,49.50786636255984,366,238,970,197,existing,72.10780778379137,366,236,970,197,existing,72.10780778379137,366,241,970,486,existing,649.0256068899005,366,237,970,197,existing,72.10780778379137,366,246,970,699,existing,1055.3871238318854,366,248,970,131,existing,1030.8503332888918,366,249,970,565,existing,1323.4963953406589,366,247,970,699,existing,1055.3871238318854,366,232,970,691,existing,1369.2269842726073,366,244,970,691,existing,1369.2269842726073
367,367,209,989,958,existing,314.8720448221919,367,209,989,374,existing,396.0825965581083,367,209,989,198,allocated,50.27926311689032,367,237,989,197,existing,327.26064305639045,367,238,989,197,existing,327.26064305639045,367,236,989,197,existing,327.26064305639045,367,247,989,699,existing,790.0229453722534,367,246,989,699,existing,790.0229453722534,367,241,989,486,existing,914.3897853495325,367,248,989,131,existing,1296.2145117485238,367,249,989,565,existing,1588.860573800291,367,244,989,691,existing,1634.5911627322394,367,250,989,691,existing,1634.5911627322394
368,368,208,1011,197,existing,1095.2534674176736,368,208,1011,374,existing,456.9341966024584,368,208,1011,1014,allocated,527.8203775138768,368,237,1011,197,existing,1095.2534674176736,368,236,1011,197,existing,1095.2534674176736,368,241,1011,486,existing,1439.2766947748228,368,238,1011,197,existing,1095.2534674176736,368,249,1011,565,existing,2113.747483225581,368,248,1011,131,existing,1821.101421173814,368,246,1011,699,existing,1472.150895886735,368,247,1011,699,existing,1472.150895886735,368,232,1011,691,existing,2159.47807215753,368,244,1011,691,existing,2159.47807215753
369,369,208,1012,197,existing,1200.7504801317773,369,208,1012,688,existing,526.2244902560743,369,208,1012,1014,allocated,633.3173902279805,369,238,1012,197,existing,1200.7504801317773,369,236,1012,197,existing,1200.7504801317773,369,241,1012,486,existing,1534.7825262501365,369,237,1012,197,existing,1200.7504801317773,369,246,1012,699,existing,1577.6479086008387,369,249,1012,565,existing,2209.2533147008953,369,248,1012,131,existing,1916.607252649128,369,247,1012,699,existing,1577.6479086008387,369,250,1012,691,existing,2254.9839036328435,369,244,1012,691,existing,2254.9839036328435
370,370,208,1013,197,existing,1145.8525486529493,370,208,1013,374,existing,507.5332778377341,370,208,1013,1014,allocated,578.4194587491525,370,238,1013,197,existing,1145.8525486529493,370,237,1013,197,existing,1145.8525486529493,370,241,1013,486,existing,1489.8757760100984,370,236,1013,197,existing,1145.8525486529493,370,249,1013,565,existing,2164.346564460857,370,246,1013,699,existing,1522.7499771220107,370,248,1013,131,existing,1871.7005024090897,370,247,1013,699,existing,1522.7499771220107,370,232,1013,691,existing,2210.0771533928055,370,244,1013,691,existing,2210.0771533928055
371,371,208,1014,197,existing,567.4330899037969,371,208,1014,374,existing,336.51204567074694,371,208,1014,1014,allocated,0.0,371,237,1014,197,existing,567.4330899037969,371,238,1014,197,existing,567.4330899037969,371,246,1014,699,existing,1030.1953922196599,371,236,1014,197,existing,567.4330899037969,371,249,1014,565,existing,1863.070496663033,371,241,1014,486,existing,1188.5997082122747,371,247,1014,699,existing,1030.1953922196599,371,248,1014,131,existing,1570.424434611266,371,250,1014,691,existing,1908.8010855949815,371,232,1014,691,existing,1908.8010855949815
372,372,208,1015,197,existing,1161.7546456046894,372,208,1015,374,existing,523.4353747894742,372,208,1015,1014,allocated,594.3215557008925,372,237,1015,197,existing,1161.7546456046894,372,238,1015,197,existing,1161.7546456046894,372,247,1015,699,existing,1358.1389820409245,372,236,1015,197,existing,1161.7546456046894,372,241,1015,486,existing,1505.7778729618385,372,249,1015,565,existing,2180.2486614125974,372,246,1015,699,existing,1358.1389820409245,372,248,1015,131,existing,1887.6025993608298,372,250,1015,691,existing,2225.9792503445456,372,232,1015,691,existing,2225.9792503445456
373,373,208,1019,197,existing,1029.2670457036393,373,208,1019,374,existing,339.96128210447625,373,208,1019,551,allocated,477.5948305235489,373,237,1019,197,existing,1029.2670457036393,373,238,1019,197,existing,1029.2670457036393,373,236,1019,197,existing,1029.2670457036393,373,246,1019,699,existing,1093.4979905053585,373,248,1019,131,existing,2032.2583904111084,373,247,1019,699,existing,1093.4979905053585,373,241,1019,486,existing,1650.433664012117,373,231,1019,230,existing,2149.2849516050123,373,249,1019,565,existing,2324.9044524628753,373,232,1019,691,existing,2370.635041394824
374,374,200,1020,743,existing,345.43882663014267,374,200,1020,849,existing,464.3065414618301,374,200,1020,823,allocated,370.03707158093516,374,248,1020,131,existing,715.5313635524653,374,241,1020,486,existing,991.8854497289531,374,249,1020,565,existing,1008.1774256042327,374,250,1020,691,existing,1053.908014536181,374,244,1020,691,existing,1053.908014536181,374,236,1020,197,existing,1375.5571502706134,374,263,1020,151,existing,1311.137533506441,374,232,1020,691,existing,1053.908014536181,374,237,1020,197,existing,1375.5571502706134,374,238,1020,197,existing,1375.5571502706134
375,375,216,1021,808,existing,306.4074381470093,375,216,1021,399,existing,129.08105723270953,375,216,1021,399,allocated,129.08105723270953,375,248,1021,131,existing,340.8601133978548,375,249,1021,565,existing,633.5061754496221,375,232,1021,691,existing,679.2367643815705,375,244,1021,691,existing,679.2367643815705,375,250,1021,691,existing,679.2367643815705,375,241,1021,486,existing,722.6848397968461,375,236,1021,197,existing,1197.3207735518522,375,237,1021,197,existing,1197.3207735518522,375,265,1021,804,existing,1333.1577187598232,375,238,1021,197,existing,1197.3207735518522
376,376,208,1022,197,existing,1230.2500285376718,376,208,1022,374,existing,591.9307577224566,376,208,1022,531,allocated,624.3220578092211,376,238,1022,197,existing,1230.2500285376718,376,236,1022,197,existing,1230.2500285376718,376,237,1022,197,existing,1230.2500285376718,376,246,1022,699,existing,1426.634364973907,376,241,1022,486,existing,1574.273255894821,376,247,1022,699,existing,1426.634364973907,376,248,1022,131,existing,1956.0979822938123,376,249,1022,565,existing,2248.74404434558,376,232,1022,691,existing,2294.474633277528,376,250,1022,691,existing,2294.474633277528
377,377,225,1023,296,existing,323.9546110307989,377,225,1023,768,existing,506.2418553822555,377,225,1023,1023,allocated,0.0,377,241,1023,486,existing,604.3082481414151,377,237,1023,197,existing,661.291541255244,377,236,1023,197,existing,661.291541255244,377,238,1023,197,existing,661.291541255244,377,248,1023,131,existing,986.1329745404064,377,244,1023,691,existing,1324.5096255241222,377,249,1023,565,existing,1278.7790365921737,377,250,1023,691,existing,1324.5096255241222,377,232,1023,691,existing,1324.5096255241222,377,246,1023,699,existing,1451.6107489246174
378,378,200,1028,743,existing,1053.3256674634758,378,200,1028,573,existing,241.4960723492697,378,200,1028,288,allocated,619.5136952567087,378,241,1028,486,existing,1794.9733087333598,378,248,1028,131,existing,1832.3972023361036,378,236,1028,197,existing,1957.6145695218174,378,238,1028,197,existing,1957.6145695218174,378,249,1028,565,existing,2125.043264387871,378,237,1028,197,existing,1957.6145695218174,378,250,1028,691,existing,2170.7738533198194,378,263,1028,151,existing,1969.7836895618318,378,244,1028,691,existing,2170.7738533198194,378,232,1028,691,existing,2170.7738533198194
379,379,200,1031,743,existing,644.7705072822625,379,200,1031,768,existing,349.3984390192472,379,200,1031,768,allocated,349.3984390192472,379,241,1031,486,existing,876.9486837520456,379,248,1031,131,existing,1028.2646780085079,379,238,1031,197,existing,1260.620384293706,379,237,1031,197,existing,1260.620384293706,379,250,1031,691,existing,1366.6413289922236,379,249,1031,565,existing,1320.9107400602752,379,236,1031,197,existing,1260.620384293706,379,232,1031,691,existing,1366.6413289922236,379,244,1031,691,existing,1366.6413289922236,379,263,1031,151,existing,1610.4692141585608
380,380,225,1032,296,existing,804.8998226436704,380,225,1032,374,existing,619.0635178679026,380,225,1032,440,allocated,288.3169568464794,380,237,1032,197,existing,914.8397003303664,380,238,1032,197,existing,914.8397003303664,380,236,1032,197,existing,914.8397003303664,380,241,1032,486,existing,1085.2534597542867,380,249,1032,565,existing,1759.7242482050453,380,247,1032,699,existing,1377.6020026462295,380,248,1032,131,existing,1467.078186153278,380,246,1032,699,existing,1377.6020026462295,380,232,1032,691,existing,1805.4548371369938,380,244,1032,691,existing,1805.4548371369938
381,381,212,1033,956,existing,710.3238851760414,381,212,1033,684,existing,661.8877266486512,381,212,1033,700,allocated,513.9461106161689,381,247,1033,699,existing,852.1636864499037,381,246,1033,699,existing,852.1636864499037,381,236,1033,197,existing,1611.5451378823882,381,238,1033,197,existing,1611.5451378823882,381,231,1033,230,existing,2578.9281535990312,381,248,1033,131,existing,2614.5364825898573,381,241,1033,486,existing,2232.7117561908663,381,237,1033,197,existing,1611.5451378823882,381,249,1033,565,existing,2907.182544641624,381,234,1033,348,existing,2952.6330548452424
382,382,225,1035,296,existing,540.1025355290236,382,225,1035,768,existing,98.41153868493723,382,225,1035,768,allocated,98.41153868493723,382,241,1035,486,existing,493.7677652118083,382,248,1035,131,existing,580.4547003043235,382,238,1035,197,existing,877.4394657534688,382,249,1035,565,existing,873.1007623560909,382,236,1035,197,existing,877.4394657534688,382,237,1035,197,existing,877.4394657534688,382,250,1035,691,existing,918.8313512880393,382,244,1035,691,existing,918.8313512880393,382,261,1035,804,existing,1572.7523056662917,382,232,1035,691,existing,918.8313512880393
383,383,225,1036,296,existing,641.0042011714472,383,225,1036,374,existing,782.9591393401258,383,225,1036,1023,allocated,317.0495901406484,383,238,1036,197,existing,750.9440788581433,383,236,1036,197,existing,750.9440788581433,383,237,1036,197,existing,750.9440788581433,383,241,1036,486,existing,921.3578382820635,383,246,1036,699,existing,1213.7063811740063,383,249,1036,565,existing,1595.8286267328222,383,248,1036,131,existing,1303.1825646810548,383,247,1036,699,existing,1213.7063811740063,383,250,1036,691,existing,1641.5592156647706,383,244,1036,691,existing,1641.5592156647706
384,384,200,1037,743,existing,586.286422652185,384,200,1037,849,existing,437.5708436594187,384,200,1037,768,allocated,445.5805338519914,384,241,1037,486,existing,973.1307785847897,384,248,1037,131,existing,1111.2535004255865,384,238,1037,197,existing,1296.4165165645309,384,237,1037,197,existing,1296.4165165645309,384,236,1037,197,existing,1296.4165165645309,384,232,1037,691,existing,1449.6301514093022,384,249,1037,565,existing,1403.8995624773538,384,250,1037,691,existing,1449.6301514093022,384,263,1037,151,existing,1551.9851295284832,384,244,1037,691,existing,1449.6301514093022
385,385,214,1039,811,existing,340.8084429242466,385,214,1039,472,existing,978.3762910191103,385,214,1039,462,allocated,83.49002149275162,385,263,1039,151,existing,260.3886014753109,385,265,1039,804,existing,1144.5141399172487,385,261,1039,804,existing,1144.5141399172487,385,230,1039,554,existing,1204.339218454617,385,244,1039,691,existing,1681.402804121507,385,242,1039,650,existing,1482.603526313025,385,250,1039,691,existing,1681.402804121507,385,248,1039,131,existing,1656.2980246709199,385,249,1039,565,existing,1727.1333930534556,385,232,1039,691,existing,1681.402804121507
386,386,212,1040,956,existing,1123.5847764969471,386,212,1040,374,existing,759.5099965236841,386,212,1040,531,allocated,515.1379141460087,386,247,1040,699,existing,1265.4245777708095,386,246,1040,699,existing,1265.4245777708095,386,238,1040,197,existing,1397.8292673388994,386,237,1040,197,existing,1397.8292673388994,386,241,1040,486,existing,1741.8524946960486,386,236,1040,197,existing,1397.8292673388994,386,248,1040,131,existing,2123.67722109504,386,249,1040,565,existing,2416.323283146807,386,250,1040,691,existing,2462.0538720787554,386,232,1040,691,existing,2462.0538720787554
387,387,208,1041,197,existing,1641.3043540208928,387,208,1041,688,existing,966.7783641451897,387,208,1041,1014,allocated,1073.871264117096,387,238,1041,197,existing,1641.3043540208928,387,236,1041,197,existing,1641.3043540208928,387,237,1041,197,existing,1641.3043540208928,387,241,1041,486,existing,1975.336400139252,387,248,1041,131,existing,2357.161126538243,387,246,1041,699,existing,2018.2017824899542,387,249,1041,565,existing,2649.8071885900104,387,247,1041,699,existing,2018.2017824899542,387,232,1041,691,existing,2695.537777521959,387,250,1041,691,existing,2695.537777521959
388,388,223,1045,936,existing,240.4928374193271,388,223,1045,314,existing,2717.32246495454,388,223,1045,776,allocated,273.83601028310295,388,231,1045,230,existing,950.62384593525,388,229,1045,582,existing,1059.0113908881633,388,240,1045,145,existing,1165.674874777368,388,234,1045,348,existing,1384.664481992177,388,236,1045,197,existing,2313.2772294761353,388,227,1045,494,existing,2219.1144268206144,388,228,1045,478,existing,2186.760827996977,388,237,1045,197,existing,2313.2772294761353,388,238,1045,197,existing,2313.2772294761353,388,260,1045,946,existing,2543.042862953453
389,389,223,1046,936,existing,373.4392371229924,389,223,1046,314,existing,2850.268864658205,389,223,1046,776,allocated,207.5838224279043,389,229,1046,582,existing,926.064991184498,389,240,1046,145,existing,1032.7284750737026,389,231,1046,230,existing,1083.5702456389151,389,234,1046,348,existing,1517.6108816958422,389,259,1046,946,existing,2410.096463249788,389,228,1046,478,existing,2053.8144282933117,389,227,1046,494,existing,2086.1680271169494,389,260,1046,946,existing,2410.096463249788,389,237,1046,197,existing,2446.2236291798004,389,258,1046,946,existing,2410.096463249788
390,390,208,1048,197,existing,922.868172137282,390,208,1048,374,existing,233.56240853811883,390,208,1048,551,allocated,371.1959569571915,390,237,1048,197,existing,922.868172137282,390,238,1048,197,existing,922.868172137282,390,236,1048,197,existing,922.868172137282,390,247,1048,699,existing,1248.7791078223954,390,241,1048,486,existing,1411.0532845390821,390,249,1048,565,existing,2085.5240729898405,390,246,1048,699,existing,1248.7791078223954,390,248,1048,131,existing,1792.8780109380732,390,232,1048,691,existing,2131.254661921789,390,250,1048,691,existing,2131.254661921789
391,391,208,1049,197,existing,1642.1072312827316,391,208,1049,688,existing,967.5812414070285,391,208,1049,1014,allocated,1074.6741413789348,391,238,1049,197,existing,1642.1072312827316,391,236,1049,197,existing,1642.1072312827316,391,241,1049,486,existing,1976.1392774010908,391,237,1049,197,existing,1642.1072312827316,391,248,1049,131,existing,2357.9640038000816,391,246,1049,699,existing,2019.004659751793,391,247,1049,699,existing,2019.004659751793,391,249,1049,565,existing,2650.610065851849,391,232,1049,691,existing,2696.3406547837976,391,250,1049,691,existing,2696.3406547837976
392,392,200,1050,743,existing,1168.382018471434,392,200,1050,573,existing,241.3095955970932,392,200,1050,288,allocated,734.5700462646671,392,241,1050,486,existing,1794.7868319811832,392,248,1050,131,existing,1947.453553344062,392,238,1050,197,existing,1957.428092769641,392,236,1050,197,existing,1957.428092769641,392,244,1050,691,existing,2285.8302043277777,392,249,1050,565,existing,2240.0996153958295,392,263,1050,151,existing,2084.8400405697903,392,237,1050,197,existing,1957.428092769641,392,250,1050,691,existing,2285.8302043277777,392,232,1050,691,existing,2285.8302043277777
393,393,222,1054,658,existing,659.300870857292,393,222,1054,472,existing,773.3064126937893,393,222,1054,309,allocated,185.5757272235926,393,263,1054,151,existing,603.4971844635019,393,261,1054,804,existing,1487.6227229054398,393,248,1054,131,existing,1534.4657302541,393,265,1054,804,existing,1487.6227229054398,393,244,1054,691,existing,1559.570509704687,393,230,1054,554,existing,1543.1816652961263,393,250,1054,691,existing,1559.570509704687,393,232,1054,691,existing,1559.570509704687,393,249,1054,565,existing,1605.3010986366355,393,242,1054,650,existing,1825.712109301216
394,394,216,1055,808,existing,341.6657019657679,394,216,1055,399,existing,164.3393210514681,394,216,1055,773,allocated,102.15363843428125,394,248,1055,131,existing,376.11837721661334,394,249,1055,565,existing,668.7644392683807,394,250,1055,691,existing,714.4950282003291,394,244,1055,691,existing,714.4950282003291,394,241,1055,486,existing,757.9431036156047,394,237,1055,197,existing,1232.5790373706109,394,232,1055,691,existing,714.4950282003291,394,238,1055,197,existing,1232.5790373706109,394,236,1055,197,existing,1232.5790373706109,394,261,1055,804,existing,1368.4159825785816
395,395,211,1056,699,existing,930.0311309033343,395,211,1056,314,existing,319.48295084310064,395,211,1056,314,allocated,319.48295084310064,395,247,1056,699,existing,930.0311309033343,395,246,1056,699,existing,930.0311309033343,395,237,1056,197,existing,948.603634099364,395,238,1056,197,existing,948.603634099364,395,236,1056,197,existing,948.603634099364,395,231,1056,230,existing,1985.8180920029881,395,248,1056,131,existing,1951.5949788068328,395,241,1056,486,existing,1569.7702524078418,395,249,1056,565,existing,2244.2410408586,395,244,1056,691,existing,2289.9716297905484
396,396,208,1057,197,existing,1085.107041776142,396,208,1057,374,existing,395.801278176979,396,208,1057,551,allocated,533.4348265960517,396,238,1057,197,existing,1085.107041776142,396,236,1057,197,existing,1085.107041776142,396,237,1057,197,existing,1085.107041776142,396,246,1057,699,existing,1149.3379865778613,396,241,1057,486,existing,1706.27366008462,396,231,1057,230,existing,2205.124947677515,396,247,1057,699,existing,1149.3379865778613,396,248,1057,131,existing,2088.098386483611,396,249,1057,565,existing,2380.744448535378,396,250,1057,691,existing,2426.4750374673267
397,397,200,1058,743,existing,1226.2406255739227,397,200,1058,573,existing,361.4096036514205,397,200,1058,440,allocated,890.2415778275752,397,237,1058,197,existing,1464.821936646379,397,238,1058,197,existing,1464.821936646379,397,236,1058,197,existing,1464.821936646379,397,241,1058,486,existing,1644.1147022891953,397,263,1058,151,existing,2151.3613500740853,397,247,1058,699,existing,1841.7193651154403,397,248,1058,131,existing,2005.3121604465507,397,246,1058,699,existing,1841.7193651154403,397,249,1058,565,existing,2297.9582224983183,397,232,1058,691,existing,2343.6888114302665
398,398,212,1059,956,existing,715.0419542375191,398,212,1059,684,existing,622.358495100957,398,212,1059,700,allocated,518.6641796776468,398,247,1059,699,existing,856.8817555113815,398,246,1059,699,existing,856.8817555113815,398,238,1059,197,existing,1451.3583510519745,398,236,1059,197,existing,1451.3583510519745,398,241,1059,486,existing,2072.5249693604524,398,248,1059,131,existing,2454.3496957594434,398,231,1059,230,existing,2488.5728089555987,398,237,1059,197,existing,1451.3583510519745,398,249,1059,565,existing,2746.9957578112108,398,244,1059,691,existing,2792.7263467431594
399,399,212,1060,956,existing,737.1790400060498,399,212,1060,684,existing,644.4955808694878,399,212,1060,700,allocated,540.8012654461775,399,246,1060,699,existing,879.0188412799122,399,247,1060,699,existing,879.0188412799122,399,238,1060,197,existing,1473.4954368205053,399,236,1060,197,existing,1473.4954368205053,399,241,1060,486,existing,2094.662055128983,399,237,1060,197,existing,1473.4954368205053,399,231,1060,230,existing,2510.7098947241293,399,248,1060,131,existing,2476.486781527974,399,244,1060,691,existing,2814.86343251169,399,249,1060,565,existing,2769.1328435797413
400,400,208,1061,197,existing,1389.5541001368997,400,208,1061,688,existing,715.0281102611966,400,208,1061,1014,allocated,822.1210102331029,400,237,1061,197,existing,1389.5541001368997,400,238,1061,197,existing,1389.5541001368997,400,236,1061,197,existing,1389.5541001368997,400,241,1061,486,existing,1723.5861462552589,400,248,1061,131,existing,2105.41087265425,400,246,1061,699,existing,1766.4515286059611,400,249,1061,565,existing,2398.0569347060173,400,247,1061,699,existing,1766.4515286059611,400,232,1061,691,existing,2443.787523637966,400,244,1061,691,existing,2443.787523637966
401,401,212,1062,956,existing,1116.6307094570698,401,212,1062,374,existing,1017.9329834622102,401,212,1062,531,allocated,773.5609010845349,401,246,1062,699,existing,1258.4705107309321,401,247,1062,699,existing,1258.4705107309321,401,237,1062,197,existing,1656.2522542774257,401,238,1062,197,existing,1656.2522542774257,401,236,1062,197,existing,1656.2522542774257,401,248,1062,131,existing,2382.100208033566,401,241,1062,486,existing,2000.2754816345748,401,249,1062,565,existing,2674.7462700853334,401,244,1062,691,existing,2720.4768590172816,401,232,1062,691,existing,2720.4768590172816
402,402,200,1065,743,existing,1097.8864072082288,402,200,1065,573,existing,442.20358071853565,402,200,1065,288,allocated,664.0744350014616,402,248,1065,131,existing,1876.9579420808566,402,241,1065,486,existing,1964.42814477829,402,263,1065,151,existing,2014.3444293065847,402,238,1065,197,existing,2127.0694055667477,402,249,1065,565,existing,2169.604004132624,402,237,1065,197,existing,2127.0694055667477,402,232,1065,691,existing,2215.3345930645723,402,236,1065,197,existing,2127.0694055667477,402,244,1065,691,existing,2215.3345930645723,402,250,1065,691,existing,2215.3345930645723
403,403,212,1075,956,existing,800.0036953303477,403,212,1075,684,existing,266.8687260918965,403,212,1075,304,allocated,239.68822324696276,403,247,1075,699,existing,941.84349660421,403,246,1075,699,existing,941.84349660421,403,236,1075,197,existing,1165.860448587694,403,237,1075,197,existing,1165.860448587694,403,231,1075,230,existing,2203.074906491318,403,248,1075,131,existing,2168.851793295163,403,238,1075,197,existing,1165.860448587694,403,241,1075,486,existing,1787.0270668961716,403,244,1075,691,existing,2507.2284442788787,403,249,1075,565,existing,2461.49785534693
404,404,212,1076,956,existing,827.4116214543017,404,212,1076,684,existing,294.2766522158505,404,212,1076,304,allocated,267.0961493709167,404,247,1076,699,existing,969.251422728164,404,246,1076,699,existing,969.251422728164,404,236,1076,197,existing,1193.268374711648,404,237,1076,197,existing,1193.268374711648,404,238,1076,197,existing,1193.268374711648,404,248,1076,131,existing,2196.259719419117,404,241,1076,486,existing,1814.4349930201256,404,231,1076,230,existing,2230.482832615272,404,244,1076,691,existing,2534.6363704028327,404,249,1076,565,existing,2488.905781470884
405,405,212,1079,956,existing,609.8042486929081,405,212,1079,684,existing,561.368090165518,405,212,1079,700,allocated,413.4264741330357,405,247,1079,699,existing,751.6440499667706,405,246,1079,699,existing,751.6440499667706,405,237,1079,197,existing,1511.025501399255,405,238,1079,197,existing,1511.025501399255,405,231,1079,230,existing,2478.4085171158977,405,236,1079,197,existing,1511.025501399255,405,248,1079,131,existing,2514.016846106724,405,241,1079,486,existing,2132.1921197077327,405,234,1079,348,existing,2852.113418362109,405,249,1079,565,existing,2806.6629081584915
406,406,212,1080,956,existing,813.1636950781142,406,212,1080,684,existing,764.727536550724,406,212,1080,700,allocated,616.7859205182417,406,247,1080,699,existing,955.0034963519765,406,246,1080,699,existing,955.0034963519765,406,236,1080,197,existing,1714.384947784461,406,238,1080,197,existing,1714.384947784461,406,237,1080,197,existing,1714.384947784461,406,248,1080,131,existing,2717.37629249193,406,241,1080,486,existing,2335.551566092939,406,231,1080,230,existing,2681.767963501104,406,249,1080,565,existing,3010.022354543697,406,234,1080,348,existing,3055.4728647473153
