,assign_from_var_id_grocery,assign_to_var_id_grocery,assign_from_node_id_grocery,assign_to_node_id_grocery,assign_type_grocery,dist_grocery,assign_from_var_id_school,assign_to_var_id_school,assign_from_node_id_school,assign_to_node_id_school,assign_type_school,dist_school,assign_from_var_id_healthcare,assign_to_var_id_healthcare,assign_from_node_id_healthcare,assign_to_node_id_healthcare,assign_type_healthcare,dist_healthcare,0_assign_from_var_id_restaurant,0_assign_to_var_id_restaurant,0_assign_from_node_id_restaurant,0_assign_to_node_id_restaurant,0_assign_type_restaurant,0_dist_restaurant,1_assign_from_var_id_restaurant,1_assign_to_var_id_restaurant,1_assign_from_node_id_restaurant,1_assign_to_node_id_restaurant,1_assign_type_restaurant,1_dist_restaurant,2_assign_from_var_id_restaurant,2_assign_to_var_id_restaurant,2_assign_from_node_id_restaurant,2_assign_to_node_id_restaurant,2_assign_type_restaurant,2_dist_restaurant,3_assign_from_var_id_restaurant,3_assign_to_var_id_restaurant,3_assign_from_node_id_restaurant,3_assign_to_node_id_restaurant,3_assign_type_restaurant,3_dist_restaurant,4_assign_from_var_id_restaurant,4_assign_to_var_id_restaurant,4_assign_from_node_id_restaurant,4_assign_to_node_id_restaurant,4_assign_type_restaurant,4_dist_restaurant,5_assign_from_var_id_restaurant,5_assign_to_var_id_restaurant,5_assign_from_node_id_restaurant,5_assign_to_node_id_restaurant,5_assign_type_restaurant,5_dist_restaurant
0,0,67,2,584,existing,554.629878698989,0,67,2,353,existing,668.9798975886247,0,67,2,584,allocated,554.629878698989,0,70,2,101,existing,840.4546881066937,0,72,2,12,existing,1470.3765544512485,0,69,2,331,existing,1494.3653934106064,0,74,2,308,existing,1488.3301537348011,0,73,2,498,existing,2005.3595643331466,0,71,2,164,existing,1551.5087878432382
1,1,55,4,570,existing,493.6301258043151,1,55,4,327,existing,730.6540047685332,1,55,4,443,allocated,376.5460413689646,1,71,4,164,existing,891.9139523877161,1,69,4,331,existing,912.4323791961256,1,74,4,308,existing,988.2112697033399,1,72,4,12,existing,971.5133276671282,1,73,4,498,existing,1505.2406803016852,1,70,4,101,existing,1470.276487132695
2,2,66,5,570,existing,524.5529320935628,2,66,5,327,existing,701.600473692277,2,66,5,443,allocated,407.4688476582123,2,69,5,331,existing,881.5095729068778,2,71,5,164,existing,922.8367586769639,2,74,5,308,existing,1019.1340759925877,2,72,5,12,existing,1002.436133956376,2,73,5,498,existing,1536.163486590933,2,70,5,101,existing,1501.1992934219427
3,3,68,11,642,existing,651.2902200781691,3,68,11,276,existing,548.3089256339244,3,68,11,340,allocated,635.156481548737,3,70,11,101,existing,968.4278483795615,3,69,11,331,existing,1537.4794397757512,3,72,11,12,existing,1587.166043002533,3,74,11,308,existing,1605.1196422860855,3,73,11,498,existing,2122.1490528844306,3,71,11,164,existing,1668.2982763945229
4,4,54,16,419,existing,426.8144316223465,4,54,16,568,existing,793.649314224442,4,54,16,308,allocated,351.7849460662956,4,71,16,164,existing,286.5682940553802,4,74,16,308,existing,351.7849460662956,4,72,16,12,existing,367.70052744737,4,73,16,498,existing,628.2326569992028,4,69,16,331,existing,1596.2115790681955,4,70,16,101,existing,1485.4429557221358
5,5,57,17,498,existing,508.23484586151517,5,57,17,568,existing,673.6515030867544,5,57,17,308,allocated,471.78275720398335,5,71,17,164,existing,406.5661051930679,5,74,17,308,existing,471.78275720398335,5,72,17,12,existing,487.69833858505774,5,73,17,498,existing,508.23484586151517,5,69,17,331,existing,1716.2093902058832,5,70,17,101,existing,1605.4407668598235
6,6,61,18,162,existing,555.0564046138884,6,61,18,568,existing,259.1874363556987,6,61,18,687,allocated,530.690310031273,6,71,18,164,existing,824.6713826298767,6,74,18,308,existing,889.8880346407921,6,73,18,498,existing,1182.4482407472772,6,72,18,12,existing,905.8036160218664,6,70,18,101,existing,1851.8096361725861,6,69,18,331,existing,1428.964689649739
7,7,61,19,162,existing,502.7759038358338,7,61,19,568,existing,206.9069355776441,7,61,19,687,allocated,478.40980925321844,7,71,19,164,existing,772.3908818518221,7,74,19,308,existing,837.6075338627375,7,73,19,498,existing,1130.1677399692226,7,72,19,12,existing,853.5231152438118,7,70,19,101,existing,1799.5291353945317,7,69,19,331,existing,1376.6841888716845
8,8,58,20,306,existing,707.6658373286302,8,58,20,529,existing,628.9463957738208,8,58,20,445,allocated,382.85797685660583,8,73,20,498,existing,1345.2011953986676,8,74,20,308,existing,1862.230605997013,8,71,20,164,existing,1961.3164386725555,8,72,20,12,existing,1880.1842052805657,8,69,20,331,existing,2789.012212168355,8,70,20,101,existing,2997.9266335553316
9,9,58,21,306,existing,826.608438167203,9,58,21,529,existing,747.8889966123936,9,58,21,445,allocated,501.8005776951786,9,73,21,498,existing,1464.1437962372404,9,74,21,308,existing,1981.173206835586,9,71,21,164,existing,2080.2590395111283,9,72,21,12,existing,1999.1268061191386,9,69,21,331,existing,2907.9548130069275,9,70,21,101,existing,3116.869234393904
10,10,63,22,184,existing,596.8933422035045,10,63,22,464,existing,318.33521452473667,10,63,22,464,allocated,318.33521452473667,10,69,22,331,existing,844.2693162634813,10,71,22,164,existing,1586.787359941622,10,72,22,12,existing,1667.9195933336118,10,74,22,308,existing,1683.0846772572459,10,73,22,498,existing,2200.114087855591,10,70,22,101,existing,2293.31004076605
11,11,59,23,314,existing,522.1780360226957,11,59,23,464,existing,520.3404538294992,11,59,23,328,allocated,474.79162821129347,11,69,23,331,existing,650.2481818133306,11,71,23,164,existing,1392.7662254914712,11,74,23,308,existing,1489.063542807095,11,72,23,12,existing,1473.898458883461,11,73,23,498,existing,2006.0929534054403,11,70,23,101,existing,2099.288906315899
12,12,52,24,382,existing,408.5365708892186,12,52,24,276,existing,586.3557069225644,12,52,24,382,allocated,408.5365708892186,12,70,24,101,existing,1525.9864121422183,12,69,24,331,existing,1603.0382291941396,12,74,24,308,existing,1670.678431704474,12,72,24,12,existing,1652.7248324209213,12,73,24,498,existing,2187.7078423028192,12,71,24,164,existing,1733.8570658129113
13,13,52,25,382,existing,280.0722579227483,13,52,25,276,existing,714.8200198890347,13,52,25,382,allocated,280.0722579227483,13,69,25,331,existing,1474.5739162276693,13,72,25,12,existing,1524.260519454451,13,71,25,164,existing,1605.392752846441,13,74,25,308,existing,1542.2141187380037,13,73,25,498,existing,2059.2435293363487,13,70,25,101,existing,1654.4507251086889
14,14,52,26,382,existing,458.80762570562376,14,52,26,276,existing,419.45488682224845,14,52,26,382,allocated,458.80762570562376,14,70,26,101,existing,1359.0855920419026,14,69,26,331,existing,1653.3092840105448,14,72,26,12,existing,1702.9958872373265,14,74,26,308,existing,1720.9494865208792,14,71,26,164,existing,1784.1281206293165,14,73,26,498,existing,2237.9788971192243
15,15,52,27,382,existing,463.68032146852664,15,52,27,276,existing,531.2119563432564,15,52,27,382,allocated,463.68032146852664,15,70,27,101,existing,1470.8426615629105,15,69,27,331,existing,1658.1819797734477,15,74,27,308,existing,1725.822182283782,15,72,27,12,existing,1707.8685830002294,15,71,27,164,existing,1789.0008163922193,15,73,27,498,existing,2242.851592882127
16,16,52,28,382,existing,620.5976191818534,16,52,28,276,existing,454.9562462039245,16,52,28,707,allocated,448.44692204609726,16,69,28,331,existing,1815.0992774867743,16,72,28,12,existing,1864.785880713556,16,74,28,308,existing,1882.7394799971087,16,70,28,101,existing,1870.4807163098806,16,71,28,164,existing,1945.918114105546,16,73,28,498,existing,2399.7688905954537
17,17,52,29,382,existing,494.8268112859156,17,52,29,276,existing,580.7270540998622,17,52,29,707,allocated,322.6761141501596,17,69,29,331,existing,1689.3284695908364,17,72,29,12,existing,1739.0150728176181,17,71,29,164,existing,1820.1473062096084,17,74,29,308,existing,1756.9686721011708,17,73,29,498,existing,2273.998082699516,17,70,29,101,existing,1882.131540692415
18,18,57,30,498,existing,339.2958129630879,18,57,30,529,existing,524.326663935743,18,57,30,544,allocated,227.18852772733806,18,73,30,498,existing,339.2958129630879,18,74,30,308,existing,856.3252235614332,18,72,30,12,existing,874.2788228449858,18,71,30,164,existing,955.4110562369756,18,69,30,331,existing,2236.978969360457,18,70,30,101,existing,1992.0212511197515
19,19,57,31,498,existing,255.78494942622223,19,57,31,529,existing,607.8375274726086,19,57,31,544,allocated,143.6776641904724,19,73,31,498,existing,255.78494942622223,19,74,31,308,existing,772.8143600245676,19,71,31,164,existing,871.90019270011,19,72,31,12,existing,790.7679593081202,19,69,31,331,existing,2153.4681058235915,19,70,31,101,existing,1908.5103875828859
20,20,60,32,365,existing,544.20308269933,20,60,32,327,existing,517.1997883842257,20,60,32,435,allocated,401.7264219792257,20,69,32,331,existing,854.0475411169275,20,71,32,164,existing,934.1126734478938,20,72,32,12,existing,1015.2449068398836,20,74,32,308,existing,1030.4099907635177,20,73,32,498,existing,1547.439401361863,20,70,32,101,existing,1561.123076203769
21,21,60,33,365,existing,622.6724094583806,21,60,33,327,existing,595.6691151432761,21,60,33,435,allocated,480.1957487382761,21,69,33,331,existing,775.5782143578772,21,71,33,164,existing,1012.5820002069443,21,72,33,12,existing,1093.714233598934,21,74,33,308,existing,1108.8793175225683,21,73,33,498,existing,1625.9087281209136,21,70,33,101,existing,1607.1306519709433
22,22,57,34,498,existing,179.24639126041194,22,57,34,568,existing,919.1337057368982,22,57,34,498,allocated,179.24639126041194,22,73,34,498,existing,179.24639126041194,22,74,34,308,existing,337.7830193379334,22,71,34,164,existing,436.8688520134759,22,72,34,12,existing,355.73661862148606,22,70,34,101,existing,1473.479046896252,22,69,34,331,existing,1718.4367651369575
23,23,57,35,498,existing,329.4556982395163,23,57,35,568,existing,768.9243987577938,23,57,35,498,allocated,329.4556982395163,23,73,35,498,existing,329.4556982395163,23,74,35,308,existing,487.99232631703774,23,72,35,12,existing,505.9459256005904,23,71,35,164,existing,585.3452528150667,23,69,35,331,existing,1860.3392060503272,23,70,35,101,existing,1623.6883538753564
24,24,59,36,314,existing,757.1651727230922,24,59,36,327,existing,774.4827383170386,24,59,36,328,allocated,540.528741537872,24,69,36,331,existing,689.6611098034107,24,71,36,164,existing,1293.3040035918646,24,72,36,12,existing,1374.4362369838543,24,74,36,308,existing,1389.6013209074883,24,70,36,101,existing,1887.8526553558636,24,73,36,498,existing,1906.6307315058336
25,25,59,37,314,existing,666.3598841037251,25,59,37,327,existing,683.6774496976717,25,59,37,328,allocated,449.72345291850496,25,69,37,331,existing,598.8558211840437,25,71,37,164,existing,1367.6980501986827,25,72,37,12,existing,1448.8302835906725,25,74,37,308,existing,1463.9953675143065,25,73,37,498,existing,1981.0247781126518,25,70,37,101,existing,1978.6579439752306
26,26,65,38,306,existing,511.8071268951591,26,65,38,529,existing,813.3780447753065,26,65,38,445,allocated,275.2641782418628,26,73,38,498,existing,996.35295009839,26,74,38,308,existing,1513.3823606967353,26,71,38,164,existing,1612.4681933722777,26,72,38,12,existing,1531.335959980288,26,70,38,101,existing,2649.078388255054,26,69,38,331,existing,2894.0361064957597
27,27,65,39,306,existing,441.825857028467,27,65,39,529,existing,743.3967749086144,27,65,39,445,allocated,205.28290837517068,27,73,39,498,existing,926.3716802316978,27,74,39,308,existing,1443.4010908300434,27,71,39,164,existing,1542.4869235055858,27,72,39,12,existing,1461.354690113596,27,69,39,331,existing,2824.0548366290673,27,70,39,101,existing,2579.0971183883617
28,28,62,40,184,existing,648.9036058864691,28,62,40,138,existing,818.2263272975484,28,62,40,495,allocated,482.51289251093596,28,73,40,498,existing,1583.3078236454853,28,69,40,331,existing,1649.4339396586408,28,74,40,308,existing,1745.535446062408,28,71,40,164,existing,1680.3187940514927,28,70,40,101,existing,2488.347416192591,28,72,40,12,existing,1761.4510274434824
29,29,62,41,184,existing,585.8056640392385,29,62,41,464,existing,864.3637917180064,29,62,41,495,allocated,419.41495066370544,29,69,41,331,existing,1586.3359978114104,29,73,41,498,existing,1646.405765492716,29,71,41,164,existing,1662.8638510476906,29,72,41,12,existing,1743.9960844396803,29,74,41,308,existing,1752.0433440303075,29,70,41,101,existing,2425.2494743453603
30,30,67,42,584,existing,76.74638736764547,30,67,42,353,existing,191.0964062572811,30,67,42,584,allocated,76.74638736764547,30,70,42,101,existing,667.2268770125193,30,72,42,12,existing,992.493063119905,30,74,42,308,existing,1010.4466624034576,30,71,42,164,existing,1073.6252965118947,30,69,42,331,existing,1147.8918121078607,30,73,42,498,existing,1527.476073001803
31,31,55,44,570,existing,468.9053531150141,31,55,44,327,existing,571.6725826940092,31,55,44,443,allocated,351.8212686796636,31,71,44,164,existing,867.1891796984152,31,72,44,12,existing,946.7885549778273,31,74,44,308,existing,963.486497014039,31,69,44,331,existing,969.6189028773026,31,70,44,101,existing,1445.5517144433938,31,73,44,498,existing,1480.5159076123841
32,32,66,45,570,existing,520.3240742076968,32,66,45,327,existing,581.3524290519181,32,66,45,443,allocated,403.23998977234623,32,69,45,331,existing,918.2001817846199,32,71,45,164,existing,918.6079007910978,32,72,45,12,existing,998.20727607051,32,74,45,308,existing,1014.9052181067216,32,70,45,101,existing,1496.9704355360766,32,73,45,498,existing,1531.9346287050669
33,33,61,46,162,existing,805.6727968987329,33,61,46,138,existing,615.5739269839814,33,61,46,611,allocated,722.338922472371,33,73,46,498,existing,867.5678853313447,33,71,46,164,existing,1179.349660100985,33,74,46,308,existing,1244.5663121119003,33,72,46,12,existing,1260.4818934929747,33,69,46,331,existing,1679.5810819345836,33,70,46,101,existing,2292.8955608299207
34,34,61,47,162,existing,739.003520613337,34,61,47,138,existing,548.9046506985854,34,61,47,687,allocated,714.6374260307216,34,73,47,498,existing,934.2371616167408,34,71,47,164,existing,1112.6803838155888,34,74,47,308,existing,1177.8970358265042,34,72,47,12,existing,1193.8126172075786,34,69,47,331,existing,1612.9118056491875,34,70,47,101,existing,2226.226284544525
35,35,62,48,184,existing,920.3616849368613,35,62,48,464,existing,1198.919812615629,35,62,48,495,allocated,753.970971561328,35,73,48,498,existing,1644.6254783159782,35,69,48,331,existing,1920.892018709033,35,72,48,12,existing,2078.552105337303,35,71,48,164,existing,1997.4198719453132,35,70,48,101,existing,2759.805495242983,35,74,48,308,existing,2086.59936492793
36,36,62,49,184,existing,826.6839579320241,36,62,49,464,existing,1105.242085610792,36,62,49,495,allocated,660.2932445564909,36,73,49,498,existing,1719.0520880971399,36,69,49,331,existing,1827.2142917041958,36,72,49,12,existing,1984.8743783324658,36,71,49,164,existing,1903.742144940476,36,74,49,308,existing,1992.921637923093,36,70,49,101,existing,2666.127768238146
37,37,63,50,184,existing,140.83983351747494,37,63,50,464,existing,137.71829416129285,37,63,50,50,allocated,0.0,37,69,50,331,existing,1249.5951640565495,37,71,50,164,existing,1636.3239684553068,37,72,50,12,existing,1717.4562018472966,37,74,50,308,existing,1725.5034614379238,37,73,50,498,existing,2184.788029033288,37,70,50,101,existing,2346.999949450754
38,38,62,51,184,existing,315.6017973269984,38,62,51,464,existing,312.4802579708163,38,62,51,50,allocated,174.76196380952345,38,69,51,331,existing,1074.833200247026,38,71,51,164,existing,1811.0859322648305,38,74,51,308,existing,1900.2654252474472,38,72,51,12,existing,1892.2181656568202,38,70,51,101,existing,2521.761913260277,38,73,51,498,existing,2359.549992842811
39,39,60,52,365,existing,802.9590825231871,39,60,52,327,existing,775.9557882080828,39,60,52,328,allocated,634.6467076789233,39,69,52,331,existing,595.2915412930705,39,71,52,164,existing,1192.868673271751,39,72,52,12,existing,1274.0009066637408,39,74,52,308,existing,1289.1659905873748,39,70,52,101,existing,1787.4173250357499,39,73,52,498,existing,1806.1954011857201
40,40,58,53,306,existing,665.7475612458085,40,58,53,529,existing,450.7932983785919,40,58,53,611,allocated,315.01618153291327,40,73,53,498,existing,1167.0480980034388,40,74,53,308,existing,1684.0775086017843,40,71,53,164,existing,1783.1633412773267,40,72,53,12,existing,1702.031107885337,40,70,53,101,existing,2819.7735361601026,40,69,53,331,existing,2610.859114773126
41,41,65,54,306,existing,598.7285888358803,41,65,54,529,existing,520.0091472810709,41,65,54,445,allocated,273.9207283638559,41,73,54,498,existing,1236.2639469059177,41,74,54,308,existing,1753.2933575042632,41,71,54,164,existing,1852.3791901798056,41,72,54,12,existing,1771.2469567878159,41,70,54,101,existing,2888.9893850625817,41,69,54,331,existing,2680.0749636756045
42,42,58,55,306,existing,648.5373823087704,42,58,55,529,existing,468.00347731563,42,58,55,445,allocated,301.44600046997175,42,73,55,498,existing,1184.258276940477,42,74,55,308,existing,1701.2876875388224,42,71,55,164,existing,1800.3735202143648,42,72,55,12,existing,1719.241286822375,42,70,55,101,existing,2836.9837150971407,42,69,55,331,existing,2628.069293710164
43,43,65,56,306,existing,589.3473046676236,43,65,56,529,existing,527.1935549567768,43,65,56,445,allocated,246.48165036621486,43,73,56,498,existing,1243.4483545816238,43,74,56,308,existing,1760.477765179969,43,71,56,164,existing,1859.5635978555115,43,72,56,12,existing,1778.4313644635217,43,69,56,331,existing,2687.2593713513106,43,70,56,101,existing,2896.1737927382874
44,44,67,57,584,existing,590.8173918554647,44,67,57,276,existing,660.4729995833459,44,67,57,584,allocated,590.8173918554647,44,70,57,101,existing,876.6422012631693,44,72,57,12,existing,1506.5640676077242,44,69,57,331,existing,1525.8521294549712,44,74,57,308,existing,1524.5176668912768,44,71,57,164,existing,1587.696300999714,44,73,57,498,existing,2041.5470774896223
45,45,67,58,584,existing,621.3355358802978,45,67,58,276,existing,629.9548555585127,45,67,58,340,allocated,593.0110272031237,45,70,58,101,existing,907.1603452880025,45,69,58,331,existing,1495.333985430138,45,72,58,12,existing,1537.0822116325571,45,74,58,308,existing,1555.0358109161098,45,71,58,164,existing,1618.2144450245469,45,73,58,498,existing,2072.0652215144555
46,46,57,61,498,existing,134.82685685094128,46,57,61,529,existing,841.2575815984063,46,57,61,498,allocated,134.82685685094128,46,73,61,498,existing,134.82685685094128,46,74,61,308,existing,594.0747040975408,46,71,61,164,existing,693.1605367730833,46,72,61,12,existing,612.0283033810935,46,70,61,101,existing,1729.7707316558594,46,69,61,331,existing,1974.728449896565
47,47,57,62,498,existing,114.09505266756501,47,57,62,529,existing,861.9893857817826,47,57,62,498,allocated,114.09505266756501,47,73,62,498,existing,114.09505266756501,47,74,62,308,existing,573.3428999141646,47,71,62,164,existing,672.4287325897071,47,72,62,12,existing,591.2964991977173,47,70,62,101,existing,1709.038927472483,47,69,62,331,existing,1953.9966457131889
48,48,59,63,314,existing,991.439511160815,48,59,63,687,existing,1125.1982291089632,48,59,63,114,allocated,546.700925175329,48,69,63,331,existing,1119.5096569514499,48,71,63,164,existing,1862.0277006295905,48,74,63,308,existing,1958.3250179452143,48,72,63,12,existing,1943.1599340215803,48,73,63,498,existing,2475.3544285435596,48,70,63,101,existing,2568.5503814540184
49,49,59,64,314,existing,921.7246050954056,49,59,64,687,existing,1055.4833230435538,49,59,64,114,allocated,476.98601910991965,49,69,64,331,existing,1049.7947508860404,49,71,64,164,existing,1792.3127945641813,49,74,64,308,existing,1888.610111879805,49,72,64,12,existing,1873.4450279561709,49,73,64,498,existing,2405.63952247815,49,70,64,101,existing,2498.8354753886088
50,50,59,65,314,existing,865.9393517890733,50,59,65,687,existing,999.6980697372215,50,59,65,114,allocated,421.20076580358733,50,69,65,331,existing,994.0094975797081,50,71,65,164,existing,1736.527541257849,50,74,65,308,existing,1832.8248585734725,50,72,65,12,existing,1817.6597746498385,50,73,65,498,existing,2349.8542691718176,50,70,65,101,existing,2443.0502220822764
51,51,67,66,584,existing,771.59487178677,51,67,66,276,existing,824.421046192764,51,67,66,584,allocated,771.59487178677,51,70,66,101,existing,857.8385012170718,51,72,66,12,existing,1687.3415475390293,51,74,66,308,existing,1705.295146822582,51,69,66,331,existing,1706.6296093862766,51,73,66,498,existing,2222.3245574209277,51,71,66,164,existing,1768.473780931019
52,52,67,67,584,existing,702.9925348487935,52,67,67,276,existing,755.8187092547876,52,67,67,584,allocated,702.9925348487935,52,70,67,101,existing,789.2361642790953,52,72,67,12,existing,1618.739210601053,52,74,67,308,existing,1636.6928098846056,52,69,67,331,existing,1638.0272724483,52,73,67,498,existing,2153.7222204829513,52,71,67,164,existing,1699.8714439930427
53,53,67,68,584,existing,566.1997380762325,53,67,68,353,existing,298.356944451306,53,67,68,340,allocated,216.02142346960034,53,70,68,101,existing,1094.5508783783707,53,69,68,331,existing,1118.3443816966146,53,74,68,308,existing,1185.984584206949,53,72,68,12,existing,1168.0309849233963,53,73,68,498,existing,1703.0139948052943,53,71,68,164,existing,1249.163218315386
54,54,68,70,642,existing,718.4738428634254,54,68,70,276,existing,526.7873761079518,54,68,70,707,allocated,641.6151941120203,54,70,70,101,existing,1942.311846213908,54,69,70,331,existing,2008.2675495526973,54,74,70,308,existing,2075.9077520630317,54,72,70,12,existing,2057.954152779479,54,73,70,498,existing,2592.937162661377,54,71,70,164,existing,2139.086386171469
55,55,68,71,642,existing,681.9132946741307,55,68,71,276,existing,490.2268279186572,55,68,71,707,allocated,600.0436392767972,55,70,71,101,existing,1905.7512980246133,55,69,71,331,existing,1966.6959947174742,55,74,71,308,existing,2034.3361972278085,55,72,71,12,existing,2016.3825979442558,55,73,71,498,existing,2551.365607826154,55,71,71,164,existing,2097.514831336246
56,56,67,72,584,existing,769.7972942766075,56,67,72,353,existing,501.954500651681,56,67,72,340,allocated,419.6189796699753,56,70,72,101,existing,1233.040478064252,56,69,72,331,existing,1321.9419378969897,56,74,72,308,existing,1389.5821404073238,56,72,72,12,existing,1371.6285411237711,56,71,72,164,existing,1452.760774515761,56,73,72,498,existing,1906.611551005669
57,57,67,73,584,existing,687.6211591117715,57,67,73,353,existing,419.77836548684485,57,67,73,340,allocated,337.4428445051392,57,70,73,101,existing,1215.9722994139097,57,69,73,331,existing,1239.7658027321534,57,74,73,308,existing,1307.4060052424877,57,72,73,12,existing,1289.452405958935,57,73,73,498,existing,1824.435415840833,57,71,73,164,existing,1370.584639350925
58,58,67,74,584,existing,613.1938496863866,58,67,74,353,existing,345.35105606146,58,67,74,340,allocated,263.01553507975433,58,70,74,101,existing,1141.5449899885248,58,69,74,331,existing,1165.3384933067687,58,72,74,12,existing,1215.0250965335501,58,74,74,308,existing,1232.9786958171028,58,73,74,498,existing,1750.008106415448,58,71,74,164,existing,1296.1573299255401
59,59,68,77,642,existing,462.57538874656143,59,68,77,276,existing,617.3226496956569,59,68,77,707,allocated,1168.3870592556761,59,70,77,101,existing,1748.297045792443,59,69,77,331,existing,2535.039414696353,59,72,77,12,existing,2584.726017923135,59,74,77,308,existing,2602.6796172066875,59,71,77,164,existing,2665.858251315125,59,73,77,498,existing,3119.7090278050327
60,60,58,78,306,existing,623.8903367000696,60,58,78,529,existing,561.3322952370119,60,58,78,445,allocated,208.1171825485899,60,73,78,498,existing,1108.4361599033004,60,74,78,308,existing,1625.4655705016457,60,71,78,164,existing,1724.5514031771881,60,72,78,12,existing,1643.4191697851984,60,70,78,101,existing,2761.1615980599645,60,69,78,331,existing,2721.398111631546
61,61,60,80,365,existing,35.26430728740536,61,60,80,327,existing,263.9139504167862,61,60,80,80,allocated,0.0,61,71,80,164,existing,425.1738980359691,61,72,80,12,existing,506.30613142795886,61,69,80,331,existing,890.841911803544,61,74,80,308,existing,521.471215351593,61,70,80,101,existing,1131.6965788603966,61,73,80,498,existing,1038.5006259499382
62,62,65,81,306,existing,429.64382508864605,62,65,81,529,existing,697.287466809147,62,65,81,306,allocated,429.64382508864605,62,73,81,498,existing,1413.542266433994,62,74,81,308,existing,1930.5716770323393,62,71,81,164,existing,2029.6575097078817,62,72,81,12,existing,1948.525276315892,62,69,81,331,existing,2857.353283203681,62,70,81,101,existing,3066.2677045906576
63,63,61,82,162,existing,776.9420432655156,63,61,82,138,existing,634.5763471272569,63,61,82,495,allocated,666.1628726812274,63,73,82,498,existing,1399.6578434751939,63,71,82,164,existing,1496.6688138812012,63,72,82,12,existing,1577.801047273191,63,74,82,308,existing,1561.8854658921166,63,69,82,331,existing,1697.196315070888,63,70,82,101,existing,2523.8070674239107
64,64,62,83,184,existing,723.0397002677678,64,62,83,138,existing,744.0902329162498,64,62,83,495,allocated,556.6489868922346,64,73,83,498,existing,1509.1717292641865,64,71,83,164,existing,1606.182699670194,64,72,83,12,existing,1687.3149330621839,64,74,83,308,existing,1671.3993516811095,64,69,83,331,existing,1723.5700340399394,64,70,83,101,existing,2562.48351057389
65,65,52,84,382,existing,367.0210938353613,65,52,84,353,existing,709.8935341417576,65,52,84,382,allocated,367.0210938353613,65,69,84,331,existing,1255.501955446459,65,72,84,12,existing,1305.1885586732408,65,71,84,164,existing,1386.3207920652308,65,74,84,308,existing,1323.1421579567934,65,73,84,498,existing,1840.1715685551387,65,70,84,101,existing,1392.2277845953352
66,66,52,85,382,existing,277.0969100243967,66,52,85,353,existing,689.3316267029678,66,52,85,382,allocated,277.0969100243967,66,69,85,331,existing,1160.6387628533193,66,72,85,12,existing,1210.325366080101,66,74,85,308,existing,1228.2789653636537,66,71,85,164,existing,1291.4575994720908,66,73,85,498,existing,1745.308375961999,66,70,85,101,existing,1487.0909771884749
67,67,55,86,570,existing,281.66438870954914,67,55,86,327,existing,384.4316182885442,67,55,86,443,allocated,164.58030427419868,67,71,86,164,existing,679.9482152929502,67,72,86,12,existing,759.5475905723624,67,74,86,308,existing,776.2455326085741,67,69,86,331,existing,873.9730853694663,67,73,86,498,existing,1293.2749432069195,67,70,86,101,existing,1258.310750037929
68,68,60,87,365,existing,320.40118105894607,68,60,87,327,existing,293.3978867438417,68,60,87,435,allocated,177.92452033884166,68,71,87,164,existing,710.3107718075098,68,72,87,12,existing,791.4430051994996,68,69,87,331,existing,965.0068169141688,68,74,87,308,existing,806.6080891231336,68,73,87,498,existing,1323.637499721479,68,70,87,101,existing,1349.3444815826315
69,69,52,88,382,existing,719.7627457188062,69,52,88,353,existing,564.0069921732198,69,52,88,340,allocated,481.6714711915141,69,70,88,101,existing,1170.9879865427133,69,69,88,331,existing,1383.9944294185284,69,74,88,308,existing,1451.6346319288627,69,72,88,12,existing,1433.68103264531,69,71,88,164,existing,1514.8132660372999,69,73,88,498,existing,1968.664042527208
70,70,52,89,382,existing,654.0118188033947,70,52,89,276,existing,581.6921793762633,70,52,89,340,allocated,547.4223981069256,70,70,89,101,existing,1105.2370596273017,70,69,89,331,existing,1449.7453563339398,70,74,89,308,existing,1517.385558844274,70,72,89,12,existing,1499.4319595607215,70,73,89,498,existing,2034.4149694426194,70,71,89,164,existing,1580.5641929527114
71,71,64,90,542,existing,119.60634697219163,71,64,90,353,existing,1394.6605902293757,71,64,90,90,allocated,0.0,71,70,90,101,existing,536.3373069595751,71,72,90,12,existing,1654.079735234341,71,74,90,308,existing,1672.0333345178935,71,71,90,164,existing,1735.2119686263306,71,73,90,498,existing,2189.062745116239,71,69,90,331,existing,2351.455996079955
72,72,57,92,498,existing,850.960206176602,72,57,92,529,existing,525.6195965738389,72,57,92,611,allocated,389.84247972816024,72,73,92,498,existing,850.960206176602,72,74,92,308,existing,1367.9896167749475,72,71,92,164,existing,1467.07544945049,72,72,92,12,existing,1385.9432160585002,72,69,92,331,existing,2706.060099811683,72,70,92,101,existing,2503.685644333266
73,73,58,93,306,existing,887.8722317523443,73,58,93,529,existing,431.6563752535378,73,58,93,611,allocated,295.8792584078592,73,73,93,498,existing,944.9234274969031,73,74,93,308,existing,1461.9528380952484,73,71,93,164,existing,1561.0386707707908,73,72,93,12,existing,1479.906437378801,73,70,93,101,existing,2597.648865653567,73,69,93,331,existing,2612.0968784913816
74,74,63,95,184,existing,1177.119739810259,74,63,95,464,existing,1173.998200454077,74,63,95,114,allocated,420.92944448191747,74,69,95,331,existing,1582.2228762031416,74,71,95,164,existing,2324.7409198812825,74,74,95,308,existing,2421.0382371969063,74,72,95,12,existing,2405.873153273272,74,70,95,101,existing,3031.26360070571,74,73,95,498,existing,2938.067647795251
75,75,68,98,642,existing,573.9110221007556,75,68,98,276,existing,470.929727656511,75,68,98,340,allocated,712.5356795261505,75,70,98,101,existing,1045.807046356975,75,69,98,331,existing,1614.8586377531647,75,72,98,12,existing,1664.5452409799464,75,74,98,308,existing,1682.498840263499,75,73,98,498,existing,2199.5282508618443,75,71,98,164,existing,1745.6774743719361
76,76,64,101,542,existing,416.7309599873835,76,64,101,353,existing,858.3232832698004,76,64,101,101,allocated,0.0,76,70,101,101,existing,0.0,76,72,101,12,existing,1117.7424282747659,76,71,101,164,existing,1198.8746616667556,76,74,101,308,existing,1135.6960275583185,76,69,101,331,existing,1815.1186891203802,76,73,101,498,existing,1652.7254381566638
77,77,67,102,584,existing,497.23015340857063,77,67,102,353,existing,736.036442600232,77,67,102,526,allocated,118.61534001426067,77,70,102,101,existing,138.72337384164288,77,72,102,12,existing,1256.4658021164087,77,71,102,164,existing,1337.5980355083984,77,74,102,308,existing,1274.4194013999613,77,73,102,498,existing,1791.4488119983066,77,69,102,331,existing,1692.8318484508118
78,78,62,103,184,existing,335.7209670242636,78,62,103,464,existing,614.2790947030313,78,62,103,600,allocated,246.9118406644285,78,69,103,331,existing,1691.6433233969292,78,71,103,164,existing,1768.1711766332096,78,74,103,308,existing,1857.3506696158263,78,72,103,12,existing,1849.3034100251994,78,70,103,101,existing,2530.5567999308796,78,73,103,498,existing,2247.8508215993343
79,79,62,104,184,existing,292.94278661771676,79,62,104,464,existing,571.5009142964846,79,62,104,600,allocated,204.1336602578817,79,69,104,331,existing,1648.8651429903825,79,71,104,164,existing,1725.3929962266627,79,72,104,12,existing,1806.5252296186525,79,74,104,308,existing,1814.5724892092796,79,73,104,498,existing,2273.8570568046434,79,70,104,101,existing,2487.7786195243325
80,80,57,105,498,existing,398.7403438371779,80,57,105,529,existing,483.38675063535334,80,57,105,544,allocated,286.63305860142805,80,73,105,498,existing,398.7403438371779,80,74,105,308,existing,915.7697544355232,80,72,105,12,existing,933.7233537190758,80,71,105,164,existing,1014.8555871110656,80,70,105,101,existing,2051.4657819938416,80,69,105,331,existing,2295.964415720931
81,81,57,106,498,existing,365.041530192631,81,57,106,568,existing,733.3385668046791,81,57,106,498,allocated,365.041530192631,81,73,106,498,existing,365.041530192631,81,74,106,308,existing,523.5781582701525,81,71,106,164,existing,549.7594208619521,81,72,106,12,existing,541.5317575537051,81,70,106,101,existing,1659.274185828471,81,69,106,331,existing,1824.7533740972124
82,82,57,107,498,existing,384.2219324834684,82,57,107,568,existing,724.023326142703,82,57,107,498,allocated,384.2219324834684,82,73,107,498,existing,384.2219324834684,82,74,107,308,existing,542.7585605609898,82,71,107,164,existing,566.8937962699716,82,72,107,12,existing,560.7121598445425,82,70,107,101,existing,1678.4545881193085,82,69,107,331,existing,1837.8473510034003
83,83,54,110,419,existing,228.9386771204122,83,54,110,568,existing,476.7914067207322,83,54,110,308,allocated,153.90919156436127,83,71,110,164,existing,88.6925395534459,83,74,110,308,existing,153.90919156436127,83,72,110,12,existing,169.8247729454357,83,73,110,498,existing,670.9386021627066,83,70,110,101,existing,1282.6531834534492,83,69,110,331,existing,1258.4039355907755
84,84,60,111,365,existing,295.0174352608981,84,60,111,568,existing,405.6192170847563,84,60,111,318,existing,151.57010714554642,84,71,111,164,existing,159.86472918942172,84,74,111,308,existing,225.08138120033712,84,73,111,498,existing,742.1107917986824,84,72,111,12,existing,240.99696258141154,84,69,111,331,existing,1187.2317459547996,84,70,111,101,existing,1211.4809938174735
85,85,60,112,365,existing,160.55715203377582,85,60,112,327,existing,133.55385771867148,85,60,112,435,allocated,18.08049131367143,85,71,112,164,existing,550.4667427823396,85,72,112,12,existing,631.5989761743293,85,74,112,308,existing,646.7640600979635,85,69,112,331,existing,1021.2020045016586,85,70,112,101,existing,1256.989423606767,85,73,112,498,existing,1163.7934706963088
86,86,60,113,365,existing,207.41738600209797,86,60,113,327,existing,86.69362375034936,86,60,113,435,allocated,64.94072528199356,86,71,113,164,existing,597.3269767506617,86,72,113,12,existing,678.4592101426515,86,69,113,331,existing,1033.3717640298678,86,74,113,308,existing,693.6242940662855,86,70,113,101,existing,1303.8496575750894,86,73,113,498,existing,1210.6537046646308
87,87,57,116,498,existing,662.889426627418,87,57,116,529,existing,200.7330502714128,87,57,116,611,allocated,336.5101671170914,87,73,116,498,existing,662.889426627418,87,74,116,308,existing,1179.9188372257634,87,71,116,164,existing,1279.0046699013058,87,72,116,12,existing,1197.872436509316,87,69,116,331,existing,2167.306416952718,87,70,116,101,existing,2315.614864784082
88,88,57,117,498,existing,890.3814436582654,88,57,117,529,existing,251.75802018651402,88,57,117,611,allocated,115.98090334083543,88,73,117,498,existing,890.3814436582654,88,74,117,308,existing,1407.4108542566107,88,71,117,164,existing,1506.4966869321531,88,72,117,12,existing,1425.3644535401634,88,69,117,331,existing,2321.2119435103696,88,70,117,101,existing,2543.1068818149292
89,89,51,118,570,existing,492.6345575706366,89,51,118,353,existing,564.6130187685578,89,51,118,586,allocated,247.641300023089,89,69,118,331,existing,392.18238708202176,89,71,118,164,existing,923.8334227574912,89,72,118,12,existing,970.5177594334498,89,74,118,308,existing,988.4713587170024,89,73,118,498,existing,1505.5007693153477,89,70,118,101,existing,1422.9363020383582
90,90,51,119,570,existing,565.060927271213,90,51,119,353,existing,637.0393884691342,90,51,119,330,allocated,224.07886360928327,90,69,119,331,existing,319.75601738144536,90,71,119,164,existing,996.2597924580676,90,72,119,12,existing,1042.9441291340263,90,74,119,308,existing,1060.897728417579,90,73,119,498,existing,1577.9271390159242,90,70,119,101,existing,1495.3626717389348
91,91,57,120,498,existing,683.2585211648344,91,57,120,529,existing,278.58218822787546,91,57,120,611,allocated,414.3593050735541,91,73,120,498,existing,683.2585211648344,91,74,120,308,existing,1200.2879317631796,91,71,120,164,existing,1299.373764438722,91,72,120,12,existing,1218.2415310467322,91,69,120,331,existing,2514.5701210172383,91,70,120,101,existing,2335.9839593214983
92,92,57,121,498,existing,738.3271417889889,92,57,121,529,existing,223.51356760372093,92,57,121,611,allocated,359.2906844493995,92,73,121,498,existing,738.3271417889889,92,74,121,308,existing,1255.3565523873342,92,71,121,164,existing,1354.4423850628766,92,72,121,12,existing,1273.3101516708869,92,69,121,331,existing,2459.501500393084,92,70,121,101,existing,2391.0525799456527
93,93,57,122,498,existing,710.5900889433847,93,57,122,529,existing,164.08355777467276,93,57,122,611,allocated,299.86067462035135,93,73,122,498,existing,710.5900889433847,93,74,122,308,existing,1227.61949954173,93,71,122,164,existing,1326.7053322172724,93,72,122,12,existing,1245.5730988252826,93,70,122,101,existing,2363.3155271000483,93,69,122,331,existing,2400.0714905640357
94,94,65,123,306,existing,412.1583377535318,94,65,123,529,existing,704.3825218708687,94,65,123,306,allocated,412.1583377535318,94,73,123,498,existing,1420.6373214957155,94,74,123,308,existing,1937.666732094061,94,71,123,164,existing,2036.7525647696034,94,72,123,12,existing,1955.6203313776136,94,69,123,331,existing,2864.4483382654025,94,70,123,101,existing,3073.3627596523793
95,95,58,124,306,existing,580.3184077529314,95,58,124,529,existing,536.2224518714689,95,58,124,445,allocated,255.51054728090705,95,73,124,498,existing,1252.4772514963158,95,74,124,308,existing,1769.5066620946614,95,71,124,164,existing,1868.5924947702038,95,72,124,12,existing,1787.460261378214,95,69,124,331,existing,2696.288268266003,95,70,124,101,existing,2905.2026896529796
96,96,58,125,306,existing,681.1805259699977,96,58,125,529,existing,496.2253379572894,96,58,125,611,allocated,360.44822111161085,96,73,125,498,existing,1112.1863846870945,96,74,125,308,existing,1629.21579528544,96,72,125,12,existing,1647.1693945689926,96,71,125,164,existing,1728.3016279609824,96,70,125,101,existing,2764.9118228437583,96,69,125,331,existing,2676.6658411951335
97,97,58,126,306,existing,753.8145563557451,97,58,126,529,existing,423.59130757154196,97,58,126,611,allocated,287.8141907258634,97,73,126,498,existing,1138.771761711353,97,74,126,308,existing,1655.8011723096984,97,71,126,164,existing,1754.8870049852408,97,72,126,12,existing,1673.754771593251,97,69,126,331,existing,2604.031810809386,97,70,126,101,existing,2791.4971998680167
98,98,58,127,306,existing,375.34674822077295,98,58,127,529,existing,802.0591157065141,98,58,127,306,allocated,375.34674822077295,98,73,127,498,existing,806.3526069378697,98,74,127,308,existing,1323.382017536215,98,71,127,164,existing,1422.4678502117574,98,72,127,12,existing,1341.3356168197677,98,70,127,101,existing,2459.0780450945335,98,69,127,331,existing,2704.035763335239
99,99,65,128,306,existing,449.96726548186155,99,65,128,529,existing,727.4385984454256,99,65,128,306,allocated,449.96726548186155,99,73,128,498,existing,880.9731241989583,99,74,128,308,existing,1398.0025347973037,99,71,128,164,existing,1497.0883674728461,99,72,128,12,existing,1415.9561340808564,99,70,128,101,existing,2533.698562355622,99,69,128,331,existing,2778.656280596328
100,100,57,129,498,existing,611.9615243034699,100,57,129,529,existing,285.29623196949177,100,57,129,611,allocated,421.07334881517033,100,73,129,498,existing,611.9615243034699,100,74,129,308,existing,1128.9909349018153,100,71,129,164,existing,1220.610002184544,100,72,129,12,existing,1146.944534185368,100,69,129,331,existing,2097.8738970550694,100,70,129,101,existing,2264.6869624601336
101,101,57,130,498,existing,670.3483009104741,101,57,130,529,existing,343.683008576496,101,57,130,611,allocated,368.4003447058504,101,73,130,498,existing,670.3483009104741,101,74,130,308,existing,1187.3777115088194,101,71,130,164,existing,1278.9967787915484,101,72,130,12,existing,1205.331310792372,101,69,130,331,existing,2156.2606736620733,101,70,130,101,existing,2323.073739067138
102,102,61,131,162,existing,720.636142428018,102,61,131,138,existing,578.2704462897594,102,61,131,162,allocated,720.636142428018,102,73,131,498,existing,1343.3519426376963,102,71,131,164,existing,1440.3629130437039,102,72,131,12,existing,1521.4951464356936,102,74,131,308,existing,1505.5795650546193,102,70,131,101,existing,2467.501166586413,102,69,131,331,existing,1640.8904142333904
103,103,61,132,162,existing,629.9524048706893,103,61,132,138,existing,487.5867087324307,103,61,132,162,allocated,629.9524048706893,103,73,132,498,existing,1252.6682050803674,103,71,132,164,existing,1349.679175486375,103,72,132,12,existing,1430.8114088783648,103,74,132,308,existing,1414.8958274972904,103,69,132,331,existing,1550.2066766760618,103,70,132,101,existing,2376.8174290290845
104,104,57,133,498,existing,218.85196459861217,104,57,133,529,existing,757.2324738507353,104,57,133,498,allocated,218.85196459861217,104,73,133,498,existing,218.85196459861217,104,74,133,308,existing,678.0998118452117,104,71,133,164,existing,733.5430985028701,104,72,133,12,existing,696.0534111287643,104,69,133,331,existing,2008.5370517381302,104,70,133,101,existing,1813.7958394035302
105,105,57,134,498,existing,265.6473356237348,105,57,134,529,existing,710.4371028256128,105,57,134,498,allocated,265.6473356237348,105,73,134,498,existing,265.6473356237348,105,74,134,308,existing,724.8951828703343,105,71,134,164,existing,780.3384695279926,105,72,134,12,existing,742.848782153887,105,69,134,331,existing,2055.332422763253,105,70,134,101,existing,1860.5912104286526
106,106,61,137,162,existing,255.34074416611628,106,61,137,138,existing,65.2418742513648,106,61,137,687,allocated,230.97464958350093,106,71,137,164,existing,926.5824178455782,106,74,137,308,existing,991.7990698564936,106,72,137,12,existing,1007.714651237568,106,69,137,331,existing,1129.249029201967,106,70,137,101,existing,1953.7206713882874,106,73,137,498,existing,1243.7006041208256
107,107,53,139,630,existing,573.8313412140723,107,53,139,568,existing,472.72614712986945,107,53,139,318,existing,528.4793156131497,107,71,139,164,existing,469.65767293335114,107,74,139,308,existing,534.8743249442665,107,72,139,12,existing,550.789906325341,107,73,139,498,existing,625.6539498674406,107,70,139,101,existing,1588.3902022850766,107,69,139,331,existing,1564.140954422403
108,108,53,140,630,existing,519.367739852431,108,53,140,568,existing,418.26254576822816,108,53,140,318,allocated,474.0157142515084,108,71,140,164,existing,426.0148728794206,108,74,140,308,existing,491.23152489033595,108,73,140,498,existing,680.117551229082,108,72,140,12,existing,507.1471062714104,108,70,140,101,existing,1533.9266009234354,108,69,140,331,existing,1509.6773530607616
109,109,53,141,630,existing,500.3968614156562,109,53,141,568,existing,392.00018173741887,109,53,141,318,existing,470.1625677888628,109,71,141,164,existing,441.13460994507835,109,74,141,308,existing,506.3512619559938,109,72,141,12,existing,522.2668433370682,109,73,141,498,existing,707.559317517265,109,70,141,101,existing,1530.07345446079,109,69,141,331,existing,1505.824206598116
110,110,53,142,630,existing,389.5176003833129,110,53,142,568,existing,288.4124062991101,110,53,142,318,existing,359.28330675651955,110,71,142,164,existing,390.0270267984675,110,74,142,308,existing,455.2436788093829,110,73,142,498,existing,818.4385785496082,110,72,142,12,existing,471.1592601904573,110,70,142,101,existing,1419.1941934284466,110,69,142,331,existing,1394.9449455657727
111,111,65,143,306,existing,611.1836603237332,111,65,143,529,existing,566.2222036035539,111,65,143,611,allocated,430.44508675787534,111,73,143,498,existing,1042.18951904083,111,74,143,308,existing,1559.2189296391753,111,71,143,164,existing,1658.3047623147177,111,72,143,12,existing,1577.172528922728,111,69,143,331,existing,2746.662706841398,111,70,143,101,existing,2694.914957197494
112,112,57,144,498,existing,598.243206040107,112,57,144,529,existing,412.711318013249,112,57,144,611,allocated,548.4884348589276,112,73,144,498,existing,598.243206040107,112,74,144,308,existing,1057.4910532867066,112,71,144,164,existing,1112.9343399443649,112,72,144,12,existing,1075.4446525702592,112,70,144,101,existing,2193.187080845025,112,69,144,331,existing,1955.3281492108817
113,113,57,145,498,existing,757.7639667413703,113,57,145,529,existing,572.2320787145122,113,57,145,611,allocated,572.2427098878444,113,73,145,498,existing,757.7639667413703,113,74,145,308,existing,1217.0118139879696,113,71,145,164,existing,1272.4551006456281,113,72,145,12,existing,1234.9654132715223,113,70,145,101,existing,2352.7078415462884,113,69,145,331,existing,1831.7347349267147
114,114,57,146,498,existing,544.3853978401692,114,57,146,529,existing,337.7416966323621,114,57,146,544,allocated,432.27811260441933,114,73,146,498,existing,544.3853978401692,114,74,146,308,existing,1061.4148084385145,114,71,146,164,existing,1160.5006411140569,114,72,146,12,existing,1079.368407722067,114,69,146,331,existing,2150.3193617179395,114,70,146,101,existing,2197.110835996833
115,115,61,147,162,existing,1151.3639704827006,115,61,147,138,existing,1005.457964139744,115,61,147,611,allocated,1005.6097717048322,115,73,147,498,existing,1278.8908532893945,115,71,147,164,existing,1727.4258046109176,115,74,147,308,existing,1738.138700535994,115,72,147,12,existing,1756.0922998195467,115,69,147,331,existing,2069.465119090346,115,70,147,101,existing,2840.9717053398535
116,116,61,148,162,existing,1278.9167195434966,116,61,148,138,existing,1133.01071320054,116,61,148,611,allocated,1133.1625207656284,116,73,148,498,existing,1406.4436023501908,116,71,148,164,existing,1854.9785536717136,116,74,148,308,existing,1865.6914495967903,116,72,148,12,existing,1883.645048880343,116,70,148,101,existing,2968.5244544006496,116,69,148,331,existing,2197.017868151142
117,117,57,149,498,existing,437.0107071251736,117,57,149,529,existing,604.6663934634089,117,57,149,498,allocated,437.0107071251736,117,73,149,498,existing,437.0107071251736,117,74,149,308,existing,896.2585543717731,117,72,149,12,existing,914.2121536553258,117,71,149,164,existing,921.8073844110987,117,69,149,331,existing,2110.1382601407545,117,70,149,101,existing,2031.9545819300915
118,118,57,150,498,existing,610.3933003151901,118,57,150,529,existing,431.2838002733924,118,57,150,611,allocated,567.0609171190711,118,73,150,498,existing,610.3933003151901,118,74,150,308,existing,1069.6411475617897,118,72,150,12,existing,1087.5947468453423,118,71,150,164,existing,1095.189977601115,118,70,150,101,existing,2205.337175120108,118,69,150,331,existing,1936.755666950738
119,119,61,151,162,existing,598.7243365081488,119,61,151,138,existing,456.3586403698902,119,61,151,162,allocated,598.7243365081488,119,73,151,498,existing,1253.9748419952352,119,71,151,164,existing,1318.4511071238346,119,72,151,12,existing,1399.5833405158244,119,74,151,308,existing,1383.66775913475,119,69,151,331,existing,1518.9786083135214,119,70,151,101,existing,2345.589360666544
120,120,61,152,162,existing,623.7165027081058,120,61,152,138,existing,481.3508065698473,120,61,152,162,allocated,623.7165027081058,120,71,152,164,existing,1343.4432733237913,120,73,152,498,existing,1401.4266925851146,120,74,152,308,existing,1408.6599253347067,120,72,152,12,existing,1424.575506715781,120,70,152,101,existing,2370.581526866501,120,69,152,331,existing,1543.9707745134783
121,121,57,153,498,existing,472.15493038498136,121,57,153,529,existing,763.8369678043064,121,57,153,498,allocated,472.15493038498136,121,73,153,498,existing,472.15493038498136,121,74,153,308,existing,708.9571300404311,121,72,153,12,existing,726.9107293239838,121,71,153,164,existing,733.0923657494129,121,70,153,101,existing,1844.6531575987497,121,69,153,331,existing,2004.0459204828417
122,122,57,154,498,existing,411.3184683008498,122,57,154,529,existing,703.0005057201749,122,57,154,498,allocated,411.3184683008498,122,73,154,498,existing,411.3184683008498,122,74,154,308,existing,769.7935921245628,122,71,154,164,existing,793.9288278335446,122,72,154,12,existing,787.7471914081154,122,70,154,101,existing,1905.4896196828813,122,69,154,331,existing,2064.8823825669733
123,123,61,155,162,existing,547.2334499055565,123,61,155,138,existing,404.86775376729787,123,61,155,162,allocated,547.2334499055565,123,73,155,498,existing,1169.9492501152347,123,71,155,164,existing,1266.9602205212423,123,74,155,308,existing,1332.1768725321576,123,72,155,12,existing,1348.092453913232,123,70,155,101,existing,2294.0984740639515,123,69,155,331,existing,1467.487721710929
124,124,63,156,184,existing,815.780123323687,124,63,156,464,existing,1094.3382510024549,124,63,156,600,allocated,726.9709969638519,124,73,156,498,existing,1863.4727447498872,124,69,156,331,existing,2171.702479696353,124,71,156,164,existing,2248.2303329326332,124,74,156,308,existing,2322.7205919964867,124,72,156,12,existing,2329.362566324623,124,70,156,101,existing,3010.615956230303
125,125,62,157,184,existing,543.8495068885594,125,62,157,464,existing,822.4076345673271,125,62,157,600,allocated,455.0403805287243,125,69,157,331,existing,1899.771863261225,125,71,157,164,existing,1976.2997164975054,125,74,157,308,existing,2065.4792094801223,125,72,157,12,existing,2057.431949889495,125,70,157,101,existing,2738.6853397951754,125,73,157,498,existing,2129.3956800008114
126,126,58,158,306,existing,1106.8965314963352,126,58,158,529,existing,306.40676574669817,126,58,158,611,allocated,170.62964890101955,126,73,158,498,existing,1170.029242645529,126,74,158,308,existing,1687.0586532438742,126,71,158,164,existing,1786.1444859194166,126,72,158,12,existing,1705.0122525274269,126,69,158,331,existing,2169.710144522599,126,70,158,101,existing,2822.754680802193
127,127,58,159,306,existing,1155.47755236646,127,58,159,529,existing,354.98778661682303,127,58,159,611,allocated,219.21066977114444,127,73,159,498,existing,1218.610263515654,127,74,159,308,existing,1735.6396741139993,127,72,159,12,existing,1753.593273397552,127,71,159,164,existing,1779.0898091730455,127,69,159,331,existing,2121.129123652474,127,70,159,101,existing,2871.3357016723176
128,128,57,160,498,existing,466.4817198860355,128,57,160,568,existing,631.8983771112746,128,57,160,498,allocated,466.4817198860355,128,71,160,164,existing,448.3192311685476,128,73,160,498,existing,466.4817198860355,128,72,160,12,existing,529.4514645605375,128,74,160,308,existing,513.5358831794631,128,69,160,331,existing,1723.3131844038082,128,70,160,101,existing,1647.1938928353031
129,129,54,161,419,existing,561.6837670106866,129,54,161,568,existing,520.9461906195004,129,54,161,308,allocated,486.6542814546357,129,71,161,164,existing,421.43762944372025,129,74,161,308,existing,486.6542814546357,129,72,161,12,existing,502.56986283571007,129,73,161,498,existing,577.4339063778098,129,69,161,331,existing,1612.3609979120338,129,70,161,101,existing,1620.3122911104758
130,130,61,162,162,existing,0.0,130,61,162,138,existing,190.09886991475148,130,61,162,162,allocated,0.0,130,69,162,331,existing,920.2542718053725,130,71,162,164,existing,996.7821250416529,130,74,162,308,existing,1085.9616180242695,130,72,162,12,existing,1077.9143584336425,130,70,162,101,existing,1759.1677483393223,130,73,162,498,existing,1409.9681947860963
131,131,67,166,584,existing,294.50139489168464,131,67,166,353,existing,562.3441885166112,131,67,166,526,allocated,84.11341850262527,131,70,166,101,existing,295.9790947531892,131,72,166,12,existing,1087.4103556457108,131,71,166,164,existing,1168.5425890377005,131,74,166,308,existing,1105.3639549292634,131,73,166,498,existing,1622.3933655276087,131,69,166,331,existing,1519.139594367191
132,132,51,168,570,existing,127.65846103321297,132,51,168,327,existing,396.7602901755415,132,51,168,570,allocated,127.65846103321297,132,71,168,164,existing,524.5927585414435,132,72,168,12,existing,605.5416628960262,132,74,168,308,existing,623.4952621795788,132,69,168,331,existing,1012.4754056858712,132,70,168,101,existing,1156.9827758359356,132,73,168,498,existing,1140.524672777924
133,133,67,169,584,existing,540.0659523325459,133,67,169,353,existing,654.4159712221815,133,67,169,526,allocated,200.9634190962725,133,70,169,101,existing,221.07145292365473,133,72,169,12,existing,1338.8138811984206,133,74,169,308,existing,1356.7674804819733,133,71,169,164,existing,1419.9461145904104,133,73,169,498,existing,1873.7968910803188,133,69,169,331,existing,1611.211377072761
134,134,67,170,584,existing,745.1421975015278,134,67,170,353,existing,859.4922163911635,134,67,170,526,allocated,498.3406805640315,134,70,170,101,existing,518.4487143914138,134,72,170,12,existing,1636.1911426661795,134,74,170,308,existing,1654.1447419497322,134,69,170,331,existing,1684.8777122131453,134,73,170,498,existing,2171.1741525480775,134,71,170,164,existing,1717.3233760581693
135,135,52,171,382,existing,686.650366166836,135,52,171,276,existing,575.7707981643746,135,52,171,707,allocated,514.4996690310799,135,69,171,331,existing,1881.152024471757,135,72,171,12,existing,1930.8386276985386,135,74,171,308,existing,1948.7922269820913,135,70,171,101,existing,1991.2952682703308,135,73,171,498,existing,2465.821637580437,135,71,171,164,existing,2011.9708610905286
136,136,68,172,642,existing,484.9691704087532,136,68,172,276,existing,594.928868033465,136,68,172,707,allocated,1145.9932775934844,136,70,172,101,existing,1770.6908274546347,136,69,172,331,existing,2512.6456330341616,136,74,172,308,existing,2580.285835544496,136,72,172,12,existing,2562.3322362609433,136,73,172,498,existing,3097.315246142841,136,71,172,164,existing,2643.464469652933
137,137,59,174,314,existing,561.9445576263747,137,59,174,327,existing,609.9936517222691,137,59,174,328,allocated,376.0396549431024,137,69,174,331,existing,336.68448855724944,137,71,174,164,existing,1294.0142522232802,137,74,174,308,existing,1390.311569538904,137,72,174,12,existing,1375.14648561527,137,70,174,101,existing,2000.5369330477079,137,73,174,498,existing,1907.3409801372493
138,138,59,175,314,existing,494.88786536972145,138,59,175,687,existing,628.6465833178697,138,59,175,330,allocated,365.30495007275834,138,69,175,331,existing,269.62779630059623,138,71,175,164,existing,1361.0709444799334,138,74,175,308,existing,1457.368261795557,138,72,175,12,existing,1442.2031778719231,138,70,175,101,existing,2067.593625304361,138,73,175,498,existing,1974.3976723939022
139,139,61,178,162,existing,336.4981522495042,139,61,178,138,existing,194.13245611124557,139,61,178,162,allocated,336.4981522495042,139,71,178,164,existing,1056.22492286519,139,74,178,308,existing,1121.4415748761053,139,72,178,12,existing,1137.3571562571797,139,69,178,331,existing,1256.7524240548767,139,73,178,498,existing,1414.0017809825904,139,70,178,101,existing,2083.3631764078996
140,140,61,179,162,existing,247.80020074063594,140,61,179,138,existing,105.43450460237736,140,61,179,162,allocated,247.80020074063594,140,71,179,164,existing,967.5269713563216,140,74,179,308,existing,1032.743623367237,140,72,179,12,existing,1048.6592047483114,140,69,179,331,existing,1168.0544725460084,140,73,179,498,existing,1325.303829473722,140,70,179,101,existing,1994.6652248990313
141,141,62,180,184,existing,1201.8970237976807,141,62,180,138,existing,1273.585812912289,141,62,180,495,allocated,1035.5063104221476,141,73,180,498,existing,1547.0187020619396,141,71,180,164,existing,1995.5536533834625,141,74,180,308,existing,2006.2665493085392,141,72,180,12,existing,2024.2201485920918,141,69,180,331,existing,2202.4273575698526,141,70,180,101,existing,3041.3408341038025
142,142,62,181,184,existing,1079.266578791965,142,62,181,464,existing,1357.8247064707327,142,62,181,495,allocated,912.8758654164317,142,73,181,498,existing,1650.6473329053924,142,69,181,331,existing,2079.7969125641366,142,74,181,308,existing,2109.895180151992,142,71,181,164,existing,2099.1822842269153,142,72,181,12,existing,2127.8487794355447,142,70,181,101,existing,2918.710389098087
143,143,57,182,498,existing,776.1026301803784,143,57,182,529,existing,596.9931301385807,143,57,182,611,allocated,732.7702469842593,143,73,182,498,existing,776.1026301803784,143,71,182,164,existing,940.2075244793449,143,74,182,308,existing,1005.4241764902603,143,72,182,12,existing,1021.3397578713347,143,69,182,331,existing,1967.5921899488162,143,70,182,101,existing,2139.0821861461004
144,144,57,183,498,existing,785.9315235745989,144,57,183,529,existing,662.7028392519236,144,57,183,498,allocated,785.9315235745989,144,73,183,498,existing,785.9315235745989,144,71,183,164,existing,874.497815366002,144,74,183,308,existing,939.7144673769174,144,72,183,12,existing,955.6300487579917,144,70,183,101,existing,2073.3724770327576,144,69,183,331,existing,1901.8824808354732
145,145,63,184,184,existing,0.0,145,63,184,464,existing,278.5581276787678,145,63,184,184,allocated,0.0,145,69,184,331,existing,1366.286462223827,145,71,184,164,existing,1495.484134937832,145,74,184,308,existing,1584.6636279204488,145,72,184,12,existing,1576.6163683298219,145,70,184,101,existing,2206.1601159332786,145,73,184,498,existing,2043.9481955158128
146,146,62,186,184,existing,796.9086702502489,146,62,186,464,existing,1075.4667979290166,146,62,186,495,allocated,630.5179568747157,146,73,186,498,existing,1748.827375778915,146,69,186,331,existing,1797.4390040224205,146,71,186,164,existing,1873.9668572587007,146,72,186,12,existing,1955.0990906506904,146,70,186,101,existing,2636.3524805563707,146,74,186,308,existing,1963.1463502413176
147,147,61,187,162,existing,607.5805164068896,147,61,187,138,existing,417.48164649213817,147,61,187,687,allocated,583.2144218242743,147,71,187,164,existing,897.6782073973995,147,74,187,308,existing,962.8948594083149,147,72,187,12,existing,978.8104407893893,147,73,187,498,existing,1088.8687407616248,147,69,187,331,existing,1481.4888014427402,147,70,187,101,existing,1986.617051913111
148,148,61,188,162,existing,582.5961335722218,148,61,188,138,existing,392.49726365747034,148,61,188,687,allocated,558.2300389896064,148,71,188,164,existing,983.4803380231356,148,73,188,498,existing,1003.0666101358888,148,74,188,308,existing,1048.696990034051,148,72,188,12,existing,1064.6125714151253,148,70,188,101,existing,2056.519620457468,148,69,188,331,existing,1456.5044186080725
149,149,63,189,184,existing,384.2583577239073,149,63,189,464,existing,662.816485402675,149,63,189,600,allocated,295.4492313640722,149,69,189,331,existing,1740.180714096573,149,71,189,164,existing,1816.7085673328534,149,74,189,308,existing,1905.88806031547,149,72,189,12,existing,1897.8408007248431,149,73,189,498,existing,2199.313430899691,149,70,189,101,existing,2579.0941906305234
150,150,57,190,498,existing,624.4544357077077,150,57,190,529,existing,804.0445541376195,150,57,190,498,allocated,624.4544357077077,150,73,190,498,existing,624.4544357077077,150,74,190,308,existing,982.9295595314206,150,71,190,164,existing,1007.0647952404024,150,72,190,12,existing,1000.8831588149733,150,69,190,331,existing,2278.018349973831,150,70,190,101,existing,2118.625587089739
151,151,57,191,498,existing,616.6832264356741,151,57,191,529,existing,784.3389127739094,151,57,191,498,allocated,616.6832264356741,151,73,191,498,existing,616.6832264356741,151,74,191,308,existing,1002.6352008951308,151,72,191,12,existing,1020.5888001786834,151,71,191,164,existing,1026.7704366041125,151,69,191,331,existing,2289.8107794512553,151,70,191,101,existing,2138.331228453449
152,152,61,192,162,existing,456.154091997853,152,61,192,568,existing,160.28512373966333,152,61,192,687,allocated,431.78799741523767,152,71,192,164,existing,725.7690700138414,152,74,192,308,existing,790.9857220247568,152,72,192,12,existing,806.9013034058312,152,73,192,498,existing,1083.545928131242,152,70,192,101,existing,1752.907323556551,152,69,192,331,existing,1330.0623770337038
153,153,61,193,162,existing,367.5689643345787,153,61,193,138,existing,177.47009441982726,153,61,193,687,allocated,343.20286975196336,153,71,193,164,existing,814.3541976771157,153,74,193,308,existing,879.5708496880311,153,73,193,498,existing,1131.4723839523633,153,72,193,12,existing,895.4864310691055,153,69,193,331,existing,1241.4772493704295,153,70,193,101,existing,1841.492451219825
154,154,67,194,584,existing,400.6735845197146,154,67,194,353,existing,515.0236034093502,154,67,194,526,allocated,400.0242927365901,154,70,194,101,existing,642.2918456943183,154,72,194,12,existing,1316.4202602719743,154,74,194,308,existing,1334.373859555527,154,69,194,331,existing,1340.409099231332,154,73,194,498,existing,1851.4032701538722,154,71,194,164,existing,1397.552493663964
155,155,67,195,584,existing,345.7121154064076,155,67,195,353,existing,460.0621342960432,155,67,195,584,allocated,345.7121154064076,155,70,195,101,existing,697.2533148076253,155,72,195,12,existing,1261.458791158667,155,74,195,308,existing,1279.4123904422197,155,69,195,331,existing,1285.4476301180248,155,71,195,164,existing,1342.5910245506568,155,73,195,498,existing,1796.4418010405652
156,156,60,196,365,existing,343.55797303348714,156,60,196,568,existing,334.62958131409465,156,60,196,318,existing,200.11064491813545,156,71,196,164,existing,244.82343860991898,156,74,196,308,existing,310.04009062083435,156,73,196,498,existing,827.0695012191798,156,72,196,12,existing,325.9556720019088,156,69,196,331,existing,1235.7722837273886,156,70,196,101,existing,1260.0215315900625
157,157,53,197,630,existing,307.4454494360137,157,53,197,568,existing,385.2683821455444,157,53,197,318,allocated,273.7008756694422,157,71,197,164,existing,318.4136693612257,157,74,197,308,existing,383.6303213721411,157,73,197,498,existing,900.6597319704864,157,72,197,12,existing,399.5459027532155,157,70,197,101,existing,1333.6117623413693,157,69,197,331,existing,1309.3625144786954
158,158,53,198,630,existing,214.8815434759189,158,53,198,568,existing,113.77634939171612,158,53,198,630,allocated,214.8815434759189,158,71,198,164,existing,451.70759688246187,158,74,198,308,existing,516.9242488933772,158,72,198,12,existing,532.8398302744517,158,73,198,498,existing,984.603747605594,158,69,198,331,existing,1277.6746306769098,158,70,198,101,existing,1478.8458504251714
159,159,53,199,630,existing,125.41748007905215,159,53,199,568,existing,203.2404127885829,159,53,199,630,allocated,125.41748007905215,159,71,199,164,existing,500.4416387181872,159,74,199,308,existing,565.6582907291026,159,72,199,12,existing,581.573872110177,159,73,199,498,existing,1074.0678110024608,159,70,199,101,existing,1389.3817870283046,159,69,199,331,existing,1188.210567280043
160,160,67,200,584,existing,436.28772937504874,160,67,200,353,existing,550.6377482646844,160,67,200,526,allocated,435.6384375919242,160,70,200,101,existing,606.6777008389843,160,72,200,12,existing,1352.0344051273082,160,69,200,331,existing,1376.023244086666,160,74,200,308,existing,1369.9880044108609,160,71,200,164,existing,1433.166638519298,160,73,200,498,existing,1887.0174150092062
161,161,62,201,184,existing,388.83142348364584,161,62,201,464,existing,385.70988412746374,161,62,201,50,allocated,247.99158996617092,161,69,201,331,existing,1148.0628264036736,161,71,201,164,existing,1884.3155584214778,161,74,201,308,existing,1973.4950514040945,161,72,201,12,existing,1965.4477918134676,161,70,201,101,existing,2594.9915394169248,161,73,201,498,existing,2432.7796189994588
162,162,63,202,184,existing,461.4166683652191,162,63,202,464,existing,458.295129009037,162,63,202,50,allocated,320.5768348477442,162,69,202,331,existing,1220.6480712852467,162,71,202,164,existing,1956.9008033030511,162,72,202,12,existing,2038.033036695041,162,74,202,308,existing,2046.0802962856678,162,73,202,498,existing,2505.364863881032,162,70,202,101,existing,2667.576784298498
163,163,62,203,184,existing,937.5393063619974,163,62,203,464,existing,1216.0974340407652,163,62,203,495,allocated,771.1485929864643,163,73,203,498,existing,1608.1967396671664,163,69,203,331,existing,1938.0696401341693,163,74,203,308,existing,2067.444586913766,163,71,203,164,existing,2014.5974933704492,163,72,203,12,existing,2085.398186197319,163,70,203,101,existing,2776.9831166681192
164,164,63,204,184,existing,888.2982664064468,164,63,204,464,existing,1166.8563940852148,164,63,204,495,allocated,721.9075530309137,164,73,204,498,existing,1657.437779622717,164,69,204,331,existing,1888.8286001786187,164,72,204,12,existing,2046.4886868068886,164,71,204,164,existing,1965.3564534148989,164,70,204,101,existing,2727.7420767125686,164,74,204,308,existing,2054.5359463975155
165,165,61,205,162,existing,1149.652827890244,165,61,205,138,existing,1003.7468215472875,165,61,205,611,allocated,1003.8986291123757,165,73,205,498,existing,1277.1797106969382,165,71,205,164,existing,1725.7146620184612,165,74,205,308,existing,1736.4275579435377,165,72,205,12,existing,1754.3811572270904,165,69,205,331,existing,2067.7539764978897,165,70,205,101,existing,2839.260562747397
166,166,61,206,162,existing,1205.3556480634893,166,61,206,138,existing,1059.4496417205328,166,61,206,611,allocated,1059.6014492856207,166,73,206,498,existing,1332.8825308701832,166,71,206,164,existing,1781.4174821917063,166,72,206,12,existing,1810.0839774003355,166,74,206,308,existing,1792.1303781167828,166,69,206,331,existing,2123.4567966711347,166,70,206,101,existing,2894.9633829206423
167,167,61,207,162,existing,471.2594748621227,167,61,207,138,existing,281.16060494737127,167,61,207,687,allocated,446.89338027950737,167,71,207,164,existing,761.3571658526326,167,74,207,308,existing,826.573817863548,167,72,207,12,existing,842.4893992446224,167,73,207,498,existing,1027.7818734248192,167,70,207,101,existing,1850.296010368344,167,69,207,331,existing,1345.1677598979734
168,168,61,208,162,existing,515.8478352416632,168,61,208,138,existing,325.74896532691184,168,61,208,687,allocated,491.48174065904794,168,71,208,164,existing,805.9455262321733,168,74,208,308,existing,871.1621782430886,168,72,208,12,existing,887.077759624163,168,73,208,498,existing,1072.3702338043597,168,69,208,331,existing,1389.756120277514,168,70,208,101,existing,1894.8843707478845
169,169,58,209,306,existing,694.0484687186154,169,58,209,529,existing,896.3651060800129,169,58,209,445,allocated,650.2766871627979,169,73,209,498,existing,1612.6199057048598,169,74,209,308,existing,2129.649316303205,169,71,209,164,existing,2228.7351489787475,169,72,209,12,existing,2147.6029155867577,169,69,209,331,existing,2776.819440925197,169,70,209,101,existing,3265.3453438615234
170,170,67,210,584,existing,639.6323220795985,170,67,210,276,existing,709.2879298074797,170,67,210,584,allocated,639.6323220795985,170,70,210,101,existing,852.5963770482904,170,72,210,12,existing,1555.3789978318578,170,74,210,308,existing,1573.3325971154104,170,69,210,331,existing,1574.667059679105,170,71,210,164,existing,1636.5112312238475,170,73,210,498,existing,2090.3620077137557
171,171,58,211,306,existing,484.38619913824556,171,58,211,529,existing,889.2738344073817,171,58,211,306,allocated,484.38619913824556,171,73,211,498,existing,915.3920578553423,171,74,211,308,existing,1432.4214684536878,171,71,211,164,existing,1531.5073011292302,171,72,211,12,existing,1450.3750677372404,171,70,211,101,existing,2568.117496012006,171,69,211,331,existing,2813.0752142527117
172,172,58,212,306,existing,503.180508414848,172,58,212,529,existing,870.4795251307793,172,58,212,306,existing,503.180508414848,172,73,212,498,existing,934.1863671319447,172,74,212,308,existing,1451.2157777302903,172,71,212,164,existing,1550.3016104058327,172,72,212,12,existing,1469.169377013843,172,69,212,331,existing,2831.8695235293144,172,70,212,101,existing,2586.911805288609
173,173,58,213,306,existing,892.5582691983548,173,58,213,529,existing,813.8388276435454,173,58,213,445,allocated,567.7504087263304,173,73,213,498,existing,1530.093627268392,173,74,213,308,existing,2047.1230378667376,173,71,213,164,existing,2146.2088705422802,173,72,213,12,existing,2065.0766371502905,173,69,213,331,existing,2973.904644038079,173,70,213,101,existing,3182.819065425056
174,174,59,214,314,existing,570.5690492349387,174,59,214,327,existing,587.8866148288853,174,59,214,328,allocated,353.9326180497186,174,69,214,331,existing,503.0649863152574,174,71,214,164,existing,1271.9072153298964,174,72,214,12,existing,1353.0394487218862,174,74,214,308,existing,1368.2045326455202,174,73,214,498,existing,1885.2339432438655,174,70,214,101,existing,1978.429896154324
175,175,59,215,314,existing,498.4323188026266,175,59,215,327,existing,515.7498843965732,175,59,215,328,allocated,281.7958876174065,175,69,215,331,existing,430.9282558829453,175,71,215,164,existing,1199.7704848975843,175,72,215,12,existing,1280.902718289574,175,74,215,308,existing,1296.067802213208,175,73,215,498,existing,1813.0972128115534,175,70,215,101,existing,1906.293165722012
176,176,63,216,184,existing,1062.1463495117687,176,63,216,464,existing,1340.7044771905366,176,63,216,495,allocated,895.7556361362356,176,73,216,498,existing,1633.5271036251966,176,69,216,331,existing,2062.6766832839403,176,74,216,308,existing,2092.774950871796,176,71,216,164,existing,2082.0620549467194,176,70,216,101,existing,2901.5901598178907,176,72,216,12,existing,2110.728550155349
177,177,62,217,184,existing,987.1776459578681,177,62,217,464,existing,1265.735773636636,177,62,217,495,allocated,820.7869325823349,177,73,217,498,existing,1558.5584000712959,177,69,217,331,existing,1987.7079797300398,177,74,217,308,existing,2017.8062473178954,177,71,217,164,existing,2007.0933513928187,177,72,217,12,existing,2035.759846601448,177,70,217,101,existing,2826.62145626399
178,178,52,218,382,existing,25.385470066942887,178,52,218,353,existing,780.2217489561664,178,52,218,382,allocated,25.385470066942887,178,69,218,331,existing,1251.4323116144317,178,72,218,12,existing,1301.2154883332994,178,74,218,308,existing,1319.169087616852,178,71,218,164,existing,1382.3477217252894,178,73,218,498,existing,1836.1984982151973,178,70,218,101,existing,1638.545032225967
179,179,52,219,382,existing,196.06671324500263,179,52,219,276,existing,755.9288915472305,179,52,219,707,allocated,18.43270921380537,179,69,219,331,existing,1422.1135547924914,179,72,219,12,existing,1471.8967315113591,179,74,219,308,existing,1489.8503307949118,179,71,219,164,existing,1553.0289649033489,179,73,219,498,existing,2006.879741393257,179,70,219,101,existing,1809.2262754040266
180,180,64,220,542,existing,303.66138968588484,180,64,220,353,existing,1462.2471560704869,180,64,220,91,existing,285.48413012934054,180,70,220,101,existing,603.9238728006866,180,72,220,12,existing,1721.6663010754523,180,71,220,164,existing,1802.798534467442,180,74,220,308,existing,1739.619900359005,180,69,220,331,existing,2419.0425619210664,180,73,220,498,existing,2256.6493109573503
181,181,64,221,542,existing,340.930043195548,181,64,221,353,existing,1499.51580958015,181,64,221,91,existing,322.75278363900367,181,70,221,101,existing,641.1925263103498,181,72,221,12,existing,1758.9349545851155,181,71,221,164,existing,1840.0671879771053,181,74,221,308,existing,1776.8885538686682,181,69,221,331,existing,2456.3112154307296,181,73,221,498,existing,2293.9179644670135
182,182,67,222,584,existing,581.7142980705792,182,67,222,353,existing,313.87150444565253,182,67,222,340,allocated,231.53598346394688,182,70,222,101,existing,1110.0654383727174,182,69,222,331,existing,1133.858941690961,182,72,222,12,existing,1183.5455449177427,182,74,222,308,existing,1201.4991442012954,182,73,222,498,existing,1718.5285547996407,182,71,222,164,existing,1264.6777783097327
183,183,68,223,642,existing,520.2930384678564,183,68,223,276,existing,516.3027301191183,183,68,223,526,allocated,891.3115263291235,183,70,223,101,existing,911.4195601565057,183,69,223,331,existing,1833.913164529652,183,74,223,308,existing,1876.2087890202747,183,72,223,12,existing,1858.255189736722,183,73,223,498,existing,2393.2381996186205,183,71,223,164,existing,1939.3874231287118
184,184,68,224,642,existing,614.5900650305881,184,68,224,276,existing,610.5997566818501,184,68,224,526,allocated,797.0144997663917,184,70,224,101,existing,817.1225335937739,184,72,224,12,existing,1763.9581631739902,184,69,224,331,existing,1783.2462250212377,184,74,224,308,existing,1781.9117624575429,184,73,224,498,existing,2298.9411730558886,184,71,224,164,existing,1845.09039656598
185,185,62,225,184,existing,1088.2870096936224,185,62,225,138,existing,1184.0161471858908,185,62,225,495,allocated,921.8962963180893,185,73,225,498,existing,1457.4490363355415,185,71,225,164,existing,1905.9839876570643,185,74,225,308,existing,1916.696883582141,185,72,225,12,existing,1934.6504828656937,185,69,225,331,existing,2088.8173434657942,185,70,225,101,existing,2927.730819999744
186,186,62,226,184,existing,1141.7778767498285,186,62,226,138,existing,1237.5070142420968,186,62,226,495,allocated,975.3871633742951,186,73,226,498,existing,1510.9399033917475,186,71,226,164,existing,1959.4748547132704,186,72,226,12,existing,1988.1413499218997,186,74,226,308,existing,1970.187750638347,186,69,226,331,existing,2142.308210522,186,70,226,101,existing,2981.2216870559505
187,187,68,227,642,existing,357.60801509892315,187,68,227,276,existing,165.92154834344962,187,68,227,707,allocated,571.5746339899754,187,70,227,101,existing,1581.4460184494058,187,69,227,331,existing,1938.2269894306523,187,72,227,12,existing,1987.913592657434,187,74,227,308,existing,2005.8671919409867,187,71,227,164,existing,2069.0458260494242,187,73,227,498,existing,2522.896602539332
188,188,68,228,642,existing,415.76547704493794,188,68,228,276,existing,224.0790102894644,188,68,228,707,allocated,513.4171720439607,188,70,228,101,existing,1639.6034803954205,188,69,228,331,existing,1880.0695274846378,188,72,228,12,existing,1929.7561307114195,188,74,228,308,existing,1947.7097299949721,188,71,228,164,existing,2010.8883641034095,188,73,228,498,existing,2464.7391405933176
189,189,57,229,498,existing,401.4626627698534,189,57,229,529,existing,462.15981412897736,189,57,229,544,allocated,289.35537753410364,189,73,229,498,existing,401.4626627698534,189,74,229,308,existing,918.4920733681988,189,71,229,164,existing,1017.5779060437412,189,72,229,12,existing,936.4456726517515,189,70,229,101,existing,2054.188100926517,189,69,229,331,existing,2299.1458191672227
190,190,61,236,162,existing,975.260595601881,190,61,236,138,existing,829.3545892589245,190,61,236,611,allocated,829.5063968240127,190,73,236,498,existing,1102.7874784085752,190,71,236,164,existing,1551.322429730098,190,74,236,308,existing,1562.0353256551748,190,72,236,12,existing,1579.9889249387275,190,69,236,331,existing,1893.3617442095265,190,70,236,101,existing,2664.868330459034
191,191,61,237,162,existing,1037.5087416755748,191,61,237,138,existing,891.6027353326182,191,61,237,611,allocated,891.7545428977064,191,73,237,498,existing,1165.0356244822688,191,71,237,164,existing,1613.5705758037918,191,74,237,308,existing,1624.2834717288683,191,72,237,12,existing,1642.237071012421,191,69,237,331,existing,1955.6098902832205,191,70,237,101,existing,2727.1164765327276
192,192,61,238,162,existing,1164.796796981721,192,61,238,138,existing,1018.8907906387644,192,61,238,611,allocated,1019.0425982038525,192,73,238,498,existing,1292.3236797884151,192,71,238,164,existing,1740.858631109938,192,72,238,12,existing,1769.5251263185673,192,74,238,308,existing,1751.5715270350147,192,70,238,101,existing,2854.404531838874,192,69,238,331,existing,2082.8979455893664
193,193,62,239,184,existing,1161.100466274022,193,62,239,138,existing,1111.2026906054912,193,62,239,495,allocated,994.7097528984889,193,73,239,498,existing,1384.6355797551416,193,71,239,164,existing,1833.1705310766645,193,74,239,308,existing,1843.8834270017412,193,72,239,12,existing,1861.8370262852939,193,69,239,331,existing,2161.630800046194,193,70,239,101,existing,2946.7164318056007
194,194,54,240,419,existing,351.97602700459134,194,54,240,568,existing,502.7956302647199,194,54,240,308,allocated,276.9465414485404,194,71,240,164,existing,211.72988943762505,194,74,240,308,existing,276.9465414485404,194,72,240,12,existing,292.86212282961486,194,73,240,498,existing,793.9759520468858,194,69,240,331,existing,1381.4412854749546,194,70,240,101,existing,1405.6905333376285
195,195,54,241,419,existing,306.07954980900934,195,54,241,568,existing,456.89915306913787,195,54,241,308,allocated,231.05006425295844,195,71,241,164,existing,165.83341224204304,195,74,241,308,existing,231.05006425295844,195,72,241,12,existing,246.96564563403285,195,73,241,498,existing,748.0794748513038,195,69,241,331,existing,1335.5448082793725,195,70,241,101,existing,1359.7940561420464
196,196,62,242,184,existing,788.6630658637887,196,62,242,464,existing,1067.2211935425564,196,62,242,600,allocated,699.8539395039536,196,73,242,498,existing,1945.3013521012688,196,69,242,331,existing,1978.166780179785,196,71,242,164,existing,2054.6946334160652,196,72,242,12,existing,2135.826866808055,196,70,242,101,existing,2817.0802567137353,196,74,242,308,existing,2143.874126398682
197,197,63,243,184,existing,847.8797565760223,197,63,243,464,existing,1126.4378842547899,197,63,243,600,allocated,759.0706302161873,197,73,243,498,existing,1991.7674958278676,197,69,243,331,existing,2037.3834708920187,197,72,243,12,existing,2195.0435575202887,197,71,243,164,existing,2113.911324128299,197,74,243,308,existing,2203.090817110916,197,70,243,101,existing,2876.296947425969
198,198,61,244,162,existing,507.46003582206254,198,61,244,138,existing,365.094339683804,198,61,244,162,allocated,507.46003582206254,198,71,244,164,existing,1227.1868064377481,198,74,244,308,existing,1292.4034584486635,198,72,244,12,existing,1308.319039829738,198,69,244,331,existing,1427.7143076274351,198,73,244,498,existing,1584.9636645551486,198,70,244,101,existing,2254.325059980458
199,199,61,245,162,existing,574.7997106297142,199,61,245,138,existing,432.4340144914556,199,61,245,495,allocated,455.0436559872837,199,71,245,164,existing,1294.5264812454,199,74,245,308,existing,1359.7431332563153,199,72,245,12,existing,1375.6587146373897,199,69,245,331,existing,1495.0539824350867,199,73,245,498,existing,1586.5666668789704,199,70,245,101,existing,2321.6647347881094
200,200,58,246,306,existing,763.671683115037,200,58,246,529,existing,826.7418916835913,200,58,246,445,allocated,580.6534727663764,200,73,246,498,existing,1542.9966913084381,200,74,246,308,existing,2060.0261019067834,200,71,246,164,existing,2159.111934582326,200,72,246,12,existing,2077.979701190336,200,70,246,101,existing,3195.7221294651017,200,69,246,331,existing,2846.4426553216185
201,201,57,247,498,existing,551.7141847269885,201,57,247,529,existing,843.3962221463136,201,57,247,498,allocated,551.7141847269885,201,73,247,498,existing,551.7141847269885,201,74,247,308,existing,910.1893085507014,201,71,247,164,existing,934.3245442596832,201,72,247,12,existing,928.1429078342541,201,70,247,101,existing,2045.8853361090198,201,69,247,331,existing,2205.2780989931116
202,202,62,248,184,existing,306.9979218243023,202,62,248,138,existing,517.0809488201656,202,62,248,495,allocated,115.24129649347721,202,69,248,331,existing,1278.163908620036,202,71,248,164,existing,1354.6917618563166,202,74,248,308,existing,1443.8712548389333,202,72,248,12,existing,1435.8239952483063,202,70,248,101,existing,2117.077385153986,202,73,248,498,existing,1736.9502736915106
203,203,63,249,184,existing,223.895147452909,203,63,249,464,existing,502.4532751316768,203,63,249,495,allocated,32.13852212208391,203,69,249,331,existing,1195.0611342486427,203,71,249,164,existing,1271.588987484923,203,74,249,308,existing,1360.7684804675398,203,72,249,12,existing,1352.7212208769129,203,70,249,101,existing,2033.9746107825927,203,73,249,498,existing,1820.0530480629038
204,204,61,250,162,existing,556.3699662143132,204,61,250,138,existing,366.2710962995617,204,61,250,687,allocated,532.0038716316978,204,73,250,498,existing,1015.9935004478561,204,71,250,164,existing,1104.5597922392592,204,72,250,12,existing,1185.692025631249,204,74,250,308,existing,1169.7764442501746,204,69,250,331,existing,1430.278251250164,204,70,250,101,existing,2218.1056929681954
205,205,61,251,162,existing,1216.1904734109107,205,61,251,529,existing,465.72186559568036,205,61,251,611,allocated,329.9447487500018,205,73,251,498,existing,1301.4106332940773,205,71,251,164,existing,1749.9455846156004,205,74,251,308,existing,1760.658480540677,205,72,251,12,existing,1778.6120798242296,205,69,251,331,existing,2091.984899095029,205,70,251,101,existing,2863.491485344536
206,206,61,252,162,existing,836.9273792677698,206,61,252,138,existing,648.7146500012857,206,61,252,611,allocated,627.6179884717308,206,73,252,498,existing,922.1475391509363,206,71,252,164,existing,1370.6824904724594,206,74,252,308,existing,1381.3953863975357,206,72,252,12,existing,1399.3489856810884,206,69,252,331,existing,1712.7218049518879,206,70,252,101,existing,2484.2283912013954
207,207,61,253,162,existing,816.1281986986677,207,61,253,138,existing,626.0293287839162,207,61,253,611,allocated,626.1811363490044,207,73,253,498,existing,899.4622179335668,207,71,253,164,existing,1347.9971692550898,207,74,253,308,existing,1358.7100651801663,207,72,253,12,existing,1376.663664463719,207,69,253,331,existing,1690.0364837345182,207,70,253,101,existing,2461.543069984026
208,208,61,254,162,existing,654.316541628218,208,61,254,138,existing,464.21767171346653,208,61,254,687,allocated,629.9504470456027,208,73,254,498,existing,1061.2738750040164,208,71,254,164,existing,1186.1855121846402,208,74,254,308,existing,1251.4021641955555,208,72,254,12,existing,1267.31774557663,208,70,254,101,existing,2299.731412913576,208,69,254,331,existing,1528.2248266640686
209,209,57,255,498,existing,497.3066552133578,209,57,255,529,existing,788.9886926326828,209,57,255,498,allocated,497.3066552133578,209,73,255,498,existing,497.3066552133578,209,74,255,308,existing,683.8054052120547,209,72,255,12,existing,701.7590044956073,209,71,255,164,existing,707.9406409210364,209,70,255,101,existing,1819.5014327703732,209,69,255,331,existing,1978.8941956544652
210,210,61,256,162,existing,629.023168081053,210,61,256,138,existing,486.6574719427944,210,61,256,162,allocated,629.023168081053,210,73,256,498,existing,1088.1595319397381,210,71,256,164,existing,1348.7499386967388,210,74,256,308,existing,1413.9665907076542,210,72,256,12,existing,1429.8821720887286,210,70,256,101,existing,2375.888192239448,210,69,256,331,existing,1549.2774398864256
211,211,57,257,498,existing,746.00351531009,211,57,257,529,existing,702.6308475164324,211,57,257,498,allocated,746.00351531009,211,73,257,498,existing,746.00351531009,211,71,257,164,existing,834.5698071014932,211,74,257,308,existing,899.7864591124086,211,72,257,12,existing,915.702040493483,211,69,257,331,existing,1861.9544725709643,211,70,257,101,existing,2033.444468768249
212,212,57,258,498,existing,665.1603972185728,212,57,258,138,existing,717.104199528845,212,57,258,498,allocated,665.1603972185728,212,73,258,498,existing,665.1603972185728,212,71,258,164,existing,753.726689009976,212,74,258,308,existing,818.9433410208914,212,72,258,12,existing,834.8589224019657,212,70,258,101,existing,1952.6013506767317,212,69,258,331,existing,1781.111354479447
213,213,61,259,162,existing,952.0237113956507,213,61,259,138,existing,806.1177050526942,213,61,259,611,allocated,806.2695126177823,213,73,259,498,existing,1079.5505942023447,213,71,259,164,existing,1528.0855455238677,213,74,259,308,existing,1538.7984414489442,213,72,259,12,existing,1556.7520407324969,213,69,259,331,existing,1870.1248600032964,213,70,259,101,existing,2641.631446252804
214,214,61,260,162,existing,1030.652429585678,214,61,260,138,existing,884.7464232427213,214,61,260,611,allocated,884.8982308078096,214,73,260,498,existing,1158.179312392372,214,71,260,164,existing,1606.714263713895,214,74,260,308,existing,1617.4271596389715,214,72,260,12,existing,1635.3807589225241,214,69,260,331,existing,1948.7535781933234,214,70,260,101,existing,2720.260164442831
215,215,63,261,184,existing,669.504887085496,215,63,261,464,existing,666.3833477293139,215,63,261,114,allocated,86.68540824284564,215,69,261,331,existing,1074.6080234783785,215,71,261,164,existing,1817.1260671565192,215,74,261,308,existing,1913.423384472143,215,72,261,12,existing,1898.258300548509,215,70,261,101,existing,2523.648747980947,215,73,261,498,existing,2430.4527950704883
216,216,63,262,184,existing,696.544594506219,216,63,262,464,existing,693.4230551500368,216,63,262,114,allocated,59.64570082212262,216,69,262,331,existing,1101.6477308991016,216,71,262,164,existing,1844.1657745772422,216,74,262,308,existing,1940.463091892866,216,72,262,12,existing,1925.298007969232,216,70,262,101,existing,2550.68845540167,216,73,262,498,existing,2457.4925024912113
217,217,57,263,498,existing,342.20120051501124,217,57,263,529,existing,633.8832379343363,217,57,263,498,allocated,342.20120051501124,217,73,263,498,existing,342.20120051501124,217,74,263,308,existing,801.4490477616107,217,72,263,12,existing,819.4026470451633,217,71,263,164,existing,856.892334419269,217,69,263,331,existing,2131.8862876545295,217,70,263,101,existing,1937.1450753199292
218,218,57,264,498,existing,360.22530942423464,218,57,264,529,existing,651.9073468435597,218,57,264,498,allocated,360.22530942423464,218,73,264,498,existing,360.22530942423464,218,74,264,308,existing,819.4731566708342,218,72,264,12,existing,837.4267559543869,218,71,264,164,existing,845.0219867101597,218,70,264,101,existing,1955.1691842291525,218,69,264,331,existing,2115.9755414435886
219,219,63,265,184,existing,713.4667511930588,219,63,265,464,existing,992.0248788718266,219,63,265,600,allocated,624.6576248332238,219,73,265,498,existing,1870.1050374305391,219,69,265,331,existing,1902.9704655090554,219,72,265,12,existing,2060.630552137325,219,71,265,164,existing,1979.4983187453354,219,70,265,101,existing,2741.8839420430054,219,74,265,308,existing,2068.6778117279523
220,220,63,266,184,existing,789.0355701677543,220,63,266,464,existing,1067.593697846522,220,63,266,495,allocated,622.644856792221,220,73,266,498,existing,1756.7004758614098,220,69,266,331,existing,1789.5659039399259,220,72,266,12,existing,1947.2259905681958,220,71,266,164,existing,1866.093757176206,220,70,266,101,existing,2628.479380473876,220,74,266,308,existing,1955.273250158823
221,221,65,267,306,existing,1326.3903831594293,221,65,267,529,existing,525.9006174097923,221,65,267,611,allocated,390.1235005641137,221,73,267,498,existing,1389.5230943086233,221,74,267,308,existing,1906.5525049069686,221,71,267,164,existing,2005.638337582511,221,72,267,12,existing,1924.5061041905212,221,69,267,331,existing,2408.4934531639024,221,70,267,101,existing,3042.248532465287
222,222,65,268,306,existing,1249.275584756844,222,65,268,529,existing,448.7858190072069,222,65,268,611,allocated,313.00870216152833,222,73,268,498,existing,1312.408295906038,222,74,268,308,existing,1829.4377065043832,222,71,268,164,existing,1928.5235391799256,222,72,268,12,existing,1847.3913057879358,222,69,268,331,existing,2331.3786547613167,222,70,268,101,existing,2965.1337340627015
223,223,67,269,584,existing,606.3278534255144,223,67,269,353,existing,720.67787231515,223,67,269,526,allocated,268.3899093714741,223,70,269,101,existing,395.37037540815265,223,72,269,12,existing,1439.91368351981,223,71,269,164,existing,1521.0459169117998,223,74,269,308,existing,1457.8672828033627,223,73,269,498,existing,1974.896693401708,223,69,269,331,existing,1587.3305695174977
224,224,67,270,584,existing,617.1737767506888,224,67,270,353,existing,731.5237956403246,224,67,270,526,allocated,298.81118742666547,224,70,270,101,existing,425.791653463344,224,72,270,12,existing,1470.3349615750014,224,71,270,164,existing,1551.4671949669912,224,74,270,308,existing,1488.288560858554,224,73,270,498,existing,2005.3179714568996,224,69,270,331,existing,1556.9092914623063
225,225,62,271,184,existing,579.3651345239813,225,62,271,464,existing,576.2435951677992,225,62,271,114,allocated,176.82516080436034,225,69,271,331,existing,984.4682709168638,225,71,271,164,existing,1726.9863145950046,225,74,271,308,existing,1823.2836319106282,225,72,271,12,existing,1808.1185479869941,225,73,271,498,existing,2340.3130425089735,225,70,271,101,existing,2433.5089954194323
226,226,52,272,382,existing,538.3085157564433,226,52,272,276,existing,407.3445370124822,226,52,272,382,allocated,538.3085157564433,226,70,272,101,existing,1279.584701991083,226,69,272,331,existing,1624.092998697721,226,72,272,12,existing,1673.7796019245025,226,74,272,308,existing,1691.733201208055,226,71,272,164,existing,1754.9118353164922,226,73,272,498,existing,2208.7626118064004
227,227,52,273,382,existing,508.6358770827894,227,52,273,276,existing,437.01717568613606,227,52,273,382,allocated,508.6358770827894,227,70,273,101,existing,1309.2573406647368,227,69,273,331,existing,1653.7656373713749,227,72,273,12,existing,1703.4522405981565,227,74,273,308,existing,1721.4058398817092,227,71,273,164,existing,1784.5844739901463,227,73,273,498,existing,2238.4352504800545
228,228,68,274,642,existing,511.90652603540036,228,68,274,276,existing,320.2200592799269,228,68,274,382,allocated,625.4329934889986,228,70,274,101,existing,1227.7037393666508,228,69,274,331,existing,1711.2174764302763,228,72,274,12,existing,1760.9040796570578,228,74,274,308,existing,1778.8576789406104,228,73,274,498,existing,2295.8870895389555,228,71,274,164,existing,1842.0363130490477
229,229,68,275,642,existing,445.70686176508957,229,68,275,276,existing,254.02039500961607,229,68,275,382,allocated,691.6326577593095,229,70,275,101,existing,1161.50407509634,229,69,275,331,existing,1777.417140700587,229,72,275,12,existing,1827.1037439273687,229,74,275,308,existing,1845.0573432109213,229,73,275,498,existing,2362.0867538092666,229,71,275,164,existing,1908.2359773193584
230,230,68,276,642,existing,191.6864667554735,230,68,276,276,existing,0.0,230,68,276,707,allocated,737.496182333425,230,70,276,101,existing,1415.5244701059562,230,69,276,331,existing,2031.437535710203,230,74,276,308,existing,2099.0777382205374,230,72,276,12,existing,2081.1241389369848,230,71,276,164,existing,2162.2563723289745,230,73,276,498,existing,2616.1071488188827
231,231,68,277,642,existing,703.2336936689342,231,68,277,276,existing,511.5472269134607,231,68,277,707,allocated,827.2714631073636,231,70,277,101,existing,1927.0716970194167,231,69,277,331,existing,2193.923818548041,231,72,277,12,existing,2243.6104217748225,231,74,277,308,existing,2261.564021058375,231,71,277,164,existing,2324.7426551668123,231,73,277,498,existing,2778.59343165672
232,232,68,278,642,existing,660.872684729138,232,68,278,276,existing,469.1862179736644,232,68,278,707,allocated,699.2163522463077,232,70,278,101,existing,1884.7106880796205,232,69,278,331,existing,2065.8687076869846,232,72,278,12,existing,2115.5553109137663,232,74,278,308,existing,2133.508910197319,232,71,278,164,existing,2196.687544305756,232,73,278,498,existing,2650.5383207956643
233,233,57,279,498,existing,471.6290154534474,233,57,279,568,existing,717.3248371175819,233,57,279,498,allocated,471.6290154534474,233,73,279,498,existing,471.6290154534474,233,71,279,164,existing,560.1953072448505,233,74,279,308,existing,625.4119592557659,233,72,279,12,existing,641.3275406368402,233,69,279,331,existing,1831.1488619782792,233,70,279,101,existing,1759.069968911606
234,234,57,280,498,existing,602.736203724484,234,57,280,138,existing,779.5283930229339,234,57,280,498,allocated,602.736203724484,234,73,280,498,existing,602.736203724484,234,71,280,164,existing,691.3024955158871,234,72,280,12,existing,772.4347289078769,234,74,280,308,existing,756.5191475268025,234,70,280,101,existing,1890.1771571826425,234,69,280,331,existing,1843.535547973536
235,235,61,281,162,existing,509.88299120291697,235,61,281,138,existing,367.5172950646584,235,61,281,162,allocated,509.88299120291697,235,71,281,164,existing,1229.6097618186027,235,74,281,308,existing,1294.826413829518,235,72,281,12,existing,1310.7419952105924,235,69,281,331,existing,1430.1372630082897,235,70,281,101,existing,2256.7480153613124,235,73,281,498,existing,1515.2602040903034
236,236,61,282,162,existing,584.5510904703569,236,61,282,138,existing,442.1853943320984,236,61,282,162,allocated,584.5510904703569,236,71,282,164,existing,1304.2778610860425,236,74,282,308,existing,1369.494513096958,236,73,282,498,existing,1440.5921048228633,236,72,282,12,existing,1385.4100944780323,236,69,282,331,existing,1504.8053622757295,236,70,282,101,existing,2331.4161146287524
237,237,57,283,498,existing,570.3572209797424,237,57,283,529,existing,293.2652559190884,237,57,283,611,allocated,429.04237276476704,237,73,283,498,existing,570.3572209797424,237,74,283,308,existing,1087.3866315780876,237,71,283,164,existing,1186.47246425363,237,72,283,12,existing,1105.3402308616403,237,69,283,331,existing,2259.838622600393,237,70,283,101,existing,2223.082659136406
238,238,64,284,542,existing,226.25454688660705,238,64,284,353,existing,1268.1739461485313,238,64,284,91,existing,208.07728733006275,238,70,284,101,existing,409.85066287873093,238,72,284,12,existing,1527.5930911534967,238,74,284,308,existing,1545.5466904370494,238,71,284,164,existing,1608.7253245454865,238,73,284,498,existing,2062.576101035395,238,69,284,331,existing,2224.969351999111
239,239,64,285,542,existing,262.22386292810927,239,64,285,353,existing,1162.9780313516992,239,64,285,91,existing,280.40112248465357,239,70,285,101,existing,304.65474808189873,239,72,285,12,existing,1422.3971763566647,239,71,285,164,existing,1503.5294097486544,239,74,285,308,existing,1440.3507756402173,239,69,285,331,existing,2119.7734372022787,239,73,285,498,existing,1957.3801862385626
240,240,62,286,184,existing,483.1699679169754,240,62,286,138,existing,372.18012405729024,240,62,286,495,allocated,291.4133425861503,240,71,286,164,existing,1234.2725908112345,240,74,286,308,existing,1299.48924282215,240,69,286,331,existing,1434.8000920009213,240,72,286,12,existing,1315.4048242032243,240,73,286,498,existing,1592.049448928635,240,70,286,101,existing,2261.410844353944
241,241,62,287,184,existing,492.66593059057095,241,62,287,464,existing,489.54439123438885,241,62,287,114,allocated,263.52436473777067,241,69,287,331,existing,897.7690669834535,241,71,287,164,existing,1640.2871106615944,241,72,287,12,existing,1721.419344053584,241,74,287,308,existing,1736.584427977218,241,70,287,101,existing,2346.809791486022,241,73,287,498,existing,2253.613838575563
242,242,62,288,184,existing,588.0886023965314,242,62,288,464,existing,866.646730075299,242,62,288,600,allocated,499.2794760366964,242,69,288,331,existing,1944.010958769197,242,73,288,498,existing,1995.4831862270667,242,71,288,164,existing,2020.5388120054772,242,72,288,12,existing,2101.671045397467,242,70,288,101,existing,2782.924435303147,242,74,288,308,existing,2109.7183049880946
243,243,57,289,498,existing,604.3961934032546,243,57,289,529,existing,277.73090106927657,243,57,289,611,allocated,413.5080179149552,243,73,289,498,existing,604.3961934032546,243,74,289,308,existing,1121.4256040016,243,71,289,164,existing,1213.0446712843286,243,72,289,12,existing,1139.3792032851527,243,70,289,101,existing,2257.1216315599186,243,69,289,331,existing,2090.308566154854
244,244,62,290,184,existing,482.14984767025993,244,62,290,464,existing,479.02830831407783,244,62,290,50,allocated,341.310014152785,244,69,290,331,existing,1241.3812505902877,244,71,290,164,existing,1977.633982608092,244,72,290,12,existing,2058.766216000082,244,74,290,308,existing,2066.8134755907085,244,73,290,498,existing,2526.0980431860726,244,70,290,101,existing,2688.3099636035386
245,245,63,291,184,existing,587.2215802698665,245,63,291,464,existing,584.1000409136844,245,63,291,114,allocated,425.9304359082457,245,69,291,331,existing,1346.4529831898942,245,71,291,164,existing,2082.7057152076986,245,74,291,308,existing,2171.885208190315,245,72,291,12,existing,2163.8379485996884,245,73,291,498,existing,2631.169775785679,245,70,291,101,existing,2793.381696203145
246,246,62,292,184,existing,1044.2411084010528,246,62,292,138,existing,1228.0620484784606,246,62,292,495,allocated,877.8503950255194,246,73,292,498,existing,1501.4949376281113,246,71,292,164,existing,1950.0298889496341,246,74,292,308,existing,1960.7427848747109,246,72,292,12,existing,1978.6963841582635,246,69,292,331,existing,2044.7714421732244,246,70,292,101,existing,2883.684918707175
247,247,57,293,498,existing,28.89078167587289,247,57,293,529,existing,892.5132585747037,247,57,293,498,allocated,28.89078167587289,247,73,293,498,existing,28.89078167587289,247,74,293,308,existing,488.13862892247244,247,72,293,12,existing,506.0922282060251,247,71,293,164,existing,587.2244615980148,247,69,293,331,existing,1868.7923747214966,247,70,293,101,existing,1623.834656480791
248,248,54,294,419,existing,378.4664231642001,248,54,294,568,existing,384.5122797139471,248,54,294,308,allocated,303.43693760814915,248,71,294,164,existing,238.22028559723378,248,74,294,308,existing,303.43693760814915,248,73,294,498,existing,820.4663482064946,248,72,294,12,existing,319.3525189892236,248,70,294,101,existing,1432.1809294972372,248,69,294,331,existing,1407.9316816345633
249,249,53,295,630,existing,405.6657308242979,249,53,295,568,existing,304.5605367400951,249,53,295,318,existing,360.3137052233753,249,71,295,164,existing,318.17202857108583,249,74,295,308,existing,383.38868058200126,249,73,295,498,existing,793.819560257215,249,72,295,12,existing,399.30426196307565,249,70,295,101,existing,1420.2245918953024,249,69,295,331,existing,1395.9753440326285
250,250,68,296,642,existing,445.67285636598103,250,68,296,276,existing,253.9863896105075,250,68,296,707,allocated,659.6394752570333,250,70,296,101,existing,1669.5108597164635,250,69,296,331,existing,2026.2918306977103,250,72,296,12,existing,2075.978433924492,250,74,296,308,existing,2093.9320332080447,250,73,296,498,existing,2610.96144380639,250,71,296,164,existing,2157.1106673164822
251,251,59,297,314,existing,702.5476077855781,251,59,297,327,existing,719.8651733795247,251,59,297,328,allocated,485.911176600358,251,69,297,331,existing,635.0435448658967,251,71,297,164,existing,1403.8857738805357,251,72,297,12,existing,1485.0180072725254,251,74,297,308,existing,1500.1830911961597,251,70,297,101,existing,2110.4084547049633,251,73,297,498,existing,2017.212501794505
252,252,62,298,184,existing,432.3255593223821,252,62,298,464,existing,710.88368700115,252,62,298,495,allocated,265.93484594684895,252,69,298,331,existing,1432.8558930945537,252,71,298,164,existing,1509.3837463308341,252,74,298,308,existing,1598.563239313451,252,72,298,12,existing,1590.5159797228239,252,70,298,101,existing,2271.769369628504,252,73,298,498,existing,1959.9483145393817
253,253,63,299,184,existing,531.0417161063624,253,63,299,464,existing,809.5998437851301,253,63,299,495,allocated,364.65100273082925,253,69,299,331,existing,1531.572049878534,253,71,299,164,existing,1608.0999031148144,253,74,299,308,existing,1697.2793960974311,253,72,299,12,existing,1689.2321365068042,253,70,299,101,existing,2370.4855264124844,253,73,299,498,existing,2058.6644713233622
254,254,68,302,642,existing,494.45353264981617,254,68,302,276,existing,302.76706589434264,254,68,302,382,allocated,575.4954466335296,254,70,302,101,existing,1475.7734129698083,254,69,302,331,existing,1769.9971049384508,254,72,302,12,existing,1819.6837081652325,254,74,302,308,existing,1837.6373074487851,254,71,302,164,existing,1900.8159415572222,254,73,302,498,existing,2354.6667180471304
255,255,52,303,382,existing,506.99154628341864,255,52,303,276,existing,371.2709662444536,255,52,303,382,allocated,506.99154628341864,255,70,303,101,existing,1407.2695126196973,255,69,303,331,existing,1701.4932045883397,255,72,303,12,existing,1751.1798078151214,255,74,303,308,existing,1769.133407098674,255,71,303,164,existing,1832.3120412071114,255,73,303,498,existing,2286.1628176970194
256,256,59,304,314,existing,318.2227579398414,256,59,304,687,existing,451.98147588798975,256,59,304,328,allocated,270.8363501284392,256,69,304,331,existing,446.29290373047627,256,71,304,164,existing,1188.810947408617,256,74,304,308,existing,1285.1082647242406,256,72,304,12,existing,1269.9431808006066,256,70,304,101,existing,1895.3336282330447,256,73,304,498,existing,1802.137675322586
257,257,60,305,365,existing,144.17802177122854,257,60,305,327,existing,372.8276649006094,257,60,305,443,allocated,72.53541622445316,257,71,305,164,existing,534.0876125197923,257,72,305,12,existing,615.219845911782,257,74,305,308,existing,630.3849298354162,257,69,305,331,existing,781.9281973197208,257,73,305,498,existing,1147.4143404337615,257,70,305,101,existing,1166.2658619881834
258,258,54,308,419,existing,239.33197024250873,258,54,308,568,existing,630.7005982850934,258,54,308,308,allocated,0.0,258,74,308,308,existing,0.0,258,72,308,12,existing,17.95359928355266,258,73,308,498,existing,517.0294105983453,258,71,308,164,existing,99.08583267554246,258,69,308,331,existing,1380.6537457990241,258,70,308,101,existing,1135.6960275583185
259,259,51,309,570,existing,162.71164329809744,259,51,309,327,existing,399.7355222623156,259,51,309,443,allocated,45.62755886274695,259,71,309,164,existing,560.9954698814985,259,72,309,12,existing,640.5948451609107,259,74,309,308,existing,657.2927871971224,259,69,309,331,existing,755.0203399580146,259,73,309,498,existing,1174.3221977954677,259,70,309,101,existing,1139.3580046264772
260,260,51,310,570,existing,197.92590603938743,260,51,310,327,existing,434.9497850036056,260,51,310,443,allocated,80.84182160403692,260,71,310,164,existing,596.2097326227885,260,72,310,12,existing,675.8091079022007,260,74,310,308,existing,692.5070499384123,260,69,310,331,existing,790.2346026993046,260,70,310,101,existing,1174.5722673677672,260,73,310,498,existing,1209.5364605367577
261,261,59,312,314,existing,150.69359655049743,261,59,312,687,existing,284.36948848334504,261,59,312,314,allocated,150.69359655049743,261,69,312,331,existing,674.3246744761151,261,71,312,164,existing,1036.781003636655,261,72,312,12,existing,1117.9132370286447,261,74,312,308,existing,1125.960496619272,261,73,312,498,existing,1642.9899072176172,261,70,312,101,existing,1746.0963929627537
262,262,53,315,630,existing,32.3994950096587,262,53,315,568,existing,296.2583978579764,262,53,315,630,allocated,32.3994950096587,262,71,315,164,existing,557.5066032702243,262,72,315,12,existing,638.6388366622141,262,69,315,331,existing,1108.0985211980349,262,74,315,308,existing,646.686096252841,262,70,315,101,existing,1329.9454945788846,262,73,315,498,existing,1163.7155068511863
263,263,59,316,314,existing,34.03614484167732,263,59,316,687,existing,99.722573106471,263,59,316,314,allocated,34.03614484167732,263,69,316,331,existing,798.551806511995,263,71,316,164,existing,867.0533179562641,263,74,316,308,existing,956.2328109388809,263,72,316,12,existing,948.1855513482539,263,70,316,101,existing,1629.4389412539335,263,73,316,498,existing,1473.2622215372262
264,264,60,317,365,existing,276.808349436944,264,60,317,568,existing,401.3792049106378,264,60,317,318,allocated,133.36102132159232,264,71,317,164,existing,178.07381501337585,264,74,317,308,existing,243.29046702429122,264,73,317,498,existing,760.3198776226366,264,72,317,12,existing,259.20604840536566,264,70,317,101,existing,1193.2719079935193,264,69,317,331,existing,1169.0226601308457
265,265,57,319,498,existing,740.1632285619899,265,57,319,138,existing,642.1013681854281,265,57,319,498,allocated,740.1632285619899,265,73,319,498,existing,740.1632285619899,265,71,319,164,existing,828.7295203533929,265,74,319,308,existing,893.9461723643083,265,72,319,12,existing,909.8617537453827,265,69,319,331,existing,1706.1085231360303,265,70,319,101,existing,2027.6041820201485
266,266,61,320,162,existing,554.5414513872608,266,61,320,138,existing,412.17575524900224,266,61,320,162,allocated,554.5414513872608,266,71,320,164,existing,1274.2682220029465,266,74,320,308,existing,1339.4848740138618,266,72,320,12,existing,1355.4004553949362,266,69,320,331,existing,1474.7957231926334,266,70,320,101,existing,2301.406475545656,266,73,320,498,existing,1552.5017950649262
267,267,61,321,162,existing,599.2008999351998,267,61,321,138,existing,456.8352037969413,267,61,321,495,allocated,533.7679763492669,267,71,321,164,existing,1318.9276705508855,267,74,321,308,existing,1384.144322561801,267,72,321,12,existing,1400.0599039428753,267,73,321,498,existing,1507.8423465169874,267,70,321,101,existing,2346.065924093595,267,69,321,331,existing,1519.4551717405725
268,268,68,322,642,existing,472.5839746069184,268,68,322,276,existing,280.89750785144486,268,68,322,707,allocated,456.5986744819802,268,70,322,101,existing,1696.421977957401,268,69,322,331,existing,1823.2510299226572,268,72,322,12,existing,1872.9376331494389,268,74,322,308,existing,1890.8912324329915,268,73,322,498,existing,2407.920643031337,268,71,322,164,existing,1954.0698665414288
269,269,52,323,382,existing,511.7137290448369,269,52,323,276,existing,397.9331504243442,269,52,323,707,allocated,339.56303190908085,269,70,323,101,existing,1696.238109657171,269,69,323,331,existing,1706.2153873497577,269,74,323,308,existing,1773.855589860092,269,72,323,12,existing,1755.9019905765394,269,71,323,164,existing,1837.0342239685297,269,73,323,498,existing,2290.8850004584374
270,270,53,326,630,existing,351.82327195771404,270,53,326,568,existing,250.71807787351128,270,53,326,318,existing,306.4712463567915,270,71,326,164,existing,314.76586840066676,270,74,326,308,existing,379.9825204115822,270,73,326,498,existing,847.6620191237988,270,72,326,12,existing,395.8981017926566,270,70,326,101,existing,1366.3821330287185,270,69,326,331,existing,1342.1328851660446
271,271,59,328,314,existing,216.6364311852201,271,59,328,327,existing,233.95399677916674,271,59,328,328,allocated,0.0,271,69,328,331,existing,712.7241435003518,271,71,328,164,existing,917.9745972801778,271,74,328,308,existing,1014.2719145958016,271,72,328,12,existing,999.1068306721676,271,73,328,498,existing,1531.301325194147,271,70,328,101,existing,1624.4972781046054
272,272,59,329,314,existing,743.5439674859554,272,59,329,687,existing,877.3026854341036,272,59,329,114,allocated,298.80538150046937,272,69,329,331,existing,871.6141132765902,272,71,329,164,existing,1614.1321569547308,272,74,329,308,existing,1710.4294742703546,272,72,329,12,existing,1695.2643903467206,272,73,329,498,existing,2227.4588848687,272,70,329,101,existing,2320.6548377791587
273,273,51,330,570,existing,789.1397908804963,273,51,330,353,existing,861.1182520784174,273,51,330,330,allocated,0.0,273,69,330,331,existing,95.67715377216207,273,71,330,164,existing,1220.338656067351,273,72,330,12,existing,1267.0229927433095,273,74,330,308,existing,1284.9765920268621,273,70,330,101,existing,1719.441535348218,273,73,330,498,existing,1802.0060026252074
274,274,59,331,314,existing,764.5156616703177,274,59,331,687,existing,898.274379618466,274,59,331,330,allocated,95.67715377216207,274,69,331,331,existing,0.0,274,71,331,164,existing,1316.015809839513,274,72,331,12,existing,1362.7001465154715,274,74,331,308,existing,1380.6537457990241,274,70,331,101,existing,1815.1186891203802,274,73,331,498,existing,1897.6831563973694
275,275,55,333,570,existing,247.60137485496162,275,55,333,353,existing,254.8144526364219,275,55,333,333,existing,0.0,275,69,333,331,existing,706.1558831451667,275,72,333,12,existing,725.4845767177749,275,74,333,308,existing,743.4381760013275,275,71,333,164,existing,806.6168101097646,275,70,333,101,existing,1113.1377359062224,275,73,333,498,existing,1260.4675865996728
276,276,52,335,382,existing,196.68625117226904,276,52,335,353,existing,608.9209678508402,276,52,335,382,allocated,196.68625117226904,276,69,335,331,existing,1080.2281040011917,276,72,335,12,existing,1129.9147072279734,276,74,335,308,existing,1147.868306511526,276,71,335,164,existing,1211.0469406199632,276,73,335,498,existing,1664.8977171098713,276,70,335,101,existing,1467.2442511206407
277,277,68,336,642,existing,608.2371795897486,277,68,336,276,existing,738.0399926498231,277,68,336,526,allocated,657.3764436287508,277,70,336,101,existing,677.484477456133,277,72,336,12,existing,1730.4908974240152,277,69,336,331,existing,1749.7789592712625,277,74,336,308,existing,1748.4444967075679,277,71,336,164,existing,1811.623130816005,277,73,336,498,existing,2265.4739073059136
278,278,68,337,642,existing,370.678206191656,278,68,337,276,existing,500.4810192517306,278,68,337,526,allocated,894.9354170268434,278,70,337,101,existing,915.0434508542256,278,69,337,331,existing,1818.0914536622643,278,74,337,308,existing,1885.7316561725986,278,72,337,12,existing,1867.778056889046,278,73,337,498,existing,2402.761066770944,278,71,337,164,existing,1948.910290281036
279,279,57,341,498,existing,755.6744694038343,279,57,341,529,existing,620.9053333466064,279,57,341,611,allocated,485.12821650092786,279,73,341,498,existing,755.6744694038343,279,74,341,308,existing,1272.7038800021799,279,72,341,12,existing,1290.6574792857325,279,71,341,164,existing,1371.7897126777223,279,69,341,331,existing,2653.357625801204,279,70,341,101,existing,2408.3999075604984
280,280,68,347,642,existing,487.07025994381564,280,68,347,276,existing,384.088965499571,280,68,347,340,allocated,799.3764416830905,280,70,347,101,existing,1031.4355046063852,280,69,347,331,existing,1701.6993999101048,280,74,347,308,existing,1769.339602420439,280,72,347,12,existing,1751.3860031368863,280,73,347,498,existing,2286.3690130187842,280,71,347,164,existing,1832.518236528876
281,281,68,348,642,existing,518.3647179512164,281,68,348,276,existing,415.38342350697184,281,68,348,340,allocated,768.0819836756897,281,70,348,101,existing,1062.729962613786,281,69,348,331,existing,1670.404941902704,281,72,348,12,existing,1720.0915451294854,281,74,348,308,existing,1738.045144413038,281,71,348,164,existing,1801.2237785214752,281,73,348,498,existing,2255.0745550113834
282,282,57,349,498,existing,650.4735232754031,282,57,349,529,existing,340.37428914775035,282,57,349,611,allocated,476.15140599342897,282,73,349,498,existing,650.4735232754031,282,74,349,308,existing,1129.8280821522053,282,71,349,164,existing,1185.2713688098636,282,72,349,12,existing,1147.781681435758,282,69,349,331,existing,2027.6651780763805,282,70,349,101,existing,2265.5241097105236
283,283,67,351,584,existing,675.6992350126644,283,67,351,353,existing,790.0492539023,283,67,351,526,allocated,567.783643052895,283,70,351,101,existing,587.8916768802773,283,72,351,12,existing,1591.445910764924,283,74,351,308,existing,1609.3995100484767,283,69,351,331,existing,1615.4347497242818,283,73,351,498,existing,2126.428920646822,283,71,351,164,existing,1672.5781441569138
284,284,61,354,162,existing,794.8279086070486,284,61,354,138,existing,648.9219022640921,284,61,354,611,allocated,649.0737098291802,284,73,354,498,existing,922.3547914137426,284,71,354,164,existing,1370.8897427352656,284,74,354,308,existing,1381.602638660342,284,72,354,12,existing,1399.5562379438948,284,69,354,331,existing,1712.9290572146942,284,70,354,101,existing,2484.435643464202
285,285,67,359,584,existing,387.5812193542242,285,67,359,353,existing,501.9312382438598,285,67,359,584,allocated,387.5812193542242,285,70,359,101,existing,739.1224187554419,285,72,359,12,existing,1303.3278951064835,285,74,359,308,existing,1321.2814943900362,285,69,359,331,existing,1327.3167340658415,285,71,359,164,existing,1384.4601284984733,285,73,359,498,existing,1838.3109049883817
286,286,57,366,498,existing,423.1697900167363,286,57,366,529,existing,587.7847340366197,286,57,366,498,allocated,423.1697900167363,286,73,366,498,existing,423.1697900167363,286,74,366,308,existing,882.4176372633358,286,71,366,164,existing,937.8609239209941,286,72,366,12,existing,900.3712365468884,286,70,366,101,existing,2018.1136648216543,286,69,366,331,existing,2130.4015652342523
287,287,59,368,314,existing,702.0954322665743,287,59,368,687,existing,835.8541502147226,287,59,368,330,allocated,158.09738317590546,287,69,368,331,existing,62.4202294037434,287,71,368,164,existing,1378.4360392432563,287,72,368,12,existing,1425.120375919215,287,74,368,308,existing,1443.0739752027675,287,70,368,101,existing,1877.5389185241233,287,73,368,498,existing,1960.1033858011128
288,288,53,369,630,existing,566.6781156693238,288,53,369,568,existing,325.71892748375126,288,53,369,318,existing,536.4438220425304,288,71,369,164,existing,507.41586419874596,288,74,369,308,existing,572.6325162096614,288,72,369,12,existing,588.5480975907358,288,73,369,498,existing,773.8405717709326,288,70,369,101,existing,1596.3547087144575,288,69,369,331,existing,1510.0359080510143
289,289,61,370,162,existing,630.8727202249443,289,61,370,568,existing,420.04698377481634,289,61,370,687,allocated,606.506625642329,289,71,370,164,existing,601.743920489811,289,74,370,308,existing,666.9605725007264,289,72,370,12,existing,682.8761538818007,289,73,370,498,existing,868.1686280619977,289,69,370,331,existing,1504.7810052607952,289,70,370,101,existing,1690.6827650055225
290,290,61,371,162,existing,747.6284045163384,290,61,371,138,existing,557.5295346015869,290,61,371,687,allocated,723.262309933723,290,73,371,498,existing,824.7350621458311,290,71,371,164,existing,913.3013539372341,290,72,371,12,existing,994.4335873292239,290,74,371,308,existing,978.5180059481495,290,69,371,331,existing,1621.536689552189,290,70,371,101,existing,2112.1760156039895
291,291,61,372,162,existing,643.6264476256603,291,61,372,138,existing,453.52757771090876,291,61,372,687,allocated,619.2603530430449,291,73,372,498,existing,928.7370190365091,291,71,372,164,existing,1017.3033108279122,291,74,372,308,existing,1082.5199628388277,291,72,372,12,existing,1098.435544219902,291,70,372,101,existing,2130.849211556848,291,69,372,331,existing,1517.534732661511
292,292,52,373,382,existing,448.90763225996943,292,52,373,276,existing,483.9828203062874,292,52,373,707,allocated,425.612701791024,292,70,373,101,existing,1610.1884397752278,292,69,373,331,existing,1643.4092905648904,292,74,373,308,existing,1711.0494930752247,292,72,373,12,existing,1693.095893791672,292,73,373,498,existing,2228.07890367357,292,71,373,164,existing,1774.228127183662
293,293,52,374,382,existing,277.4002721728655,293,52,374,276,existing,632.2466072963156,293,52,374,707,allocated,262.12228676058675,293,69,374,331,existing,1471.9019304777864,293,72,374,12,existing,1521.5885337045681,293,71,374,164,existing,1602.7207670965581,293,74,374,308,existing,1539.5421329881208,293,70,374,101,existing,1781.6957998623316,293,73,374,498,existing,2056.5715435864663
294,294,52,375,382,existing,503.69229735192994,294,52,375,276,existing,538.7674853982479,294,52,375,707,allocated,480.39736688298444,294,70,375,101,existing,1555.4037746832673,294,69,375,331,existing,1698.193955656851,294,74,375,308,existing,1765.8341581671853,294,72,375,12,existing,1747.8805588836326,294,71,375,164,existing,1829.0127922756226,294,73,375,498,existing,2282.8635687655305
295,295,63,376,184,existing,270.8349194461092,295,63,376,464,existing,267.7133800899271,295,63,376,50,allocated,129.99508592863427,295,69,376,331,existing,1379.5902499851836,295,71,376,164,existing,1766.3190543839412,295,72,376,12,existing,1847.451287775931,295,74,376,308,existing,1855.498547366558,295,73,376,498,existing,2314.783114961922,295,70,376,101,existing,2476.995035379388
296,296,62,377,184,existing,305.3971156904567,296,62,377,464,existing,302.2755763342746,296,62,377,50,allocated,164.55728217298173,296,69,377,331,existing,1414.1524462295313,296,71,377,164,existing,1800.8812506282889,296,72,377,12,existing,1882.0134840202786,296,74,377,308,existing,1890.0607436109053,296,73,377,498,existing,2349.3453112062693,296,70,377,101,existing,2511.5572316237353
297,297,68,378,642,existing,291.8590828578207,297,68,378,276,existing,100.17261610234715,297,68,378,707,allocated,837.6687984357721,297,70,378,101,existing,1515.6970862083033,297,69,378,331,existing,2131.61015181255,297,72,378,12,existing,2181.296755039332,297,74,378,308,existing,2199.2503543228845,297,73,378,498,existing,2716.27976492123,297,71,378,164,existing,2262.4289884313216
298,298,68,379,642,existing,585.563606985876,298,68,379,276,existing,393.8771402304025,298,68,379,707,allocated,944.9415497904217,298,70,379,101,existing,1809.4016103363588,298,69,379,331,existing,2311.5939052310987,298,74,379,308,existing,2379.234107741433,298,72,379,12,existing,2361.2805084578804,298,73,379,498,existing,2896.2635183397783,298,71,379,164,existing,2442.41274184987
299,299,61,380,162,existing,335.8859366499232,299,61,380,138,existing,193.5202405116646,299,61,380,162,allocated,335.8859366499232,299,71,380,164,existing,1055.612707265609,299,74,380,308,existing,1120.8293592765244,299,69,380,331,existing,1256.1402084552956,299,72,380,12,existing,1136.7449406575988,299,70,380,101,existing,2082.7509608083183,299,73,380,498,existing,1413.3895653830095
300,300,62,381,184,existing,395.9423872896598,300,62,381,138,existing,459.4077046846058,300,62,381,495,allocated,204.18576195883472,300,71,381,164,existing,1321.50017143855,300,69,381,331,existing,1367.1083740853933,300,74,381,308,existing,1386.7168234494654,300,72,381,12,existing,1402.6324048305398,300,70,381,101,existing,2206.0218506193432,300,73,381,498,existing,1679.2770295559505
301,301,52,382,382,existing,0.0,301,52,382,353,existing,803.2432785056541,301,52,382,382,allocated,0.0,301,69,382,331,existing,1226.0468415474886,301,72,382,12,existing,1278.088332518016,301,74,382,308,existing,1296.0419318015686,301,71,382,164,existing,1359.220565910006,301,73,382,498,existing,1813.0713423999139,301,70,382,101,existing,1661.5665617754544
302,302,57,384,498,existing,752.5421853565657,302,57,384,529,existing,573.432685314768,302,57,384,611,allocated,709.2098021604467,302,73,384,498,existing,752.5421853565657,302,71,384,164,existing,1096.6662983900483,302,72,384,12,existing,1177.798531782038,302,74,384,308,existing,1161.8829504009636,302,70,384,101,existing,2295.540960056804,302,69,384,331,existing,1815.2641294796263
303,303,57,385,498,existing,818.4041524419529,303,57,385,529,existing,639.2946524001552,303,57,385,611,allocated,775.0717692458338,303,73,385,498,existing,818.4041524419529,303,71,385,164,existing,1041.1668267792843,303,74,385,308,existing,1106.3834787901997,303,72,385,12,existing,1122.299060171274,303,70,385,101,existing,2240.0414884460397,303,69,385,331,existing,1749.402162394239
304,304,59,386,314,existing,441.86315240689544,304,59,386,327,existing,459.18071800084203,304,59,386,328,allocated,225.22672122167532,304,69,386,331,existing,487.4974222786765,304,71,386,164,existing,1143.2013185018532,304,72,386,12,existing,1224.333551893843,304,74,386,308,existing,1239.498635817477,304,70,386,101,existing,1849.7239993262806,304,73,386,498,existing,1756.5280464158222
305,305,54,387,419,existing,325.0426710241485,305,54,387,568,existing,437.93603185399866,305,54,387,308,allocated,250.01318546809762,305,71,387,164,existing,184.79653345718225,305,74,387,308,existing,250.01318546809762,305,73,387,498,existing,767.0425960664429,305,72,387,12,existing,265.928766849172,305,70,387,101,existing,1378.7571773571856,305,69,387,331,existing,1354.5079294945117
306,306,53,388,630,existing,300.7174543422259,306,53,388,568,existing,199.6122602580231,306,53,388,630,allocated,300.7174543422259,306,71,388,164,existing,365.8716860161549,306,74,388,308,existing,431.08833802707034,306,73,388,498,existing,898.767836739287,306,72,388,12,existing,447.0039194081447,306,69,388,331,existing,1363.5105415432167,306,70,388,101,existing,1395.038852646134
307,307,63,389,184,existing,975.7964051926116,307,63,389,464,existing,1254.3545328713794,307,63,389,495,allocated,809.4056918170784,307,73,389,498,existing,1646.4538384977805,307,69,389,331,existing,1976.3267389647833,307,74,389,308,existing,2105.70168574438,307,71,389,164,existing,2052.8545922010635,307,72,389,12,existing,2123.6552850279327,307,70,389,101,existing,2815.2402154987335
308,308,63,390,184,existing,919.299409210802,308,63,390,464,existing,1197.8575368895697,308,63,390,600,allocated,830.490282850967,308,73,390,498,existing,1759.953458862772,308,69,390,331,existing,2089.826359329775,308,74,390,308,existing,2219.2013061093717,308,71,390,164,existing,2166.354212566055,308,70,390,101,existing,2928.739835863725,308,72,390,12,existing,2237.1549053929243
309,309,57,391,498,existing,727.876380724344,309,57,391,529,existing,417.7771465966913,309,57,391,611,allocated,497.838472633283,309,73,391,498,existing,727.876380724344,309,74,391,308,existing,1207.2309396011462,309,71,391,164,existing,1262.6742262588045,309,72,391,12,existing,1225.184538884699,309,69,391,331,existing,1989.1523409318947,309,70,391,101,existing,2342.9269671594648
310,310,65,396,306,existing,976.7804645174173,310,65,396,529,existing,553.1122401033444,310,65,396,611,allocated,417.3351232576658,310,73,396,498,existing,1269.3670397281912,310,74,396,308,existing,1786.3964503265368,310,71,396,164,existing,1885.4822830020792,310,72,396,12,existing,1804.3500496100894,310,69,396,331,existing,2713.178056497878,310,70,396,101,existing,2922.0924778848553
311,311,65,397,306,existing,993.4434596353934,311,65,397,529,existing,696.7949746449258,311,65,397,611,allocated,561.0178577992472,311,73,397,498,existing,1413.0497742697726,311,74,397,308,existing,1930.079184868118,311,71,397,164,existing,2029.1650175436605,311,72,397,12,existing,1948.0327841516707,311,69,397,331,existing,2585.0976928091764,311,70,397,101,existing,3065.7752124264366
312,312,53,399,630,existing,49.19034131964539,312,53,399,568,existing,279.4675515479897,312,53,399,630,allocated,49.19034131964539,312,71,399,164,existing,540.7157569602375,312,72,399,12,existing,621.8479903522273,312,69,399,331,existing,1111.9834285206364,312,74,399,308,existing,629.8952499428543,312,70,399,101,existing,1313.1546482688977,312,73,399,498,existing,1146.9246605411995
313,313,59,401,314,existing,308.05029492645184,313,59,401,687,existing,441.72618685929945,313,59,401,401,allocated,0.0,313,69,401,331,existing,1063.5794376292565,313,71,401,164,existing,1194.1377020126095,313,74,401,308,existing,1283.3171949952261,313,72,401,12,existing,1275.2699354045992,313,73,401,498,existing,1800.3466055935714,313,70,401,101,existing,1903.4530913387084
314,314,59,402,314,existing,258.5756757946056,314,59,402,687,existing,392.2515677274532,314,59,402,401,allocated,49.474619131846204,314,69,402,331,existing,1014.1048184974103,314,71,402,164,existing,1144.6630828807633,314,72,402,12,existing,1225.795316272753,314,74,402,308,existing,1233.84257586338,314,73,402,498,existing,1750.8719864617253,314,70,402,101,existing,1853.978472206862
315,315,62,404,184,existing,534.5659007766766,315,62,404,464,existing,813.1240284554443,315,62,404,600,allocated,299.34185793645486,315,69,404,331,existing,1900.8523630005036,315,71,404,164,existing,2030.0500357145088,315,72,404,12,existing,2111.1822691064986,315,74,404,308,existing,2119.2295286971253,315,73,404,498,existing,2578.5140962924893,315,70,404,101,existing,2740.7260167099553
316,316,62,406,184,existing,591.7958775443665,316,62,406,138,existing,480.8060336846814,316,62,406,495,allocated,400.03925221354143,316,71,406,164,existing,1342.8985004386257,316,74,406,308,existing,1408.115152449541,316,72,406,12,existing,1424.0307338306154,316,69,406,331,existing,1543.4260016283124,316,73,406,498,existing,1641.571070652713,316,70,406,101,existing,2370.036753981335
317,317,66,407,570,existing,422.17729747767487,317,66,407,353,existing,336.13311488487915,317,66,407,334,allocated,136.3226251132409,317,69,407,331,existing,850.3738961137065,317,72,407,12,existing,900.0604993404881,317,71,407,164,existing,981.1927327324779,317,74,407,308,existing,918.0140986240408,317,73,407,498,existing,1435.043509222386,317,70,407,101,existing,1132.3270488119438
318,318,65,408,306,existing,1261.613982367905,318,65,408,529,existing,465.6878975602184,318,65,408,611,allocated,329.9107807145398,318,73,408,498,existing,1329.3103744590494,318,74,408,308,existing,1846.3397850573947,318,71,408,164,existing,1945.425617732937,318,72,408,12,existing,1864.2933843409473,318,69,408,331,existing,2311.700496394607,318,70,408,101,existing,2982.035812615713
319,319,58,409,306,existing,1204.952054268583,319,58,409,529,existing,404.462288518946,319,58,409,611,allocated,268.68517167326746,319,73,409,498,existing,1268.084765417777,319,74,409,308,existing,1785.1141760161222,319,71,409,164,existing,1823.0742583538663,319,72,409,12,existing,1803.0677752996748,319,69,409,331,existing,2165.1135728332947,319,70,409,101,existing,2920.810203574441
320,320,61,410,162,existing,1234.261829226748,320,61,410,529,existing,459.5196064413749,320,61,410,611,allocated,323.74248959569627,320,73,410,498,existing,1319.4819891099144,320,71,410,164,existing,1768.0169404314374,320,74,410,308,existing,1778.729836356514,320,72,410,12,existing,1796.6834356400666,320,69,410,331,existing,2110.056254910866,320,70,410,101,existing,2881.5628411603734
321,321,52,411,382,existing,41.20634843426981,321,52,411,353,existing,764.4008705888394,321,52,411,382,allocated,41.20634843426981,321,69,411,331,existing,1235.7080067391908,321,72,411,12,existing,1285.3946099659724,321,74,411,308,existing,1303.348209249525,321,71,411,164,existing,1366.5268433579622,321,73,411,498,existing,1820.3776198478704,321,70,411,101,existing,1622.72415385864
322,322,57,412,498,existing,413.11732963159,322,57,412,568,existing,685.2627673657202,322,57,412,498,allocated,413.11732963159,322,73,412,498,existing,413.11732963159,322,71,412,164,existing,501.6836214229931,322,74,412,308,existing,566.9002734339085,322,72,412,12,existing,582.8158548149829,322,69,412,331,existing,1776.6775746582537,322,70,412,101,existing,1700.5582830897488
323,323,63,413,184,existing,356.93212334796215,323,63,413,138,existing,498.41796862630343,323,63,413,495,allocated,165.17549801713707,323,69,413,331,existing,1328.0981101436957,323,71,413,164,existing,1360.5104353802476,323,74,413,308,existing,1425.727087391163,323,72,413,12,existing,1441.6426687722374,323,73,413,498,existing,1718.287293497648,323,70,413,101,existing,2167.011586677646
324,324,62,414,184,existing,344.0560927280602,324,62,414,464,existing,622.614220406828,324,62,414,495,allocated,177.66537935252705,324,69,414,331,existing,1344.586426500232,324,71,414,164,existing,1421.1142797365121,324,72,414,12,existing,1502.2465131285019,324,74,414,308,existing,1510.293772719129,324,70,414,101,existing,2183.499903034182,324,73,414,498,existing,1888.1553368038942
325,325,63,415,184,existing,291.0702083673892,325,63,415,464,existing,569.628336046157,325,63,415,495,allocated,124.67949499185602,325,69,415,331,existing,1291.6005421395607,325,71,415,164,existing,1368.1283953758411,325,74,415,308,existing,1457.307888358458,325,72,415,12,existing,1449.260628767831,325,70,415,101,existing,2130.514018673511,325,73,415,498,existing,1916.592455953822
326,326,53,416,630,existing,510.2771428812692,326,53,416,568,existing,409.1719487970664,326,53,416,318,allocated,464.9251172803466,326,71,416,164,existing,422.7834406280571,326,74,416,308,existing,488.00009263897255,326,72,416,12,existing,503.91567402004694,326,73,416,498,existing,689.2081482002437,326,70,416,101,existing,1524.8360039522736,326,69,416,331,existing,1500.5867560896
327,327,53,417,630,existing,380.7044900301349,327,53,417,568,existing,279.5992959459321,327,53,417,318,existing,255.140930286298,327,71,417,164,existing,299.8537239780815,327,74,417,308,existing,365.07037598899694,327,73,417,498,existing,882.0997865873422,327,72,417,12,existing,380.98595737007133,327,70,417,101,existing,1315.0518169582251,327,69,417,331,existing,1290.8025690955512
328,328,53,418,630,existing,333.0398569716131,328,53,418,568,existing,231.93466288741033,328,53,418,318,allocated,302.80556334481975,328,71,418,164,existing,333.5492833867677,328,74,418,308,existing,398.76593539768305,328,73,418,498,existing,866.4454341098998,328,72,418,12,existing,414.6815167787575,328,70,418,101,existing,1362.7164500167469,328,69,418,331,existing,1338.467202154073
329,329,57,422,498,existing,665.8996614267463,329,57,422,529,existing,295.94104796596355,329,57,422,611,allocated,431.71816481164217,329,73,422,498,existing,665.8996614267463,329,74,422,308,existing,1182.9290720250915,329,71,422,164,existing,1282.014904700634,329,72,422,12,existing,1200.8826713086441,329,70,422,101,existing,2318.6250995834102,329,69,422,331,existing,2517.28071596521
330,330,58,423,306,existing,531.4409597775586,330,58,423,529,existing,653.7816721595227,330,58,423,445,allocated,115.66780562607902,330,73,423,498,existing,1015.9867829807895,330,74,423,308,existing,1533.016193579135,330,72,423,12,existing,1550.9697928626877,330,71,423,164,existing,1632.1020262546774,330,69,423,331,existing,2813.8474885540563,330,70,423,101,existing,2668.7122211374535
331,331,58,424,306,existing,393.14831962060805,331,58,424,529,existing,792.0743123164733,331,58,424,445,allocated,253.96044578302963,331,73,424,498,existing,877.694142823839,331,74,424,308,existing,1394.7235534221843,331,71,424,164,existing,1493.8093860977267,331,72,424,12,existing,1412.677152705737,331,70,424,101,existing,2530.419580980503,331,69,424,331,existing,2775.3772992212084
332,332,57,426,498,existing,678.6088734869251,332,57,426,529,existing,368.50963935927234,332,57,426,611,allocated,390.0437287353548,332,73,426,498,existing,678.6088734869251,332,74,426,308,existing,1195.6382840852702,332,71,426,164,existing,1264.4620112435346,332,72,426,12,existing,1213.591883368823,332,69,426,331,existing,2141.72590611406,332,70,426,101,existing,2331.334311643589
333,333,57,427,498,existing,912.10956896324,333,57,427,529,existing,292.32015010471855,333,57,427,611,allocated,156.54303325903996,333,73,427,498,existing,912.10956896324,333,74,427,308,existing,1429.138979561585,333,71,427,164,existing,1497.9627067198494,333,72,427,12,existing,1447.0925788451377,333,69,427,331,existing,2159.6745868244825,333,70,427,101,existing,2564.835007119904
334,334,64,428,542,existing,261.02251404141555,334,64,428,353,existing,1419.6082804260177,334,64,428,91,existing,242.84525448487125,334,70,428,101,existing,561.2849971562174,334,72,428,12,existing,1679.0274254309832,334,71,428,164,existing,1760.159658822973,334,74,428,308,existing,1696.9810247145358,334,69,428,331,existing,2376.4036862765975,334,73,428,498,existing,2214.0104353128813
335,335,62,429,184,existing,217.0644529772822,335,62,429,464,existing,213.9429136211001,335,62,429,50,allocated,76.22461945980726,335,69,429,331,existing,1325.819783516357,335,71,429,164,existing,1712.5485879151142,335,72,429,12,existing,1793.680821307104,335,74,429,308,existing,1801.728080897731,335,73,429,498,existing,2261.012648493095,335,70,429,101,existing,2423.224568910561
336,336,63,430,184,existing,1128.7748249173555,336,63,430,464,existing,1407.3329525961235,336,63,430,600,allocated,1039.9656985575205,336,73,430,498,existing,1726.6468796272397,336,71,430,164,existing,2175.1818309487626,336,74,430,308,existing,2185.894726873839,336,72,430,12,existing,2203.8483261573915,336,70,430,101,existing,3288.7277316776986,336,69,430,331,existing,2484.6971812900215
337,337,63,431,184,existing,954.9402856157668,337,63,431,464,existing,1233.4984132945347,337,63,431,600,allocated,866.1311592559317,337,73,431,498,existing,1900.4814189288286,337,69,431,331,existing,2310.8626419884326,337,74,431,308,existing,2359.7292661754277,337,71,431,164,existing,2349.0163702503514,337,70,431,101,existing,3149.7761185223826,337,72,431,12,existing,2377.6828654589804
338,338,61,432,162,existing,166.23228302650503,338,61,432,138,existing,23.866586888246452,338,61,432,162,allocated,166.23228302650503,338,71,432,164,existing,885.9590536421908,338,74,432,308,existing,951.1757056531062,338,72,432,12,existing,967.0912870341806,338,69,432,331,existing,1086.4865548318776,338,70,432,101,existing,1913.0973071849003,338,73,432,498,existing,1243.7359117595913
339,339,60,435,365,existing,142.4766607201044,339,60,435,327,existing,151.63434903234293,339,60,435,435,allocated,0.0,339,71,435,164,existing,532.3862514686682,339,72,435,12,existing,613.518484860658,339,69,435,331,existing,1034.3723424322282,339,74,435,308,existing,628.683568784292,339,73,435,498,existing,1145.7129793826373,339,70,435,101,existing,1238.9089322930959
340,340,59,436,314,existing,341.40773195091424,340,59,436,687,existing,475.1664498990625,340,59,436,328,allocated,294.021324139512,340,69,436,331,existing,469.47787774154904,340,71,436,164,existing,1211.9959214196897,340,72,436,12,existing,1293.1281548116795,340,74,436,308,existing,1308.2932387353135,340,73,436,498,existing,1825.3226493336588,340,70,436,101,existing,1918.5186022441176
341,341,59,437,314,existing,526.5871779463907,341,59,437,687,existing,660.345895894539,341,59,437,328,allocated,479.2007701349885,341,69,437,331,existing,654.6573237370255,341,71,437,164,existing,1397.1753674151664,341,74,437,308,existing,1493.47268473079,341,72,437,12,existing,1478.307600807156,341,73,437,498,existing,2010.5020953291353,341,70,437,101,existing,2103.698048239594
342,342,59,438,314,existing,755.8636894010842,342,59,438,327,existing,803.9127834969787,342,59,438,328,allocated,569.9587867178119,342,69,438,331,existing,530.6036203319591,342,71,438,164,existing,1257.5565942328624,342,74,438,308,existing,1353.8539115484862,342,72,438,12,existing,1338.6888276248521,342,70,438,101,existing,1852.1052459968614,342,73,438,498,existing,1870.8833221468315
343,343,52,439,382,existing,534.615369610629,343,52,439,276,existing,620.5156124245757,343,52,439,707,allocated,362.464672474873,343,69,439,331,existing,1729.11702791555,343,72,439,12,existing,1778.8036311423316,343,71,439,164,existing,1859.9358645343218,343,74,439,308,existing,1796.7572304258842,343,73,439,498,existing,2313.7866410242295,343,70,439,101,existing,1921.9200990171285
344,344,59,440,314,existing,649.0399930022242,344,59,440,687,existing,782.7987109503724,344,59,440,330,allocated,211.15282244025565,344,69,440,331,existing,115.47566866809358,344,71,440,164,existing,1431.4914785076066,344,72,440,12,existing,1478.1758151835652,344,74,440,308,existing,1496.1294144671178,344,70,440,101,existing,1930.5943577884736,344,73,440,498,existing,2013.1588250654631
345,345,59,441,314,existing,569.5125140653395,345,59,441,687,existing,703.2712320134877,345,59,441,330,allocated,290.6803013771403,345,69,441,331,existing,195.00314760497824,345,71,441,164,existing,1435.6955931755513,345,74,441,308,existing,1531.992910491175,345,72,441,12,existing,1516.827826567541,345,70,441,101,existing,2010.1218367253582,345,73,441,498,existing,2049.0223210895206
346,346,60,442,365,existing,711.1831306649261,346,60,442,327,existing,684.1798363498218,346,60,442,435,allocated,568.7064699448217,346,69,442,331,existing,687.0674931513315,346,71,442,164,existing,1101.09272141349,346,74,442,308,existing,1197.3900387291137,346,72,442,12,existing,1182.2249548054797,346,70,442,101,existing,1695.641373177489,346,73,442,498,existing,1714.419449327459
347,347,51,443,570,existing,175.42416355739076,347,51,443,327,existing,445.3630811250626,347,51,443,443,allocated,0.0,347,71,443,164,existing,606.6230287442454,347,72,443,12,existing,653.307365420204,347,74,443,308,existing,671.2609647037566,347,69,443,331,existing,709.3927810952675,347,73,443,498,existing,1188.290375302102,347,70,443,101,existing,1152.0705248857705
348,348,66,444,570,existing,371.54107973067005,348,66,444,327,existing,641.4799972983419,348,66,444,443,allocated,196.11691617327926,348,69,444,331,existing,513.2758649219883,348,71,444,164,existing,802.7399449175248,348,74,444,308,existing,867.377880877036,348,72,444,12,existing,849.4242815934833,348,70,444,101,existing,1348.18744105905,348,73,444,498,existing,1384.4072914753813
349,349,58,445,306,existing,647.1087654036377,349,58,445,529,existing,769.4494777856017,349,58,445,445,allocated,0.0,349,73,445,498,existing,1131.6545886068686,349,74,445,308,existing,1648.683999205214,349,71,445,164,existing,1747.7698318807563,349,72,445,12,existing,1666.6375984887666,349,70,445,101,existing,2784.3800267635324,349,69,445,331,existing,2929.5152941801352
350,350,65,446,306,existing,670.5159864603131,350,65,446,529,existing,608.3622367494663,350,65,446,445,allocated,165.31296857352535,350,73,446,498,existing,1296.967557180394,350,74,446,308,existing,1813.9969677787394,350,71,446,164,existing,1913.0828004542818,350,72,446,12,existing,1831.950567062292,350,69,446,331,existing,2768.428053144,350,70,446,101,existing,2949.6929953370577
351,351,68,447,642,existing,556.942339829685,351,68,447,276,existing,365.2558730742114,351,68,447,707,allocated,770.9089587207372,351,70,447,101,existing,1780.7803431801676,351,69,447,331,existing,2137.5613141614144,351,72,447,12,existing,2187.247917388196,351,74,447,308,existing,2205.201516671749,351,73,447,498,existing,2722.230927270094,351,71,447,164,existing,2268.3801507801863
352,352,62,448,184,existing,621.092538668863,352,62,448,464,existing,617.9709993126808,352,62,448,114,allocated,206.27362362834094,352,69,448,331,existing,1248.2756537053199,352,71,448,164,existing,1990.7936973834608,352,74,448,308,existing,2087.0910146990846,352,72,448,12,existing,2071.92593077545,352,73,448,498,existing,2604.1204252974294,352,70,448,101,existing,2697.316378207888
353,353,63,449,184,existing,718.2337205234643,353,63,449,464,existing,715.1121811672822,353,63,449,114,allocated,109.13244177373956,353,69,449,331,existing,1151.1344718507185,353,71,449,164,existing,1893.652515528859,353,74,449,308,existing,1989.949832844483,353,72,449,12,existing,1974.7847489208489,353,70,449,101,existing,2600.175196353287,353,73,449,498,existing,2506.979243442828
354,354,67,450,584,existing,539.5637371943925,354,67,450,353,existing,653.9137560840281,354,67,450,526,allocated,376.4212269829619,354,70,450,101,existing,503.40169301964045,354,72,450,12,existing,1455.310412946652,354,74,450,308,existing,1473.2640122302046,354,69,450,331,existing,1479.2992519060099,354,71,450,164,existing,1536.4426463386417,354,73,450,498,existing,1990.29342282855
355,355,61,451,162,existing,377.7251745795245,355,61,451,138,existing,235.35947844126588,355,61,451,162,allocated,377.7251745795245,355,71,451,164,existing,1097.45194519521,355,74,451,308,existing,1162.6685972061255,355,72,451,12,existing,1178.5841785871999,355,69,451,331,existing,1297.9794463848968,355,70,451,101,existing,2124.5901987379198,355,73,451,498,existing,1455.2288033126106
356,356,61,452,162,existing,404.81483318579313,356,61,452,138,existing,262.4491370475345,356,61,452,495,allocated,369.8731082661084,356,71,452,164,existing,1124.541603801479,356,74,452,308,existing,1189.7582558123943,356,72,452,12,existing,1205.6738371934687,356,69,452,331,existing,1325.0691049911654,356,73,452,498,existing,1482.3184619188794,356,70,452,101,existing,2151.6798573441883
357,357,57,453,498,existing,755.9334984664431,357,57,453,529,existing,576.8239984246454,357,57,453,611,allocated,610.7045356074694,357,73,453,498,existing,755.9334984664431,357,74,453,308,existing,1215.1813457130427,357,72,453,12,existing,1233.1349449965953,357,71,453,164,existing,1240.7301757523683,357,69,453,331,existing,1791.2154687994853,357,70,453,101,existing,2350.877373271361
358,358,63,454,184,existing,1181.9049049309747,358,63,454,464,existing,1460.4630326097424,358,63,454,495,allocated,1015.5141915554414,358,73,454,498,existing,1852.5623382361434,358,69,454,331,existing,2182.4352387031463,358,71,454,164,existing,2258.9630919394267,358,74,454,308,existing,2311.8101854827432,358,70,454,101,existing,3021.3487152370963,358,72,454,12,existing,2329.763784766296
359,359,62,455,184,existing,1105.820909248304,359,62,455,464,existing,1384.3790369270719,359,62,455,495,allocated,939.4301958727708,359,73,455,498,existing,1776.4783425534727,359,69,455,331,existing,2106.3512430204755,359,71,455,164,existing,2182.879096256756,359,74,455,308,existing,2235.7261898000725,359,70,455,101,existing,2945.264719554426,359,72,455,12,existing,2253.679789083625
360,360,57,456,498,existing,573.1654355131019,360,57,456,529,existing,740.8211218513372,360,57,456,498,allocated,573.1654355131019,360,73,456,498,existing,573.1654355131019,360,74,456,308,existing,1032.4132827597014,360,71,456,164,existing,1057.9621127990272,360,72,456,12,existing,1050.366882043254,360,70,456,101,existing,2168.1093103180197,360,69,456,331,existing,2246.292988528683
361,361,63,457,184,existing,1065.0470544209998,361,63,457,464,existing,1343.6051820997675,361,63,457,600,allocated,976.2379280611648,361,73,457,498,existing,1905.7011040729699,361,69,457,331,existing,2235.5740045399725,361,74,457,308,existing,2364.9489513195695,361,71,457,164,existing,2312.101857776253,361,70,457,101,existing,3074.487481073923,361,72,457,12,existing,2382.902550603122
362,362,68,458,642,existing,664.076764256574,362,68,458,276,existing,472.3902975011006,362,68,458,707,allocated,878.0433831476263,362,70,458,101,existing,1887.9147676070568,362,69,458,331,existing,2244.6957385883034,362,72,458,12,existing,2294.382341815085,362,74,458,308,existing,2312.3359410986377,362,73,458,498,existing,2829.3653516969835,362,71,458,164,existing,2375.5145752070753
363,363,52,459,382,existing,410.32355464775424,363,52,459,276,existing,499.32332482142675,363,52,459,707,allocated,238.17285751199825,363,69,459,331,existing,1604.8252129526752,363,72,459,12,existing,1654.511816179457,363,71,459,164,existing,1735.6440495714469,363,74,459,308,existing,1672.4654154630095,363,73,459,498,existing,2189.494826061355,363,70,459,101,existing,1797.6282840542535
364,364,52,460,382,existing,355.83662803460413,364,52,460,276,existing,553.8102514345769,364,52,460,707,allocated,183.68593089884814,364,69,460,331,existing,1550.3382863395252,364,72,460,12,existing,1600.024889566307,364,74,460,308,existing,1617.9784888498596,364,71,460,164,existing,1681.157122958297,364,73,460,498,existing,2135.0078994482046,364,70,460,101,existing,1852.1152106674037
365,365,64,461,542,existing,446.4097604334773,365,64,461,353,existing,1149.803810516951,365,64,461,101,allocated,291.48052724715063,365,70,461,101,existing,291.48052724715063,365,72,461,12,existing,1409.2229555219164,365,74,461,308,existing,1427.176554805469,365,71,461,164,existing,1490.3551889139062,365,73,461,498,existing,1944.2059654038144,365,69,461,331,existing,2106.5992163675305
366,366,64,462,542,existing,474.41048170947744,366,64,462,353,existing,1216.7881765537788,366,64,462,101,allocated,358.46489328397837,366,70,462,101,existing,358.46489328397837,366,72,462,12,existing,1476.2073215587443,366,74,462,308,existing,1494.160920842297,366,71,462,164,existing,1557.339554950734,366,73,462,498,existing,2011.1903314406422,366,69,462,331,existing,2173.5835824043584
367,367,63,463,184,existing,367.025376659667,367,63,463,464,existing,88.46724898089923,367,63,463,464,allocated,88.46724898089923,367,69,463,331,existing,1074.1372818073187,367,71,463,164,existing,1816.6553254854596,367,72,463,12,existing,1897.7875588774493,367,74,463,308,existing,1912.9526428010834,367,70,463,101,existing,2523.178006309887,367,73,463,498,existing,2410.9735721754796
368,368,62,464,184,existing,278.5581276787678,368,62,464,464,existing,0.0,368,62,464,464,allocated,0.0,368,69,464,331,existing,1162.604530788218,368,71,464,164,existing,1774.0422626165998,368,74,464,308,existing,1863.2217555992165,368,72,464,12,existing,1855.1744960085896,368,73,464,498,existing,2322.5063231945805,368,70,464,101,existing,2484.7182436120465
369,369,57,465,498,existing,489.40739452083596,369,57,465,529,existing,374.2150823779948,369,57,465,544,allocated,377.3001092850862,369,73,465,498,existing,489.40739452083596,369,74,465,308,existing,1006.4368051191814,369,72,465,12,existing,1024.390404402734,369,71,465,164,existing,1105.5226377947238,369,69,465,331,existing,2340.7884490592996,369,70,465,101,existing,2142.1328326774997
370,370,67,466,584,existing,486.0474416367812,370,67,466,353,existing,600.3974605264168,370,67,466,526,allocated,148.10949758274091,370,70,466,101,existing,275.08996361941945,370,72,466,12,existing,1319.633271731077,370,74,466,308,existing,1337.5868710146297,370,71,466,164,existing,1400.7655051230668,370,73,466,498,existing,1854.616281612975,370,69,466,331,existing,1557.1928663769963
371,371,67,467,584,existing,420.50451387518797,371,67,467,353,existing,534.8545327648236,371,67,467,526,allocated,82.56656982114774,371,70,467,101,existing,339.90528367705133,371,72,467,12,existing,1254.0903439694837,371,71,467,164,existing,1335.2225773614734,371,74,467,308,existing,1272.0439432530363,371,69,467,331,existing,1491.6499386154032,371,73,467,498,existing,1789.0733538513819
372,372,52,468,382,existing,603.2736962099698,372,52,468,276,existing,485.8615388301254,372,52,468,382,allocated,603.2736962099698,372,70,468,101,existing,1201.0677001734396,372,69,468,331,existing,1545.5759968800776,372,72,468,12,existing,1595.2626001068593,372,74,468,308,existing,1613.216199390412,372,71,468,164,existing,1676.394833498849,372,73,468,498,existing,2130.245609988757
373,373,58,469,306,existing,1023.5093430797338,373,58,469,529,existing,223.0195773300967,373,58,469,611,allocated,87.2424604844181,373,73,469,498,existing,1086.6420542289277,373,74,469,308,existing,1603.671464827273,373,71,469,164,existing,1702.7572975028154,373,72,469,12,existing,1621.6250641108256,373,69,469,331,existing,2383.0853937246306,373,70,469,101,existing,2739.3674923855915
374,374,65,470,306,existing,1064.5716552530291,374,65,470,529,existing,264.0818895033921,374,65,470,611,allocated,128.30477265771353,374,73,470,498,existing,1127.704366402223,374,74,470,308,existing,1644.7337770005684,374,71,470,164,existing,1743.8196096761108,374,72,470,12,existing,1662.687376284121,374,69,470,331,existing,2424.147705897926,374,70,470,101,existing,2780.4298045588866
375,375,59,471,314,existing,420.8542264148425,375,59,471,687,existing,554.6129443629908,375,59,471,328,allocated,373.46781860344026,375,69,471,331,existing,548.9243722054773,375,71,471,164,existing,1291.4424158836182,375,72,471,12,existing,1372.5746492756077,375,74,471,308,existing,1387.7397331992418,375,73,471,498,existing,1904.769143797587,375,70,471,101,existing,1997.9650967080458
376,376,58,472,306,existing,743.215287322131,376,58,472,529,existing,558.2600993094227,376,58,472,611,allocated,422.48298246374407,376,73,472,498,existing,1174.2211460392277,376,74,472,308,existing,1691.250556637573,376,71,472,164,existing,1790.3363893131154,376,72,472,12,existing,1709.2041559211257,376,69,472,331,existing,2738.7006025472665,376,70,472,101,existing,2826.946584195892
377,377,57,473,498,existing,573.3929582228196,377,57,473,529,existing,711.1500962655252,377,57,473,544,allocated,461.28567298706986,377,73,473,498,existing,573.3929582228196,377,74,473,308,existing,1090.422368821165,377,72,473,12,existing,1108.3759681047177,377,71,473,164,existing,1189.5082014967074,377,69,473,331,existing,2471.076114620189,377,70,473,101,existing,2226.1183963794833
378,378,57,474,498,existing,582.7257739181188,378,57,474,529,existing,643.4229252772427,378,57,474,544,allocated,470.61848868236893,378,73,474,498,existing,582.7257739181188,378,74,474,308,existing,1099.755184516464,378,72,474,12,existing,1117.7087838000166,378,71,474,164,existing,1198.8410171920063,378,70,474,101,existing,2235.4512120747827,378,69,474,331,existing,2480.4089303154883
379,379,68,475,642,existing,476.1431876591126,379,68,475,276,existing,284.45672090363905,379,68,475,707,allocated,573.7948826581353,379,70,475,101,existing,1699.9811910095952,379,69,475,331,existing,1940.4472380988122,379,74,475,308,existing,2008.0874406091466,379,72,475,12,existing,1990.133841325594,379,71,475,164,existing,2071.266074717584,379,73,475,498,existing,2525.116851207492
380,380,59,476,314,existing,841.7997957249925,380,59,476,327,existing,859.1173613189392,380,59,476,328,allocated,625.1633645397724,380,69,476,331,existing,774.2957328053112,380,71,476,164,existing,1377.9386265937649,380,74,476,308,existing,1474.2359439093889,380,72,476,12,existing,1459.0708599857546,380,70,476,101,existing,1972.487278357764,380,73,476,498,existing,1991.2653545077342
381,381,68,477,642,existing,437.57476689606233,381,68,477,276,existing,433.5844585473243,381,68,477,340,allocated,848.8719347308438,381,70,477,101,existing,981.9400115586319,381,69,477,331,existing,1751.194892957858,381,72,477,12,existing,1800.8814961846397,381,74,477,308,existing,1818.8350954681923,381,73,477,498,existing,2335.8645060665376,381,71,477,164,existing,1882.0137295766294
382,382,61,478,162,existing,439.68815715987427,382,61,478,138,existing,249.58928724512282,382,61,478,687,allocated,415.3220625772589,382,71,478,164,existing,886.4733905024112,382,74,478,308,existing,951.6900425133266,382,73,478,498,existing,1145.9745865482364,382,72,478,12,existing,967.605623894401,382,69,478,331,existing,1313.5964421957249,382,70,478,101,existing,1913.6116440451206
383,383,58,479,306,existing,731.4899271246475,383,58,479,529,existing,849.2721948727502,383,58,479,445,allocated,84.38116172100978,383,73,479,498,existing,1216.0357503278783,383,74,479,308,existing,1733.0651609262238,383,71,479,164,existing,1832.1509936017662,383,72,479,12,existing,1751.0187602097765,383,70,479,101,existing,2868.7611884845423,383,69,479,331,existing,3009.338011267284
384,384,68,482,642,existing,614.9554247412009,384,68,482,276,existing,464.9426137010173,384,68,482,707,allocated,1016.0070232610367,384,70,482,101,existing,1880.4670838069735,384,69,482,331,existing,2382.6593787017136,384,74,482,308,existing,2450.299581212048,384,72,482,12,existing,2432.3459819284953,384,73,482,498,existing,2967.3289918103933,384,71,482,164,existing,2513.478215320485
385,385,68,483,642,existing,371.4574490778893,385,68,483,276,existing,179.77098232241576,385,68,483,707,allocated,917.2671646558407,385,70,483,101,existing,1595.2954524283718,385,69,483,331,existing,2211.2085180326185,385,72,483,12,existing,2260.8951212594006,385,74,483,308,existing,2278.8487205429533,385,71,483,164,existing,2342.0273546513904,385,73,483,498,existing,2795.8781311412986
386,386,61,484,162,existing,881.984572508927,386,61,484,138,existing,736.0785661659704,386,61,484,611,allocated,736.2303737310586,386,73,484,498,existing,1009.5114553156211,386,71,484,164,existing,1458.0464066371442,386,72,484,12,existing,1486.7129018457733,386,74,484,308,existing,1468.7593025622207,386,69,484,331,existing,1800.0857211165726,386,70,484,101,existing,2571.59230736608
387,387,61,485,162,existing,865.2443707654961,387,61,485,138,existing,719.3383644225395,387,61,485,611,allocated,719.4901719876277,387,73,485,498,existing,992.7712535721901,387,71,485,164,existing,1441.3062048937131,387,72,485,12,existing,1469.9727001023423,387,74,485,308,existing,1452.0191008187896,387,69,485,331,existing,1783.3455193731415,387,70,485,101,existing,2554.852105622649
388,388,52,486,382,existing,404.2101263205117,388,52,486,276,existing,474.0523862073605,388,52,486,382,allocated,404.2101263205117,388,70,486,101,existing,1413.6830914270145,388,69,486,331,existing,1598.7117846254328,388,74,486,308,existing,1666.351987135767,388,72,486,12,existing,1648.3983878522145,388,71,486,164,existing,1729.5306212442044,388,73,486,498,existing,2183.3813977341124
389,389,54,487,419,existing,506.0836016092478,389,54,487,568,existing,576.5463560209391,389,54,487,308,allocated,431.05411605319694,389,71,487,164,existing,365.8374640422815,389,74,487,308,existing,431.05411605319694,389,73,487,498,existing,633.0340717792485,389,72,487,12,existing,446.9696974342713,389,70,487,101,existing,1564.712125709037,389,69,487,331,existing,1667.9611633134728
390,390,61,488,162,existing,547.9368723615783,390,61,488,568,existing,237.52817683016582,390,61,488,687,allocated,523.5707777789629,390,71,488,164,existing,595.6066148523314,390,74,488,308,existing,660.8232668632468,390,72,488,12,existing,676.7388482443212,390,73,488,498,existing,862.0313224245181,390,69,488,331,existing,1421.845157397429,390,70,488,101,existing,1684.5454593680429
391,391,64,489,542,existing,361.0260039680877,391,64,489,353,existing,1330.1726542951685,391,64,489,91,existing,342.84874441154335,391,70,489,101,existing,471.8493710253681,391,72,489,12,existing,1589.5917993001337,391,74,489,308,existing,1607.5453985836864,391,71,489,164,existing,1670.7240326921235,391,73,489,498,existing,2124.574809182032,391,69,489,331,existing,2286.968060145748
392,392,64,490,542,existing,400.89031059329227,392,64,490,353,existing,1290.308347669964,392,64,490,91,existing,382.7130510367479,392,70,490,101,existing,431.9850644001635,392,72,490,12,existing,1549.7274926749292,392,71,490,164,existing,1630.859726066919,392,74,490,308,existing,1567.6810919584818,392,69,490,331,existing,2247.1037535205433,392,73,490,498,existing,2084.710502556827
393,393,58,491,306,existing,641.8040236467518,393,58,491,529,existing,563.0845820919425,393,58,491,445,allocated,316.9961631747275,393,73,491,498,existing,1279.3393817167894,393,74,491,308,existing,1796.3687923151347,393,71,491,164,existing,1895.454624990677,393,72,491,12,existing,1814.3223915986873,393,69,491,331,existing,2723.150398486476,393,70,491,101,existing,2932.0648198734534
394,394,62,492,184,existing,211.1425975116036,394,62,492,464,existing,489.70072519037143,394,62,492,495,allocated,44.751884136070444,394,69,492,331,existing,1211.6729312837751,394,71,492,164,existing,1288.2007845200555,394,74,492,308,existing,1377.3802775026725,394,72,492,12,existing,1369.3330179120453,394,70,492,101,existing,2050.5864078177256,394,73,492,498,existing,1836.6648450980365
395,395,63,493,184,existing,470.6774711150677,395,63,493,464,existing,749.2355987938355,395,63,493,495,allocated,304.28675773953455,395,69,493,331,existing,1471.2078048872395,395,71,493,164,existing,1547.7356581235197,395,72,493,12,existing,1628.8678915155094,395,74,493,308,existing,1636.9151511061366,395,70,493,101,existing,2310.1212814211895,395,73,493,498,existing,1761.533958416887
396,396,59,494,314,existing,183.62172765411216,396,59,494,687,existing,317.29761958695974,396,59,494,494,existing,0.0,396,69,494,331,existing,939.1508703569168,396,71,494,164,existing,1069.7091347402697,396,74,494,308,existing,1158.8886277228867,396,72,494,12,existing,1150.8413681322595,396,73,494,498,existing,1675.918038321232,396,70,494,101,existing,1779.0245240663685
397,397,57,496,498,existing,817.6654019661348,397,57,496,529,existing,632.1335139392768,397,57,496,611,allocated,544.3843203815724,397,73,496,498,existing,817.6654019661348,397,74,496,308,existing,1276.9132492127344,397,72,496,12,existing,1294.866848496287,397,71,496,164,existing,1307.050390978265,397,69,496,331,existing,1771.8332997019502,397,70,496,101,existing,2412.6092767710525
398,398,57,499,498,existing,457.8237137192204,398,57,499,568,existing,797.625107378455,398,57,499,498,allocated,457.8237137192204,398,73,499,498,existing,457.8237137192204,398,74,499,308,existing,616.3603417967419,398,71,499,164,existing,640.4955775057236,398,72,499,12,existing,634.3139410802945,398,70,499,101,existing,1752.0563693550603,398,69,499,331,existing,1911.4491322391523
399,399,61,500,162,existing,572.8745888350219,399,61,500,138,existing,382.7757189202704,399,61,500,687,allocated,548.5084942524065,399,73,500,498,existing,1016.177267600041,399,71,500,164,existing,1104.743559391444,399,72,500,12,existing,1185.8757927834338,399,74,500,308,existing,1169.9602114023594,399,69,500,331,existing,1446.7828738708727,399,70,500,101,existing,2218.2894601203798
400,400,61,501,162,existing,1167.2097923683382,400,61,501,529,existing,433.11269221684086,400,61,501,611,allocated,297.33557537116224,400,73,501,498,existing,1252.4299522515048,400,71,501,164,existing,1700.9649035730279,400,72,501,12,existing,1729.631398781657,400,74,501,308,existing,1711.6777994981044,400,69,501,331,existing,2043.0042180524565,400,70,501,101,existing,2814.5108043019636
401,401,61,502,162,existing,940.0337702824327,401,61,502,529,existing,660.2887143027464,401,61,502,611,allocated,524.5115974570678,401,73,502,498,existing,1025.2539301655993,401,71,502,164,existing,1473.7888814871221,401,72,502,12,existing,1502.4553766957515,401,74,502,308,existing,1484.5017774121989,401,69,502,331,existing,1815.8281959665508,401,70,502,101,existing,2587.334782216058
402,402,57,503,498,existing,686.0930208131203,402,57,503,529,existing,506.9835207713227,402,57,503,611,allocated,642.7606376170013,402,73,503,498,existing,686.0930208131203,402,71,503,164,existing,1030.217133846603,402,72,503,12,existing,1111.3493672385925,402,74,503,308,existing,1095.4337858575184,402,70,503,101,existing,2229.0917955133586,402,69,503,331,existing,1881.7132940230715
403,403,57,504,498,existing,777.234678886082,403,57,504,529,existing,598.1251788442843,403,57,504,611,allocated,733.9022956899629,403,73,504,498,existing,777.234678886082,403,71,504,164,existing,1121.3587919195645,403,72,504,12,existing,1202.491025311554,403,74,504,308,existing,1186.5754439304799,403,70,504,101,existing,2320.23345358632,403,69,504,331,existing,1972.8549520960332
404,404,63,505,184,existing,501.8555555876867,404,63,505,464,existing,223.2974279089189,404,63,505,464,allocated,223.2974279089189,404,69,505,331,existing,1208.9674607353384,404,71,505,164,existing,1951.4855044134792,404,72,505,12,existing,2032.617737805469,404,74,505,308,existing,2047.782821729103,404,73,505,498,existing,2545.8037511034995,404,70,505,101,existing,2658.008185237907
405,405,63,506,184,existing,449.11587459788143,405,63,506,464,existing,170.55774691911364,405,63,506,464,allocated,170.55774691911364,405,69,506,331,existing,1156.227779745533,405,71,506,164,existing,1898.745823423674,405,72,506,12,existing,1979.8780568156637,405,74,506,308,existing,1995.0431407392978,405,70,506,101,existing,2605.2685042481016,405,73,506,498,existing,2493.0640701136945
406,406,64,507,542,existing,526.0936281476216,406,64,507,353,existing,1070.1199428028067,406,64,507,101,allocated,211.79665953300628,406,70,507,101,existing,211.79665953300628,406,72,507,12,existing,1329.5390878077721,406,74,507,308,existing,1347.4926870913248,406,71,507,164,existing,1410.671321199762,406,73,507,498,existing,1864.5220976896703,406,69,507,331,existing,2026.9153486533864
407,407,68,508,642,existing,620.2507970049876,407,68,508,276,existing,428.564330249514,407,68,508,707,allocated,1097.2191570033967,407,70,508,101,existing,1844.08880035547,407,69,508,331,existing,2460.001865959717,407,74,508,308,existing,2527.6420684700515,407,72,508,12,existing,2509.688469186499,407,71,508,164,existing,2590.8207025784886,407,73,508,498,existing,3044.671479068397
408,408,61,509,162,existing,434.79008271725377,408,61,509,568,existing,124.38138718584136,408,61,509,687,allocated,410.4239881346384,408,71,509,164,existing,689.8653334600194,408,74,509,308,existing,755.0819854709348,408,72,509,12,existing,770.9975668520092,408,73,509,498,existing,1047.64219157742,408,70,509,101,existing,1717.003587002729,408,69,509,331,existing,1308.6983677531043
409,409,61,510,162,existing,398.5580429629651,409,61,510,568,existing,88.14934743155267,409,61,510,687,allocated,374.19194838034974,409,71,510,164,existing,653.6332937057307,409,74,510,308,existing,718.8499457166461,409,73,510,498,existing,1011.4101518231312,409,72,510,12,existing,734.7655270977205,409,69,510,331,existing,1272.4663279988158,409,70,510,101,existing,1680.7715472484401
410,410,61,511,162,existing,316.23454673906747,410,61,511,138,existing,126.13567682431601,410,61,511,687,allocated,291.8684521564521,410,71,511,164,existing,865.688615272627,410,74,511,308,existing,930.9052672835423,410,72,511,12,existing,946.8208486646167,410,73,511,498,existing,1182.8068015478746,410,69,511,331,existing,1190.1428317749182,410,70,511,101,existing,1892.8268688153366
411,411,57,512,498,existing,406.32636318976574,411,57,512,529,existing,591.3572141624209,411,57,512,544,allocated,294.2190779540159,411,73,512,498,existing,406.32636318976574,411,74,512,308,existing,923.355773788111,411,72,512,12,existing,941.3093730716637,411,71,512,164,existing,1022.4416064636534,411,69,512,331,existing,2304.009519587135,411,70,512,101,existing,2059.0518013464293
412,412,59,513,314,existing,620.826002905617,412,59,513,464,existing,413.7083820919662,412,59,513,464,allocated,413.7083820919662,412,69,513,331,existing,748.8961486962518,412,71,513,164,existing,1491.4141923743925,412,72,513,12,existing,1572.546425766382,412,74,513,308,existing,1587.711509690016,412,73,513,498,existing,2104.7409202883614,412,70,513,101,existing,2197.93687319882
413,413,54,514,419,existing,386.58077383043565,413,54,514,568,existing,537.4003770905642,413,54,514,308,allocated,311.5512882743848,413,71,514,164,existing,246.33463626346935,413,74,514,308,existing,311.5512882743848,413,72,514,12,existing,327.46686965545916,413,73,514,498,existing,828.5806988727301,413,69,514,331,existing,1416.046032300799,413,70,514,101,existing,1440.2952801634729
414,414,61,515,162,existing,551.6452133883145,414,61,515,138,existing,361.54634347356307,414,61,515,687,allocated,527.2791188056992,414,71,515,164,existing,680.9714273264409,414,74,515,308,existing,746.1880793373563,414,72,515,12,existing,762.1036607184307,414,73,515,498,existing,947.3961348986275,414,69,515,331,existing,1425.5534984241654,414,70,515,101,existing,1769.9102718421523
415,415,65,516,306,existing,768.6015030448459,415,65,516,529,existing,689.8820614900366,415,65,516,445,allocated,443.79364257282157,415,73,516,498,existing,1406.1368611148832,415,74,516,308,existing,1923.1662717132288,415,71,516,164,existing,2022.2521043887712,415,72,516,12,existing,1941.1198709967814,415,70,516,101,existing,3058.8622992715473,415,69,516,331,existing,2849.94787788457
416,416,54,517,419,existing,331.9950553533046,416,54,517,568,existing,719.7796739291102,416,54,517,308,allocated,256.9655697972537,416,71,517,164,existing,191.74891778633832,416,74,517,308,existing,256.9655697972537,416,73,517,498,existing,723.0520332682447,416,72,517,12,existing,272.88115117832814,416,70,517,101,existing,1390.623579453094,416,69,517,331,existing,1501.3922027991534
417,417,54,518,419,existing,158.97273263266936,417,54,518,568,existing,546.7573512084749,417,54,518,308,allocated,83.94324707661846,417,71,518,164,existing,18.72659506570308,417,74,518,308,existing,83.94324707661846,417,73,518,498,existing,600.9726576749638,417,72,518,12,existing,99.85882845769288,417,69,518,331,existing,1328.3698800785182,417,70,518,101,existing,1217.6012567324588
418,418,54,519,419,existing,340.9158929170453,418,54,519,568,existing,728.7005114928509,418,54,519,308,allocated,265.88640736099444,418,71,519,164,existing,200.66975535007901,418,74,519,308,existing,265.88640736099444,418,73,519,498,existing,714.1311957045041,418,72,519,12,existing,281.80198874206883,418,69,519,331,existing,1510.3130403628943,418,70,519,101,existing,1399.5444170168346
419,419,68,520,642,existing,553.0109504089091,419,68,520,276,existing,361.32448365343566,419,68,520,707,allocated,537.025650283971,419,70,520,101,existing,1776.8489537593919,419,69,520,331,existing,1903.678005724648,419,72,520,12,existing,1953.3646089514298,419,74,520,308,existing,1971.3182082349824,419,73,520,498,existing,2488.347618833328,419,71,520,164,existing,2034.4968423434198
420,420,62,521,184,existing,390.85781802241485,420,62,521,464,existing,387.73627866623275,420,62,521,50,allocated,250.0179845049399,420,69,521,331,existing,1353.0405720485953,420,71,521,164,existing,1886.341952960247,420,72,521,12,existing,1967.4741863522368,420,74,521,308,existing,1975.5214459428635,420,73,521,498,existing,2434.8060135382275,420,70,521,101,existing,2597.0179339556935
421,421,59,522,314,existing,525.834325729952,421,59,522,687,existing,659.5930436781002,421,59,522,328,allocated,478.44791791854976,421,69,522,331,existing,653.9044715205869,421,71,522,164,existing,1396.4225151987275,421,72,522,12,existing,1477.5547485907173,421,74,522,308,existing,1492.7198325143513,421,73,522,498,existing,2009.7492431126966,421,70,522,101,existing,2102.9451960231554
422,422,62,523,184,existing,929.0385384418692,422,62,523,464,existing,1207.5966661206369,422,62,523,495,allocated,792.2992950578214,422,73,523,498,existing,1910.6087139620208,422,69,523,331,existing,1959.2203422055263,422,71,523,164,existing,2035.7481954418065,422,72,523,12,existing,2116.880428833796,422,70,523,101,existing,2798.1338187394767,422,74,523,308,existing,2124.9276884244236
423,423,63,524,184,existing,1256.1787646513153,423,63,524,138,existing,1351.9079021435837,423,63,524,495,allocated,1089.7880512757822,423,73,524,498,existing,1625.3407912932344,423,71,524,164,existing,2073.875742614757,423,72,524,12,existing,2102.5422378233866,423,74,524,308,existing,2084.588638539834,423,69,524,331,existing,2256.709098423487,423,70,524,101,existing,3095.6225749574373
424,424,63,525,184,existing,572.1514210791086,424,63,525,464,existing,569.0298817229265,424,63,525,114,allocated,281.51283723281716,424,69,525,331,existing,1323.514867309796,424,71,525,164,existing,2066.0329109879367,424,74,525,308,existing,2156.8150489995573,424,72,525,12,existing,2147.1651443799265,424,70,525,101,existing,2772.5555918123646,424,73,525,498,existing,2616.0996165949214
425,425,67,526,584,existing,378.6148133943099,425,67,526,353,existing,617.4211025859713,425,67,526,526,allocated,0.0,425,70,526,101,existing,257.33871385590356,425,72,526,12,existing,1171.523774148336,425,71,526,164,existing,1252.6560075403258,425,74,526,308,existing,1189.4773734318887,425,73,526,498,existing,1706.506784030234,425,69,526,331,existing,1574.216508436551
426,426,61,527,162,existing,442.80359432722844,426,61,527,138,existing,300.4378981889698,426,61,527,495,allocated,331.884347124673,426,71,527,164,existing,1162.5303649429143,426,74,527,308,existing,1227.7470169538296,426,69,527,331,existing,1363.0578661326008,426,72,527,12,existing,1243.662598334904,426,73,527,498,existing,1520.3072230603148,426,70,527,101,existing,2189.6686184856235
427,427,57,529,498,existing,863.6224768988309,427,57,529,529,existing,0.0,427,57,529,611,allocated,135.7771168456786,427,73,529,498,existing,863.6224768988309,427,74,529,308,existing,1380.6518874971762,427,71,529,164,existing,1479.7377201727186,427,72,529,12,existing,1398.6054867807288,427,69,529,331,existing,2368.0394672241305,427,70,529,101,existing,2516.3479150554945
428,428,65,530,306,existing,958.5153126870186,428,65,530,529,existing,158.02554693738165,428,65,530,611,allocated,22.24843009170306,428,73,530,498,existing,1021.6480238362126,428,74,530,308,existing,1538.6774344345579,428,71,530,164,existing,1637.7632671101003,428,72,530,12,existing,1556.6310337181105,428,69,530,331,existing,2318.0913633319155,428,70,530,101,existing,2674.3734619928764
429,429,65,531,306,existing,976.1123971144962,429,65,531,529,existing,175.62263136485922,429,65,531,611,allocated,39.84551451918061,429,73,531,498,existing,1039.24510826369,429,74,531,308,existing,1556.2745188620354,429,71,531,164,existing,1655.3603515375778,429,72,531,12,existing,1574.228118145588,429,69,531,331,existing,2300.494278904438,429,70,531,101,existing,2691.970546420354
430,430,58,532,306,existing,1019.8550702599116,430,58,532,529,existing,219.36530451027465,430,58,532,611,allocated,83.58818766459606,430,73,532,498,existing,1082.9877814091055,430,74,532,308,existing,1600.0171920074508,430,71,532,164,existing,1699.1030246829932,430,72,532,12,existing,1617.9707912910035,430,69,532,331,existing,2256.7516057590224,430,70,532,101,existing,2735.713219565769
431,431,58,533,306,existing,1084.8341925133868,431,58,533,529,existing,284.3444267637499,431,58,533,611,allocated,148.56730991807126,431,73,533,498,existing,1147.9669036625808,431,74,533,308,existing,1664.996314260926,431,71,533,164,existing,1764.0821469364685,431,72,533,12,existing,1682.9499135444787,431,69,533,331,existing,2191.7724835055474,431,70,533,101,existing,2800.6923418192446
432,432,57,534,498,existing,905.0960255632211,432,57,534,529,existing,269.429736898782,432,57,534,611,allocated,133.6526200531034,432,73,534,498,existing,905.0960255632211,432,74,534,308,existing,1422.1254361615665,432,71,534,164,existing,1513.7445034442953,432,72,534,12,existing,1440.0790354451192,432,69,534,331,existing,2182.565000030419,432,70,534,101,existing,2557.821463719885
433,433,57,535,498,existing,966.1293954173774,433,57,535,529,existing,208.3963670446257,433,57,535,611,allocated,72.6192501989471,433,73,535,498,existing,966.1293954173774,433,74,535,308,existing,1483.1588060157228,433,71,535,164,existing,1574.7778732984516,433,72,535,12,existing,1501.1124052992755,433,69,535,331,existing,2243.5983698845753,433,70,535,101,existing,2618.854833574041
434,434,65,536,306,existing,1172.670547392387,434,65,536,529,existing,372.1807816427502,434,65,536,611,allocated,236.40366479707163,434,73,536,498,existing,1235.803258541581,434,74,536,308,existing,1752.8326691399263,434,72,536,12,existing,1770.786268423479,434,71,536,164,existing,1761.8968141471184,434,69,536,331,existing,2103.936128626547,434,70,536,101,existing,2875.442714876054
435,435,57,537,498,existing,949.8983338967355,435,57,537,529,existing,330.1089150382141,435,57,537,611,allocated,194.3317981925355,435,73,537,498,existing,949.8983338967355,435,74,537,308,existing,1466.9277444950808,435,71,537,164,existing,1535.751471653345,435,72,537,12,existing,1484.8813437786334,435,69,537,331,existing,2121.8858218909872,435,70,537,101,existing,2602.623772053399
436,436,57,538,498,existing,968.2510784112421,436,57,538,529,existing,348.4616595527208,436,57,538,611,allocated,212.68454270704217,436,73,538,498,existing,968.2510784112421,436,74,538,308,existing,1485.2804890095872,436,71,538,164,existing,1547.8281561850454,436,72,538,12,existing,1503.2340882931398,436,69,538,331,existing,2103.5330773764804,436,70,538,101,existing,2620.976516567906
437,437,65,539,306,existing,1220.2730250967838,437,65,539,529,existing,419.783259347147,437,65,539,611,allocated,284.0061425014684,437,73,539,498,existing,1283.405736245978,437,71,539,164,existing,1795.8841908641339,437,74,539,308,existing,1800.4351468443233,437,72,539,12,existing,1818.388746127876,437,69,539,331,existing,2137.9235053435623,437,70,539,101,existing,2909.43009159307
438,438,57,540,498,existing,918.9930451472303,438,57,540,529,existing,442.4989250560752,438,57,540,611,allocated,306.72180821039666,438,73,540,498,existing,918.9930451472303,438,74,540,308,existing,1398.3476040240325,438,71,540,164,existing,1453.7908906816908,438,72,540,12,existing,1416.3012033075852,438,69,540,331,existing,2009.495811873126,438,70,540,101,existing,2534.043631582351
439,439,64,541,542,existing,187.15003741679703,439,64,541,353,existing,1087.904205840387,439,64,541,91,existing,205.32729697334133,439,70,541,101,existing,229.58092257058652,439,72,541,12,existing,1347.3233508453525,439,71,541,164,existing,1428.4555842373422,439,74,541,308,existing,1365.2769501289051,439,69,541,331,existing,2044.6996116909663,439,73,541,498,existing,1882.3063607272506
440,440,64,542,542,existing,0.0,440,64,542,353,existing,1275.054243257184,440,64,542,91,existing,18.17725955654431,440,70,542,101,existing,416.7309599873835,440,72,542,12,existing,1534.4733882621492,440,74,542,308,existing,1552.4269875457019,440,71,542,164,existing,1615.605621654139,440,69,542,331,existing,2231.8496491077635,440,73,542,498,existing,2069.4563981440474
441,441,57,543,498,existing,162.04245359644966,441,57,543,529,existing,742.8799810005462,441,57,543,544,allocated,91.5475734782538,441,73,543,498,existing,162.04245359644966,441,74,543,308,existing,679.0718641947949,441,72,543,12,existing,697.0254634783475,441,71,543,164,existing,778.1576968703373,441,69,543,331,existing,2059.725609993819,441,70,543,101,existing,1814.7678917531134
442,442,59,547,314,existing,512.6349435331398,442,59,547,687,existing,646.3936614812881,442,59,547,328,allocated,465.24853572173754,442,69,547,331,existing,640.7050893237746,442,71,547,164,existing,1383.2231330019154,442,72,547,12,existing,1464.3553663939051,442,74,547,308,existing,1479.5204503175391,442,70,547,101,existing,2089.7458138263432,442,73,547,498,existing,1996.5498609158844
443,443,52,548,382,existing,281.3556007017183,443,52,548,276,existing,783.4045723030022,443,52,548,382,allocated,281.3556007017183,443,69,548,331,existing,1341.1674485801022,443,72,548,12,existing,1390.854051806884,443,74,548,308,existing,1408.8076510904366,443,71,548,164,existing,1471.9862851988737,443,70,548,101,existing,1477.8932777289783,443,73,548,498,existing,1925.837061688782
444,444,58,549,306,existing,815.9652750151994,444,58,549,529,existing,737.24583346039,444,58,549,445,allocated,491.157414543175,444,73,549,498,existing,1453.5006330852368,444,74,549,308,existing,1970.5300436835823,444,71,549,164,existing,2069.6158763591247,444,72,549,12,existing,1988.483642967135,444,69,549,331,existing,2897.311649854924,444,70,549,101,existing,3106.2260712419006
445,445,59,550,314,existing,511.8565086693591,445,59,550,687,existing,645.6152266175073,445,59,550,330,allocated,348.3363067731208,445,69,550,331,existing,252.65915300095867,445,71,550,164,existing,1378.0395877795709,445,74,550,308,existing,1474.3369050951947,445,72,550,12,existing,1459.1718211715606,445,70,550,101,existing,2067.777842121339,445,73,550,498,existing,1991.36631569354
446,446,59,551,314,existing,674.5792878486517,446,59,551,687,existing,808.3380057968,446,59,551,330,allocated,511.0590859524134,446,69,551,331,existing,415.3819321802513,446,71,551,164,existing,1540.7623669588636,446,74,551,308,existing,1637.0596842744874,446,72,551,12,existing,1621.8946003508534,446,70,551,101,existing,2230.500621300631,446,73,551,498,existing,2154.0890948728324
447,447,64,552,542,existing,497.15348292617045,447,64,552,353,existing,1006.0978467934136,447,64,552,101,allocated,147.77456352361327,447,70,552,101,existing,147.77456352361327,447,72,552,12,existing,1265.5169917983792,447,74,552,308,existing,1283.4705910819318,447,71,552,164,existing,1346.649225190369,447,73,552,498,existing,1800.5000016802771,447,69,552,331,existing,1962.893252643993
448,448,59,554,314,existing,692.0915181592067,448,59,554,327,existing,740.1406122551011,448,59,554,328,allocated,506.1866154759344,448,69,554,331,existing,466.8314490900815,448,71,554,164,existing,1321.32876547474,448,72,554,12,existing,1402.4609988667298,448,74,554,308,existing,1417.6260827903639,448,70,554,101,existing,1915.8774172387389,448,73,554,498,existing,1934.6554933887091
449,449,63,556,184,existing,689.045987570564,449,63,556,464,existing,967.6041152493318,449,63,556,495,allocated,522.6552741950309,449,69,556,331,existing,1689.5763213427358,449,73,556,498,existing,1749.6460890240414,449,71,556,164,existing,1766.1041745790158,449,72,556,12,existing,1847.2364079710055,449,74,556,308,existing,1855.2836675616327,449,70,556,101,existing,2528.4897978766858
450,450,59,557,314,existing,211.66627775977645,450,59,557,687,existing,345.4249957079247,450,59,557,328,allocated,201.84905701360674,450,69,557,331,existing,749.7282874987044,450,71,557,164,existing,887.4155717396145,450,72,557,12,existing,968.5478051316043,450,74,557,308,existing,983.7128890552383,450,70,557,101,existing,1593.9382525640422,450,73,557,498,existing,1500.7422996535836
451,451,54,559,419,existing,408.7534558774491,451,54,559,568,existing,559.5730591375776,451,54,559,308,allocated,333.72397032139816,451,71,559,164,existing,268.5073183104828,451,74,559,308,existing,333.72397032139816,451,72,559,12,existing,349.6395517024726,451,73,559,498,existing,837.6251057980197,451,69,559,331,existing,1438.2187143478122,451,70,559,101,existing,1462.4679622104861
452,452,61,561,162,existing,1138.5606532660113,452,61,561,138,existing,992.6546469230549,452,61,561,611,allocated,992.8064544881431,452,73,561,498,existing,1266.0875360727055,452,71,561,164,existing,1714.6224873942285,452,74,561,308,existing,1725.335383319305,452,72,561,12,existing,1743.2889826028577,452,69,561,331,existing,2056.661801873657,452,70,561,101,existing,2828.1683881231647
453,453,61,562,162,existing,835.233322315301,453,61,562,138,existing,645.1344524005495,453,61,562,687,allocated,810.8672277326857,453,73,562,498,existing,858.6647074850404,453,71,562,164,existing,1000.9062717361968,453,72,562,12,existing,1082.0385051281864,453,74,562,308,existing,1066.122923747112,453,70,562,101,existing,2199.7809334029525,453,69,562,331,existing,1709.1416073511518
454,454,68,563,642,existing,386.9116821878306,454,68,563,276,existing,195.22521543235706,454,68,563,707,allocated,932.7213977657821,454,70,563,101,existing,1610.7496855383133,454,69,563,331,existing,2226.66275114256,454,74,563,308,existing,2294.3029536528948,454,72,563,12,existing,2276.349354369342,454,71,563,164,existing,2357.481587761332,454,73,563,498,existing,2811.3323642512396
455,455,68,564,642,existing,446.025453196032,455,68,564,276,existing,254.33898644055853,455,68,564,382,allocated,623.9235260873137,455,70,564,101,existing,1524.2014924235925,455,69,564,331,existing,1818.4251843922348,455,72,564,12,existing,1868.1117876190165,455,74,564,308,existing,1886.0653869025691,455,71,564,164,existing,1949.2440210110065,455,73,564,498,existing,2403.0947975009144
456,456,68,565,642,existing,288.05531058795395,456,68,565,276,existing,96.36884383248044,456,68,565,707,allocated,641.1273385009446,456,70,565,101,existing,1511.8933139384367,456,69,565,331,existing,1976.3953270003128,456,72,565,12,existing,2026.0819302270945,456,74,565,308,existing,2044.0355295106472,456,71,565,164,existing,2107.2141636190845,456,73,565,498,existing,2561.0649401089922
457,457,61,566,162,existing,1098.1722887405813,457,61,566,138,existing,952.2662823976249,457,61,566,611,allocated,952.4180899627131,457,73,566,498,existing,1225.6991715472755,457,71,566,164,existing,1674.2341228687985,457,74,566,308,existing,1684.947018793875,457,72,566,12,existing,1702.9006180774277,457,69,566,331,existing,2016.2734373482272,457,70,566,101,existing,2787.7800235977347
458,458,57,567,498,existing,872.7045844052327,458,57,567,529,existing,488.78738579807293,458,57,567,611,allocated,353.0102689523943,458,73,567,498,existing,872.7045844052327,458,74,567,308,existing,1352.059143282035,458,71,567,164,existing,1407.5024299396932,458,72,567,12,existing,1370.0127425655876,458,69,567,331,existing,2055.7842726151234,458,70,567,101,existing,2487.7551708403535
459,459,53,568,630,existing,328.65789286763504,459,53,568,568,existing,0.0,459,53,568,630,allocated,328.65789286763504,459,71,568,164,existing,565.483946274178,459,74,568,308,existing,630.7005982850934,459,73,568,498,existing,1098.3800969973101,459,72,568,12,existing,646.6161796661678,459,70,568,101,existing,1592.6221998168876,459,69,568,331,existing,1360.6156754303684
460,460,53,569,630,existing,364.90516022561167,460,53,569,568,existing,36.247267357976625,460,53,569,630,allocated,364.90516022561167,460,71,569,164,existing,601.7312136321547,460,74,569,308,existing,666.94786564307,460,73,569,498,existing,1063.3122318967073,460,72,569,12,existing,682.8634470241444,460,70,569,101,existing,1628.8694671748642,460,69,569,331,existing,1324.3684080723917
461,461,68,571,642,existing,16.674361872555203,461,68,571,276,existing,175.0121048829183,461,68,571,707,allocated,912.5082872163433,461,70,571,101,existing,1269.0472951733263,461,69,571,331,existing,2172.095297981365,461,72,571,12,existing,2221.781901208147,461,74,571,308,existing,2239.7355004916994,461,71,571,164,existing,2302.9141346001365,461,73,571,498,existing,2756.7649110900443
462,462,59,572,314,existing,704.0001128892059,462,59,572,687,existing,837.7588308373541,462,59,572,234,allocated,426.73817007577827,462,69,572,331,existing,832.0702586798407,462,71,572,164,existing,1574.5883023579813,462,72,572,12,existing,1655.720535749971,462,74,572,308,existing,1670.885619673605,462,73,572,498,existing,2187.9150302719504,462,70,572,101,existing,2281.110983182409
463,463,57,573,498,existing,607.5108343623243,463,57,573,529,existing,297.4116002346716,463,57,573,611,allocated,433.1887170803502,463,73,573,498,existing,607.5108343623243,463,74,573,308,existing,1124.5402449606695,463,71,573,164,existing,1193.3639721189338,463,72,573,12,existing,1142.4938442442221,463,69,573,331,existing,2070.627866989459,463,70,573,101,existing,2260.236272518988
464,464,66,574,570,existing,523.2203122383734,464,66,574,353,existing,534.0272641008211,464,66,574,586,allocated,217.05554535535225,464,69,574,331,existing,422.7681417497585,464,71,574,164,existing,954.419177425228,464,74,574,308,existing,1019.0571133847392,464,72,574,12,existing,1001.1035141011865,464,70,574,101,existing,1392.3505473706216,464,73,574,498,existing,1536.0865239830844
465,465,58,577,306,existing,336.4183593476397,465,58,577,529,existing,840.9875045796475,465,58,577,306,allocated,336.4183593476397,465,73,577,498,existing,767.4242180647365,465,74,577,308,existing,1284.4536286630819,465,71,577,164,existing,1383.5394613386243,465,72,577,12,existing,1302.4072279466345,465,70,577,101,existing,2420.1496562214,465,69,577,331,existing,2665.1073744621062
466,466,63,579,184,existing,739.6268226550669,466,63,579,464,existing,1018.1849503338349,466,63,579,495,allocated,573.2361092795338,466,69,579,331,existing,1740.1571564272388,466,73,579,498,existing,1800.2269241085442,466,72,579,12,existing,1897.8172430555087,466,71,579,164,existing,1816.685009663519,466,74,579,308,existing,1905.8645026461359,466,70,579,101,existing,2579.070632961189
467,467,65,580,306,existing,755.6113414510029,467,65,580,529,existing,693.4575917401561,467,65,580,445,allocated,240.1957648536038,467,73,580,498,existing,1371.8503534604724,467,74,580,308,existing,1888.8797640588177,467,71,580,164,existing,1987.9655967343601,467,72,580,12,existing,1906.8333633423704,467,69,580,331,existing,2853.52340813469,467,70,580,101,existing,3024.575791617136
468,468,67,582,584,existing,239.53312186115,468,67,582,353,existing,507.37591548607656,468,67,582,526,allocated,139.08169153315995,468,70,582,101,existing,350.9473677837239,468,72,582,12,existing,1142.3786286762454,468,74,582,308,existing,1160.332227959798,468,71,582,164,existing,1223.5108620682352,468,69,582,331,existing,1464.171321336656,468,73,582,498,existing,1677.3616385581436
469,469,67,583,584,existing,204.57457944931798,469,67,583,353,existing,472.41737307424455,469,67,583,526,allocated,174.04023394499194,469,70,583,101,existing,385.9059101955559,469,72,583,12,existing,1120.3212552015775,469,71,583,164,existing,1201.4534885935673,469,74,583,308,existing,1138.2748544851302,469,69,583,331,existing,1429.2127789248243,469,73,583,498,existing,1655.3042650834755
470,470,67,584,584,existing,0.0,470,67,584,353,existing,267.84279362492657,470,67,584,584,allocated,0.0,470,70,584,101,existing,590.4804896448738,470,72,584,12,existing,915.7466757522595,470,74,584,308,existing,933.7002750358122,470,71,584,164,existing,996.8789091442493,470,69,584,331,existing,1224.638199475506,470,73,584,498,existing,1450.7296856341575
471,471,51,585,570,existing,263.95777355392124,471,51,585,353,existing,266.9959214043725,471,51,585,333,allocated,16.356398698959623,471,69,585,331,existing,689.7994844462071,471,72,585,12,existing,741.8409754167344,471,71,585,164,existing,822.9732088087243,471,74,585,308,existing,759.7945747002871,471,73,585,498,existing,1276.8239852986324,471,70,585,101,existing,1125.3192046741729
472,472,55,586,570,existing,313.9335708950176,472,55,586,353,existing,316.9717187454688,472,55,586,586,allocated,0.0,472,69,586,331,existing,639.8236871051108,472,72,586,12,existing,791.8167727578308,472,71,586,164,existing,872.9490061498207,472,74,586,308,existing,809.7703720413834,472,70,586,101,existing,1175.2950020152693,472,73,586,498,existing,1326.7997826397286
473,473,52,587,382,existing,339.5134486460509,473,52,587,276,existing,612.4821561461822,473,52,587,707,allocated,125.01402618724289,473,69,587,331,existing,1565.5602901935395,473,72,587,12,existing,1615.3434669124072,473,74,587,308,existing,1633.2970661959598,473,71,587,164,existing,1696.4757003043972,473,73,587,498,existing,2150.3264767943056,473,70,587,101,existing,1910.787115379009
474,474,66,588,570,existing,396.78070229879086,474,66,588,353,existing,399.8188501492421,474,66,588,586,allocated,82.84713140377325,474,69,588,331,existing,556.9765557013375,474,72,588,12,existing,874.663904161604,474,74,588,308,existing,892.6175034451567,474,71,588,164,existing,955.7961375535939,474,70,588,101,existing,1258.1421334190427,474,73,588,498,existing,1409.646914043502
475,475,52,589,382,existing,776.1485602351875,475,52,589,276,existing,658.736402855343,475,52,589,340,allocated,727.6199179749779,475,70,589,101,existing,1103.6018304105721,475,69,589,331,existing,1629.942876201992,475,74,589,308,existing,1697.5830787123261,475,72,589,12,existing,1679.6294794287735,475,71,589,164,existing,1760.7617128207633,475,73,589,498,existing,2214.6124893106717
476,476,67,590,584,existing,728.4958756772061,476,67,590,276,existing,672.6085539186541,476,67,590,340,allocated,638.3387726493165,476,70,590,101,existing,1014.3206850849109,476,69,590,331,existing,1540.661730876331,476,74,590,308,existing,1608.301933386665,476,72,590,12,existing,1590.3483341031124,476,73,590,498,existing,2125.3313439850103,476,71,590,164,existing,1671.4805674951022
477,477,52,593,382,existing,753.1050637853875,477,52,593,276,existing,635.6929064055432,477,52,593,340,allocated,750.6634144247776,477,70,593,101,existing,1126.645326860372,477,69,593,331,existing,1652.986372651792,477,74,593,308,existing,1720.626575162126,477,72,593,12,existing,1702.6729758785734,477,71,593,164,existing,1783.8052092705632,477,73,593,498,existing,2237.655985760471
478,478,63,594,184,existing,458.062746814075,478,63,594,464,existing,736.6208744928427,478,63,594,603,allocated,25.75001249648561,478,69,594,331,existing,1824.3492090379018,478,71,594,164,existing,1953.546881751907,478,74,594,308,existing,2042.7263747345237,478,72,594,12,existing,2034.6791151438968,478,70,594,101,existing,2664.2228627473537,478,73,594,498,existing,2502.0109423298877
479,479,52,595,382,existing,535.3590535659434,479,52,595,353,existing,541.5555744111755,479,52,595,340,allocated,459.22005342946983,479,70,595,101,existing,1223.8898248647529,479,69,595,331,existing,1361.543011656484,479,74,595,308,existing,1429.1832141668183,479,72,595,12,existing,1411.2296148832656,479,71,595,164,existing,1492.3618482752554,479,73,595,498,existing,1946.2126247651636
480,480,67,596,584,existing,509.6494860123697,480,67,596,353,existing,623.9995049020054,480,67,596,526,allocated,171.71154195832946,480,70,596,101,existing,429.050255814233,480,72,596,12,existing,1343.2353161066656,480,71,596,164,existing,1424.3675494986553,480,74,596,308,existing,1361.1889153902182,480,69,596,331,existing,1568.7218500095928,480,73,596,498,existing,1878.2183259885637
481,481,67,597,584,existing,533.1809489827601,481,67,597,353,existing,647.5309678723956,481,67,597,526,allocated,195.24300492871984,481,70,597,101,existing,452.5817187846234,481,72,597,12,existing,1366.7667790770558,481,71,597,164,existing,1447.8990124690456,481,74,597,308,existing,1384.7203783606085,481,69,597,331,existing,1545.1903870392023,481,73,597,498,existing,1901.749788958954
482,482,52,598,382,existing,694.243621216136,482,52,598,276,existing,576.8314638362916,482,52,598,382,allocated,694.243621216136,482,70,598,101,existing,1185.5067694296235,482,69,598,331,existing,1636.5459218862438,482,74,598,308,existing,1704.1861243965782,482,72,598,12,existing,1686.2325251130255,482,73,598,498,existing,2221.2155349949235,482,71,598,164,existing,1767.3647585050153
483,483,52,599,382,existing,707.0910439931856,483,52,599,276,existing,634.7714045660541,483,52,599,340,allocated,600.5016232967165,483,70,599,101,existing,1052.157834437511,483,69,599,331,existing,1502.8245815237308,483,72,599,12,existing,1552.5111847505123,483,74,599,308,existing,1570.464784034065,483,73,599,498,existing,2087.49419463241,483,71,599,164,existing,1633.643418142502
484,484,62,600,184,existing,431.12083356489325,484,62,600,464,existing,709.678961243661,484,62,600,600,allocated,0.0,484,69,600,331,existing,1797.4072957887201,484,71,600,164,existing,1926.6049685027251,484,74,600,308,existing,2015.784461485342,484,72,600,12,existing,2007.7372018947149,484,70,600,101,existing,2637.280949498172,484,73,600,498,existing,2475.069029080706
485,485,55,601,570,existing,478.95279133869803,485,55,601,353,existing,481.9909391891493,485,55,601,586,allocated,165.01922044368047,485,69,601,331,existing,474.8044666614303,485,72,601,12,existing,956.8359932015112,485,74,601,308,existing,974.7895924850638,485,71,601,164,existing,1006.4555023368997,485,73,601,498,existing,1491.8190030834091,485,70,601,101,existing,1340.3142224589496
486,486,62,603,184,existing,432.3127343175894,486,62,603,464,existing,710.8708619963571,486,62,603,603,allocated,0.0,486,69,603,331,existing,1798.5991965414162,486,71,603,164,existing,1927.7968692554214,486,74,603,308,existing,2016.976362238038,486,72,603,12,existing,2008.9291026474111,486,70,603,101,existing,2638.472850250868,486,73,603,498,existing,2476.260929833402
487,487,67,604,584,existing,628.0628829256739,487,67,604,353,existing,360.2200893007473,487,67,604,340,allocated,277.88456831904165,487,70,604,101,existing,1156.4140232278119,487,69,604,331,existing,1180.2075265460558,487,72,604,12,existing,1229.8941297728375,487,74,604,308,existing,1247.84772905639,487,73,604,498,existing,1764.8771396547354,487,71,604,164,existing,1311.0263631648272
488,488,68,605,642,existing,263.714745168787,488,68,605,276,existing,422.0524881791501,488,68,605,526,allocated,1001.8988780497125,488,70,605,101,existing,1022.0069118770946,488,69,605,331,existing,1925.0549146851333,488,74,605,308,existing,1992.6951171954677,488,72,605,12,existing,1974.741517911915,488,73,605,498,existing,2509.7245277938127,488,71,605,164,existing,2055.873751303905
489,489,68,606,642,existing,244.24586440159683,489,68,606,276,existing,402.5836074119599,489,68,606,526,allocated,1021.3677588169027,489,70,606,101,existing,1041.4757926442846,489,69,606,331,existing,1944.5237954523234,489,72,606,12,existing,1994.210398679105,489,74,606,308,existing,2012.1639979626577,489,71,606,164,existing,2075.342632071095,489,73,606,498,existing,2529.193408561003
490,490,61,607,162,existing,912.9715961989114,490,61,607,529,existing,687.3508883862678,490,61,607,611,allocated,551.5737715405892,490,73,607,498,existing,998.1917560820779,490,71,607,164,existing,1446.7267074036008,490,74,607,308,existing,1457.4396033286773,490,72,607,12,existing,1475.39320261223,490,69,607,331,existing,1788.7660218830295,490,70,607,101,existing,2560.272608132537
491,491,61,608,162,existing,892.9064330403139,491,61,608,138,existing,704.6937037738298,491,61,608,611,allocated,571.6389346991866,491,73,608,498,existing,978.1265929234804,491,71,608,164,existing,1426.6615442450034,491,72,608,12,existing,1455.3280394536325,491,74,608,308,existing,1437.3744401700799,491,69,608,331,existing,1768.700858724432,491,70,608,101,existing,2540.2074449739393
492,492,57,609,498,existing,345.5185466935519,492,57,609,529,existing,559.403887903444,492,57,609,544,allocated,275.02366657535606,492,73,609,498,existing,345.5185466935519,492,74,609,308,existing,862.5479572918971,492,71,609,164,existing,931.3716844501614,492,72,609,12,existing,880.5015565754497,492,70,609,101,existing,1998.2439848502154,492,69,609,331,existing,2206.3656376854215
493,493,57,610,498,existing,430.92587673330075,493,57,610,568,existing,676.6216983974352,493,57,610,498,allocated,430.92587673330075,493,73,610,498,existing,430.92587673330075,493,71,610,164,existing,519.4921685247039,493,72,610,12,existing,600.6244019166936,493,74,610,308,existing,584.7088205356192,493,70,610,101,existing,1718.3668301914595,493,69,610,331,existing,1790.4457232581324
494,494,57,612,498,existing,950.8690570421065,494,57,612,529,existing,191.2704068026729,494,57,612,611,allocated,55.49328995699431,494,73,612,498,existing,950.8690570421065,494,74,612,308,existing,1467.8984676404518,494,71,612,164,existing,1566.9843003159942,494,72,612,12,existing,1485.8520669240045,494,69,612,331,existing,2260.7243301265285,494,70,612,101,existing,2603.5944951987703
495,495,57,613,498,existing,598.8837934834843,495,57,613,529,existing,362.9569159092256,495,57,613,544,allocated,486.77650824773445,495,73,613,498,existing,598.8837934834843,495,74,613,308,existing,1115.9132040818295,495,72,613,12,existing,1133.866803365382,495,71,613,164,existing,1214.9990367573719,495,69,613,331,existing,2450.264848021948,495,70,613,101,existing,2251.609231640148
496,496,67,614,584,existing,447.90008304343763,496,67,614,353,existing,562.2501019330732,496,67,614,526,allocated,352.7977942128671,496,70,614,101,existing,610.1365080687707,496,72,614,12,existing,1363.6467587956972,496,74,614,308,existing,1381.6003580792499,496,69,614,331,existing,1387.635597755055,496,73,614,498,existing,1898.6297686775952,496,71,614,164,existing,1444.778992187687
497,497,68,615,642,existing,661.3225747835814,497,68,615,276,existing,697.1524176256581,497,68,615,526,allocated,710.4618388225837,497,70,615,101,existing,730.5698726499659,497,72,615,12,existing,1677.4055022301823,497,74,615,308,existing,1695.359101513735,497,69,615,331,existing,1696.6935640774295,497,73,615,498,existing,2212.38851211208,497,71,615,164,existing,1758.537735622172
498,498,67,617,584,existing,506.2280671591241,498,67,617,353,existing,620.5780860487598,498,67,617,526,allocated,294.46981009718064,498,70,617,101,existing,551.8085239530842,498,72,617,12,existing,1421.9747429113836,498,74,617,308,existing,1439.9283421949362,498,69,617,331,existing,1445.9635818707416,498,71,617,164,existing,1503.1069763033734,498,73,617,498,existing,1956.9577527932815
499,499,67,618,584,existing,459.97900796514665,499,67,618,353,existing,574.3290268547823,499,67,618,526,allocated,340.71886929115806,499,70,618,101,existing,598.0575831470617,499,72,618,12,existing,1375.7256837174061,499,69,618,331,existing,1399.714522676764,499,74,618,308,existing,1393.6792830009588,499,71,618,164,existing,1456.8579171093959,499,73,618,498,existing,1910.7086935993043
500,500,67,619,584,existing,661.295412683228,500,67,619,276,existing,650.7926836154973,500,67,619,340,allocated,613.8488552601084,500,70,619,101,existing,947.1202220909329,500,69,619,331,existing,1516.1718134871226,500,74,619,308,existing,1583.812015997457,500,72,619,12,existing,1565.8584167139043,500,71,619,164,existing,1646.990650105894,500,73,619,498,existing,2100.841426595802
501,501,67,620,584,existing,182.47511484727528,501,67,620,353,existing,296.8251337369109,501,67,620,584,allocated,182.47511484727528,501,70,620,101,existing,577.9346827049641,501,72,620,12,existing,1098.2217905995349,501,71,620,164,existing,1179.3540239915246,501,74,620,308,existing,1116.1753898830875,501,69,620,331,existing,1253.6205395874904,501,73,620,498,existing,1633.2048004814328
502,502,64,621,542,existing,167.92136332526812,502,64,621,353,existing,1326.5071297098702,502,64,621,91,existing,149.7441037687238,502,70,621,101,existing,468.1838464400699,502,72,621,12,existing,1585.9262747148357,502,71,621,164,existing,1667.0585081068255,502,74,621,308,existing,1603.8798739983883,502,69,621,331,existing,2283.30253556045,502,73,621,498,existing,2120.909284596734
503,503,67,623,584,existing,350.6975282669448,503,67,623,353,existing,465.04754715658044,503,67,623,526,allocated,152.37355542939093,503,70,623,101,existing,409.7122692852945,503,72,623,12,existing,1266.4442040192043,503,71,623,164,existing,1347.576437411194,503,74,623,308,existing,1284.397803302757,503,69,623,331,existing,1421.84295300716,503,73,623,498,existing,1801.4272139011023
504,504,67,624,584,existing,280.83426703711893,504,67,624,353,existing,395.18428592675457,504,67,624,526,allocated,222.2368166592168,504,70,624,101,existing,479.57553051512036,504,72,624,12,existing,1196.5809427893785,504,74,624,308,existing,1214.5345420729311,504,71,624,164,existing,1277.7131761813682,504,69,624,331,existing,1351.9796917773342,504,73,624,498,existing,1731.5639526712766
505,505,64,625,542,existing,573.3306868192524,505,64,625,353,existing,1358.3040988225944,505,64,625,101,allocated,499.9808155527941,505,70,625,101,existing,499.9808155527941,505,72,625,12,existing,1617.7232438275598,505,74,625,308,existing,1635.6768431111125,505,71,625,164,existing,1698.8554772195496,505,73,625,498,existing,2152.706253709458,505,69,625,331,existing,2315.099504673174
506,506,64,626,542,existing,618.1619574662659,506,64,626,353,existing,1313.4728281755808,506,64,626,101,allocated,455.1495449057805,506,70,626,101,existing,455.1495449057805,506,72,626,12,existing,1572.8919731805463,506,74,626,308,existing,1590.845572464099,506,71,626,164,existing,1654.024206572536,506,73,626,498,existing,2107.8749830624442,506,69,626,331,existing,2270.2682340261604
507,507,67,627,584,existing,89.58667171981033,507,67,627,353,existing,203.93669060944598,507,67,627,584,allocated,89.58667171981033,507,70,627,101,existing,680.0671613646841,507,72,627,12,existing,1005.3333474720698,507,74,627,308,existing,1023.2869467556225,507,71,627,164,existing,1086.4655808640596,507,69,627,331,existing,1160.7320964600256,507,73,627,498,existing,1540.3163573539678
508,508,63,628,184,existing,1277.6398941557966,508,63,628,138,existing,1197.842942554173,508,63,628,495,allocated,1111.2491807802635,508,73,628,498,existing,1471.2758317038238,508,71,628,164,existing,1919.8107830253466,508,72,628,12,existing,1948.477278233976,508,74,628,308,existing,1930.5236789504233,508,70,628,101,existing,3033.3566837542826,508,69,628,331,existing,2261.850097504775
509,509,62,629,184,existing,1294.8329415743535,509,62,629,138,existing,1215.03598997273,509,62,629,495,allocated,1128.4422281988204,509,73,629,498,existing,1488.4688791223807,509,71,629,164,existing,1937.0038304439036,509,74,629,308,existing,1947.7167263689803,509,72,629,12,existing,1965.670325652533,509,69,629,331,existing,2279.043144923332,509,70,629,101,existing,3050.5497311728395
510,510,63,633,184,existing,281.9706471716438,510,63,633,464,existing,560.5287748504115,510,63,633,600,allocated,149.1501863932494,510,69,633,331,existing,1648.2571093954707,510,71,633,164,existing,1777.454782109476,510,72,633,12,existing,1858.5870155014657,510,74,633,308,existing,1866.6342750920926,510,70,633,101,existing,2488.1307631049226,510,73,633,498,existing,2325.9188426874566
511,511,68,642,642,existing,0.0,511,68,642,276,existing,191.6864667554735,511,68,642,707,allocated,929.1826490888985,511,70,642,101,existing,1285.7216570458816,511,69,642,331,existing,2188.76965985392,511,72,642,12,existing,2238.456263080702,511,74,642,308,existing,2256.4098623642544,511,71,642,164,existing,2319.588496472692,511,73,642,498,existing,2773.4392729625997
512,512,59,646,314,existing,132.01141949831114,512,59,646,687,existing,265.77013744645944,512,59,646,328,allocated,84.62501168690893,512,69,646,331,existing,632.5042421720066,512,71,646,164,existing,1002.5996089670867,512,72,646,12,existing,1083.7318423590764,512,74,646,308,existing,1098.8969262827104,512,73,646,498,existing,1615.9263368810557,512,70,646,101,existing,1709.1222897915145
513,513,61,647,162,existing,990.9949951885719,513,61,647,138,existing,845.0889888456154,513,61,647,611,allocated,845.2407964107035,513,73,647,498,existing,1118.521877995266,513,71,647,164,existing,1567.056829316789,513,72,647,12,existing,1595.7233245254183,513,74,647,308,existing,1577.7697252418657,513,69,647,331,existing,1909.0961437962173,513,70,647,101,existing,2680.602730045725
514,514,62,654,184,existing,179.07366935317913,514,62,654,464,existing,457.6317970319469,514,62,654,495,allocated,12.682955977645953,514,69,654,331,existing,1187.2127928706477,514,71,654,164,existing,1316.410465584653,514,74,654,308,existing,1405.5899585672696,514,72,654,12,existing,1397.5426989766427,514,70,654,101,existing,2027.0864465800996,514,73,654,498,existing,1864.8745261626336
515,515,61,655,162,existing,530.9660972668524,515,61,655,138,existing,388.60040112859383,515,61,655,162,allocated,530.9660972668524,515,73,655,498,existing,1186.2166027539388,515,71,655,164,existing,1250.6928678825382,515,72,655,12,existing,1331.825101274528,515,74,655,308,existing,1315.9095198934535,515,70,655,101,existing,2277.8311214252476,515,69,655,331,existing,1451.220369072225
516,516,58,658,306,existing,1191.5945785820932,516,58,658,529,existing,510.30743455120796,516,58,658,611,allocated,374.53031770552934,516,73,658,498,existing,1373.9299114500388,516,74,658,308,existing,1890.9593220483841,516,72,658,12,existing,1908.9129213319368,516,71,658,164,existing,1937.2340165822905,516,69,658,331,existing,2279.273331061719,516,70,658,101,existing,3026.6553496067027
517,517,57,660,498,existing,857.0378947068064,517,57,660,529,existing,563.6806493674717,517,57,660,611,allocated,472.96878192240825,517,73,660,498,existing,857.0378947068064,517,74,660,308,existing,1316.285741953406,517,71,660,164,existing,1371.7290286110642,517,72,660,12,existing,1334.2393412369586,517,69,660,331,existing,1843.2488381611142,517,70,660,101,existing,2451.9817695117245
518,518,57,662,498,existing,801.6438791068886,518,57,662,529,existing,616.1119910800305,518,57,662,611,allocated,528.3627975223261,518,73,662,498,existing,801.6438791068886,518,74,662,308,existing,1260.8917263534881,518,71,662,164,existing,1316.3350130111462,518,72,662,12,existing,1278.8453256370408,518,69,662,331,existing,1787.8548225611967,518,70,662,101,existing,2396.5877539118064
519,519,52,667,382,existing,15.573346663257437,519,52,667,353,existing,787.6699318423966,519,52,667,382,allocated,15.573346663257437,519,69,667,331,existing,1210.4734948842313,519,72,667,12,existing,1262.5149858547586,519,74,667,308,existing,1280.4685851383113,519,71,667,164,existing,1343.6472192467486,519,73,667,498,existing,1797.4979957366565,519,70,667,101,existing,1645.993215112197
520,520,57,680,498,existing,873.7565075551179,520,57,680,529,existing,563.6572734274652,520,57,680,611,allocated,456.02995863890635,520,73,680,498,existing,873.7565075551179,520,74,680,308,existing,1333.224565236908,520,71,680,164,existing,1388.667851894566,520,72,680,12,existing,1351.1781645204605,520,70,680,101,existing,2468.920592795226,520,69,680,331,existing,1860.1876614446164
521,521,65,683,306,existing,1238.0916514023104,521,65,683,529,existing,489.210228525813,521,65,683,611,allocated,353.43311168013446,521,73,683,498,existing,1352.832705424644,521,74,683,308,existing,1869.8621160229893,521,71,683,164,existing,1946.138850949584,521,72,683,12,existing,1887.815715306542,521,69,683,331,existing,2288.1781654290126,521,70,683,101,existing,3005.558143581308
522,522,53,684,630,existing,569.2814566515005,522,53,684,568,existing,460.88477697326323,522,53,684,318,existing,539.0471630247072,522,71,684,164,existing,487.95751076277963,522,74,684,308,existing,553.174162773695,522,72,684,12,existing,569.0897441547695,522,73,684,498,existing,643.9537876968691,522,70,684,101,existing,1598.9580496966344,522,69,684,331,existing,1574.7088018339605
523,523,57,685,498,existing,764.2629233035509,523,57,685,529,existing,585.1534232617532,523,57,685,611,allocated,720.9305401074319,523,73,685,498,existing,764.2629233035509,523,71,685,164,existing,952.0472313561723,523,74,685,308,existing,1017.2638833670877,523,72,685,12,existing,1033.179464748162,523,69,685,331,existing,1959.8831965135023,523,70,685,101,existing,2150.921893022928
524,524,57,686,498,existing,428.211250377606,524,57,686,529,existing,476.7111842193899,524,57,686,544,allocated,357.71637025941016,524,73,686,498,existing,428.211250377606,524,74,686,308,existing,945.2406609759512,524,72,686,12,existing,963.1942602595038,524,71,686,164,existing,1014.0643881342155,524,69,686,331,existing,2249.927450974177,524,70,686,101,existing,2080.9366885342697
525,525,59,689,314,existing,958.3621539156384,525,59,689,687,existing,1092.1208718637868,525,59,689,114,allocated,513.6235679301524,525,69,689,331,existing,1086.4322997062732,525,71,689,164,existing,1828.9503433844138,525,74,689,308,existing,1925.2476607000376,525,72,689,12,existing,1910.0825767764036,525,73,689,498,existing,2442.277071298383,525,70,689,101,existing,2535.4730242088417
526,526,59,690,314,existing,630.1063850238648,526,59,690,327,existing,678.1554791197593,526,59,690,328,allocated,444.2014823405925,526,69,690,331,existing,404.8463159547396,526,71,690,164,existing,1362.1760796207705,526,72,690,12,existing,1443.3083130127602,526,74,690,308,existing,1458.4733969363942,526,70,690,101,existing,1977.862550374081,526,73,690,498,existing,1975.5028075347395
527,527,66,692,570,existing,426.40065553229124,527,66,692,353,existing,630.8469208069031,527,66,692,443,allocated,250.97649197490045,527,69,692,331,existing,458.41628912036714,527,71,692,164,existing,857.5995207191459,527,72,692,12,existing,904.2838573951044,527,74,692,308,existing,922.237456678657,527,70,692,101,existing,1403.047016860671,527,73,692,498,existing,1439.2668672770023
528,528,63,693,184,existing,647.4730715736187,528,63,693,464,existing,644.3515322174366,528,63,693,114,allocated,356.8344877273272,528,69,693,331,existing,1398.8365178043061,528,71,693,164,existing,2141.354561482447,528,74,693,308,existing,2232.136699494067,528,72,693,12,existing,2222.486794874437,528,70,693,101,existing,2847.877242306875,528,73,693,498,existing,2691.4212670894312
529,529,61,694,162,existing,496.7649694016579,529,61,694,138,existing,354.3992732633993,529,61,694,162,allocated,496.7649694016579,529,71,694,164,existing,1216.4917400173435,529,74,694,308,existing,1281.708392028259,529,69,694,331,existing,1417.0192412070305,529,72,694,12,existing,1297.6239734093333,529,70,694,101,existing,2243.629993560053,529,73,694,498,existing,1528.3782258915626
530,530,61,695,162,existing,423.05456511693933,530,61,695,138,existing,280.6888689786808,530,61,695,162,allocated,423.05456511693933,530,71,695,164,existing,1142.781335732625,530,74,695,308,existing,1207.9979877435403,530,72,695,12,existing,1223.9135691246147,530,69,695,331,existing,1343.308836922312,530,73,695,498,existing,1500.5581938500254,530,70,695,101,existing,2169.9195892753346
531,531,62,696,184,existing,540.6088093208975,531,62,696,464,existing,819.1669369996653,531,62,696,495,allocated,374.2180959453643,531,69,696,331,existing,1541.1391430930692,531,71,696,164,existing,1617.6669963293493,531,74,696,308,existing,1706.8464893119663,531,72,696,12,existing,1698.799229721339,531,70,696,101,existing,2380.0526196270193,531,73,696,498,existing,1831.4652966227166
532,532,57,697,498,existing,760.4485309745277,532,57,697,529,existing,450.34929684687495,532,57,697,611,allocated,530.4106228834667,532,73,697,498,existing,760.4485309745277,532,74,697,308,existing,1239.8030898513298,532,71,697,164,existing,1295.246376508988,532,72,697,12,existing,1257.7566891348824,532,70,697,101,existing,2375.4991174096485,532,69,697,331,existing,1956.580190681711
533,533,61,698,162,existing,845.2661501847201,533,61,698,138,existing,655.1672802699686,533,61,698,611,allocated,805.2994964195024,533,73,698,498,existing,848.6318796156214,533,71,698,164,existing,1010.9390996056159,533,72,698,12,existing,1092.0713329976056,533,74,698,308,existing,1076.1557516165312,533,69,698,331,existing,1719.1744352205706,533,70,698,101,existing,2209.8137612723713
534,534,57,699,498,existing,784.2152126566947,534,57,699,529,existing,605.1057126148971,534,57,699,611,allocated,740.8828294605757,534,73,699,498,existing,784.2152126566947,534,71,699,164,existing,1128.3393256901772,534,72,699,12,existing,1209.471559082167,534,74,699,308,existing,1193.5559777010926,534,69,699,331,existing,1979.835485866646,534,70,699,101,existing,2327.213987356933
535,535,61,700,162,existing,1085.4681097742005,535,61,700,138,existing,939.5621034312439,535,61,700,611,allocated,939.7139109963321,535,73,700,498,existing,1212.9949925808946,535,71,700,164,existing,1661.5299439024175,535,72,700,12,existing,1690.1964391110469,535,74,700,308,existing,1672.2428398274942,535,69,700,331,existing,2003.5692583818459,535,70,700,101,existing,2775.0758446313534
536,536,61,701,162,existing,1096.9733338510678,536,61,701,138,existing,951.0673275081114,536,61,701,611,allocated,951.2191350731995,536,73,701,498,existing,1224.500216657762,536,71,701,164,existing,1673.0351679792848,536,74,701,308,existing,1683.7480639043615,536,72,701,12,existing,1701.7016631879142,536,69,701,331,existing,2015.0744824587132,536,70,701,101,existing,2786.5810687082208
537,537,57,702,498,existing,486.3328678781988,537,57,702,529,existing,778.0149052975239,537,57,702,498,allocated,486.3328678781988,537,73,702,498,existing,486.3328678781988,537,74,702,308,existing,844.8079917019118,537,72,702,12,existing,862.7615909854644,537,71,702,164,existing,868.9432274108935,537,70,702,101,existing,1980.50401926023,537,69,702,331,existing,2139.896782144322
538,538,64,703,542,existing,104.68001578235678,538,64,703,353,existing,1379.7342590395408,538,64,703,91,existing,86.50275622581246,538,70,703,101,existing,521.4109757697403,538,72,703,12,existing,1639.153404044506,538,74,703,308,existing,1657.1070033280587,538,71,703,164,existing,1720.2856374364958,538,73,703,498,existing,2174.136413926404,538,69,703,331,existing,2336.5296648901203
539,539,64,704,542,existing,440.0043846301878,539,64,704,353,existing,1409.1510349572688,539,64,704,91,existing,421.8271250736435,539,70,704,101,existing,550.8277516874682,539,72,704,12,existing,1668.570179962234,539,74,704,308,existing,1686.5237792457867,539,71,704,164,existing,1749.7024133542238,539,73,704,498,existing,2203.553189844132,539,69,704,331,existing,2365.946440807848
540,540,62,705,184,existing,625.0518270441302,540,62,705,464,existing,903.6099547228979,540,62,705,600,allocated,536.2427006842952,540,69,705,331,existing,1980.9741834167958,540,73,705,498,existing,2048.1933598452406,540,71,705,164,existing,2057.502036653076,540,72,705,12,existing,2138.634270045066,540,70,705,101,existing,2819.887659950746,540,74,705,308,existing,2146.681529635693
541,541,64,706,542,existing,449.55255050256585,541,64,706,353,existing,1241.6461077606905,541,64,706,101,allocated,383.32282449088996,541,70,706,101,existing,383.32282449088996,541,72,706,12,existing,1501.0652527656557,541,74,706,308,existing,1519.0188520492084,541,71,706,164,existing,1582.1974861576455,541,73,706,498,existing,2036.0482626475537,541,69,706,331,existing,2198.44151361127
542,542,52,707,382,existing,214.499422458808,542,52,707,276,existing,737.496182333425,542,52,707,707,allocated,0.0,542,69,707,331,existing,1440.5462640062967,542,72,707,12,existing,1490.3294407251644,542,74,707,308,existing,1508.283040008717,542,71,707,164,existing,1571.4616741171544,542,73,707,498,existing,2025.3124506070624,542,70,707,101,existing,1827.658984617832
543,543,58,709,306,existing,834.5199077983608,543,58,709,529,existing,755.8004662435515,543,58,709,445,allocated,509.7120473263364,543,73,709,498,existing,1472.0552658683982,543,74,709,308,existing,1989.0846764667435,543,71,709,164,existing,2088.170509142286,543,72,709,12,existing,2007.0382757502962,543,70,709,101,existing,3124.7807040250623,543,69,709,331,existing,2915.866282638085
544,544,52,710,382,existing,94.61567593202992,544,52,710,276,existing,783.6468365958423,544,52,710,382,allocated,94.61567593202992,544,69,710,331,existing,1289.117334236951,544,72,710,12,existing,1338.8039374637326,544,74,710,308,existing,1356.7575367472853,544,71,710,164,existing,1419.9361708557226,544,73,710,498,existing,1873.7869473456306,544,70,710,101,existing,1664.6332024986666
545,545,57,711,498,existing,251.7693005268682,545,57,711,529,existing,790.1498097789913,545,57,711,498,allocated,251.7693005268682,545,73,711,498,existing,251.7693005268682,545,74,711,308,existing,674.4444999828144,545,72,711,12,existing,692.398099266367,545,71,711,164,existing,700.625762574614,545,70,711,101,existing,1810.140527541133,545,69,711,331,existing,1975.6197158098744
546,546,63,712,184,existing,1152.3708876592414,546,63,712,464,existing,1430.929015338009,546,63,712,600,allocated,1063.5617612994063,546,73,712,498,existing,1937.7313708916831,546,69,712,331,existing,2267.6042713586858,546,74,712,308,existing,2396.9792181382827,546,71,712,164,existing,2344.132124594966,546,70,712,101,existing,3106.517747892636,546,72,712,12,existing,2414.9328174218354
547,547,63,713,184,existing,524.7677220040767,547,63,713,464,existing,803.3258496828444,547,63,713,600,allocated,435.95859564424165,547,69,713,331,existing,1880.6900783767423,547,71,713,164,existing,1957.2179316130225,547,72,713,12,existing,2038.3501650050123,547,74,713,308,existing,2046.3974245956397,547,73,713,498,existing,2058.804066619521,547,70,713,101,existing,2719.6035549106928
548,548,62,714,184,existing,429.5728048591955,548,62,714,464,existing,708.1309325379632,548,62,714,600,allocated,340.7636784993605,548,69,714,331,existing,1785.4951612318612,548,71,714,164,existing,1862.0230144681414,548,74,714,308,existing,1951.2025074507585,548,72,714,12,existing,1943.155247860131,548,70,714,101,existing,2624.4086377658114,548,73,714,498,existing,2153.9989837644025
549,549,62,715,184,existing,1197.6092660927457,549,62,715,138,existing,1147.7114904242148,549,62,715,495,allocated,1031.2185527172126,549,73,715,498,existing,1421.1443795738653,549,71,715,164,existing,1869.6793308953881,549,74,715,308,existing,1880.3922268204649,549,72,715,12,existing,1898.3458261040175,549,69,715,331,existing,2198.1395998649177,549,70,715,101,existing,2983.225231624324
550,550,61,716,162,existing,1184.8565308724937,550,61,716,138,existing,1038.9505245295375,550,61,716,611,allocated,1039.1023320946256,550,73,716,498,existing,1312.383413679188,550,71,716,164,existing,1760.918365000711,550,74,716,308,existing,1771.6312609257875,550,72,716,12,existing,1789.5848602093401,550,69,716,331,existing,2102.9576794801396,550,70,716,101,existing,2874.464265729647
551,551,68,717,642,existing,523.2836402925319,551,68,717,276,existing,331.59717353705844,551,68,717,707,allocated,620.9353352915546,551,70,717,101,existing,1747.1216436430145,551,69,717,331,existing,1987.5876907322317,551,74,717,308,existing,2055.227893242566,551,72,717,12,existing,2037.2742939590134,551,71,717,164,existing,2118.406527351003,551,73,717,498,existing,2572.2573038409114
552,552,62,718,184,existing,1081.5423357941581,552,62,718,464,existing,1360.100463472926,552,62,718,495,allocated,915.151622418625,552,73,718,498,existing,1752.199769099327,552,69,718,331,existing,2082.0726695663298,552,71,718,164,existing,2158.60052280261,552,74,718,308,existing,2211.4476163459267,552,70,718,101,existing,2920.98614610028,552,72,718,12,existing,2229.4012156294793
553,553,62,719,184,existing,1235.6260479461687,553,62,719,138,existing,1346.3627674487761,553,62,719,600,allocated,1146.8169215863336,553,73,719,498,existing,1619.7956565984266,553,71,719,164,existing,2068.3306079199497,553,74,719,308,existing,2079.043503845026,553,72,719,12,existing,2096.9971031285786,553,69,719,331,existing,2410.369922399378,553,70,719,101,existing,3181.8765086488856
554,554,63,721,184,existing,531.1502960840642,554,63,721,464,existing,528.0287567278821,554,63,721,114,allocated,296.2158662131397,554,69,721,331,existing,1290.3816990040918,554,71,721,164,existing,2026.634431021896,554,74,721,308,existing,2115.813924004513,554,72,721,12,existing,2107.766664413886,554,73,721,498,existing,2575.098491599877,554,70,721,101,existing,2737.310412017343
555,555,68,722,642,existing,519.1860411825382,555,68,722,276,existing,327.4995744270647,555,68,722,707,allocated,733.1526600735905,555,70,722,101,existing,1743.024044533021,555,69,722,331,existing,2099.8050155142673,555,72,722,12,existing,2149.491618741049,555,74,722,308,existing,2167.4452180246017,555,73,722,498,existing,2684.4746286229474,555,71,722,164,existing,2230.6238521330392
556,556,66,723,570,existing,368.67330548288896,556,66,723,327,existing,605.6971844471071,556,66,723,443,allocated,251.58922104753844,556,71,723,164,existing,766.95713206629,556,72,723,12,existing,846.5565073457021,556,69,723,331,existing,960.9820021428061,556,74,723,308,existing,863.2544493819138,556,70,723,101,existing,1345.3196668112687,556,73,723,498,existing,1380.283859980259
557,557,55,724,570,existing,438.9388246049981,557,55,724,327,existing,675.9627035692163,557,55,724,443,allocated,321.8547401696476,557,71,724,164,existing,837.2226511883991,557,72,724,12,existing,916.8220264678113,557,69,724,331,existing,967.1236803954425,557,74,724,308,existing,933.5199685040229,557,73,724,498,existing,1450.5493791023682,557,70,724,101,existing,1415.585185933378
558,558,52,725,382,existing,188.10677046329414,558,52,725,276,existing,690.155742064578,558,52,725,382,allocated,188.10677046329414,558,69,725,331,existing,1382.6084287682152,558,72,725,12,existing,1432.2950319949969,558,71,725,164,existing,1513.4272653869868,558,74,725,308,existing,1450.2486312785495,558,70,725,101,existing,1571.1421079674024,558,73,725,498,existing,1967.2780418768948
559,559,65,726,306,existing,745.6338043264769,559,65,726,529,existing,835.1283176709208,559,65,726,445,allocated,98.52503892283922,559,73,726,498,existing,1230.179627529708,559,74,726,308,existing,1747.2090381280532,559,71,726,164,existing,1846.2948708035956,559,72,726,12,existing,1765.1626374116058,559,70,726,101,existing,2882.9050656863715,559,69,726,331,existing,2995.1941340654544
560,560,63,727,184,existing,470.6865348627131,560,63,727,464,existing,192.12840718394528,560,63,727,464,allocated,192.12840718394528,560,69,727,331,existing,970.4761236042727,560,71,727,164,existing,1712.9941672824134,560,72,727,12,existing,1794.1264006744032,560,74,727,308,existing,1809.2914845980372,560,73,727,498,existing,2326.3208951963825,560,70,727,101,existing,2419.5168481068413
561,561,59,728,314,existing,1053.7299624846469,561,59,728,687,existing,1187.4886804327953,561,59,728,114,allocated,608.9913764991611,561,69,728,331,existing,1181.8001082752817,561,71,728,164,existing,1924.3181519534226,561,74,728,308,existing,2020.6154692690461,561,72,728,12,existing,2005.450385345412,561,73,728,498,existing,2537.6448798673914,561,70,728,101,existing,2630.84083277785
562,562,62,730,184,existing,383.09807335099424,562,62,730,464,existing,661.6562010297621,562,62,730,495,allocated,216.7073599754611,562,69,730,331,existing,1383.628407123166,562,71,730,164,existing,1460.1562603594462,562,74,730,308,existing,1549.335753342063,562,72,730,12,existing,1541.288493751436,562,70,730,101,existing,2222.541883657116,562,73,730,498,existing,1849.1133561809602
563,563,57,731,498,existing,340.9824568845833,563,57,731,568,existing,794.9917521596259,563,57,731,498,allocated,340.9824568845833,563,73,731,498,existing,340.9824568845833,563,74,731,308,existing,585.2313436250993,563,72,731,12,existing,603.1849429086519,563,71,731,164,existing,611.4126062168989,563,70,731,101,existing,1720.9273711834178,563,69,731,331,existing,1886.4065594521592
564,564,68,732,642,existing,466.44334362492026,564,68,732,276,existing,274.7568768694467,564,68,732,707,allocated,680.4099625159726,564,70,732,101,existing,1690.2813469754028,564,69,732,331,existing,2047.0623179566496,564,72,732,12,existing,2096.7489211834313,564,74,732,308,existing,2114.702520466984,564,73,732,498,existing,2631.7319310653293,564,71,732,164,existing,2177.8811545754215
565,565,63,733,184,existing,622.4935437773162,565,63,733,464,existing,619.3720044211341,565,63,733,114,allocated,331.8549599310247,565,69,733,331,existing,1373.8569900080035,565,71,733,164,existing,2116.3750336861444,565,74,733,308,existing,2207.157171697765,565,72,733,12,existing,2197.5072670781337,565,70,733,101,existing,2822.897714510572,565,73,733,498,existing,2666.441739293129
566,566,62,734,184,existing,1133.0766447091187,566,62,734,464,existing,1411.6347723878864,566,62,734,600,allocated,1044.2675183492836,566,73,734,498,existing,1957.0256138418058,566,69,734,331,existing,2286.8985143088084,566,71,734,164,existing,2363.426367545089,566,74,734,308,existing,2416.2734610884054,566,70,734,101,existing,3125.811990842759,566,72,734,12,existing,2434.227060371958
567,567,61,735,162,existing,1157.431334648053,567,61,735,138,existing,1011.5253283050967,567,61,735,611,allocated,1011.6771358701849,567,73,735,498,existing,1284.9582174547472,567,71,735,164,existing,1733.4931687762703,567,74,735,308,existing,1744.2060647013468,567,72,735,12,existing,1762.1596639848995,567,69,735,331,existing,2075.532483255699,567,70,735,101,existing,2847.0390695052065
568,568,59,736,314,existing,715.6222876846017,568,59,736,687,existing,849.38100563275,568,59,736,330,allocated,277.73511712263326,568,69,736,331,existing,182.05796335047114,568,71,736,164,existing,1498.073773189984,568,72,736,12,existing,1544.7581098659425,568,74,736,308,existing,1562.7117091494952,568,70,736,101,existing,1997.1766524708512,568,73,736,498,existing,2079.7411197478405
569,569,57,737,498,existing,171.48429795636955,569,57,737,529,existing,919.3786310705871,569,57,737,498,allocated,171.48429795636955,569,73,737,498,existing,171.48429795636955,569,74,737,308,existing,630.7321452029691,569,71,737,164,existing,729.8179778785116,569,72,737,12,existing,648.6857444865218,569,70,737,101,existing,1766.4281727612877,569,69,737,331,existing,2011.3858910019933
570,570,62,738,184,existing,430.1442394231028,570,62,738,464,existing,151.586111744335,570,62,738,464,allocated,151.586111744335,570,69,738,331,existing,1011.018419043883,570,71,738,164,existing,1753.5364627220238,570,72,738,12,existing,1834.6686961140135,570,74,738,308,existing,1849.8337800376476,570,70,738,101,existing,2460.0591435464517,570,73,738,498,existing,2366.863190635993
571,571,68,741,642,existing,459.5586518674242,571,68,741,276,existing,267.87218511195067,571,68,741,382,allocated,610.3903274159215,571,70,741,101,existing,1510.6682937522003,571,69,741,331,existing,1804.8919857208425,571,72,741,12,existing,1854.5785889476242,571,74,741,308,existing,1872.5321882311769,571,71,741,164,existing,1935.7108223396142,571,73,741,498,existing,2389.561598829522
572,572,62,742,184,existing,312.48705307849025,572,62,742,464,existing,309.36551372230815,572,62,742,50,allocated,171.64721956101528,572,69,742,331,existing,1421.2423836175649,572,71,742,164,existing,1807.9711880163222,572,72,742,12,existing,1889.103421408312,572,74,742,308,existing,1897.150680998939,572,73,742,498,existing,2356.435248594303,572,70,742,101,existing,2518.647169011769
573,573,64,743,542,existing,347.0068013022024,573,64,743,353,existing,1247.7609697257924,573,64,743,91,existing,365.1840608587467,573,70,743,101,existing,389.4376864559919,573,72,743,12,existing,1507.1801147307579,573,74,743,308,existing,1525.1337140143105,573,71,743,164,existing,1588.3123481227476,573,69,743,331,existing,2204.556375576372,573,73,743,498,existing,2042.1631246126558
