,assign_from_var_id_grocery,assign_to_var_id_grocery,assign_from_node_id_grocery,assign_to_node_id_grocery,assign_type_grocery,dist_grocery,assign_from_var_id_school,assign_to_var_id_school,assign_from_node_id_school,assign_to_node_id_school,assign_type_school,dist_school,assign_from_var_id_healthcare,assign_to_var_id_healthcare,assign_from_node_id_healthcare,assign_to_node_id_healthcare,assign_type_healthcare,dist_healthcare,0_assign_from_var_id_restaurant,0_assign_to_var_id_restaurant,0_assign_from_node_id_restaurant,0_assign_to_node_id_restaurant,0_assign_type_restaurant,0_dist_restaurant,1_assign_from_var_id_restaurant,1_assign_to_var_id_restaurant,1_assign_from_node_id_restaurant,1_assign_to_node_id_restaurant,1_assign_type_restaurant,1_dist_restaurant,2_assign_from_var_id_restaurant,2_assign_to_var_id_restaurant,2_assign_from_node_id_restaurant,2_assign_to_node_id_restaurant,2_assign_type_restaurant,2_dist_restaurant,3_assign_from_var_id_restaurant,3_assign_to_var_id_restaurant,3_assign_from_node_id_restaurant,3_assign_to_node_id_restaurant,3_assign_type_restaurant,3_dist_restaurant,4_assign_from_var_id_restaurant,4_assign_to_var_id_restaurant,4_assign_from_node_id_restaurant,4_assign_to_node_id_restaurant,4_assign_type_restaurant,4_dist_restaurant,5_assign_from_var_id_restaurant,5_assign_to_var_id_restaurant,5_assign_from_node_id_restaurant,5_assign_to_node_id_restaurant,5_assign_type_restaurant,5_dist_restaurant,6_assign_from_var_id_restaurant,6_assign_to_var_id_restaurant,6_assign_from_node_id_restaurant,6_assign_to_node_id_restaurant,6_assign_type_restaurant,6_dist_restaurant,7_assign_from_var_id_restaurant,7_assign_to_var_id_restaurant,7_assign_from_node_id_restaurant,7_assign_to_node_id_restaurant,7_assign_type_restaurant,7_dist_restaurant,8_assign_from_var_id_restaurant,8_assign_to_var_id_restaurant,8_assign_from_node_id_restaurant,8_assign_to_node_id_restaurant,8_assign_type_restaurant,8_dist_restaurant
0,0,4,2,41,allocated,128.3120688199266,0,4,2,35,existing,235.29705533074252,0,4,2,41,allocated,128.3120688199266,0,3,2,35,allocated,235.29705533074252,0,12,2,126,allocated,476.29570860799566,0,92,2,281,existing,948.7922703560524,0,59,2,291,allocated,752.1026053173086,0,88,2,336,existing,1337.3012593640804,0,93,2,147,existing,1614.4161431729513,0,90,2,241,existing,1642.4445144589822,0,91,2,241,existing,1642.4445144589822,0,89,2,253,existing,2132.0719054188685
1,1,4,3,41,allocated,216.31362385250736,1,4,3,35,existing,323.2986103633233,1,4,3,41,allocated,216.31362385250736,1,3,3,35,allocated,323.2986103633233,1,12,3,126,allocated,482.5405839127493,1,92,3,281,existing,985.654166615293,1,59,3,291,allocated,840.1041603498894,1,93,3,147,existing,1526.4145881403706,1,91,3,241,existing,1554.4429594264016,1,88,3,336,existing,1249.2997043314995,1,90,3,241,existing,1554.4429594264016,1,89,3,253,existing,2044.0703503862874
2,2,58,4,289,allocated,195.1752520017032,2,58,4,289,allocated,195.1752520017032,2,58,4,394,allocated,85.54451229032202,2,92,4,281,existing,467.629982580337,2,59,4,291,allocated,518.0696981464248,2,3,4,35,allocated,1034.875248132991,2,12,4,126,allocated,970.7435652828807,2,93,4,147,existing,2378.0840947469014,2,88,4,336,existing,2100.9692109380303,2,90,4,241,existing,2406.1124660329324,2,91,4,241,existing,2406.1124660329324,2,89,4,253,existing,2895.739856992818
3,3,58,5,289,allocated,126.27369039121169,3,58,5,289,allocated,126.27369039121169,3,58,5,289,allocated,126.27369039121169,3,92,5,281,existing,398.7284209698455,3,59,5,291,allocated,449.16813653593334,3,3,5,35,allocated,965.9736865224995,3,12,5,126,allocated,901.8420036723892,3,91,5,241,existing,2337.2109044224408,3,88,5,336,existing,2032.0676493275391,3,93,5,147,existing,2309.18253313641,3,90,5,241,existing,2337.2109044224408,3,89,5,253,existing,2826.838295382327
4,4,58,6,289,allocated,572.1234325637193,4,58,6,220,existing,375.9941252415341,4,58,6,10,allocated,178.22996111678003,4,59,6,291,allocated,559.3676184589583,4,92,6,281,existing,844.5781631423531,4,3,6,35,allocated,1076.1731684455244,4,12,6,126,allocated,1347.6917458448968,4,88,6,336,existing,2477.9173915000465,4,93,6,147,existing,2755.0322753089176,4,91,6,241,existing,2783.0606465949486,4,90,6,241,existing,2783.0606465949486,4,89,6,253,existing,3272.6880375548344
5,5,58,7,289,allocated,513.0114658329715,5,58,7,220,existing,435.1060919722819,5,58,7,10,allocated,119.11799438603221,5,59,7,291,allocated,618.4795851897061,5,92,7,281,existing,785.4661964116053,5,3,7,35,allocated,1135.2851351762722,5,12,7,126,allocated,1288.579779114149,5,91,7,241,existing,2723.9486798642006,5,90,7,241,existing,2723.9486798642006,5,93,7,147,existing,2695.9203085781696,5,88,7,336,existing,2418.8054247692985,5,89,7,253,existing,3213.5760708240864
6,6,23,8,163,allocated,620.9022257463309,6,23,8,220,existing,242.46364212750254,6,23,8,11,allocated,93.927499731818,6,59,8,291,allocated,425.83713534492676,6,3,8,35,allocated,942.6426853314929,6,12,8,126,allocated,1228.1607091975707,6,92,8,281,existing,978.1086462563846,6,91,8,241,existing,2767.8142101532203,6,93,8,147,existing,2739.7858388671893,6,90,8,241,existing,2767.8142101532203,6,88,8,336,existing,2462.670955058318,6,89,8,253,existing,3257.441601113106
7,7,84,9,353,existing,656.0398630697124,7,84,9,220,existing,567.3586916436742,7,84,9,10,allocated,35.56071904099364,7,59,9,291,allocated,750.7321848610984,7,92,9,281,existing,940.1449098386311,7,3,9,35,allocated,1267.5377348476645,7,12,9,126,allocated,1443.2584925411747,7,88,9,336,existing,2573.4841381963247,7,93,9,147,existing,2850.599022005196,7,90,9,241,existing,2878.627393291227,7,91,9,241,existing,2878.627393291227,7,89,9,253,existing,3368.2547842511126
8,8,58,10,289,allocated,632.1294602190037,8,58,10,220,existing,554.2240863583141,8,58,10,10,allocated,0.0,8,59,10,291,allocated,737.5975795757383,8,92,10,281,existing,904.5841907976375,8,12,10,126,allocated,1407.697773500181,8,3,10,35,allocated,1254.4031295623045,8,90,10,241,existing,2843.066674250233,8,91,10,241,existing,2843.066674250233,8,93,10,147,existing,2815.038302964202,8,88,10,336,existing,2537.923419155331,8,89,10,253,existing,3332.694065210119
9,9,23,11,163,allocated,714.8297254781489,9,23,11,220,existing,336.39114185932056,9,23,11,11,allocated,0.0,9,59,11,291,allocated,519.7646350767448,9,3,11,35,allocated,1036.5701850633109,9,12,11,126,allocated,1322.0882089293887,9,92,11,281,existing,1072.0361459882026,9,93,11,147,existing,2833.7133385990073,9,91,11,241,existing,2861.7417098850383,9,88,11,336,existing,2556.598454790136,9,90,11,241,existing,2861.7417098850383,9,89,11,253,existing,3351.369100844924
10,10,58,12,289,allocated,429.90974762415806,10,58,12,220,existing,388.5607352171859,10,58,12,394,allocated,318.20139034887427,10,59,12,291,allocated,408.89613483663067,10,92,12,281,existing,702.3644782027918,10,12,12,126,allocated,1205.4780609053355,10,3,12,35,allocated,925.7016848231967,10,91,12,241,existing,2640.8469616553875,10,93,12,147,existing,2612.8185903693566,10,90,12,241,existing,2640.8469616553875,10,88,12,336,existing,2335.7037065604854,10,89,12,253,existing,3130.4743526152733
11,11,58,13,289,allocated,374.35204538239464,11,58,13,289,allocated,374.35204538239464,11,58,13,394,allocated,262.64368810711085,11,59,13,291,allocated,464.4538370783941,11,92,13,281,existing,646.8067759610284,11,12,13,126,allocated,1149.9203586635722,11,3,13,35,allocated,981.2593870649603,11,91,13,241,existing,2585.2892594136238,11,93,13,147,existing,2557.260888127593,11,90,13,241,existing,2585.2892594136238,11,88,13,336,existing,2280.1460043187217,11,89,13,253,existing,3074.9166503735096
12,12,58,14,289,allocated,398.29755435969764,12,58,14,289,allocated,398.29755435969764,12,58,14,288,allocated,332.11194604163074,12,92,14,281,existing,565.4453532994942,12,3,14,35,allocated,659.5822397252725,12,12,14,126,allocated,863.5626693850851,12,59,14,291,allocated,973.7393812868427,12,91,14,241,existing,2423.179479912845,12,88,14,336,existing,2118.0362248179435,12,90,14,241,existing,2423.179479912845,12,93,14,147,existing,2395.151108626814,12,89,14,253,existing,2912.8068708727315
13,13,58,15,289,allocated,337.96654840583767,13,58,15,289,allocated,337.96654840583767,13,58,15,288,allocated,271.7809400877707,13,92,15,281,existing,610.4212789844715,13,3,15,35,allocated,719.9132456791326,13,12,15,126,allocated,923.8936753389451,13,59,15,291,allocated,913.4083753329827,13,93,15,147,existing,2455.4821145806745,13,88,15,336,existing,2178.3672307718034,13,90,15,241,existing,2483.5104858667055,13,91,15,241,existing,2483.5104858667055,13,89,15,253,existing,2973.1378768265913
14,14,23,16,163,allocated,426.5430644648151,14,23,16,220,existing,432.2921610312544,14,23,16,16,allocated,0.0,14,59,16,291,allocated,494.316405712342,14,3,16,35,allocated,1011.1219556989081,14,12,16,126,allocated,1296.6399795649857,14,92,16,281,existing,1271.9420096461713,14,90,16,241,existing,2836.293480520635,14,93,16,147,existing,2808.265109234604,14,88,16,336,existing,2531.1502254257334,14,91,16,241,existing,2836.293480520635,14,89,16,253,existing,3325.9208714805213
15,15,23,17,163,allocated,554.6101578822713,15,23,17,220,existing,356.6405804944559,15,23,17,342,allocated,67.0322790843511,15,59,17,291,allocated,540.0140737118801,15,3,17,35,allocated,1056.8196236984463,15,12,17,126,allocated,1342.337647564524,15,92,17,281,existing,1143.874916228715,15,93,17,147,existing,2853.962777234143,15,88,17,336,existing,2576.8478934252716,15,91,17,241,existing,2881.9911485201737,15,90,17,241,existing,2881.9911485201737,15,89,17,253,existing,3371.6185394800596
16,16,4,18,41,allocated,404.92378009736535,16,4,18,35,existing,342.458164175374,16,4,18,264,allocated,332.62490435055037,16,3,18,35,allocated,342.458164175374,16,12,18,126,allocated,546.4385938351866,16,92,18,281,existing,636.6929076650011,16,59,18,291,allocated,859.2637141619401,16,93,18,147,existing,2078.027033076916,16,90,18,241,existing,2106.055404362947,16,88,18,336,existing,1800.912149268045,16,91,18,241,existing,2106.055404362947,16,89,18,253,existing,2595.682795322833
17,17,4,19,41,allocated,507.6739311609018,17,4,19,35,existing,445.2083152389105,17,4,19,264,allocated,435.3750554140868,17,3,19,35,allocated,445.2083152389105,17,12,19,126,allocated,649.188744898723,17,59,19,291,allocated,962.0138652254766,17,92,19,281,existing,739.4430587285376,17,90,19,241,existing,2208.805555426483,17,91,19,241,existing,2208.805555426483,17,88,19,336,existing,1903.6623003315813,17,93,19,147,existing,2180.777184140452,17,89,19,253,existing,2698.432946386369
18,18,23,20,163,allocated,132.91333038101286,18,23,20,220,existing,357.0238858963314,18,23,20,163,allocated,132.91333038101286,18,59,20,291,allocated,311.6200425047996,18,3,20,35,allocated,733.8262925915697,18,12,20,126,allocated,1019.3443164576473,18,92,20,281,existing,1159.5166000105783,18,90,20,241,existing,2558.997817413297,18,91,20,241,existing,2558.997817413297,18,88,20,336,existing,2253.854562318395,18,93,20,147,existing,2530.969446127266,18,89,20,253,existing,3048.625208373183
19,19,23,21,163,allocated,188.38001581914276,19,23,21,220,existing,301.5572004582015,19,23,21,163,allocated,188.38001581914276,19,59,21,291,allocated,256.1533570666696,19,3,21,35,allocated,772.9589070532357,19,92,21,281,existing,1104.0499145724484,19,12,21,126,allocated,1058.4769309193134,19,90,21,241,existing,2598.130431874963,19,93,21,147,existing,2570.102060588932,19,91,21,241,existing,2598.130431874963,19,88,21,336,existing,2292.9871767800614,19,89,21,253,existing,3087.7578228348493
20,20,23,22,163,allocated,47.2114418351343,20,23,22,220,existing,442.72577444220997,20,23,22,163,allocated,47.2114418351343,20,59,22,291,allocated,392.5379945653524,20,3,22,35,allocated,648.1244040456911,20,12,22,126,allocated,933.6424279117688,20,92,22,281,existing,1240.4345520711313,20,91,22,241,existing,2473.2959288674183,20,90,22,241,existing,2473.2959288674183,20,88,22,336,existing,2168.1526737725167,20,93,22,147,existing,2445.2675575813873,20,89,22,253,existing,2962.923319827304
21,21,23,23,163,allocated,213.99982901064993,21,23,23,220,existing,609.5141616177257,21,23,23,163,allocated,213.99982901064993,21,59,23,291,allocated,559.326381740868,21,3,23,35,allocated,814.9127912212067,21,92,23,281,existing,1407.2229392466468,21,12,23,126,allocated,1100.4308150872844,21,91,23,241,existing,2640.084316042934,21,90,23,241,existing,2640.084316042934,21,93,23,147,existing,2612.055944756903,21,88,23,336,existing,2334.941060948032,21,89,23,253,existing,3129.71170700282
22,22,23,24,163,allocated,264.34695185948124,22,23,24,220,existing,659.861284466557,22,23,24,163,allocated,264.34695185948124,22,59,24,291,allocated,609.6735045896993,22,3,24,35,allocated,865.2599140700381,22,92,24,281,existing,1457.570062095478,22,12,24,126,allocated,1150.7779379361157,22,93,24,147,existing,2662.4030676057346,22,90,24,241,existing,2690.4314388917655,22,88,24,336,existing,2385.2881837968634,22,91,24,241,existing,2690.4314388917655,22,89,24,253,existing,3180.0588298516514
23,23,23,25,163,allocated,255.45981320440205,23,23,25,35,existing,395.3050529908933,23,23,25,163,allocated,255.45981320440205,23,3,25,35,allocated,395.3050529908933,23,59,25,291,allocated,535.4946823943477,23,92,25,281,existing,1153.3196386050276,23,12,25,126,allocated,680.823076856971,23,90,25,241,existing,2220.4765778126207,23,93,25,147,existing,2192.4482065265897,23,88,25,336,existing,1915.3333227177188,23,91,25,241,existing,2220.4765778126207,23,89,25,253,existing,2710.103968772507
24,24,23,26,163,allocated,302.22784578444134,24,23,26,35,existing,348.53702041085404,24,23,26,163,allocated,302.22784578444134,24,3,26,35,allocated,348.53702041085404,24,59,26,291,allocated,488.7266498143084,24,92,26,281,existing,1106.5516060249884,24,12,26,126,allocated,634.0550442769318,24,90,26,241,existing,2173.7085452325814,24,93,26,147,existing,2145.6801739465504,24,88,26,336,existing,1868.5652901376795,24,91,26,241,existing,2173.7085452325814,24,89,26,253,existing,2663.3359361924677
25,25,23,27,163,allocated,689.9196938038285,25,23,27,220,existing,862.2288363761381,25,23,27,16,allocated,621.7656600642837,25,59,27,291,allocated,924.2530810572256,25,3,27,35,allocated,1290.8326560143853,25,92,27,281,existing,1748.2297862166445,25,12,27,126,allocated,1576.3506798804628,25,93,27,147,existing,3087.9758095500815,25,88,27,336,existing,2810.860925741211,25,91,27,241,existing,3116.0041808361125,25,90,27,241,existing,3116.0041808361125,25,89,27,253,existing,3605.6315717959983
26,26,23,28,163,allocated,630.3658462401581,26,23,28,220,existing,802.6749888124677,26,23,28,16,allocated,562.2118125006133,26,59,28,291,allocated,864.6992334935552,26,3,28,35,allocated,1231.278808450715,26,12,28,126,allocated,1516.7968323167925,26,92,28,281,existing,1688.675938652974,26,90,28,241,existing,3056.450333272442,26,91,28,241,existing,3056.450333272442,26,93,28,147,existing,3028.421961986411,26,88,28,336,existing,2751.3070781775405,26,89,28,253,existing,3546.077724232328
27,27,4,29,41,allocated,180.6511046627922,27,4,29,35,existing,118.18548874080082,27,4,29,35,allocated,118.18548874080082,27,3,29,35,allocated,118.18548874080082,27,12,29,126,allocated,322.16591840061335,27,59,29,291,allocated,634.9910387273669,27,92,29,281,existing,639.8290968733337,27,88,29,336,existing,1576.6394738334716,27,90,29,241,existing,1881.7827289283737,27,93,29,147,existing,1853.7543576423427,27,91,29,241,existing,1881.7827289283737,27,89,29,253,existing,2371.4101198882595
28,28,4,30,41,allocated,352.06701463868234,28,4,30,35,existing,289.601398716691,28,4,30,126,allocated,150.7500084247232,28,12,30,126,allocated,150.7500084247232,28,3,30,35,allocated,289.601398716691,28,92,30,281,existing,653.8635911272669,28,59,30,291,allocated,806.4069487032571,28,88,30,336,existing,1405.2235638575814,28,90,30,241,existing,1710.3668189524833,28,93,30,147,existing,1682.3384476664523,28,91,30,241,existing,1710.3668189524833,28,89,30,253,existing,2199.994209912369
29,29,23,31,163,allocated,302.08943165348444,29,23,31,35,existing,398.2932040114747,29,23,31,163,allocated,302.08943165348444,29,3,31,35,allocated,398.2932040114747,29,59,31,291,allocated,582.1243008434301,29,92,31,281,existing,1156.307789625609,29,12,31,126,allocated,683.8112278775525,29,93,31,147,existing,2195.436357547171,29,88,31,336,existing,1918.3214737383003,29,90,31,241,existing,2223.464728833202,29,91,31,241,existing,2223.464728833202,29,89,31,253,existing,2713.0921197930884
30,30,23,32,163,allocated,311.35676877798966,30,23,32,35,existing,681.1034402332502,30,23,32,163,allocated,311.35676877798966,30,59,32,291,allocated,656.6833215082078,30,3,32,35,allocated,681.1034402332502,30,12,32,126,allocated,966.621464099328,30,92,32,281,existing,1439.1180258473846,30,90,32,241,existing,2506.2749650549777,30,88,32,336,existing,2201.1317099600756,30,93,32,147,existing,2478.2465937689467,30,91,32,241,existing,2506.2749650549777,30,89,32,253,existing,2995.9023560148635
31,31,23,33,163,allocated,363.1929423613989,31,23,33,35,existing,629.2672666498411,31,23,33,163,allocated,363.1929423613989,31,3,33,35,allocated,629.2672666498411,31,59,33,291,allocated,708.519495091617,31,12,33,126,allocated,914.7852905159189,31,92,33,281,existing,1387.2818522639755,31,91,33,241,existing,2454.4387914715685,31,88,33,336,existing,2149.295536376667,31,93,33,147,existing,2426.4104201855375,31,90,33,241,existing,2454.4387914715685,31,89,33,253,existing,2944.0661824314548
32,32,4,34,41,allocated,202.49746745063564,32,4,34,35,existing,95.5124809398197,32,4,34,35,allocated,95.5124809398197,32,3,34,35,allocated,95.5124809398197,32,12,34,126,allocated,381.0305048058974,32,59,34,291,allocated,421.2930690467464,32,92,34,281,existing,853.5270665539542,32,93,34,147,existing,1892.655634475516,32,88,34,336,existing,1615.5407506666452,32,91,34,241,existing,1920.684005761547,32,90,34,241,existing,1920.684005761547,32,89,34,253,existing,2410.311396721433
33,33,23,36,163,allocated,877.2842678351865,33,23,36,220,existing,1049.5934104074963,33,23,36,16,allocated,809.1302340956418,33,59,36,291,allocated,1111.6176550885837,33,3,36,35,allocated,1478.1972300457433,33,12,36,126,allocated,1763.715253911821,33,92,36,281,existing,1935.5943602480024,33,91,36,241,existing,3303.3687548674707,33,88,36,336,existing,2998.2254997725686,33,90,36,241,existing,3303.3687548674707,33,93,36,147,existing,3275.3403835814397,33,89,36,253,existing,3792.9961458273565
34,34,23,37,163,allocated,783.4767279148871,34,23,37,220,existing,955.7858704871969,34,23,37,16,allocated,715.3226941753425,34,59,37,291,allocated,1017.8101151682844,34,3,37,35,allocated,1384.3896901254438,34,92,37,281,existing,1841.7868203277033,34,12,37,126,allocated,1669.9077139915216,34,90,37,241,existing,3209.5612149471713,34,88,37,336,existing,2904.4179598522696,34,93,37,147,existing,3181.5328436611403,34,91,37,241,existing,3209.5612149471713,34,89,37,253,existing,3699.188605907057
35,35,23,38,163,allocated,420.5554630977765,35,23,38,35,existing,571.9047459134634,35,23,38,163,allocated,420.5554630977765,35,3,38,35,allocated,571.9047459134634,35,59,38,291,allocated,765.8820158279946,35,92,38,281,existing,1329.919331527598,35,12,38,126,allocated,857.4227697795411,35,93,38,147,existing,2369.0478994491596,35,91,38,241,existing,2397.0762707351905,35,88,38,336,existing,2091.933015640289,35,90,38,241,existing,2397.0762707351905,35,89,38,253,existing,2886.703661695077
36,36,23,39,163,allocated,492.42817433334517,36,23,39,35,existing,438.3225481079037,36,23,39,35,allocated,438.3225481079037,36,3,39,35,allocated,438.3225481079037,36,12,39,126,allocated,723.8405719739815,36,92,39,281,existing,1196.3371337220383,36,59,39,291,allocated,764.1031362148304,36,88,39,336,existing,1958.350817834729,36,90,39,241,existing,2263.494072929631,36,93,39,147,existing,2235.4657016436,36,91,39,241,existing,2263.494072929631,36,89,39,253,existing,2753.121463889517
37,37,4,40,41,allocated,222.59574644856184,37,4,40,35,existing,329.5807329593778,37,4,40,406,allocated,188.44885185664901,37,3,40,35,allocated,329.5807329593778,37,12,40,126,allocated,423.6884163486974,37,59,40,291,allocated,846.3862829459439,37,92,40,281,existing,926.8019990512411,37,91,40,241,existing,1495.5907918623495,37,93,40,147,existing,1467.5624205763186,37,90,40,241,existing,1495.5907918623495,37,88,40,336,existing,1190.4475367674477,37,89,40,253,existing,1985.2181828222356
38,38,4,41,41,allocated,0.0,38,4,41,35,existing,106.98498651081594,38,4,41,41,allocated,0.0,38,3,41,35,allocated,106.98498651081594,38,12,41,126,allocated,347.98363978806907,38,92,41,281,existing,820.4802015361258,38,59,41,291,allocated,623.790536497382,38,93,41,147,existing,1690.1581670248804,38,90,41,241,existing,1718.1865383109114,38,88,41,336,existing,1413.0432832160095,38,91,41,241,existing,1718.1865383109114,38,89,41,253,existing,2207.8139292707974
39,39,4,42,41,allocated,479.35073099304554,39,4,42,35,existing,372.3657444822296,39,4,42,35,allocated,372.3657444822296,39,3,42,35,allocated,372.3657444822296,39,12,42,126,allocated,657.8837683483073,39,59,42,291,allocated,889.1712944687958,39,92,42,281,existing,1130.380330096364,39,91,42,241,existing,2197.537269303957,39,93,42,147,existing,2169.508898017926,39,88,42,336,existing,1892.394014209055,39,90,42,241,existing,2197.537269303957,39,89,42,253,existing,2657.2879387441153
40,40,4,43,41,allocated,442.5131852485008,40,4,43,35,existing,335.5281987376849,40,4,43,35,allocated,335.5281987376849,40,3,43,35,allocated,335.5281987376849,40,12,43,126,allocated,621.0462226037625,40,92,43,281,existing,1093.5427843518194,40,59,43,291,allocated,852.3337487242511,40,88,43,336,existing,1855.5564684645103,40,90,43,241,existing,2160.699723559412,40,93,43,147,existing,2132.671352273381,40,91,43,241,existing,2160.699723559412,40,89,43,253,existing,2650.3271145192984
41,41,85,44,310,existing,555.1213847851853,41,85,44,238,allocated,472.04771588730966,41,85,44,238,allocated,472.04771588730966,41,3,44,35,allocated,583.2674552317832,41,12,44,126,allocated,868.7854790978608,41,92,44,281,existing,1341.2820408459177,41,59,44,291,allocated,1049.6118281035122,41,93,44,147,existing,1977.6017675233074,41,88,44,336,existing,1700.4868837144363,41,91,44,241,existing,2005.6301388093384,41,90,44,241,existing,2005.6301388093384,41,89,44,253,existing,2446.3862279945615
42,42,4,45,41,allocated,267.6619302619821,42,4,45,238,allocated,365.6649553695532,42,4,45,300,allocated,202.50716597702552,42,3,45,35,allocated,374.646916772798,42,12,45,126,allocated,615.6455700500512,42,92,45,281,existing,1088.142131798108,42,59,45,291,allocated,891.4524667593641,42,88,45,336,existing,1496.9204142724648,42,90,45,241,existing,1802.0636693673666,42,93,45,147,existing,1774.0352980813357,42,91,45,241,existing,1802.0636693673666,42,89,45,253,existing,2291.6910603272527
43,43,4,46,41,allocated,178.2408405410223,43,4,46,35,existing,285.2258270518382,43,4,46,41,allocated,178.2408405410223,43,3,46,35,allocated,285.2258270518382,43,12,46,126,allocated,526.2244803290914,43,59,46,291,allocated,802.0313770384043,43,92,46,281,existing,998.7210420771481,43,90,46,241,existing,1712.6425796464068,43,91,46,241,existing,1712.6425796464068,43,93,46,147,existing,1684.6142083603759,43,88,46,336,existing,1407.499324551505,43,89,46,253,existing,2202.269970606293
44,44,85,47,310,existing,353.218039183943,44,85,47,238,allocated,270.1443702860673,44,85,47,238,allocated,270.1443702860673,44,3,47,35,allocated,785.1708008330255,44,12,47,126,allocated,1070.6888246991032,44,88,47,336,existing,1498.5835381131942,44,59,47,291,allocated,1251.5151737047545,44,90,47,241,existing,1803.7267932080963,44,92,47,281,existing,1543.18538644716,44,91,47,241,existing,1803.7267932080963,44,93,47,147,existing,1775.6984219220653,44,89,47,253,existing,2244.4828823933194
45,45,85,48,310,existing,399.93139417820646,45,85,48,238,allocated,316.8577252803308,45,85,48,238,allocated,316.8577252803308,45,3,48,35,allocated,738.457445838762,45,12,48,126,allocated,1023.9754697048397,45,59,48,291,allocated,1204.801818710491,45,92,48,281,existing,1496.4720314528968,45,91,48,241,existing,1850.4401482023595,45,93,48,147,existing,1822.4117769163286,45,90,48,241,existing,1850.4401482023595,45,88,48,336,existing,1545.2968931074574,45,89,48,253,existing,2291.196237387583
46,46,85,49,310,existing,267.9143084974187,46,85,49,238,allocated,184.840639599543,46,85,49,238,allocated,184.840639599543,46,3,49,35,allocated,671.6478816058222,46,12,49,126,allocated,957.1659054719,46,59,49,291,allocated,1188.4534315923884,46,88,49,336,existing,1413.2798074266698,46,91,49,241,existing,1718.4230625215719,46,93,49,147,existing,1690.394691235541,46,92,49,281,existing,1429.6624672199569,46,90,49,241,existing,1718.4230625215719,46,89,49,253,existing,2159.179151706795
47,47,85,50,310,existing,291.919832099554,47,85,50,238,allocated,208.84616320167834,47,85,50,238,allocated,208.84616320167834,47,3,50,35,allocated,647.6423580036869,47,12,50,126,allocated,933.1603818697647,47,92,50,281,existing,1405.6569436178215,47,59,50,291,allocated,1164.447907990253,47,93,50,147,existing,1714.4002148376762,47,88,50,336,existing,1437.285331028805,47,90,50,241,existing,1742.4285861237072,47,91,50,241,existing,1742.4285861237072,47,89,50,253,existing,2183.1846753089303
48,48,83,51,228,existing,286.6637427362973,48,83,51,238,allocated,432.2805468789776,48,83,51,51,allocated,0.0,48,3,51,35,allocated,672.8108173489683,48,12,51,126,allocated,936.0741815904696,48,92,51,281,existing,1408.5707433385264,48,59,51,291,allocated,1189.6163673355343,48,91,51,241,existing,1829.1789645217036,48,88,51,336,existing,1524.0357094268015,48,90,51,241,existing,1829.1789645217036,48,93,51,147,existing,1801.1505932356727,48,89,51,253,existing,2269.9350537069267
49,49,83,52,228,existing,312.99113160857405,49,83,52,238,allocated,458.6079357512542,49,83,52,51,allocated,26.327388872276686,49,3,52,35,allocated,646.4834284766915,49,12,52,126,allocated,909.7467927181929,49,59,52,291,allocated,1163.2889784632578,49,92,52,281,existing,1382.2433544662495,49,90,52,241,existing,1855.5063533939804,49,93,52,147,existing,1827.4779821079494,49,91,52,241,existing,1855.5063533939804,49,88,52,336,existing,1550.3630982990783,49,89,52,253,existing,2296.2624425792037
50,50,86,55,57,existing,449.0291448152791,50,86,55,364,allocated,432.4024432397581,50,86,55,143,allocated,121.87946310738418,50,88,55,336,existing,657.7457885195116,50,93,55,147,existing,724.354783085236,50,91,55,241,existing,752.383154371267,50,90,55,241,existing,752.383154371267,50,92,55,281,existing,2010.3612172372768,50,3,55,35,allocated,1897.050258606409,50,89,55,253,existing,793.4836849961124,50,12,55,126,allocated,1636.343533741231,50,59,55,291,allocated,2413.855808592975
51,51,86,56,57,existing,371.89712696501874,51,86,56,364,allocated,355.27042538949775,51,86,56,143,allocated,199.01148095764452,51,88,56,336,existing,580.6137706692513,51,93,56,147,existing,647.2227652349757,51,91,56,241,existing,675.2511365210066,51,90,56,241,existing,675.2511365210066,51,92,56,281,existing,1933.2291993870167,51,3,56,35,allocated,1819.9182407561489,51,12,56,126,allocated,1559.211515890971,51,89,56,253,existing,716.351667145852,51,59,56,291,allocated,2336.7237907427148
52,52,86,57,57,existing,0.0,52,86,57,273,existing,397.36634365933656,52,86,57,57,allocated,0.0,52,91,57,241,existing,323.2900370151573,52,90,57,241,existing,323.2900370151573,52,89,57,253,existing,364.3235943348659,52,93,57,147,existing,324.0588110212116,52,3,57,35,allocated,1950.4753214467476,52,92,57,281,existing,2063.7862800776156,52,12,57,126,allocated,1689.7685965815697,52,88,57,336,existing,430.447051719922,52,59,57,291,allocated,2467.280871433313
53,53,23,60,163,allocated,440.72633348514773,53,23,60,35,existing,706.8006577735899,53,23,60,163,allocated,440.72633348514773,53,3,60,35,allocated,706.8006577735899,53,59,60,291,allocated,786.0528862153658,53,92,60,281,existing,1464.8152433877244,53,12,60,126,allocated,992.3186816396676,53,93,60,147,existing,2503.9438113092865,53,91,60,241,existing,2531.9721825953175,53,90,60,241,existing,2531.9721825953175,53,88,60,336,existing,2226.8289275004154,53,89,60,253,existing,3021.5995735552033
54,54,85,61,310,existing,846.4050817815905,54,85,61,364,allocated,361.5512552180108,54,85,61,227,allocated,197.36026127689382,54,88,61,336,existing,543.655389669636,54,93,61,147,existing,820.770273478507,54,90,61,241,existing,848.7986447645378,54,91,61,241,existing,848.7986447645378,54,89,61,253,existing,1217.7156133987885,54,12,61,126,allocated,1522.2531348913556,54,92,61,281,existing,1896.2708183874015,54,3,61,35,allocated,1614.240531937793,54,59,61,291,allocated,2131.0460819243594
55,55,87,62,241,existing,767.1693378910386,55,87,62,364,allocated,279.9219483445115,55,87,62,210,allocated,162.08850141651726,55,88,62,336,existing,462.0260827961367,55,93,62,147,existing,739.1409666050076,55,90,62,241,existing,767.1693378910386,55,91,62,241,existing,767.1693378910386,55,3,62,35,allocated,1695.8698388112923,55,12,62,126,allocated,1440.6238280178563,55,92,62,281,existing,1814.6415115139023,55,89,62,253,existing,1136.0863065252893,55,59,62,291,allocated,2212.6753887978584
56,56,87,65,241,existing,721.6996598194638,56,87,65,364,allocated,361.1759503643873,56,87,65,212,allocated,257.60240494442024,56,88,65,336,existing,416.55640472456184,56,93,65,147,existing,693.6712885334329,56,91,65,241,existing,721.6996598194638,56,90,65,241,existing,721.6996598194638,56,89,65,253,existing,1211.3270507793497,56,92,65,281,existing,1432.379033896139,56,12,65,126,allocated,1058.3613504000932,56,3,65,35,allocated,1319.068075265271,56,59,65,291,allocated,1835.873625251837
57,57,23,67,163,allocated,775.7379691254539,57,23,67,220,existing,948.0471116977636,57,23,67,16,allocated,707.5839353859092,57,59,67,291,allocated,1010.0713563788511,57,3,67,35,allocated,1376.6509313360107,57,12,67,126,allocated,1662.1689552020885,57,92,67,281,existing,1834.0480615382698,57,93,67,147,existing,3173.794084871707,57,90,67,241,existing,3201.822456157738,57,91,67,241,existing,3201.822456157738,57,88,67,336,existing,2896.679201062836,57,89,67,253,existing,3691.449847117624
58,58,23,68,163,allocated,702.7128207367366,58,23,68,220,existing,875.0219633090463,58,23,68,16,allocated,634.5587869971919,58,59,68,291,allocated,937.0462079901338,58,3,68,35,allocated,1303.6257829472934,58,92,68,281,existing,1761.0229131495526,58,12,68,126,allocated,1589.1438068133712,58,90,68,241,existing,3128.797307769021,58,91,68,241,existing,3128.797307769021,58,88,68,336,existing,2823.654052674119,58,93,68,147,existing,3100.76893648299,58,89,68,253,existing,3618.4246987289066
59,59,58,69,289,allocated,558.6190852695058,59,58,69,289,allocated,558.6190852695058,59,58,69,264,allocated,349.54906589871894,59,92,69,281,existing,454.1458874898002,59,3,69,35,allocated,713.344819121306,59,12,69,126,allocated,915.9818993690855,59,59,69,291,allocated,1134.0609121966509,59,93,69,147,existing,2323.322428833106,59,91,69,241,existing,2351.350800119137,59,88,69,336,existing,2046.207545024235,59,90,69,241,existing,2351.350800119137,59,89,69,253,existing,2840.978191079023
60,60,58,70,289,allocated,464.44926788414017,60,58,70,289,allocated,464.44926788414017,60,58,70,264,allocated,255.37924851335336,60,92,70,281,existing,359.9760701044346,60,3,70,35,allocated,619.1750017359404,60,59,70,291,allocated,1039.8910948112853,60,12,70,126,allocated,821.8120819837198,60,90,70,241,existing,2257.1809827337715,60,93,70,147,existing,2229.1526114477406,60,88,70,336,existing,1952.0377276388695,60,91,70,241,existing,2257.1809827337715,60,89,70,253,existing,2746.8083736936574
61,61,23,75,163,allocated,570.9388358735475,61,23,75,220,existing,340.3119025031796,61,23,75,258,allocated,66.72546854661381,61,59,75,291,allocated,523.6853957206039,61,3,75,35,allocated,1040.49094570717,61,92,75,281,existing,1127.546238237439,61,12,75,126,allocated,1326.008969573248,61,91,75,241,existing,2865.6624705288973,61,90,75,241,existing,2865.6624705288973,61,93,75,147,existing,2837.6340992428663,61,88,75,336,existing,2560.5192154339957,61,89,75,253,existing,3355.2898614887836
62,62,4,80,41,allocated,532.2137430512059,62,4,80,35,existing,425.22875654039,62,4,80,35,allocated,425.22875654039,62,3,80,35,allocated,425.22875654039,62,12,80,126,allocated,710.7467804064677,62,92,80,281,existing,1183.2433421545245,62,59,80,291,allocated,923.0637539746846,62,88,80,336,existing,1876.6600367801734,62,91,80,241,existing,2181.8032918750755,62,93,80,147,existing,2153.7749205890445,62,90,80,241,existing,2181.8032918750755,62,89,80,253,existing,2622.5593810602986
63,63,4,81,41,allocated,378.76003879622135,63,4,81,35,existing,271.7750522854054,63,4,81,35,allocated,271.7750522854054,63,3,81,35,allocated,271.7750522854054,63,12,81,126,allocated,557.2930761514831,63,59,81,291,allocated,788.5806022719717,63,92,81,281,existing,1029.78963789954,63,93,81,147,existing,2068.9182058211018,63,91,81,241,existing,2096.9465771071327,63,88,81,336,existing,1791.8033220122309,63,90,81,241,existing,2096.9465771071327,63,89,81,253,existing,2586.5739680670185
64,64,23,85,163,allocated,377.2441309452003,64,23,85,35,existing,323.1385047197588,64,23,85,35,allocated,323.1385047197588,64,3,85,35,allocated,323.1385047197588,64,12,85,126,allocated,608.6565285858366,64,92,85,281,existing,1081.1530903338935,64,59,85,291,allocated,648.9190928266855,64,88,85,336,existing,1843.1667744465842,64,91,85,241,existing,2148.310029541486,64,90,85,241,existing,2148.310029541486,64,93,85,147,existing,2120.281658255455,64,89,85,253,existing,2637.937420501372
65,65,86,90,57,existing,474.0008201337115,65,86,90,364,allocated,157.4690264100724,65,86,90,364,allocated,157.4690264100724,65,88,90,336,existing,382.8123716898259,65,93,90,147,existing,659.9272554986969,65,90,90,241,existing,687.9556267847279,65,91,90,241,existing,687.9556267847279,65,89,90,253,existing,818.4553603145448,65,3,90,35,allocated,1622.1168417767235,65,12,90,126,allocated,1361.4101169115456,65,92,90,281,existing,1735.4278004075913,65,59,90,291,allocated,2138.9223917632894
66,66,86,91,57,existing,324.3832354249692,66,86,91,364,allocated,233.31625840852473,66,86,91,364,allocated,233.31625840852473,66,88,91,336,existing,458.65960368827825,66,93,91,147,existing,599.7088736949261,66,91,91,241,existing,627.737244980957,66,90,91,241,existing,627.737244980957,66,89,91,253,existing,668.8377756058026,66,12,91,126,allocated,1437.257348909998,66,92,91,281,existing,1811.275032406044,66,3,91,35,allocated,1697.9640737751756,66,59,91,291,allocated,2214.7696237617415
67,67,4,95,41,allocated,396.2629430320155,67,4,95,35,existing,289.2779565211996,67,4,95,35,allocated,289.2779565211996,67,3,95,35,allocated,289.2779565211996,67,12,95,126,allocated,574.7959803872773,67,59,95,291,allocated,806.0835065077658,67,92,95,281,existing,1047.292542135334,67,90,95,241,existing,1929.625641275538,67,91,95,241,existing,1929.625641275538,67,88,95,336,existing,1624.482386180636,67,93,95,147,existing,1901.5972699895071,67,89,95,253,existing,2370.381730460761
68,68,4,96,41,allocated,336.2864498545463,68,4,96,35,existing,229.30146334373032,68,4,96,35,allocated,229.30146334373032,68,3,96,35,allocated,229.30146334373032,68,12,96,126,allocated,514.819487209808,68,92,96,281,existing,987.3160489578648,68,59,96,291,allocated,746.1070133302966,68,91,96,241,existing,1989.6021344530072,68,90,96,241,existing,1989.6021344530072,68,93,96,147,existing,1961.5737631669763,68,88,96,336,existing,1684.4588793581052,68,89,96,253,existing,2430.358223638231
69,69,85,97,310,existing,346.2301260603756,69,85,97,238,allocated,263.1564571625,69,85,97,51,allocated,250.64609963675946,69,3,97,35,allocated,422.1647177122088,69,12,97,126,allocated,707.6827415782866,69,59,97,291,allocated,938.9702676987749,69,92,97,281,existing,1180.1793033263434,69,90,97,241,existing,1796.7388800845288,69,93,97,147,existing,1768.7105087984978,69,88,97,336,existing,1491.5956249896267,69,91,97,241,existing,1796.7388800845288,69,89,97,253,existing,2237.494969269752
70,70,23,102,163,allocated,189.01852093008017,70,23,102,35,existing,574.3144422416191,70,23,102,163,allocated,189.01852093008017,70,59,102,291,allocated,534.3450736602982,70,3,102,35,allocated,574.3144422416191,70,12,102,126,allocated,859.8324661076967,70,92,102,281,existing,1332.3290278557536,70,90,102,241,existing,2399.4859670633464,70,91,102,241,existing,2399.4859670633464,70,93,102,147,existing,2371.4575957773154,70,88,102,336,existing,2094.3427119684447,70,89,102,253,existing,2889.1133580232326
71,71,23,103,163,allocated,132.7344724418782,71,23,103,35,existing,518.0303937534171,71,23,103,163,allocated,132.7344724418782,71,59,103,291,allocated,478.06102517209627,71,3,103,35,allocated,518.0303937534171,71,92,103,281,existing,1276.0449793675516,71,12,103,126,allocated,803.5484176194948,71,93,103,147,existing,2315.1735472891132,71,88,103,336,existing,2038.0586634802426,71,91,103,241,existing,2343.201918575144,71,90,103,241,existing,2343.201918575144,71,89,103,253,existing,2832.8293095350305
72,72,23,104,163,allocated,531.7800024294636,72,23,104,220,existing,153.34141881063522,72,23,104,327,allocated,94.15291839123479,72,59,104,291,allocated,336.7149120280594,72,3,104,35,allocated,853.5204620146255,72,92,104,281,existing,940.5757545448944,72,12,104,126,allocated,1139.0384858807033,72,93,104,147,existing,2650.663615550322,72,91,104,241,existing,2678.691986836353,72,88,104,336,existing,2373.548731741451,72,90,104,241,existing,2678.691986836353,72,89,104,253,existing,3168.3193777962388
73,73,23,105,163,allocated,483.5712070012098,73,23,105,220,existing,105.13262338238147,73,23,105,327,allocated,142.36171381948853,73,59,105,291,allocated,288.5061165998057,73,3,105,35,allocated,805.3116665863718,73,92,105,281,existing,892.3669591166406,73,12,105,126,allocated,1090.8296904524495,73,90,105,241,existing,2630.483191408099,73,88,105,336,existing,2325.3399363131975,73,91,105,241,existing,2630.483191408099,73,93,105,147,existing,2602.454820122068,73,89,105,253,existing,3120.1105823679854
74,74,58,106,289,allocated,395.46818739865813,74,58,106,289,allocated,395.46818739865813,74,58,106,264,allocated,186.39816802787132,74,92,106,281,existing,290.9949896189526,74,3,106,35,allocated,688.1560822214226,74,59,106,291,allocated,970.9100143258032,74,12,106,126,allocated,752.8310014982378,74,90,106,241,existing,2188.1999022482896,74,88,106,336,existing,1883.0566471533875,74,93,106,147,existing,2160.1715309622587,74,91,106,241,existing,2188.1999022482896,74,89,106,253,existing,2677.8272932081754
75,75,58,107,289,allocated,495.46989831213807,75,58,107,289,allocated,495.46989831213807,75,58,107,264,allocated,86.39645711439141,75,92,107,281,existing,390.99670053243256,75,3,107,35,allocated,588.686611411533,75,12,107,126,allocated,652.8292905847579,75,59,107,291,allocated,1070.911725239283,75,88,107,336,existing,1783.0549362399076,75,91,107,241,existing,2088.1981913348095,75,90,107,241,existing,2088.1981913348095,75,93,107,147,existing,2060.1698200487785,75,89,107,253,existing,2577.825582294696
76,76,85,108,310,existing,397.41887414022915,76,85,108,238,allocated,314.3452052423535,76,85,108,51,allocated,301.834847716613,76,3,108,35,allocated,473.35346579206237,76,12,108,126,allocated,758.87148965814,76,59,108,291,allocated,990.1590157786285,76,92,108,281,existing,1231.3680514061969,76,93,108,147,existing,1819.8992568783515,76,88,108,336,existing,1542.7843730694804,76,91,108,241,existing,1847.9276281643824,76,90,108,241,existing,1847.9276281643824,76,89,108,253,existing,2288.683717349605
77,77,85,111,310,existing,787.5041502573656,77,85,111,364,allocated,457.8130763307386,77,85,111,167,allocated,158.1748649469256,77,88,111,336,existing,639.9172107823638,77,93,111,147,existing,917.0320945912348,77,90,111,241,existing,945.0604658772656,77,91,111,241,existing,945.0604658772656,77,12,111,126,allocated,1428.0428903660575,77,3,111,35,allocated,1555.339600413568,77,89,111,253,existing,1313.9774345115163,77,92,111,281,existing,1802.0605738621034,77,59,111,291,allocated,2072.1451504001343
78,78,85,112,310,existing,706.4988490274251,78,85,112,364,allocated,376.8077751007981,78,85,112,167,allocated,77.16956371698507,78,88,112,336,existing,558.9119095524233,78,93,112,147,existing,836.0267933612943,78,91,112,241,existing,864.0551646473252,78,90,112,241,existing,864.0551646473252,78,12,112,126,allocated,1347.037589136117,78,89,112,253,existing,1232.972133281576,78,3,112,35,allocated,1474.3342991836275,78,92,112,281,existing,1721.055272632163,78,59,112,291,allocated,1991.1398491701937
79,79,86,113,57,existing,264.16825978773267,79,86,113,364,allocated,247.5415582122117,79,86,113,151,allocated,214.1126369113058,79,88,113,336,existing,472.88490349196525,79,93,113,147,existing,539.4938980576896,79,90,113,241,existing,567.5222693437206,79,91,113,241,existing,567.5222693437206,79,92,113,281,existing,1825.500332209731,79,12,113,126,allocated,1451.482648713685,79,89,113,253,existing,608.622799968566,79,3,113,35,allocated,1712.1893735788626,79,59,113,291,allocated,2228.9949235654285
80,80,86,114,57,existing,280.39787272898826,80,86,114,364,allocated,231.31194527095613,80,86,114,151,allocated,230.34224985256137,80,88,114,336,existing,456.65529055070965,80,93,114,147,existing,555.7235109989451,80,90,114,241,existing,583.7518822849761,80,91,114,241,existing,583.7518822849761,80,12,114,126,allocated,1435.2530357724293,80,89,114,253,existing,624.8524129098216,80,3,114,35,allocated,1695.9597606376071,80,92,114,281,existing,1809.2707192684752,80,59,114,291,allocated,2212.7653106241733
81,81,58,118,289,allocated,23.427224470689705,81,58,118,289,allocated,23.427224470689705,81,58,118,289,allocated,23.427224470689705,81,92,118,281,existing,295.8819550493235,81,59,118,291,allocated,552.0146024564553,81,12,118,126,allocated,798.9955377518672,81,3,118,35,allocated,1053.896540663458,81,88,118,336,existing,1929.2211834070172,81,90,118,241,existing,2234.364438501919,81,93,118,147,existing,2206.336067215888,81,91,118,241,existing,2234.364438501919,81,89,118,253,existing,2723.991829461805
82,82,23,122,163,allocated,44.79222666972625,82,23,122,220,existing,534.7294429470705,82,23,122,163,allocated,44.79222666972625,82,59,122,291,allocated,300.5343260604918,82,3,122,35,allocated,556.1207355408305,82,12,122,126,allocated,841.6387594069082,82,92,122,281,existing,1148.4308835662705,82,88,122,336,existing,2076.149005267656,82,90,122,241,existing,2381.292260362558,82,91,122,241,existing,2381.292260362558,82,93,122,147,existing,2353.263889076527,82,89,122,253,existing,2870.9196513224438
83,83,23,123,163,allocated,97.83600528807688,83,23,123,35,existing,503.0769569224799,83,23,123,163,allocated,97.83600528807688,83,59,123,291,allocated,353.57810467884246,83,3,123,35,allocated,503.0769569224799,83,12,123,126,allocated,788.5949807885576,83,92,123,281,existing,1201.4746621846211,83,88,123,336,existing,2023.1052266493052,83,91,123,241,existing,2328.2484817442073,83,90,123,241,existing,2328.2484817442073,83,93,123,147,existing,2300.2201104581764,83,89,123,253,existing,2817.875872704093
84,84,58,124,289,allocated,466.0733839352841,84,58,124,289,allocated,466.0733839352841,84,58,124,205,allocated,74.68594582307152,84,92,124,281,existing,193.6186533566503,84,12,124,126,allocated,309.4949293458934,84,3,124,35,allocated,564.3959322574842,84,59,124,291,allocated,1041.515210862429,84,90,124,241,existing,1744.863830095945,84,93,124,147,existing,1716.8354588099141,84,88,124,336,existing,1439.720575001043,84,91,124,241,existing,1744.863830095945,84,89,124,253,existing,2234.491221055831
85,85,4,125,41,allocated,412.531589391318,85,4,125,35,existing,350.06597346932665,85,4,125,126,allocated,64.54794960324894,85,12,125,126,allocated,64.54794960324894,85,3,125,35,allocated,350.06597346932665,85,92,125,281,existing,438.5656330992948,85,59,125,291,allocated,866.8715234558928,85,90,125,241,existing,1499.9168503533006,85,93,125,147,existing,1471.8884790672696,85,91,125,241,existing,1499.9168503533006,85,88,125,336,existing,1194.7735952583987,85,89,125,253,existing,1989.5442413131866
86,86,4,126,41,allocated,347.98363978806907,86,4,126,35,existing,285.5180238660777,86,4,126,126,allocated,0.0,86,12,126,126,allocated,0.0,86,3,126,35,allocated,285.5180238660777,86,59,126,291,allocated,802.3235738526439,86,92,126,281,existing,503.11358270254374,86,93,126,147,existing,1536.4364286705186,86,91,126,241,existing,1564.4647999565495,86,88,126,336,existing,1259.3215448616477,86,90,126,241,existing,1564.4647999565495,86,89,126,253,existing,2054.0921909164354
87,87,86,127,57,existing,242.3755511858053,87,86,127,364,allocated,413.4148458138703,87,86,127,127,allocated,0.0,87,88,127,336,existing,188.0715005341167,87,93,127,147,existing,513.3453823153445,87,90,127,241,existing,541.3737536013755,87,91,127,241,existing,541.3737536013755,87,12,127,126,allocated,1447.3930453957644,87,89,127,253,existing,606.6991455206712,87,3,127,35,allocated,1708.0997702609423,87,92,127,281,existing,1821.4107288918103,87,59,127,291,allocated,2224.905320247508
88,88,86,128,57,existing,329.3958867899757,88,86,128,364,allocated,326.39451020969983,88,86,128,128,allocated,0.0,88,88,128,336,existing,101.0511649299463,88,93,128,147,existing,576.9786504252804,88,90,128,241,existing,605.0070217113114,88,91,128,241,existing,605.0070217113114,88,92,128,281,existing,1734.3903932876397,88,12,128,126,allocated,1360.372709791594,88,89,128,253,existing,693.7194811248416,88,3,128,35,allocated,1621.0794346567718,88,59,128,291,allocated,2137.8849846433377
89,89,23,138,163,allocated,191.63371547571248,89,23,138,220,existing,587.1480480827881,89,23,138,163,allocated,191.63371547571248,89,59,138,291,allocated,536.9602682059306,89,3,138,35,allocated,792.5466776862693,89,92,138,281,existing,1384.8568257117095,89,12,138,126,allocated,1078.0647015523468,89,88,138,336,existing,2312.574947413095,89,90,138,241,existing,2617.7182025079965,89,91,138,241,existing,2617.7182025079965,89,93,138,147,existing,2589.6898312219655,89,89,138,253,existing,3107.3455934678823
90,90,87,141,241,existing,574.0891624392672,90,87,141,364,allocated,1104.5757628139227,90,87,141,141,allocated,0.0,90,90,141,241,existing,574.0891624392672,90,91,141,241,existing,574.0891624392672,90,88,141,336,existing,1078.0450192206322,90,93,141,147,existing,602.1175337252981,90,92,141,281,existing,2512.5716458918628,90,3,141,35,allocated,2399.260687260995,90,12,141,126,allocated,2138.5539623958166,90,89,141,253,existing,1261.7027937892904,90,59,141,291,allocated,2916.066237247561
91,91,87,142,241,existing,475.45002487442696,91,87,142,364,allocated,1005.9366252490825,91,87,142,142,allocated,0.0,91,91,142,241,existing,475.45002487442696,91,90,142,241,existing,475.45002487442696,91,88,142,336,existing,979.4058816557921,91,93,142,147,existing,503.4783961604579,91,12,142,126,allocated,2039.9148248309766,91,89,142,253,existing,1163.0636562244504,91,3,142,35,allocated,2300.6215496961545,91,92,142,281,existing,2413.9325083270223,91,59,142,291,allocated,2817.4270996827204
92,92,86,143,57,existing,459.84401963118853,92,86,143,364,allocated,554.2819063471422,92,86,143,143,allocated,0.0,92,93,143,147,existing,735.1696579011455,92,90,143,241,existing,763.1980291871764,92,91,143,241,existing,763.1980291871764,92,88,143,336,existing,779.6252516268959,92,12,143,126,allocated,1758.2229968486154,92,92,143,281,existing,2132.240680344661,92,89,143,253,existing,804.2985598120218,92,3,143,35,allocated,2018.9297217137932,92,59,143,291,allocated,2535.735271700359
93,93,86,144,57,existing,512.6356590420802,93,86,144,364,allocated,501.49026693625063,93,86,144,143,allocated,52.791639410891584,93,88,144,336,existing,726.8336122160042,93,93,144,147,existing,787.961297312037,93,90,144,241,existing,815.989668598068,93,91,144,241,existing,815.989668598068,93,3,144,35,allocated,1966.1380823029017,93,89,144,253,existing,857.0901992229135,93,12,144,126,allocated,1705.4313574377238,93,92,144,281,existing,2079.4490409337695,93,59,144,291,allocated,2482.9436322894676
94,94,86,145,57,existing,476.2175431300036,94,86,145,364,allocated,459.59084155448255,94,86,145,143,allocated,94.69106479265969,94,88,145,336,existing,684.9341868342361,94,93,145,147,existing,751.5431813999605,94,91,145,241,existing,779.5715526859915,94,90,145,241,existing,779.5715526859915,94,92,145,281,existing,2037.5496155520013,94,89,145,253,existing,820.6720833108369,94,3,145,35,allocated,1924.2386569211335,94,12,145,126,allocated,1663.5319320559556,94,59,145,291,allocated,2441.0442069076994
95,95,87,147,241,existing,28.02837128603094,95,87,147,364,allocated,502.45822908862453,95,87,147,147,allocated,0.0,95,93,147,147,existing,0.0,95,90,147,241,existing,28.02837128603094,95,91,147,241,existing,28.02837128603094,95,88,147,336,existing,475.9274854953341,95,92,147,281,existing,1910.4541121665643,95,89,147,253,existing,688.3824053560775,95,3,147,35,allocated,1797.1431535356965,95,12,147,126,allocated,1536.4364286705186,95,59,147,291,allocated,2313.9487035222623
96,96,85,148,310,existing,442.4364379730488,96,85,148,238,allocated,359.36276907517316,96,85,148,238,allocated,359.36276907517316,96,3,148,35,allocated,695.9524020439197,96,12,148,126,allocated,981.4704259099974,96,59,148,291,allocated,1162.2967749156487,96,92,148,281,existing,1453.9669876580542,96,93,148,147,existing,1864.916820711171,96,88,148,336,existing,1587.8019369023,96,91,148,241,existing,1892.945191997202,96,90,148,241,existing,1892.945191997202,96,89,148,253,existing,2333.701281182425
97,97,85,149,310,existing,506.8864638507839,97,85,149,238,allocated,423.81279495290823,97,85,149,238,allocated,423.81279495290823,97,3,149,35,allocated,631.5023761661846,97,12,149,126,allocated,917.0204000322624,97,92,149,281,existing,1389.516961780319,97,59,149,291,allocated,1097.8467490379135,97,91,149,241,existing,1957.395217874937,97,88,149,336,existing,1652.251962780035,97,93,149,147,existing,1929.3668465889061,97,90,149,241,existing,1957.395217874937,97,89,149,253,existing,2398.1513070601604
98,98,84,152,353,existing,516.1118633089527,98,84,152,289,allocated,713.1091442013484,98,84,152,175,allocated,87.64030817958854,98,59,152,291,allocated,937.7875218083902,98,92,152,281,existing,985.5638747799823,98,3,152,35,allocated,1454.5930717949564,98,12,152,126,allocated,1488.6774574825258,98,91,152,241,existing,2924.0463582325774,98,93,152,147,existing,2896.0179869465464,98,88,152,336,existing,2618.9031031376758,98,90,152,241,existing,2924.0463582325774,98,89,152,253,existing,3413.6737491924637
99,99,58,153,289,allocated,500.30016708909193,99,58,153,289,allocated,500.30016708909193,99,58,153,117,allocated,121.64843323066896,99,92,153,281,existing,772.7548976677257,99,59,153,291,allocated,1028.8875450748576,99,12,153,126,allocated,1275.8684803702695,99,3,153,35,allocated,1530.7694832818602,99,93,153,147,existing,2683.20900983429,99,88,153,336,existing,2406.0941260254194,99,91,153,241,existing,2711.237381120321,99,90,153,241,existing,2711.237381120321,99,89,153,253,existing,3200.8647720802073
100,100,23,164,163,allocated,40.12994160240132,100,23,164,220,existing,530.0671578797455,100,23,164,163,allocated,40.12994160240132,100,59,164,291,allocated,385.4564943326194,100,3,164,35,allocated,610.6349245928941,100,92,164,281,existing,1233.3530518383982,100,12,164,126,allocated,896.1529484589719,100,90,164,241,existing,2435.8064494146215,100,91,164,241,existing,2435.8064494146215,100,88,164,336,existing,2130.66319431972,100,93,164,147,existing,2407.7780781285906,100,89,164,253,existing,2925.433840374508
101,101,23,165,163,allocated,643.5068631096761,101,23,165,35,existing,589.4012368842347,101,23,165,35,allocated,589.4012368842347,101,3,165,35,allocated,589.4012368842347,101,12,165,126,allocated,874.9192607503123,101,59,165,291,allocated,915.1818249911615,101,92,165,281,existing,1347.4158224983692,101,88,165,336,existing,2047.011715583184,101,91,165,241,existing,2352.154970678086,101,93,165,147,existing,2324.126599392055,101,90,165,241,existing,2352.154970678086,101,89,165,253,existing,2792.911059863309
102,102,23,170,163,allocated,581.950053123518,102,23,170,35,existing,527.8444268980766,102,23,170,35,allocated,527.8444268980766,102,3,170,35,allocated,527.8444268980766,102,12,170,126,allocated,813.3624507641543,102,59,170,291,allocated,853.6250150050034,102,92,170,281,existing,1285.859012512211,102,91,170,241,existing,2353.015951719804,102,93,170,147,existing,2324.987580433773,102,90,170,241,existing,2353.015951719804,102,88,170,336,existing,2047.8726966249021,102,89,170,253,existing,2816.124250742949
103,103,86,171,57,existing,921.7200795601677,103,86,171,364,allocated,514.4254272572321,103,86,171,357,allocated,139.70700769465967,103,88,171,336,existing,696.5295617088573,103,93,171,147,existing,973.6444455177283,103,90,171,241,existing,1001.6728168037591,103,91,171,241,existing,1001.6728168037591,103,12,171,126,allocated,1675.1273069305769,103,89,171,253,existing,1266.1746197410012,103,3,171,35,allocated,1767.1147039770144,103,92,171,281,existing,2049.144990426623,103,59,171,291,allocated,2283.9202539635808
104,104,23,177,163,allocated,330.62857210511504,104,23,177,220,existing,336.37766867155443,104,23,177,16,allocated,95.91449235969999,104,59,177,291,allocated,398.40191335264194,104,3,177,35,allocated,915.2074633392081,104,92,177,281,existing,1222.3786185120607,104,12,177,126,allocated,1200.7254872052856,104,88,177,336,existing,2435.2357330660334,104,90,177,241,existing,2740.3789881609355,104,91,177,241,existing,2740.3789881609355,104,93,177,147,existing,2712.3506168749045,104,89,177,253,existing,3230.0063791208213
105,105,4,178,41,allocated,552.0862974697992,105,4,178,35,existing,489.62068154780786,105,4,178,205,allocated,83.01006740733936,105,92,178,281,existing,351.3146665870612,105,12,178,126,allocated,467.1909425763043,105,59,178,291,allocated,1006.426231534374,105,3,178,35,allocated,489.62068154780786,105,93,178,147,existing,1874.5314720403248,105,88,178,336,existing,1597.416588231454,105,91,178,241,existing,1902.5598433263558,105,90,178,241,existing,1902.5598433263558,105,89,178,253,existing,2392.187234286242
106,106,4,179,41,allocated,510.6259162094319,106,4,179,35,existing,448.1603002874406,106,4,179,205,allocated,41.549686146972114,106,92,179,281,existing,309.85428532669397,106,12,179,126,allocated,425.73056131593705,106,59,179,291,allocated,964.9658502740067,106,3,179,35,allocated,448.1603002874406,106,91,179,241,existing,1861.0994620659885,106,88,179,336,existing,1555.9562069710869,106,93,179,147,existing,1833.0710907799576,106,90,179,241,existing,1861.0994620659885,106,89,179,253,existing,2350.726853025875
107,107,4,180,41,allocated,537.8697800731608,107,4,180,35,existing,475.4041641511694,107,4,180,264,allocated,465.5709043263457,107,3,180,35,allocated,475.4041641511694,107,12,180,126,allocated,679.384593810982,107,59,180,291,allocated,992.2097141377355,107,92,180,281,existing,769.6389076407966,107,93,180,147,existing,2210.973033052711,107,90,180,241,existing,2239.001404338742,107,91,180,241,existing,2239.001404338742,107,88,180,336,existing,1933.8581492438402,107,89,180,253,existing,2728.628795298628
108,108,23,181,163,allocated,930.7407551832813,108,23,181,220,existing,1103.0498977555912,108,23,181,16,allocated,862.5867214437367,108,59,181,291,allocated,1165.0741424366786,108,3,181,35,allocated,1531.6537173938382,108,12,181,126,allocated,1817.171741259916,108,92,181,281,existing,1989.0508475960974,108,90,181,241,existing,3356.8252422155656,108,88,181,336,existing,3051.6819871206635,108,93,181,147,existing,3328.7968709295346,108,91,181,241,existing,3356.8252422155656,108,89,181,253,existing,3846.4526331754514
109,109,23,182,163,allocated,849.6599064434962,109,23,182,220,existing,1021.9690490158059,109,23,182,16,allocated,781.5058727039515,109,59,182,291,allocated,1083.9932936968935,109,3,182,35,allocated,1450.5728686540529,109,12,182,126,allocated,1736.0908925201306,109,92,182,281,existing,1907.9699988563123,109,90,182,241,existing,3275.7443934757803,109,91,182,241,existing,3275.7443934757803,109,88,182,336,existing,2970.601138380878,109,93,182,147,existing,3247.7160221897493,109,89,182,253,existing,3765.371784435666
110,110,4,183,41,allocated,273.5223917916831,110,4,183,35,existing,211.05677586969176,110,4,183,35,allocated,211.05677586969176,110,3,183,35,allocated,211.05677586969176,110,12,183,126,allocated,415.0372055295043,110,59,183,291,allocated,727.8623258562579,110,92,183,281,existing,546.9578097444428,110,93,183,147,existing,1946.6256447712335,110,88,183,336,existing,1669.5107609623626,110,91,183,241,existing,1974.6540160572645,110,90,183,241,existing,1974.6540160572645,110,89,183,253,existing,2464.2814070171507
111,111,4,184,41,allocated,295.29294680237183,111,4,184,35,existing,188.30796029155587,111,4,184,35,allocated,188.30796029155587,111,3,184,35,allocated,188.30796029155587,111,59,184,291,allocated,328.4975896950102,111,12,184,126,allocated,473.82598415763357,111,92,184,281,existing,946.3225459056904,111,93,184,147,existing,1985.4511138272524,111,88,184,336,existing,1708.3362300183815,111,90,184,241,existing,2013.4794851132833,111,91,184,241,existing,2013.4794851132833,111,89,184,253,existing,2503.1068760731696
112,112,4,185,41,allocated,333.61670512944005,112,4,185,35,existing,271.1510892074487,112,4,185,126,allocated,78.74755906714927,112,12,185,126,allocated,78.74755906714927,112,3,185,35,allocated,271.1510892074487,112,59,185,291,allocated,787.9566391940148,112,92,185,281,existing,581.861141769693,112,90,185,241,existing,1638.3643695949095,112,93,185,147,existing,1610.3359983088785,112,88,185,336,existing,1333.2211145000076,112,91,185,241,existing,1638.3643695949095,112,89,185,253,existing,2127.9917605547953
113,113,23,186,163,allocated,248.8637733716572,113,23,186,35,existing,634.1596946831962,113,23,186,163,allocated,248.8637733716572,113,59,186,291,allocated,594.1903261018753,113,3,186,35,allocated,634.1596946831962,113,92,186,281,existing,1392.1742802973308,113,12,186,126,allocated,919.677718549274,113,91,186,241,existing,2459.3312195049234,113,90,186,241,existing,2459.3312195049234,113,88,186,336,existing,2154.187964410022,113,93,186,147,existing,2431.3028482188924,113,89,186,253,existing,2948.9586104648097
114,114,4,187,41,allocated,277.2427240121888,114,4,187,35,existing,170.25773750137284,114,4,187,35,allocated,170.25773750137284,114,3,187,35,allocated,170.25773750137284,114,12,187,126,allocated,455.77576136745057,114,92,187,281,existing,928.2723231155073,114,59,187,291,allocated,687.0632874879391,114,88,187,336,existing,1690.2860072281983,114,90,187,241,existing,1995.4292623231001,114,93,187,147,existing,1967.4008910370692,114,91,187,241,existing,1995.4292623231001,114,89,187,253,existing,2485.056653282986
115,115,4,188,41,allocated,355.378167850106,115,4,188,35,existing,462.36315436092195,115,4,188,300,allocated,77.42764226593346,115,3,188,35,allocated,462.36315436092195,115,12,188,126,allocated,703.3618076381752,115,59,188,291,allocated,979.1687043474881,115,92,188,281,existing,1175.858369386232,115,91,188,241,existing,1889.7799069554906,115,90,188,241,existing,1889.7799069554906,115,93,188,147,existing,1861.7515356694596,115,88,188,336,existing,1584.6366518605887,115,89,188,253,existing,2379.4072979153766
116,116,85,189,310,existing,681.8867812339909,116,85,189,238,allocated,598.8131123361152,116,85,189,54,allocated,524.1774201899407,116,3,189,35,allocated,653.6580871274641,116,12,189,126,allocated,939.1761109935419,116,59,189,291,allocated,1101.868005624849,116,92,189,281,existing,1411.6726727415987,116,90,189,241,existing,2132.395535258144,116,91,189,241,existing,2132.395535258144,116,93,189,147,existing,2104.367163972113,116,88,189,336,existing,1827.252280163242,116,89,189,253,existing,2573.151624443367
117,117,4,190,41,allocated,689.2262288171017,117,4,190,35,existing,582.2412423062858,117,4,190,35,allocated,582.2412423062858,117,3,190,35,allocated,582.2412423062858,117,12,190,126,allocated,867.7592661723636,117,59,190,291,allocated,1030.4511608036707,117,92,190,281,existing,1340.2558279204204,117,93,190,147,existing,2133.7121893221297,117,90,190,241,existing,2161.7405606081606,117,88,190,336,existing,1856.5973055132586,117,91,190,241,existing,2161.7405606081606,117,89,190,253,existing,2602.4966497933838
118,118,85,191,310,existing,482.7697840469398,118,85,191,238,allocated,399.6961151490641,118,85,191,54,allocated,325.0604230028894,118,3,191,35,allocated,852.7750843145154,118,12,191,126,allocated,1138.2931081805932,118,92,191,281,existing,1610.78966992865,118,59,191,291,allocated,1300.9850028119004,118,88,191,336,existing,1628.1352829761909,118,91,191,241,existing,1933.278538071093,118,93,191,147,existing,1905.250166785062,118,90,191,241,existing,1933.278538071093,118,89,191,253,existing,2374.034627256316
119,119,85,192,310,existing,528.1317043235119,119,85,192,238,allocated,445.05803542563626,119,85,192,54,allocated,370.4223432794616,119,3,192,35,allocated,807.4131640379433,119,12,192,126,allocated,1092.931187904021,119,92,192,281,existing,1565.4277496520779,119,59,192,291,allocated,1255.6230825353282,119,90,192,241,existing,1978.6404583476651,119,88,192,336,existing,1673.497203252763,119,91,192,241,existing,1978.6404583476651,119,93,192,147,existing,1950.6120870616342,119,89,192,253,existing,2419.3965475328882
120,120,85,193,310,existing,261.3382765133546,120,85,193,238,allocated,178.2646076154789,120,85,193,238,allocated,178.2646076154789,120,3,193,35,allocated,507.0565672592299,120,12,193,126,allocated,792.5745911253077,120,92,193,281,existing,1265.0711528733646,120,59,193,291,allocated,1023.8621172457961,120,90,193,241,existing,1711.8470305375076,120,91,193,241,existing,1711.8470305375076,120,88,193,336,existing,1406.7037754426055,120,93,193,147,existing,1683.8186592514767,120,89,193,253,existing,2152.603119722731
121,121,85,194,310,existing,606.0440485068355,121,85,194,238,allocated,628.680625221328,121,85,194,54,allocated,269.19205618177403,121,3,194,35,allocated,1091.8664949075564,121,12,194,126,allocated,1377.3845187736342,121,88,194,336,existing,1775.3574516734454,121,59,194,291,allocated,1540.0764134049414,121,93,194,147,existing,2052.4723354823163,121,91,194,241,existing,2080.5007067683473,121,92,194,281,existing,1849.8810805216913,121,90,194,241,existing,2080.5007067683473,121,89,194,253,existing,2497.8682853325936
122,122,85,195,310,existing,514.4325266208725,122,85,195,238,allocated,537.0691033353652,122,85,195,54,allocated,177.58053429581116,122,3,195,35,allocated,1000.2549730215937,122,12,195,126,allocated,1285.7729968876715,122,88,195,336,existing,1683.7459297874825,122,59,195,291,allocated,1448.4648915189787,122,91,195,241,existing,1988.8891848823846,122,90,195,241,existing,1988.8891848823846,122,92,195,281,existing,1758.2695586357283,122,93,195,147,existing,1960.8608135963536,122,89,195,253,existing,2406.256763446631
123,123,86,196,57,existing,446.3468061070214,123,86,196,364,allocated,142.7942874371479,123,86,196,364,allocated,142.7942874371479,123,88,196,336,existing,368.1376327169014,123,93,196,147,existing,645.2525165257724,123,90,196,241,existing,673.2808878118034,123,91,196,241,existing,673.2808878118034,123,89,196,253,existing,790.8013462878547,123,3,196,35,allocated,1607.442102803799,123,12,196,126,allocated,1346.735377938621,123,92,196,281,existing,1720.753061434667,123,59,196,291,allocated,2124.2476527903646
124,124,87,200,241,existing,685.6689984353118,124,87,200,364,allocated,198.4216088887847,124,87,200,210,allocated,80.58816196079049,124,88,200,336,existing,380.5257433404099,124,93,200,147,existing,657.6406271492809,124,90,200,241,existing,685.6689984353118,124,91,200,241,existing,685.6689984353118,124,89,200,253,existing,1054.5859670695625,124,92,200,281,existing,1733.1411720581755,124,12,200,126,allocated,1359.1234885621295,124,3,200,35,allocated,1619.8302134273074,124,59,200,291,allocated,2136.6357634138735
125,125,87,203,241,existing,643.9044580620266,125,87,203,364,allocated,199.4617688509415,125,87,203,270,allocated,198.39930314716065,125,88,203,336,existing,338.76120296712475,125,93,203,147,existing,615.8760867759956,125,91,203,241,existing,643.9044580620266,125,90,203,241,existing,643.9044580620266,125,12,203,126,allocated,1062.9992009355328,125,3,203,35,allocated,1323.7059258007107,125,92,203,281,existing,1437.0168844315785,125,89,203,253,existing,1055.6261270317193,125,59,203,291,allocated,1840.5114757872766
126,126,87,204,241,existing,572.6850285415218,126,87,204,364,allocated,212.16131908644527,126,87,204,270,allocated,127.17987362665578,126,88,204,336,existing,267.5417734466198,126,93,204,147,existing,544.6566572554908,126,90,204,241,existing,572.6850285415218,126,91,204,241,existing,572.6850285415218,126,12,204,126,allocated,991.7797714150278,126,3,204,35,allocated,1252.4864962802058,126,92,204,281,existing,1365.7974549110736,126,89,204,253,existing,1062.3124195014077,126,59,204,291,allocated,1769.2920462667716
127,127,58,205,289,allocated,540.7593297583555,127,58,205,35,existing,489.7099864344127,127,58,205,205,allocated,0.0,127,92,205,281,existing,268.30459917972183,127,12,205,126,allocated,384.1808751689649,127,59,205,291,allocated,1006.5155364209788,127,3,205,35,allocated,489.7099864344127,127,88,205,336,existing,1514.4065208241145,127,90,205,241,existing,1819.5497759190166,127,91,205,241,existing,1819.5497759190166,127,93,205,147,existing,1791.5214046329857,127,89,205,253,existing,2309.1771668789024
128,128,23,206,163,allocated,571.2312114013835,128,23,206,220,existing,743.5403539736932,128,23,206,16,allocated,503.07717766183873,128,59,206,291,allocated,805.5645986547806,128,3,206,35,allocated,1172.1441736119405,128,12,206,126,allocated,1457.662197478018,128,92,206,281,existing,1629.5413038141994,128,93,206,147,existing,2969.2873271476365,128,91,206,241,existing,2997.3156984336674,128,90,206,241,existing,2997.3156984336674,128,88,206,336,existing,2692.172443338766,128,89,206,253,existing,3486.9430893935532
129,129,23,207,163,allocated,490.7121119488784,129,23,207,220,existing,663.0212545211881,129,23,207,16,allocated,422.55807820933364,129,59,207,291,allocated,725.0454992022756,129,3,207,35,allocated,1091.6250741594354,129,92,207,281,existing,1549.0222043616943,129,12,207,126,allocated,1377.143098025513,129,88,207,336,existing,2611.6533438862607,129,90,207,241,existing,2916.796598981163,129,91,207,241,existing,2916.796598981163,129,93,207,147,existing,2888.768227695132,129,89,207,253,existing,3406.4239899410486
130,130,86,209,57,existing,26.54448994583624,130,86,209,273,existing,423.9108336051728,130,86,209,209,allocated,0.0,130,93,209,147,existing,297.5143210753754,130,91,209,241,existing,325.54269236140635,130,89,209,253,existing,390.86808428070213,130,90,209,241,existing,325.54269236140635,130,88,209,336,existing,403.90256177408577,130,3,209,35,allocated,1923.9308315009112,130,12,209,126,allocated,1663.2241066357333,130,92,209,281,existing,2037.241790131779,130,59,209,291,allocated,2440.736381487477
131,131,87,210,241,existing,605.0808364745213,131,87,210,364,allocated,117.83344692799426,131,87,210,210,allocated,0.0,131,88,210,336,existing,299.9375813796194,131,93,210,147,existing,577.0524651884905,131,90,210,241,existing,605.0808364745213,131,91,210,241,existing,605.0808364745213,131,89,210,253,existing,973.997805108772,131,12,210,126,allocated,1278.5353266013392,131,3,210,35,allocated,1539.242051466517,131,92,210,281,existing,1652.5530100973851,131,59,210,291,allocated,2056.0476014530827
132,132,85,212,310,existing,647.2407274928195,132,85,212,364,allocated,618.7783553088075,132,85,212,212,allocated,0.0,132,88,212,336,existing,674.158809668982,132,93,212,147,existing,951.2736934778529,132,90,212,241,existing,979.3020647638839,132,91,212,241,existing,979.3020647638839,132,89,212,253,existing,1468.92945572377,132,92,212,281,existing,1386.6834886252661,132,3,212,35,allocated,1273.372529994398,132,12,212,126,allocated,1012.6658051292202,132,59,212,291,allocated,1790.178079980964
133,133,86,218,57,existing,868.7260641218517,133,86,218,364,allocated,725.6988580104392,133,86,218,357,allocated,189.45996722815264,133,88,218,336,existing,907.8029924620644,133,93,218,147,existing,1144.0517023918087,133,91,218,241,existing,1172.0800736778397,133,90,218,241,existing,1172.0800736778397,133,3,218,35,allocated,1978.3881347302215,133,92,218,281,existing,2260.41842117983,133,12,218,126,allocated,1886.400737683784,133,89,218,253,existing,1213.1806043026852,133,59,218,291,allocated,2495.1936847167876
134,134,86,219,57,existing,918.1678847502606,134,86,219,364,allocated,737.0435215973864,134,86,219,357,allocated,238.90178785656153,134,88,219,336,existing,919.1476560490115,134,93,219,147,existing,1193.4935230202175,134,91,219,241,existing,1221.5218943062484,134,90,219,241,existing,1221.5218943062484,134,3,219,35,allocated,1989.7327983171688,134,12,219,126,allocated,1897.7454012707312,134,89,219,253,existing,1262.622424931094,134,92,219,281,existing,2271.763084766777,134,59,219,291,allocated,2506.538348303735
135,135,58,221,289,allocated,280.4475638748028,135,58,221,289,allocated,280.4475638748028,135,58,221,288,allocated,214.2619555567359,135,92,221,281,existing,552.9022944534366,135,3,221,35,allocated,777.4322302101674,135,12,221,126,allocated,981.41265986998,135,59,221,291,allocated,855.8893908019478,135,88,221,336,existing,2186.2415228111304,135,93,221,147,existing,2463.356406620001,135,90,221,241,existing,2491.384777906032,135,91,221,241,existing,2491.384777906032,135,89,221,253,existing,2981.0121688659183
136,136,58,222,289,allocated,104.51632993562981,136,58,222,289,allocated,104.51632993562981,136,58,222,288,allocated,38.330721617562894,136,92,222,281,existing,376.9710605142636,136,59,222,291,allocated,679.9581568627748,136,3,222,35,allocated,953.3634641493404,136,12,222,126,allocated,880.0846432168073,136,88,222,336,existing,2010.3102888719573,136,91,222,241,existing,2315.453543966859,136,93,222,147,existing,2287.425172680828,136,90,222,241,existing,2315.453543966859,136,89,222,253,existing,2805.080934926745
137,137,4,223,41,allocated,343.2426044490143,137,4,223,35,existing,236.25761793819842,137,4,223,35,allocated,236.25761793819842,137,3,223,35,allocated,236.25761793819842,137,59,223,291,allocated,280.54793204836767,137,92,223,281,existing,994.2722035523328,137,12,223,126,allocated,521.7756418042761,137,88,223,336,existing,1756.285887665024,137,90,223,241,existing,2061.4291427599255,137,93,223,147,existing,2033.4007714738948,137,91,223,241,existing,2061.4291427599255,137,89,223,253,existing,2551.056533719812
138,138,85,224,310,existing,419.91164720899144,138,85,224,238,allocated,336.83797831111576,138,85,224,51,allocated,324.32762078537525,138,3,224,35,allocated,348.483196563593,138,12,224,126,allocated,634.0012204296708,138,92,224,281,existing,1106.4977821777275,138,59,224,291,allocated,865.2887465501592,138,88,224,336,existing,1565.2771461382426,138,90,224,241,existing,1870.4204012331447,138,93,224,147,existing,1842.3920299471138,138,91,224,241,existing,1870.4204012331447,138,89,224,253,existing,2311.1764904183674
139,139,23,225,163,allocated,125.47818000604101,139,23,225,220,existing,520.9925126131167,139,23,225,163,allocated,125.47818000604101,139,59,225,291,allocated,470.8047327362591,139,3,225,35,allocated,726.3911422165978,139,12,225,126,allocated,1011.9091660826755,139,92,225,281,existing,1318.7012902420379,139,90,225,241,existing,2551.5626670383253,139,93,225,147,existing,2523.5342957522944,139,91,225,241,existing,2551.5626670383253,139,88,225,336,existing,2246.4194119434233,139,89,225,253,existing,3041.190057998211
140,140,23,226,163,allocated,170.76471716773045,140,23,226,35,existing,480.00014902756493,140,23,226,163,allocated,170.76471716773045,140,3,226,35,allocated,480.00014902756493,140,59,226,291,allocated,516.0912698979485,140,92,226,281,existing,1238.0147346416993,140,12,226,126,allocated,765.5181728936427,140,93,226,147,existing,2277.1433025632614,140,90,226,241,existing,2305.1716738492923,140,91,226,241,existing,2305.1716738492923,140,88,226,336,existing,2000.0284187543905,140,89,226,253,existing,2794.799064809178
141,141,85,227,310,existing,649.0448205046968,141,85,227,364,allocated,558.9115164949046,141,85,227,227,allocated,0.0,141,88,227,336,existing,741.0156509465298,141,93,227,147,existing,1018.1305347554007,141,91,227,241,existing,1046.1589060414317,141,90,227,241,existing,1046.1589060414317,141,12,227,126,allocated,1515.7297193999234,141,3,227,35,allocated,1416.8802706608992,141,92,227,281,existing,1889.7474028959691,141,89,227,253,existing,1415.0758746756824,141,59,227,291,allocated,1933.6858206474656
142,142,83,229,228,existing,132.66603748842365,142,83,229,238,allocated,278.2828416311038,142,83,229,228,allocated,132.66603748842365,142,3,229,35,allocated,826.808522596842,142,12,229,126,allocated,1090.0718868383433,142,88,229,336,existing,1370.0380041789278,142,59,229,291,allocated,1343.614072583408,142,92,229,281,existing,1562.5684485863999,142,90,229,241,existing,1675.18125927383,142,91,229,241,existing,1675.18125927383,142,93,229,147,existing,1647.152887987799,142,89,229,253,existing,2115.9373484590533
143,143,85,230,310,existing,229.88700101078982,143,85,230,238,allocated,146.81333211291417,143,85,230,238,allocated,146.81333211291417,143,3,230,35,allocated,709.6751890924512,143,12,230,126,allocated,995.193212958529,143,88,230,336,existing,1375.252499940041,143,59,230,291,allocated,1226.4807390790172,143,91,230,241,existing,1680.395755034943,143,93,230,147,existing,1652.367383748912,143,92,230,281,existing,1467.6897747065855,143,90,230,241,existing,1680.395755034943,143,89,230,253,existing,2121.151844220166
144,144,85,231,310,existing,136.66868214854117,144,85,231,238,allocated,53.5950132506655,144,85,231,238,allocated,53.5950132506655,144,3,231,35,allocated,631.7261616240432,144,12,231,126,allocated,917.244185490121,144,88,231,336,existing,1282.0341810777923,144,59,231,291,allocated,1148.5317116106094,144,90,231,241,existing,1587.1774361726943,144,91,231,241,existing,1587.1774361726943,144,93,231,147,existing,1559.1490648866634,144,92,231,281,existing,1389.7407472381778,144,89,231,253,existing,2027.9335253579175
145,145,83,232,228,existing,44.16714978667723,145,83,232,238,allocated,101.44965435600291,145,83,232,232,existing,0.0,145,3,232,35,allocated,786.7708292307117,145,12,232,126,allocated,1072.2888530967894,145,88,232,336,existing,1193.204816903827,145,59,232,291,allocated,1303.576379217278,145,92,232,281,existing,1544.7854148448464,145,90,232,241,existing,1498.348071998729,145,91,232,241,existing,1498.348071998729,145,93,232,147,existing,1470.319700712698,145,89,232,253,existing,1939.104161183952
146,146,85,233,310,existing,805.2017063095219,146,85,233,364,allocated,555.9791852313659,146,85,233,233,allocated,0.0,146,88,233,336,existing,611.3596395915405,146,12,233,126,allocated,854.7048263125179,146,93,233,147,existing,888.4745234004115,146,90,233,241,existing,916.5028946864425,146,92,233,281,existing,1228.7225098085637,146,3,233,35,allocated,1115.4115511776959,146,89,233,253,existing,1406.1302856463285,146,91,233,241,existing,916.5028946864425,146,59,233,291,allocated,1632.2171011642617
147,147,87,234,241,existing,813.1314341652371,147,87,234,364,allocated,452.6077247101606,147,87,234,234,allocated,0.0,147,88,234,336,existing,507.98817907033515,147,12,234,126,allocated,751.3333657913125,147,93,234,147,existing,785.1030628792062,147,91,234,241,existing,813.1314341652371,147,92,234,281,existing,1125.3510492873584,147,89,234,253,existing,1302.7588251251232,147,3,234,35,allocated,1012.0400906564904,147,90,234,241,existing,813.1314341652371,147,59,234,291,allocated,1528.8456406430564
148,148,85,237,310,existing,42.192498210370886,148,85,237,238,allocated,40.88117068750476,148,85,237,238,allocated,40.88117068750476,148,3,237,35,allocated,726.2023455622135,148,12,237,126,allocated,1011.7203694282912,148,59,237,291,allocated,1243.0078955487797,148,88,237,336,existing,1187.557997139622,148,91,237,241,existing,1492.7012522345242,148,93,237,147,existing,1464.6728809484932,148,92,237,281,existing,1484.2169311763482,148,90,237,241,existing,1492.7012522345242,148,89,237,253,existing,1933.4573414197473
149,149,87,241,241,existing,0.0,149,87,241,364,allocated,530.4866003746555,149,87,241,241,allocated,0.0,149,91,241,241,existing,0.0,149,90,241,241,existing,0.0,149,88,241,336,existing,503.95585678136507,149,93,241,147,existing,28.02837128603094,149,92,241,281,existing,1938.4824834525953,149,3,241,35,allocated,1825.1715248217274,149,89,241,253,existing,687.6136313500232,149,12,241,126,allocated,1564.4647999565495,149,59,241,291,allocated,2341.9770748082933
150,150,4,242,41,allocated,469.01159881628803,150,4,242,35,existing,575.996585327104,150,4,242,242,allocated,0.0,150,12,242,126,allocated,315.2898604619262,150,3,242,35,allocated,575.996585327104,150,92,242,281,existing,689.307543957972,150,88,242,336,existing,944.0316843997215,150,59,242,291,allocated,1092.80213531367,150,91,242,241,existing,1249.1749394946235,150,93,242,147,existing,1221.1465682085925,150,90,242,241,existing,1249.1749394946235,150,89,242,253,existing,1738.8023304545095
151,151,4,243,41,allocated,642.5515521100508,151,4,243,364,allocated,715.1112767457842,151,4,243,372,allocated,38.36431055051391,151,12,243,126,allocated,488.829813755689,151,3,243,35,allocated,749.5365386208668,151,88,243,336,existing,770.4917311059587,151,92,243,281,existing,862.8474972517349,151,93,243,147,existing,1047.6066149148296,151,59,243,291,allocated,1266.3420886074327,151,91,243,241,existing,1075.6349862008606,151,90,243,241,existing,1075.6349862008606,151,89,243,253,existing,1565.2623771607466
152,152,58,244,289,allocated,538.3931817390171,152,58,244,220,existing,186.65167018137117,152,58,244,291,allocated,206.98706980081596,152,59,244,291,allocated,206.98706980081596,152,3,244,35,allocated,723.7926197873821,152,12,244,126,allocated,1009.3106436534599,152,92,244,281,existing,810.847912317651,152,93,244,147,existing,2520.9357733230786,152,88,244,336,existing,2243.820889514208,152,91,244,241,existing,2548.9641446091096,152,90,244,241,existing,2548.9641446091096,152,89,244,253,existing,3038.591535568996
153,153,58,245,289,allocated,569.5877398499043,153,58,245,220,existing,248.88274299143959,153,58,245,291,allocated,269.21814261088434,153,59,245,291,allocated,269.21814261088434,153,3,245,35,allocated,786.0236925974505,153,92,245,281,existing,842.0424704285381,153,12,245,126,allocated,1071.5417164635282,153,91,245,241,existing,2611.195217419178,153,90,245,241,existing,2611.195217419178,153,88,245,336,existing,2306.0519623242762,153,93,245,147,existing,2583.166846133147,153,89,245,253,existing,3100.822608379064
154,154,58,246,289,allocated,158.35322106322587,154,58,246,289,allocated,158.35322106322587,154,58,246,288,allocated,92.16761274515895,154,92,246,281,existing,364.3676858007143,154,59,246,291,allocated,733.7950479903709,154,12,246,126,allocated,867.481268503258,154,3,246,35,allocated,925.2710485568548,154,90,246,241,existing,2302.85016925331,154,88,246,336,existing,1997.706914158408,154,91,246,241,existing,2302.85016925331,154,93,246,147,existing,2274.821797967279,154,89,246,253,existing,2792.477560213196
155,155,58,247,289,allocated,232.91382478661936,155,58,247,289,allocated,232.91382478661936,155,58,247,288,allocated,166.72821646855243,155,92,247,281,existing,289.80708207732084,155,12,247,126,allocated,792.9206647798645,155,3,247,35,allocated,850.7104448334613,155,59,247,291,allocated,808.3556517137644,155,91,247,241,existing,2228.289565529916,155,93,247,147,existing,2200.2611942438853,155,88,247,336,existing,1923.1463104350144,155,90,247,241,existing,2228.289565529916,155,89,247,253,existing,2717.916956489802
156,156,23,248,163,allocated,332.2026210290691,156,23,248,220,existing,504.51176360137885,156,23,248,16,allocated,264.0485872895244,156,59,248,291,allocated,566.5360082824664,156,3,248,35,allocated,933.115583239626,156,12,248,126,allocated,1218.6336071057035,156,92,248,281,existing,1390.5127134418851,156,88,248,336,existing,2453.1438529664515,156,93,248,147,existing,2730.258736775322,156,90,248,241,existing,2758.287108061353,156,91,248,241,existing,2758.287108061353,156,89,248,253,existing,3247.914499021239
157,157,23,249,163,allocated,286.51972809147327,157,23,249,35,existing,314.3932341190835,157,23,249,291,allocated,202.41231586748265,157,59,249,291,allocated,202.41231586748265,157,3,249,35,allocated,314.3932341190835,157,92,249,281,existing,1050.3088733732616,157,12,249,126,allocated,599.9112579851612,157,88,249,336,existing,1834.421503845909,157,90,249,241,existing,2139.564758940811,157,93,249,147,existing,2111.53638765478,157,91,249,241,existing,2139.564758940811,157,89,249,253,existing,2629.1921499006967
158,158,4,250,41,allocated,327.2581536949784,158,4,250,35,existing,264.792537772987,158,4,250,35,allocated,264.792537772987,158,3,250,35,allocated,264.792537772987,158,12,250,126,allocated,468.77296743279953,158,92,250,281,existing,600.6935716477379,158,59,250,291,allocated,781.5980877595531,158,90,250,241,existing,2028.3897779605597,158,91,250,241,existing,2028.3897779605597,158,88,250,336,existing,1723.2465228656579,158,93,250,147,existing,2000.3614066745288,158,89,250,253,existing,2518.017168920446
159,159,86,253,57,existing,364.3235943348659,159,86,253,273,existing,118.95760595524219,159,86,253,273,allocated,118.95760595524219,159,89,253,253,existing,0.0,159,90,253,241,existing,687.6136313500232,159,93,253,147,existing,688.3824053560775,159,91,253,241,existing,687.6136313500232,159,92,253,281,existing,2428.1098744124815,159,12,253,126,allocated,2054.0921909164354,159,88,253,336,existing,794.7706460547879,159,3,253,35,allocated,2314.7989157816137,159,59,253,291,allocated,2831.6044657681796
160,160,87,256,241,existing,283.0934578601021,160,87,256,364,allocated,813.5800582347576,160,87,256,256,allocated,0.0,160,90,256,241,existing,283.0934578601021,160,91,256,241,existing,283.0934578601021,160,93,256,147,existing,311.12182914613305,160,88,256,336,existing,787.0493146414672,160,3,256,35,allocated,2108.2649826818297,160,12,256,126,allocated,1847.5582578166518,160,92,256,281,existing,2221.5759413126975,160,89,256,253,existing,970.7070892101253,160,59,256,291,allocated,2625.0705326683956
161,161,87,257,241,existing,335.21354134161356,161,87,257,364,allocated,865.7001417162692,161,87,257,256,allocated,52.1200834815115,161,91,257,241,existing,335.21354134161356,161,90,257,241,existing,335.21354134161356,161,88,257,336,existing,839.1693981229787,161,93,257,147,existing,363.2419126276445,161,89,257,253,existing,1022.8271726916369,161,12,257,126,allocated,1899.678341298163,161,3,257,35,allocated,2160.385066163341,161,92,257,281,existing,2273.696024794209,161,59,257,291,allocated,2677.190616149907
162,162,23,261,163,allocated,216.194134012355,162,23,261,35,existing,384.7188281982018,162,23,261,163,allocated,216.194134012355,162,59,261,291,allocated,272.7379099466009,162,3,261,35,allocated,384.7188281982018,162,92,261,281,existing,1120.6344674523798,162,12,261,126,allocated,670.2368520642794,162,91,261,241,existing,2209.890353019929,162,88,261,336,existing,1904.7470979250272,162,90,261,241,existing,2209.890353019929,162,93,261,147,existing,2181.861981733898,162,89,261,253,existing,2699.5177439798154
163,163,23,262,163,allocated,95.00218575373866,163,23,262,35,existing,560.0650878408351,163,23,262,163,allocated,95.00218575373866,163,59,262,291,allocated,250.3243669764794,163,3,262,35,allocated,560.0650878408351,163,12,262,126,allocated,845.5831117069129,163,92,262,281,existing,1098.2209244822582,163,88,262,336,existing,2080.093357567661,163,90,262,241,existing,2385.2366126625625,163,91,262,241,existing,2385.2366126625625,163,93,262,147,existing,2357.2082413765315,163,89,262,253,existing,2874.8640036224488
164,164,23,263,163,allocated,241.79413816911284,164,23,263,35,existing,413.2731354254609,164,23,263,291,allocated,103.53241456110524,164,59,263,291,allocated,103.53241456110524,164,3,263,35,allocated,413.2731354254609,164,12,263,126,allocated,698.7911592915386,164,92,263,281,existing,951.4289720668841,164,91,263,241,existing,2238.444660247188,164,93,263,147,existing,2210.416288961157,164,88,263,336,existing,1933.3014051522862,164,90,263,241,existing,2238.444660247188,164,89,263,253,existing,2728.072051207074
165,165,58,264,289,allocated,581.8663554265295,165,58,264,289,allocated,581.8663554265295,165,58,264,264,allocated,0.0,165,92,264,281,existing,450.5565574811235,165,12,264,126,allocated,566.4328334703665,165,3,264,35,allocated,588.86257244187,165,59,264,291,allocated,1105.6681224284362,165,88,264,336,existing,1696.6584791255164,165,91,264,241,existing,2001.801734220418,165,93,264,147,existing,1973.773362934387,165,90,264,241,existing,2001.801734220418,165,89,264,253,existing,2491.4291251803043
166,166,4,265,41,allocated,498.5283248923555,166,4,265,35,existing,436.06270897036416,166,4,265,264,allocated,239.02035955556022,166,3,265,35,allocated,436.06270897036416,166,92,265,281,existing,543.088362870011,166,12,265,126,allocated,640.0431386301767,166,59,265,291,allocated,952.8682589569303,166,90,265,241,existing,2199.659949157937,166,88,265,336,existing,1894.516694063035,166,93,265,147,existing,2171.631577871906,166,91,265,241,existing,2199.659949157937,166,89,265,253,existing,2689.287340117823
167,167,4,266,41,allocated,301.4263929251799,167,4,266,35,existing,238.96077700318858,167,4,266,126,allocated,46.557246862889166,167,12,266,126,allocated,46.557246862889166,167,3,266,35,allocated,238.96077700318858,167,59,266,291,allocated,755.7663269897547,167,92,266,281,existing,549.6708295654329,167,88,266,336,existing,1301.0308022957474,167,91,266,241,existing,1606.1740573906493,167,93,266,147,existing,1578.1456861046183,167,90,266,241,existing,1606.1740573906493,167,89,266,253,existing,2095.8014483505353
168,168,86,273,57,existing,397.36634365933656,168,86,273,273,existing,0.0,168,86,273,273,allocated,0.0,168,89,273,253,existing,118.95760595524219,168,90,273,241,existing,720.6563806744939,168,91,273,241,existing,720.6563806744939,168,93,273,147,existing,721.4251546805482,168,3,273,35,allocated,2347.8416651060843,168,12,273,126,allocated,2087.134940240906,168,92,273,281,existing,2461.152623736952,168,88,273,336,existing,827.8133953792585,168,59,273,291,allocated,2864.64721509265
169,169,86,274,57,existing,509.42217784677973,169,86,274,273,existing,112.05583418744318,169,86,274,274,allocated,0.0,169,89,274,253,existing,231.01344014268537,169,90,274,241,existing,832.7122148619371,169,91,274,241,existing,832.7122148619371,169,93,274,147,existing,833.4809888679914,169,12,274,126,allocated,2199.1907744283494,169,88,274,336,existing,939.8692295667017,169,3,274,35,allocated,2459.8974992935273,169,92,274,281,existing,2573.208457924395,169,59,274,291,allocated,2976.703049280093
170,170,83,278,228,existing,205.3969791176143,170,83,278,238,allocated,351.01378326029453,170,83,278,51,allocated,81.26676361868303,170,3,278,35,allocated,754.0775809676513,170,12,278,126,allocated,1017.3409452091526,170,88,278,336,existing,1442.7689458081186,170,59,278,291,allocated,1270.8831309542174,170,93,278,147,existing,1719.8838296169897,170,91,278,241,existing,1747.9122009030207,170,90,278,241,existing,1747.9122009030207,170,92,278,281,existing,1489.8375069572094,170,89,278,253,existing,2188.668290088244
171,171,58,281,289,allocated,272.45473057863376,171,58,281,289,allocated,272.45473057863376,171,58,281,281,allocated,0.0,171,92,281,281,existing,0.0,171,12,281,126,allocated,503.11358270254374,171,59,281,291,allocated,847.8965575057788,171,3,281,35,allocated,758.0145856141345,171,90,281,241,existing,1938.4824834525953,171,91,281,241,existing,1938.4824834525953,171,93,281,147,existing,1910.4541121665643,171,88,281,336,existing,1633.3392283576936,171,89,281,253,existing,2428.1098744124815
172,172,58,284,289,allocated,453.4239694326732,172,58,284,220,existing,271.6208824877152,172,58,284,291,allocated,122.01785749447191,172,59,284,291,allocated,122.01785749447191,172,3,284,35,allocated,638.823407481038,172,12,284,126,allocated,924.3414313471158,172,92,284,281,existing,725.8787000113069,172,88,284,336,existing,2158.8516772078638,172,93,284,147,existing,2435.9665610167344,172,91,284,241,existing,2463.9949323027654,172,90,284,241,existing,2463.9949323027654,172,89,284,253,existing,2953.6223232626517
173,173,58,285,289,allocated,385.59142631981547,173,58,285,220,existing,339.45342560057287,173,58,285,291,allocated,189.85040060732956,173,59,285,291,allocated,189.85040060732956,173,92,285,281,existing,658.0461568984492,173,3,285,35,allocated,706.6559505938957,173,12,285,126,allocated,992.1739744599734,173,93,285,147,existing,2503.799104129592,173,88,285,336,existing,2226.684220320721,173,91,285,241,existing,2531.8274754156228,173,90,285,241,existing,2531.8274754156228,173,89,285,253,existing,3021.454866375509
174,174,4,286,41,allocated,590.4960893921439,174,4,286,35,existing,483.51110288132793,174,4,286,35,allocated,483.51110288132793,174,3,286,35,allocated,483.51110288132793,174,12,286,126,allocated,769.0291267474056,174,59,286,291,allocated,931.7210213787129,174,92,286,281,existing,1241.5256884954624,174,88,286,336,existing,1818.3776904392355,174,91,286,241,existing,2123.520945534138,174,90,286,241,existing,2123.520945534138,174,93,286,147,existing,2095.492574248107,174,89,286,253,existing,2564.277034719361
175,175,58,287,289,allocated,450.72821355141525,175,58,287,289,allocated,450.72821355141525,175,58,287,394,allocated,170.00844925939012,175,59,287,291,allocated,557.0890759261149,175,92,287,281,existing,723.182944130049,175,12,287,126,allocated,1226.2965268325927,175,3,287,35,allocated,1073.894625912681,175,90,287,241,existing,2661.6654275826445,175,91,287,241,existing,2661.6654275826445,175,93,287,147,existing,2633.6370562966135,175,88,287,336,existing,2356.5221724877424,175,89,287,253,existing,3151.2928185425303
176,176,58,288,289,allocated,66.18560831806693,176,58,288,289,allocated,66.18560831806693,176,58,288,288,allocated,0.0,176,92,288,281,existing,338.64033889670077,176,59,288,291,allocated,641.6274352452119,176,12,288,126,allocated,841.7539215992444,176,3,288,35,allocated,991.6941857669033,176,93,288,147,existing,2249.0944510632653,176,88,288,336,existing,1971.9795672543942,176,91,288,241,existing,2277.1228223492963,176,90,288,241,existing,2277.1228223492963,176,89,288,253,existing,2766.750213309182
177,177,58,289,289,allocated,0.0,177,58,289,289,allocated,0.0,177,58,289,289,allocated,0.0,177,92,289,281,existing,272.45473057863376,177,59,289,291,allocated,575.441826927145,177,12,289,126,allocated,775.5683132811776,177,3,289,35,allocated,1030.4693161927682,177,91,289,241,existing,2210.937214031229,177,93,289,147,existing,2182.908842745198,177,88,289,336,existing,1905.7939589363273,177,90,289,241,existing,2210.937214031229,177,89,289,253,existing,2700.564604991115
178,178,58,290,289,allocated,521.2358149518935,178,58,290,289,allocated,521.2358149518935,178,58,290,264,allocated,337.91027111621713,178,92,290,281,existing,442.5070927072984,178,3,290,35,allocated,536.6439791330768,178,59,290,291,allocated,1053.4495291196429,178,12,290,126,allocated,740.6244087928893,178,93,290,147,existing,2272.212848034618,178,91,290,241,existing,2300.241219320649,178,88,290,336,existing,1995.0979642257475,178,90,290,241,existing,2300.241219320649,178,89,290,253,existing,2789.8686102805354
179,179,23,291,163,allocated,345.32655273021805,179,23,291,220,existing,393.63873998218713,179,23,291,291,allocated,0.0,179,59,291,291,allocated,0.0,179,3,291,35,allocated,516.8055499865661,179,12,291,126,allocated,802.3235738526439,179,92,291,281,existing,847.8965575057788,179,90,291,241,existing,2341.9770748082933,179,91,291,241,existing,2341.9770748082933,179,93,291,147,existing,2313.9487035222623,179,88,291,336,existing,2036.8338197133914,179,89,291,253,existing,2831.6044657681796
180,180,4,292,41,allocated,460.2612813166538,180,4,292,35,existing,397.7956653946625,180,4,292,402,allocated,56.960695131482545,180,92,292,281,existing,360.218920219472,180,3,292,35,allocated,397.7956653946625,180,59,292,291,allocated,914.6012153812286,180,12,292,126,allocated,476.09519620871515,180,88,292,336,existing,1606.3208418638649,180,90,292,241,existing,1911.4640969587667,180,93,292,147,existing,1883.4357256727358,180,91,292,241,existing,1911.4640969587667,180,89,292,253,existing,2401.091487918653
181,181,23,293,163,allocated,584.0754694986211,181,23,293,220,existing,723.4604807624711,181,23,293,16,allocated,482.99730445061664,181,59,293,291,allocated,785.4847254435585,181,3,293,35,allocated,1184.9884317091778,181,92,293,281,existing,1609.4614306029773,181,12,293,126,allocated,1470.5064555752556,181,91,293,241,existing,3010.159956530905,181,88,293,336,existing,2705.016701436003,181,93,293,147,existing,2982.1315852448743,181,90,293,241,existing,3010.159956530905,181,89,293,253,existing,3499.787347490791
182,182,23,294,163,allocated,517.8075833615341,182,23,294,220,existing,523.5566799279735,182,23,294,16,allocated,283.09350361611905,182,59,294,291,allocated,585.580924609061,182,3,294,35,allocated,1102.386474595627,182,12,294,126,allocated,1387.9044984617049,182,92,294,281,existing,1409.5576297684797,182,91,294,241,existing,2927.5579994173545,182,90,294,241,existing,2927.5579994173545,182,93,294,147,existing,2899.5296281313235,182,88,294,336,existing,2622.414744322453,182,89,294,253,existing,3417.1853903772408
183,183,23,295,163,allocated,496.8501573993899,183,23,295,220,existing,502.5992539658293,183,23,295,16,allocated,262.13607765397484,183,59,295,291,allocated,564.6234986469168,183,3,295,35,allocated,1081.429048633483,183,92,295,281,existing,1388.6002038063355,183,12,295,126,allocated,1366.9470724995606,183,93,295,147,existing,2878.572202169179,183,90,295,241,existing,2906.60057345521,183,88,295,336,existing,2601.4573183603084,183,91,295,241,existing,2906.60057345521,183,89,295,253,existing,3396.2279644150963
184,184,23,296,163,allocated,414.8352379886667,184,23,296,220,existing,420.5843345551061,184,23,296,16,allocated,180.12115824325164,184,59,296,291,allocated,482.6085792361936,184,3,296,35,allocated,999.4141292227597,184,92,296,281,existing,1306.5852843956122,184,12,296,126,allocated,1284.9321530888374,184,90,296,241,existing,2824.585654044487,184,93,296,147,existing,2796.557282758456,184,88,296,336,existing,2519.4423989495854,184,91,296,241,existing,2824.585654044487,184,89,296,253,existing,3314.2130450043733
185,185,23,297,163,allocated,830.5542778530801,185,23,297,220,existing,1002.8634204253898,185,23,297,16,allocated,762.4002441135353,185,59,297,291,allocated,1064.8876651064772,185,3,297,35,allocated,1431.4672400636368,185,92,297,281,existing,1888.864370265896,185,12,297,126,allocated,1716.9852639297146,185,88,297,336,existing,2951.495509790462,185,90,297,241,existing,3256.6387648853643,185,93,297,147,existing,3228.6103935993333,185,91,297,241,existing,3256.6387648853643,185,89,297,253,existing,3746.26615584525
186,186,4,298,41,allocated,84.72530121640365,186,4,298,35,existing,22.25968529441229,186,4,298,35,allocated,22.25968529441229,186,3,298,35,allocated,22.25968529441229,186,12,298,126,allocated,263.25833857166543,186,59,298,291,allocated,539.0652352809784,186,92,298,281,existing,735.7549003197222,186,88,298,336,existing,1497.7685844324133,186,93,298,147,existing,1774.8834682412842,186,91,298,241,existing,1802.9118395273151,186,90,298,241,existing,1802.9118395273151,186,89,298,253,existing,2292.539230487201
187,187,4,299,41,allocated,91.89239960276345,187,4,299,35,existing,198.8773861135794,187,4,299,41,allocated,91.89239960276345,187,3,299,35,allocated,198.8773861135794,187,12,299,126,allocated,439.87603939083255,187,92,299,281,existing,912.3726011388893,187,59,299,291,allocated,715.6829361001455,187,88,299,336,existing,1321.1508836132462,187,91,299,241,existing,1626.2941387081478,187,93,299,147,existing,1598.2657674221168,187,90,299,241,existing,1626.2941387081478,187,89,299,253,existing,2115.921529668034
188,188,4,300,41,allocated,432.8058101160394,188,4,300,35,existing,539.7907966268554,188,4,300,300,allocated,0.0,188,3,300,35,allocated,539.7907966268554,188,12,300,126,allocated,780.7894499041086,188,59,300,291,allocated,1056.5963466134215,188,92,300,281,existing,1253.2860116521651,188,90,300,241,existing,1967.207549221424,188,88,300,336,existing,1662.064294126522,188,93,300,147,existing,1939.179177935393,188,91,300,241,existing,1967.207549221424,188,89,300,253,existing,2456.8349401813102
189,189,4,301,41,allocated,450.95605982523966,189,4,301,238,allocated,548.9590849328108,189,4,301,300,allocated,19.213036413767906,189,3,301,35,allocated,557.9410463360557,189,12,301,126,allocated,798.9396996133088,189,92,301,281,existing,1271.4362613613657,189,59,301,291,allocated,1074.7465963226218,189,91,301,241,existing,1985.357798930624,189,93,301,147,existing,1957.3294276445931,189,88,301,336,existing,1680.2145438357225,189,90,301,241,existing,1985.357798930624,189,89,301,253,existing,2474.9851898905104
190,190,85,302,310,existing,553.6563939295231,190,85,302,238,allocated,470.58272503164744,190,85,302,54,allocated,395.9470328854729,190,3,302,35,allocated,781.888474431932,190,12,302,126,allocated,1067.4064982980099,190,59,302,291,allocated,1230.098392929317,190,92,302,281,existing,1539.9030600460665,190,88,302,336,existing,1699.0218928587742,190,93,302,147,existing,1976.1367766676453,190,90,302,241,existing,2004.1651479536763,190,91,302,241,existing,2004.1651479536763,190,89,302,253,existing,2444.9212371388994
191,191,85,303,310,existing,421.6968760359532,191,85,303,238,allocated,338.6232071380776,191,85,303,51,allocated,326.1128496123371,191,3,303,35,allocated,497.6314676877864,191,12,303,126,allocated,783.1494915538642,191,59,303,291,allocated,1014.4370176743525,191,92,303,281,existing,1255.6460533019208,191,90,303,241,existing,1872.2056300601064,191,91,303,241,existing,1872.2056300601064,191,88,303,336,existing,1567.0623749652043,191,93,303,147,existing,1844.1772587740754,191,89,303,253,existing,2312.9617192453297
192,192,4,304,41,allocated,380.1176575118051,192,4,304,238,allocated,305.82967250866403,192,4,304,51,allocated,207.9728842905954,192,3,304,35,allocated,464.83793305837287,192,12,304,126,allocated,728.1012972998742,192,59,304,291,allocated,981.6434830449391,192,92,304,281,existing,1200.5978590479308,192,91,304,241,existing,1839.412095430693,192,90,304,241,existing,1839.412095430693,192,88,304,336,existing,1534.2688403357909,192,93,304,147,existing,1811.383724144662,192,89,304,253,existing,2280.1681846159163
193,193,83,305,228,existing,398.38893267880405,193,83,305,238,allocated,402.0773668567527,193,83,305,51,allocated,111.72518994250674,193,3,305,35,allocated,561.0856274064615,193,12,305,126,allocated,824.3489916479629,193,92,305,281,existing,1296.8455533960196,193,59,305,291,allocated,1077.8911773930276,193,90,305,241,existing,1935.6597897787817,193,93,305,147,existing,1907.6314184927508,193,88,305,336,existing,1630.5165346838796,193,91,305,241,existing,1935.6597897787817,193,89,305,253,existing,2376.415878964005
194,194,83,306,228,existing,385.472644998532,194,83,306,238,allocated,414.9936545370247,194,83,306,51,allocated,98.80890226223468,194,3,306,35,allocated,574.0019150867336,194,12,306,126,allocated,837.2652793282349,194,59,306,291,allocated,1090.8074650732997,194,92,306,281,existing,1309.7618410762916,194,91,306,241,existing,1927.9878667839384,194,88,306,336,existing,1622.8446116890364,194,93,306,147,existing,1899.9594954979075,194,90,306,241,existing,1927.9878667839384,194,89,306,253,existing,2368.7439559691616
195,195,85,308,310,existing,407.8049827334511,195,85,308,238,allocated,430.44155944794375,195,85,308,54,allocated,70.95299040838971,195,3,308,35,allocated,1115.7627343226525,195,12,308,126,allocated,1401.2807581887303,195,88,308,336,existing,1577.1183859000612,195,59,308,291,allocated,1588.680083111581,195,90,308,241,existing,1882.2616409949633,195,91,308,241,existing,1882.2616409949633,195,92,308,281,existing,1873.7773199367866,195,93,308,147,existing,1854.2332697089323,195,89,308,253,existing,2299.6292195592096
196,196,87,312,241,existing,781.8247234450412,196,87,312,364,allocated,294.5773338985141,196,87,312,210,allocated,176.7438869705198,196,88,312,336,existing,476.68146835013926,196,93,312,147,existing,753.7963521590102,196,90,312,241,existing,781.8247234450412,196,91,312,241,existing,781.8247234450412,196,92,312,281,existing,1829.2968970679049,196,89,312,253,existing,1150.7416920792919,196,3,312,35,allocated,1715.9859384370368,196,12,312,126,allocated,1455.279213571859,196,59,312,291,allocated,2232.7914884236025
197,197,85,313,310,existing,556.9210452695137,197,85,313,364,allocated,560.068512080149,197,85,313,197,allocated,40.664839352341,197,88,313,336,existing,699.3679461963322,197,93,313,147,existing,976.4828300052031,197,90,313,241,existing,1004.5112012912341,197,91,313,241,existing,1004.5112012912341,197,89,313,253,existing,1416.2328702609268,197,3,313,35,allocated,1324.7564954257161,197,12,313,126,allocated,1423.6059441647403,197,92,313,281,existing,1797.623627660786,197,59,313,291,allocated,1841.5620454122825
198,198,86,314,57,existing,939.6933768812473,198,86,314,364,allocated,654.7315452510435,198,86,314,357,allocated,222.05901147220982,198,88,314,336,existing,836.8356797026686,198,93,314,147,existing,1113.9505635115397,198,91,314,241,existing,1141.9789347975707,198,90,314,241,existing,1141.9789347975707,198,12,314,126,allocated,1815.4334249243884,198,3,314,35,allocated,1907.420821970826,198,89,314,253,existing,1284.1479170620808,198,92,314,281,existing,2189.451108420434,198,59,314,291,allocated,2424.226371957392
199,199,86,315,57,existing,900.7996112694253,199,86,315,364,allocated,551.4590731827509,199,86,315,357,allocated,118.78653940391719,199,88,315,336,existing,733.5632076343761,199,93,315,147,existing,1010.678091443247,199,90,315,241,existing,1038.706462729278,199,91,315,241,existing,1038.706462729278,199,12,315,126,allocated,1712.1609528560957,199,3,315,35,allocated,1804.1483499025333,199,92,315,281,existing,2086.1786363521414,199,89,315,253,existing,1245.2541514502586,199,59,315,291,allocated,2320.9538998890994
200,200,86,316,57,existing,678.0073928388689,200,86,316,364,allocated,397.56655734280855,200,86,316,326,allocated,42.31002651480695,200,88,316,336,existing,622.9099026225621,200,93,316,147,existing,900.0247864314331,200,91,316,241,existing,928.053157717464,200,90,316,241,existing,928.053157717464,200,3,316,35,allocated,1862.2143727094594,200,12,316,126,allocated,1601.5076478442816,200,89,316,253,existing,1022.4619330197022,200,92,316,281,existing,1975.5253313403275,200,59,316,291,allocated,2379.019922696026
201,201,86,317,57,existing,601.1788571345481,201,86,317,364,allocated,320.7380216384878,201,86,317,326,allocated,119.1385622191277,201,88,317,336,existing,546.0813669182413,201,93,317,147,existing,823.1962507271123,201,91,317,241,existing,851.2246220131433,201,90,317,241,existing,851.2246220131433,201,92,317,281,existing,1898.6967956360068,201,3,317,35,allocated,1785.3858370051387,201,12,317,126,allocated,1524.6791121399608,201,89,317,253,existing,945.6333973153814,201,59,317,291,allocated,2302.191386991705
202,202,58,318,289,allocated,254.52667283976257,202,58,318,289,allocated,254.52667283976257,202,58,318,394,allocated,144.8959331283814,202,92,318,281,existing,526.9814034183963,202,59,318,291,allocated,577.4211189844842,202,12,318,126,allocated,1030.0949861209401,202,3,318,35,allocated,1094.2266689710505,202,93,318,147,existing,2437.4355155849607,202,91,318,241,existing,2465.4638868709917,202,90,318,241,existing,2465.4638868709917,202,88,318,336,existing,2160.3206317760896,202,89,318,253,existing,2955.0912778308775
203,203,23,319,163,allocated,280.72215013778816,203,23,319,35,existing,666.0180714493272,203,23,319,163,allocated,280.72215013778816,203,59,319,291,allocated,626.0487028680063,203,3,319,35,allocated,666.0180714493272,203,92,319,281,existing,1424.0326570634616,203,12,319,126,allocated,951.536095315405,203,93,319,147,existing,2463.1612249850236,203,91,319,241,existing,2491.1895962710546,203,88,319,336,existing,2186.046341176153,203,90,319,241,existing,2491.1895962710546,203,89,319,253,existing,2980.816987230941
204,204,23,324,163,allocated,242.09405985545243,204,23,324,220,existing,247.84315642189182,204,23,324,16,allocated,184.44900460936262,204,59,324,291,allocated,309.86740110297933,204,3,324,35,allocated,826.6729510895454,204,12,324,126,allocated,1112.190974955623,204,92,324,281,existing,1133.844106262398,204,93,324,147,existing,2623.8161046252417,204,88,324,336,existing,2346.7012208163706,204,91,324,241,existing,2651.8444759112726,204,90,324,241,existing,2651.8444759112726,204,89,324,253,existing,3141.4718668711585
205,205,23,325,163,allocated,273.5059936257182,205,23,325,220,existing,279.2550901921576,205,23,325,16,allocated,153.03707083909686,205,59,325,291,allocated,341.2793348732451,205,3,325,35,allocated,858.0848848598112,205,12,325,126,allocated,1143.602908725889,205,92,325,281,existing,1165.2560400326638,205,90,325,241,existing,2683.2564096815386,205,93,325,147,existing,2655.2280383955076,205,91,325,241,existing,2683.2564096815386,205,88,325,336,existing,2378.1131545866365,205,89,325,253,existing,3172.8838006414244
206,206,23,327,163,allocated,625.9329208206984,206,23,327,220,existing,247.49433720187,206,23,327,327,allocated,0.0,206,59,327,291,allocated,430.8678304192942,206,3,327,35,allocated,947.6733804058604,206,12,327,126,allocated,1233.1914042719382,206,92,327,281,existing,1034.7286729361292,206,88,327,336,existing,2467.701650132686,206,91,327,241,existing,2772.844905227588,206,93,327,147,existing,2744.816533941557,206,90,327,241,existing,2772.844905227588,206,89,327,253,existing,3262.472296187474
207,207,85,328,310,existing,730.8223551795946,207,85,328,364,allocated,733.96982199023,207,85,328,197,allocated,214.566149262422,207,88,328,336,existing,873.2692561064132,207,93,328,147,existing,1150.384139915284,207,91,328,241,existing,1178.412511201315,207,90,328,241,existing,1178.412511201315,207,12,328,126,allocated,1597.5072540748213,207,92,328,281,existing,1971.5249375708672,207,3,328,35,allocated,1498.657805335797,207,89,328,253,existing,1590.1341801710078,207,59,328,291,allocated,2015.4633553223634
208,208,23,329,163,allocated,980.3591797607253,208,23,329,329,existing,0.0,208,23,329,329,allocated,0.0,208,59,329,291,allocated,965.763095590334,208,3,329,35,allocated,1482.5686455769003,208,12,329,126,allocated,1768.086669442978,208,92,329,281,existing,1569.6239381071691,208,91,329,241,existing,3307.7401703986275,208,93,329,147,existing,3279.7117991125965,208,90,329,241,existing,3307.7401703986275,208,88,329,336,existing,3002.596915303726,208,89,329,253,existing,3797.3675613585137
209,209,23,330,163,allocated,900.2706078594092,209,23,330,329,existing,80.08857190131604,209,23,330,330,allocated,0.0,209,59,330,291,allocated,885.674523689018,209,3,330,35,allocated,1402.4800736755842,209,92,330,281,existing,1489.5353662058528,209,12,330,126,allocated,1687.998097541662,209,93,330,147,existing,3199.6232272112807,209,90,330,241,existing,3227.6515984973116,209,91,330,241,existing,3227.6515984973116,209,88,330,336,existing,2922.50834340241,209,89,330,253,existing,3717.278989457198
210,210,4,331,41,allocated,780.9422058857127,210,4,331,364,allocated,853.5019305214462,210,4,331,331,allocated,0.0,210,12,331,126,allocated,627.2204675313509,210,3,331,35,allocated,887.9271923965287,210,92,331,281,existing,1001.2381510273968,210,88,331,336,existing,908.8823848816207,210,90,331,241,existing,1214.0256399765226,210,93,331,147,existing,1185.9972686904916,210,59,331,291,allocated,1404.7327423830948,210,91,331,241,existing,1214.0256399765226,210,89,331,253,existing,1703.6530309364086
211,211,4,332,41,allocated,280.2989461104042,211,4,332,35,existing,387.2839326212202,211,4,332,406,allocated,130.74565219480664,211,12,332,126,allocated,365.98521668685504,211,3,332,35,allocated,387.2839326212202,211,59,332,291,allocated,904.0894826077863,211,92,332,281,existing,869.0987993893987,211,91,332,241,existing,1437.8875922005072,211,88,332,336,existing,1132.7443371056054,211,90,332,241,existing,1437.8875922005072,211,93,332,147,existing,1409.8592209144763,211,89,332,253,existing,1927.5149831603933
212,212,4,333,41,allocated,355.86969842731605,212,4,333,35,existing,462.85468493813204,212,4,333,406,allocated,55.174899877894795,212,12,333,126,allocated,290.4144643699432,212,3,333,35,allocated,462.85468493813204,212,59,333,291,allocated,979.6602349246981,212,92,333,281,existing,793.5280470724869,212,88,333,336,existing,1057.1735847886935,212,91,333,241,existing,1362.3168398835953,212,90,333,241,existing,1362.3168398835953,212,93,333,147,existing,1334.2884685975644,212,89,333,253,existing,1851.9442308434814
213,213,23,339,163,allocated,507.53766391004376,213,23,339,35,existing,649.3220288943847,213,23,339,163,allocated,507.53766391004376,213,3,339,35,allocated,649.3220288943847,213,59,339,291,allocated,852.8642166402619,213,12,339,126,allocated,934.8400527604624,213,92,339,281,existing,1407.3366145085192,213,88,339,336,existing,2169.35029862121,213,91,339,241,existing,2474.493553716112,213,93,339,147,existing,2446.465182430081,213,90,339,241,existing,2474.493553716112,213,89,339,253,existing,2937.601852739257
214,214,85,341,310,existing,559.2296373846655,214,85,341,238,allocated,476.1559684867898,214,85,341,54,allocated,248.60056966516373,214,3,341,35,allocated,929.2349376522411,214,12,341,126,allocated,1214.752961518319,214,92,341,281,existing,1687.2495232663757,214,59,341,291,allocated,1377.444856149626,214,90,341,241,existing,2009.7383914088186,214,91,341,241,existing,2009.7383914088186,214,93,341,147,existing,1981.7100201227877,214,88,341,336,existing,1704.5951363139166,214,89,341,253,existing,2450.4944805940418
215,215,4,343,41,allocated,165.17352096550178,215,4,343,35,existing,272.15850747631777,215,4,343,41,allocated,165.17352096550178,215,3,343,35,allocated,272.15850747631777,215,12,343,126,allocated,481.11064183175745,215,59,343,291,allocated,788.9640574628838,215,92,343,281,existing,984.2242245343011,215,93,343,147,existing,1524.9846460593785,215,90,343,241,existing,1553.0130173454095,215,91,343,241,existing,1553.0130173454095,215,88,343,336,existing,1247.8697622505078,215,89,343,253,existing,2042.6404083052958
216,216,58,344,289,allocated,313.59705232182284,216,58,344,289,allocated,313.59705232182284,216,58,344,281,allocated,209.1238545421173,216,92,344,281,existing,209.1238545421173,216,12,344,126,allocated,712.237437244661,216,59,344,291,allocated,889.0388792489679,216,3,344,35,allocated,770.0272172982578,216,93,344,147,existing,2119.5779667086817,216,88,344,336,existing,1842.4630828998108,216,91,344,241,existing,2147.6063379947127,216,90,344,241,existing,2147.6063379947127,216,89,344,253,existing,2637.2337289545985
217,217,58,345,289,allocated,258.9013753356784,217,58,345,289,allocated,258.9013753356784,217,58,345,281,allocated,115.57999483148791,217,92,345,281,existing,115.57999483148791,217,12,345,126,allocated,618.6935775340316,217,59,345,291,allocated,834.3432022628234,217,3,345,35,allocated,863.5710770088872,217,88,345,336,existing,1748.9192231891816,217,93,345,147,existing,2026.0341069980523,217,91,345,241,existing,2054.062478284083,217,90,345,241,existing,2054.062478284083,217,89,345,253,existing,2543.6898692439695
218,218,23,348,163,allocated,881.9578885668943,218,23,348,220,existing,1054.2670311392042,218,23,348,16,allocated,813.8038548273497,218,59,348,291,allocated,1116.2912758202917,218,3,348,35,allocated,1482.8708507774513,218,12,348,126,allocated,1768.3888746435289,218,92,348,281,existing,1940.2679809797103,218,91,348,241,existing,3308.0423755991787,218,90,348,241,existing,3308.0423755991787,218,93,348,147,existing,3280.014004313148,218,88,348,336,existing,3002.8991205042767,218,89,348,253,existing,3797.6697665590646
219,219,58,349,289,allocated,207.88805554141214,219,58,349,289,allocated,207.88805554141214,219,58,349,281,allocated,64.56667503722164,219,92,349,281,existing,64.56667503722164,219,12,349,126,allocated,567.6802577397654,219,3,349,35,allocated,822.5812606513562,219,59,349,291,allocated,783.3298824685571,219,93,349,147,existing,1975.020787203786,219,90,349,241,existing,2003.049158489817,219,88,349,336,existing,1697.9059033949152,219,91,349,241,existing,2003.049158489817,219,89,349,253,existing,2492.676549449703
220,220,23,354,163,allocated,260.998083899972,220,23,354,220,existing,374.17526853903075,220,23,354,291,allocated,183.53528898584037,220,59,354,291,allocated,183.53528898584037,220,3,354,35,allocated,700.3408389724065,220,12,354,126,allocated,985.8588628384841,220,92,354,281,existing,1031.4318464916191,220,91,354,241,existing,2525.5123637941338,220,88,354,336,existing,2220.369108699232,220,90,354,241,existing,2525.5123637941338,220,93,354,147,existing,2497.483992508103,220,89,354,253,existing,3015.13975475402
221,221,86,357,57,existing,782.0130718655081,221,86,357,364,allocated,591.6906870653886,221,86,357,357,allocated,0.0,221,88,357,336,existing,773.7948215170138,221,93,357,147,existing,1050.9097053258847,221,90,357,241,existing,1078.9380766119157,221,91,357,241,existing,1078.9380766119157,221,12,357,126,allocated,1752.3925667387334,221,89,357,253,existing,1126.4676120463414,221,3,357,35,allocated,1844.379963785171,221,92,357,281,existing,2126.4102502347796,221,59,357,291,allocated,2361.1855137717375
222,222,87,360,241,existing,354.3293736266945,222,87,360,364,allocated,884.81597400135,222,87,360,256,allocated,71.23591576659244,222,91,360,241,existing,354.3293736266945,222,90,360,241,existing,354.3293736266945,222,88,360,336,existing,858.2852304080596,222,93,360,147,existing,382.3577449127255,222,89,360,253,existing,1041.9430049767177,222,92,360,281,existing,2292.81185707929,222,3,360,35,allocated,2179.500898448422,222,12,360,126,allocated,1918.7941735832442,222,59,360,291,allocated,2696.306448434988
223,223,85,361,310,existing,391.01115888086065,223,85,361,238,allocated,413.64773559535325,223,85,361,54,allocated,54.159166555799246,223,3,361,35,allocated,1098.968910470062,223,12,361,126,allocated,1384.4869343361397,223,88,361,336,existing,1560.3245620474706,223,59,361,291,allocated,1571.8862592589905,223,93,361,147,existing,1837.4394458563418,223,91,361,241,existing,1865.4678171423727,223,90,361,241,existing,1865.4678171423727,223,92,361,281,existing,1856.9834960841963,223,89,361,253,existing,2282.8353957066192
224,224,4,372,41,allocated,680.9158626605647,224,4,372,364,allocated,676.7469661952703,224,4,372,372,allocated,0.0,224,12,372,126,allocated,527.1941243062029,224,88,372,336,existing,732.1274205554448,224,92,372,281,existing,901.2118078022488,224,3,372,35,allocated,787.9008491713807,224,90,372,241,existing,1037.2706756503467,224,93,372,147,existing,1009.2423043643157,224,59,372,291,allocated,1304.7063991579466,224,91,372,241,existing,1037.2706756503467,224,89,372,253,existing,1526.8980666102327
225,225,4,380,41,allocated,488.15340333285394,225,4,380,35,existing,425.6877874108626,225,4,380,126,allocated,140.16976354478484,225,12,380,126,allocated,140.16976354478484,225,3,380,35,allocated,425.6877874108626,225,59,380,291,allocated,942.4933373974287,225,92,380,281,existing,514.1874470408308,225,88,380,336,existing,1119.1517813168628,225,91,380,241,existing,1424.2950364117646,225,93,380,147,existing,1396.2666651257337,225,90,380,241,existing,1424.2950364117646,225,89,380,253,existing,1913.9224273716507
226,226,87,383,241,existing,532.5798089318403,226,87,383,364,allocated,45.332419385313216,226,87,383,364,allocated,45.332419385313216,226,88,383,336,existing,227.43655383693837,226,93,383,147,existing,504.5514376458094,226,91,383,241,existing,532.5798089318403,226,90,383,241,existing,532.5798089318403,226,12,383,126,allocated,1206.034299058658,226,92,383,281,existing,1580.051982554704,226,3,383,35,allocated,1466.7410239238359,226,89,383,253,existing,901.4967775660909,226,59,383,291,allocated,1983.5465739104018
227,227,58,385,289,allocated,220.1272337829764,227,58,385,289,allocated,220.1272337829764,227,58,385,289,allocated,220.1272337829764,227,59,385,291,allocated,355.31459314416867,227,92,385,281,existing,492.5819643616102,227,12,385,126,allocated,995.6955470641539,227,3,385,35,allocated,872.1201431307347,227,93,385,147,existing,2403.036076528175,227,90,385,241,existing,2431.064447814206,227,88,385,336,existing,2125.9211927193037,227,91,385,241,existing,2431.064447814206,227,89,385,253,existing,2920.6918387740916
228,228,58,386,289,allocated,311.10735251962035,228,58,386,289,allocated,311.10735251962035,228,58,386,281,allocated,167.78597201542985,228,92,386,281,existing,167.78597201542985,228,12,386,126,allocated,670.8995547179736,228,59,386,291,allocated,886.5491794467653,228,3,386,35,allocated,915.7770541928292,228,88,386,336,existing,1801.1252003731233,228,91,386,241,existing,2106.2684554680254,228,90,386,241,existing,2106.2684554680254,228,93,386,147,existing,2078.2400841819945,228,89,386,253,existing,2595.8958464279112
229,229,86,387,57,existing,527.7080484273731,229,86,387,364,allocated,239.20036144313144,229,86,387,326,allocated,200.67622241448402,229,88,387,336,existing,464.54370672288496,229,93,387,147,existing,741.658590531756,229,91,387,241,existing,769.6869618177869,229,90,387,241,existing,769.6869618177869,229,89,387,253,existing,872.1625886082064,229,12,387,126,allocated,1443.1414519446046,229,92,387,281,existing,1817.1591354406505,229,3,387,35,allocated,1703.8481768097824,229,59,387,291,allocated,2220.6537267963486
230,230,58,388,289,allocated,334.21457133294973,230,58,388,289,allocated,334.21457133294973,230,58,388,291,allocated,241.2272555941953,230,59,388,291,allocated,241.2272555941953,230,92,388,281,existing,606.6693019115835,230,3,388,35,allocated,758.0328055807614,230,12,388,126,allocated,1043.550829446839,230,93,388,147,existing,2517.123414078148,230,90,388,241,existing,2545.151785364179,230,91,388,241,existing,2545.151785364179,230,88,388,336,existing,2240.008530269277,230,89,388,253,existing,3034.779176324065
231,231,84,389,353,existing,518.2290802227569,231,84,389,220,existing,1584.1593360019317,231,84,389,407,allocated,55.731782453658134,231,59,389,291,allocated,1767.5328292193558,231,92,389,281,existing,1862.4365193774797,231,12,389,126,allocated,2365.5501020800234,231,3,389,35,allocated,2284.3383792059217,231,91,389,241,existing,3800.919002830075,231,90,389,241,existing,3800.919002830075,231,93,389,147,existing,3772.890631544044,231,88,389,336,existing,3495.7757477351734,231,89,389,253,existing,4290.546393789961
232,232,23,390,163,allocated,146.50575989358333,232,23,390,35,existing,454.40720231697344,232,23,390,163,allocated,146.50575989358333,232,59,390,291,allocated,342.42628406537256,232,3,390,35,allocated,454.40720231697344,232,12,390,126,allocated,739.9252261830511,232,92,390,281,existing,1190.3228415711515,232,91,390,241,existing,2279.5787271387007,232,93,390,147,existing,2251.55035585267,232,90,390,241,existing,2279.5787271387007,232,88,390,336,existing,1974.4354720437989,232,89,390,253,existing,2769.2061180985866
233,233,86,392,57,existing,990.1109156100533,233,86,392,364,allocated,640.7703775233789,233,86,392,357,allocated,208.0978437445453,233,88,392,336,existing,822.874511975004,233,93,392,147,existing,1099.9893957838751,233,90,392,241,existing,1128.017767069906,233,91,392,241,existing,1128.017767069906,233,3,392,35,allocated,1893.4596542431614,233,92,392,281,existing,2175.48994069277,233,12,392,126,allocated,1801.4722571967238,233,89,392,253,existing,1334.5654557908867,233,59,392,291,allocated,2410.2652042297277
234,234,58,394,289,allocated,280.71976429202516,234,58,394,289,allocated,280.71976429202516,234,58,394,394,allocated,0.0,234,92,394,281,existing,553.1744948706589,234,59,394,291,allocated,603.6142104367468,234,12,394,126,allocated,1056.2880775732026,234,3,394,35,allocated,1120.419760423313,234,91,394,241,existing,2491.6569783232544,234,90,394,241,existing,2491.6569783232544,234,88,394,336,existing,2186.5137232283523,234,93,394,147,existing,2463.6286070372234,234,89,394,253,existing,2981.28436928314
235,235,23,395,163,allocated,325.6886088478933,235,23,395,220,existing,721.202941454969,235,23,395,163,allocated,325.6886088478933,235,59,395,291,allocated,671.0151615781115,235,3,395,35,allocated,926.6015710584502,235,92,395,281,existing,1518.9117190838901,235,12,395,126,allocated,1212.1195949245277,235,88,395,336,existing,2446.6298407852755,235,90,395,241,existing,2751.7730958801776,235,91,395,241,existing,2751.7730958801776,235,93,395,147,existing,2723.7447245941466,235,89,395,253,existing,3241.4004868400634
236,236,4,396,41,allocated,389.6772003240252,236,4,396,35,existing,327.21158440203385,236,4,396,402,allocated,127.54477612411117,236,3,396,35,allocated,327.21158440203385,236,92,396,281,existing,430.80300121210064,236,12,396,126,allocated,531.1920140618464,236,59,396,291,allocated,844.0171343886,236,91,396,241,existing,1982.0481779513952,236,88,396,336,existing,1676.9049228564936,236,90,396,241,existing,1982.0481779513952,236,93,396,147,existing,1954.0198066653643,236,89,396,253,existing,2471.6755689112815
237,237,4,397,41,allocated,620.7513515676113,237,4,397,35,existing,513.7663650567954,237,4,397,35,allocated,513.7663650567954,237,3,397,35,allocated,513.7663650567954,237,12,397,126,allocated,799.2843889228732,237,92,397,281,existing,1271.78095067093,237,59,397,291,allocated,961.9762835541803,237,91,397,241,existing,2093.2656833586702,237,90,397,241,existing,2093.2656833586702,237,88,397,336,existing,1788.1224282637681,237,93,397,147,existing,2065.2373120726393,237,89,397,253,existing,2534.0217725438933
238,238,86,398,57,existing,472.53575010566806,238,86,398,364,allocated,168.98323143579452,238,86,398,364,allocated,168.98323143579452,238,88,398,336,existing,394.3265767155481,238,93,398,147,existing,671.441460524419,238,91,398,241,existing,699.4698318104499,238,90,398,241,existing,699.4698318104499,238,12,398,126,allocated,1372.9243219372677,238,89,398,253,existing,816.9902902865014,238,92,398,281,existing,1746.9420054333136,238,3,398,35,allocated,1633.6310468024456,238,59,398,291,allocated,2150.4365967890117
239,239,23,401,163,allocated,345.633662847988,239,23,401,35,existing,730.9295841595269,239,23,401,163,allocated,345.633662847988,239,59,401,291,allocated,690.9602155782061,239,3,401,35,allocated,730.9295841595269,239,92,401,281,existing,1488.9441697736615,239,12,401,126,allocated,1016.4476080256047,239,90,401,241,existing,2556.101108981254,239,93,401,147,existing,2528.072737695223,239,88,401,336,existing,2250.9578538863525,239,91,401,241,existing,2556.101108981254,239,89,401,253,existing,3045.7284999411404
240,240,4,402,41,allocated,517.2219764481364,240,4,402,35,existing,454.75636052614504,240,4,402,402,allocated,0.0,240,92,402,281,existing,417.1796153509546,240,3,402,35,allocated,454.75636052614504,240,12,402,126,allocated,533.0558913401977,240,59,402,291,allocated,971.5619105127112,240,88,402,336,existing,1663.2815369953473,240,91,402,241,existing,1968.4247920902494,240,93,402,147,existing,1940.3964208042185,240,90,402,241,existing,1968.4247920902494,240,89,402,253,existing,2458.052183050135
241,241,58,403,289,allocated,617.8857813712473,241,58,403,289,allocated,617.8857813712473,241,58,403,264,allocated,408.81576200046044,241,92,403,281,existing,513.4125835915418,241,3,403,35,allocated,772.6115152230476,241,12,403,126,allocated,975.248595470827,241,59,403,291,allocated,1193.3276082983923,241,93,403,147,existing,2382.589124934848,241,91,403,241,existing,2410.617496220879,241,88,403,336,existing,2105.4742411259767,241,90,403,241,existing,2410.617496220879,241,89,403,253,existing,2900.2448871807646
242,242,86,404,57,existing,975.0639917211299,242,86,404,364,allocated,625.7234536344555,242,86,404,357,allocated,193.05091985562183,242,88,404,336,existing,807.8275880860806,242,93,404,147,existing,1084.9424718949517,242,91,404,241,existing,1112.9708431809827,242,90,404,241,existing,1112.9708431809827,242,89,404,253,existing,1319.5185319019633,242,12,404,126,allocated,1786.4253333078004,242,92,404,281,existing,2160.443016803846,242,3,404,35,allocated,1878.412730354238,242,59,404,291,allocated,2395.218280340804
243,243,58,405,289,allocated,299.6003803049248,243,58,405,289,allocated,299.6003803049248,243,58,405,289,allocated,299.6003803049248,243,59,405,291,allocated,434.78773966611703,243,92,405,281,existing,572.0551108835585,243,3,405,35,allocated,951.5932896526831,243,12,405,126,allocated,1075.1686935861023,243,93,405,147,existing,2482.509223050123,243,88,405,336,existing,2205.394339241252,243,90,405,241,existing,2510.537594336154,243,91,405,241,existing,2510.537594336154,243,89,405,253,existing,3000.16498529604
244,244,4,406,41,allocated,411.04459830521085,244,4,406,35,existing,518.0295848160268,244,4,406,406,allocated,0.0,244,12,406,126,allocated,345.589364247838,244,3,406,35,allocated,518.0295848160268,244,92,406,281,existing,848.7029469503816,244,59,406,291,allocated,1034.8351348025928,244,88,406,336,existing,1112.3484846665883,244,91,406,241,existing,1417.4917397614902,244,93,406,147,existing,1389.4633684754592,244,90,406,241,existing,1417.4917397614902,244,89,406,253,existing,1907.1191307213762
245,245,84,407,353,existing,573.9608626764151,245,84,407,220,existing,1639.8911184555898,245,84,407,407,allocated,0.0,245,59,407,291,allocated,1823.2646116730139,245,92,407,281,existing,1918.1683018311378,245,3,407,35,allocated,2340.0701616595798,245,12,407,126,allocated,2421.2818845336815,245,93,407,147,existing,3828.622413997702,245,91,407,241,existing,3856.650785283733,245,90,407,241,existing,3856.650785283733,245,88,407,336,existing,3551.5075301888314,245,89,407,253,existing,4346.27817624362
