,assign_from_var_id_grocery,assign_to_var_id_grocery,assign_from_node_id_grocery,assign_to_node_id_grocery,assign_type_grocery,dist_grocery,assign_from_var_id_school,assign_to_var_id_school,assign_from_node_id_school,assign_to_node_id_school,assign_type_school,dist_school,assign_from_var_id_healthcare,assign_to_var_id_healthcare,assign_from_node_id_healthcare,assign_to_node_id_healthcare,assign_type_healthcare,dist_healthcare,0_assign_from_var_id_restaurant,0_assign_to_var_id_restaurant,0_assign_from_node_id_restaurant,0_assign_to_node_id_restaurant,0_assign_type_restaurant,0_dist_restaurant,1_assign_from_var_id_restaurant,1_assign_to_var_id_restaurant,1_assign_from_node_id_restaurant,1_assign_to_node_id_restaurant,1_assign_type_restaurant,1_dist_restaurant,2_assign_from_var_id_restaurant,2_assign_to_var_id_restaurant,2_assign_from_node_id_restaurant,2_assign_to_node_id_restaurant,2_assign_type_restaurant,2_dist_restaurant,3_assign_from_var_id_restaurant,3_assign_to_var_id_restaurant,3_assign_from_node_id_restaurant,3_assign_to_node_id_restaurant,3_assign_type_restaurant,3_dist_restaurant,4_assign_from_var_id_restaurant,4_assign_to_var_id_restaurant,4_assign_from_node_id_restaurant,4_assign_to_node_id_restaurant,4_assign_type_restaurant,4_dist_restaurant,5_assign_from_var_id_restaurant,5_assign_to_var_id_restaurant,5_assign_from_node_id_restaurant,5_assign_to_node_id_restaurant,5_assign_type_restaurant,5_dist_restaurant,6_assign_from_var_id_restaurant,6_assign_to_var_id_restaurant,6_assign_from_node_id_restaurant,6_assign_to_node_id_restaurant,6_assign_type_restaurant,6_dist_restaurant,7_assign_from_var_id_restaurant,7_assign_to_var_id_restaurant,7_assign_from_node_id_restaurant,7_assign_to_node_id_restaurant,7_assign_type_restaurant,7_dist_restaurant,8_assign_from_var_id_restaurant,8_assign_to_var_id_restaurant,8_assign_from_node_id_restaurant,8_assign_to_node_id_restaurant,8_assign_type_restaurant,8_dist_restaurant,9_assign_from_var_id_restaurant,9_assign_to_var_id_restaurant,9_assign_from_node_id_restaurant,9_assign_to_node_id_restaurant,9_assign_type_restaurant,9_dist_restaurant
0,0,70,2,2,existing,0.0,0,70,2,72,existing,232.43012398005487,0,70,2,2,allocated,0.0,0,82,2,46,existing,349.32828144384195,0,86,2,122,existing,403.0051897786142,0,85,2,45,existing,447.7620992361411,0,77,2,47,existing,660.6712236859887,0,75,2,36,existing,1073.0830510230976,0,83,2,277,existing,892.6945111766628,0,78,2,301,existing,1017.6587195037475,0,79,2,301,existing,1017.6587195037475,0,76,2,67,existing,1282.5596202907184,0,84,2,36,existing,1073.0830510230976
1,1,70,3,2,existing,100.80541577472324,1,70,3,72,existing,333.23553975477813,1,70,3,2,allocated,100.80541577472324,1,82,3,46,existing,450.1336972185652,1,86,3,122,existing,503.8106055533375,1,85,3,45,existing,548.5675150108643,1,77,3,47,existing,753.8771875170139,1,75,3,36,existing,1156.503960694056,1,83,3,277,existing,976.1154208476214,1,78,3,301,existing,1118.4641352784708,1,79,3,301,existing,1118.4641352784708,1,76,3,67,existing,1383.3650360654417,1,84,3,36,existing,1156.503960694056
2,2,74,4,138,existing,478.5064119536059,2,74,4,232,existing,603.3588056629153,2,74,4,137,allocated,419.31213218267925,2,88,4,265,existing,487.5285143969925,2,87,4,140,existing,693.4967719685193,2,80,4,179,existing,727.2593190699293,2,81,4,179,existing,727.2593190699293,2,75,4,36,existing,1610.5095839245578,2,77,4,47,existing,1567.2550000975298,2,83,4,277,existing,1621.157215860138,2,84,4,36,existing,1610.5095839245578,2,82,4,46,existing,1878.5979423396766,2,85,4,45,existing,1977.0317601319757
3,3,66,5,165,existing,540.7923253280114,3,66,5,232,existing,466.46564963448077,3,66,5,227,allocated,413.47541321660367,3,88,5,265,existing,624.421670425427,3,87,5,140,existing,681.252791353123,3,81,5,179,existing,864.1524750983639,3,80,5,179,existing,864.1524750983639,3,75,5,36,existing,1747.4027399529925,3,77,5,47,existing,1704.1481561259643,3,83,5,277,existing,1758.0503718885727,3,84,5,36,existing,1747.4027399529925,3,85,5,45,existing,2113.9249161604102,3,82,5,46,existing,2015.4910983681111
4,4,70,6,2,existing,718.5442454926506,4,70,6,72,existing,597.1533602502336,4,70,6,220,allocated,495.9120405101322,4,86,6,122,existing,721.021846536192,4,76,6,67,existing,742.329476904214,4,82,6,46,existing,791.3427316842578,4,85,6,45,existing,889.7765494765572,4,84,6,36,existing,1320.1178919959814,4,77,6,47,existing,917.4911188189393,4,83,6,277,existing,1139.7293521495467,4,75,6,36,existing,1320.1178919959814,4,78,6,301,existing,1334.0108875403243,4,79,6,301,existing,1334.0108875403243
5,5,70,7,2,existing,617.6513880189577,5,70,7,72,existing,496.2605027765408,5,70,7,231,allocated,487.70043983572066,5,86,7,122,existing,666.8355685751001,5,82,7,46,existing,690.449874210565,5,77,7,47,existing,816.5982613452464,5,85,7,45,existing,788.8836920028643,5,83,7,277,existing,1038.8364946758538,5,84,7,36,existing,1219.2250345222885,5,75,7,36,existing,1219.2250345222885,5,76,7,67,existing,843.2223343779068,5,79,7,301,existing,1313.071994752772,5,78,7,301,existing,1313.071994752772
6,6,70,8,2,existing,1138.7963982798299,6,70,8,78,existing,644.9247110777076,6,70,8,107,allocated,170.01472059671556,6,76,8,67,existing,307.29748703315926,6,86,8,122,existing,893.8422311957522,6,82,8,46,existing,1193.1252936744652,6,85,8,45,existing,1122.7718592231913,6,83,8,277,existing,1574.7613420206014,6,78,8,301,existing,1222.9221038171574,6,77,8,47,existing,1352.523108689994,6,79,8,301,existing,1222.9221038171574,6,75,8,36,existing,1755.149881867036,6,84,8,36,existing,1755.149881867036
7,7,70,9,2,existing,1017.8145658162209,7,70,9,78,existing,780.6863806251918,7,70,9,107,allocated,305.7763901441999,7,76,9,67,existing,443.0591565806436,7,86,9,122,existing,848.2307204917631,7,82,9,46,existing,1090.6130520078282,7,85,9,45,existing,1077.1603485192022,7,79,9,301,existing,1358.6837733646416,7,77,9,47,existing,1216.7614391425095,7,78,9,301,existing,1358.6837733646416,7,83,9,277,existing,1438.9996724731172,7,75,9,36,existing,1619.3882123195517,7,84,9,36,existing,1619.3882123195517
8,8,70,10,2,existing,956.3269482172566,8,70,10,153,existing,86.47869783346074,8,70,10,11,allocated,114.60480753597916,8,76,10,67,existing,326.23267207346163,8,86,10,122,existing,607.4887339136527,8,79,10,301,existing,634.1355018726406,8,78,10,301,existing,634.1355018726406,8,77,10,47,existing,1246.1951219755379,8,82,10,46,existing,934.8521797333909,8,83,10,277,existing,1478.218409466212,8,85,10,45,existing,836.4183619410917,8,84,10,36,existing,1658.6069493126465,8,75,10,36,existing,1658.6069493126465
9,9,70,11,2,existing,848.8734634163898,9,70,11,153,existing,201.0835053694399,9,70,11,11,allocated,0.0,9,76,11,67,existing,440.8374796094408,9,86,11,122,existing,603.9192963323121,9,79,11,301,existing,748.7403094086199,9,78,11,301,existing,748.7403094086199,9,85,11,45,existing,832.8489243597512,9,82,11,46,existing,903.2023588110252,9,83,11,277,existing,1446.568588543846,9,77,11,47,existing,1214.545301053172,9,84,11,36,existing,1626.9571283902806,9,75,11,36,existing,1626.9571283902806
10,10,66,12,165,existing,324.5940034361905,10,66,12,232,existing,638.8957578597999,10,66,12,68,allocated,83.21435637579683,10,87,12,140,existing,465.0544694613021,10,88,12,265,existing,725.8505689719002,10,80,12,179,existing,965.5813736448371,10,81,12,179,existing,965.5813736448371,10,75,12,36,existing,1848.8316384994655,10,83,12,277,existing,1859.4792704350457,10,84,12,36,existing,1848.8316384994655,10,77,12,47,existing,1805.5770546724375,10,82,12,46,existing,2116.9199969145843,10,85,12,45,existing,2215.3538147068834
11,11,67,13,124,existing,332.93133232281883,11,67,13,232,existing,671.9666074657987,11,67,13,68,allocated,169.74950281942563,11,87,13,140,existing,551.5896159049308,11,88,13,265,existing,812.3857154155289,11,80,13,179,existing,1052.1165200884657,11,81,13,179,existing,1052.1165200884657,11,75,13,36,existing,1935.3667849430944,11,77,13,47,existing,1892.112201116066,11,84,13,36,existing,1935.3667849430944,11,83,13,277,existing,1946.0144168786746,11,82,13,46,existing,2203.455143358213,11,85,13,45,existing,2301.8889611505124
12,12,70,16,2,existing,806.3697109284138,12,70,16,72,existing,904.7601781022585,12,70,16,314,allocated,125.92732329920972,12,77,16,47,existing,778.9952418478317,12,83,16,277,existing,954.2175515744669,12,86,16,122,existing,1075.3352439008177,12,82,16,46,existing,1090.3381840899785,12,75,16,36,existing,1134.6060914209015,12,85,16,45,existing,1188.772001882278,12,81,16,179,existing,1575.4460050671134,12,84,16,36,existing,1134.6060914209015,12,76,16,67,existing,1611.50770335983,12,80,16,179,existing,1575.4460050671134
13,13,70,17,2,existing,865.8837318244127,13,70,17,72,existing,964.2741989982572,13,70,17,314,allocated,66.41330240321086,13,77,17,47,existing,838.5092627438305,13,83,17,277,existing,1013.7315724704658,13,86,17,122,existing,1134.8492647968164,13,82,17,46,existing,1149.8522049859773,13,84,17,36,existing,1194.1201123169003,13,81,17,179,existing,1634.9600259631122,13,85,17,45,existing,1248.2860227782767,13,75,17,36,existing,1194.1201123169003,13,76,17,67,existing,1671.021724255829,13,80,17,179,existing,1634.9600259631122
14,14,70,18,2,existing,360.7055062128937,14,70,18,72,existing,459.09597338673825,14,70,18,106,allocated,319.9700280864223,14,77,18,47,existing,493.97709707884354,14,86,18,122,existing,629.6710391852976,14,83,18,277,existing,716.2153304094511,14,82,18,46,existing,649.0069690578887,14,75,18,36,existing,896.6038702558857,14,85,18,45,existing,747.4407868501878,14,84,18,36,existing,896.6038702558857,14,76,18,67,existing,1182.0913098243586,14,79,18,301,existing,1275.9074653629696,14,78,18,301,existing,1275.9074653629696
15,15,67,19,124,existing,859.9535175701914,15,67,19,232,existing,646.4088231509334,15,67,19,227,allocated,808.9000001370721,15,87,19,140,existing,1310.9456115651792,15,88,19,265,existing,1566.2865743626103,15,81,19,179,existing,1806.0173790355473,15,80,19,179,existing,1806.0173790355473,15,77,19,47,existing,2646.0130600631473,15,84,19,36,existing,2689.267643890176,15,75,19,36,existing,2689.267643890176,15,83,19,277,existing,2699.915275825756,15,82,19,46,existing,2957.356002305294,15,85,19,45,existing,3055.7898200975937
16,16,67,20,124,existing,833.4118054778586,16,67,20,232,existing,672.9505352432661,16,67,20,124,allocated,833.4118054778586,16,87,20,140,existing,1337.487323657512,16,88,20,265,existing,1592.828286454943,16,80,20,179,existing,1832.55909112788,16,81,20,179,existing,1832.55909112788,16,75,20,36,existing,2715.8093559825084,16,83,20,277,existing,2726.456987918089,16,84,20,36,existing,2715.8093559825084,16,77,20,47,existing,2672.5547721554804,16,82,20,46,existing,2983.897714397627,16,85,20,45,existing,3082.3315321899263
17,17,67,21,124,existing,599.7588264092847,17,67,21,232,existing,315.95224599790015,17,67,21,227,allocated,478.4434229840389,17,87,21,140,existing,980.4890344121461,17,88,21,265,existing,1235.8299972095772,17,81,21,179,existing,1475.5608018825142,17,80,21,179,existing,1475.5608018825142,17,77,21,47,existing,2315.556482910114,17,83,21,277,existing,2369.4586986727227,17,84,21,36,existing,2358.8110667371425,17,75,21,36,existing,2358.8110667371425,17,82,21,46,existing,2626.899425152261,17,85,21,45,existing,2725.3332429445604
18,18,67,22,124,existing,375.3773876332318,18,67,22,232,existing,85.50478442411537,18,67,22,227,allocated,247.99596141025413,18,87,22,140,existing,750.0415728383614,18,88,22,265,existing,1005.3825356357925,18,80,22,179,existing,1245.1133403087292,18,81,22,179,existing,1245.1133403087292,18,77,22,47,existing,2085.1090213363295,18,84,22,36,existing,2128.363605163358,18,83,22,277,existing,2139.011237098938,18,75,22,36,existing,2128.363605163358,18,85,22,45,existing,2494.885781370776,18,82,22,46,existing,2396.4519635784764
19,19,70,23,2,existing,878.1269525325852,19,70,23,153,existing,409.4955145089765,19,70,23,220,allocated,81.8594336878531,19,86,23,122,existing,633.1727854485076,19,76,23,67,existing,649.2494887489773,19,82,23,46,existing,932.4558479272206,19,85,23,45,existing,862.1024134759466,19,83,23,277,existing,1475.8220776600415,19,78,23,301,existing,957.1523185481564,19,79,23,301,existing,957.1523185481564,19,77,23,47,existing,1243.7987901693673,19,75,23,36,existing,1656.210617506476,19,84,23,36,existing,1656.210617506476
20,20,70,24,2,existing,807.1171713824253,20,70,24,153,existing,480.5052956591364,20,70,24,220,allocated,152.86921483801297,20,86,24,122,existing,562.1630042983478,20,76,24,67,existing,720.2592698991373,20,82,24,46,existing,861.4460667770608,20,85,24,45,existing,791.0926323257868,20,79,24,301,existing,1028.1620996983163,20,83,24,277,existing,1404.8122965098817,20,78,24,301,existing,1028.1620996983163,20,77,24,47,existing,1172.7890090192075,20,75,24,36,existing,1585.2008363563161,20,84,24,36,existing,1585.2008363563161
21,21,73,25,148,existing,687.4420976570284,21,73,25,96,existing,407.564168889922,21,73,25,25,allocated,0.0,21,77,25,47,existing,860.6231219228857,21,81,25,179,existing,888.4496152225527,21,84,25,36,existing,942.2866651385905,21,80,25,179,existing,888.4496152225527,21,83,25,277,existing,945.6202015706494,21,88,25,265,existing,1128.1804198954896,21,75,25,36,existing,942.2866651385905,21,82,25,46,existing,1171.9660641650325,21,85,25,45,existing,1270.399881957332,21,87,25,140,existing,1339.8482968643734
22,22,73,26,148,existing,806.0157207775858,22,73,26,96,existing,526.1377920104795,22,73,26,26,allocated,0.0,22,77,26,47,existing,979.1967450434433,22,80,26,179,existing,1007.0232383431102,22,84,26,36,existing,1060.860288259148,22,81,26,179,existing,1007.0232383431102,22,83,26,277,existing,1064.1938246912068,22,88,26,265,existing,1246.754043016047,22,82,26,46,existing,1290.53968728559,22,75,26,36,existing,1060.860288259148,22,85,26,45,existing,1388.9735050778895,22,87,26,140,existing,1458.4219199849308
23,23,70,27,2,existing,715.0251796652879,23,70,27,153,existing,535.4032495461629,23,70,27,220,allocated,244.96120655515045,23,86,27,122,existing,470.0710125812103,23,85,27,45,existing,699.0006406086493,23,76,27,67,existing,731.0687056477012,23,82,27,46,existing,769.3540750599233,23,78,27,301,existing,1083.0600535853428,23,77,27,47,existing,1080.69701730207,23,83,27,277,existing,1312.7203047927442,23,79,27,301,existing,1083.0600535853428,23,84,27,36,existing,1493.1088446391786,23,75,27,36,existing,1493.1088446391786
24,24,70,28,2,existing,614.7894494524774,24,70,28,153,existing,435.16751933335235,24,70,28,231,allocated,167.66927575972602,24,86,28,122,existing,369.8352823683998,24,85,28,45,existing,598.7649103958388,24,82,28,46,existing,669.1183448471128,24,76,28,67,existing,674.9214935733532,24,83,28,277,existing,1212.4845745799337,24,78,28,301,existing,982.8243233725323,24,79,28,301,existing,982.8243233725323,24,77,28,47,existing,980.4612870892595,24,75,28,36,existing,1392.8731144263681,24,84,28,36,existing,1392.8731144263681
25,25,70,29,2,existing,499.06219730251456,25,70,29,72,existing,359.20172126312565,25,70,29,231,allocated,51.9420236097632,25,86,29,122,existing,254.10803021843697,25,85,29,45,existing,483.03765824587595,25,82,29,46,existing,553.3910926971499,25,76,29,67,existing,783.4974229882038,25,77,29,47,existing,864.7340349392966,25,83,29,277,existing,1096.7573224299708,25,78,29,301,existing,900.3444563961089,25,79,29,301,existing,900.3444563961089,25,84,29,36,existing,1277.1458622764053,25,75,29,36,existing,1277.1458622764053
26,26,70,30,2,existing,349.7123799462434,26,70,30,72,existing,209.85190390685455,26,70,30,231,allocated,201.29184096603436,26,86,30,122,existing,380.42696970541385,26,82,30,46,existing,404.04127534087877,26,77,30,47,existing,715.3842175830255,26,85,30,45,existing,502.47509313317795,26,76,30,67,existing,932.8472403444749,26,79,30,301,existing,1026.6633958830857,26,83,30,277,existing,947.4075050736997,26,78,30,301,existing,1026.6633958830857,26,84,30,36,existing,1127.7960449201344,26,75,30,36,existing,1127.7960449201344
27,27,70,31,2,existing,1224.8907307468735,27,70,31,153,existing,583.7464339526787,27,70,31,70,allocated,335.368886016146,27,79,31,301,existing,495.7847297226127,27,78,31,301,existing,495.7847297226127,27,86,31,122,existing,821.8855409682594,27,76,31,67,existing,641.9404993380926,27,82,31,46,existing,1149.2489867879976,27,85,31,45,existing,1050.8151689956985,27,77,31,47,existing,1460.5919290301445,27,83,31,277,existing,1692.6152165208186,27,84,31,36,existing,1873.0037563672531,27,75,31,36,existing,1873.0037563672531
28,28,70,32,2,existing,1249.6213941129586,28,70,32,153,existing,379.77314372916265,28,70,32,11,allocated,407.8992534316811,28,76,32,67,existing,437.9672091145766,28,79,32,301,existing,699.7580199461288,28,86,32,122,existing,900.7831798093546,28,78,32,301,existing,699.7580199461288,28,85,32,45,existing,1129.7128078367937,28,77,32,47,existing,1539.4895678712396,28,83,32,277,existing,1771.5128553619138,28,82,32,46,existing,1228.1466256290928,28,75,32,36,existing,1951.9013952083483,28,84,32,36,existing,1951.9013952083483
29,29,73,33,148,existing,687.9092435099999,29,73,33,96,existing,405.08882455064537,29,73,33,25,allocated,35.17148564300267,29,80,33,179,existing,853.27812957955,29,81,33,179,existing,853.27812957955,29,75,33,36,existing,907.1151794955879,29,77,33,47,existing,861.0902677758573,29,84,33,36,existing,907.1151794955879,29,82,33,46,existing,1172.433210018004,29,88,33,265,existing,1093.0089342524868,29,83,33,277,existing,917.7628114311681,29,85,33,45,existing,1270.8670278103034,29,87,33,140,existing,1337.3729525250967
30,30,69,34,177,existing,463.30389584521436,30,69,34,321,existing,469.4344667223876,30,69,34,308,allocated,110.07321980372558,30,81,34,179,existing,539.2080306516239,30,80,34,179,existing,539.2080306516239,30,87,34,140,existing,1025.4132189240477,30,88,34,265,existing,778.9388353245607,30,77,34,47,existing,1175.1603667037834,30,84,34,36,existing,1221.1852784235139,30,75,34,36,existing,1221.1852784235139,30,83,34,277,existing,1231.832910359094,30,82,34,46,existing,1486.5033089459303,30,85,34,45,existing,1584.9371267382294
31,31,73,35,148,existing,68.64907792678149,31,73,35,321,existing,753.4569218979764,31,73,35,236,allocated,134.92179603317985,31,77,35,47,existing,205.00977210775127,31,84,35,36,existing,207.40205522935744,31,75,35,36,existing,207.40205522935744,31,83,35,277,existing,218.04968716493758,31,80,35,179,existing,689.1042695809914,31,85,35,45,existing,614.7865321421973,31,81,35,179,existing,689.1042695809914,31,82,35,46,existing,516.3527143498981,31,86,35,122,existing,843.7161601696364,31,88,35,265,existing,928.8350742539283
32,32,71,36,36,existing,0.0,32,71,36,321,existing,960.8589771273339,32,71,36,36,existing,0.0,32,75,36,36,existing,0.0,32,84,36,36,existing,0.0,32,77,36,47,existing,412.4118273371087,32,83,36,277,existing,425.451742394295,32,82,36,46,existing,723.7547695792555,32,81,36,179,existing,896.5063248103488,32,80,36,179,existing,896.5063248103488,32,85,36,45,existing,822.1885873715547,32,86,36,122,existing,1051.118215398994,32,88,36,265,existing,1136.2371294832858
33,33,66,37,165,existing,275.49568386422254,33,66,37,232,existing,922.9831140732416,33,66,37,39,allocated,21.959107971534106,33,87,37,140,existing,425.5271028714517,33,88,37,265,existing,694.8709971122134,33,80,37,179,existing,934.6018017851502,33,81,37,179,existing,934.6018017851502,33,83,37,277,existing,1841.7557585310792,33,75,37,36,existing,1831.108126595499,33,84,37,36,existing,1831.108126595499,33,77,37,47,existing,1787.8535427684708,33,82,37,46,existing,2099.196485010618,33,85,37,45,existing,2197.630302802917
34,34,70,40,2,existing,1031.1526854035308,34,70,40,153,existing,551.9014220094491,34,70,40,70,allocated,141.6308406728032,34,79,40,301,existing,302.04668437926983,34,78,40,301,existing,302.04668437926983,34,76,40,67,existing,748.540723684492,34,86,40,122,existing,628.1474956249167,34,82,40,46,existing,955.5109414446549,34,85,40,45,existing,857.0771236523556,34,77,40,47,existing,1266.8538836868017,34,83,40,277,existing,1498.8771711774757,34,75,40,36,existing,1679.2657110239102,34,84,40,36,existing,1679.2657110239102
35,35,70,41,2,existing,1070.4696349862497,35,70,41,153,existing,512.5844724267301,35,70,41,70,allocated,180.94779025552214,35,79,41,301,existing,341.36363396198874,35,78,41,301,existing,341.36363396198874,35,86,41,122,existing,667.4644452076355,35,76,41,67,existing,709.2237741017731,35,85,41,45,existing,896.3940732350745,35,77,41,47,existing,1306.1708332695207,35,82,41,46,existing,994.8278910273739,35,83,41,277,existing,1538.1941207601947,35,84,41,36,existing,1718.5826606066291,35,75,41,36,existing,1718.5826606066291
36,36,70,45,2,existing,447.7620992361411,36,70,45,72,existing,385.1928371669894,36,70,45,45,allocated,0.0,36,85,45,45,existing,0.0,36,82,45,46,existing,98.43381779229924,36,86,45,122,existing,228.92962802743898,36,77,45,47,existing,409.77676003444606,36,75,45,36,existing,822.1885873715547,36,83,45,277,existing,641.8000475251201,36,78,45,301,existing,569.8966202676065,36,79,45,301,existing,569.8966202676065,36,76,45,67,existing,1162.6510340145533,36,84,45,36,existing,822.1885873715547
37,37,70,46,2,existing,349.32828144384195,37,70,46,72,existing,286.75901937469024,37,70,46,46,allocated,0.0,37,82,46,46,existing,0.0,37,85,46,45,existing,98.43381779229924,37,86,46,122,existing,327.3634458197382,37,77,46,47,existing,311.3429422421468,37,79,46,301,existing,668.3304380599056,37,83,46,277,existing,543.3662297328209,37,78,46,301,existing,668.3304380599056,37,84,46,36,existing,723.7547695792555,37,80,46,179,existing,1164.5946832254676,37,75,46,36,existing,723.7547695792555
38,38,73,48,148,existing,229.76533693477933,38,73,48,72,existing,720.2908590367645,38,73,48,48,existing,0.0,38,77,48,47,existing,122.18889741992746,38,83,48,277,existing,288.6076001595959,38,82,48,46,existing,433.5318396620743,38,84,48,36,existing,468.9961400060306,38,86,48,122,existing,760.8952854818125,38,81,48,179,existing,909.8360536522425,38,75,48,36,existing,468.9961400060306,38,85,48,45,existing,531.9656574543735,38,79,48,301,existing,1101.86227772198,38,80,48,179,existing,909.8360536522425
39,39,67,50,124,existing,657.0100706165322,39,67,50,232,existing,705.979014996939,39,67,50,124,allocated,657.0100706165322,39,87,50,140,existing,1513.8890585188385,39,88,50,265,existing,1769.2300213162696,39,80,50,179,existing,2008.9608259892066,39,81,50,179,existing,2008.9608259892066,39,77,50,47,existing,2848.956507016807,39,75,50,36,existing,2892.2110908438353,39,84,50,36,existing,2892.2110908438353,39,83,50,277,existing,2902.858722779415,39,82,50,46,existing,3160.2994492589537,39,85,50,45,existing,3258.7332670512533
40,40,67,51,124,existing,595.2434772974708,40,67,51,232,existing,644.2124216778776,40,67,51,124,allocated,595.2434772974708,40,87,51,140,existing,1479.7587789403542,40,88,51,265,existing,1735.0997417377857,40,80,51,179,existing,1974.8305464107225,40,81,51,179,existing,1974.8305464107225,40,77,51,47,existing,2814.8262274383223,40,75,51,36,existing,2858.080811265351,40,84,51,36,existing,2858.080811265351,40,83,51,277,existing,2868.728443200931,40,82,51,46,existing,3126.169169680469,40,85,51,45,existing,3224.6029874727687
41,41,73,52,148,existing,270.438510890134,41,73,52,72,existing,760.9640329921192,41,73,52,48,existing,40.673173955354706,41,77,52,47,existing,162.86207137528217,41,83,52,277,existing,329.2807741149506,41,82,52,46,existing,474.205013617429,41,75,52,36,existing,509.66931396138534,41,85,52,45,existing,572.6388314097283,41,84,52,36,existing,509.66931396138534,41,81,52,179,existing,950.5092276075973,41,86,52,122,existing,801.5684594371672,41,80,52,179,existing,950.5092276075973,41,79,52,301,existing,1142.5354516773348
42,42,70,54,2,existing,1399.434029907587,42,70,54,78,existing,486.3930636994628,42,70,54,107,existing,90.62291103104167,42,76,54,67,existing,182.5762972335214,42,78,54,301,existing,1099.8297986146658,42,86,54,122,existing,1116.2977032206356,42,79,54,301,existing,1099.8297986146658,42,77,54,47,existing,1613.1607403177513,42,82,54,46,existing,1443.6611490403739,42,83,54,277,existing,1835.3989736483588,42,85,54,45,existing,1345.2273312480747,42,84,54,36,existing,2015.7875134947933,42,75,54,36,existing,2015.7875134947933
43,43,74,56,138,existing,197.64993724159916,43,74,56,321,existing,420.5575595938843,43,74,56,137,allocated,138.4556574706725,43,88,56,265,existing,206.67203968498572,43,87,56,140,existing,413.35762897239397,43,80,56,179,existing,446.4028443579226,43,81,56,179,existing,446.4028443579226,43,77,56,47,existing,1286.398525385523,43,84,56,36,existing,1329.653109212551,43,75,56,36,existing,1329.653109212551,43,83,56,277,existing,1340.3007411481312,43,85,56,45,existing,1696.175285419969,43,82,56,46,existing,1597.7414676276699
44,44,73,59,148,existing,455.6054647240637,44,73,59,72,existing,660.8635758473088,44,73,59,230,allocated,148.7861093026357,44,77,59,47,existing,348.0290252092119,44,83,59,277,existing,514.4477279488804,44,75,59,36,existing,694.836267795315,44,82,59,46,existing,659.3719674513588,44,86,59,122,existing,831.4386416458681,44,85,59,45,existing,757.8057852436581,44,80,59,179,existing,1135.676181441527,44,84,59,36,existing,694.836267795315,44,79,59,301,existing,1327.7024055112643,44,81,59,179,existing,1135.676181441527
45,45,73,60,148,existing,364.9929237628177,45,73,60,72,existing,751.4761168085548,45,73,60,48,existing,135.22758682803843,45,77,60,47,existing,257.4164842479659,45,83,60,277,existing,423.83518698763436,45,82,60,46,existing,568.7594264901128,45,75,60,36,existing,604.223726834069,45,86,60,122,existing,896.122872309851,45,84,60,36,existing,604.223726834069,45,85,60,45,existing,667.193244282412,45,81,60,179,existing,1045.0636404802808,45,79,60,301,existing,1237.0898645500183,45,80,60,179,existing,1045.0636404802808
46,46,71,61,36,existing,120.16169566094959,46,71,61,321,existing,1081.0206727882835,46,71,61,36,existing,120.16169566094959,46,75,61,36,existing,120.16169566094959,46,84,61,36,existing,120.16169566094959,46,77,61,47,existing,532.5735229980583,46,83,61,277,existing,384.68060906768784,46,81,61,179,existing,1016.6680204712984,46,85,61,45,existing,942.3502830325043,46,82,61,46,existing,843.9164652402051,46,80,61,179,existing,1016.6680204712984,46,86,61,122,existing,1171.2799110599435,46,88,61,265,existing,1256.3988251442354
47,47,71,62,36,existing,231.7512990238958,47,71,62,321,existing,1192.6102761512298,47,71,62,331,allocated,50.14947657336145,47,84,62,36,existing,231.7512990238958,47,75,62,36,existing,231.7512990238958,47,77,62,47,existing,644.1631263610045,47,83,62,277,existing,418.3656922125932,47,80,62,179,existing,1128.2576238342447,47,85,62,45,existing,1053.9398863954505,47,82,62,46,existing,955.5060686031513,47,81,62,179,existing,1128.2576238342447,47,86,62,122,existing,1282.8695144228896,47,88,62,265,existing,1367.9884285071817
48,48,74,63,138,existing,562.4826995080466,48,74,63,232,existing,642.797959105048,48,74,63,137,allocated,503.28841973711997,48,88,63,265,existing,571.5048019514331,48,87,63,140,existing,777.47305952296,48,80,63,179,existing,811.23560662437,48,81,63,179,existing,811.23560662437,48,77,63,47,existing,1651.2312876519704,48,75,63,36,existing,1694.4858714789987,48,84,63,36,existing,1694.4858714789987,48,83,63,277,existing,1705.1335034145789,48,82,63,46,existing,1962.5742298941173,48,85,63,45,existing,2061.008047686417
49,49,66,64,165,existing,582.5971750683791,49,66,64,232,existing,508.2704993748484,49,66,64,227,allocated,455.2802629569713,49,88,64,265,existing,706.0322616816328,49,87,64,140,existing,723.0576410934907,49,80,64,179,existing,945.7630663545697,49,81,64,179,existing,945.7630663545697,49,84,64,36,existing,1829.0133312091984,49,83,64,277,existing,1839.6609631447786,49,77,64,47,existing,1785.75874738217,49,75,64,36,existing,1829.0133312091984,49,85,64,45,existing,2195.5355074166164,49,82,64,46,existing,2097.101689624317
50,50,67,65,124,existing,719.6726409194376,50,67,65,232,existing,768.6415852998445,50,67,65,124,allocated,719.6726409194376,50,87,65,140,existing,1604.187942562321,50,88,65,265,existing,1859.5289053597526,50,81,65,179,existing,2099.2597100326893,50,80,65,179,existing,2099.2597100326893,50,83,65,277,existing,2993.157606822898,50,75,65,36,existing,2982.5099748873176,50,84,65,36,existing,2982.5099748873176,50,77,65,47,existing,2939.255391060289,50,82,65,46,existing,3250.598333302436,50,85,65,45,existing,3349.0321510947356
51,51,70,66,2,existing,1331.4758089935272,51,70,66,78,existing,452.2453003640099,51,70,66,107,allocated,22.66469011698198,51,76,66,67,existing,114.61807631946171,51,79,66,301,existing,1031.871577700606,51,86,66,122,existing,1048.339482306576,51,78,66,301,existing,1031.871577700606,51,77,66,47,existing,1545.2025194036914,51,85,66,45,existing,1277.2691103340148,51,83,66,277,existing,1767.440752734299,51,82,66,46,existing,1375.7029281263144,51,84,66,36,existing,1947.8292925807334,51,75,66,36,existing,1947.8292925807334
52,52,70,67,2,existing,1282.5596202907184,52,70,67,78,existing,337.6272240445482,52,70,67,107,existing,137.2827664364437,52,76,67,67,existing,0.0,52,79,67,301,existing,917.2535013811444,52,78,67,301,existing,917.2535013811444,52,86,67,122,existing,933.7214059871143,52,77,67,47,existing,1572.4277940489994,52,82,67,46,existing,1261.0848518068526,52,83,67,277,existing,1804.4510815396736,52,85,67,45,existing,1162.6510340145533,52,75,67,36,existing,1984.839621386108,52,84,67,36,existing,1984.839621386108
53,53,66,68,165,existing,241.3796470603937,53,66,68,232,existing,635.7403558485921,53,66,68,68,allocated,0.0,53,87,68,140,existing,381.8401130855053,53,88,68,265,existing,642.6362125961033,53,80,68,179,existing,882.3670172690402,53,81,68,179,existing,882.3670172690402,53,84,68,36,existing,1765.6172821236687,53,75,68,36,existing,1765.6172821236687,53,77,68,47,existing,1722.3626982966405,53,83,68,277,existing,1776.264914059249,53,82,68,46,existing,2033.7056405387873,53,85,68,45,existing,2132.1394583310866
54,54,67,69,124,existing,355.8766671761281,54,67,69,232,existing,798.9965830236631,54,67,69,39,allocated,145.9456390211126,54,87,69,140,existing,549.5136339210302,54,88,69,265,existing,818.8575281617918,54,80,69,179,existing,1058.5883328347288,54,81,69,179,existing,1058.5883328347288,54,77,69,47,existing,1901.7342603113816,54,84,69,36,existing,1944.98884413841,54,75,69,36,existing,1944.98884413841,54,83,69,277,existing,1955.6364760739903,54,85,69,45,existing,2311.511020345828,54,82,69,46,existing,2213.0772025535284
55,55,70,70,2,existing,889.5218447307275,55,70,70,153,existing,414.8975466886746,55,70,70,70,allocated,0.0,55,79,70,301,existing,160.41584370646663,55,78,70,301,existing,160.41584370646663,55,86,70,122,existing,486.5166549521134,55,85,70,45,existing,715.4462829795523,55,82,70,46,existing,813.8801007718516,55,77,70,47,existing,1125.2230430139984,55,76,70,67,existing,756.8376576746776,55,83,70,277,existing,1357.2463305046726,55,75,70,36,existing,1537.634870351107,55,84,70,36,existing,1537.634870351107
56,56,70,71,2,existing,827.8447093157015,56,70,71,153,existing,353.2204112736485,56,70,71,70,allocated,61.67713541502612,56,79,71,301,existing,222.09297912149276,56,78,71,301,existing,222.09297912149276,56,86,71,122,existing,424.8395195370873,56,85,71,45,existing,653.7691475645262,56,76,71,67,existing,695.1605222596515,56,83,71,277,existing,1295.5691950896464,56,82,71,46,existing,752.2029653568255,56,77,71,47,existing,1063.5459075989725,56,75,71,36,existing,1475.957734936081,56,84,71,36,existing,1475.957734936081
57,57,70,73,2,existing,186.14530000972186,57,70,73,72,existing,46.284823970333,57,70,73,72,allocated,46.284823970333,57,86,73,122,existing,216.85988976889234,57,82,73,46,existing,240.4741954043572,57,77,73,47,existing,551.817137646504,57,85,73,45,existing,338.90801319665644,57,79,73,301,existing,863.0963159465643,57,84,73,36,existing,964.2289649836127,57,78,73,301,existing,863.0963159465643,57,83,73,277,existing,783.8404251371782,57,75,73,36,existing,964.2289649836127,57,76,73,67,existing,1096.4143202809964
58,58,70,74,2,existing,762.1458044060676,58,70,74,153,existing,287.8111643797622,58,70,74,11,allocated,86.72765901032227,58,86,74,122,existing,517.1916373219899,58,76,74,67,existing,527.565138619763,58,82,74,46,existing,816.4746998007029,58,85,74,45,existing,746.1212653494289,58,83,74,277,existing,1359.8409295335236,58,79,74,301,existing,835.4679684189421,58,78,74,301,existing,835.4679684189421,58,77,74,47,existing,1127.8176420428495,58,75,74,36,existing,1540.2294693799581,58,84,74,36,existing,1540.2294693799581
59,59,70,75,2,existing,558.0991531349156,59,70,75,72,existing,656.4896203087602,59,70,75,106,allocated,309.7016914579399,59,77,75,47,existing,530.7246840543335,59,83,75,277,existing,705.9469937809687,59,86,75,122,existing,827.0646861073195,59,82,75,46,existing,842.0676262964803,59,85,75,45,existing,940.5014440887795,59,75,75,36,existing,886.3355336274033,59,81,75,179,existing,1327.1754472736152,59,84,75,36,existing,886.3355336274033,59,76,75,67,existing,1363.237145566332,59,80,75,179,existing,1327.1754472736152
60,60,70,76,2,existing,718.5558113232679,60,70,76,72,existing,816.9462784971125,60,70,76,314,allocated,213.74122290435565,60,77,76,47,existing,691.1813422426858,60,83,76,277,existing,866.403651969321,60,86,76,122,existing,987.5213442956718,60,82,76,46,existing,1002.5242844848326,60,84,76,36,existing,1046.7921918157556,60,81,76,179,existing,1487.6321054619675,60,85,76,45,existing,1100.9581022771317,60,75,76,36,existing,1046.7921918157556,60,76,76,67,existing,1523.6938037546843,60,80,76,179,existing,1487.6321054619675
61,61,70,78,2,existing,1507.8898375233866,61,70,78,78,existing,0.0,61,70,78,107,allocated,474.9099904809919,61,76,78,67,existing,337.6272240445482,61,79,78,301,existing,1066.9533691195786,61,86,78,122,existing,1159.0516232197826,61,78,78,301,existing,1066.9533691195786,61,77,78,47,existing,1797.7580112816677,61,82,78,46,existing,1486.4150690395209,61,85,78,45,existing,1387.9812512472217,61,83,78,277,existing,2029.7812987723419,61,75,78,36,existing,2210.1698386187763,61,84,78,36,existing,2210.1698386187763
62,62,70,79,2,existing,1425.8543302550688,62,70,79,78,existing,82.03550726831789,62,70,79,107,existing,392.874483212674,62,76,79,67,existing,255.5917167762303,62,78,79,301,existing,984.9178618512608,62,86,79,122,existing,1077.0161159514646,62,79,79,301,existing,984.9178618512608,62,77,79,47,existing,1715.7225040133499,62,82,79,46,existing,1404.379561771203,62,83,79,277,existing,1947.745791504024,62,85,79,45,existing,1305.9457439789037,62,84,79,36,existing,2128.1343313504585,62,75,79,36,existing,2128.1343313504585
63,63,70,80,2,existing,1065.3102509231658,63,70,80,78,existing,718.4108584343714,63,70,80,107,existing,243.50086795337953,63,76,80,67,existing,380.7836343898232,63,86,80,122,existing,820.3560838390882,63,85,80,45,existing,1049.2857118665272,63,82,80,46,existing,1119.639146317801,63,83,80,277,existing,1584.214701688777,63,78,80,301,existing,1296.4082511738213,63,79,80,301,existing,1296.4082511738213,63,77,80,47,existing,1361.9764683581698,63,75,80,36,existing,1764.6032415352117,63,84,80,36,existing,1764.6032415352117
64,64,70,81,2,existing,1228.8763177298606,64,70,81,78,existing,279.01351979352603,64,70,81,11,allocated,387.15417704858305,64,76,81,67,existing,357.06663385797526,64,78,81,301,existing,787.9398493260526,64,86,81,122,existing,880.0381034262565,64,79,81,301,existing,787.9398493260526,64,82,81,46,existing,1207.4015492459948,64,83,81,277,existing,1750.7677789788158,64,77,81,47,existing,1518.7444914881416,64,85,81,45,existing,1108.9677314536955,64,75,81,36,existing,1931.1563188252503,64,84,81,36,existing,1931.1563188252503
65,65,70,82,2,existing,1301.4820213752582,65,70,82,78,existing,294.7980036973175,65,70,82,107,allocated,421.74369664902144,65,76,82,67,existing,284.46093021257775,65,78,82,301,existing,860.5455529714501,65,86,82,122,existing,952.643807071654,65,79,82,301,existing,860.5455529714501,65,83,82,277,existing,1823.3734826242135,65,77,82,47,existing,1591.3501951335393,65,82,82,46,existing,1280.0072528913925,65,85,82,45,existing,1181.573435099093,65,84,82,36,existing,2003.762022470648,65,75,82,36,existing,2003.762022470648
66,66,73,83,148,existing,183.78077975667216,66,73,83,321,existing,560.6425892777759,66,73,83,83,allocated,0.0,66,77,83,47,existing,356.9618040225296,66,84,83,36,existing,400.2163878495578,66,83,83,277,existing,410.86401978513794,66,75,83,36,existing,400.2163878495578,66,82,83,46,existing,668.3047462646764,66,80,83,179,existing,781.5744121872513,66,81,83,179,existing,781.5744121872513,66,85,83,45,existing,766.7385640569757,66,86,83,122,existing,995.6681920844146,66,88,83,265,existing,1021.3052168601881
67,67,73,85,148,existing,322.8920168810087,67,73,85,321,existing,421.53135215343934,67,73,85,200,allocated,20.208089268368273,67,77,85,47,existing,496.0730411468662,67,75,85,36,existing,539.3276249738944,67,83,85,277,existing,549.9752569094745,67,84,85,36,existing,539.3276249738944,67,80,85,179,existing,766.7024315986584,67,82,85,46,existing,807.415983389013,67,81,85,179,existing,766.7024315986584,67,85,85,45,existing,905.8498011813123,67,86,85,122,existing,1134.7794292087513,67,88,85,265,existing,1006.4332362715953
68,68,73,88,148,existing,881.2157858334117,68,73,88,96,existing,496.93109126194094,68,73,88,90,allocated,77.73247220577372,68,80,88,179,existing,980.3848629573881,68,81,88,179,existing,980.3848629573881,68,75,88,36,existing,1100.4217218189997,68,77,88,47,existing,1054.3968100992693,68,82,88,46,existing,1365.739752341416,68,83,88,277,existing,1111.0693537545799,68,84,88,36,existing,1100.4217218189997,68,88,88,265,existing,1220.115667630325,68,85,88,45,existing,1464.1735701337152,68,87,88,140,existing,1429.2152192363922
69,69,73,89,148,existing,704.257314161863,69,73,89,96,existing,388.7407538987823,69,73,89,25,allocated,18.82341499113966,69,81,89,179,existing,869.626200231413,69,80,89,179,existing,869.626200231413,69,75,89,36,existing,923.4632501474509,69,77,89,47,existing,877.4383384277204,69,83,89,277,existing,934.1108820830311,69,84,89,36,existing,923.4632501474509,69,82,89,46,existing,1188.781280669867,69,88,89,265,existing,1109.3570049043499,69,85,89,45,existing,1287.2150984621665,69,87,89,140,existing,1321.0248818732337
70,70,73,91,148,existing,881.03337305647,70,73,91,96,existing,565.5168127933896,70,73,91,91,allocated,0.0,70,80,91,179,existing,1046.4022591260202,70,81,91,179,existing,1046.4022591260202,70,75,91,36,existing,1100.239309042058,70,77,91,47,existing,1054.2143973223276,70,82,91,46,existing,1365.5573395644742,70,88,91,265,existing,1286.1330637989572,70,84,91,36,existing,1100.239309042058,70,83,91,277,existing,1110.8869409776382,70,85,91,45,existing,1463.9911573567738,70,87,91,140,existing,1497.800940767841
71,71,69,93,177,existing,594.1074299019803,71,69,93,96,existing,186.5577930129424,71,69,93,96,allocated,186.5577930129424,71,81,93,179,existing,670.0115647083896,71,80,93,179,existing,670.0115647083896,71,77,93,47,existing,1079.6212993135603,71,88,93,265,existing,909.7423693813266,71,83,93,277,existing,1136.2938429688709,71,84,93,36,existing,1125.6462110332907,71,87,93,140,existing,1118.8419209873937,71,75,93,36,existing,1125.6462110332907,71,85,93,45,existing,1489.3980593480064,71,82,93,46,existing,1390.9642415557068
72,72,69,94,177,existing,480.07298023542825,72,69,94,96,existing,72.5233433463904,72,69,94,96,allocated,72.5233433463904,72,80,94,179,existing,555.9771150418377,72,81,94,179,existing,555.9771150418377,72,87,94,140,existing,1004.8074713208418,72,88,94,265,existing,795.7079197147746,72,75,94,36,existing,1239.6806606998427,72,83,94,277,existing,1250.328292635423,72,77,94,47,existing,1193.6557489801123,72,84,94,36,existing,1239.6806606998427,72,85,94,45,existing,1603.4325090145585,72,82,94,46,existing,1504.998691222259
73,73,69,95,177,existing,417.31551453936805,73,69,95,96,existing,9.765877650330184,73,69,95,96,allocated,9.765877650330184,73,80,95,179,existing,493.2196493457775,73,81,95,179,existing,493.2196493457775,73,87,95,140,existing,942.0500056247815,73,88,95,265,existing,732.9504540187144,73,84,95,36,existing,1302.438126395903,73,77,95,47,existing,1256.4132146761726,73,75,95,36,existing,1302.438126395903,73,83,95,277,existing,1313.0857583314832,73,85,95,45,existing,1666.1899747106186,73,82,95,46,existing,1567.7561569183194
74,74,69,97,177,existing,400.22136467772646,74,69,97,321,existing,406.3519355548997,74,69,97,308,allocated,173.1557509712136,74,80,97,179,existing,476.12549948413584,74,81,97,179,existing,476.12549948413584,74,87,97,140,existing,962.3306877565599,74,88,97,265,existing,715.8563041570728,74,84,97,36,existing,1284.2678095910019,74,77,97,47,existing,1238.2428978712715,74,75,97,36,existing,1284.2678095910019,74,83,97,277,existing,1294.915441526582,74,85,97,45,existing,1648.0196579057174,74,82,97,46,existing,1549.5858401134183
75,75,69,98,177,existing,348.9524051369923,75,69,98,321,existing,355.0829760141655,75,69,98,325,allocated,127.17703698202676,75,80,98,179,existing,424.8565399434017,75,81,98,179,existing,424.8565399434017,75,87,98,140,existing,911.0617282158257,75,88,98,265,existing,664.5873446163387,75,84,98,36,existing,1264.1785256328324,75,83,98,277,existing,1274.8261575684126,75,75,98,36,existing,1264.1785256328324,75,77,98,47,existing,1220.9239418058041,75,82,98,46,existing,1532.266884047951,75,85,98,45,existing,1630.7007018402503
76,76,70,103,2,existing,1094.8460578286167,76,70,103,153,existing,615.5947944345352,76,70,103,70,allocated,205.32421309788927,76,79,103,301,existing,365.7400568043559,76,78,103,301,existing,365.7400568043559,76,86,103,122,existing,691.8408680500027,76,76,103,67,existing,771.9851722563494,76,85,103,45,existing,920.7704960774415,76,82,103,46,existing,1019.2043138697409,76,77,103,47,existing,1330.5472561118877,76,83,103,277,existing,1562.5705436025619,76,75,103,36,existing,1742.9590834489964,76,84,103,36,existing,1742.9590834489964
77,77,70,104,2,existing,1082.4941054487267,77,70,104,153,existing,603.242842054645,77,70,104,70,allocated,192.97226071799918,77,79,104,301,existing,353.38810442446584,77,78,104,301,existing,353.38810442446584,77,76,104,67,existing,784.3371246362395,77,86,104,122,existing,679.4889156701126,77,82,104,46,existing,1006.8523614898509,77,77,104,47,existing,1318.1953037319977,77,85,104,45,existing,908.4185436975515,77,83,104,277,existing,1550.2185912226719,77,75,104,36,existing,1730.6071310691063,77,84,104,36,existing,1730.6071310691063
78,78,70,105,2,existing,634.4595722547022,78,70,105,72,existing,732.8500394285468,78,70,105,106,allocated,46.21596204461377,78,77,105,47,existing,593.6464027944334,78,83,105,277,existing,760.0651055341019,78,86,105,122,existing,903.4251052271061,78,82,105,46,existing,904.9893450365802,78,75,105,36,existing,940.4536453805365,78,84,105,36,existing,940.4536453805365,78,80,105,179,existing,1381.2935590267484,78,85,105,45,existing,1003.4231628288795,78,81,105,179,existing,1381.2935590267484,78,76,105,67,existing,1439.5975646861184
79,79,70,106,2,existing,680.6755342993159,79,70,106,72,existing,779.0660014731606,79,70,106,106,allocated,0.0,79,77,106,47,existing,639.8623648390471,79,83,106,277,existing,806.2810675787157,79,86,106,122,existing,949.6410672717199,79,82,106,46,existing,951.205307081194,79,75,106,36,existing,986.6696074251503,79,85,106,45,existing,1049.6391248734933,79,80,106,179,existing,1427.509521071362,79,84,106,36,existing,986.6696074251503,79,81,106,179,existing,1427.509521071362,79,76,106,67,existing,1485.813526730732
80,80,70,108,2,existing,1237.107452683435,80,70,108,78,existing,546.6136566741022,80,70,108,107,allocated,71.70366619311025,80,76,108,67,existing,208.98643262955395,80,86,108,122,existing,992.1532855993576,80,78,108,301,existing,1124.611049413552,80,79,108,301,existing,1124.611049413552,80,82,108,46,existing,1291.4363480780703,80,85,108,45,existing,1221.0829136267967,80,83,108,277,existing,1673.0723964242068,80,77,108,47,existing,1450.8341630935993,80,75,108,36,existing,1853.4609362706412,80,84,108,36,existing,1853.4609362706412
81,81,70,109,2,existing,1276.1334771694596,81,70,109,78,existing,231.75636035392694,81,70,109,11,allocated,434.41133648818214,81,76,109,67,existing,404.32379329757435,81,78,109,301,existing,835.1970087656516,81,79,109,301,existing,835.1970087656516,81,86,109,122,existing,927.2952628658556,81,85,109,45,existing,1156.2248908932947,81,77,109,47,existing,1566.0016509277407,81,83,109,277,existing,1798.0249384184149,81,82,109,46,existing,1254.6587086855939,81,75,109,36,existing,1978.4134782648493,81,84,109,36,existing,1978.4134782648493
82,82,70,110,2,existing,1135.088255525224,82,70,110,153,existing,265.240005141428,82,70,110,11,allocated,293.36611484394643,82,76,110,67,existing,323.434070526842,82,78,110,301,existing,694.151787121416,82,86,110,122,existing,786.25004122162,82,79,110,301,existing,694.151787121416,82,82,110,46,existing,1113.6134870413582,82,77,110,47,existing,1424.956429283505,82,83,110,277,existing,1656.9797167741792,82,85,110,45,existing,1015.179669249059,82,75,110,36,existing,1837.3682566206137,82,84,110,36,existing,1837.3682566206137
83,83,70,111,2,existing,1015.6994592468527,83,70,111,153,existing,145.8512088630567,83,70,111,11,allocated,173.97731856557513,83,76,111,67,existing,342.4905105380997,83,78,111,301,existing,574.7629908430447,83,86,111,122,existing,666.8612449432486,83,79,111,301,existing,574.7629908430447,83,82,111,46,existing,994.2246907629869,83,83,111,277,existing,1537.590920495808,83,77,111,47,existing,1305.5676330051338,83,85,111,45,existing,895.7908729706876,83,75,111,36,existing,1717.9794603422424,83,84,111,36,existing,1717.9794603422424
84,84,70,112,2,existing,272.6475881781394,84,70,112,72,existing,326.5283333859389,84,70,112,2,allocated,272.6475881781394,84,86,112,122,existing,497.1033991844982,84,82,112,46,existing,516.4393290570893,84,85,112,45,existing,614.8731468493884,84,77,112,47,existing,626.544737079643,84,84,112,36,existing,1029.171510256685,84,75,112,36,existing,1029.171510256685,84,76,112,67,existing,1049.5236698235592,84,83,112,277,existing,848.7829704102505,84,78,112,301,existing,1143.3398253621701,84,79,112,301,existing,1143.3398253621701
85,85,70,113,2,existing,144.6665437101269,85,70,113,72,existing,271.5601271252897,85,70,113,2,allocated,144.6665437101269,85,82,113,46,existing,388.4582845890767,85,86,113,122,existing,442.135192923849,85,85,113,45,existing,486.89210238137593,85,77,113,47,existing,699.8012268312235,85,78,113,301,existing,1056.7887226489825,85,83,113,277,existing,931.8245143218976,85,79,113,301,existing,1056.7887226489825,85,84,113,36,existing,1112.2130541683323,85,76,113,67,existing,1177.5047142915719,85,75,113,36,existing,1112.2130541683323
86,86,70,114,2,existing,804.5749686766502,86,70,114,72,existing,683.1840834342333,86,70,114,220,allocated,409.8813173261326,86,86,114,122,existing,634.9911233521924,86,76,114,67,existing,656.2987537202143,86,82,114,46,existing,877.3734548682576,86,85,114,45,existing,863.9207513796314,86,77,114,47,existing,1003.5218420029389,86,79,114,301,existing,1247.9801643563246,86,83,114,277,existing,1225.7600753335464,86,78,114,301,existing,1247.9801643563246,86,75,114,36,existing,1406.148615179981,86,84,114,36,existing,1406.148615179981
87,87,70,115,2,existing,782.9725181620765,87,70,115,72,existing,661.5816329196596,87,70,115,220,allocated,431.4837678407063,87,86,115,122,existing,656.5935738667662,87,76,115,67,existing,677.901204234788,87,82,115,46,existing,855.7710043536838,87,85,115,45,existing,885.5232018942052,87,83,115,277,existing,1204.1576248189726,87,77,115,47,existing,981.9193914883652,87,79,115,301,existing,1269.5826148708984,87,78,115,301,existing,1269.5826148708984,87,75,115,36,existing,1384.5461646654073,87,84,115,36,existing,1384.5461646654073
88,88,69,116,177,existing,705.2677749472437,88,69,116,96,existing,297.71813805820574,88,69,116,90,allocated,268.85355046701926,88,81,116,179,existing,781.1719097536532,88,80,116,179,existing,781.1719097536532,88,87,116,140,existing,1230.0022660326572,88,88,116,265,existing,1020.9027144265899,88,77,116,47,existing,1245.5178883605147,88,75,116,36,existing,1291.5428000802451,88,84,116,36,existing,1291.5428000802451,88,83,116,277,existing,1302.1904320158253,88,85,116,45,existing,1655.2946483949609,88,82,116,46,existing,1556.8608306026615
89,89,69,117,177,existing,568.2933482262702,89,69,117,96,existing,160.74371133723224,89,69,117,96,allocated,160.74371133723224,89,81,117,179,existing,644.1974830326795,89,80,117,179,existing,644.1974830326795,89,88,117,265,existing,883.9282877056164,89,87,117,140,existing,1093.0278393116837,89,75,117,36,existing,1327.9010286906846,89,84,117,36,existing,1327.9010286906846,89,77,117,47,existing,1281.8761169709542,89,83,117,277,existing,1338.5486606262648,89,82,117,46,existing,1593.219059213101,89,85,117,45,existing,1691.6528770054001
90,90,70,118,2,existing,147.4996930246033,90,70,118,72,existing,84.93043095545158,90,70,118,72,allocated,84.93043095545158,90,82,118,46,existing,201.82858841923863,90,86,118,122,existing,255.50549675401092,90,77,118,47,existing,513.1715306613854,90,85,118,45,existing,300.26240621153784,90,79,118,301,existing,870.1590264791442,90,75,118,36,existing,925.5833579984942,90,78,118,301,existing,870.1590264791442,90,83,118,277,existing,745.1948181520595,90,84,118,36,existing,925.5833579984942,90,76,118,67,existing,1135.059927266115
91,91,70,119,2,existing,932.0189653895025,91,70,119,153,existing,752.3970352703774,91,70,119,107,allocated,376.79215348704287,91,76,119,67,existing,514.0749199234865,91,86,119,122,existing,687.0647983054249,91,82,119,46,existing,986.3478607841379,91,85,119,45,existing,915.9944263328639,91,83,119,277,existing,1450.923416155114,91,78,119,301,existing,1300.0538393095571,91,79,119,301,existing,1300.0538393095571,91,77,119,47,existing,1228.6851828245062,91,75,119,36,existing,1631.3119560015484,91,84,119,36,existing,1631.3119560015484
92,92,70,120,2,existing,864.9749470898946,92,70,120,153,existing,685.3530169707694,92,70,120,220,allocated,394.91097397975716,92,76,120,67,existing,581.1189382230945,92,86,120,122,existing,620.020780005817,92,82,120,46,existing,919.30384248453,92,85,120,45,existing,848.950408033256,92,79,120,301,existing,1233.0098210099493,92,83,120,277,existing,1383.8793978555059,92,78,120,301,existing,1233.0098210099493,92,77,120,47,existing,1161.6411645248986,92,75,120,36,existing,1564.2679377019406,92,84,120,36,existing,1564.2679377019406
93,93,70,121,2,existing,441.02853618615967,93,70,121,72,existing,539.4190033600044,93,70,121,106,allocated,239.64699811315626,93,77,121,47,existing,413.65406710557755,93,83,121,277,existing,635.8923004361851,93,86,121,122,existing,709.9940691585637,93,82,121,46,existing,724.9970093477243,93,76,121,67,existing,1246.1665286175758,93,75,121,36,existing,816.2808402826197,93,85,121,45,existing,823.4308271400237,93,84,121,36,existing,816.2808402826197,93,81,121,179,existing,1257.1207539288316,93,80,121,179,existing,1257.1207539288316
94,94,70,122,2,existing,403.0051897786142,94,70,122,72,existing,170.57506579855934,94,70,122,122,allocated,0.0,94,86,122,122,existing,0.0,94,85,122,45,existing,228.92962802743898,94,77,122,47,existing,638.706388061885,94,82,122,46,existing,327.3634458197382,94,78,122,301,existing,646.236426177672,94,79,122,301,existing,646.236426177672,94,76,122,67,existing,933.7214059871143,94,83,122,277,existing,870.7296755525592,94,75,122,36,existing,1051.118215398994,94,84,122,36,existing,1051.118215398994
95,95,67,123,124,existing,227.66036866763352,95,67,123,232,existing,276.62931304804033,95,67,123,124,allocated,227.66036866763352,95,87,123,140,existing,1112.175670310517,95,88,123,265,existing,1367.5166331079483,95,80,123,179,existing,1607.247437780885,95,81,123,179,existing,1607.247437780885,95,75,123,36,existing,2490.4977026355136,95,83,123,277,existing,2501.145334571094,95,84,123,36,existing,2490.4977026355136,95,77,123,47,existing,2447.2431188084856,95,85,123,45,existing,2857.0198788429316,95,82,123,46,existing,2758.5860610506325
96,96,67,124,124,existing,0.0,96,67,124,232,existing,460.8821720573472,96,67,124,124,allocated,0.0,96,87,124,140,existing,884.5209482277497,96,88,124,265,existing,1145.3170477383478,96,80,124,179,existing,1385.0478524112848,96,81,124,179,existing,1385.0478524112848,96,75,124,36,existing,2268.298117265913,96,83,124,277,existing,2278.9457492014935,96,84,124,36,existing,2268.298117265913,96,77,124,47,existing,2225.043533438885,96,85,124,45,existing,2634.820293473331,96,82,124,46,existing,2536.3864756810317
97,97,67,125,124,existing,398.60939226468736,97,67,125,232,existing,105.68028945098652,97,67,125,124,allocated,398.60939226468736,97,87,125,140,existing,941.2266467134632,97,88,125,265,existing,1196.5676095108945,97,80,125,179,existing,1436.2984141838313,97,81,125,179,existing,1436.2984141838313,97,83,125,277,existing,2330.19631097404,97,77,125,47,existing,2276.2940952114313,97,84,125,36,existing,2319.54867903846,97,75,125,36,existing,2319.54867903846,97,85,125,45,existing,2686.0708552458777,97,82,125,46,existing,2587.637037453578
98,98,73,126,148,existing,41.138542143442095,98,73,126,321,existing,703.284826891006,98,73,126,83,allocated,142.64223761323007,98,77,126,47,existing,214.31956640929954,98,75,126,36,existing,257.57415023632774,98,84,126,36,existing,257.57415023632774,98,83,126,277,existing,268.2217821719079,98,85,126,45,existing,624.0963264437456,98,80,126,179,existing,638.9321745740211,98,81,126,179,existing,638.9321745740211,98,82,126,46,existing,525.6625086514464,98,86,126,122,existing,853.0259544711846,98,88,126,265,existing,878.662979246958
99,99,74,128,138,existing,736.3968500268704,99,74,128,232,existing,816.7121096238718,99,74,128,137,allocated,677.2025702559437,99,88,128,265,existing,745.418952470257,99,87,128,140,existing,951.3872100417838,99,81,128,179,existing,985.1497571431938,99,80,128,179,existing,985.1497571431938,99,84,128,36,existing,1868.4000219978225,99,75,128,36,existing,1868.4000219978225,99,83,128,277,existing,1879.0476539334027,99,77,128,47,existing,1825.145438170794,99,85,128,45,existing,2234.9221982052404,99,82,128,46,existing,2136.488380412941
100,100,66,129,165,existing,752.1155319356085,100,66,129,232,existing,677.7888562420778,100,66,129,227,allocated,624.7986198242007,100,88,129,265,existing,875.5506185488622,100,87,129,140,existing,892.5759979607201,100,81,129,179,existing,1115.281423221799,100,80,129,179,existing,1115.281423221799,100,75,129,36,existing,1998.5316880764276,100,83,129,277,existing,2009.1793200120078,100,77,129,47,existing,1955.2771042493996,100,84,129,36,existing,1998.5316880764276,100,82,129,46,existing,2266.6200464915464,100,85,129,45,existing,2365.0538642838455
101,101,70,130,2,existing,875.7632101115694,101,70,130,72,existing,754.3723248691524,101,70,130,107,existing,447.82774584885146,101,76,130,67,existing,585.1105122852952,101,86,130,122,existing,706.1793647871116,101,82,130,46,existing,948.5616963031766,101,85,130,45,existing,935.1089928145506,101,79,130,301,existing,1319.168405791244,101,83,130,277,existing,1296.9483167684657,101,78,130,301,existing,1319.168405791244,101,77,130,47,existing,1074.710083437858,101,75,130,36,existing,1477.3368566149002,101,84,130,36,existing,1477.3368566149002
102,102,70,131,2,existing,1422.2978763079318,102,70,131,78,existing,173.98214876464397,102,70,131,107,allocated,300.9278417163479,102,76,131,67,existing,163.64507527990423,102,78,131,301,existing,981.3614079041237,102,86,131,122,existing,1073.4596620043276,102,79,131,301,existing,981.3614079041237,102,83,131,277,existing,1944.189337556887,102,85,131,45,existing,1302.3892900317667,102,77,131,47,existing,1712.1660500662128,102,82,131,46,existing,1400.823107824066,102,75,131,36,existing,2124.5778774033215,102,84,131,36,existing,2124.5778774033215
103,103,70,132,2,existing,985.65173627951,103,70,132,78,existing,798.0693730780272,103,70,132,107,existing,323.15938259703523,103,76,132,67,existing,460.4421490334789,103,86,132,122,existing,740.6975691954326,103,85,132,45,existing,969.6271972228716,103,82,132,46,existing,1039.9806316741453,103,78,132,301,existing,1353.686610199565,103,77,132,47,existing,1282.3179537145138,103,83,132,277,existing,1504.5561870451215,103,79,132,301,existing,1353.686610199565,103,75,132,36,existing,1684.944726891556,103,84,132,36,existing,1684.944726891556
104,104,66,133,165,existing,172.4838574075068,104,66,133,321,existing,553.5194392805679,104,66,133,135,existing,84.43732753420161,104,87,133,140,existing,280.39574928571045,104,88,133,265,existing,339.60295162013927,104,81,133,179,existing,579.3337562930761,104,80,133,179,existing,579.3337562930761,104,77,133,47,existing,1419.3604050722065,104,83,133,277,existing,1473.262620834815,104,84,133,36,existing,1462.6149888992347,104,75,133,36,existing,1462.6149888992347,104,85,133,45,existing,1829.1371651066527,104,82,133,46,existing,1730.7033473143533
105,105,66,134,165,existing,57.29580215833032,105,66,134,321,existing,668.7074945297444,105,66,134,136,allocated,43.5100245631072,105,87,134,140,existing,165.20769403653395,105,88,134,265,existing,434.55158827729565,105,80,134,179,existing,674.2823929502325,105,81,134,179,existing,674.2823929502325,105,75,134,36,existing,1570.7887177605812,105,83,134,277,existing,1581.4363496961614,105,84,134,36,existing,1570.7887177605812,105,77,134,47,existing,1527.534133933553,105,82,134,46,existing,1838.8770761757,105,85,134,45,existing,1937.3108939679992
106,106,66,135,165,existing,197.47615846343035,106,66,135,321,existing,637.9567668147695,106,66,135,135,existing,0.0,106,87,135,140,existing,305.38805034163397,106,88,135,265,existing,424.04027915434085,106,81,135,179,existing,663.7710838272777,106,80,135,179,existing,663.7710838272777,106,83,135,277,existing,1557.6999483690165,106,77,135,47,existing,1503.797732606408,106,84,135,36,existing,1547.0523164334363,106,75,135,36,existing,1547.0523164334363,106,82,135,46,existing,1815.140674848555,106,85,135,45,existing,1913.5744926408543
107,107,66,136,165,existing,100.80582672143751,107,66,136,321,existing,712.2175190928516,107,66,136,136,allocated,0.0,107,87,136,140,existing,208.71771859964116,107,88,136,265,existing,478.06161284040286,107,80,136,179,existing,717.7924175133397,107,81,136,179,existing,717.7924175133397,107,83,136,277,existing,1624.9463742592686,107,77,136,47,existing,1571.0441584966602,107,84,136,36,existing,1614.2987423236884,107,75,136,36,existing,1614.2987423236884,107,85,136,45,existing,1980.8209185311064,107,82,136,46,existing,1882.387100738807
108,108,74,137,138,existing,66.1750944663948,108,74,137,321,existing,420.0950275658015,108,74,137,137,allocated,0.0,108,88,137,265,existing,271.39331930172784,108,80,137,179,existing,447.3864857168606,108,87,137,140,existing,540.7372135424896,108,81,137,179,existing,447.3864857168606,108,77,137,47,existing,1285.93599335744,108,75,137,36,existing,1329.1905771844683,108,83,137,277,existing,1339.8382091200485,108,84,137,36,existing,1329.1905771844683,108,85,137,45,existing,1695.7127533918863,108,82,137,46,existing,1597.278935599587
109,109,74,138,138,existing,0.0,109,74,138,321,existing,486.27012203219624,109,74,138,138,allocated,0.0,109,88,138,265,existing,205.21822483533305,109,80,138,179,existing,444.9490295082699,109,87,138,140,existing,474.56211907609475,109,81,138,179,existing,444.9490295082699,109,75,138,36,existing,1341.4553543186187,109,77,138,47,existing,1298.2007704915904,109,84,138,36,existing,1341.4553543186187,109,83,138,277,existing,1352.1029862541989,109,85,138,45,existing,1707.9775305260366,109,82,138,46,existing,1609.5437127337373
110,110,73,141,148,existing,352.28951410945217,110,73,141,321,existing,623.031497730282,110,73,141,293,allocated,157.52472574013584,110,77,141,47,existing,418.26110392412477,110,83,141,277,existing,584.6798066637932,110,75,141,36,existing,628.3406472655911,110,84,141,36,existing,628.3406472655911,110,85,141,45,existing,828.0378639585709,110,82,141,46,existing,729.6040461662717,110,80,141,179,existing,957.1637766238116,110,81,141,179,existing,957.1637766238116,110,86,141,122,existing,1056.96749198601,110,88,141,265,existing,1196.8945812967484
111,111,70,146,2,existing,473.2165716738513,111,70,146,72,existing,240.78644769379642,111,70,146,146,allocated,0.0,111,86,146,122,existing,70.21138189523708,111,85,146,45,existing,158.7182461322019,111,82,146,46,existing,257.15206392450114,111,77,146,47,existing,568.495006166648,111,83,146,277,existing,800.5182936573221,111,78,146,301,existing,716.4478080729091,111,79,146,301,existing,716.4478080729091,111,75,146,36,existing,980.9068335037567,111,76,146,67,existing,1003.9327878823515,111,84,146,36,existing,980.9068335037567
112,112,70,147,2,existing,1510.8930168586705,112,70,147,78,existing,167.0741938719196,112,70,147,107,existing,477.91316981627574,112,76,147,67,existing,340.63040337983205,112,78,147,301,existing,970.5281933906127,112,79,147,301,existing,970.5281933906127,112,86,147,122,existing,1162.0548025550665,112,83,147,277,existing,2032.7844781076258,112,82,147,46,existing,1489.4182483748048,112,77,147,47,existing,1800.7611906169516,112,85,147,45,existing,1390.9844305825054,112,84,147,36,existing,2213.17301795406,112,75,147,36,existing,2213.17301795406
113,113,73,149,148,existing,98.72785910125883,113,73,149,321,existing,683.3413605772234,113,73,149,48,existing,210.6111088423144,113,77,149,47,existing,271.9088833671163,113,83,149,277,existing,356.9059630148799,113,84,149,36,existing,374.77899225739776,113,75,149,36,existing,374.77899225739776,113,80,149,179,existing,778.798575818722,113,81,149,179,existing,778.798575818722,113,85,149,45,existing,681.6856434015623,113,82,149,46,existing,583.251825609263,113,86,149,122,existing,910.6152714290013,113,88,149,265,existing,1018.5293804916589
114,114,70,150,2,existing,651.3513283396582,114,70,150,72,existing,688.8819048627112,114,70,150,106,allocated,449.96979026665474,114,77,150,47,existing,623.976859259076,114,83,150,277,existing,846.2150925896835,114,82,150,46,existing,883.0712762967354,114,86,150,122,existing,859.4569706612705,114,85,150,45,existing,981.5050940890346,114,76,150,67,existing,1035.8437364640772,114,75,150,36,existing,1026.6036324361182,114,84,150,36,existing,1026.6036324361182,114,81,150,179,existing,1467.4435460823302,114,80,150,179,existing,1467.4435460823302
115,115,70,153,2,existing,869.8482503837959,115,70,153,153,existing,0.0,115,70,153,11,allocated,201.0835053694399,115,76,153,67,existing,412.71136990692236,115,86,153,122,existing,521.010036080192,115,78,153,301,existing,574.6173179142331,115,79,153,301,existing,574.6173179142331,115,83,153,277,existing,1391.739711632751,115,77,153,47,existing,1159.716424142077,115,82,153,46,existing,848.3734818999302,115,85,153,45,existing,749.939664107631,115,75,153,36,existing,1572.1282514791856,115,84,153,36,existing,1572.1282514791856
116,116,70,154,2,existing,723.4927661646,116,70,154,153,existing,248.86846812254706,116,70,154,154,allocated,0.0,116,86,154,122,existing,320.48757638598585,116,79,154,301,existing,325.7488497916861,116,85,154,45,existing,549.4172044134248,116,78,154,301,existing,325.7488497916861,116,77,154,47,existing,959.1939644478709,116,76,154,67,existing,661.5798380294694,116,82,154,46,existing,647.8510222057241,116,83,154,277,existing,1191.2172519385451,116,84,154,36,existing,1371.6057917849796,116,75,154,36,existing,1371.6057917849796
117,117,70,155,2,existing,745.8629645684503,117,70,155,153,existing,271.2386665263972,117,70,155,154,allocated,22.370198403850168,117,79,155,301,existing,303.37865138783593,117,78,155,301,existing,303.37865138783593,117,86,155,122,existing,342.857774789836,117,85,155,45,existing,571.7874028172749,117,77,155,47,existing,981.5641628517211,117,83,155,277,existing,1213.5874503423952,117,76,155,67,existing,640.7180056628954,117,82,155,46,existing,670.2212206095743,117,84,155,36,existing,1393.9759901888297,117,75,155,36,existing,1393.9759901888297
118,118,70,156,2,existing,1374.5110145266833,118,70,156,78,existing,405.10654140776853,118,70,156,11,allocated,532.7888738454058,118,76,156,67,existing,502.7013306547979,118,78,156,301,existing,732.4958458547637,118,79,156,301,existing,732.4958458547637,118,86,156,122,existing,1025.6728002230793,118,85,156,45,existing,1254.6024282505182,118,77,156,47,existing,1664.3791882849644,118,83,156,277,existing,1896.4024757756385,118,82,156,46,existing,1353.0362460428175,118,75,156,36,existing,2076.791015622073,118,84,156,36,existing,2076.791015622073
119,119,71,157,36,existing,172.3230426127257,119,71,157,321,existing,1133.1820197400596,119,71,157,36,existing,172.3230426127257,119,84,157,36,existing,172.3230426127257,119,75,157,36,existing,172.3230426127257,119,83,157,277,existing,597.7747850070207,119,77,157,47,existing,584.7348699498344,119,80,157,179,existing,911.8933119003715,119,81,157,179,existing,911.8933119003715,119,82,157,46,existing,896.0778121919811,119,85,157,45,existing,994.5116299842805,119,86,157,122,existing,1223.4412580117196,119,88,157,265,existing,1142.5478748176188
120,120,67,160,124,existing,743.1004406642512,120,67,160,232,existing,763.2619000568736,120,67,160,124,allocated,743.1004406642512,120,87,160,140,existing,1427.7986884711195,120,88,160,265,existing,1683.1396512685506,120,80,160,179,existing,1922.8704559414875,120,81,160,179,existing,1922.8704559414875,120,77,160,47,existing,2762.866136969088,120,75,160,36,existing,2806.120720796116,120,84,160,36,existing,2806.120720796116,120,83,160,277,existing,2816.7683527316963,120,82,160,46,existing,3074.209079211235,120,85,160,45,existing,3172.642897003534
121,121,73,161,148,existing,233.4447698526672,121,73,161,321,existing,918.2526138238621,121,73,161,236,allocated,29.873895892705885,121,83,161,277,existing,113.00178702446362,121,77,161,47,existing,345.02507451513765,121,84,161,36,existing,372.1977471552432,121,75,161,36,existing,372.1977471552432,121,82,161,46,existing,656.3680167572845,121,80,161,179,existing,853.8999615068772,121,81,161,179,existing,853.8999615068772,121,85,161,45,existing,754.8018345495838,121,88,161,265,existing,1093.6307661798141,121,86,161,122,existing,983.7314625770229
122,122,66,164,165,existing,25.158572044468105,122,66,164,232,existing,669.927319192897,122,66,164,136,allocated,109.06285785791808,122,87,164,140,existing,165.6190380695797,122,88,164,265,existing,434.9629323103414,122,80,164,179,existing,674.6937369832782,122,81,164,179,existing,674.6937369832782,122,83,164,277,existing,1581.8476937292073,122,77,164,47,existing,1527.945477966599,122,84,164,36,existing,1571.2000617936271,122,75,164,36,existing,1571.2000617936271,122,82,164,46,existing,1839.2884202087457,122,85,164,45,existing,1937.722238001045
123,123,66,165,165,existing,0.0,123,66,165,232,existing,695.0858912373651,123,66,165,136,allocated,100.80582672143751,123,87,165,140,existing,153.91946999420304,123,88,165,265,existing,423.26336423496474,123,81,165,179,existing,662.9941689079017,123,80,165,179,existing,662.9941689079017,123,83,165,277,existing,1570.1481256538307,123,77,165,47,existing,1516.2459098912223,123,75,165,36,existing,1559.5004937182505,123,84,165,36,existing,1559.5004937182505,123,82,165,46,existing,1827.588852133369,123,85,165,45,existing,1926.0226699256684
124,124,69,167,177,existing,518.0163538946447,124,69,167,321,existing,524.1469247718179,124,69,167,167,allocated,0.0,124,81,167,179,existing,593.9204887010542,124,80,167,179,existing,593.9204887010542,124,84,167,36,existing,741.4869458565456,124,77,167,47,existing,695.4620341368152,124,75,167,36,existing,741.4869458565456,124,82,167,46,existing,1006.8049763789619,124,88,167,265,existing,833.651293373991,124,83,167,277,existing,752.1345777921258,124,87,167,140,existing,1080.1256769734782,124,85,167,45,existing,1105.2387941712614
125,125,73,172,148,existing,524.1042574456462,125,73,172,96,existing,568.893810614999,125,73,172,173,allocated,103.46503437332154,125,77,172,47,existing,697.2852817115037,125,84,172,36,existing,743.3101934312342,125,75,172,36,existing,743.3101934312342,125,83,172,277,existing,753.9578253668144,125,82,172,46,existing,1008.6282239536504,125,85,172,45,existing,1107.0620417459497,125,81,172,179,existing,959.6461995043088,125,80,172,179,existing,959.6461995043088,125,86,172,122,existing,1335.9916697733886,125,88,172,265,existing,1199.3770041772457
126,126,73,173,148,existing,627.5692918189678,126,73,173,96,existing,465.42877624167744,126,73,173,173,allocated,0.0,126,77,173,47,existing,800.7503160848253,126,75,173,36,existing,846.7752278045557,126,83,173,277,existing,857.4228597401359,126,84,173,36,existing,846.7752278045557,126,82,173,46,existing,1112.093258326972,126,80,173,179,existing,913.618081270582,126,81,173,179,existing,913.618081270582,126,88,173,265,existing,1153.3488859435188,126,85,173,45,existing,1210.5270761192714,126,87,173,140,existing,1397.712904216129
127,127,74,174,138,existing,298.6656144679465,127,74,174,321,existing,350.17598388162986,127,74,174,152,allocated,92.47170121675641,127,88,174,265,existing,307.6877169113331,127,80,174,179,existing,378.23857773491153,127,87,174,140,existing,513.65597448286,127,81,174,179,existing,378.23857773491153,127,75,174,36,existing,1259.2715335002968,127,84,174,36,existing,1259.2715335002968,127,83,174,277,existing,1269.919165435877,127,77,174,47,existing,1216.0169496732685,127,85,174,45,existing,1625.7937097077147,127,82,174,46,existing,1527.3598919154153
128,128,74,175,138,existing,211.38849437080677,128,74,175,321,existing,434.2961167230919,128,74,175,137,allocated,152.1942145998801,128,88,175,265,existing,220.41059681419333,128,87,175,140,existing,426.37885438572016,128,80,175,179,existing,460.1414014871302,128,81,175,179,existing,460.1414014871302,128,75,175,36,existing,1343.3916663417588,128,77,175,47,existing,1300.1370825147305,128,84,175,36,existing,1343.3916663417588,128,83,175,277,existing,1354.039298277339,128,82,175,46,existing,1611.4800247568774,128,85,175,45,existing,1709.9138425491767
129,129,73,180,148,existing,438.84548242780966,129,73,180,321,existing,710.023558741449,129,73,180,48,existing,209.08014549303033,129,77,180,47,existing,331.2690429129578,129,83,180,277,existing,497.68774565262623,129,82,180,46,existing,642.6119851551047,129,75,180,36,existing,678.0762854990609,129,81,180,179,existing,1044.1558376349785,129,85,180,45,existing,741.0458029474039,129,86,180,122,existing,969.9754309748429,129,84,180,36,existing,678.0762854990609,129,88,180,265,existing,1283.8866423079153,129,80,180,179,existing,1044.1558376349785
130,130,73,181,148,existing,409.14238257529,130,73,181,321,existing,679.8843661961199,130,73,181,293,allocated,214.3775942059737,130,77,181,47,existing,361.4082354582869,130,83,181,277,existing,527.8269381979554,130,75,181,36,existing,685.193515731429,130,82,181,46,existing,672.7511777004338,130,85,181,45,existing,771.184995492733,130,81,181,179,existing,1014.0166450896495,130,86,181,122,existing,1000.114623520172,130,84,181,36,existing,685.193515731429,130,88,181,265,existing,1253.7474497625863,130,80,181,179,existing,1014.0166450896495
131,131,69,184,177,existing,778.2159192367368,131,69,184,96,existing,370.666282347699,131,69,184,90,allocated,190.31799937065125,131,81,184,179,existing,854.1200540431462,131,80,184,179,existing,854.1200540431462,131,88,184,265,existing,1093.8508587160832,131,77,184,47,existing,1166.9823372641467,131,83,184,277,existing,1223.6548809194574,131,84,184,36,existing,1213.0072489838772,131,75,184,36,existing,1213.0072489838772,131,87,184,140,existing,1302.9504103221502,131,82,184,46,existing,1478.3252795062936,131,85,184,45,existing,1576.7590972985927
132,132,66,186,165,existing,843.3711174046872,132,66,186,232,existing,769.0444417111565,132,66,186,227,allocated,716.0542052932794,132,88,186,265,existing,966.8062040179409,132,87,186,140,existing,983.8315834297988,132,81,186,179,existing,1206.5370086908779,132,80,186,179,existing,1206.5370086908779,132,83,186,277,existing,2100.4349054810864,132,77,186,47,existing,2046.5326897184782,132,84,186,36,existing,2089.7872735455067,132,75,186,36,existing,2089.7872735455067,132,85,186,45,existing,2456.3094497529246,132,82,186,46,existing,2357.875631960625
133,133,70,187,2,existing,52.76827028244605,133,70,187,72,existing,179.66185369760885,133,70,187,2,allocated,52.76827028244605,133,82,187,46,existing,296.5600111613959,133,86,187,122,existing,350.2369194961682,133,85,187,45,existing,394.9938289536951,133,77,187,47,existing,607.9029534035427,133,75,187,36,existing,1020.3147807406515,133,83,187,277,existing,839.9262408942168,133,78,187,301,existing,964.8904492213015,133,79,187,301,existing,964.8904492213015,133,84,187,36,existing,1020.3147807406515,133,76,187,67,existing,1229.7913500082723
134,134,70,188,2,existing,18.823730408935845,134,70,188,72,existing,213.60639357111904,134,70,188,2,allocated,18.823730408935845,134,82,188,46,existing,330.5045510349061,134,86,188,122,existing,384.18145936967835,134,85,188,45,existing,428.9383688272053,134,77,188,47,existing,641.8474932770529,134,75,188,36,existing,1054.2593206141617,134,83,188,277,existing,873.870780767727,134,78,188,301,existing,998.8349890948117,134,79,188,301,existing,998.8349890948117,134,76,188,67,existing,1263.7358898817824,134,84,188,36,existing,1054.2593206141617
135,135,66,189,165,existing,668.0536399451954,135,66,189,232,existing,593.7269642516648,135,66,189,227,allocated,540.7367278337877,135,88,189,265,existing,791.4887265584492,135,87,189,140,existing,808.514105970307,135,80,189,179,existing,1031.219531231386,135,81,189,179,existing,1031.219531231386,135,75,189,36,existing,1914.4697960860146,135,84,189,36,existing,1914.4697960860146,135,83,189,277,existing,1925.1174280215948,135,77,189,47,existing,1871.2152122589864,135,82,189,46,existing,2182.5581545011332,135,85,189,45,existing,2280.991972293433
136,136,74,190,138,existing,653.0494604468252,136,74,190,232,existing,733.3647200438265,136,74,190,137,allocated,593.8551806758985,136,88,190,265,existing,662.0715628902117,136,87,190,140,existing,868.0398204617386,136,80,190,179,existing,901.8023675631486,136,81,190,179,existing,901.8023675631486,136,84,190,36,existing,1785.0526324177772,136,83,190,277,existing,1795.7002643533574,136,75,190,36,existing,1785.0526324177772,136,77,190,47,existing,1741.798048590749,136,85,190,45,existing,2151.574808625195,136,82,190,46,existing,2053.140990832896
137,137,70,191,2,existing,793.4004575021027,137,70,191,153,existing,613.7785273829775,137,70,191,220,allocated,323.33648439196514,137,86,191,122,existing,548.446290418025,137,76,191,67,existing,652.6934278108865,137,82,191,46,existing,847.729352896738,137,85,191,45,existing,777.375918445464,137,83,191,277,existing,1312.304908267714,137,79,191,301,existing,1161.4353314221573,137,77,191,47,existing,1090.0666749371064,137,78,191,301,existing,1161.4353314221573,137,75,191,36,existing,1492.6934481141486,137,84,191,36,existing,1492.6934481141486
138,138,70,192,2,existing,1378.3498654895739,138,70,192,78,existing,488.3585227972195,138,70,192,70,allocated,488.82802075884615,138,76,192,67,existing,570.7599080338581,138,79,192,301,existing,649.2438644653128,138,78,192,301,existing,649.2438644653128,138,86,192,122,existing,975.3446757109596,138,85,192,45,existing,1204.2743037383984,138,83,192,277,existing,1846.0743512635188,138,77,192,47,existing,1614.0510637728448,138,82,192,46,existing,1302.708121530698,138,75,192,36,existing,2026.4628911099533,138,84,192,36,existing,2026.4628911099533
139,139,70,193,2,existing,997.9497177545147,139,70,193,153,existing,466.1117494965318,139,70,193,70,allocated,231.78214385383944,139,79,193,301,existing,392.1979875603061,139,78,193,301,existing,392.1979875603061,139,76,193,67,existing,662.7510511715747,139,86,193,122,existing,594.9445279759005,139,77,193,47,existing,1233.6509160377857,139,82,193,46,existing,922.3079737956389,139,85,193,45,existing,823.8741560033395,139,83,193,277,existing,1465.6742035284597,139,75,193,36,existing,1646.0627433748941,139,84,193,36,existing,1646.0627433748941
140,140,70,194,2,existing,915.0467900375259,140,70,194,153,existing,411.3191398627842,140,70,194,70,allocated,148.87921613685052,140,79,194,301,existing,309.2950598433172,140,78,194,301,existing,309.2950598433172,140,86,194,122,existing,512.0416002589117,140,76,194,67,existing,607.9584415378272,140,85,194,45,existing,740.9712282863507,140,82,194,46,existing,839.40504607865,140,83,194,277,existing,1382.7712758114708,140,77,194,47,existing,1150.7479883207968,140,75,194,36,existing,1563.1598156579053,140,84,194,36,existing,1563.1598156579053
141,141,69,195,177,existing,463.55745282589174,141,69,195,321,existing,194.29050818708203,141,69,195,196,allocated,14.15162810762247,141,80,195,179,existing,539.4615876323012,141,81,195,179,existing,539.4615876323012,141,77,195,47,existing,723.3138851132236,141,84,195,36,existing,766.5684689402517,141,83,195,277,existing,777.2161008758319,141,88,195,265,existing,779.192392305238,141,87,195,140,existing,1028.2056967533604,141,75,195,36,existing,766.5684689402517,141,82,195,46,existing,1034.6568273553703,141,85,195,45,existing,1133.0906451476696
142,142,69,196,177,existing,449.4058247182693,142,69,196,321,existing,180.13888007945957,142,69,196,196,allocated,0.0,142,80,196,179,existing,525.3099595246788,142,81,196,179,existing,525.3099595246788,142,88,196,265,existing,765.0407641976155,142,77,196,47,existing,737.4655132208461,142,83,196,277,existing,791.3677289834544,142,75,196,36,existing,780.7200970478743,142,87,196,140,existing,1014.054068645738,142,84,196,36,existing,780.7200970478743,142,82,196,46,existing,1048.808455462993,142,85,196,45,existing,1147.2422732552923
143,143,69,197,177,existing,531.8826023887998,143,69,197,96,existing,124.33296549976193,143,69,197,96,allocated,124.33296549976193,143,80,197,179,existing,607.7867371952093,143,81,197,179,existing,607.7867371952093,143,87,197,140,existing,1056.6170934742133,143,88,197,265,existing,847.517541868146,143,75,197,36,existing,1291.4902828532142,143,83,197,277,existing,1302.1379147887944,143,77,197,47,existing,1245.4653711334838,143,84,197,36,existing,1291.4902828532142,143,85,197,45,existing,1655.24213116793,143,82,197,46,existing,1556.8083133756304
144,144,70,198,2,existing,477.9045369264447,144,70,198,72,existing,531.7852821342442,144,70,198,106,allocated,456.6749755912299,144,77,198,47,existing,630.6820445836512,144,86,198,122,existing,702.3603479328035,144,85,198,45,existing,820.1300955976936,144,82,198,46,existing,721.6962778053945,144,84,198,36,existing,1033.3088177606933,144,76,198,67,existing,1254.7806185718646,144,75,198,36,existing,1033.3088177606933,144,83,198,277,existing,852.9202779142587,144,79,198,301,existing,1348.5967741104753,144,78,198,301,existing,1348.5967741104753
145,145,70,199,2,existing,534.0787571754281,145,70,199,72,existing,632.4692243492727,145,70,199,106,allocated,332.6972191024247,145,77,199,47,existing,506.704288094846,145,83,199,277,existing,728.9425214254535,145,86,199,122,existing,803.044290147832,145,82,199,46,existing,818.0472303369928,145,76,199,67,existing,1153.1163076283074,145,85,199,45,existing,916.481048129292,145,84,199,36,existing,909.3310612718881,145,75,199,36,existing,909.3310612718881,145,81,199,179,existing,1350.1709749181,145,80,199,179,existing,1350.1709749181
146,146,73,200,148,existing,340.3297782566747,146,73,200,321,existing,441.7394414218076,146,73,200,200,allocated,0.0,146,77,200,47,existing,513.5108025225321,146,75,200,36,existing,559.5357142422627,146,83,200,277,existing,570.1833461778429,146,84,200,36,existing,559.5357142422627,146,80,200,179,existing,775.8717203153371,146,82,200,46,existing,824.8537447646788,146,85,200,45,existing,923.2875625569782,146,81,200,179,existing,775.8717203153371,146,86,200,122,existing,1152.217190584417,146,88,200,265,existing,1015.602524988274
147,147,73,201,148,existing,499.2746905697402,147,73,201,321,existing,547.1532440730354,147,73,201,201,allocated,0.0,147,81,201,179,existing,616.9268080022716,147,80,201,179,existing,616.9268080022716,147,77,201,47,existing,672.4557148355976,147,84,201,36,existing,718.4806265553282,147,75,201,36,existing,718.4806265553282,147,82,201,46,existing,983.7986570777445,147,83,201,277,existing,729.1282584909084,147,88,201,265,existing,856.6576126752085,147,85,201,45,existing,1082.2324748700437,147,87,201,140,existing,1103.1319962746957
148,148,73,202,148,existing,248.41466778774702,148,73,202,321,existing,533.6545518907352,148,73,202,293,allocated,68.14777990058907,148,77,202,47,existing,421.59569205360447,148,83,202,277,existing,506.59277170136806,148,84,202,36,existing,524.4658009438859,148,75,202,36,existing,524.4658009438859,148,82,202,46,existing,732.9386342957513,148,85,202,45,existing,831.3724520880505,148,81,202,179,existing,867.7868307842648,148,80,202,179,existing,867.7868307842648,148,86,202,122,existing,1060.3020801154894,148,88,202,265,existing,1107.5176354572015
149,149,73,203,148,existing,195.23617971888302,149,73,203,321,existing,586.8330399595992,149,73,203,293,allocated,121.32626796945306,149,77,203,47,existing,368.41720398474047,149,83,203,277,existing,453.41428363250407,149,84,203,36,existing,471.28731287502194,149,75,203,36,existing,471.28731287502194,149,80,203,179,existing,875.3068964363463,149,82,203,46,existing,679.7601462268873,149,81,203,179,existing,875.3068964363463,149,85,203,45,existing,778.1939640191865,149,86,203,122,existing,1007.1235920466255,149,88,203,265,existing,1115.037701109283
150,150,73,204,148,existing,669.3654099207645,150,73,204,96,existing,507.2248943434741,150,73,204,173,allocated,41.79611810179666,150,77,204,47,existing,842.5464341866219,150,75,204,36,existing,888.5713459063525,150,83,204,277,existing,899.2189778419327,150,84,204,36,existing,888.5713459063525,150,80,204,179,existing,955.4141993723787,150,88,204,265,existing,1195.1450040453155,150,82,204,46,existing,1153.8893764287686,150,81,204,179,existing,955.4141993723787,150,85,204,45,existing,1252.323194221068,150,87,204,140,existing,1439.5090223179254
151,151,73,205,148,existing,809.7348924866635,151,73,205,96,existing,647.5943769093732,151,73,205,206,allocated,172.10138198277855,151,77,205,47,existing,982.9159167525211,151,84,205,36,existing,1028.9408284722515,151,75,205,36,existing,1028.9408284722515,151,83,205,277,existing,1039.5884604078317,151,82,205,46,existing,1294.2588589946677,151,80,205,179,existing,1095.7836819382776,151,81,205,179,existing,1095.7836819382776,151,88,205,265,existing,1335.5144866112146,151,85,205,45,existing,1392.6926767869672,151,87,205,140,existing,1579.8785048838245
152,152,73,206,148,existing,736.256205292209,152,73,206,96,existing,574.1156897149186,152,73,206,206,allocated,0.0,152,77,206,47,existing,909.4372295580665,152,84,206,36,existing,955.4621412777971,152,75,206,36,existing,955.4621412777971,152,83,206,277,existing,966.1097732133773,152,88,206,265,existing,1262.0357994167603,152,80,206,179,existing,1022.3049947438233,152,81,206,179,existing,1022.3049947438233,152,82,206,46,existing,1220.7801718002133,152,85,206,45,existing,1319.2139895925125,152,87,206,140,existing,1506.3998176893701
153,153,73,207,148,existing,847.7005290141494,153,73,207,96,existing,685.560013436859,153,73,207,206,allocated,111.44432372194039,153,77,207,47,existing,1020.881553280007,153,84,207,36,existing,1066.9064649997374,153,83,207,277,existing,1077.5540969353176,153,75,207,36,existing,1066.9064649997374,153,82,207,46,existing,1332.2244955221536,153,81,207,179,existing,1133.7493184657637,153,88,207,265,existing,1373.4801231387005,153,80,207,179,existing,1133.7493184657637,153,85,207,45,existing,1430.6583133144532,153,87,207,140,existing,1617.8441414113104
154,154,73,208,148,existing,850.959541440918,154,73,208,96,existing,688.8190258636275,154,73,208,206,allocated,130.8767330285242,154,77,208,47,existing,1024.1405657067753,154,84,208,36,existing,1070.165477426506,154,75,208,36,existing,1070.165477426506,154,83,208,277,existing,1080.813109362086,154,81,208,179,existing,1137.008330892532,154,80,208,179,existing,1137.008330892532,154,82,208,46,existing,1335.4835079489221,154,88,208,265,existing,1376.739135565469,154,85,208,45,existing,1433.9173257412215,154,87,208,140,existing,1621.103153838079
155,155,69,210,177,existing,348.6872540137957,155,69,210,96,existing,58.86238287524214,155,69,210,96,allocated,58.86238287524214,155,81,210,179,existing,424.5913888202051,155,80,210,179,existing,424.5913888202051,155,87,210,140,existing,873.4217450992093,155,88,210,265,existing,664.322193493142,155,83,210,277,existing,1316.2719765211707,155,75,210,36,existing,1305.6243445855905,155,77,210,47,existing,1262.369760758562,155,84,210,36,existing,1305.6243445855905,155,82,210,46,existing,1573.7127030007089,155,85,210,45,existing,1672.1465207930084
156,156,72,212,329,existing,52.77264188780356,156,72,212,321,existing,594.4365961754786,156,72,212,330,allocated,74.55712800128241,156,80,212,179,existing,306.8271116136001,156,81,212,179,existing,306.8271116136001,156,88,212,265,existing,537.4816745308475,156,84,212,36,existing,777.389242899497,156,77,212,47,existing,1092.0217203084528,156,75,212,36,existing,777.389242899497,156,83,212,277,existing,1145.9239360710612,156,87,212,140,existing,806.8255687716091,156,85,212,45,existing,1501.798480342899,156,82,212,46,existing,1403.3646625505996
157,157,69,214,177,existing,227.91952735028627,157,69,214,321,existing,439.6248771057553,157,69,214,43,allocated,18.002833551344022,157,80,214,179,existing,152.01539254387683,157,81,214,179,existing,152.01539254387683,157,87,214,140,existing,652.0138497018859,157,88,214,265,existing,382.6699554611242,157,84,214,36,existing,980.4645850657578,157,77,214,47,existing,937.2100012387295,157,75,214,36,existing,980.4645850657578,157,83,214,277,existing,991.1122170013379,157,85,214,45,existing,1346.9867612731755,157,82,214,46,existing,1248.5529434808764
158,158,69,215,177,existing,392.7054371933622,158,69,215,321,existing,604.4107869488312,158,69,215,43,allocated,182.7887433944199,158,80,215,179,existing,316.80130238695267,158,81,215,179,existing,316.80130238695267,158,87,215,140,existing,816.7997595449617,158,88,215,265,existing,547.4558653042001,158,75,215,36,existing,1145.2504949088336,158,84,215,36,existing,1145.2504949088336,158,77,215,47,existing,1101.9959110818054,158,83,215,277,existing,1155.8981268444136,158,82,215,46,existing,1413.3388533239522,158,85,215,45,existing,1511.7726711162513
159,159,67,216,124,existing,253.6018179561558,159,67,216,232,existing,459.72113756754754,159,67,216,227,allocated,126.22039173317806,159,87,216,140,existing,644.2290897535545,159,88,216,265,existing,905.0251892641526,159,80,216,179,existing,1144.7559939370894,159,81,216,179,existing,1144.7559939370894,159,84,216,36,existing,2028.006258791718,159,77,216,47,existing,1984.7516749646898,159,75,216,36,existing,2028.006258791718,159,83,216,277,existing,2038.6538907272982,159,85,216,45,existing,2394.528434999136,159,82,216,46,existing,2296.0946172068366
160,160,67,217,124,existing,208.93763960192496,160,67,217,232,existing,415.0569592133167,160,67,217,227,allocated,81.55621337894722,160,87,217,140,existing,688.8932681077855,160,88,217,265,existing,949.6893676183834,160,80,217,179,existing,1189.4201722913203,160,81,217,179,existing,1189.4201722913203,160,84,217,36,existing,2072.6704371459487,160,77,217,47,existing,2029.4158533189207,160,75,217,36,existing,2072.6704371459487,160,83,217,277,existing,2083.318069081529,160,85,217,45,existing,2439.1926133533666,160,82,217,46,existing,2340.7587955610675
161,161,66,218,165,existing,651.1482730262103,161,66,218,232,existing,576.8215973326796,161,66,218,227,allocated,523.8313609148025,161,88,218,265,existing,734.7776181236259,161,87,218,140,existing,791.6087390513219,161,80,218,179,existing,974.5084227965627,161,81,218,179,existing,974.5084227965627,161,75,218,36,existing,1857.7586876511914,161,83,218,277,existing,1868.4063195867716,161,77,218,47,existing,1814.5041038241632,161,84,218,36,existing,1857.7586876511914,161,82,218,46,existing,2125.84704606631,161,85,218,45,existing,2224.2808638586093
162,162,66,219,165,existing,636.0538723555105,162,66,219,232,existing,561.7271966619799,162,66,219,227,allocated,508.7369602441027,162,88,219,265,existing,719.6832174529261,162,87,219,140,existing,776.5143383806221,162,80,219,179,existing,959.414022125863,162,81,219,179,existing,959.414022125863,162,77,219,47,existing,1799.4097031534634,162,83,219,277,existing,1853.3119189160718,162,84,219,36,existing,1842.6642869804916,162,75,219,36,existing,1842.6642869804916,162,85,219,45,existing,2209.18646318791,162,82,219,46,existing,2110.75264539561
163,163,70,220,2,existing,959.9863862204384,163,70,220,153,existing,327.6360808211234,163,70,220,220,allocated,0.0,163,76,220,67,existing,567.3900550611243,163,86,220,122,existing,715.0322191363607,163,79,220,301,existing,875.2928848603033,163,78,220,301,existing,875.2928848603033,163,83,220,277,existing,1557.6815113478947,163,77,220,47,existing,1325.6582238572205,163,85,220,45,existing,943.9618471637997,163,82,220,46,existing,1014.3152816150737,163,84,220,36,existing,1738.0700511943292,163,75,220,36,existing,1738.0700511943292
164,164,70,221,2,existing,948.993288298527,164,70,221,153,existing,338.62917874303474,164,70,221,220,allocated,10.993097921911318,164,76,221,67,existing,578.3831529830356,164,86,221,122,existing,704.0391212144494,164,78,221,301,existing,886.2859827822147,164,79,221,301,existing,886.2859827822147,164,83,221,277,existing,1546.6884134259833,164,77,221,47,existing,1314.665125935309,164,85,221,45,existing,932.9687492418884,164,82,221,46,existing,1003.3221836931624,164,84,221,36,existing,1727.0769532724178,164,75,221,36,existing,1727.0769532724178
165,165,70,222,2,existing,1095.5865871123578,165,70,222,153,existing,230.77934278795223,165,70,222,11,allocated,258.9054524904707,165,76,222,67,existing,427.4186444629952,165,79,222,301,existing,489.83485691814917,165,78,222,301,existing,489.83485691814917,165,86,222,122,existing,692.5813973337437,165,83,222,277,existing,1563.3110728863028,165,85,222,45,existing,921.5110253611826,165,82,222,46,existing,1019.944843153482,165,77,222,47,existing,1331.2877853956288,165,84,222,36,existing,1743.6996127327373,165,75,222,36,existing,1743.6996127327373
166,166,67,223,124,existing,266.0488473503152,166,67,223,232,existing,472.16816696170696,166,67,223,227,allocated,138.6674211273375,166,87,223,140,existing,631.7820603593951,166,88,223,265,existing,892.5781598699932,166,81,223,179,existing,1132.30896454293,166,80,223,179,existing,1132.30896454293,166,77,223,47,existing,1972.3046455705303,166,83,223,277,existing,2026.206861333139,166,75,223,36,existing,2015.5592293975587,166,84,223,36,existing,2015.5592293975587,166,82,223,46,existing,2283.647587812677,166,85,223,45,existing,2382.0814056049767
167,167,70,224,2,existing,1355.3719400574996,167,70,224,78,existing,264.81490427776697,167,70,224,107,allocated,210.09508620322492,167,76,224,67,existing,72.81231976678123,167,79,224,301,existing,944.7735378814768,167,78,224,301,existing,944.7735378814768,167,86,224,122,existing,1006.5337257538955,167,83,224,277,existing,1877.2634013064549,167,77,224,47,existing,1645.2401138157807,167,82,224,46,existing,1333.8971715736338,167,85,224,45,existing,1235.4633537813345,167,75,224,36,existing,2057.6519411528893,167,84,224,36,existing,2057.6519411528893
168,168,73,225,148,existing,327.135118906099,168,73,225,72,existing,899.0822640999892,168,73,225,225,allocated,0.0,168,83,225,277,existing,68.95701499247795,168,77,225,47,existing,300.98030248315195,168,75,225,36,existing,494.408757386773,168,84,225,36,existing,494.408757386773,168,86,225,122,existing,939.6866905450372,168,80,225,179,existing,976.110971738407,168,85,225,45,existing,710.7570625175981,168,82,225,46,existing,612.3232447252989,168,81,225,179,existing,976.110971738407,168,88,225,265,existing,1215.8417764113437
169,169,67,226,124,existing,267.6366809312239,169,67,226,232,existing,193.2454911261233,169,67,226,227,allocated,140.25525470824618,169,87,226,140,existing,642.3008661363534,169,88,226,265,existing,897.6418289337845,169,80,226,179,existing,1137.3726336067214,169,81,226,179,existing,1137.3726336067214,169,84,226,36,existing,2020.62289846135,169,77,226,47,existing,1977.368314634322,169,75,226,36,existing,2020.62289846135,169,83,226,277,existing,2031.27053039693,169,82,226,46,existing,2288.7112568764687,169,85,226,45,existing,2387.145074668768
170,170,67,227,124,existing,127.38142622297772,170,67,227,232,existing,333.50074583436947,170,67,227,227,allocated,0.0,170,87,227,140,existing,770.4494814867327,170,88,227,265,existing,1031.2455809973308,170,80,227,179,existing,1270.9763856702675,170,81,227,179,existing,1270.9763856702675,170,83,227,277,existing,2164.874282460476,170,77,227,47,existing,2110.972066697868,170,75,227,36,existing,2154.2266505248963,170,84,227,36,existing,2154.2266505248963,170,85,227,45,existing,2520.7488267323142,170,82,227,46,existing,2422.3150089400146
171,171,67,228,124,existing,282.1485251196961,171,67,228,232,existing,488.26784473108785,171,67,228,227,allocated,154.76709889671838,171,87,228,140,existing,735.2883786396418,171,88,228,265,existing,996.0844781502399,171,80,228,179,existing,1235.8152828231769,171,81,228,179,existing,1235.8152828231769,171,75,228,36,existing,2119.065547677805,171,77,228,47,existing,2075.810963850777,171,84,228,36,existing,2119.065547677805,171,83,228,277,existing,2129.7131796133854,171,85,228,45,existing,2485.587723885223,171,82,228,46,existing,2387.153906092924
172,172,67,229,124,existing,242.4782729142804,172,67,229,232,existing,581.5135480572603,172,67,229,124,allocated,242.4782729142804,172,87,229,140,existing,642.0426753134693,172,88,229,265,existing,902.8387748240674,172,81,229,179,existing,1142.5695794970043,172,80,229,179,existing,1142.5695794970043,172,84,229,36,existing,2025.8198443516328,172,75,229,36,existing,2025.8198443516328,172,77,229,47,existing,1982.5652605246046,172,83,229,277,existing,2036.467476287213,172,82,229,46,existing,2293.9082027667514,172,85,229,45,existing,2392.342020559051
173,173,73,230,148,existing,604.3915740266995,173,73,230,72,existing,809.6496851499445,173,73,230,230,allocated,0.0,173,77,230,47,existing,496.81513451184765,173,83,230,277,existing,663.2338372515162,173,82,230,46,existing,808.1580767539945,173,84,230,36,existing,843.6223770979508,173,86,230,122,existing,980.2247509485038,173,81,230,179,existing,1284.4622907441626,173,75,230,36,existing,843.6223770979508,173,85,230,45,existing,906.5918945462938,173,80,230,179,existing,1284.4622907441626,173,78,230,301,existing,1476.4885148139
174,174,70,231,2,existing,551.0042209122778,174,70,231,153,existing,318.8440294715182,174,70,231,231,allocated,0.0,174,86,231,122,existing,202.16600660867377,174,85,231,45,existing,431.0956346361128,174,76,231,67,existing,731.5553993784406,174,82,231,46,existing,529.529452428412,174,79,231,301,existing,848.4024327863457,174,83,231,277,existing,1072.895682161233,174,78,231,301,existing,848.4024327863457,174,77,231,47,existing,840.8723946705588,174,84,231,36,existing,1253.2842220076677,174,75,231,36,existing,1253.2842220076677
175,175,67,232,124,existing,460.8821720573472,175,67,232,232,existing,0.0,175,67,232,227,allocated,333.50074583436947,175,87,232,140,existing,835.5463572624767,175,88,232,265,existing,1090.8873200599078,175,80,232,179,existing,1330.6181247328445,175,81,232,179,existing,1330.6181247328445,175,83,232,277,existing,2224.5160215230535,175,75,232,36,existing,2213.8683895874733,175,77,232,47,existing,2170.613805760445,175,84,232,36,existing,2213.8683895874733,175,82,232,46,existing,2481.9567480025917,175,85,232,45,existing,2580.3905657948912
176,176,70,233,2,existing,199.06911023007345,176,70,233,72,existing,59.20863419068458,176,70,233,72,allocated,59.20863419068458,176,86,233,122,existing,229.78369998924393,176,82,233,46,existing,253.3980056247088,176,77,233,47,existing,564.7409478668555,176,85,233,45,existing,351.831823417008,176,79,233,301,existing,876.0201261669158,176,84,233,36,existing,977.1527752039643,176,78,233,301,existing,876.0201261669158,176,83,233,277,existing,796.7642353575297,176,75,233,36,existing,977.1527752039643,176,76,233,67,existing,1083.4905100606447
177,177,70,234,2,existing,171.83362232209043,177,70,234,72,existing,60.596501657964446,177,70,234,72,allocated,60.596501657964446,177,82,234,46,existing,226.16251771672577,177,86,234,122,existing,231.17156745652377,177,77,234,47,existing,537.5054599588725,177,85,234,45,existing,324.596335509025,177,78,234,301,existing,877.4079936341957,177,75,234,36,existing,949.9172872959813,177,83,234,277,existing,769.5287474495467,177,79,234,301,existing,877.4079936341957,177,84,234,36,existing,949.9172872959813,177,76,234,67,existing,1110.7259979686278
178,178,67,238,124,existing,459.52640050335197,178,67,238,232,existing,456.1846719038327,178,67,238,124,allocated,459.52640050335197,178,87,238,140,existing,1120.7214603180787,178,88,238,265,existing,1376.0624231155098,178,81,238,179,existing,1615.7932277884465,178,80,238,179,existing,1615.7932277884465,178,84,238,36,existing,2499.0434926430753,178,77,238,47,existing,2455.7889088160473,178,75,238,36,existing,2499.0434926430753,178,83,238,277,existing,2509.6911245786555,178,82,238,46,existing,2767.131851058194,178,85,238,45,existing,2865.5656688504932
179,179,67,239,124,existing,331.8778827597857,179,67,239,232,existing,380.8468271401925,179,67,239,124,allocated,331.8778827597857,179,87,239,140,existing,1216.3931844026692,179,88,239,265,existing,1471.7341472001003,179,81,239,179,existing,1711.464951873037,179,80,239,179,existing,1711.464951873037,179,75,239,36,existing,2594.715216727666,179,83,239,277,existing,2605.362848663246,179,84,239,36,existing,2594.715216727666,179,77,239,47,existing,2551.4606329006374,179,85,239,45,existing,2961.237392935084,179,82,239,46,existing,2862.803575142784
180,180,67,240,124,existing,248.0769077211761,180,67,240,232,existing,297.0458521015829,180,67,240,124,allocated,248.0769077211761,180,87,240,140,existing,1132.5922093640595,180,88,240,265,existing,1387.9331721614908,180,80,240,179,existing,1627.6639768344276,180,81,240,179,existing,1627.6639768344276,180,83,240,277,existing,2521.561873624636,180,84,240,36,existing,2510.9142416890563,180,75,240,36,existing,2510.9142416890563,180,77,240,47,existing,2467.659657862028,180,82,240,46,existing,2779.0026001041747,180,85,240,45,existing,2877.4364178964743
181,181,67,241,124,existing,190.43595256200285,181,67,241,232,existing,633.5558684095379,181,67,241,124,allocated,190.43595256200285,181,87,241,140,existing,694.0849956657469,181,88,241,265,existing,954.881095176345,181,81,241,179,existing,1194.6118998492818,181,80,241,179,existing,1194.6118998492818,181,77,241,47,existing,2034.6075808768821,181,75,241,36,existing,2077.8621647039104,181,84,241,36,existing,2077.8621647039104,181,83,241,277,existing,2088.5097966394906,181,85,241,45,existing,2444.3843409113283,181,82,241,46,existing,2345.9505231190287
182,182,70,244,2,existing,650.5398577659341,182,70,244,72,existing,748.9303249397788,182,70,244,314,allocated,282.10821416501057,182,77,244,47,existing,623.1653886853521,182,83,244,277,existing,798.3876984119872,182,86,244,122,existing,919.5053907383381,182,82,244,46,existing,934.508330927499,182,84,244,36,existing,978.7762382584219,182,85,244,45,existing,1032.942148719798,182,75,244,36,existing,978.7762382584219,182,81,244,179,existing,1419.6161519046339,182,80,244,179,existing,1419.6161519046339,182,76,244,67,existing,1455.6778501973504
183,183,66,245,165,existing,162.33093833669463,183,66,245,321,existing,593.8659185451239,183,66,245,136,allocated,213.68665000323665,183,87,245,140,existing,270.2428302148983,183,88,245,265,existing,379.9803986362253,183,80,245,179,existing,619.7112033091621,183,81,245,179,existing,619.7112033091621,183,84,245,36,existing,1502.9614681637906,183,77,245,47,existing,1459.7068843367624,183,75,245,36,existing,1502.9614681637906,183,83,245,277,existing,1513.6091000993708,183,85,245,45,existing,1869.4836443712086,183,82,245,46,existing,1771.0498265789092
184,184,66,246,165,existing,75.1679316575463,184,66,246,321,existing,681.0289252242723,184,66,246,136,allocated,126.52364332408831,184,87,246,140,existing,183.07982353574994,184,88,246,265,existing,452.42371777651164,184,81,246,179,existing,692.1545224494485,184,80,246,179,existing,692.1545224494485,184,75,246,36,existing,1588.6608472597973,184,83,246,277,existing,1599.3084791953775,184,77,246,47,existing,1545.406263432769,184,84,246,36,existing,1588.6608472597973,184,85,246,45,existing,1955.1830234672152,184,82,246,46,existing,1856.749205674916
185,185,66,248,165,existing,225.44419338902304,185,66,248,321,existing,500.5591032990517,185,66,248,135,existing,137.39766351571785,185,88,248,265,existing,286.642615638623,185,87,248,140,existing,333.3560852672267,185,80,248,179,existing,526.3734203115599,185,81,248,179,existing,526.3734203115599,185,83,248,277,existing,1420.3022848532987,185,75,248,36,existing,1409.6546529177185,185,84,248,36,existing,1409.6546529177185,185,77,248,47,existing,1366.4000690906903,185,82,248,46,existing,1677.743011332837,185,85,248,45,existing,1776.1768291251365
186,186,74,249,138,existing,96.16046480977622,186,74,249,321,existing,390.1096572224201,186,74,249,137,allocated,29.985370343381422,186,88,249,265,existing,301.37868964510926,186,80,249,179,existing,417.4011153734792,186,87,249,140,existing,521.8279160996851,186,81,249,179,existing,417.4011153734792,186,83,249,277,existing,1309.852838776667,186,75,249,36,existing,1299.205206841087,186,84,249,36,existing,1299.205206841087,186,77,249,47,existing,1255.9506230140587,186,82,249,46,existing,1567.2935652562055,186,85,249,45,existing,1665.7273830485049
187,187,70,250,2,existing,458.1693137533139,187,70,250,72,existing,512.0500589611133,187,70,250,2,allocated,458.1693137533139,187,77,250,47,existing,650.417267756782,187,86,250,122,existing,682.6251247596726,187,85,250,45,existing,800.3948724245628,187,82,250,46,existing,701.9610546322637,187,84,250,36,existing,1053.0440409338241,187,75,250,36,existing,1053.0440409338241,187,76,250,67,existing,1235.0453953987337,187,83,250,277,existing,872.6555010873896,187,79,250,301,existing,1328.8615509373444,187,78,250,301,existing,1328.8615509373444
188,188,70,251,2,existing,346.01627002596666,188,70,251,72,existing,399.8970152337661,188,70,251,2,allocated,346.01627002596666,188,77,251,47,existing,553.1760552318158,188,86,251,122,existing,570.4720810323254,188,85,251,45,existing,688.2418286972156,188,82,251,46,existing,589.8080109049165,188,84,251,36,existing,955.8028284088577,188,75,251,36,existing,955.8028284088577,188,76,251,67,existing,1122.8923516713865,188,83,251,277,existing,775.4142885624233,188,79,251,301,existing,1216.7085072099974,188,78,251,301,existing,1216.7085072099974
189,189,70,252,2,existing,464.5364979881458,189,70,252,72,existing,562.9269651619904,189,70,252,106,allocated,216.13903631117012,189,77,252,47,existing,437.1620289075637,189,83,252,277,existing,612.3843386341989,189,86,252,122,existing,733.5020309605497,189,82,252,46,existing,748.5049711497105,189,85,252,45,existing,846.9387889420098,189,84,252,36,existing,792.7728784806335,189,75,252,36,existing,792.7728784806335,189,80,252,179,existing,1233.6127921268453,189,81,252,179,existing,1233.6127921268453,189,76,252,67,existing,1269.674490419562
190,190,74,253,138,existing,225.5134784283626,190,74,253,321,existing,448.42110078064775,190,74,253,137,allocated,166.31919865743592,190,88,253,265,existing,234.53558087174915,190,87,253,140,existing,412.25387032816434,190,80,253,179,existing,474.26638554468605,190,81,253,179,existing,474.26638554468605,190,83,253,277,existing,1368.1642823348948,190,75,253,36,existing,1357.5166503993146,190,77,253,47,existing,1314.2620665722864,190,84,253,36,existing,1357.5166503993146,190,85,253,45,existing,1724.0388266067325,190,82,253,46,existing,1625.6050088144332
191,191,70,254,2,existing,434.6848610853938,191,70,254,72,existing,313.2939758429769,191,70,254,231,allocated,304.7339129021567,191,86,254,122,existing,483.8690416415362,191,82,254,46,existing,507.48334727700114,191,77,254,47,existing,788.5820099868974,191,85,254,45,existing,605.9171650693004,191,76,254,67,existing,1026.1888613114709,191,78,254,301,existing,1130.1054678192081,191,83,254,277,existing,1010.8202433175048,191,79,254,301,existing,1130.1054678192081,191,75,254,36,existing,1191.2087831639394,191,84,254,36,existing,1191.2087831639394
192,192,70,255,2,existing,360.2834034032476,192,70,255,72,existing,238.89251816083072,192,70,255,231,allocated,230.33245522001053,192,86,255,122,existing,409.46758395939,192,82,255,46,existing,433.08188959485494,192,77,255,47,existing,714.1805523047512,192,85,255,45,existing,531.5157073871542,192,76,255,67,existing,961.8878545984511,192,78,255,301,existing,1055.704010137062,192,79,255,301,existing,1055.704010137062,192,83,255,277,existing,936.4187856353586,192,75,255,36,existing,1116.8073254817932,192,84,255,36,existing,1116.8073254817932
193,193,70,257,2,existing,1479.3440443903391,193,70,257,78,existing,406.4830492167108,193,70,257,107,existing,170.53292551379363,193,76,257,67,existing,255.48249355160135,193,79,257,301,existing,1127.443711666297,193,78,257,301,existing,1127.443711666297,193,86,257,122,existing,1189.2038995387156,193,82,257,46,existing,1516.567345358454,193,77,257,47,existing,1693.0707548005034,193,83,257,277,existing,1915.308988131111,193,85,257,45,existing,1418.1335275661545,193,75,257,36,existing,2095.6975279775456,193,84,257,36,existing,2095.6975279775456
194,194,70,259,2,existing,1225.3727987457505,194,70,259,153,existing,355.52454836195443,194,70,259,107,existing,370.43229374275927,194,76,259,67,existing,233.14952730631555,194,79,259,301,existing,784.4363303419425,194,86,259,122,existing,876.5345844421464,194,78,259,301,existing,784.4363303419425,194,82,259,46,existing,1203.8980302618847,194,77,259,47,existing,1515.2409725040316,194,85,259,45,existing,1105.4642124695854,194,83,259,277,existing,1747.2642599947058,194,84,259,36,existing,1927.6527998411402,194,75,259,36,existing,1927.6527998411402
195,195,74,260,138,existing,270.66141751522593,195,74,260,321,existing,493.56903986751115,195,74,260,137,allocated,211.46713774429927,195,88,260,265,existing,279.68351995861246,195,87,260,140,existing,485.65177753013927,195,80,260,179,existing,519.4143246315493,195,81,260,179,existing,519.4143246315493,195,83,260,277,existing,1413.312221421758,195,84,260,36,existing,1402.6645894861779,195,75,260,36,existing,1402.6645894861779,195,77,260,47,existing,1359.4100056591496,195,82,260,46,existing,1670.7529479012965,195,85,260,45,existing,1769.1867656935958
196,196,66,261,165,existing,150.36259122458335,196,66,261,232,existing,544.7233000127818,196,66,261,68,allocated,91.01705583581034,196,87,261,140,existing,290.82305724969495,196,88,261,265,existing,551.619156760293,196,80,261,179,existing,791.3499614332299,196,81,261,179,existing,791.3499614332299,196,77,261,47,existing,1631.3456424608303,196,84,261,36,existing,1674.6002262878583,196,83,261,277,existing,1685.2478582234385,196,75,261,36,existing,1674.6002262878583,196,82,261,46,existing,1942.688584702977,196,85,261,45,existing,2041.1224024952762
197,197,74,262,138,existing,820.2630717540832,197,74,262,232,existing,900.5783313510846,197,74,262,137,allocated,761.0687919831565,197,88,262,265,existing,829.2851741974697,197,87,262,140,existing,1035.2534317689965,197,81,262,179,existing,1069.0159788704066,197,80,262,179,existing,1069.0159788704066,197,84,262,36,existing,1952.266243725035,197,83,262,277,existing,1962.9138756606153,197,77,262,47,existing,1909.011659898007,197,75,262,36,existing,1952.266243725035,197,82,262,46,existing,2220.354602140154,197,85,262,45,existing,2318.788419932453
198,198,73,263,148,existing,671.0625194249442,198,73,263,96,existing,423.9437471220062,198,73,263,25,allocated,16.37957823208418,198,77,263,47,existing,844.2435436908015,198,80,263,179,existing,872.3538752325048,198,84,263,36,existing,926.1909251485426,198,81,263,179,existing,872.3538752325048,198,83,263,277,existing,929.2406233385652,198,88,263,265,existing,1112.0846799054416,198,82,263,46,existing,1155.5864859329483,198,75,263,36,existing,926.1909251485426,198,85,263,45,existing,1254.0203037252477,198,87,263,140,existing,1356.2278750964576
199,199,74,264,138,existing,98.09806119597324,199,74,264,321,existing,520.1094356395103,199,74,264,138,allocated,98.09806119597324,199,88,264,265,existing,107.12016363935982,199,81,264,179,existing,346.8509683122967,199,87,264,140,existing,376.4640578801215,199,80,264,179,existing,346.8509683122967,199,77,264,47,existing,1200.1027092956174,199,75,264,36,existing,1243.3572931226456,199,83,264,277,existing,1254.0049250582256,199,84,264,36,existing,1243.3572931226456,199,85,264,45,existing,1609.8794693300633,199,82,264,46,existing,1511.4456515377642
200,200,71,267,36,existing,292.24637069257165,200,71,267,321,existing,1253.1053478199055,200,71,267,267,allocated,0.0,200,84,267,36,existing,292.24637069257165,200,75,267,36,existing,292.24637069257165,200,77,267,47,existing,704.6581980296803,200,83,267,277,existing,478.8607638812691,200,80,267,179,existing,1188.7526955029205,200,82,267,46,existing,1016.0011402718271,200,81,267,179,existing,1188.7526955029205,200,85,267,45,existing,1114.4349580641265,200,86,267,122,existing,1343.3645860915653,200,88,267,265,existing,1428.4835001758574
201,201,74,268,138,existing,240.8548070147515,201,74,268,321,existing,463.7624293670367,201,74,268,137,allocated,181.66052724382484,201,88,268,265,existing,198.12675841409418,201,87,268,140,existing,421.87194249175553,201,80,268,179,existing,437.85756308703105,201,81,268,179,existing,437.85756308703105,201,83,268,277,existing,1345.0115198329602,201,75,268,36,existing,1334.36388789738,201,77,268,47,existing,1291.1093040703518,201,84,268,36,existing,1334.36388789738,201,82,268,46,existing,1602.4522463124986,201,85,268,45,existing,1700.886064104798
202,202,69,272,177,existing,260.13151277077014,202,69,272,96,existing,147.4181241182677,202,69,272,310,allocated,11.306901178180851,202,80,272,179,existing,336.0356475771796,202,81,272,179,existing,336.0356475771796,202,87,272,140,existing,822.2408358496036,202,88,272,265,existing,575.7664522501165,202,77,272,47,existing,1173.8140195155365,202,84,272,36,existing,1217.068603342565,202,83,272,277,existing,1227.7162352781452,202,75,272,36,existing,1217.068603342565,202,82,272,46,existing,1485.1569617576833,202,85,272,45,existing,1583.590779549983
203,203,67,274,124,existing,16.519698514393774,203,67,274,232,existing,477.401870571741,203,67,274,124,allocated,16.519698514393774,203,87,274,140,existing,868.001249713356,203,88,274,265,existing,1128.797349223954,203,80,274,179,existing,1368.5281538968911,203,81,274,179,existing,1368.5281538968911,203,75,274,36,existing,2251.7784187515194,203,83,274,277,existing,2262.4260506870996,203,77,274,47,existing,2208.523834924491,203,84,274,36,existing,2251.7784187515194,203,85,274,45,existing,2618.3005949589374,203,82,274,46,existing,2519.866777166638
204,204,69,281,177,existing,131.75681476202945,204,69,281,321,existing,137.51012987678024,204,69,281,320,allocated,106.99900854649792,204,81,281,179,existing,207.66094956843892,204,80,281,179,existing,207.66094956843892,204,87,281,140,existing,696.4050586894982,204,88,281,265,existing,447.3917542413758,204,84,281,36,existing,1046.605679495447,204,83,281,277,existing,1057.2533114310272,204,77,281,47,existing,1003.3510956684189,204,75,281,36,existing,1046.605679495447,204,85,281,45,existing,1413.127855702865,204,82,281,46,existing,1314.6940379105658
205,205,69,285,177,existing,147.79603220424158,205,69,285,321,existing,153.9266030814148,205,69,285,152,allocated,103.77767958345862,205,81,285,179,existing,223.70016701065103,205,80,285,179,existing,223.70016701065103,205,87,285,140,existing,709.905355283075,205,88,285,265,existing,463.4309716835879,205,83,285,277,existing,1073.669784635662,205,84,285,36,existing,1063.0221527000817,205,77,285,47,existing,1019.7675688730535,205,75,285,36,existing,1063.0221527000817,205,85,285,45,existing,1429.5443289074997,205,82,285,46,existing,1331.1105111152003
206,206,73,293,148,existing,316.56244768833614,206,73,293,321,existing,465.50677199014615,206,73,293,293,allocated,0.0,206,77,293,47,existing,489.7434719541936,206,83,293,277,existing,574.7405516019572,206,75,293,36,existing,583.3030448106012,206,84,293,36,existing,583.3030448106012,206,80,293,179,existing,799.6390508836757,206,85,293,45,existing,899.5202319886397,206,81,293,179,existing,799.6390508836757,206,82,293,46,existing,801.0864141963403,206,86,293,122,existing,1128.4498600160784,206,88,293,265,existing,1039.3698555566125
207,207,70,295,2,existing,977.8842844997357,207,70,295,153,existing,108.03603411593969,207,70,295,11,allocated,136.1621438184581,207,76,295,67,existing,304.6753357909827,207,79,295,301,existing,612.5781655901617,207,86,295,122,existing,629.0460701961316,207,78,295,301,existing,612.5781655901617,207,82,295,46,existing,956.4095160158699,207,77,295,47,existing,1267.7524582580168,207,85,295,45,existing,857.9756982235706,207,83,295,277,existing,1499.775745748691,207,75,295,36,existing,1680.1642855951254,207,84,295,36,existing,1680.1642855951254
208,208,70,298,2,existing,467.29890847685226,208,70,298,72,existing,345.9080232344354,208,70,298,231,allocated,337.34796029361524,208,86,298,122,existing,516.4830890329947,208,82,298,46,existing,540.0973946684596,208,77,298,47,existing,821.1960573783559,208,85,298,45,existing,638.5312124607589,208,83,298,277,existing,1043.4342907089633,208,78,298,301,existing,1162.7195152106667,208,76,298,67,existing,993.5748139200123,208,79,298,301,existing,1162.7195152106667,208,75,298,36,existing,1223.822830555398,208,84,298,36,existing,1223.822830555398
209,209,70,299,2,existing,518.1629703534409,209,70,299,72,existing,396.772085111024,209,70,299,231,allocated,388.21202217020385,209,86,299,122,existing,567.3471509095833,209,82,299,46,existing,590.9614565450482,209,77,299,47,existing,872.0601192549445,209,85,299,45,existing,689.3952743373475,209,78,299,301,existing,1213.5835770872552,209,83,299,277,existing,1094.2983525855518,209,79,299,301,existing,1213.5835770872552,209,76,299,67,existing,1044.4388757966008,209,75,299,36,existing,1274.6868924319865,209,84,299,36,existing,1274.6868924319865
210,210,69,300,177,existing,818.5380235785577,210,69,300,96,existing,410.98838668951987,210,69,300,90,allocated,149.99589502883038,210,81,300,179,existing,894.4421583849671,210,80,300,179,existing,894.4421583849671,210,88,300,265,existing,1134.172963057904,210,77,300,47,existing,1126.6602329223258,210,75,300,36,existing,1172.6851446420562,210,83,300,277,existing,1183.3327765776364,210,87,300,140,existing,1343.2725146639712,210,84,300,36,existing,1172.6851446420562,210,82,300,46,existing,1438.0031751644724,210,85,300,45,existing,1536.436992956772
211,211,66,302,165,existing,590.3292430631371,211,66,302,232,existing,516.0025673696065,211,66,302,227,allocated,463.0123309517294,211,88,302,265,existing,673.9585881605527,211,87,302,140,existing,730.7897090882487,211,81,302,179,existing,913.6893928334896,211,80,302,179,existing,913.6893928334896,211,75,302,36,existing,1796.9396576881181,211,77,302,47,existing,1753.6850738610901,211,83,302,277,existing,1807.5872896236983,211,84,302,36,existing,1796.9396576881181,211,85,302,45,existing,2163.461833895536,211,82,302,46,existing,2065.028016103237
212,212,69,303,177,existing,636.1808229454307,212,69,303,96,existing,228.63118605639292,212,69,303,96,allocated,228.63118605639292,212,81,303,179,existing,712.0849577518402,212,80,303,179,existing,712.0849577518402,212,88,303,265,existing,951.8157624247771,212,87,303,140,existing,1160.9153140308442,212,75,303,36,existing,1355.0423452751832,212,84,303,36,existing,1355.0423452751832,212,77,303,47,existing,1309.0174335554527,212,83,303,277,existing,1365.6899772107633,212,82,303,46,existing,1620.3603757975995,212,85,303,45,existing,1718.794193589899
213,213,66,304,165,existing,384.7062834654479,213,66,304,232,existing,310.3796077719172,213,66,304,227,allocated,257.3893713540401,213,87,304,140,existing,525.1667494905595,213,88,304,265,existing,780.5077122879906,213,81,304,179,existing,1020.2385169609274,213,80,304,179,existing,1020.2385169609274,213,83,304,277,existing,1914.1364137511364,213,77,304,47,existing,1860.2341979885277,213,75,304,36,existing,1903.4887818155562,213,84,304,36,existing,1903.4887818155562,213,85,304,45,existing,2270.010958022974,213,82,304,46,existing,2171.5771402306746
214,214,73,306,148,existing,866.3032854627616,214,73,306,96,existing,498.1643098832267,214,73,306,90,allocated,62.81997183512361,214,80,306,179,existing,981.6180815786738,214,81,306,179,existing,981.6180815786738,214,75,306,36,existing,1085.5092214483495,214,77,306,47,existing,1039.484309728619,214,83,306,277,existing,1096.1568533839297,214,88,306,265,existing,1221.3488862516108,214,82,306,46,existing,1350.8272519707657,214,84,306,36,existing,1085.5092214483495,214,85,306,45,existing,1449.2610697630653,214,87,306,140,existing,1430.4484378576778
215,215,73,307,148,existing,715.2190636103082,215,73,307,96,existing,553.0785480330178,215,73,307,206,allocated,21.037141681900852,215,77,307,47,existing,888.4000878761656,215,84,307,36,existing,934.4249995958962,215,75,307,36,existing,934.4249995958962,215,83,307,277,existing,945.0726315314764,215,81,307,179,existing,1001.2678530619224,215,80,307,179,existing,1001.2678530619224,215,82,307,46,existing,1199.7430301183124,215,88,307,265,existing,1240.9986577348593,215,85,307,45,existing,1298.1768479106117,215,87,307,140,existing,1485.3626760074692
216,216,69,308,177,existing,376.0679339574788,216,69,308,321,existing,382.198504834652,216,69,308,308,allocated,0.0,216,80,308,179,existing,451.9720687638882,216,81,308,179,existing,451.9720687638882,216,88,308,265,existing,691.702873436825,216,87,308,140,existing,938.1772570363121,216,84,308,36,existing,1291.294054453319,216,75,308,36,existing,1291.294054453319,216,77,308,47,existing,1248.0394706262907,216,83,308,277,existing,1301.9416863888991,216,82,308,46,existing,1559.3824128684375,216,85,308,45,existing,1657.816230660737
217,217,69,309,177,existing,332.3895001419273,217,69,309,96,existing,75.16013674711058,217,69,309,96,allocated,75.16013674711058,217,81,309,179,existing,408.2936349483367,217,80,309,179,existing,408.2936349483367,217,88,309,265,existing,648.0244396212736,217,87,309,140,existing,872.3766928989003,217,83,309,277,existing,1299.9742226493022,217,77,309,47,existing,1246.0720068866935,217,75,309,36,existing,1289.326590713722,217,84,309,36,existing,1289.326590713722,217,82,309,46,existing,1557.4149491288404,217,85,309,45,existing,1655.84876692114
218,218,69,310,177,existing,248.8246115925893,218,69,310,96,existing,158.72502529644856,218,69,310,310,allocated,0.0,218,81,310,179,existing,324.72874639899874,218,80,310,179,existing,324.72874639899874,218,87,310,140,existing,810.9339346714228,218,88,310,265,existing,564.4595510719356,218,84,310,36,existing,1205.7617021643841,218,83,310,277,existing,1216.4093340999643,218,75,310,36,existing,1205.7617021643841,218,77,310,47,existing,1162.5071183373557,218,85,310,45,existing,1572.283878371802,218,82,310,46,existing,1473.8500605795025
219,219,74,311,138,existing,476.94947105094803,219,74,311,96,existing,240.34429690858997,219,74,311,311,allocated,0.0,219,88,311,265,existing,485.9715734943346,219,80,311,179,existing,556.522434317913,219,87,311,140,existing,691.9398310658614,219,81,311,179,existing,556.522434317913,219,75,311,36,existing,1437.5553900832983,219,77,311,47,existing,1394.30080625627,219,83,311,277,existing,1448.2030220188785,219,84,311,36,existing,1437.5553900832983,219,82,311,46,existing,1705.643748498417,219,85,311,45,existing,1804.0775662907163
220,220,66,312,165,existing,518.4072075967448,220,66,312,232,existing,444.08053190321414,220,66,312,227,allocated,391.09029548533704,220,88,312,265,existing,646.8067881566936,220,87,312,140,existing,658.8676736218564,220,81,312,179,existing,886.5375928296305,220,80,312,179,existing,886.5375928296305,220,77,312,47,existing,1726.533273857231,220,84,312,36,existing,1769.787857684259,220,75,312,36,existing,1769.787857684259,220,83,312,277,existing,1780.4354896198392,220,82,312,46,existing,2037.8762160993779,220,85,312,45,existing,2136.310033891677
221,221,67,313,124,existing,409.09611159153496,221,67,313,232,existing,95.19357012413893,221,67,313,124,allocated,409.09611159153496,221,87,313,140,existing,930.7399273866156,221,88,313,265,existing,1186.080890184047,221,81,313,179,existing,1425.8116948569836,221,80,313,179,existing,1425.8116948569836,221,84,313,36,existing,2309.061959711612,221,77,313,47,existing,2265.807375884584,221,83,313,277,existing,2319.7095916471926,221,75,313,36,existing,2309.061959711612,221,85,313,45,existing,2675.58413591903,221,82,313,46,existing,2577.150318126731
222,222,70,314,2,existing,932.2970342276235,222,70,314,72,existing,1030.6875014014681,222,70,314,314,allocated,0.0,222,77,314,47,existing,904.9225651470415,222,83,314,277,existing,1080.1448748736766,222,86,314,122,existing,1201.2625672000277,222,82,314,46,existing,1216.2655073891883,222,84,314,36,existing,1260.5334147201113,222,81,314,179,existing,1701.3733283663232,222,85,314,45,existing,1314.6993251814874,222,75,314,36,existing,1260.5334147201113,222,76,314,67,existing,1737.4350266590397,222,80,314,179,existing,1701.3733283663232
223,223,70,315,2,existing,1035.0918282446223,223,70,315,72,existing,1133.482295418467,223,70,315,314,allocated,102.79479401699884,223,77,315,47,existing,1007.7173591640403,223,83,315,277,existing,1182.9396688906754,223,82,315,46,existing,1319.0603014061871,223,86,315,122,existing,1304.0573612170265,223,85,315,45,existing,1417.4941191984863,223,84,315,36,existing,1363.3282087371101,223,80,315,179,existing,1804.168122383322,223,75,315,36,existing,1363.3282087371101,223,81,315,179,existing,1804.168122383322,223,76,315,67,existing,1840.2298206760386
224,224,70,316,2,existing,1041.1791522829046,224,70,316,153,existing,422.88231496814194,224,70,316,70,allocated,270.64994771411034,224,79,316,301,existing,431.06579142057694,224,78,316,301,existing,431.06579142057694,224,86,316,122,existing,638.1739625042904,224,76,316,67,existing,619.5216166431849,224,83,316,277,existing,1508.9036380568496,224,82,316,46,existing,965.5374083240288,224,85,316,45,existing,867.1035905317294,224,77,316,47,existing,1276.8803505661756,224,75,316,36,existing,1689.292177903284,224,84,316,36,existing,1689.292177903284
225,225,69,317,177,existing,730.5049862492857,225,69,317,96,existing,322.9553493602479,225,69,317,90,allocated,238.02893235810234,225,81,317,179,existing,806.4091210556951,225,80,317,179,existing,806.4091210556951,225,77,317,47,existing,1214.6932702515978,225,88,317,265,existing,1046.139925728632,225,87,317,140,existing,1255.2394773346991,225,84,317,36,existing,1260.7181819713282,225,83,317,277,existing,1271.3658139069084,225,75,317,36,existing,1260.7181819713282,225,82,317,46,existing,1526.0362124937446,225,85,317,45,existing,1624.4700302860438
226,226,70,318,2,existing,898.0218233815106,226,70,318,72,existing,776.6309381390937,226,70,318,220,allocated,546.5330730601403,226,86,318,122,existing,771.6428790862002,226,76,318,67,existing,792.9505094542221,226,82,318,46,existing,970.8203095731179,226,85,318,45,existing,1000.5725071136392,226,77,318,47,existing,1096.9686967077992,226,79,318,301,existing,1384.6319200903326,226,78,318,301,existing,1384.6319200903326,226,83,318,277,existing,1319.2069300384069,226,84,318,36,existing,1499.5954698848413,226,75,318,36,existing,1499.5954698848413
227,227,66,319,165,existing,250.92150561351465,227,66,319,321,existing,526.0364155235433,227,66,319,135,existing,162.87497574020946,227,88,319,265,existing,261.1653034141314,227,87,319,140,existing,358.8333974917183,227,80,319,179,existing,500.8961080870683,227,81,319,179,existing,500.8961080870683,227,83,319,277,existing,1408.0500648329974,227,77,319,47,existing,1354.147849070389,227,84,319,36,existing,1397.4024328974172,227,75,319,36,existing,1397.4024328974172,227,82,319,46,existing,1665.4907913125357,227,85,319,45,existing,1763.924609104835
228,228,73,322,148,existing,261.3619141038776,228,73,322,321,existing,520.7073055746047,228,73,322,293,allocated,55.200533584458505,228,77,322,47,existing,434.54293836973505,228,83,322,277,existing,519.5400180174987,228,75,322,36,existing,537.4130472600166,228,84,322,36,existing,537.4130472600166,228,80,322,179,existing,854.8395844681343,228,81,322,179,existing,854.8395844681343,228,82,322,46,existing,745.8858806118818,228,85,322,45,existing,844.3196984041812,228,86,322,122,existing,1073.24932643162,228,88,322,265,existing,1094.570389141071
229,229,66,323,165,existing,969.444208752567,229,66,323,232,existing,895.1175330590363,229,66,323,227,allocated,842.1272966411592,229,88,323,265,existing,1092.8792953658208,229,87,323,140,existing,1109.9046747776786,229,80,323,179,existing,1332.6101000387575,229,81,323,179,existing,1332.6101000387575,229,77,323,47,existing,2172.605781066358,229,75,323,36,existing,2215.860364893386,229,84,323,36,existing,2215.860364893386,229,83,323,277,existing,2226.5079968289665,229,82,323,46,existing,2483.9487233085047,229,85,323,45,existing,2582.382541100804
230,230,69,325,177,existing,287.03928724159306,230,69,325,321,existing,293.1698581187663,230,69,325,325,allocated,0.0,230,80,325,179,existing,362.9434220480025,230,81,325,179,existing,362.9434220480025,230,87,325,140,existing,849.1486103204264,230,88,325,265,existing,602.6742267209394,230,84,325,36,existing,1202.2654077374332,230,77,325,47,existing,1159.010823910405,230,75,325,36,existing,1202.2654077374332,230,83,325,277,existing,1212.9130396730134,230,85,325,45,existing,1568.7875839448511,230,82,325,46,existing,1470.3537661525518
231,231,67,326,124,existing,791.1416372462406,231,67,326,232,existing,507.33505683485623,231,67,326,227,allocated,669.826233820995,231,87,326,140,existing,1171.871845249102,231,88,326,265,existing,1427.2128080465332,231,80,326,179,existing,1666.9436127194701,231,81,326,179,existing,1666.9436127194701,231,75,326,36,existing,2550.1938775740987,231,84,326,36,existing,2550.1938775740987,231,77,326,47,existing,2506.93929374707,231,83,326,277,existing,2560.841509509679,231,82,326,46,existing,2818.282235989217,231,85,326,45,existing,2916.7160537815166
232,232,71,331,36,existing,281.9007755972572,232,71,331,321,existing,1242.7597527245912,232,71,331,331,allocated,0.0,232,84,331,36,existing,281.9007755972572,232,75,331,36,existing,281.9007755972572,232,77,331,47,existing,694.3126029343659,232,83,331,277,existing,468.51516878595464,232,80,331,179,existing,1178.407100407606,232,82,331,46,existing,1005.6555451765128,232,81,331,179,existing,1178.407100407606,232,85,331,45,existing,1104.089362968812,232,86,331,122,existing,1333.018990996251,232,88,331,265,existing,1418.137905080543
233,233,70,332,2,existing,1292.2845426984131,233,70,332,78,existing,342.42174476207856,233,70,332,11,allocated,450.5624020171356,233,76,332,67,existing,420.4748588265278,233,79,332,301,existing,814.7223176830339,233,86,332,122,existing,943.4463283948091,233,78,332,301,existing,814.7223176830339,233,77,332,47,existing,1582.1527164566942,233,82,332,46,existing,1270.8097742145474,233,85,332,45,existing,1172.375956422248,233,83,332,277,existing,1814.1760039473684,233,84,332,36,existing,1994.5645437938028,233,75,332,36,existing,1994.5645437938028
234,234,66,333,165,existing,709.4853354055538,234,66,333,232,existing,635.1586597120231,234,66,333,227,allocated,582.1684232941459,234,88,333,265,existing,793.1146805029693,234,87,333,140,existing,849.9458014306654,234,80,333,179,existing,1032.845485175906,234,81,333,179,existing,1032.845485175906,234,83,333,277,existing,1926.743381966115,234,77,333,47,existing,1872.8411662035066,234,75,333,36,existing,1916.0957500305349,234,84,333,36,existing,1916.0957500305349,234,85,333,45,existing,2282.617926237953,234,82,333,46,existing,2184.1841084456537
235,235,67,334,124,existing,276.3618805503013,235,67,334,232,existing,615.3971556932812,235,67,334,68,allocated,226.31895459194314,235,87,334,140,existing,608.1590676774484,235,88,334,265,existing,868.9551671880465,235,80,334,179,existing,1108.6859718609835,235,81,334,179,existing,1108.6859718609835,235,84,334,36,existing,1991.9362367156118,235,75,334,36,existing,1991.9362367156118,235,77,334,47,existing,1948.6816528885838,235,83,334,277,existing,2002.583868651192,235,82,334,46,existing,2260.0245951307306,235,85,334,45,existing,2358.4584129230298
236,236,69,336,177,existing,147.17020352388175,236,69,336,321,existing,195.78288017923208,236,69,336,320,allocated,48.72625824404607,236,80,336,179,existing,223.0743383302912,236,81,336,179,existing,223.0743383302912,236,87,336,140,existing,638.1323083870464,236,88,336,265,existing,431.44671909963796,236,77,336,47,existing,1061.6238459708707,236,75,336,36,existing,1104.878429797899,236,84,336,36,existing,1104.878429797899,236,83,336,277,existing,1115.526061733479,236,85,336,45,existing,1471.4006060053168,236,82,336,46,existing,1372.9667882130175
237,237,69,337,177,existing,339.32065565193386,237,69,337,96,existing,237.09716299221094,237,69,337,310,allocated,90.49604405934454,237,80,337,179,existing,415.22479045834325,237,81,337,179,existing,415.22479045834325,237,87,337,140,existing,901.4299787307673,237,88,337,265,existing,654.9555951312801,237,84,337,36,existing,1296.2577462237286,237,83,337,277,existing,1306.9053781593088,237,75,337,36,existing,1296.2577462237286,237,77,337,47,existing,1253.0031623967002,237,85,337,45,existing,1662.7799224311466,237,82,337,46,existing,1564.346104638847
238,238,67,339,124,existing,290.1560879148643,238,67,339,232,existing,629.1913630578442,238,67,339,124,allocated,290.1560879148643,238,87,339,140,existing,689.7204903140532,238,88,339,265,existing,950.5165898246512,238,81,339,179,existing,1190.2473944975882,238,80,339,179,existing,1190.2473944975882,238,75,339,36,existing,2073.497659352217,238,77,339,47,existing,2030.2430755251885,238,84,339,36,existing,2073.497659352217,238,83,339,277,existing,2084.1452912877967,238,85,339,45,existing,2440.019835559635,238,82,339,46,existing,2341.5860177673353
239,239,66,340,165,existing,274.29340437655924,239,66,340,321,existing,549.4083142865878,239,66,340,135,existing,186.24687450325408,239,88,340,265,existing,284.537202177176,239,87,340,140,existing,382.2052962547629,239,80,340,179,existing,524.2680068501129,239,81,340,179,existing,524.2680068501129,239,84,340,36,existing,1420.7743316604617,239,77,340,47,existing,1377.5197478334335,239,75,340,36,existing,1420.7743316604617,239,83,340,277,existing,1431.421963596042,239,85,340,45,existing,1787.2965078678797,239,82,340,46,existing,1688.8626900755803
