,assign_from_var_id_grocery,assign_to_var_id_grocery,assign_from_node_id_grocery,assign_to_node_id_grocery,assign_type_grocery,dist_grocery,assign_from_var_id_school,assign_to_var_id_school,assign_from_node_id_school,assign_to_node_id_school,assign_type_school,dist_school,assign_from_var_id_healthcare,assign_to_var_id_healthcare,assign_from_node_id_healthcare,assign_to_node_id_healthcare,assign_type_healthcare,dist_healthcare,0_assign_from_var_id_restaurant,0_assign_to_var_id_restaurant,0_assign_from_node_id_restaurant,0_assign_to_node_id_restaurant,0_assign_type_restaurant,0_dist_restaurant,1_assign_from_var_id_restaurant,1_assign_to_var_id_restaurant,1_assign_from_node_id_restaurant,1_assign_to_node_id_restaurant,1_assign_type_restaurant,1_dist_restaurant,2_assign_from_var_id_restaurant,2_assign_to_var_id_restaurant,2_assign_from_node_id_restaurant,2_assign_to_node_id_restaurant,2_assign_type_restaurant,2_dist_restaurant,3_assign_from_var_id_restaurant,3_assign_to_var_id_restaurant,3_assign_from_node_id_restaurant,3_assign_to_node_id_restaurant,3_assign_type_restaurant,3_dist_restaurant,4_assign_from_var_id_restaurant,4_assign_to_var_id_restaurant,4_assign_from_node_id_restaurant,4_assign_to_node_id_restaurant,4_assign_type_restaurant,4_dist_restaurant,5_assign_from_var_id_restaurant,5_assign_to_var_id_restaurant,5_assign_from_node_id_restaurant,5_assign_to_node_id_restaurant,5_assign_type_restaurant,5_dist_restaurant,6_assign_from_var_id_restaurant,6_assign_to_var_id_restaurant,6_assign_from_node_id_restaurant,6_assign_to_node_id_restaurant,6_assign_type_restaurant,6_dist_restaurant,7_assign_from_var_id_restaurant,7_assign_to_var_id_restaurant,7_assign_from_node_id_restaurant,7_assign_to_node_id_restaurant,7_assign_type_restaurant,7_dist_restaurant,8_assign_from_var_id_restaurant,8_assign_to_var_id_restaurant,8_assign_from_node_id_restaurant,8_assign_to_node_id_restaurant,8_assign_type_restaurant,8_dist_restaurant,9_assign_from_var_id_restaurant,9_assign_to_var_id_restaurant,9_assign_from_node_id_restaurant,9_assign_to_node_id_restaurant,9_assign_type_restaurant,9_dist_restaurant
0,0,59,2,99,existing,421.50705441879086,0,59,2,374,allocated,377.3343490459609,0,59,2,374,allocated,377.3343490459609,0,78,2,423,existing,467.54541474274447,0,21,2,237,allocated,527.6249236267923,0,30,2,337,allocated,1234.5263845434363,0,80,2,306,existing,1455.4700982349684,0,77,2,165,existing,2078.7338332709387,0,76,2,121,existing,2103.7020246218476,0,79,2,306,existing,1455.4700982349684,0,10,2,130,allocated,1773.41781046001,0,84,2,384,existing,2110.1908755719287,0,75,2,384,existing,2110.1908755719287
1,1,59,3,99,existing,543.024041090744,1,59,3,262,existing,304.5037075483822,1,59,3,237,allocated,406.10793695483915,1,21,3,237,allocated,406.10793695483915,1,78,3,423,existing,589.0624014146977,1,80,3,306,existing,1488.1558311311896,1,30,3,337,allocated,1113.009397871483,1,76,3,121,existing,1982.1850379498942,1,77,3,165,existing,1957.2168465989855,1,10,3,130,allocated,1651.900823788057,1,79,3,306,existing,1488.1558311311896,1,82,3,164,existing,2064.0995818662796,1,81,3,164,existing,2064.0995818662796
2,2,14,4,158,allocated,127.77153860907441,2,14,4,157,existing,54.868567875271005,2,14,4,158,allocated,127.77153860907441,2,78,4,423,existing,1016.8089381507236,2,21,4,237,allocated,1178.7504775567197,2,77,4,165,existing,1636.9516207258234,2,30,4,337,allocated,1328.938535312771,2,76,4,121,existing,1661.919812076732,2,81,4,164,existing,1745.969869000618,2,10,4,130,allocated,1848.784915160132,2,82,4,164,existing,1745.969869000618,2,79,4,306,existing,2197.689778362538,2,80,4,306,existing,2197.689778362538
3,3,68,6,507,existing,240.4641037457949,3,68,6,508,allocated,260.26039657634925,3,68,6,508,allocated,260.26039657634925,3,77,6,165,existing,471.9792312078925,3,76,6,121,existing,496.94742255880107,3,81,6,164,existing,581.0102095365907,3,82,6,164,existing,581.0102095365907,3,21,6,237,allocated,1351.44108713532,3,10,6,130,allocated,1186.3529626787983,3,30,6,337,allocated,666.5065828314372,3,83,6,63,existing,1326.1127295721499,3,79,6,306,existing,1535.2578258812046,3,80,6,306,existing,1535.2578258812046
4,4,68,7,507,existing,206.0141809412712,4,68,7,508,allocated,225.81047377182557,4,68,7,508,allocated,225.81047377182557,4,77,7,165,existing,496.27583247544686,4,76,7,121,existing,519.3660724449254,4,81,7,164,existing,605.306810804145,4,82,7,164,existing,605.306810804145,4,10,7,130,allocated,1220.8028854833221,4,83,7,63,existing,1360.5626523766737,4,21,7,237,allocated,1385.8910099398436,4,30,7,337,allocated,700.9565056359609,4,79,7,306,existing,1569.7077486857283,4,80,7,306,existing,1569.7077486857283
5,5,59,8,99,existing,266.3547532975363,5,59,8,374,allocated,532.4866501672154,5,59,8,374,allocated,532.4866501672154,5,78,8,423,existing,622.6977158639991,5,21,8,237,allocated,682.7772247480469,5,30,8,337,allocated,1272.9799785856399,5,79,8,306,existing,1300.3177971137138,5,80,8,306,existing,1300.3177971137138,5,10,8,130,allocated,1689.3869235165641,5,84,8,384,existing,1955.038574450674,5,75,8,384,existing,1955.038574450674,5,76,8,121,existing,2142.155618664051,5,77,8,165,existing,2117.1874273131425
6,6,59,9,99,existing,294.98917302819785,6,59,9,374,allocated,503.85223043655395,6,59,9,374,allocated,503.85223043655395,6,78,9,423,existing,594.0632961333375,6,21,9,237,allocated,654.1428050173854,6,30,9,337,allocated,1301.6143983163013,6,80,9,306,existing,1328.9522168443755,6,10,9,130,allocated,1718.0213432472256,6,84,9,384,existing,1983.6729941813355,6,75,9,384,existing,1983.6729941813355,6,79,9,306,existing,1328.9522168443755,6,77,9,165,existing,2145.821847043804,6,76,9,121,existing,2170.7900383947126
7,7,61,13,473,existing,430.990250359108,7,61,13,337,existing,409.8841246193043,7,61,13,47,allocated,372.3336075969883,7,30,13,337,allocated,409.8841246193043,7,77,13,165,existing,535.5891532398464,7,76,13,121,existing,560.5573445907548,7,81,13,164,existing,642.4718885071402,7,21,13,237,allocated,1116.7855855359483,7,82,13,164,existing,642.4718885071402,7,83,13,63,existing,1240.7817288702076,7,10,13,130,allocated,927.0764648581065,7,79,13,306,existing,1278.635367669072,7,80,13,306,existing,1278.635367669072
8,8,70,15,458,existing,295.6578246948631,8,70,15,236,existing,321.8153319415211,8,70,15,307,existing,196.48616811351562,8,79,15,306,existing,391.3633322124828,8,80,15,306,existing,391.3633322124828,8,21,15,237,allocated,769.1569934547825,8,30,15,337,allocated,555.8603423281996,8,76,15,121,existing,1425.0359824066109,8,10,15,130,allocated,780.4324586153328,8,77,15,165,existing,1400.0677910557022,8,78,15,423,existing,1404.5198764472548,8,75,15,384,existing,1444.120066356173,8,84,15,384,existing,1444.120066356173
9,9,70,16,458,existing,341.2925946912329,9,70,16,236,existing,276.18056194515134,9,70,16,307,existing,242.12093810988537,9,80,16,306,existing,436.99810220885263,9,79,16,306,existing,436.99810220885263,9,30,16,337,allocated,510.2255723318299,9,21,16,237,allocated,723.5222234584128,9,10,16,130,allocated,826.0672286117026,9,76,16,121,existing,1379.401212410241,9,77,16,165,existing,1354.4330210593323,9,78,16,423,existing,1396.8750741112126,9,82,16,164,existing,1461.3157563266261,9,81,16,164,existing,1461.3157563266261
10,10,69,17,423,existing,411.3316479995692,10,69,17,374,allocated,321.12058230278564,10,69,17,374,allocated,321.12058230278564,10,78,17,423,existing,411.3316479995692,10,21,17,237,allocated,522.8235467638518,10,80,17,306,existing,1511.6838649781437,10,30,17,337,allocated,1229.7250076804958,10,77,17,165,existing,2073.9324564079984,10,10,17,130,allocated,1768.6164335970698,10,79,17,306,existing,1511.6838649781437,10,76,17,121,existing,2098.900647758907,10,84,17,384,existing,2166.404642315104,10,75,17,384,existing,2166.404642315104
11,11,69,18,423,existing,522.2831564568628,11,69,18,262,existing,298.84263168762345,11,69,18,237,allocated,346.0716256218671,11,21,18,237,allocated,346.0716256218671,11,78,18,423,existing,522.2831564568628,11,80,18,306,existing,1428.1195197982174,11,30,18,337,allocated,1052.973086538511,11,76,18,121,existing,1922.148726616922,11,10,18,130,allocated,1591.8645124550849,11,77,18,165,existing,1897.1805352660135,11,79,18,306,existing,1428.1195197982174,11,81,18,164,existing,2004.0632705333073,11,82,18,164,existing,2004.0632705333073
12,12,74,19,108,existing,133.10899764148257,12,74,19,358,existing,116.97150947636943,12,74,19,19,allocated,0.0,12,78,19,423,existing,538.4735817610708,12,21,19,237,allocated,925.9090324493454,12,79,19,306,existing,2001.1470057287563,12,30,19,337,allocated,1593.0603149869462,12,77,19,165,existing,2175.561884028728,12,10,19,130,allocated,2164.891998385624,12,76,19,121,existing,2200.5300753796364,12,80,19,306,existing,2001.1470057287563,12,82,19,164,existing,2284.5801323035225,12,81,19,164,existing,2284.5801323035225
13,13,74,27,108,existing,138.42489495785392,13,74,27,358,existing,319.89321636910904,13,74,27,397,allocated,105.66749747467061,13,78,27,423,existing,720.3172434321261,13,21,27,237,allocated,1039.0451807880618,13,80,27,306,existing,2114.2831540674724,13,30,27,337,allocated,1706.1964633256625,13,79,27,306,existing,2114.2831540674724,13,76,27,121,existing,2145.568957217546,13,81,27,164,existing,2229.619014141432,13,77,27,165,existing,2120.6007658666376,13,10,27,130,allocated,2278.0281467243403,13,82,27,164,existing,2229.619014141432
14,14,74,28,108,existing,169.91310995247142,14,74,28,358,existing,351.38143136372656,14,74,28,397,allocated,137.15571246928812,14,78,28,423,existing,751.8054584267436,14,21,28,237,allocated,1070.5333957826792,14,30,28,337,allocated,1737.68467832028,14,80,28,306,existing,2145.7713690620903,14,81,28,164,existing,2261.1072291360497,14,76,28,121,existing,2177.0571722121636,14,77,28,165,existing,2152.088980861255,14,79,28,306,existing,2145.7713690620903,14,82,28,164,existing,2261.1072291360497,14,10,28,130,allocated,2309.5163617189573
15,15,39,29,412,allocated,308.1657195518506,15,39,29,409,existing,479.5788880151313,15,39,29,412,allocated,308.1657195518506,15,75,29,384,existing,888.4063040508578,15,84,29,384,existing,888.4063040508578,15,10,29,130,allocated,939.3990593349687,15,83,29,63,existing,1081.050809999113,15,80,29,306,existing,1289.4325463910604,15,81,29,164,existing,1389.4441617623138,15,82,29,164,existing,1389.4441617623138,15,79,29,306,existing,1289.4325463910604,15,30,29,337,allocated,1501.2249056464632,15,77,29,165,existing,1498.4751400910118
16,16,39,30,412,allocated,550.0278717391692,16,39,30,409,existing,553.6824539595518,16,39,30,412,allocated,550.0278717391692,16,10,30,130,allocated,697.5369071476499,16,83,30,63,existing,865.0257878057711,16,79,30,306,existing,1047.570394203742,16,80,30,306,existing,1047.570394203742,16,30,30,337,allocated,1282.5396236780941,16,81,30,164,existing,1324.0796338873627,16,84,30,384,existing,1130.2684562381764,16,75,30,384,existing,1130.2684562381764,16,77,30,165,existing,1433.1106122160609,16,82,30,164,existing,1324.0796338873627
17,17,14,31,158,allocated,353.39390339585407,17,14,31,157,existing,280.4909326620507,17,14,31,158,allocated,353.39390339585407,17,78,31,423,existing,893.7136220207024,17,21,31,237,allocated,1066.232367839297,17,30,31,337,allocated,1554.5609000995505,17,77,31,165,existing,1862.573985512603,17,81,31,164,existing,1971.5922337873976,17,82,31,164,existing,1971.5922337873976,17,10,31,130,allocated,2074.407279946912,17,76,31,121,existing,1887.5421768635115,17,79,31,306,existing,2141.470341118708,17,80,31,306,existing,2141.470341118708
18,18,14,32,158,allocated,407.42305243707244,18,14,32,157,existing,334.52008170326906,18,14,32,158,allocated,407.42305243707244,18,78,32,423,existing,947.7427710619206,18,21,32,237,allocated,1120.2615168805155,18,77,32,165,existing,1916.6031345538213,18,30,32,337,allocated,1608.5900491407688,18,81,32,164,existing,2025.6213828286159,18,10,32,130,allocated,2128.43642898813,18,76,32,121,existing,1941.5713259047297,18,82,32,164,existing,2025.6213828286159,18,80,32,306,existing,2195.4994901599266,18,79,32,306,existing,2195.4994901599266
19,19,14,33,158,allocated,490.8654299538157,19,14,33,157,existing,417.9624592200123,19,14,33,372,allocated,346.2322142425247,19,21,33,237,allocated,815.6565862119785,19,78,33,423,existing,935.3567709809606,19,30,33,337,allocated,1358.675963824356,19,77,33,165,existing,1666.6890492374084,19,82,33,164,existing,1775.707297512203,19,10,33,130,allocated,1878.5223436717172,19,81,33,164,existing,1775.707297512203,19,76,33,121,existing,1691.6572405883169,19,80,33,306,existing,1890.8945594913894,19,79,33,306,existing,1890.8945594913894
20,20,14,34,158,allocated,398.4577878463454,20,14,34,157,existing,325.554817112542,20,14,34,158,allocated,398.4577878463454,20,21,34,237,allocated,908.0642283194487,20,78,34,423,existing,1027.764413088431,20,77,34,165,existing,1574.281407129938,20,30,34,337,allocated,1266.2683217168856,20,81,34,164,existing,1683.2996554047327,20,10,34,130,allocated,1786.114701564247,20,82,34,164,existing,1683.2996554047327,20,76,34,121,existing,1599.2495984808465,20,79,34,306,existing,1983.3022015988595,20,80,34,306,existing,1983.3022015988595
21,21,18,35,214,allocated,458.42979385079263,21,18,35,236,existing,572.9758329718318,21,18,35,436,existing,394.07038642569205,21,80,35,306,existing,530.7672948917939,21,79,35,306,existing,530.7672948917939,21,10,35,130,allocated,919.836421294644,21,30,35,337,allocated,807.0208433585104,21,75,35,384,existing,1185.4880722287537,21,21,35,237,allocated,1020.3174944850932,21,84,35,384,existing,1185.4880722287537,21,78,35,423,existing,1281.164995142445,21,76,35,121,existing,1676.1964834369214,21,77,35,165,existing,1651.2282920860127
22,22,59,36,99,existing,449.85192018819197,22,59,36,236,existing,493.38196462117793,22,59,36,307,existing,403.33981455932275,22,79,36,306,existing,598.2169786582899,22,80,36,306,existing,598.2169786582899,22,21,36,237,allocated,940.7236261344394,22,30,36,337,allocated,727.4269750078565,22,84,36,384,existing,1265.0819405794077,22,75,36,384,existing,1265.0819405794077,22,10,36,130,allocated,987.28610506114,22,78,36,423,existing,1201.571126791791,22,76,36,121,existing,1596.6026150862676,22,77,36,165,existing,1571.634423735359
23,23,70,37,458,existing,145.99560749793457,23,70,37,236,existing,471.47754913844966,23,70,37,307,existing,247.73467642867962,23,80,37,306,existing,442.6118405276469,23,79,37,306,existing,442.6118405276469,23,30,37,337,allocated,705.5225595251283,23,10,37,130,allocated,713.8316502334011,23,77,37,165,existing,1549.7300082526306,23,21,37,237,allocated,918.8192106517112,23,84,37,384,existing,1495.368574671337,23,75,37,384,existing,1495.368574671337,23,76,37,121,existing,1574.6981996035393,23,78,37,423,existing,1554.1820936441832
24,24,70,38,458,existing,166.42454019886728,24,70,38,236,existing,451.04861643751696,24,70,38,307,existing,257.809567154316,24,80,38,306,existing,452.68673125328326,24,79,38,306,existing,452.68673125328326,24,10,38,130,allocated,734.2605829343338,24,30,38,337,allocated,685.0936268241956,24,21,38,237,allocated,898.3902779507785,24,75,38,384,existing,1505.4434653969736,24,77,38,165,existing,1529.301075551698,24,84,38,384,existing,1505.4434653969736,24,78,38,423,existing,1533.7531609432506,24,76,38,121,existing,1554.2692669026064
25,25,71,39,402,existing,322.7813790347542,25,71,39,409,existing,830.477828668905,25,71,39,302,allocated,284.575038370753,25,10,39,130,allocated,343.98919835842935,25,79,39,306,existing,694.0226854145212,25,30,39,337,allocated,997.8866715674491,25,80,39,306,existing,694.0226854145212,25,82,39,164,existing,1077.5524001813847,25,81,39,164,existing,1077.5524001813847,25,83,39,63,existing,1009.6057089917196,25,77,39,165,existing,1186.5833785100829,25,76,39,121,existing,1206.3320243801045,25,75,39,384,existing,1332.662214996743
26,26,71,40,402,existing,234.99441875114294,26,71,40,317,existing,852.3014172373612,26,71,40,302,allocated,196.78807808714177,26,10,40,130,allocated,256.2022380748181,26,79,40,306,existing,606.23572513091,26,30,40,337,allocated,910.0997112838378,26,80,40,306,existing,606.23572513091,26,77,40,165,existing,1098.7964182264718,26,82,40,164,existing,989.7654398977736,26,81,40,164,existing,989.7654398977736,26,83,40,63,existing,921.8187487081083,26,76,40,121,existing,1118.5450640964934,26,75,40,384,existing,1420.4491752803542
27,27,66,41,363,existing,240.41440866958564,27,66,41,317,existing,680.4344533605301,27,66,41,140,existing,193.99590386011377,27,77,41,165,existing,574.3568224238008,27,76,41,121,existing,599.3250137747094,27,10,41,130,allocated,609.9769843937461,27,81,41,164,existing,670.8963487578178,27,79,41,306,existing,999.046110796596,27,30,41,337,allocated,681.594185695722,27,82,41,164,existing,670.8963487578178,27,83,41,63,existing,876.3299749026313,27,21,41,237,allocated,1388.4956466123658,27,80,41,306,existing,999.046110796596
28,28,65,42,139,existing,230.29177898214016,28,65,42,317,existing,634.9186334176218,28,65,42,140,existing,236.25124293313826,28,77,42,165,existing,533.3726432174393,28,76,42,121,existing,558.3408345683479,28,81,42,164,existing,629.9121695514563,28,82,42,164,existing,629.9121695514563,28,10,42,130,allocated,654.3105291965721,28,83,42,63,existing,830.8141549597228,28,79,42,306,existing,1043.379655599422,28,30,42,337,allocated,727.5662186299569,28,80,42,306,existing,1043.379655599422,28,21,42,237,allocated,1434.467679546601
29,29,64,43,523,existing,162.63993940407235,29,64,43,317,existing,115.28688631308242,29,64,43,317,allocated,115.28688631308242,29,82,43,164,existing,47.77185003196606,29,81,43,164,existing,47.77185003196606,29,77,43,165,existing,156.8028283606642,29,76,43,121,existing,205.03514477869044,29,80,43,306,existing,1408.8538484797825,29,10,43,130,allocated,1019.7847220769324,29,30,43,337,allocated,903.3183339628304,29,83,43,63,existing,1004.2364166314231,29,79,43,306,existing,1408.8538484797825,29,21,43,237,allocated,1610.2197948794744
30,30,73,44,473,existing,216.5005817438223,30,73,44,317,existing,174.07627050842333,30,73,44,515,allocated,125.36305293763573,30,81,44,164,existing,106.56123422730695,30,82,44,164,existing,106.56123422730695,30,77,44,165,existing,121.27756923244101,30,76,44,121,existing,146.24576058334952,30,10,44,130,allocated,1078.5741062722734,30,80,44,306,existing,1467.6432326751235,30,83,44,63,existing,1063.025800826764,30,30,44,337,allocated,844.5289497674894,30,21,44,237,allocated,1551.4304106841334,30,79,44,306,existing,1467.6432326751235
31,31,61,45,473,existing,160.8726510742468,31,61,45,317,existing,229.70420117799884,31,61,45,515,allocated,69.73512226806022,31,77,45,165,existing,65.6496385628655,31,76,45,121,existing,90.61782991377403,31,81,45,164,existing,162.18916489688246,31,82,45,164,existing,162.18916489688246,31,21,45,237,allocated,1495.802480014558,31,30,45,337,allocated,788.9010190979138,31,10,45,130,allocated,1118.6841682546813,31,83,45,63,existing,1118.6537314963396,31,79,45,306,existing,1507.7532946575313,31,80,45,306,existing,1507.7532946575313
32,32,73,47,473,existing,58.66268417697944,32,73,47,508,allocated,245.40068171849668,32,73,47,47,allocated,0.0,32,77,47,165,existing,163.255545642858,32,76,47,121,existing,188.22373699376652,32,81,47,164,existing,272.0366615236426,32,82,47,164,existing,272.0366615236426,32,30,47,337,allocated,680.9519030846444,32,83,47,63,existing,1228.5012281230997,32,21,47,237,allocated,1387.8533640012884,32,10,47,130,allocated,1198.1442433234465,32,79,47,306,existing,1549.7031461344118,32,80,47,306,existing,1549.7031461344118
33,33,65,48,139,existing,246.99709026200975,33,65,48,317,existing,282.0744014723382,33,65,48,220,allocated,52.07917867209868,33,81,48,164,existing,321.3162706491846,33,82,48,164,existing,321.3162706491846,33,76,48,121,existing,478.579565395909,33,77,48,165,existing,430.34724897788277,33,83,48,63,existing,813.6705201007068,33,10,48,130,allocated,746.8680715903783,33,30,48,337,allocated,735.729504257157,33,80,48,306,existing,1135.9371979932282,33,21,48,237,allocated,1442.630965173801,33,79,48,306,existing,1135.9371979932282
34,34,61,50,473,existing,147.4986529129955,34,61,50,508,allocated,334.23665045451276,34,61,50,473,allocated,147.4986529129955,34,77,50,165,existing,273.49223853737675,34,76,50,121,existing,298.4604298882853,34,82,50,164,existing,382.5232168660749,34,81,50,164,existing,382.5232168660749,34,83,50,63,existing,1224.8826993473626,34,30,50,337,allocated,592.1098929337686,34,10,50,130,allocated,1109.3022331725708,34,21,50,237,allocated,1285.8948850574009,34,79,50,306,existing,1460.861135983536,34,80,50,306,existing,1460.861135983536
35,35,68,51,507,existing,194.49633074086321,35,68,51,508,allocated,214.29262357141758,35,68,51,508,allocated,214.29262357141758,35,77,51,165,existing,394.2241961042649,35,76,51,121,existing,419.19238745517345,35,82,51,164,existing,503.25517443296303,35,81,51,164,existing,503.25517443296303,35,30,51,337,allocated,715.4226825844205,35,10,51,130,allocated,1232.6150228232227,35,83,51,63,existing,1348.1954889980148,35,21,51,237,allocated,1409.2076747080528,35,80,51,306,existing,1584.173925634188,35,79,51,306,existing,1584.173925634188
36,36,14,52,158,allocated,249.23754017589957,36,14,52,157,existing,298.6069189519095,36,14,52,158,allocated,249.23754017589957,36,78,52,423,existing,1097.8385941566241,36,21,52,237,allocated,1270.3573399752188,36,77,52,165,existing,1758.4176222926485,36,30,52,337,allocated,1450.404536879596,36,10,52,130,allocated,1970.2509167269573,36,81,52,164,existing,1867.435870567443,36,76,52,121,existing,1783.385813643557,36,82,52,164,existing,1867.435870567443,36,79,52,306,existing,2319.1557799293632,36,80,52,306,existing,2319.1557799293632
37,37,14,53,158,allocated,228.67150328324044,37,14,53,157,existing,301.5744740170438,37,14,53,158,allocated,228.67150328324044,37,78,53,423,existing,1160.2296906192582,37,21,53,237,allocated,1283.2729014174813,37,30,53,337,allocated,1429.8384999869368,37,77,53,165,existing,1737.8515853999893,37,76,53,121,existing,1762.8197767508977,37,10,53,130,allocated,1949.6848798342983,37,82,53,164,existing,1846.8698336747839,37,81,53,164,existing,1846.8698336747839,37,79,53,306,existing,2298.589743036704,37,80,53,306,existing,2298.589743036704
38,38,59,54,99,existing,227.75043788222516,38,59,54,236,existing,604.4861419119759,38,59,54,354,allocated,760.8681410594705,38,30,54,337,allocated,864.0459413153583,38,78,54,423,existing,979.4696444858241,38,80,54,306,existing,1239.1923745750646,38,21,54,237,allocated,1051.827803425237,38,79,54,306,existing,1239.1923745750646,38,10,54,130,allocated,1402.937367231932,38,77,54,165,existing,1708.253390042861,38,76,54,121,existing,1733.2215813937696,38,81,54,164,existing,1815.1361253101547,38,82,54,164,existing,1815.1361253101547
39,39,59,55,99,existing,185.1648609274852,39,59,55,236,existing,561.9005649572359,39,59,55,354,allocated,718.2825641047306,39,30,55,337,allocated,821.4603643606183,39,78,55,423,existing,936.8840675310842,39,80,55,306,existing,1196.6067976203249,39,21,55,237,allocated,1009.2422264704973,39,76,55,121,existing,1690.6360044390294,39,77,55,165,existing,1665.6678130881207,39,79,55,306,existing,1196.6067976203249,39,10,55,130,allocated,1360.3517902771923,39,81,55,164,existing,1772.5505483554145,39,82,55,164,existing,1772.5505483554145
40,40,14,56,158,allocated,459.4033096152833,40,14,56,157,existing,532.3062803490867,40,14,56,208,allocated,197.9717540921341,40,21,56,237,allocated,595.1980885189575,40,30,56,337,allocated,887.6921470702183,40,78,56,423,existing,1100.6176038253464,40,77,56,165,existing,1195.7052324832707,40,82,56,164,existing,1304.7234807580655,40,10,56,130,allocated,1407.5385269175795,40,81,56,164,existing,1304.7234807580655,40,76,56,121,existing,1220.6734238341792,40,79,56,306,existing,1670.4360617983684,40,80,56,306,existing,1670.4360617983684
41,41,14,57,158,allocated,507.9294111533049,41,14,57,157,existing,580.8323818871083,41,14,57,208,allocated,149.44565255411254,41,21,57,237,allocated,546.671986980936,41,30,57,337,allocated,936.21824860824,41,78,57,423,existing,1052.0915022873248,41,77,57,165,existing,1244.2313340212922,41,82,57,164,existing,1353.249582296087,41,81,57,164,existing,1353.249582296087,41,10,57,130,allocated,1456.064628455601,41,76,57,121,existing,1269.1995253722007,41,80,57,306,existing,1621.909960260347,41,79,57,306,existing,1621.909960260347
42,42,68,58,507,existing,330.3443205469879,42,68,58,508,allocated,350.14061337754225,42,68,58,508,allocated,350.14061337754225,42,77,58,165,existing,620.6059720811636,42,76,58,121,existing,643.6962120506421,42,82,58,164,existing,729.6369504098617,42,81,58,164,existing,729.6369504098617,42,10,58,130,allocated,1345.1330250890387,42,21,58,237,allocated,1510.2211495455604,42,83,58,63,existing,1484.8927919823905,42,30,58,337,allocated,825.2866452416775,42,79,58,306,existing,1694.037888291445,42,80,58,306,existing,1694.037888291445
43,43,68,59,507,existing,409.99071374867367,43,68,59,508,allocated,429.78700657922803,43,68,59,508,allocated,429.78700657922803,43,77,59,165,existing,700.2523652828493,43,76,59,121,existing,723.3426052523279,43,82,59,164,existing,809.2833436115475,43,81,59,164,existing,809.2833436115475,43,30,59,337,allocated,904.9330384433633,43,83,59,63,existing,1564.5391851840761,43,10,59,130,allocated,1424.7794182907244,43,21,59,237,allocated,1589.8675427472463,43,80,59,306,existing,1773.6842814931308,43,79,59,306,existing,1773.6842814931308
44,44,59,60,99,existing,249.60449588501547,44,59,60,236,existing,626.3401999147661,44,59,60,354,allocated,782.7221990622609,44,30,60,337,allocated,885.8999993181486,44,78,60,423,existing,1001.3237024886145,44,21,60,237,allocated,1073.6818614280276,44,79,60,306,existing,1261.0464325778548,44,77,60,165,existing,1730.1074480456512,44,10,60,130,allocated,1424.7914252347223,44,80,60,306,existing,1261.0464325778548,44,76,60,121,existing,1755.0756393965598,44,81,60,164,existing,1836.990183312945,44,82,60,164,existing,1836.990183312945
45,45,65,61,139,existing,380.00911820151407,45,65,61,409,existing,499.0242851709638,45,65,61,64,allocated,160.88270668830123,45,83,61,63,existing,290.97818193183565,45,10,61,130,allocated,721.5291168949127,45,81,61,164,existing,800.3021880365619,45,82,61,164,existing,800.3021880365619,45,79,61,306,existing,1110.5982432977628,45,77,61,165,existing,909.33316636526,45,76,61,121,existing,929.0818122352817,45,80,61,306,existing,1110.5982432977628,45,75,61,384,existing,1678.4789321181347,45,30,61,337,allocated,1188.7883934135707
46,46,65,62,139,existing,352.7474226296147,46,65,62,409,existing,521.9963904679328,46,65,62,64,allocated,187.7688267263754,46,83,62,63,existing,317.86430196990983,46,10,62,130,allocated,694.2674213230134,46,82,62,164,existing,775.5661624241594,46,81,62,164,existing,775.5661624241594,46,77,62,165,existing,884.5971407528575,46,79,62,306,existing,1083.3365477258633,46,80,62,306,existing,1083.3365477258633,46,76,62,121,existing,904.3457866228791,46,84,62,384,existing,1701.4510374151037,46,30,62,337,allocated,1161.5266978416712
47,47,65,63,139,existing,600.5223759775827,47,65,63,409,existing,790.0024671027994,47,65,63,64,allocated,130.09547524353445,47,83,63,63,existing,0.0,47,81,63,164,existing,956.464566599457,47,82,63,164,existing,956.464566599457,47,10,63,130,allocated,1012.1317232929232,47,79,63,306,existing,1401.2008496957733,47,80,63,306,existing,1401.2008496957733,47,77,63,165,existing,1065.4955449281551,47,76,63,121,existing,1085.2441907981768,47,84,63,384,existing,1969.4571140499706,47,30,63,337,allocated,1479.390999811581
48,48,65,64,139,existing,470.42690073404833,48,65,64,409,existing,659.9069918592651,48,65,64,64,allocated,0.0,48,83,64,63,existing,130.09547524353445,48,81,64,164,existing,826.3690913559226,48,82,64,164,existing,826.3690913559226,48,10,64,130,allocated,882.0362480493887,48,77,64,165,existing,935.4000696846208,48,79,64,306,existing,1271.1053744522387,48,76,64,121,existing,955.1487155546424,48,80,64,306,existing,1271.1053744522387,48,30,64,337,allocated,1349.2955245680466,48,84,64,384,existing,1839.361638806436
49,49,65,65,139,existing,326.64185775921504,49,65,65,409,existing,614.9785045110029,49,65,65,64,allocated,143.78504297483335,49,83,65,63,existing,273.8805182183678,49,81,65,164,existing,682.5840483810892,49,10,65,130,allocated,766.7469012604556,49,82,65,164,existing,682.5840483810892,49,77,65,165,existing,791.6150267097873,49,76,65,121,existing,811.363672579809,49,79,65,306,existing,1155.8160276633057,49,80,65,306,existing,1155.8160276633057,49,30,65,337,allocated,1234.0061777791136,49,84,65,384,existing,1794.4331514581736
50,50,65,66,139,existing,277.6939926508635,50,65,66,317,existing,568.4557397625919,50,65,66,498,allocated,134.55626321432524,50,83,66,63,existing,322.8283833267193,50,81,66,164,existing,633.6361832727378,50,10,66,130,allocated,717.7990361521041,50,82,66,164,existing,633.6361832727378,50,79,66,306,existing,1106.868162554954,50,80,66,306,existing,1106.868162554954,50,77,66,165,existing,742.667161601436,50,76,66,121,existing,762.4158074714575,50,75,66,384,existing,1823.871242049808,50,30,66,337,allocated,1185.058312670762
51,51,61,68,473,existing,373.4171554580626,51,61,68,337,existing,375.041878208451,51,61,68,47,allocated,336.62372549956467,51,30,68,337,allocated,375.041878208451,51,77,68,165,existing,499.41074108244385,51,82,68,164,existing,608.4289893572386,51,76,68,121,existing,524.3789324333524,51,21,68,237,allocated,1059.9763825123337,51,10,68,130,allocated,894.8882580558121,51,83,68,63,existing,1206.738829720306,51,81,68,164,existing,608.4289893572386,51,79,68,306,existing,1243.7931212582184,51,80,68,306,existing,1243.7931212582184
52,52,68,69,507,existing,544.9131528745236,52,68,69,508,allocated,564.709445705078,52,68,69,508,allocated,564.709445705078,52,77,69,165,existing,835.1748044086992,52,76,69,121,existing,858.2650443781778,52,81,69,164,existing,944.2057827373974,52,82,69,164,existing,944.2057827373974,52,30,69,337,allocated,1039.8554775692132,52,21,69,237,allocated,1724.789981873096,52,10,69,130,allocated,1559.7018574165743,52,83,69,63,existing,1699.461624309926,52,80,69,306,existing,1908.6067206189807,52,79,69,306,existing,1908.6067206189807
53,53,68,70,507,existing,522.617425419244,53,68,70,508,allocated,542.4137182497984,53,68,70,508,allocated,542.4137182497984,53,77,70,165,existing,812.8790769534196,53,76,70,121,existing,835.9693169228982,53,81,70,164,existing,921.9100552821178,53,82,70,164,existing,921.9100552821178,53,21,70,237,allocated,1702.4942544178164,53,83,70,63,existing,1677.1658968546465,53,10,70,130,allocated,1537.4061299612947,53,30,70,337,allocated,1017.5597501139335,53,79,70,306,existing,1886.310993163701,53,80,70,306,existing,1886.310993163701
54,54,14,77,158,allocated,196.1552902424975,54,14,77,157,existing,140.29038634917413,54,14,77,158,allocated,196.1552902424975,54,78,77,423,existing,1024.5304276862403,54,21,77,237,allocated,1197.049173504835,54,77,77,165,existing,1705.3353723592463,54,30,77,337,allocated,1397.3222869461938,54,10,77,130,allocated,1917.1686667935553,54,76,77,121,existing,1730.3035637101548,54,81,77,164,existing,1814.353620634041,54,82,77,164,existing,1814.353620634041,54,79,77,306,existing,2266.073529995961,54,80,77,306,existing,2266.073529995961
55,55,58,83,384,existing,359.1869060241813,55,58,83,368,allocated,284.9765596146242,55,58,83,368,allocated,284.9765596146242,55,75,83,384,existing,359.1869060241813,55,84,83,384,existing,359.1869060241813,55,79,83,306,existing,854.1022266046859,55,80,83,306,existing,854.1022266046859,55,30,83,337,allocated,1526.40230731711,55,83,83,63,existing,1963.1985456783486,55,21,83,237,allocated,1739.6989584436928,55,10,83,130,allocated,993.4824610327757,55,82,83,164,existing,2031.1452368680139,55,81,83,164,existing,2031.1452368680139
56,56,58,84,384,existing,403.48410844567513,56,58,84,368,allocated,329.27376203611794,56,58,84,368,allocated,329.27376203611794,56,84,84,384,existing,403.48410844567513,56,75,84,384,existing,403.48410844567513,56,80,84,306,existing,898.3994290261796,56,79,84,306,existing,898.3994290261796,56,30,84,337,allocated,1570.6995097386036,56,21,84,237,allocated,1783.9961608651865,56,10,84,130,allocated,1037.7796634542697,56,83,84,63,existing,2007.4957480998423,56,81,84,164,existing,2075.4424392895075,56,82,84,164,existing,2075.4424392895075
57,57,58,85,384,existing,562.0995951368434,57,58,85,368,allocated,487.88924872728614,57,58,85,91,allocated,451.24718336934205,57,75,85,384,existing,562.0995951368434,57,84,85,384,existing,562.0995951368434,57,80,85,306,existing,861.3223618201871,57,79,85,306,existing,861.3223618201871,57,10,85,130,allocated,971.8296248396377,57,83,85,63,existing,1941.5457094852104,57,21,85,237,allocated,1718.0461222505548,57,30,85,337,allocated,1504.749471123972,57,82,85,164,existing,2009.4924006748759,57,81,85,164,existing,2009.4924006748759
58,58,74,86,108,existing,177.72982311156176,58,74,86,358,existing,268.78805293106916,58,74,86,445,allocated,111.99091737802601,58,78,86,423,existing,623.4618181395167,58,21,86,237,allocated,942.1897554954523,58,79,86,306,existing,2017.4277287748632,58,30,86,337,allocated,1609.3410380330529,58,76,86,121,existing,2048.7135319249364,58,77,86,165,existing,2023.7453405740282,58,82,86,164,existing,2132.763588848823,58,80,86,306,existing,2017.4277287748632,58,10,86,130,allocated,2181.1727214317307,58,81,86,164,existing,2132.763588848823
59,59,74,87,108,existing,109.64964638840314,59,74,87,358,existing,291.1179677996583,59,74,87,397,allocated,76.89224890521984,59,78,87,423,existing,691.5419948626754,59,21,87,237,allocated,1010.2699322186111,59,79,87,306,existing,2085.507905498022,59,30,87,337,allocated,1677.4212147562116,59,81,87,164,existing,2200.8437655719813,59,80,87,306,existing,2085.507905498022,59,76,87,121,existing,2116.793708648095,59,77,87,165,existing,2091.8255172971867,59,82,87,164,existing,2200.8437655719813,59,10,87,130,allocated,2249.2528981548894
60,60,68,88,507,existing,516.2765834353368,60,68,88,508,allocated,536.0728762658912,60,68,88,508,allocated,536.0728762658912,60,30,88,337,allocated,686.0945316624682,60,77,88,165,existing,781.6784455555726,60,76,88,121,existing,806.6466369064811,60,82,88,164,existing,890.7094238842708,60,10,88,130,allocated,1205.9409115098294,60,83,88,63,existing,1517.7914831743233,60,21,88,237,allocated,1371.0290359663509,60,81,88,164,existing,890.7094238842708,60,80,88,306,existing,1554.8457747122357,60,79,88,306,existing,1554.8457747122357
61,61,68,89,507,existing,587.1957451850151,61,68,89,508,allocated,606.9920380155695,61,68,89,508,allocated,606.9920380155695,61,30,89,337,allocated,757.0136934121466,61,77,89,165,existing,852.5976073052509,61,81,89,164,existing,961.6285856339491,61,76,89,121,existing,877.5657986561595,61,82,89,164,existing,961.6285856339491,61,83,89,63,existing,1588.7106449240016,61,21,89,237,allocated,1441.9481977160294,61,10,89,130,allocated,1276.8600732595078,61,79,89,306,existing,1625.7649364619142,61,80,89,306,existing,1625.7649364619142
62,62,14,92,158,allocated,181.59569557426937,62,14,92,157,existing,230.9650743502793,62,14,92,158,allocated,181.59569557426937,62,78,92,423,existing,1034.792253647721,62,21,92,237,allocated,1207.3109994663157,62,77,92,165,existing,1690.7757776910184,62,30,92,337,allocated,1382.762692277966,62,81,92,164,existing,1799.794025965813,62,76,92,121,existing,1715.743969041927,62,82,92,164,existing,1799.794025965813,62,10,92,130,allocated,1902.609072125327,62,80,92,306,existing,2251.513935327733,62,79,92,306,existing,2251.513935327733
63,63,14,93,158,allocated,126.90908275653291,63,14,93,157,existing,199.81205349033633,63,14,93,158,allocated,126.90908275653291,63,78,93,423,existing,1089.4788664654575,63,21,93,237,allocated,1181.5104808907736,63,77,93,165,existing,1636.0891648732818,63,30,93,337,allocated,1328.0760794602293,63,10,93,130,allocated,1847.9224593075905,63,81,93,164,existing,1745.1074131480764,63,82,93,164,existing,1745.1074131480764,63,76,93,121,existing,1661.0573562241902,63,80,93,306,existing,2196.8273225099965,63,79,93,306,existing,2196.8273225099965
64,64,69,95,423,existing,608.7043916273175,64,69,95,156,existing,349.7223725361945,64,69,95,237,allocated,95.73483073722991,64,21,95,237,allocated,95.73483073722991,64,78,95,423,existing,608.7043916273175,64,80,95,306,existing,1177.7827249135803,64,30,95,337,allocated,802.6362916538739,64,76,95,121,existing,1671.8119317322848,64,77,95,165,existing,1646.8437403813764,64,10,95,130,allocated,1341.5277175704477,64,79,95,306,existing,1177.7827249135803,64,82,95,164,existing,1753.7264756486702,64,81,95,164,existing,1753.7264756486702
65,65,63,96,79,existing,242.92039557524134,65,63,96,409,existing,704.5717693132731,65,63,96,529,allocated,291.40496141906425,65,10,96,130,allocated,453.29554059160756,65,80,96,306,existing,814.0963637578391,65,79,96,306,existing,814.0963637578391,65,83,96,63,existing,912.6145572040109,65,77,96,165,existing,1089.5922267223743,65,30,96,337,allocated,924.1798445641252,65,82,96,164,existing,980.5612483936762,65,81,96,164,existing,980.5612483936762,65,76,96,121,existing,1109.340872592396,65,84,96,384,existing,1458.5682743523748
66,66,63,97,79,existing,152.6446877994302,66,63,97,317,existing,752.8215179574527,66,63,97,529,allocated,201.12925364325304,66,10,97,130,allocated,363.01983281579635,66,79,97,306,existing,723.8206559820278,66,80,97,306,existing,723.8206559820278,66,83,97,63,existing,822.3388494281998,66,77,97,165,existing,999.3165189465631,66,81,97,164,existing,890.285540617865,66,30,97,337,allocated,833.904136788314,66,82,97,164,existing,890.285540617865,66,76,97,121,existing,1019.0651648165849,66,75,97,384,existing,1538.034106131472
67,67,63,98,79,existing,66.03120832389372,67,63,98,317,existing,666.2080384819162,67,63,98,529,allocated,114.5157741677166,67,10,98,130,allocated,276.40635334025995,67,80,98,306,existing,665.4754797431099,67,79,98,306,existing,665.4754797431099,67,83,98,63,existing,735.7253699526633,67,81,98,164,existing,803.6720611423285,67,82,98,164,existing,803.6720611423285,67,77,98,165,existing,912.7030394710266,67,30,98,337,allocated,747.2906573127775,67,21,98,237,allocated,1454.1921182294213,67,76,98,121,existing,932.4516853410485
68,68,59,99,99,existing,0.0,68,59,99,374,allocated,661.5081409068155,68,59,99,354,allocated,533.1177031772454,68,78,99,423,existing,751.719206603599,68,21,99,237,allocated,949.1319780455833,68,79,99,306,existing,1033.9630438161776,68,30,99,337,allocated,1006.6252252881035,68,80,99,306,existing,1033.9630438161776,68,75,99,384,existing,1688.6838211531376,68,84,99,384,existing,1688.6838211531376,68,10,99,130,allocated,1423.0321702190279,68,77,99,165,existing,1850.832674015606,68,76,99,121,existing,1875.8008653665147
69,69,59,100,99,existing,79.0084447102478,69,59,100,374,allocated,582.4996961965676,69,59,100,374,allocated,582.4996961965676,69,78,100,423,existing,672.7107618933512,69,21,100,237,allocated,870.1235333353354,69,80,100,306,existing,1112.9714885264254,69,30,100,337,allocated,1085.6336699983513,69,75,100,384,existing,1767.6922658633855,69,79,100,306,existing,1112.9714885264254,69,84,100,384,existing,1767.6922658633855,69,10,100,130,allocated,1502.0406149292755,69,76,100,121,existing,1954.8093100767624,69,77,100,165,existing,1929.8411187258537
70,70,59,101,99,existing,421.7819378633099,70,59,101,236,existing,329.33051717385376,70,59,101,337,allocated,588.8903165772363,70,30,101,337,allocated,588.8903165772363,70,21,101,237,allocated,776.6721786871152,70,80,101,306,existing,964.0367498369426,70,79,101,306,existing,964.0367498369426,70,78,101,423,existing,1173.501144466909,70,77,101,165,existing,1433.0977653047387,70,76,101,121,existing,1458.0659566556474,70,10,101,130,allocated,1127.78174249381,70,81,101,164,existing,1539.9805005720325,70,82,101,164,existing,1539.9805005720325
71,71,59,102,99,existing,498.2551783664808,71,59,102,236,existing,250.44915703621342,71,59,102,337,allocated,510.00895643959586,71,30,102,337,allocated,510.00895643959586,71,21,102,237,allocated,697.7908185494748,71,79,102,306,existing,885.1553896993023,71,80,102,306,existing,885.1553896993023,71,76,102,121,existing,1379.1845965180069,71,10,102,130,allocated,1048.9003823561698,71,78,102,423,existing,1249.9743849700799,71,77,102,165,existing,1354.2164051670984,71,82,102,164,existing,1461.0991404343922,71,81,102,164,existing,1461.0991404343922
72,72,68,103,507,existing,188.3564131808267,72,68,103,508,allocated,208.15270601138107,72,68,103,508,allocated,208.15270601138107,72,77,103,165,existing,478.6180647150024,72,76,103,121,existing,501.70830468448094,72,81,103,164,existing,587.6490430437005,72,82,103,164,existing,587.6490430437005,72,21,103,237,allocated,1403.5487777002882,72,10,103,130,allocated,1238.4606532437665,72,30,103,337,allocated,718.6142733964053,72,83,103,63,existing,1358.1410063375147,72,79,103,306,existing,1587.365516446173,72,80,103,306,existing,1587.365516446173
73,73,68,104,507,existing,110.15693207570614,73,68,104,508,allocated,129.95322490626052,73,68,104,508,allocated,129.95322490626052,73,77,104,165,existing,401.7286869224553,73,76,104,121,existing,423.50882357936035,73,82,104,164,existing,510.7596652511535,73,81,104,164,existing,510.7596652511535,73,83,104,63,existing,1432.5348876631717,73,21,104,237,allocated,1481.7482588054088,73,30,104,337,allocated,796.813754501526,73,10,104,130,allocated,1316.6601343488871,73,80,104,306,existing,1665.5649975512933,73,79,104,306,existing,1665.5649975512933
74,74,59,105,99,existing,98.9471823297293,74,59,105,374,allocated,562.5609585770861,74,59,105,374,allocated,562.5609585770861,74,78,105,423,existing,652.7720242738696,74,21,105,237,allocated,850.1847957158541,74,80,105,306,existing,1132.910226145907,74,30,105,337,allocated,1105.5724076178328,74,84,105,384,existing,1787.631003482867,74,75,105,384,existing,1787.631003482867,74,10,105,130,allocated,1521.979352548757,74,79,105,306,existing,1132.910226145907,74,77,105,165,existing,1949.7798563453355,74,76,105,121,existing,1974.7480476962442
75,75,59,106,99,existing,164.38801157314143,75,59,106,374,allocated,497.120129333674,75,59,106,374,allocated,497.120129333674,75,78,106,423,existing,587.3311950304576,75,21,106,237,allocated,784.7439664724418,75,80,106,306,existing,1198.351055389319,75,30,106,337,allocated,1171.0132368612449,75,10,106,130,allocated,1587.4201817921692,75,84,106,384,existing,1853.0718327262791,75,75,106,384,existing,1853.0718327262791,75,79,106,306,existing,1198.351055389319,75,77,106,165,existing,2015.2206855887473,75,76,106,121,existing,2040.188876939656
76,76,73,107,473,existing,269.63172080016056,76,73,107,508,allocated,336.61432135969994,76,73,107,47,allocated,232.83829084166268,76,77,107,165,existing,395.6253064245418,76,76,107,121,existing,420.5934977754504,76,82,107,164,existing,504.65628475323996,76,81,107,164,existing,504.65628475323996,76,83,107,63,existing,1249.7588047887994,76,21,107,237,allocated,1275.0871623519693,76,30,107,337,allocated,590.1526580480866,76,10,107,130,allocated,1109.9990378954476,76,79,107,306,existing,1458.903901097854,76,80,107,306,existing,1458.903901097854
77,77,59,110,99,existing,499.0423411875313,77,59,110,236,existing,406.59092049807515,77,59,110,337,allocated,666.1507199014576,77,30,110,337,allocated,666.1507199014576,77,21,110,237,allocated,853.9325820113365,77,79,110,306,existing,1041.297153161164,77,80,110,306,existing,1041.297153161164,77,76,110,121,existing,1535.3263599798688,77,78,110,423,existing,1250.7615477911304,77,77,110,165,existing,1510.3581686289601,77,10,110,130,allocated,1205.0421458180315,77,82,110,164,existing,1617.240903896254,77,81,110,164,existing,1617.240903896254
78,78,69,111,423,existing,81.24160202944313,78,69,111,374,allocated,171.4526677262267,78,69,111,374,allocated,171.4526677262267,78,78,111,423,existing,81.24160202944313,78,21,111,237,allocated,685.4733772538156,78,30,111,337,allocated,1392.3748381704595,78,79,111,306,existing,1767.5212714301656,78,77,111,165,existing,2236.582286897962,78,80,111,306,existing,1767.5212714301656,78,10,111,130,allocated,1931.266264087033,78,76,111,121,existing,2261.5504782488706,78,81,111,164,existing,2343.4650221652555,78,82,111,164,existing,2343.4650221652555
79,79,69,112,423,existing,34.56053771421371,79,69,112,374,allocated,124.7716034109973,79,69,112,374,allocated,124.7716034109973,79,78,112,423,existing,34.56053771421371,79,21,112,237,allocated,638.7923129385862,79,30,112,337,allocated,1345.6937738552301,79,79,112,306,existing,1720.8402071149362,79,76,112,121,existing,2214.869413933641,79,10,112,130,allocated,1884.5851997718037,79,77,112,165,existing,2189.9012225827328,79,80,112,306,existing,1720.8402071149362,79,82,112,164,existing,2296.783957850026,79,81,112,164,existing,2296.783957850026
80,80,14,114,158,allocated,427.9807748640927,80,14,114,157,existing,500.8837455978961,80,14,114,522,allocated,299.47259081720824,80,21,114,237,allocated,709.7040137495721,80,30,114,337,allocated,773.1862218396037,80,76,114,121,existing,1106.1674986035646,80,77,114,165,existing,1081.1993072526561,80,78,114,423,existing,1215.123529055961,80,81,114,164,existing,1190.217555527451,80,10,114,130,allocated,1293.0326016869649,80,82,114,164,existing,1190.217555527451,80,80,114,306,existing,1641.9374648893713,80,79,114,306,existing,1641.9374648893713
81,81,59,115,99,existing,117.77958840390977,81,59,115,236,existing,633.3328666332538,81,59,115,354,allocated,415.33811477333563,81,78,115,423,existing,869.4987950075088,81,30,115,337,allocated,892.8926660366362,81,80,115,306,existing,916.1834554122679,81,79,115,306,existing,916.1834554122679,81,10,115,130,allocated,1305.252581815118,81,84,115,384,existing,1570.904232749228,81,21,115,237,allocated,1066.911566449493,81,75,115,384,existing,1570.904232749228,81,76,115,121,existing,1762.0683061150476,81,77,115,165,existing,1737.1001147641389
82,82,61,116,473,existing,106.19658388856365,82,61,116,508,allocated,292.93458143008087,82,61,116,473,allocated,106.19658388856365,82,77,116,165,existing,232.19016951294492,82,76,116,121,existing,257.15836086385343,82,82,116,164,existing,341.2211478416431,82,81,116,164,existing,341.2211478416431,82,21,116,237,allocated,1327.1969540818327,82,10,116,130,allocated,1150.6043021970027,82,30,116,337,allocated,633.4119619582004,82,83,116,63,existing,1266.1847683717947,82,80,116,306,existing,1502.163205007968,82,79,116,306,existing,1502.163205007968
83,83,73,117,473,existing,194.3640189085432,83,73,117,508,allocated,381.10201645006043,83,73,117,47,allocated,135.7073761464235,83,77,117,165,existing,298.9629217892815,83,76,117,121,existing,323.93111314019006,83,82,117,164,existing,407.74403767006606,83,81,117,164,existing,407.74403767006606,83,10,117,130,allocated,1062.436867177023,83,21,117,237,allocated,1252.1459878548649,83,30,117,337,allocated,545.2445269382209,83,83,117,63,existing,1178.017333351815,83,79,117,306,existing,1413.9957699879883,83,80,117,306,existing,1413.9957699879883
84,84,73,118,473,existing,183.4324125067323,84,73,118,508,allocated,370.17041004824955,84,73,118,47,allocated,146.6389825482344,84,77,118,165,existing,309.42599813111354,84,76,118,121,existing,334.3941894820221,84,82,118,164,existing,418.4569764598117,84,81,118,164,existing,418.4569764598117,84,21,118,237,allocated,1249.961125463664,84,10,118,130,allocated,1073.368473578834,84,30,118,337,allocated,556.1761333400318,84,83,118,63,existing,1188.9489397536258,84,80,118,306,existing,1424.9273763897993,84,79,118,306,existing,1424.9273763897993
85,85,68,119,507,existing,222.33048495136313,85,68,119,508,allocated,242.1267777819175,85,68,119,508,allocated,242.1267777819175,85,77,119,165,existing,444.64399294446594,85,76,119,121,existing,469.6121842953745,85,82,119,164,existing,553.6749712731641,85,81,119,164,existing,553.6749712731641,85,83,119,63,existing,1324.1669345669784,85,30,119,337,allocated,691.3941281533841,85,21,119,237,allocated,1385.1791202770166,85,10,119,130,allocated,1208.5864683921864,85,79,119,306,existing,1560.1453712031516,85,80,119,306,existing,1560.1453712031516
86,86,72,122,123,existing,136.664069879488,86,72,122,409,existing,204.72344683730287,86,72,122,123,allocated,136.664069879488,86,83,122,63,existing,809.5780944040641,86,10,122,130,allocated,1031.371238785138,86,82,122,164,existing,1114.5887205844851,86,81,122,164,existing,1114.5887205844851,86,75,122,384,existing,1163.2617452286863,86,76,122,121,existing,1243.3683447832047,86,84,122,384,existing,1163.2617452286863,86,77,122,165,existing,1223.6196989131831,86,80,122,306,existing,1420.4403651879882,86,79,122,306,existing,1420.4403651879882
87,87,72,123,123,existing,0.0,87,72,123,409,existing,68.05937695781486,87,72,123,123,allocated,0.0,87,83,123,63,existing,858.0618440606142,87,81,123,164,existing,977.924650704997,87,77,123,165,existing,1086.9556290336952,87,82,123,164,existing,977.924650704997,87,76,123,121,existing,1106.7042749037169,87,84,123,384,existing,1299.9258151081742,87,75,123,384,existing,1299.9258151081742,87,10,123,130,allocated,1145.9651587192795,87,80,123,306,existing,1535.0342851221294,87,79,123,306,existing,1535.0342851221294
88,88,14,124,158,allocated,513.4289517633567,88,14,124,157,existing,440.52598102955335,88,14,124,372,allocated,368.79573605206576,88,21,124,237,allocated,838.2201080215195,88,78,124,423,existing,957.9202927905017,88,30,124,337,allocated,1381.239485633897,88,77,124,165,existing,1689.2525710469495,88,10,124,130,allocated,1901.0858654812582,88,81,124,164,existing,1798.270819321744,88,82,124,164,existing,1798.270819321744,88,76,124,121,existing,1714.220762397858,88,79,124,306,existing,1913.4580813009304,88,80,124,306,existing,1913.4580813009304
89,89,69,125,423,existing,212.7690772158737,89,69,125,156,existing,129.5946208391498,89,69,125,155,allocated,85.58498140466081,89,78,125,423,existing,212.7690772158737,89,21,125,237,allocated,575.0518241125742,89,79,125,306,existing,1657.0997182889246,89,30,125,337,allocated,1261.1326275944994,89,80,125,306,existing,1657.0997182889246,89,10,125,130,allocated,1820.844710945792,89,77,125,165,existing,2105.340076322002,89,76,125,121,existing,2130.3082676729105,89,81,125,164,existing,2212.222811589296,89,82,125,164,existing,2212.222811589296
90,90,69,126,423,existing,122.09978951566896,90,69,126,374,allocated,212.31085521245254,90,69,126,424,allocated,77.58897387496684,90,78,126,423,existing,122.09978951566896,90,21,126,237,allocated,665.7211118127789,90,80,126,306,existing,1747.7690059891293,90,30,126,337,allocated,1351.801915294704,90,76,126,121,existing,2220.977555373115,90,10,126,130,allocated,1911.5139986459967,90,77,126,165,existing,2196.0093640222067,90,79,126,306,existing,1747.7690059891293,90,81,126,164,existing,2302.8920992895005,90,82,126,164,existing,2302.8920992895005
91,91,71,130,402,existing,21.207819323675178,91,71,130,337,existing,653.8974732090197,91,71,130,130,allocated,0.0,91,10,130,130,allocated,0.0,91,79,130,306,existing,389.06912640285,91,30,130,337,allocated,653.8974732090197,91,80,130,306,existing,389.06912640285,91,77,130,165,existing,1150.9928367529606,91,81,130,164,existing,1041.9618584242626,91,82,130,164,existing,1041.9618584242626,91,83,130,63,existing,1012.1317232929232,91,76,130,121,existing,1170.7414826229824,91,21,130,237,allocated,1245.7928868332178
92,92,18,133,214,allocated,360.10817138703345,92,18,133,535,existing,277.24954404285137,92,18,133,431,allocated,49.58877082029528,92,79,133,306,existing,476.05825947888985,92,80,133,306,existing,476.05825947888985,92,10,133,130,allocated,861.3355601395544,92,75,133,384,existing,1076.0167305395967,92,84,133,384,existing,1076.0167305395967,92,21,133,237,allocated,1554.849439469458,92,30,133,337,allocated,1341.5527883428754,92,78,133,423,existing,1428.1476976319718,92,81,133,164,existing,1898.9983359747926,92,83,133,63,existing,1831.0516447851273
93,93,58,136,384,existing,230.84180312318097,93,58,136,368,allocated,156.63145671362378,93,58,136,368,allocated,156.63145671362378,93,84,136,384,existing,230.84180312318097,93,75,136,384,existing,230.84180312318097,93,79,136,306,existing,1135.1778444477568,93,80,136,306,existing,1135.1778444477568,93,81,136,164,existing,2047.0086626899906,93,83,136,63,existing,1738.6153109267898,93,10,136,130,allocated,1252.9426020334631,93,30,136,337,allocated,1898.4908615104773,93,21,136,237,allocated,2111.78751263706,93,82,136,164,existing,2047.0086626899906
94,94,65,138,139,existing,37.926115556968355,94,65,138,317,existing,442.55296999244996,94,65,138,140,existing,43.885579507966426,94,10,138,130,allocated,461.9448657714002,94,82,138,164,existing,580.0169926528624,94,83,138,63,existing,638.4484915345511,94,81,138,164,existing,580.0169926528624,94,77,138,165,existing,689.0479709815606,94,76,138,121,existing,708.7966168515823,94,79,138,306,existing,851.0139921742502,94,80,138,306,existing,851.0139921742502,94,30,138,337,allocated,876.233844907747,94,21,138,237,allocated,1583.135305824391
95,95,65,139,139,existing,0.0,95,65,139,317,existing,404.6268544354816,95,65,139,488,allocated,17.626560987626416,95,10,139,130,allocated,499.87098132836854,95,82,139,164,existing,542.090877095894,95,83,139,63,existing,600.5223759775827,95,81,139,164,existing,542.090877095894,95,79,139,306,existing,888.9401077312186,95,76,139,121,existing,670.8705012946139,95,80,139,306,existing,888.9401077312186,95,77,139,165,existing,651.1218554245922,95,30,139,337,allocated,914.1599604647154,95,21,139,237,allocated,1621.0614213813594
96,96,66,140,363,existing,48.49671053927341,96,66,140,317,existing,486.43854950041634,96,66,140,140,existing,0.0,96,10,140,130,allocated,418.0592862634338,96,81,140,164,existing,623.9025721608288,96,82,140,164,existing,623.9025721608288,96,83,140,63,existing,682.3340710425175,96,77,140,165,existing,732.9335504895269,96,76,140,121,existing,752.6821963595486,96,79,140,306,existing,807.1284126662838,96,80,140,306,existing,807.1284126662838,96,30,140,337,allocated,832.3482653997805,96,21,140,237,allocated,1539.2497263164246
97,97,68,143,507,existing,427.10156128688624,97,68,143,508,allocated,446.8978541174406,97,68,143,508,allocated,446.8978541174406,97,30,143,337,allocated,592.3096919163947,97,77,143,165,existing,687.893605809499,97,76,143,121,existing,712.8617971604076,97,82,143,164,existing,796.9245841381971,97,83,143,63,existing,1424.0066434282498,97,81,143,164,existing,796.9245841381971,97,21,143,237,allocated,1277.2441962202774,97,10,143,130,allocated,1112.1560717637558,97,80,143,306,existing,1461.0609349661622,97,79,143,306,existing,1461.0609349661622
98,98,66,145,363,existing,385.39835419633994,98,66,145,317,existing,916.8591250187828,98,66,145,363,allocated,385.39835419633994,98,10,145,130,allocated,754.9609299205003,98,77,145,165,existing,810.7814940820535,98,82,145,164,existing,907.3210204160705,98,76,145,121,existing,835.7496854329621,98,81,145,164,existing,907.3210204160705,98,30,145,337,allocated,918.0188573539747,98,83,145,63,existing,1112.7546465608839,98,79,145,306,existing,1144.0300563233502,98,21,145,237,allocated,1624.9203182706187,98,80,145,306,existing,1144.0300563233502
99,99,63,146,79,existing,334.4746689524363,99,63,146,409,existing,613.0174959360781,99,63,146,529,allocated,382.9592347962591,99,10,146,130,allocated,544.8498139688026,99,80,146,306,existing,905.6506371350339,99,83,146,63,existing,924.3608297822974,99,79,146,306,existing,905.6506371350339,99,81,146,164,existing,1067.0159739600517,99,30,146,337,allocated,1015.73411794132,99,77,146,165,existing,1176.0469522887497,99,82,146,164,existing,1067.0159739600517,99,76,146,121,existing,1195.7955981587716,99,84,146,384,existing,1373.897091756001
100,100,63,147,79,existing,345.93541595106853,100,63,147,409,existing,602.7003751954483,100,63,147,72,allocated,381.6708188835396,100,10,147,130,allocated,556.3105609674348,100,83,147,63,existing,914.0437090416675,100,79,147,306,existing,917.1113841336662,100,80,147,306,existing,917.1113841336662,100,82,147,164,existing,1055.5552269614193,100,81,147,164,existing,1055.5552269614193,100,77,147,165,existing,1164.5862052901175,100,30,147,337,allocated,1026.6486966741008,100,84,147,384,existing,1382.3204956747165,100,76,147,121,existing,1184.3348511601391
101,101,66,150,363,existing,52.7632685539314,101,66,150,317,existing,587.6985285936212,101,66,150,363,allocated,52.7632685539314,101,10,150,130,allocated,422.3258442780918,101,82,150,164,existing,725.1625512540336,101,81,150,164,existing,725.1625512540336,101,30,150,337,allocated,731.0882863065757,101,77,150,165,existing,762.0079625394551,101,80,150,306,existing,811.3949706809418,101,76,150,121,existing,786.9761538903637,101,83,150,63,existing,783.5940501357223,101,21,150,237,allocated,1437.9897472232199,101,79,150,306,existing,811.3949706809418
102,102,18,151,214,allocated,434.6341288500646,102,18,151,368,allocated,415.7514732848062,102,18,151,91,allocated,342.12510589229805,102,75,151,384,existing,489.9618196943634,102,84,151,384,existing,489.9618196943634,102,80,151,306,existing,735.5657810534867,102,79,151,306,existing,735.5657810534867,102,10,151,130,allocated,862.7075473625937,102,83,151,63,existing,1832.4236320081668,102,21,151,237,allocated,1608.924044773511,102,30,151,337,allocated,1395.627393646928,102,82,151,164,existing,1900.370323197832,102,81,151,164,existing,1900.370323197832
103,103,18,152,214,allocated,508.56033992209746,103,18,152,368,allocated,489.67768435683905,103,18,152,91,allocated,268.1988948202652,103,84,152,384,existing,563.8880307663962,103,75,152,384,existing,563.8880307663962,103,79,152,306,existing,678.2740732711102,103,80,152,306,existing,678.2740732711102,103,83,152,63,existing,1758.497420936134,103,21,152,237,allocated,1534.997833701478,103,10,152,130,allocated,788.7813362905608,103,30,152,337,allocated,1321.701182574895,103,81,152,164,existing,1826.4441121257992,103,82,152,164,existing,1826.4441121257992
104,104,63,153,79,existing,120.71923144602874,104,63,153,317,existing,611.5142849336569,104,63,153,72,allocated,153.3815056166158,104,10,153,130,allocated,331.10010688851924,104,83,153,63,existing,681.031616404404,104,79,153,306,existing,720.1692332913692,104,80,153,306,existing,720.1692332913692,104,30,153,337,allocated,798.3593834071771,104,77,153,165,existing,858.0092859227673,104,81,153,164,existing,748.9783075940692,104,82,153,164,existing,748.9783075940692,104,76,153,121,existing,877.7579317927891,104,21,153,237,allocated,1505.2608443238212
105,105,69,155,423,existing,298.3540586205345,105,69,155,156,existing,212.70417454521169,105,69,155,155,allocated,0.0,105,78,155,423,existing,298.3540586205345,105,21,155,237,allocated,658.1613778186361,105,30,155,337,allocated,1344.2421813005612,105,79,155,306,existing,1740.2092719949865,105,76,155,121,existing,2213.4178213789723,105,10,155,130,allocated,1903.954264651854,105,80,155,306,existing,1740.2092719949865,105,77,155,165,existing,2188.449630028064,105,81,155,164,existing,2295.3323652953577,105,82,155,164,existing,2295.3323652953577
106,106,69,156,423,existing,342.3636980550235,106,69,156,156,existing,0.0,106,69,156,156,allocated,0.0,106,78,156,423,existing,342.3636980550235,106,21,156,237,allocated,445.4572032734244,106,30,156,337,allocated,1131.5380067553497,106,80,156,306,existing,1527.505097449775,106,10,156,130,allocated,1691.2500901066423,106,76,156,121,existing,2000.7136468337608,106,79,156,306,existing,1527.505097449775,106,77,156,165,existing,1975.7454554828523,106,82,156,164,existing,2082.628190750146,106,81,156,164,existing,2082.628190750146
107,107,14,157,158,allocated,72.9029707338034,107,14,157,157,existing,0.0,107,14,157,158,allocated,72.9029707338034,107,78,157,423,existing,1071.6775060259947,107,21,157,237,allocated,1127.5043688680444,107,30,157,337,allocated,1274.0699674374998,107,77,157,165,existing,1582.0830528505523,107,81,157,164,existing,1691.101301125347,107,76,157,121,existing,1607.0512442014608,107,10,157,130,allocated,1793.916347284861,107,82,157,164,existing,1691.101301125347,107,79,157,306,existing,2142.8212104872673,107,80,157,306,existing,2142.8212104872673
108,108,72,159,123,existing,285.0378194793928,108,72,159,409,existing,240.8538489206206,108,72,159,123,allocated,285.0378194793928,108,83,159,63,existing,661.2043448041594,108,10,159,130,allocated,882.9974891852331,108,82,159,164,existing,1120.258190885751,108,81,159,164,existing,1120.258190885751,108,77,159,165,existing,1229.289169214449,108,80,159,306,existing,1272.066615588083,108,79,159,306,existing,1272.066615588083,108,76,159,121,existing,1249.0378150844708,108,75,159,384,existing,1311.635494828591,108,84,159,384,existing,1311.635494828591
109,109,72,160,123,existing,339.54140049805255,109,72,160,409,existing,295.35742993928034,109,72,160,123,allocated,339.54140049805255,109,83,160,63,existing,606.7007637854996,109,10,160,130,allocated,828.4939081665734,109,81,160,164,existing,1065.7546098670912,109,82,160,164,existing,1065.7546098670912,109,77,160,165,existing,1174.7855881957894,109,76,160,121,existing,1194.5342340658112,109,80,160,306,existing,1217.5630345694235,109,79,160,306,existing,1217.5630345694235,109,75,160,384,existing,1362.756350264471,109,30,160,337,allocated,1295.7531846852312
110,110,18,162,214,allocated,429.02326496985904,110,18,162,368,allocated,422.3447201223719,110,18,162,368,allocated,422.3447201223719,110,75,162,384,existing,496.5550665319291,110,84,162,384,existing,496.5550665319291,110,80,162,306,existing,556.2016676117612,110,79,162,306,existing,556.2016676117612,110,30,162,337,allocated,1410.467881925701,110,10,162,130,allocated,930.2506537223801,110,21,162,237,allocated,1623.764533052284,110,83,162,63,existing,1899.966738367953,110,81,162,164,existing,1967.9134295576182,110,78,162,423,existing,1943.8479612248077
111,111,18,163,214,allocated,541.2523986095104,111,18,163,368,allocated,558.3296104094088,111,18,163,91,allocated,293.2274108257286,111,84,163,384,existing,632.539956818966,111,75,163,384,existing,632.539956818966,111,80,163,306,existing,703.3025892765736,111,79,163,306,existing,703.3025892765736,111,30,163,337,allocated,1346.7296985803584,111,10,163,130,allocated,813.8098522960242,111,21,163,237,allocated,1560.0263497069413,111,83,163,63,existing,1783.5259369415971,111,81,163,164,existing,1851.4726281312624,111,82,163,164,existing,1851.4726281312624
112,112,64,164,523,existing,114.86808937210628,112,64,164,317,existing,163.0587363450485,112,64,164,523,allocated,114.86808937210628,112,82,164,164,existing,0.0,112,81,164,164,existing,0.0,112,77,164,165,existing,109.03097832869814,112,76,164,121,existing,164.76974279260662,112,83,164,63,existing,956.464566599457,112,10,164,130,allocated,1041.9618584242626,112,80,164,306,existing,1431.0309848271127,112,30,164,337,allocated,951.0901839947962,112,21,164,237,allocated,1657.9916449114403,112,79,164,306,existing,1431.0309848271127
113,113,69,166,423,existing,644.0281094857064,113,69,166,156,existing,325.77813003843136,113,69,166,237,allocated,138.60859417931758,113,21,166,237,allocated,138.60859417931758,113,78,166,423,existing,644.0281094857064,113,30,166,337,allocated,805.7598767169183,113,80,166,306,existing,1213.8465674587285,113,76,166,121,existing,1674.9355167953295,113,77,166,165,existing,1649.9673254444208,113,10,166,130,allocated,1377.591560115596,113,79,166,306,existing,1213.8465674587285,113,82,166,164,existing,1756.8500607117146,113,81,166,164,existing,1756.8500607117146
114,114,69,167,423,existing,390.42677749293284,114,69,167,156,existing,131.44475840180988,114,69,167,177,allocated,85.34935163555762,114,21,167,237,allocated,314.01244487161455,114,78,167,423,existing,390.42677749293284,114,79,167,306,existing,1396.060339047965,114,30,167,337,allocated,1020.9139057882585,114,10,167,130,allocated,1559.8053317048325,114,77,167,165,existing,1865.121354515761,114,80,167,306,existing,1396.060339047965,114,76,167,121,existing,1890.0895458666696,114,82,167,164,existing,1972.0040897830547,114,81,167,164,existing,1972.0040897830547
115,115,72,169,123,existing,512.4640153300098,115,72,169,409,existing,468.2800447712376,115,72,169,123,allocated,512.4640153300098,115,10,169,130,allocated,726.2529105172624,115,83,169,63,existing,779.6233786174569,115,80,169,306,existing,1087.0537336834939,115,79,169,306,existing,1087.0537336834939,115,84,169,384,existing,1192.493995207541,115,30,169,337,allocated,1197.13721448978,115,81,169,164,existing,1238.6772246990486,115,75,169,384,existing,1192.493995207541,115,82,169,164,existing,1238.6772246990486,115,77,169,165,existing,1347.7082030277465
116,116,72,170,123,existing,494.1311926382002,116,72,170,409,existing,449.94722207942795,116,72,170,123,allocated,494.1311926382002,116,10,170,130,allocated,707.9200878254527,116,83,170,63,existing,761.2905559256471,116,80,170,306,existing,1068.7209109916841,116,79,170,306,existing,1068.7209109916841,116,30,170,337,allocated,1178.8043917979703,116,84,170,384,existing,1210.8268178993508,116,75,170,384,existing,1210.8268178993508,116,81,170,164,existing,1220.3444020072388,116,82,170,164,existing,1220.3444020072388,116,77,170,165,existing,1329.3753803359368
117,117,69,171,423,existing,223.22572388991387,117,69,171,374,allocated,133.0146581931303,117,69,171,374,allocated,133.0146581931303,117,78,171,423,existing,223.22572388991387,117,21,171,237,allocated,896.5785745427137,117,30,171,337,allocated,1535.1187080017885,117,80,171,306,existing,1562.456526529863,117,79,171,306,existing,1562.456526529863,117,10,171,130,allocated,1951.525652932713,117,75,171,384,existing,2217.177303866823,117,84,171,384,existing,2217.177303866823,117,76,171,121,existing,2404.2943480801996,117,77,171,165,existing,2379.326156729291
118,118,69,172,423,existing,148.576262635668,118,69,172,374,allocated,58.365196938884395,118,69,172,374,allocated,58.365196938884395,118,78,172,423,existing,148.576262635668,118,21,172,237,allocated,821.9291132884679,118,30,172,337,allocated,1528.830574205112,118,79,172,306,existing,1637.1059877841087,118,10,172,130,allocated,2026.1751141869588,118,84,172,384,existing,2291.8267651210685,118,75,172,384,existing,2291.8267651210685,118,80,172,306,existing,1637.1059877841087,118,76,172,121,existing,2398.006214283523,118,77,172,165,existing,2373.0380229326147
119,119,18,175,214,allocated,439.74053775380395,119,18,175,368,allocated,566.161029207082,119,18,175,91,allocated,191.7155499700222,119,79,175,306,existing,601.7907284208671,119,80,175,306,existing,601.7907284208671,119,75,175,384,existing,640.3713756166392,119,84,175,384,existing,640.3713756166392,119,21,175,237,allocated,1458.514488851235,119,10,175,130,allocated,712.2979914403178,119,83,175,63,existing,1682.0140760858908,119,30,175,337,allocated,1245.217837724652,119,82,175,164,existing,1749.960767275556,119,81,175,164,existing,1749.960767275556
120,120,39,176,412,allocated,215.01389529240686,120,39,176,409,existing,572.730712274575,120,39,176,412,allocated,215.01389529240686,120,84,176,384,existing,795.254479791414,120,75,176,384,existing,795.254479791414,120,10,176,130,allocated,875.9507845418519,120,83,176,63,existing,1174.2026342585566,120,81,176,164,existing,1482.5959860217572,120,80,176,306,existing,1225.984271597944,120,82,176,164,existing,1482.5959860217572,120,79,176,306,existing,1225.984271597944,120,30,176,337,allocated,1529.8482577508717,120,77,176,165,existing,1591.6269643504554
121,121,69,177,423,existing,475.77612912849054,121,69,177,156,existing,157.52614968121537,121,69,177,177,allocated,0.0,121,21,177,237,allocated,306.8605745365336,121,78,177,423,existing,475.77612912849054,121,30,177,337,allocated,974.0118570741342,121,79,177,306,existing,1382.0985478159446,121,77,177,165,existing,1818.219305801637,121,10,177,130,allocated,1545.843540472812,121,76,177,121,existing,1843.1874971525453,121,80,177,306,existing,1382.0985478159446,121,81,177,164,existing,1925.1020410689307,121,82,177,164,existing,1925.1020410689307
122,122,61,178,473,existing,328.5743476008456,122,61,178,337,existing,505.593019698351,122,61,178,220,allocated,178.05730588670727,122,77,178,165,existing,348.95763796242835,122,76,178,121,existing,373.9258293133369,122,81,178,164,existing,445.4971642964453,122,82,178,164,existing,445.4971642964453,122,21,178,237,allocated,1212.4944806149952,122,10,178,130,allocated,957.0643338886891,122,30,178,337,allocated,505.593019698351,122,83,178,63,existing,1043.8070046595126,122,79,178,306,existing,1346.1334602915392,122,80,178,306,existing,1346.1334602915392
123,123,73,179,473,existing,281.29493687462934,123,73,179,337,existing,458.3136089721348,123,73,179,47,allocated,222.63829411250967,123,77,179,165,existing,385.8938397553677,123,76,179,121,existing,410.8620311062762,123,81,179,164,existing,492.7765750226615,123,30,179,337,allocated,458.3136089721348,123,83,179,63,existing,1091.086415385729,123,21,179,237,allocated,1165.2150698887788,123,10,179,130,allocated,975.5059492109369,123,82,179,164,existing,492.7765750226615,123,79,179,306,existing,1327.0648520219022,123,80,179,306,existing,1327.0648520219022
124,124,18,180,214,allocated,562.5063714846697,124,18,180,236,existing,677.0524106057088,124,18,180,436,existing,498.1469640595691,124,80,180,306,existing,634.8438725256708,124,79,180,306,existing,634.8438725256708,124,10,180,130,allocated,1023.9129989285209,124,30,180,337,allocated,911.0974209923875,124,78,180,423,existing,1385.2415727763218,124,21,180,237,allocated,1124.3940721189704,124,84,180,384,existing,1289.5646498626309,124,75,180,384,existing,1289.5646498626309,124,76,180,121,existing,1780.2730610707986,124,77,180,165,existing,1755.30486971989
125,125,67,181,402,existing,267.0173408032002,125,67,181,409,existing,905.497461056616,125,67,181,302,allocated,228.81100013919905,125,10,181,130,allocated,288.2251601268754,125,80,181,306,existing,638.2586471829673,125,79,181,306,existing,638.2586471829673,125,30,181,337,allocated,942.1226333358951,125,84,181,384,existing,1382.9801042063907,125,83,181,63,existing,1216.8407949028353,125,82,181,164,existing,1314.9454660705646,125,81,181,164,existing,1314.9454660705646,125,75,181,384,existing,1382.9801042063907,125,77,181,165,existing,1423.9764443992628
126,126,67,182,402,existing,413.54850977805506,126,67,182,409,existing,758.9662920817611,126,67,182,302,allocated,375.3421691140539,126,10,182,130,allocated,434.7563291017302,126,79,182,306,existing,784.7898161578221,126,80,182,306,existing,784.7898161578221,126,83,182,63,existing,1070.3096259279805,126,30,182,337,allocated,1088.65380231075,126,84,182,384,existing,1241.800318082418,126,82,182,164,existing,1168.4142970957096,126,81,182,164,existing,1168.4142970957096,126,75,182,384,existing,1241.800318082418,126,77,182,165,existing,1277.4452754244078
127,127,69,183,423,existing,573.3938143009316,127,69,183,262,existing,251.73397960919408,127,69,183,237,allocated,353.33820901565105,127,21,183,237,allocated,353.33820901565105,127,78,183,423,existing,573.3938143009316,127,30,183,337,allocated,1060.2396699322949,127,80,183,306,existing,1435.3861031920014,127,76,183,121,existing,1929.415310010706,127,77,183,165,existing,1904.4471186597975,127,79,183,306,existing,1435.3861031920014,127,10,183,130,allocated,1599.1310958488689,127,81,183,164,existing,2011.3298539270913,127,82,183,164,existing,2011.3298539270913
128,128,69,184,423,existing,544.2051936820053,128,69,184,262,existing,276.92059446248106,128,69,184,237,allocated,324.14958839672477,128,21,184,237,allocated,324.14958839672477,128,78,184,423,existing,544.2051936820053,128,30,184,337,allocated,1031.0510493133688,128,79,184,306,existing,1406.197482573075,128,76,184,121,existing,1900.22668939178,128,10,184,130,allocated,1569.9424752299424,128,77,184,165,existing,1875.2584980408712,128,80,184,306,existing,1406.197482573075,128,82,184,164,existing,1982.141233308165,128,81,184,164,existing,1982.141233308165
129,129,58,185,384,existing,612.3136586397407,129,58,185,368,allocated,538.1033122301834,129,58,185,91,allocated,401.03311986644474,129,75,185,384,existing,612.3136586397407,129,84,185,384,existing,612.3136586397407,129,79,185,306,existing,811.1082983172897,129,80,185,306,existing,811.1082983172897,129,83,185,63,existing,1891.3316459823131,129,10,185,130,allocated,921.6155613367404,129,30,185,337,allocated,1454.5354076210747,129,21,185,237,allocated,1667.8320587476576,129,82,185,164,existing,1959.2783371719786,129,81,185,164,existing,1959.2783371719786
130,130,69,186,423,existing,487.86130090247184,130,69,186,262,existing,192.17283398742134,130,69,186,237,allocated,185.49154975032786,130,21,186,237,allocated,185.49154975032786,130,78,186,423,existing,487.86130090247184,130,30,186,337,allocated,892.3930106669718,130,79,186,306,existing,1267.5394439266784,130,80,186,306,existing,1267.5394439266784,130,76,186,121,existing,1761.568650745383,130,77,186,165,existing,1736.6004593944745,130,10,186,130,allocated,1431.2844365835458,130,82,186,164,existing,1843.4831946617683,130,81,186,164,existing,1843.4831946617683
131,131,69,187,423,existing,445.8153951745462,131,69,187,262,existing,234.21873971534694,131,69,187,237,allocated,227.5374554782535,131,21,187,237,allocated,227.5374554782535,131,78,187,423,existing,445.8153951745462,131,30,187,337,allocated,934.4389163948974,131,80,187,306,existing,1309.5853496546038,131,76,187,121,existing,1803.6145564733088,131,10,187,130,allocated,1473.3303423114712,131,79,187,306,existing,1309.5853496546038,131,77,187,165,existing,1778.6463651224,131,81,187,164,existing,1885.529100389694,131,82,187,164,existing,1885.529100389694
132,132,59,188,99,existing,239.90470833295785,132,59,188,236,existing,541.8283035025668,132,59,188,354,allocated,507.5097045953113,132,30,188,337,allocated,775.8733138892454,132,79,188,306,existing,804.2592937231807,132,21,188,237,allocated,989.1699650158282,132,80,188,306,existing,804.2592937231807,132,75,188,384,existing,1475.029152434642,132,10,188,130,allocated,1193.3284201260308,132,84,188,384,existing,1475.029152434642,132,78,188,423,existing,991.6239149365568,132,76,188,121,existing,1645.0489539676564,132,77,188,165,existing,1620.0807626167477
133,133,59,189,99,existing,383.2165310276812,133,59,189,236,existing,398.51648080784344,133,59,189,307,existing,466.0703069294901,133,30,189,337,allocated,632.5614911945221,133,80,189,306,existing,660.9474710284574,133,21,189,237,allocated,845.8581423211049,133,79,189,306,existing,660.9474710284574,133,78,189,423,existing,1134.93573763128,133,84,189,384,existing,1359.9474243927423,133,10,189,130,allocated,1050.0165974313074,133,75,189,384,existing,1359.9474243927423,133,77,189,165,existing,1476.7689399220246,133,76,189,121,existing,1501.7371312729333
134,134,65,190,139,existing,184.70578528315687,134,65,190,317,existing,219.92106915232475,134,65,190,190,allocated,0.0,134,82,190,164,existing,382.97980549737326,134,81,190,164,existing,382.97980549737326,134,76,190,121,existing,540.2431002440977,134,77,190,165,existing,492.01078382607136,134,30,190,337,allocated,798.0208092360099,134,10,190,130,allocated,684.5767666115255,134,83,190,63,existing,751.3792151218538,134,80,190,306,existing,1073.6458930143754,134,79,190,306,existing,1073.6458930143754,134,21,190,237,allocated,1504.922270152654
135,135,68,191,507,existing,252.28840152462828,135,68,191,508,allocated,272.08469435518265,135,68,191,508,allocated,272.08469435518265,135,77,191,165,existing,542.550053058804,135,76,191,121,existing,565.6402930282825,135,81,191,164,existing,651.5810313875021,135,82,191,164,existing,651.5810313875021,135,83,191,63,existing,1406.8368729600306,135,21,191,237,allocated,1432.1652305232008,135,10,191,130,allocated,1267.077106066679,135,30,191,337,allocated,747.230726219318,135,79,191,306,existing,1615.9819692690853,135,80,191,306,existing,1615.9819692690853
136,136,69,192,423,existing,579.8771345706801,136,69,192,262,existing,230.27838948429257,136,69,192,237,allocated,277.5073834185362,136,21,192,237,allocated,277.5073834185362,136,78,192,423,existing,579.8771345706801,136,30,192,337,allocated,984.4088443351802,136,80,192,306,existing,1359.5552775948868,136,76,192,121,existing,1853.5844844135913,136,10,192,130,allocated,1523.3002702517542,136,79,192,306,existing,1359.5552775948868,136,77,192,165,existing,1828.6162930626826,136,81,192,164,existing,1935.4990283299765,136,82,192,164,existing,1935.4990283299765
137,137,14,193,158,allocated,408.7754580563527,137,14,193,157,existing,335.8724873225493,137,14,193,158,allocated,408.7754580563527,137,21,193,237,allocated,922.9636755813151,137,78,193,423,existing,1042.6638603502972,137,30,193,337,allocated,1251.3688744550193,137,77,193,165,existing,1559.3819598680718,137,81,193,164,existing,1668.4002081428664,137,76,193,121,existing,1584.3501512189803,137,10,193,130,allocated,1771.2152543023806,137,82,193,164,existing,1668.4002081428664,137,80,193,306,existing,1998.201648860726,137,79,193,306,existing,1998.201648860726
138,138,67,194,402,existing,153.3259277233338,138,67,194,317,existing,768.0806447751671,138,67,194,402,existing,153.3259277233338,138,10,194,130,allocated,174.53374704700897,138,80,194,306,existing,563.602873449859,138,30,194,337,allocated,828.4312202560286,138,79,194,306,existing,563.602873449859,138,81,194,164,existing,905.5446674355795,138,82,194,164,existing,905.5446674355795,138,77,194,165,existing,1014.5756457642776,138,83,194,63,existing,837.5979762459142,138,21,194,237,allocated,1420.3266338802268,138,76,194,121,existing,1034.3242916342992
139,139,62,195,306,existing,173.7534581701545,139,62,195,236,existing,583.1355570872608,139,62,195,484,allocated,93.90266291323394,139,80,195,306,existing,173.7534581701545,139,79,195,306,existing,173.7534581701545,139,30,195,337,allocated,817.1805674739394,139,10,195,130,allocated,257.9890499942299,139,75,195,384,existing,1101.1481356445045,139,83,195,63,existing,1227.705134639803,139,21,195,237,allocated,1030.4772186005223,139,84,195,384,existing,1101.1481356445045,139,81,195,164,existing,1295.6518258294682,139,82,195,164,existing,1295.6518258294682
140,140,69,197,423,existing,765.0227150662051,140,69,197,262,existing,158.24679717223825,140,69,197,237,allocated,535.9111809099875,140,21,197,237,allocated,535.9111809099875,140,78,197,423,existing,765.0227150662051,140,30,197,337,allocated,1242.8126418266315,140,80,197,306,existing,1617.9590750863376,140,79,197,306,existing,1617.9590750863376,140,76,197,121,existing,2111.9882819050426,140,77,197,165,existing,2087.020090554134,140,10,197,130,allocated,1781.704067743205,140,81,197,164,existing,2193.9028258214275,140,82,197,164,existing,2193.9028258214275
141,141,69,198,423,existing,715.9518559020463,141,69,198,262,existing,109.17593800807933,141,69,198,237,allocated,486.8403217458286,141,21,198,237,allocated,486.8403217458286,141,78,198,423,existing,715.9518559020463,141,30,198,337,allocated,1193.7417826624726,141,79,198,306,existing,1568.888215922179,141,76,198,121,existing,2062.9174227408835,141,10,198,130,allocated,1732.6332085790464,141,80,198,306,existing,1568.888215922179,141,77,198,165,existing,2037.949231389975,141,81,198,164,existing,2144.831966657269,141,82,198,164,existing,2144.831966657269
142,142,68,199,507,existing,459.874439759719,142,68,199,508,allocated,479.67073259027336,142,68,199,508,allocated,479.67073259027336,142,77,199,165,existing,750.1360912938947,142,76,199,121,existing,773.2263312633733,142,81,199,164,existing,859.1670696225929,142,82,199,164,existing,859.1670696225929,142,83,199,63,existing,1614.4229111951215,142,21,199,237,allocated,1639.7512687582916,142,30,199,337,allocated,954.8167644544087,142,10,199,130,allocated,1474.6631443017698,142,79,199,306,existing,1823.5680075041762,142,80,199,306,existing,1823.5680075041762
143,143,68,200,507,existing,486.53177308818437,143,68,200,508,allocated,506.32806591873873,143,68,200,508,allocated,506.32806591873873,143,77,200,165,existing,776.79342462236,143,76,200,121,existing,799.8836645918385,143,82,200,164,existing,885.8244029510581,143,81,200,164,existing,885.8244029510581,143,10,200,130,allocated,1501.320477630235,143,21,200,237,allocated,1666.4086020867567,143,83,200,63,existing,1641.0802445235868,143,30,200,337,allocated,981.474097782874,143,80,200,306,existing,1850.2253408326415,143,79,200,306,existing,1850.2253408326415
144,144,65,206,139,existing,351.141022904979,144,65,206,409,existing,590.4793393652388,144,65,206,64,allocated,119.28587782906932,144,83,206,63,existing,249.38135307260376,144,82,206,164,existing,707.0832135268532,144,81,206,164,existing,707.0832135268532,144,10,206,130,allocated,762.7503702203195,144,77,206,165,existing,816.1141918555513,144,80,206,306,existing,1151.8194966231695,144,76,206,121,existing,835.8628377255731,144,79,206,306,existing,1151.8194966231695,144,30,206,337,allocated,1230.0096467389774,144,75,206,384,existing,1769.9339863124096
145,145,14,208,158,allocated,657.3750637074174,145,14,208,156,existing,584.3958702859372,145,14,208,208,allocated,0.0,145,21,208,237,allocated,397.2263344268234,145,78,208,423,existing,902.6458497332123,145,77,208,165,existing,1393.676986575405,145,30,208,337,allocated,1064.377616964424,145,81,208,164,existing,1502.6952348501998,145,80,208,306,existing,1472.4643077062342,145,79,208,306,existing,1472.4643077062342,145,76,208,121,existing,1418.6451779263134,145,82,208,164,existing,1502.6952348501998,145,10,208,130,allocated,1605.5102810097137
146,146,67,209,402,existing,74.91080574043606,146,67,209,337,existing,750.016098273131,146,67,209,302,allocated,36.704465076434886,146,10,209,130,allocated,96.11862506411124,146,79,209,306,existing,446.1521121202031,146,30,209,337,allocated,750.016098273131,146,80,209,306,existing,446.1521121202031,146,81,209,164,existing,1133.7814008993494,146,82,209,164,existing,1133.7814008993494,146,77,209,165,existing,1242.8123792280476,146,83,209,63,existing,1065.834709709684,146,21,209,237,allocated,1302.8758725505709,146,76,209,121,existing,1262.5610250980692
147,147,71,210,402,existing,66.4468551257479,147,71,210,337,existing,741.5521476584428,147,71,210,302,allocated,28.24051446174673,147,10,210,130,allocated,87.65467444942308,147,80,210,306,existing,437.6881615055149,147,30,210,337,allocated,741.5521476584428,147,79,210,306,existing,437.6881615055149,147,77,210,165,existing,1234.3484286133594,147,82,210,164,existing,1125.3174502846614,147,83,210,63,existing,1057.370759094996,147,81,210,164,existing,1125.3174502846614,147,21,210,237,allocated,1294.4119219358827,147,76,210,121,existing,1254.0970744833812
148,148,18,212,214,allocated,164.62161253049294,148,18,212,535,existing,464.82928961007036,148,18,212,214,allocated,164.62161253049294,148,79,212,306,existing,236.95911357149416,148,80,212,306,existing,236.95911357149416,148,10,212,130,allocated,626.0282399743442,148,75,212,384,existing,891.6798909084541,148,21,212,237,allocated,1314.125675805393,148,78,212,423,existing,1548.7231368482826,148,30,212,337,allocated,1100.8290246788101,148,84,212,384,existing,891.6798909084541,148,82,212,164,existing,1667.9900983986067,148,83,212,63,existing,1635.565085928587
149,149,18,213,214,allocated,127.3488261684938,149,18,213,535,existing,637.3048709219439,149,18,213,214,allocated,127.3488261684938,149,80,213,306,existing,453.0472819342229,149,79,213,306,existing,453.0472819342229,149,84,213,384,existing,785.0086542569513,149,10,213,130,allocated,628.5762149210149,149,83,213,63,existing,1598.2922995665876,149,30,213,337,allocated,1108.7934431243355,149,21,213,237,allocated,1322.0900942509184,149,75,213,384,existing,785.0086542569513,149,82,213,164,existing,1666.2389907562529,149,81,213,164,existing,1666.2389907562529
150,150,18,214,214,allocated,0.0,150,18,214,535,existing,509.9560447534501,150,18,214,214,allocated,0.0,150,80,214,306,existing,325.6984557657291,150,79,214,306,existing,325.6984557657291,150,10,214,130,allocated,501.227388752521,150,84,214,384,existing,912.3574804254451,150,83,214,63,existing,1470.9434733980938,150,30,214,337,allocated,981.4446169558418,150,21,214,237,allocated,1194.7412680824245,150,75,214,384,existing,912.3574804254451,150,81,214,164,existing,1538.890164587759,150,82,214,164,existing,1538.890164587759
151,151,72,215,123,existing,188.25315178045884,151,72,215,409,existing,256.31252873827367,151,72,215,123,allocated,188.25315178045884,151,83,215,63,existing,1046.3149958410731,151,82,215,164,existing,1166.1778024854561,151,81,215,164,existing,1166.1778024854561,151,77,215,165,existing,1275.2087808141541,151,75,215,384,existing,1488.178966888633,151,10,215,130,allocated,1334.2183104997384,151,76,215,121,existing,1294.9574266841757,151,84,215,384,existing,1488.178966888633,151,80,215,306,existing,1723.2874369025883,151,79,215,306,existing,1723.2874369025883
152,152,72,216,123,existing,157.0802916648068,152,72,216,409,existing,225.13966862262166,152,72,216,123,allocated,157.0802916648068,152,83,216,63,existing,1015.1421357254211,152,81,216,164,existing,1135.004942369804,152,77,216,165,existing,1244.035920698502,152,82,216,164,existing,1135.004942369804,152,75,216,384,existing,1457.006106772981,152,10,216,130,allocated,1303.0454503840865,152,76,216,121,existing,1263.7845665685236,152,84,216,384,existing,1457.006106772981,152,80,216,306,existing,1692.1145767869361,152,79,216,306,existing,1692.1145767869361
153,153,18,217,214,allocated,517.4579356487427,153,18,217,535,existing,142.25731189323048,153,18,217,535,allocated,142.25731189323048,153,79,217,306,existing,633.408023740599,153,80,217,306,existing,633.408023740599,153,84,217,384,existing,778.2927443984161,153,75,217,384,existing,778.2927443984161,153,30,217,337,allocated,1498.9025526045846,153,21,217,237,allocated,1712.1992037311675,153,10,217,130,allocated,1018.6853244012636,153,78,217,423,existing,1725.8716837731527,153,81,217,164,existing,2056.348100236502,153,83,217,63,existing,1988.4014090468368
154,154,18,218,214,allocated,430.3029451952047,154,18,218,535,existing,229.41230234676843,154,18,218,535,allocated,229.41230234676843,154,80,218,306,existing,546.2530332870612,154,79,218,306,existing,546.2530332870612,154,75,218,384,existing,691.1377539448781,154,84,218,384,existing,691.1377539448781,154,10,218,130,allocated,931.5303339477257,154,30,218,337,allocated,1411.7475621510466,154,21,218,237,allocated,1625.0442132776293,154,78,218,423,existing,1813.0266742266906,154,83,218,63,existing,1901.2464185932986,154,81,218,164,existing,1969.1931097829638
155,155,68,219,507,existing,199.6503560065094,155,68,219,508,allocated,219.44664883706378,155,68,219,508,allocated,219.44664883706378,155,77,219,165,existing,489.91200754068507,155,76,219,121,existing,513.0022475101636,155,82,219,164,existing,598.9429858693832,155,81,219,164,existing,598.9429858693832,155,30,219,337,allocated,707.3203305707227,155,21,219,237,allocated,1392.2548348746054,155,83,219,63,existing,1366.9264773114355,155,10,219,130,allocated,1227.1667104180838,155,79,219,306,existing,1576.0715736204902,155,80,219,306,existing,1576.0715736204902
156,156,65,220,139,existing,299.0762689341085,156,65,220,317,existing,334.1535801444369,156,65,220,220,allocated,0.0,156,81,220,164,existing,269.2370919770859,156,82,220,164,existing,269.2370919770859,156,77,220,165,existing,378.2680703057841,156,76,220,121,existing,426.5003867238103,156,80,220,306,existing,1188.016376665327,156,10,220,130,allocated,798.9472502624769,156,83,220,63,existing,865.7496987728055,156,30,220,337,allocated,683.6503255850582,156,79,220,306,existing,1188.016376665327,156,21,220,237,allocated,1390.5517865017023
157,157,69,221,423,existing,476.6765594867057,157,69,221,262,existing,344.4492286577806,157,69,221,374,allocated,386.4654937899221,157,21,221,237,allocated,391.67822259202427,157,78,221,423,existing,476.6765594867057,157,30,221,337,allocated,1098.5796835086683,157,79,221,306,existing,1473.7261167683746,157,76,221,121,existing,1967.7553235870791,157,10,221,130,allocated,1637.471109425242,157,80,221,306,existing,1473.7261167683746,157,77,221,165,existing,1942.7871322361707,157,81,221,164,existing,2049.6698675034645,157,82,221,164,existing,2049.6698675034645
158,158,69,222,423,existing,418.36147791262454,158,69,222,374,allocated,328.1504122158409,158,69,222,374,allocated,328.1504122158409,158,78,222,423,existing,418.36147791262454,158,21,222,237,allocated,449.9933041661055,158,79,222,306,existing,1532.041198342456,158,30,222,337,allocated,1156.8947650827495,158,76,222,121,existing,2026.0704051611606,158,77,222,165,existing,2001.102213810252,158,80,222,306,existing,1532.041198342456,158,10,222,130,allocated,1695.7861909993235,158,82,222,164,existing,2107.984949077546,158,81,222,164,existing,2107.984949077546
159,159,18,223,214,allocated,414.11977679222014,159,18,223,368,allocated,599.0515057221523,159,18,223,91,allocated,158.8250734549519,159,79,223,306,existing,568.9002519057968,159,80,223,306,existing,568.9002519057968,159,75,223,384,existing,673.2618521317095,159,84,223,384,existing,673.2618521317095,159,30,223,337,allocated,1212.3273612095818,159,10,223,130,allocated,679.4075149252475,159,21,223,237,allocated,1425.6240123361647,159,83,223,63,existing,1649.1235995708203,159,82,223,164,existing,1717.0702907604855,159,81,223,164,existing,1717.0702907604855
160,160,18,224,214,allocated,218.61367304762987,160,18,224,535,existing,728.56971780108,160,18,224,268,allocated,126.9951567783898,160,79,224,306,existing,373.39414816120654,160,80,224,306,existing,373.39414816120654,160,84,224,384,existing,868.7679558762998,160,10,224,130,allocated,536.6040292616708,160,21,224,237,allocated,1230.1179085915744,160,75,224,384,existing,868.7679558762998,160,30,224,337,allocated,1016.8212574649915,160,83,224,63,existing,1506.3201139072435,160,81,224,164,existing,1574.2668050969091,160,82,224,164,existing,1574.2668050969091
161,161,72,225,123,existing,194.7234825729813,161,72,225,409,existing,262.78285953079615,161,72,225,123,allocated,194.7234825729813,161,83,225,63,existing,867.6375070975574,161,10,225,130,allocated,981.5149824615773,161,75,225,384,existing,1105.202332535193,161,84,225,384,existing,1105.202332535193,161,76,225,121,existing,1301.4277574766982,161,82,225,164,existing,1172.6481332779786,161,77,225,165,existing,1281.6791116066765,161,81,225,164,existing,1172.6481332779786,161,79,225,306,existing,1370.5841088644274,161,80,225,306,existing,1370.5841088644274
162,162,39,226,412,allocated,481.96326185365484,162,39,226,409,existing,642.2179431265977,162,39,226,412,allocated,481.96326185365484,162,10,226,130,allocated,609.0014179806041,162,83,226,63,existing,953.561276972817,162,80,226,306,existing,959.0349050366959,162,79,226,306,existing,959.0349050366959,162,82,226,164,existing,1348.0107688254657,162,30,226,337,allocated,1262.8988911896238,162,84,226,384,existing,1062.203846352662,162,75,226,384,existing,1062.203846352662,162,81,226,164,existing,1348.0107688254657,162,77,226,165,existing,1457.0417471541639
163,163,66,227,363,existing,436.52152461419155,163,66,227,337,existing,485.4870697511161,163,66,227,220,allocated,206.67494661855793,163,77,227,165,existing,378.2497064791949,163,76,227,121,existing,403.2178978301035,163,81,227,164,existing,474.78923281321187,163,82,227,164,existing,474.78923281321187,163,10,227,130,allocated,806.0841003383518,163,30,227,337,allocated,485.4870697511161,163,83,227,63,existing,1072.4246453913634,163,21,227,237,allocated,1192.38853066776,163,79,227,306,existing,1195.153226741202,163,80,227,306,existing,1195.153226741202
164,164,65,228,139,existing,84.10559189882719,164,65,228,317,existing,320.52126253665443,164,65,228,228,allocated,0.0,164,81,228,164,existing,483.5799988817029,164,82,228,164,existing,483.5799988817029,164,77,228,165,existing,592.6109772104011,164,10,228,130,allocated,583.9765732271958,164,30,228,337,allocated,898.6210026203396,164,83,228,63,existing,650.7790217375242,164,76,228,121,existing,640.8432936284274,164,80,228,306,existing,973.0456996300458,164,79,228,306,existing,973.0456996300458,164,21,228,237,allocated,1605.5224635369837
165,165,73,230,473,existing,451.54402719682616,165,73,230,337,existing,339.48976117893136,165,73,230,337,allocated,339.48976117893136,165,30,230,337,allocated,339.48976117893136,165,77,230,165,existing,577.5376128212074,165,76,230,121,existing,602.505804172116,165,81,230,164,existing,686.5558610960022,165,10,230,130,allocated,859.3361410262925,165,21,230,237,allocated,1024.4242654828142,165,80,230,306,existing,1208.2410042286988,165,82,230,164,existing,686.5558610960022,165,83,230,63,existing,1284.8657014590694,165,79,230,306,existing,1208.2410042286988
166,166,14,231,158,allocated,302.1303790674749,166,14,231,157,existing,229.22740833367155,166,14,231,158,allocated,302.1303790674749,166,78,231,423,existing,842.4500976923232,166,21,231,237,allocated,1014.9688435109178,166,77,231,165,existing,1811.3104611842239,166,30,231,337,allocated,1503.2973757711713,166,76,231,121,existing,1836.2786525351323,166,82,231,164,existing,1920.3287094590185,166,81,231,164,existing,1920.3287094590185,166,10,231,130,allocated,2023.1437556185326,166,80,231,306,existing,2090.206816790329,166,79,231,306,existing,2090.206816790329
167,167,14,232,158,allocated,220.70658730932433,167,14,232,157,existing,147.80361657552095,167,14,232,158,allocated,220.70658730932433,167,78,232,423,existing,951.6307958729626,167,21,232,237,allocated,1124.1495416915573,167,77,232,165,existing,1729.8866694260732,167,30,232,337,allocated,1421.8735840130207,167,81,232,164,existing,1838.9049177008678,167,82,232,164,existing,1838.9049177008678,167,10,232,130,allocated,1941.7199638603822,167,76,232,121,existing,1754.8548607769817,167,80,232,306,existing,2199.3875149709684,167,79,232,306,existing,2199.3875149709684
168,168,59,233,99,existing,336.94544736025443,168,59,233,374,allocated,840.4366988465742,168,59,233,374,allocated,840.4366988465742,168,78,233,423,existing,930.6477645433579,168,21,233,237,allocated,1128.060535985342,168,30,233,337,allocated,1343.5706726483577,168,79,233,306,existing,1370.908491176432,168,84,233,384,existing,2025.6292685133922,168,75,233,384,existing,2025.6292685133922,168,80,233,306,existing,1370.908491176432,168,10,233,130,allocated,1759.9776175792822,168,76,233,121,existing,2212.746312726769,168,77,233,165,existing,2187.7781213758603
169,169,18,234,214,allocated,760.6120674494822,169,18,234,535,existing,736.3811165989672,169,18,234,535,allocated,736.3811165989672,169,79,234,306,existing,876.5621555413385,169,80,234,306,existing,876.5621555413385,169,75,234,384,existing,1021.4468761991554,169,84,234,384,existing,1021.4468761991554,169,83,234,63,existing,2231.555540847576,169,10,234,130,allocated,1261.8394562020032,169,30,234,337,allocated,1742.056684405324,169,21,234,237,allocated,1955.3533355319069,169,82,234,164,existing,2299.5022320372414,169,78,234,423,existing,2264.2084491543847
170,170,18,235,214,allocated,899.3172457726457,170,18,235,535,existing,875.0862949221307,170,18,235,535,allocated,875.0862949221307,170,80,235,306,existing,1015.267333864502,170,79,235,306,existing,1015.267333864502,170,84,235,384,existing,1160.152054522319,170,75,235,384,existing,1160.152054522319,170,30,235,337,allocated,1880.7618627284876,170,21,235,237,allocated,2094.0585138550705,170,10,235,130,allocated,1400.5446345251667,170,83,235,63,existing,2370.26071917074,170,78,235,423,existing,2402.9136274775483,170,82,235,164,existing,2438.207410360405
171,171,69,240,423,existing,317.97823071404173,171,69,240,374,allocated,227.76716501725812,171,69,240,374,allocated,227.76716501725812,171,78,240,423,existing,317.97823071404173,171,21,240,237,allocated,991.3310813668415,171,79,240,306,existing,1657.2090333539907,171,30,240,337,allocated,1629.8712148259165,171,80,240,306,existing,1657.2090333539907,171,10,240,130,allocated,2046.2781597568408,171,84,240,384,existing,2311.9298106909505,171,75,240,384,existing,2311.9298106909505,171,77,240,165,existing,2474.078663553419,171,76,240,121,existing,2499.0468549043276
172,172,18,249,214,allocated,296.4073360488161,172,18,249,535,existing,213.548708704634,172,18,249,249,allocated,0.0,172,80,249,306,existing,412.3574241406725,172,79,249,306,existing,412.3574241406725,172,10,249,130,allocated,797.6347248013371,172,84,249,384,existing,1012.3158952013794,172,21,249,237,allocated,1491.1486041312407,172,30,249,337,allocated,1277.8519530046578,172,78,249,423,existing,1491.8485329701894,172,75,249,384,existing,1012.3158952013794,172,83,249,63,existing,1767.3508094469098,172,81,249,164,existing,1835.297500636575
173,173,62,250,306,existing,134.26631353196012,173,62,250,236,existing,543.6484124490664,173,62,250,484,allocated,54.41551827503957,173,79,250,306,existing,134.26631353196012,173,80,250,306,existing,134.26631353196012,173,30,250,337,allocated,777.6934228357451,173,10,250,130,allocated,297.47619463242427,173,75,250,384,existing,1107.8957905055463,173,84,250,384,existing,1107.8957905055463,173,21,250,237,allocated,990.9900739623279,173,83,250,63,existing,1267.1922792779972,173,81,250,164,existing,1335.1389704676626,173,82,250,164,existing,1335.1389704676626
174,174,14,251,158,allocated,312.6761042223114,174,14,251,157,existing,239.773133488508,174,14,251,158,allocated,312.6761042223114,174,21,251,237,allocated,1008.7039220515225,174,78,251,423,existing,1138.7632141843385,174,30,251,337,allocated,1155.269520620978,174,77,251,165,existing,1463.2826060340306,174,10,251,130,allocated,1675.1159004683393,174,82,251,164,existing,1572.3008543088251,174,76,251,121,existing,1488.250797384939,174,81,251,164,existing,1572.3008543088251,174,79,251,306,existing,2024.0207636707453,174,80,251,306,existing,2024.0207636707453
175,175,68,252,507,existing,382.7388600063747,175,68,252,508,allocated,402.53515283692906,175,68,252,508,allocated,402.53515283692906,175,30,252,337,allocated,578.9801411593052,175,77,252,165,existing,614.2539874684724,175,81,252,164,existing,723.2849657971705,175,76,252,121,existing,639.2221788193809,175,10,252,130,allocated,1098.8265210066663,175,83,252,63,existing,1410.6770926711602,175,21,252,237,allocated,1263.914645463188,175,82,252,164,existing,723.2849657971705,175,79,252,306,existing,1447.7313842090725,175,80,252,306,existing,1447.7313842090725
176,176,68,253,507,existing,412.8938937983433,176,68,253,508,allocated,432.69018662889766,176,68,253,508,allocated,432.69018662889766,176,30,253,337,allocated,548.8251073673366,176,77,253,165,existing,644.4090212604409,176,82,253,164,existing,753.439999589139,176,76,253,121,existing,669.3772126113495,176,21,253,237,allocated,1233.7596116712193,176,81,253,164,existing,753.439999589139,176,10,253,130,allocated,1068.6714872146977,176,83,253,63,existing,1380.5220588791917,176,80,253,306,existing,1417.576350417104,176,79,253,306,existing,1417.576350417104
177,177,61,254,473,existing,383.6737818494822,177,61,254,317,existing,451.02958962190087,177,61,254,220,allocated,116.87600947746395,177,77,254,165,existing,288.45076933810094,177,76,254,121,existing,313.4189606890095,177,82,254,164,existing,384.9902956721179,177,81,254,164,existing,384.9902956721179,177,21,254,237,allocated,1273.6757770242384,177,10,254,130,allocated,895.8830374794459,177,30,254,337,allocated,566.7743161075944,177,83,254,63,existing,982.6257082502693,177,80,254,306,existing,1284.952163882296,177,79,254,306,existing,1284.952163882296
178,178,74,255,108,existing,469.17732159193355,178,74,255,157,existing,483.5712520762603,178,74,255,372,allocated,280.6234213862767,178,21,255,237,allocated,750.0477933557305,178,78,255,423,existing,869.7479781247127,178,30,255,337,allocated,1417.1990758933312,178,77,255,165,existing,1732.2978420936565,178,80,255,306,existing,1825.2857666351415,178,76,255,121,existing,1757.266033444565,178,79,255,306,existing,1825.2857666351415,178,81,255,164,existing,1841.3160903684511,178,10,255,130,allocated,1944.131136527965,178,82,255,164,existing,1841.3160903684511
179,179,74,256,108,existing,300.4871870505571,179,74,256,157,existing,325.45832394748254,179,74,256,445,allocated,234.7482813170214,179,78,256,423,existing,746.2191820785122,179,21,256,237,allocated,918.7379278971068,179,77,256,165,existing,1900.9879766350327,179,30,256,337,allocated,1585.8892104347074,179,79,256,306,existing,1993.9759011765177,179,76,256,121,existing,1925.9561679859412,179,80,256,306,existing,1993.9759011765177,179,81,256,164,existing,2010.0062249098273,179,10,256,130,allocated,2112.8212710693415,179,82,256,164,existing,2010.0062249098273
180,180,65,257,139,existing,383.2703018880686,180,65,257,409,existing,353.1154811799974,180,65,257,64,allocated,306.7915106792677,180,83,257,63,existing,436.8869859228021,180,10,257,130,allocated,724.7903005814674,180,81,257,164,existing,895.9408320043938,180,82,257,164,existing,895.9408320043938,180,79,257,306,existing,1113.8594269843172,180,80,257,306,existing,1113.8594269843172,180,76,257,121,existing,1024.7204562031136,180,77,257,165,existing,1004.9718103330918,180,75,257,384,existing,1532.5701281271683,180,30,257,337,allocated,1192.0495771001251
181,181,65,258,139,existing,312.2256329950152,181,65,258,409,existing,424.1601500730508,181,65,258,64,allocated,235.74684178621425,181,83,258,63,existing,365.8423170297487,181,10,258,130,allocated,653.7456316884139,181,81,258,164,existing,824.8961631113403,181,82,258,164,existing,824.8961631113403,181,76,258,121,existing,953.6757873100603,181,80,258,306,existing,1042.814758091264,181,77,258,165,existing,933.9271414400384,181,79,258,306,existing,1042.814758091264,181,75,258,384,existing,1603.6147970202219,181,30,258,337,allocated,1121.0049082070718
182,182,73,259,473,existing,364.81165467302026,182,73,259,337,existing,374.7968911737439,182,73,259,47,allocated,306.1550119109005,182,30,259,337,allocated,374.7968911737439,182,77,259,165,existing,469.4105575537585,182,81,259,164,existing,576.2932928210523,182,76,259,121,existing,494.3787489046671,182,82,259,164,existing,576.2932928210523,182,10,259,130,allocated,891.9892314125461,182,83,259,63,existing,1174.6031331841198,182,21,259,237,allocated,1081.6983520903877,182,80,259,306,existing,1243.5481342235114,182,79,259,306,existing,1243.5481342235114
183,183,64,260,523,existing,139.2594487802726,183,64,260,317,existing,188.94709464223303,183,64,260,523,allocated,139.2594487802726,183,82,260,164,existing,254.1275381523789,183,81,260,164,existing,254.1275381523789,183,77,260,165,existing,363.1585164810771,183,76,260,121,existing,418.8972809449856,183,30,260,337,allocated,1131.7891614599912,183,83,260,63,existing,774.9522502425084,183,10,260,130,allocated,817.1447320668474,183,80,260,306,existing,1206.2138584696975,183,79,260,306,existing,1206.2138584696975,183,21,260,237,allocated,1838.6906223766352
184,184,64,261,523,existing,102.95183788255751,184,64,261,317,existing,152.63948374451795,184,64,261,523,allocated,102.95183788255751,184,82,261,164,existing,217.8199272546638,184,81,261,164,existing,217.8199272546638,184,77,261,165,existing,326.85090558336196,184,76,261,121,existing,382.5896700472705,184,30,261,337,allocated,1168.0967723577064,184,83,261,63,existing,738.6446393447932,184,79,261,306,existing,1213.211057572449,184,10,261,130,allocated,824.1419311695988,184,80,261,306,existing,1213.211057572449,184,21,261,237,allocated,1874.9982332743502
185,185,69,262,423,existing,680.0341348898932,185,69,262,262,existing,0.0,185,69,262,237,allocated,377.66438373774923,185,21,262,237,allocated,377.66438373774923,185,78,262,423,existing,680.0341348898932,185,79,262,306,existing,1459.7122779140996,185,30,262,337,allocated,1084.5658446543932,185,10,262,130,allocated,1623.457270570967,185,76,262,121,existing,1953.741484732804,185,77,262,165,existing,1928.7732933818957,185,80,262,306,existing,1459.7122779140996,185,82,262,164,existing,2035.6560286491895,185,81,262,164,existing,2035.6560286491895
186,186,69,263,423,existing,514.8164399881404,186,69,263,262,existing,165.2176949017528,186,69,263,237,allocated,212.4466888359964,186,21,263,237,allocated,212.4466888359964,186,78,263,423,existing,514.8164399881404,186,80,263,306,existing,1294.494583012347,186,30,263,337,allocated,919.3481497526404,186,79,263,306,existing,1294.494583012347,186,10,263,130,allocated,1458.2395756692144,186,76,263,121,existing,1788.5237898310515,186,77,263,165,existing,1763.5555984801429,186,81,263,164,existing,1870.4383337474367,186,82,263,164,existing,1870.4383337474367
187,187,59,264,99,existing,365.9718590985863,187,59,264,535,existing,587.706175972638,187,59,264,354,allocated,167.14584407865908,187,79,264,306,existing,667.9911847175914,187,80,264,306,existing,667.9911847175914,187,10,264,130,allocated,1057.0603111204414,187,30,264,337,allocated,1116.2371744058973,187,75,264,384,existing,1322.7119620545513,187,84,264,384,existing,1322.7119620545513,187,78,264,423,existing,1117.6910657021854,187,21,264,237,allocated,1315.1038371441696,187,77,264,165,existing,1960.4446231333998,187,76,264,121,existing,1985.4128144843085
188,188,18,265,214,allocated,382.9569068034973,188,18,265,236,existing,648.4487200191272,188,18,265,436,existing,318.5974993783967,188,80,265,306,existing,455.29440784449855,188,79,265,306,existing,455.29440784449855,188,10,265,130,allocated,844.3635342473485,188,30,265,337,allocated,882.4937304058059,188,84,265,384,existing,1110.0151851814585,188,75,265,384,existing,1110.0151851814585,188,78,265,423,existing,1353.9520264365526,188,21,265,237,allocated,1095.7903815323887,188,77,265,165,existing,1726.7011791333082,188,76,265,121,existing,1751.6693704842169
189,189,72,266,123,existing,606.8953699613493,189,72,266,409,existing,674.9547469191641,189,72,266,267,allocated,30.354080531414013,189,83,266,63,existing,1464.9572140219636,189,81,266,164,existing,1584.8200206663466,189,77,266,165,existing,1693.8509989950446,189,82,266,164,existing,1584.8200206663466,189,76,266,121,existing,1713.5996448650662,189,84,266,384,existing,1906.8211850695236,189,10,266,130,allocated,1752.860528680629,189,75,266,384,existing,1906.8211850695236,189,79,266,306,existing,2141.929655083479,189,80,266,306,existing,2141.929655083479
190,190,72,267,123,existing,576.5412894299352,190,72,267,409,existing,644.6006663877502,190,72,267,267,allocated,0.0,190,83,267,63,existing,1434.6031334905497,190,81,267,164,existing,1554.4659401349327,190,77,267,165,existing,1663.4969184636307,190,82,267,164,existing,1554.4659401349327,190,75,267,384,existing,1876.4671045381097,190,76,267,121,existing,1683.2455643336523,190,84,267,384,existing,1876.4671045381097,190,10,267,130,allocated,1722.506448149215,190,79,267,306,existing,2111.5755745520646,190,80,267,306,existing,2111.5755745520646
191,191,18,268,214,allocated,91.61851626924008,191,18,268,535,existing,601.5745610226902,191,18,268,268,allocated,0.0,191,79,268,306,existing,246.39899138281677,191,80,268,306,existing,246.39899138281677,191,10,268,130,allocated,409.60887248328095,191,30,268,337,allocated,889.8261006866016,191,21,268,237,allocated,1103.1227518131845,191,75,268,384,existing,995.7631126546896,191,84,268,384,existing,995.7631126546896,191,83,268,63,existing,1379.3249571288538,191,81,268,164,existing,1447.271648318519,191,82,268,164,existing,1447.271648318519
192,192,71,269,402,existing,172.5399103428798,192,71,269,337,existing,847.6452028755747,192,71,269,302,allocated,134.33356967887863,192,10,269,130,allocated,193.747729666555,192,80,269,306,existing,543.7812167226468,192,30,269,337,allocated,847.6452028755747,192,79,269,306,existing,543.7812167226468,192,77,269,165,existing,1340.4414838304913,192,82,269,164,existing,1231.410505501793,192,81,269,164,existing,1231.410505501793,192,83,269,63,existing,1163.4638143121279,192,76,269,121,existing,1360.190129700513,192,21,269,237,allocated,1400.5049771530148
193,193,62,271,306,existing,408.3613593671198,193,62,271,368,allocated,792.329888037982,193,62,271,91,allocated,122.02353444463465,193,79,271,306,existing,408.3613593671198,193,80,271,306,existing,408.3613593671198,193,84,271,384,existing,866.5402344475392,193,10,271,130,allocated,489.8723817048005,193,83,271,63,existing,1459.5884663503734,193,75,271,384,existing,866.5402344475392,193,21,271,237,allocated,1265.0851197974876,193,30,271,337,allocated,1051.7884686709046,193,81,271,164,existing,1527.5351575400387,193,82,271,164,existing,1527.5351575400387
194,194,61,272,473,existing,389.2241069727326,194,61,272,337,existing,390.848829723121,194,61,272,47,allocated,352.4306770142347,194,30,272,337,allocated,390.848829723121,194,77,272,165,existing,515.2176925971139,194,81,272,164,existing,624.2359408719087,194,76,272,121,existing,540.1858839480225,194,10,272,130,allocated,910.6952095704821,194,83,272,63,existing,1222.545781234976,194,21,272,237,allocated,1075.7833340270038,194,82,272,164,existing,624.2359408719087,194,80,272,306,existing,1259.6000727728883,194,79,272,306,existing,1259.6000727728883
195,195,18,273,214,allocated,327.35588236622857,195,18,273,368,allocated,510.7912516496593,195,18,273,91,allocated,260.77536223642653,195,75,273,384,existing,585.0015980592165,195,84,273,384,existing,585.0015980592165,195,79,273,306,existing,653.0543381319576,195,80,273,306,existing,653.0543381319576,195,10,273,130,allocated,781.3578037067222,195,30,273,337,allocated,1308.8004993220704,195,83,273,63,existing,1751.073888352295,195,21,273,237,allocated,1522.0971504486533,195,82,273,164,existing,1819.0205795419602,195,81,273,164,existing,1819.0205795419602
196,196,61,275,473,existing,417.5551698531205,196,61,275,337,existing,419.1798926035089,196,61,275,47,allocated,380.76173989462256,196,30,275,337,allocated,419.1798926035089,196,77,275,165,existing,543.5487554775018,196,76,275,121,existing,568.5169468284104,196,82,275,164,existing,652.5670037522966,196,81,275,164,existing,652.5670037522966,196,83,275,63,existing,1250.8768441153638,196,10,275,130,allocated,939.02627245087,196,21,275,237,allocated,1104.1143969073917,196,79,275,306,existing,1287.9311356532762,196,80,275,306,existing,1287.9311356532762
197,197,61,276,473,existing,414.0612499782752,197,61,276,337,existing,445.72312886997196,197,61,276,47,allocated,377.26782001977733,197,30,276,337,allocated,445.72312886997196,197,77,276,165,existing,540.0548356026565,197,81,276,164,existing,649.0858139313546,197,76,276,121,existing,565.023026953565,197,21,276,237,allocated,1130.6576331738547,197,10,276,130,allocated,965.5695087173331,197,82,276,164,existing,649.0858139313546,197,83,276,63,existing,1277.4200803818271,197,80,276,306,existing,1314.4743719197395,197,79,276,306,existing,1314.4743719197395
198,198,18,281,214,allocated,440.054124807792,198,18,281,368,allocated,398.09300920809585,198,18,281,91,allocated,359.78356996900845,198,75,281,384,existing,472.30335561765304,198,84,281,384,existing,472.30335561765304,198,79,281,306,existing,740.9857770112142,198,80,281,306,existing,740.9857770112142,198,30,281,337,allocated,1413.2858577236382,198,21,281,237,allocated,1626.582508850221,198,83,281,63,existing,1850.0820960848769,198,10,281,130,allocated,880.3660114393041,198,81,281,164,existing,1918.028787274542,198,82,281,164,existing,1918.028787274542
199,199,72,282,123,existing,483.4308004210137,199,72,282,409,existing,439.2468298622415,199,72,282,123,allocated,483.4308004210137,199,10,282,130,allocated,718.6204800426392,199,83,282,63,existing,750.5901637084608,199,80,282,306,existing,1079.4213032088705,199,79,282,306,existing,1079.4213032088705,199,81,282,164,existing,1209.6440097900522,199,75,282,384,existing,1218.86695034151,199,82,282,164,existing,1209.6440097900522,199,30,282,337,allocated,1189.5047840151567,199,84,282,384,existing,1218.86695034151,199,77,282,165,existing,1318.6749881187504
200,200,69,288,423,existing,305.66965181988394,200,69,288,156,existing,216.20188407485884,200,69,288,177,allocated,170.1064773086066,200,78,288,423,existing,305.66965181988394,200,21,288,237,allocated,367.6831988329159,200,30,288,337,allocated,1074.5846597495597,200,79,288,306,existing,1449.7310930092663,200,76,288,121,existing,1943.7602998279708,200,10,288,130,allocated,1613.4760856661337,200,80,288,306,existing,1449.7310930092663,200,77,288,165,existing,1918.7921084770624,200,82,288,164,existing,2025.6748437443562,200,81,288,164,existing,2025.6748437443562
201,201,69,289,423,existing,206.92608599873796,201,69,289,374,allocated,116.71502030195435,201,69,289,374,allocated,116.71502030195435,201,78,289,423,existing,206.92608599873796,201,21,289,237,allocated,880.2789366515378,201,79,289,306,existing,1653.5993443143188,201,30,289,337,allocated,1587.180397568182,201,84,289,384,existing,2308.320121651279,201,75,289,384,existing,2308.320121651279,201,80,289,306,existing,1653.5993443143188,201,10,289,130,allocated,2042.668470717169,201,77,289,165,existing,2431.3878462956845,201,76,289,121,existing,2456.356037646593
202,202,18,290,214,allocated,201.69690152304838,202,18,290,535,existing,308.2591432304017,202,18,290,249,allocated,94.7104345257677,202,79,290,306,existing,317.6469896149048,202,80,290,306,existing,317.6469896149048,202,84,290,384,existing,928.7551799010096,202,10,290,130,allocated,702.9242902755694,202,75,290,384,existing,928.7551799010096,202,21,290,237,allocated,1396.438169605473,202,30,290,337,allocated,1183.14151847889,202,78,290,423,existing,1586.558967495957,202,83,290,63,existing,1672.6403749211422,202,81,290,164,existing,1740.5870661108074
203,203,18,291,214,allocated,104.87418383693634,203,18,291,535,existing,405.08186091651373,203,18,291,214,allocated,104.87418383693634,203,79,291,306,existing,220.82427192879274,203,80,291,306,existing,220.82427192879274,203,10,291,130,allocated,606.1015725894574,203,75,291,384,existing,831.9324622148974,203,84,291,384,existing,831.9324622148974,203,83,291,63,existing,1575.8176572350303,203,30,291,337,allocated,1086.3188007927781,203,21,291,237,allocated,1299.615451919361,203,81,291,164,existing,1643.7643484246955,203,78,291,423,existing,1608.470565541839
204,204,14,292,158,allocated,190.35681356419167,204,14,292,157,existing,263.25978429799505,204,14,292,158,allocated,190.35681356419167,204,21,292,237,allocated,864.2445845700491,204,30,292,337,allocated,1010.8101831395047,204,78,292,423,existing,1283.2225516658118,204,77,292,165,existing,1318.8232685525572,204,81,292,164,existing,1427.8415168273518,204,10,292,130,allocated,1530.656562986866,204,82,292,164,existing,1427.8415168273518,204,76,292,121,existing,1343.7914599034657,204,79,292,306,existing,1879.561426189272,204,80,292,306,existing,1879.561426189272
205,205,59,293,99,existing,347.50134055738323,205,59,293,374,allocated,314.0068003494322,205,59,293,374,allocated,314.0068003494322,205,78,293,423,existing,404.21786604621576,205,21,293,237,allocated,967.8572954566837,205,30,293,337,allocated,1354.1265658454868,205,80,293,306,existing,1381.464384373561,205,84,293,384,existing,2036.185161710521,205,79,293,306,existing,1381.464384373561,205,10,293,130,allocated,1770.533510776411,205,75,293,384,existing,2036.185161710521,205,76,293,121,existing,2223.302205923898,205,77,293,165,existing,2198.3340145729894
206,206,59,294,99,existing,383.1296956407417,206,59,294,374,allocated,349.6351554327906,206,59,294,374,allocated,349.6351554327906,206,78,294,423,existing,439.8462211295742,206,21,294,237,allocated,1003.4856505400421,206,80,294,306,existing,1417.0927394569194,206,30,294,337,allocated,1389.7549209288452,206,79,294,306,existing,1417.0927394569194,206,75,294,384,existing,2071.8135167938794,206,10,294,130,allocated,1806.1618658597695,206,84,294,384,existing,2071.8135167938794,206,76,294,121,existing,2258.930561007256,206,77,294,165,existing,2233.9623696563476
207,207,65,297,139,existing,368.4847289761696,207,65,297,317,existing,477.66500343728575,207,65,297,498,allocated,43.76552688901911,207,83,297,63,existing,413.61911965202546,207,82,297,164,existing,542.8454469474316,207,81,297,164,existing,542.8454469474316,207,77,297,165,existing,651.8764252761298,207,76,297,121,existing,671.6250711461514,207,80,297,306,existing,1197.6588988802603,207,79,297,306,existing,1197.6588988802603,207,10,297,130,allocated,808.5897724774103,207,75,297,384,existing,1822.5360726437782,207,30,297,337,allocated,1275.8490489960682
208,208,59,298,99,existing,382.41976680647235,208,59,298,236,existing,364.64565907824874,208,59,298,337,allocated,624.2054584816311,208,30,298,337,allocated,624.2054584816311,208,21,298,237,allocated,811.9873205915101,208,79,298,306,existing,999.3518917413376,208,80,298,306,existing,999.3518917413376,208,10,298,130,allocated,1163.096884398205,208,76,298,121,existing,1493.3810985600421,208,78,298,423,existing,1134.1389734100712,208,77,298,165,existing,1468.4129072091337,208,82,298,164,existing,1575.2956424764275,208,81,298,164,existing,1575.2956424764275
209,209,58,299,384,existing,338.211761672538,209,58,299,368,allocated,264.0014152629808,209,58,299,368,allocated,264.0014152629808,209,84,299,384,existing,338.211761672538,209,75,299,384,existing,338.211761672538,209,79,299,306,existing,1242.5478029971139,209,80,299,306,existing,1242.5478029971139,209,10,299,130,allocated,1477.95103261847,209,30,299,337,allocated,2075.380282194715,209,82,299,164,existing,2272.017093274997,209,83,299,63,existing,1963.6237415117962,209,81,299,164,existing,2272.017093274997,209,21,299,237,allocated,2288.676933321298
210,210,58,300,384,existing,386.82456460140844,210,58,300,368,allocated,312.61421819185125,210,58,300,368,allocated,312.61421819185125,210,84,300,384,existing,386.82456460140844,210,75,300,384,existing,386.82456460140844,210,79,300,306,existing,1291.1606059259843,210,80,300,306,existing,1291.1606059259843,210,83,300,63,existing,1894.5980724050169,210,30,300,337,allocated,2054.4736229887044,210,81,300,164,existing,2202.9914241682177,210,10,300,130,allocated,1408.9253635116906,210,21,300,237,allocated,2267.7702741152875,210,82,300,164,existing,2202.9914241682177
211,211,58,301,384,existing,262.0149527482804,211,58,301,368,allocated,187.8046063387232,211,58,301,368,allocated,187.8046063387232,211,84,301,384,existing,262.0149527482804,211,75,301,384,existing,262.0149527482804,211,79,301,306,existing,1166.350994072856,211,80,301,306,existing,1166.350994072856,211,21,301,237,allocated,2212.4801243970405,211,83,301,63,existing,1935.0506193012434,211,30,301,337,allocated,1999.1834732704574,211,10,301,130,allocated,1449.3779104079172,211,81,301,164,existing,2243.443971064444,211,82,301,164,existing,2243.443971064444
212,212,71,303,402,existing,115.86327483676955,212,71,303,337,existing,790.9685673694644,212,71,303,302,allocated,77.65693417276837,212,10,303,130,allocated,137.07109416044472,212,79,303,306,existing,526.1402205632947,212,80,303,306,existing,526.1402205632947,212,30,303,337,allocated,790.9685673694644,212,77,303,165,existing,1283.7648483243809,212,81,303,164,existing,1174.7338699956827,212,83,303,63,existing,1106.7871788060174,212,82,303,164,existing,1174.7338699956827,212,21,303,237,allocated,1382.8639809936626,212,76,303,121,existing,1303.5134941944027
213,213,14,305,158,allocated,379.27337159707906,213,14,305,157,existing,306.3704008632757,213,14,305,445,allocated,321.17594805738315,213,78,305,423,existing,832.6468488188739,213,21,305,237,allocated,1005.1655946374686,213,30,305,337,allocated,1580.4403683007754,213,77,305,165,existing,1888.453453713828,213,76,305,121,existing,1913.4216450647364,213,82,305,164,existing,1997.4717019886225,213,81,305,164,existing,1997.4717019886225,213,80,305,306,existing,2080.4035679168796,213,10,305,130,allocated,2100.286748148137,213,79,305,306,existing,2080.4035679168796
214,214,60,307,458,existing,101.73906893074506,214,60,307,236,existing,503.555020284908,214,60,307,307,existing,0.0,214,80,307,306,existing,194.87716409896723,214,79,307,306,existing,194.87716409896723,214,30,307,337,allocated,737.6000306715866,214,10,307,130,allocated,583.9462905018172,214,77,307,165,existing,1581.807479399089,214,75,307,384,existing,1247.6338982426573,214,84,307,384,existing,1247.6338982426573,214,21,307,237,allocated,950.8966817981695,214,78,307,423,existing,1601.0060445607703,214,83,307,63,existing,1596.0780137947404
215,215,18,308,214,allocated,449.0646098559995,215,18,308,535,existing,60.8914348974506,215,18,308,535,allocated,60.8914348974506,215,80,308,306,existing,565.0146979478559,215,79,308,306,existing,565.0146979478559,215,75,308,384,existing,859.658621394196,215,84,308,384,existing,859.658621394196,215,78,308,423,existing,1644.5058067773728,215,30,308,337,allocated,1430.5092268118412,215,10,308,130,allocated,950.2919986085205,215,21,308,237,allocated,1643.8058779384241,215,82,308,164,existing,1987.9547744437587,215,83,308,63,existing,1920.0080832540934
216,216,65,309,139,existing,19.754224853651266,216,65,309,317,existing,384.8726295818303,216,65,309,488,allocated,32.33314854178786,216,10,309,130,allocated,519.6252061820198,216,82,309,164,existing,522.3366522422427,216,81,309,164,existing,522.3366522422427,216,83,309,63,existing,586.4276546923483,216,79,309,306,existing,908.6943325848699,216,80,309,306,existing,908.6943325848699,216,76,309,121,existing,651.1162764409626,216,77,309,165,existing,631.367630570941,216,21,309,237,allocated,1640.8156462350107,216,30,309,337,allocated,933.9141853183665
217,217,14,311,158,allocated,718.2788259842212,217,14,311,156,existing,645.299632562741,217,14,311,208,allocated,60.90376227680373,217,21,311,237,allocated,458.13009670362715,217,78,311,423,existing,963.5496120100161,217,77,311,165,existing,1454.5807488522087,217,30,311,337,allocated,1125.2813792412278,217,80,311,306,existing,1533.368069983038,217,81,311,164,existing,1563.5989971270035,217,79,311,306,existing,1533.368069983038,217,76,311,121,existing,1479.5489402031171,217,82,311,164,existing,1563.5989971270035,217,10,311,130,allocated,1666.4140432865174
218,218,59,312,99,existing,462.0145191194321,218,59,312,236,existing,477.3144688995943,218,59,312,307,existing,387.27231883773914,218,79,312,306,existing,582.1494829367064,218,80,312,306,existing,582.1494829367064,218,21,312,237,allocated,924.6561304128559,218,30,312,337,allocated,711.359479286273,218,10,312,130,allocated,971.2186093395565,218,75,312,384,existing,1281.1494363009913,218,84,312,384,existing,1281.1494363009913,218,78,312,423,existing,1213.733725723031,218,77,312,165,existing,1555.5669280137754,218,76,312,121,existing,1580.5351193646839
219,219,63,314,79,existing,622.1421614086976,219,63,314,337,existing,402.39261129826275,219,63,314,337,allocated,402.39261129826275,219,30,314,337,allocated,402.39261129826275,219,77,314,165,existing,782.4758646648602,219,82,314,164,existing,889.358599932154,219,76,314,121,existing,807.4440560157686,219,81,314,164,existing,889.358599932154,219,10,314,130,allocated,922.2389911456239,219,79,314,306,existing,1271.1438543480303,219,21,314,237,allocated,1080.4976242909133,219,83,314,63,existing,1417.6594157489387,219,80,314,306,existing,1271.1438543480303
220,220,14,315,158,allocated,543.2813926235556,220,14,315,157,existing,616.184363357359,220,14,315,522,allocated,414.77320857667115,220,30,315,337,allocated,657.8856040801409,220,21,315,237,allocated,825.0046315090351,220,76,315,121,existing,1062.9370487976469,220,77,315,165,existing,1037.9688574467382,220,81,315,164,existing,1144.851592714032,220,82,315,164,existing,1144.851592714032,220,10,315,130,allocated,1177.7319839275021,220,78,315,423,existing,1330.424146815424,220,79,315,306,existing,1526.6368471299083,220,80,315,306,existing,1526.6368471299083
221,221,64,317,523,existing,49.687645861960426,221,64,317,317,existing,0.0,221,64,317,317,allocated,0.0,221,81,317,164,existing,163.0587363450485,221,82,317,164,existing,163.0587363450485,221,76,317,121,existing,320.32203109177294,221,77,317,165,existing,272.08971467374664,221,10,317,130,allocated,904.4978357638502,221,30,317,337,allocated,1017.8039057294952,221,80,317,306,existing,1293.5669621667,221,83,317,63,existing,891.2841230893112,221,79,317,306,existing,1293.5669621667,221,21,317,237,allocated,1724.7053666461393
222,222,68,318,507,existing,204.7249802210747,222,68,318,508,allocated,224.52127305162907,222,68,318,508,allocated,224.52127305162907,222,77,318,165,existing,404.4528455844764,222,76,318,121,existing,429.42103693538496,222,81,318,164,existing,513.4838239131745,222,82,318,164,existing,513.4838239131745,222,30,318,337,allocated,725.651332064632,222,21,318,237,allocated,1419.4363241882643,222,83,318,63,existing,1358.4241384782263,222,10,318,130,allocated,1242.8436723034342,222,79,318,306,existing,1594.4025751143995,222,80,318,306,existing,1594.4025751143995
223,223,74,319,108,existing,81.78146472822675,223,74,319,358,existing,263.2497861394819,223,74,319,320,allocated,48.69847016791738,223,78,319,423,existing,684.7518584241832,223,21,319,237,allocated,1075.2846998526882,223,79,319,306,existing,2150.522673132099,223,30,319,337,allocated,1742.4359823902887,223,80,319,306,existing,2150.522673132099,223,76,319,121,existing,2221.747658150292,223,77,319,165,existing,2196.7794667993835,223,81,319,164,existing,2305.797715074178,223,82,319,164,existing,2305.797715074178,223,10,319,130,allocated,2314.2676657889665
224,224,74,320,108,existing,128.27048056718715,224,74,320,358,existing,309.73880197844227,224,74,320,320,allocated,0.0,224,78,320,423,existing,731.2408742631435,224,21,320,237,allocated,1123.9831700206055,224,77,320,165,existing,2148.080996631466,224,30,320,337,allocated,1791.1344525582062,224,80,320,306,existing,2199.2211433000166,224,79,320,306,existing,2199.2211433000166,224,81,320,164,existing,2257.0992449062605,224,76,320,121,existing,2173.0491879823744,224,10,320,130,allocated,2359.9142910657747,224,82,320,164,existing,2257.0992449062605
225,225,74,321,108,existing,259.3967776961938,225,74,321,358,existing,440.86509910744894,225,74,321,320,allocated,226.31378313588448,225,78,321,423,existing,862.3671713921503,225,21,321,237,allocated,1252.9000128206553,225,79,321,306,existing,2328.137986100066,225,30,321,337,allocated,1920.051295358256,225,81,321,164,existing,2483.413028042145,225,76,321,121,existing,2399.362971118259,225,80,321,306,existing,2328.137986100066,225,77,321,165,existing,2374.3947797673504,225,82,321,164,existing,2483.413028042145,225,10,321,130,allocated,2491.882978756934
226,226,74,322,108,existing,223.3372120004405,226,74,322,358,existing,404.80553341169565,226,74,322,320,allocated,190.25421744013116,226,78,322,423,existing,826.3076056963969,226,21,322,237,allocated,1216.8404471249019,226,30,322,337,allocated,1883.9917296625026,226,79,322,306,existing,2292.078420404313,226,80,322,306,existing,2292.078420404313,226,76,322,121,existing,2363.3034054225054,226,77,322,165,existing,2338.335214071597,226,82,322,164,existing,2447.353462346392,226,10,322,130,allocated,2455.82341306118,226,81,322,164,existing,2447.353462346392
227,227,69,323,423,existing,624.8478036231264,227,69,323,262,existing,275.24905853673886,227,69,323,237,allocated,322.4780524709825,227,21,323,237,allocated,322.4780524709825,227,78,323,423,existing,624.8478036231264,227,79,323,306,existing,1404.525946647333,227,30,323,337,allocated,1029.3795133876265,227,76,323,121,existing,1898.5551534660376,227,10,323,130,allocated,1568.2709393042005,227,80,323,306,existing,1404.525946647333,227,77,323,165,existing,1873.586962115129,227,82,323,164,existing,1980.4696973824227,227,81,323,164,existing,1980.4696973824227
228,228,18,324,214,allocated,341.97309919624405,228,18,324,535,existing,317.7421483457291,228,18,324,535,allocated,317.7421483457291,228,80,324,306,existing,457.92318728810045,228,79,324,306,existing,457.92318728810045,228,75,324,384,existing,602.8079079459175,228,84,324,384,existing,602.8079079459175,228,10,324,130,allocated,843.2004879487652,228,30,324,337,allocated,1323.4177161520859,228,21,324,237,allocated,1536.7143672786688,228,83,324,63,existing,1812.916572594338,228,78,324,423,existing,1845.5694809011468,228,81,324,164,existing,1880.8632637840033
229,229,60,325,458,existing,440.7923180520266,229,60,325,236,existing,466.9498252986845,229,60,325,307,existing,341.62066147067907,229,79,325,306,existing,536.4978255696464,229,80,325,306,existing,536.4978255696464,229,21,325,237,allocated,914.291486811946,229,30,325,337,allocated,700.9948356853631,229,84,325,384,existing,1326.8010936680514,229,10,325,130,allocated,925.5669519724963,229,78,325,423,existing,1259.3853830900912,229,75,325,384,existing,1326.8010936680514,229,77,325,165,existing,1545.2022844128655,229,76,325,121,existing,1570.170475763774
230,230,69,326,423,existing,116.82700763756382,230,69,326,374,allocated,207.03807333434742,230,69,326,424,allocated,72.3161919968617,230,78,326,423,existing,116.82700763756382,230,21,326,237,allocated,602.4278729033911,230,30,326,337,allocated,1309.3293338200351,230,80,326,306,existing,1684.4757670797412,230,76,326,121,existing,2178.504973898446,230,77,326,165,existing,2153.5367825475378,230,79,326,306,existing,1684.4757670797412,230,10,326,130,allocated,1848.2207597366087,230,81,326,164,existing,2260.419517814831,230,82,326,164,existing,2260.419517814831
231,231,69,327,423,existing,84.93192764559717,231,69,327,374,allocated,175.14299334238075,231,69,327,424,allocated,40.421112004895065,231,78,327,423,existing,84.93192764559717,231,21,327,237,allocated,634.3229528953577,231,30,327,337,allocated,1341.2244138120018,231,80,327,306,existing,1716.3708470717079,231,77,327,165,existing,2185.4318625395044,231,79,327,306,existing,1716.3708470717079,231,76,327,121,existing,2210.400053890413,231,10,327,130,allocated,1880.1158397285753,231,81,327,164,existing,2292.314597806798,231,82,327,164,existing,2292.314597806798
232,232,69,328,423,existing,618.9329731739545,232,69,328,262,existing,269.3342280875668,232,69,328,237,allocated,316.5632220218105,232,21,328,237,allocated,316.5632220218105,232,78,328,423,existing,618.9329731739545,232,79,328,306,existing,1398.6111161981607,232,30,328,337,allocated,1023.4646829384544,232,77,328,165,existing,1867.672131665957,232,10,328,130,allocated,1562.3561088550282,232,76,328,121,existing,1892.6403230168658,232,80,328,306,existing,1398.6111161981607,232,82,328,164,existing,1974.5548669332509,232,81,328,164,existing,1974.5548669332509
233,233,67,329,402,existing,357.66984803464413,233,67,329,409,existing,823.3663843689369,233,67,329,302,allocated,319.46350737064296,233,10,329,130,allocated,378.8776673583193,233,80,329,306,existing,728.9111544144112,233,79,329,306,existing,728.9111544144112,233,30,329,337,allocated,1032.775140567339,233,84,329,384,existing,1292.3275969749468,233,83,329,63,existing,1134.7097182151563,233,82,329,164,existing,1395.7906671521864,233,75,329,384,existing,1292.3275969749468,233,81,329,164,existing,1395.7906671521864,233,77,329,165,existing,1504.8216454808846
234,234,71,330,402,existing,496.62167250914683,234,71,330,409,existing,684.4145598944342,234,71,330,302,allocated,458.4153318451456,234,10,330,130,allocated,517.829491832822,234,80,330,306,existing,867.8629788889139,234,83,330,63,existing,995.7578937406536,234,79,330,306,existing,867.8629788889139,234,81,330,164,existing,1256.8388426776837,234,30,330,337,allocated,1171.7269650418416,234,84,330,384,existing,1153.375772500444,234,75,330,384,existing,1153.375772500444,234,82,330,164,existing,1256.8388426776837,234,77,330,165,existing,1365.869821006382
235,235,65,331,139,existing,376.9520957302174,235,65,331,409,existing,566.4321868554341,235,65,331,64,allocated,93.47480500383092,235,83,331,63,existing,223.57028024736536,235,82,331,164,existing,732.8942863520916,235,10,331,130,allocated,788.5614430455579,235,81,331,164,existing,732.8942863520916,235,80,331,306,existing,1177.6305694484079,235,77,331,165,existing,841.9252646807897,235,76,331,121,existing,861.6739105508115,235,79,331,306,existing,1177.6305694484079,235,75,331,384,existing,1745.886833802605,235,30,331,337,allocated,1255.8207195642158
236,236,73,332,473,existing,428.4930268635268,236,73,332,317,existing,495.84883463594537,236,73,332,220,allocated,161.6952544915085,236,77,332,165,existing,333.2700143521455,236,76,332,121,existing,358.23820570305406,236,82,332,164,existing,429.80954068616245,236,81,332,164,existing,429.80954068616245,236,83,332,63,existing,1027.4449532643139,236,30,332,337,allocated,527.4635897646631,236,21,332,237,allocated,1234.3650506813071,236,10,332,130,allocated,851.0637924654013,236,79,332,306,existing,1240.1329188682514,236,80,332,306,existing,1240.1329188682514
237,237,58,333,384,existing,300.6687942123983,237,58,333,368,allocated,226.45844780284114,237,58,333,368,allocated,226.45844780284114,237,75,333,384,existing,300.6687942123983,237,84,333,384,existing,300.6687942123983,237,79,333,306,existing,1205.0048355369743,237,80,333,306,existing,1205.0048355369743,237,10,333,130,allocated,1322.7695931226806,237,30,333,337,allocated,1968.3178525996948,237,83,333,63,existing,1808.442302016007,237,82,333,164,existing,2116.835653779208,237,21,333,237,allocated,2181.6145037262777,237,81,333,164,existing,2116.835653779208
238,238,58,334,384,existing,353.1197006583132,238,58,334,368,allocated,278.909354248756,238,58,334,368,allocated,278.909354248756,238,84,334,384,existing,353.1197006583132,238,75,334,384,existing,353.1197006583132,238,80,334,306,existing,1257.455741982889,238,79,334,306,existing,1257.455741982889,238,82,334,164,existing,2169.2865602251227,238,30,334,337,allocated,2020.7687590456096,238,10,334,130,allocated,1375.2204995685956,238,83,334,63,existing,1860.8932084619219,238,21,334,237,allocated,2234.0654101721925,238,81,334,164,existing,2169.2865602251227
239,239,58,335,384,existing,317.15197158840505,239,58,335,368,allocated,242.94162517884786,239,58,335,368,allocated,242.94162517884786,239,84,335,384,existing,317.15197158840505,239,75,335,384,existing,317.15197158840505,239,79,335,306,existing,866.4002611586335,239,80,335,306,existing,866.4002611586335,239,30,335,337,allocated,1568.4372417528864,239,21,335,237,allocated,1781.7338928794693,239,10,335,130,allocated,1035.5173954685522,239,83,335,63,existing,2005.233480114125,239,82,335,164,existing,2073.1801713037903,239,81,335,164,existing,2073.1801713037903
240,240,14,339,158,allocated,524.0451400395808,240,14,339,157,existing,596.9481107733842,240,14,339,522,allocated,395.53695599269633,240,21,339,237,allocated,805.7683789250602,240,30,339,337,allocated,869.2505870150918,240,77,339,165,existing,1177.2636724281442,240,76,339,121,existing,1202.2318637790527,240,82,339,164,existing,1286.281920702939,240,81,339,164,existing,1286.281920702939,240,10,339,130,allocated,1389.096966862453,240,78,339,423,existing,1311.187894231449,240,80,339,306,existing,1738.0018300648592,240,79,339,306,existing,1738.0018300648592
241,241,64,341,523,existing,183.10691728882978,241,64,341,317,existing,232.7945631507902,241,64,341,523,allocated,183.10691728882978,241,82,341,164,existing,297.97500666093606,241,81,341,164,existing,297.97500666093606,241,77,341,165,existing,407.0059849896342,241,76,341,121,existing,462.74474945354274,241,83,341,63,existing,818.7997187510655,241,79,341,306,existing,1250.0613269782546,241,30,341,337,allocated,1175.6366299685483,241,10,341,130,allocated,860.9922005754045,241,80,341,306,existing,1250.0613269782546,241,21,341,237,allocated,1882.5380908851926
242,242,64,342,523,existing,259.0913369199293,242,64,342,317,existing,308.77898278188974,242,64,342,498,allocated,167.0838322151912,242,82,342,164,existing,373.9594262920356,242,81,342,164,existing,373.9594262920356,242,76,342,121,existing,502.73905049075535,242,77,342,165,existing,482.9904046207337,242,79,342,306,existing,1248.9203274587778,242,80,342,306,existing,1248.9203274587778,242,83,342,63,existing,624.4684787562358,242,10,342,130,allocated,859.8512010559277,242,30,342,337,allocated,1274.1401801922746,242,84,342,384,existing,1945.8543779699503
243,243,64,343,523,existing,286.68442912185634,243,64,343,317,existing,336.3720749838168,243,64,343,498,allocated,194.67692441711824,243,82,343,164,existing,401.5525184939626,243,81,343,164,existing,401.5525184939626,243,76,343,121,existing,530.3321426926824,243,77,343,165,existing,510.5834968226608,243,80,343,306,existing,1276.5134196607048,243,79,343,306,existing,1276.5134196607048,243,10,343,130,allocated,887.4442932578548,243,83,343,63,existing,652.0615709581627,243,75,343,384,existing,1973.4474701718773,243,30,343,337,allocated,1301.7332723942015
244,244,72,346,123,existing,325.87565552588364,244,72,346,409,existing,393.9350324836985,244,72,346,123,allocated,325.87565552588364,244,10,346,130,allocated,944.6967461425128,244,84,346,384,existing,974.0501595822906,244,75,346,384,existing,974.0501595822906,244,83,346,63,existing,995.40695446768,244,80,346,306,existing,1305.4975693087442,244,79,346,306,existing,1305.4975693087442,244,82,346,164,existing,1303.8003062308808,244,81,346,164,existing,1303.8003062308808,244,30,346,337,allocated,1415.5810501150304,244,77,346,165,existing,1412.8312845595788
245,245,72,347,123,existing,311.4889754526554,245,72,347,409,existing,379.5483524104702,245,72,347,123,allocated,311.4889754526554,245,10,347,130,allocated,949.0505907286301,245,83,347,63,existing,981.0202743944517,245,75,347,384,existing,988.4368396555188,245,84,347,384,existing,988.4368396555188,245,82,347,164,existing,1289.4136261576523,245,80,347,306,existing,1309.8514138948615,245,79,347,306,existing,1309.8514138948615,245,81,347,164,existing,1289.4136261576523,245,76,347,121,existing,1418.1932503563721,245,77,347,165,existing,1398.4446044863505
246,246,63,348,79,existing,425.39770849846207,246,63,348,409,existing,522.0944563900523,246,63,348,529,allocated,473.8822743422849,246,10,348,130,allocated,635.7728535148283,246,83,348,63,existing,833.4377902362717,246,79,348,306,existing,996.5736766810597,246,80,348,306,existing,996.5736766810597,246,77,348,165,existing,1266.9699918347753,246,82,348,164,existing,1157.9390135060771,246,81,348,164,existing,1157.9390135060771,246,30,348,337,allocated,1106.6571574873458,246,84,348,384,existing,1282.974052209975,246,75,348,384,existing,1282.974052209975
247,247,18,349,214,allocated,418.0781161932184,247,18,349,368,allocated,587.8234507676675,247,18,349,91,allocated,170.0531284094367,247,79,349,306,existing,580.1283068602817,247,80,349,306,existing,580.1283068602817,247,75,349,384,existing,662.0337971772248,247,84,349,384,existing,662.0337971772248,247,30,349,337,allocated,1223.5554161640664,247,10,349,130,allocated,690.6355698797323,247,21,349,237,allocated,1436.8520672906493,247,83,349,63,existing,1660.351654525305,247,82,349,164,existing,1728.2983457149703,247,81,349,164,existing,1728.2983457149703
248,248,59,350,99,existing,448.6039144382976,248,59,350,535,existing,505.0741206329267,248,59,350,354,allocated,84.5137887389478,248,79,350,306,existing,585.3591293778802,248,80,350,306,existing,585.3591293778802,248,10,350,130,allocated,974.4282557807301,248,30,350,337,allocated,1179.9663782607026,248,21,350,237,allocated,1393.2630293872855,248,78,350,423,existing,1200.3231210418967,248,84,350,384,existing,1240.07990671484,248,75,350,384,existing,1240.07990671484,248,83,350,63,existing,1983.965101734973,248,81,350,164,existing,2016.3901142049926
249,249,59,351,99,existing,406.4280357976198,249,59,351,535,existing,547.2499992736045,249,59,351,354,allocated,126.68966737962558,249,80,351,306,existing,627.5350080185578,249,79,351,306,existing,627.5350080185578,249,30,351,337,allocated,1156.693351104931,249,10,351,130,allocated,1016.6041344214079,249,78,351,423,existing,1158.1472424012188,249,84,351,384,existing,1282.255785355518,249,21,351,237,allocated,1355.560013843203,249,75,351,384,existing,1282.255785355518,249,77,351,165,existing,2000.9007998324334,249,76,351,121,existing,2025.8689911833421
250,250,18,353,214,allocated,388.3216328034737,250,18,353,535,existing,364.2542669857687,250,18,353,353,existing,0.0,250,80,353,306,existing,460.65913384447487,250,79,353,306,existing,460.65913384447487,250,10,353,130,allocated,849.7282602473249,250,75,353,384,existing,1115.3799111814349,250,78,353,423,existing,1341.1429746890547,250,30,353,337,allocated,1311.281753252435,250,84,353,384,existing,1115.3799111814349,250,21,353,237,allocated,1524.578404379018,250,83,353,63,existing,1859.2651062015675,250,81,353,164,existing,1891.6901186715872
251,251,18,354,214,allocated,428.50783959793114,251,18,354,535,existing,420.5603318939789,251,18,354,354,allocated,0.0,251,80,354,306,existing,500.8453406389323,251,79,354,306,existing,500.8453406389323,251,10,354,130,allocated,889.9144670417822,251,84,354,384,existing,1155.5661179758922,251,21,354,237,allocated,1468.2723394708078,251,78,354,423,existing,1284.8369097808445,251,30,354,337,allocated,1254.9756883442249,251,75,354,384,existing,1155.5661179758922,251,81,354,164,existing,1931.8763254660448,251,83,354,63,existing,1899.451312996025
252,252,73,355,473,existing,197.22537192836677,252,73,355,508,allocated,383.963369469884,252,73,355,47,allocated,160.43194196986886,252,77,355,165,existing,323.218957552748,252,76,355,121,existing,348.1871489036566,252,82,355,164,existing,432.24993588144616,252,81,355,164,existing,432.24993588144616,252,10,355,130,allocated,1061.7719897422135,252,83,355,63,existing,1177.3524559170055,252,30,355,337,allocated,544.5796495034114,252,21,355,237,allocated,1236.1681660420297,252,80,355,306,existing,1413.3308925531787,252,79,355,306,existing,1413.3308925531787
253,253,58,356,384,existing,235.15488461377294,253,58,356,368,allocated,309.3652310233301,253,58,356,384,existing,235.15488461377294,253,75,356,384,existing,235.15488461377294,253,84,356,384,existing,235.15488461377294,253,79,356,306,existing,1287.9116187574632,253,80,356,306,existing,1287.9116187574632,253,30,356,337,allocated,2120.7440979550643,253,10,356,130,allocated,1587.82425167073,253,83,356,63,existing,2204.6119986637436,253,21,356,237,allocated,2334.0407490816474,253,82,356,164,existing,2513.0053504269445,253,81,356,164,existing,2513.0053504269445
254,254,58,357,384,existing,96.2711177222884,254,58,357,368,allocated,170.48146413184557,254,58,357,384,existing,96.2711177222884,254,84,357,384,existing,96.2711177222884,254,75,357,384,existing,96.2711177222884,254,80,357,306,existing,1149.0278518659786,254,79,357,306,existing,1149.0278518659786,254,21,357,237,allocated,2195.1569821901626,254,83,357,63,existing,2065.728231772259,254,30,357,337,allocated,1981.8603310635797,254,10,357,130,allocated,1448.9404847792457,254,81,357,164,existing,2374.1215835354596,254,82,357,164,existing,2374.1215835354596
255,255,66,365,363,existing,304.191744551626,255,66,365,337,existing,721.3691253745499,255,66,365,72,allocated,253.78323077773686,255,10,365,130,allocated,529.8021806099737,255,30,365,337,allocated,721.3691253745499,255,80,365,306,existing,918.8713070128238,255,79,365,306,existing,918.8713070128238,255,81,365,164,existing,976.5910272517282,255,77,365,165,existing,1013.4364385371497,255,83,365,63,existing,999.7311895026999,255,82,365,164,existing,976.5910272517282,255,21,365,237,allocated,1428.270586291194,255,76,365,121,existing,1038.4046298880583
256,256,58,366,384,existing,148.2107237485037,256,58,366,368,allocated,74.00037733894652,256,58,366,368,allocated,74.00037733894652,256,75,366,384,existing,148.2107237485037,256,84,366,384,existing,148.2107237485037,256,79,366,306,existing,1052.5467650730795,256,80,366,306,existing,1052.5467650730795,256,21,366,237,allocated,2098.6758953972635,256,83,366,63,existing,1821.2463903014668,256,30,366,337,allocated,1885.3792442706808,256,10,366,130,allocated,1335.5736814081406,256,82,366,164,existing,2129.6397420646676,256,81,366,164,existing,2129.6397420646676
257,257,63,367,79,existing,81.57542839581558,257,63,367,317,existing,650.65808798387,257,63,367,72,allocated,114.23770256640265,257,10,367,130,allocated,291.9563038383061,257,80,367,306,existing,681.0254302411561,257,79,367,306,existing,681.0254302411561,257,83,367,63,existing,720.1754194546171,257,77,367,165,existing,897.1530889729806,257,82,367,164,existing,788.1221106442824,257,81,367,164,existing,788.1221106442824,257,30,367,337,allocated,759.2155803569639,257,21,367,237,allocated,1466.117041273608,257,76,367,121,existing,916.9017348430023
258,258,58,368,384,existing,74.21034640955719,258,58,368,368,allocated,0.0,258,58,368,368,allocated,0.0,258,75,368,384,existing,74.21034640955719,258,84,368,384,existing,74.21034640955719,258,79,368,306,existing,978.5463877341331,258,80,368,306,existing,978.5463877341331,258,10,368,130,allocated,1278.4590206474,258,83,368,63,existing,1895.2467676404135,258,21,368,237,allocated,2024.6755180583173,258,30,368,337,allocated,1811.3788669317344,258,81,368,164,existing,2203.6401194036143,258,82,368,164,existing,2203.6401194036143
259,259,59,369,99,existing,365.23308911375915,259,59,369,374,allocated,868.7243406000789,259,59,369,374,allocated,868.7243406000789,259,78,369,423,existing,958.9354062968625,259,21,369,237,allocated,1156.3481777388467,259,80,369,306,existing,1399.1961329299368,259,30,369,337,allocated,1371.8583144018626,259,84,369,384,existing,2053.9169102668966,259,75,369,384,existing,2053.9169102668966,259,10,369,130,allocated,1788.2652593327869,259,79,369,306,existing,1399.1961329299368,259,76,369,121,existing,2241.0339544802737,259,77,369,165,existing,2216.065763129365
260,260,39,370,412,allocated,216.2863974208737,260,39,370,368,allocated,682.1730046979774,260,39,370,412,allocated,216.2863974208737,260,75,370,384,existing,756.3833511075345,260,84,370,384,existing,756.3833511075345,260,10,370,130,allocated,1239.6903955133328,260,79,370,306,existing,1390.692927220176,260,82,370,164,existing,1846.3355969932381,260,83,370,63,existing,1537.942245230037,260,80,370,306,existing,1390.692927220176,260,81,370,164,existing,1846.3355969932381,260,30,370,337,allocated,1893.5878687223524,260,77,370,165,existing,1955.3665753219361
261,261,39,371,412,allocated,225.82826391745658,261,39,371,368,allocated,691.7148711945601,261,39,371,412,allocated,225.82826391745658,261,75,371,384,existing,765.9252176041173,261,84,371,384,existing,765.9252176041173,261,79,371,306,existing,1400.234793716759,261,10,371,130,allocated,1249.2322620099158,261,82,371,164,existing,1855.877463489821,261,83,371,63,existing,1547.48411172662,261,80,371,306,existing,1400.234793716759,261,81,371,164,existing,1855.877463489821,261,30,371,337,allocated,1903.1297352189354,261,77,371,165,existing,1964.9084418185191
262,262,74,372,108,existing,589.5936581213742,262,74,372,156,existing,320.0899471141355,262,74,372,372,allocated,0.0,262,21,372,237,allocated,469.4243719694538,262,78,372,423,existing,638.3399265614107,262,30,372,337,allocated,1136.5756545070544,262,79,372,306,existing,1544.6623452488648,262,77,372,165,existing,1980.783103234557,262,10,372,130,allocated,1708.4073379057322,262,76,372,121,existing,2005.7512945854655,262,80,372,306,existing,1544.6623452488648,262,82,372,164,existing,2087.665838501851,262,81,372,164,existing,2087.665838501851
263,263,74,373,108,existing,478.93484031255764,263,74,373,156,existing,430.7487649229521,263,74,373,372,allocated,110.65881780881661,263,21,373,237,allocated,580.0831897782704,263,78,373,423,existing,699.7833745472526,263,30,373,337,allocated,1247.234472315871,263,79,373,306,existing,1655.3211630576811,263,80,373,306,existing,1655.3211630576811,263,77,373,165,existing,1902.2624456711164,263,10,373,130,allocated,1819.0661557145486,263,76,373,121,existing,1927.230637022025,263,81,373,164,existing,2011.280693945911,263,82,373,164,existing,2011.280693945911
264,264,72,375,123,existing,360.0029729737914,264,72,375,409,existing,304.8187462582367,264,72,375,123,allocated,360.0029729737914,264,83,375,63,existing,586.2391913097608,264,10,375,130,allocated,848.9554806423122,264,81,375,164,existing,1045.2930373913523,264,82,375,164,existing,1045.2930373913523,264,76,375,121,existing,1174.0726615900724,264,79,375,306,existing,1238.0246070451622,264,77,375,165,existing,1154.3240157200505,264,80,375,306,existing,1238.0246070451622,264,30,375,337,allocated,1316.21475716097,264,75,375,384,existing,1383.2179227402098
265,265,58,376,384,existing,220.80905449334955,265,58,376,368,allocated,146.5987080837924,265,58,376,368,allocated,146.5987080837924,265,84,376,384,existing,220.80905449334955,265,75,376,384,existing,220.80905449334955,265,80,376,306,existing,1125.1450958179255,265,79,376,306,existing,1125.1450958179255,265,21,376,237,allocated,2171.2742261421095,265,83,376,63,existing,2041.8454757242057,265,30,376,337,allocated,1957.9775750155266,265,10,376,130,allocated,1425.0577287311924,265,81,376,164,existing,2350.2388274874065,265,82,376,164,existing,2350.2388274874065
266,266,14,377,158,allocated,386.4390796243807,266,14,377,157,existing,459.3420503581841,266,14,377,208,allocated,270.9359840830367,266,21,377,237,allocated,668.1623185098601,266,30,377,337,allocated,814.7279170793157,266,77,377,165,existing,1122.7410024923681,266,76,377,121,existing,1147.7091938432766,266,10,377,130,allocated,1334.5742969266769,266,82,377,164,existing,1231.759250767163,266,78,377,423,existing,1173.581833816249,266,81,377,164,existing,1231.759250767163,266,80,377,306,existing,1683.479160129083,266,79,377,306,existing,1683.479160129083
267,267,61,378,473,existing,110.60829906788128,267,61,378,317,existing,279.9685531843644,267,61,378,515,allocated,19.470770261694703,267,77,378,165,existing,15.38528655649998,267,76,378,121,existing,40.35347790740851,267,82,378,164,existing,124.41626488519812,267,81,378,164,existing,124.41626488519812,267,30,378,337,allocated,828.8221621710024,267,10,378,130,allocated,1166.3781233094605,267,21,378,237,allocated,1535.7236230876465,267,83,378,63,existing,1080.8808314846551,267,80,378,306,existing,1555.4472497123106,267,79,378,306,existing,1555.4472497123106
268,268,39,380,412,allocated,53.85215627707316,268,39,380,368,allocated,519.7387635541768,268,39,380,412,allocated,53.85215627707316,268,75,380,384,existing,593.9491099637339,268,84,380,384,existing,593.9491099637339,268,10,380,130,allocated,1077.2561543695324,268,79,380,306,existing,1228.2586860763754,268,82,380,164,existing,1683.9013558494376,268,81,380,164,existing,1683.9013558494376,268,80,380,306,existing,1228.2586860763754,268,83,380,63,existing,1375.5080040862367,268,77,380,165,existing,1792.9323341781358,268,30,380,337,allocated,1731.153627578552
269,269,68,381,507,existing,666.399256264359,269,68,381,508,allocated,686.1955490949134,269,68,381,508,allocated,686.1955490949134,269,30,381,337,allocated,836.2172044914905,269,77,381,165,existing,931.8011183845947,269,81,381,164,existing,1040.832096713293,269,76,381,121,existing,956.7693097355033,269,83,381,63,existing,1667.9141560033456,269,10,381,130,allocated,1356.0635843388516,269,82,381,164,existing,1040.832096713293,269,21,381,237,allocated,1521.1517087953735,269,79,381,306,existing,1704.968447541258,269,80,381,306,existing,1704.968447541258
270,270,58,383,384,existing,622.307802573308,270,58,383,368,allocated,548.0974561637508,270,58,383,91,allocated,511.4553908058068,270,75,383,384,existing,622.307802573308,270,84,383,384,existing,622.307802573308,270,80,383,306,existing,921.5305692566518,270,79,383,306,existing,921.5305692566518,270,21,383,237,allocated,1778.2543296870197,270,83,383,63,existing,2001.7539169216752,270,30,383,337,allocated,1564.9576785604368,270,10,383,130,allocated,1032.0378322761026,270,81,383,164,existing,2069.7006081113404,270,82,383,164,existing,2069.7006081113404
271,271,58,384,384,existing,0.0,271,58,384,368,allocated,74.21034640955719,271,58,384,384,existing,0.0,271,84,384,384,existing,0.0,271,75,384,384,existing,0.0,271,80,384,306,existing,1052.7567341436902,271,79,384,306,existing,1052.7567341436902,271,21,384,237,allocated,2098.8858644678744,271,30,384,337,allocated,1885.5892133412915,271,83,384,63,existing,1969.4571140499706,271,10,384,130,allocated,1352.6693670569573,271,81,384,164,existing,2277.8504658131715,271,82,384,164,existing,2277.8504658131715
272,272,59,389,99,existing,202.13727506710813,272,59,389,236,existing,548.9751799700555,272,59,389,354,allocated,499.695801436534,272,30,389,337,allocated,808.5349793734379,272,78,389,423,existing,953.8564816707071,272,80,389,306,existing,1000.5411420754663,272,21,389,237,allocated,996.3168414833169,272,10,389,130,allocated,1347.4264052900116,272,75,389,384,existing,1655.2619194124263,272,77,389,165,existing,1652.7424281009405,272,79,389,306,existing,1000.5411420754663,272,84,389,384,existing,1655.2619194124263,272,76,389,121,existing,1677.7106194518492
273,273,59,390,99,existing,369.00232905024325,273,59,390,236,existing,382.1101259869204,273,59,390,337,allocated,641.6699253903029,273,30,390,337,allocated,641.6699253903029,273,21,390,237,allocated,829.4517875001818,273,79,390,306,existing,1016.8163586500093,273,80,390,306,existing,1016.8163586500093,273,10,390,130,allocated,1180.5613513068768,273,77,390,165,existing,1485.8773741178054,273,76,390,121,existing,1510.845565468714,273,78,390,423,existing,1120.7215356538422,273,81,390,164,existing,1592.7601093850992,273,82,390,164,existing,1592.7601093850992
274,274,72,393,123,existing,418.40077289314706,274,72,393,409,existing,486.460149850962,274,72,393,267,allocated,158.1405165367882,274,83,393,63,existing,1276.4626169537614,274,82,393,164,existing,1396.3254235981444,274,81,393,164,existing,1396.3254235981444,274,77,393,165,existing,1505.3564019268424,274,76,393,121,existing,1525.105047796864,274,75,393,384,existing,1718.3265880013214,274,84,393,384,existing,1718.3265880013214,274,10,393,130,allocated,1564.3659316124267,274,79,393,306,existing,1953.4350580152766,274,80,393,306,existing,1953.4350580152766
275,275,72,394,123,existing,375.04472773227474,275,72,394,409,existing,443.1041046900896,275,72,394,267,allocated,201.49656169766052,275,83,394,63,existing,1233.106571792889,275,81,394,164,existing,1352.969378437272,275,82,394,164,existing,1352.969378437272,275,77,394,165,existing,1462.00035676597,275,76,394,121,existing,1481.7490026359917,275,75,394,384,existing,1674.970542840449,275,10,394,130,allocated,1521.0098864515544,275,84,394,384,existing,1674.970542840449,275,79,394,306,existing,1910.0790128544043,275,80,394,306,existing,1910.0790128544043
276,276,14,396,158,allocated,466.3490592407678,276,14,396,157,existing,393.44608850696443,276,14,396,158,allocated,466.3490592407678,276,78,396,423,existing,1006.668777865616,276,21,396,237,allocated,1179.1875236842106,276,77,396,165,existing,1975.5291413575167,276,30,396,337,allocated,1667.5160559444641,276,10,396,130,allocated,2187.362435791825,276,82,396,164,existing,2084.547389632311,276,81,396,164,existing,2084.547389632311,276,76,396,121,existing,2000.4973327084251,276,80,396,306,existing,2254.4254969636213,276,79,396,306,existing,2254.4254969636213
277,277,74,397,108,existing,32.757397483183304,277,74,397,358,existing,214.22571889443844,277,74,397,397,allocated,0.0,277,78,397,423,existing,635.7277911791398,277,21,397,237,allocated,1026.2606326076448,277,80,397,306,existing,2101.4986058870554,277,30,397,337,allocated,1693.4119151452455,277,76,397,121,existing,2193.6859575533153,277,77,397,165,existing,2168.717766202407,277,79,397,306,existing,2101.4986058870554,277,10,397,130,allocated,2265.2435985439233,277,82,397,164,existing,2277.736014477201,277,81,397,164,existing,2277.736014477201
278,278,65,398,139,existing,127.1170216373861,278,65,398,317,existing,391.6618776863468,278,65,398,398,allocated,0.0,278,82,398,164,existing,456.84232119649266,278,81,398,164,existing,456.84232119649266,278,77,398,165,existing,565.8732995251908,278,83,398,63,existing,514.2675777971756,278,10,398,130,allocated,626.9880029657547,278,79,398,306,existing,1016.0571293686047,278,80,398,306,existing,1016.0571293686047,278,76,398,121,existing,585.6219453952125,278,30,398,337,allocated,1041.2769821021016,278,21,398,237,allocated,1748.1784430187454
279,279,65,399,139,existing,213.16540542705565,279,65,399,317,existing,305.6134938966773,279,65,399,398,allocated,86.04838378966954,279,81,399,164,existing,370.79393740682315,279,82,399,164,existing,370.79393740682315,279,76,399,121,existing,499.573561605543,279,77,399,165,existing,479.8249157355213,279,80,399,306,existing,1102.1055131582743,279,10,399,130,allocated,713.0363867554242,279,83,399,63,existing,600.3159615868451,279,79,399,306,existing,1102.1055131582743,279,21,399,237,allocated,1834.2268268084151,279,30,399,337,allocated,1127.325365891771
280,280,69,400,423,existing,344.7569101055499,280,69,400,374,allocated,254.5458444087663,280,69,400,374,allocated,254.5458444087663,280,78,400,423,existing,344.7569101055499,280,21,400,237,allocated,587.9997431783677,280,80,400,306,existing,1578.258602872163,280,30,400,337,allocated,1294.9012040950115,280,79,400,306,existing,1578.258602872163,280,77,400,165,existing,2139.108652822514,280,10,400,130,allocated,1833.7926300115855,280,76,400,121,existing,2164.0768441734226,280,84,400,384,existing,2232.979380209123,280,75,400,384,existing,2232.979380209123
281,281,69,401,423,existing,312.5559745029561,281,69,401,374,allocated,222.3449088061725,281,69,401,374,allocated,222.3449088061725,281,78,401,423,existing,312.5559745029561,281,21,401,237,allocated,555.7988075757739,281,30,401,337,allocated,1262.7002684924178,281,80,401,306,existing,1610.459538474757,281,77,401,165,existing,2106.9077172199204,281,10,401,130,allocated,1801.5916944089918,281,76,401,121,existing,2131.875908570829,281,79,401,306,existing,1610.459538474757,281,82,401,164,existing,2213.790452487214,281,81,401,164,existing,2213.790452487214
282,282,71,402,402,existing,0.0,282,71,402,337,existing,675.1052925326949,282,71,402,402,existing,0.0,282,10,402,130,allocated,21.207819323675178,282,80,402,306,existing,410.2769457265251,282,30,402,337,allocated,675.1052925326949,282,79,402,306,existing,410.2769457265251,282,81,402,164,existing,1058.8705951589134,282,77,402,165,existing,1167.9015734876116,282,82,402,164,existing,1058.8705951589134,282,83,402,63,existing,990.923903969248,282,76,402,121,existing,1187.6502193576332,282,21,402,237,allocated,1267.000706156893
283,283,59,403,99,existing,388.7917239111266,283,59,403,374,allocated,514.1973944024558,283,59,403,374,allocated,514.1973944024558,283,78,403,423,existing,604.4084600992393,283,21,403,237,allocated,1009.147678810427,283,30,403,337,allocated,1395.4169491992302,283,80,403,306,existing,1422.7547677273044,283,79,403,306,existing,1422.7547677273044,283,75,403,384,existing,2077.475545064264,283,10,403,130,allocated,1811.8238941301545,283,84,403,384,existing,2077.475545064264,283,77,403,165,existing,2239.624397926733,283,76,403,121,existing,2264.5925892776413
284,284,59,404,99,existing,338.08231168072285,284,59,404,374,allocated,463.48798217205194,284,59,404,374,allocated,463.48798217205194,284,78,404,423,existing,553.6990478688355,284,21,404,237,allocated,958.4382665800232,284,79,404,306,existing,1372.0453554969006,284,30,404,337,allocated,1344.7075369688264,284,75,404,384,existing,2026.7661328338606,284,10,404,130,allocated,1761.1144818997507,284,80,404,306,existing,1372.0453554969006,284,84,404,384,existing,2026.7661328338606,284,77,404,165,existing,2188.914985696329,284,76,404,121,existing,2213.8831770472375
285,285,65,405,139,existing,359.6297914764683,285,65,405,317,existing,394.70710268679676,285,65,405,220,allocated,60.55352254235988,285,81,405,164,existing,329.4039567872286,285,82,405,164,existing,329.4039567872286,285,76,405,121,existing,369.0884831432713,285,77,405,165,existing,344.1202917923627,285,10,405,130,allocated,859.5007728048367,285,30,405,337,allocated,623.0968030426984,285,79,405,306,existing,1248.5698992076868,285,83,405,63,existing,926.3032213151653,285,21,405,237,allocated,1329.9982639593425,285,80,405,306,existing,1248.5698992076868
286,286,74,406,108,existing,197.13245503808102,286,74,406,358,existing,378.60077644933614,286,74,406,109,allocated,101.15023686357273,286,78,406,423,existing,800.1028487340375,286,21,406,237,allocated,1256.1504851289092,286,30,406,337,allocated,1923.30176766651,286,77,406,165,existing,2281.5194958877178,286,81,406,164,existing,2390.5377441625124,286,79,406,306,existing,2331.38845840832,286,80,406,306,existing,2331.38845840832,286,76,406,121,existing,2306.487687238626,286,82,406,164,existing,2390.5377441625124,286,10,406,130,allocated,2493.3527903220265
287,287,65,407,139,existing,187.75507813545298,287,65,407,409,existing,554.4776805872266,287,65,407,488,allocated,170.12851714782656,287,83,407,63,existing,412.7672978421298,287,10,407,130,allocated,627.8601216366936,287,82,407,164,existing,694.5786325971645,287,81,407,164,existing,694.5786325971645,287,79,407,306,existing,1016.9292480395436,287,76,407,121,existing,823.3582567958845,287,80,407,306,existing,1016.9292480395436,287,77,407,165,existing,803.6096109258626,287,75,407,384,existing,1733.9323275343975,287,30,407,337,allocated,1095.1193981553515
288,288,72,409,123,existing,68.05937695781486,288,72,409,409,existing,0.0,288,72,409,123,allocated,68.05937695781486,288,83,409,63,existing,790.0024671027994,288,82,409,164,existing,1045.984027662812,288,81,409,164,existing,1045.984027662812,288,10,409,130,allocated,1077.9057817614648,288,75,409,384,existing,1367.985192065989,288,76,409,121,existing,1174.7636518615318,288,77,409,165,existing,1155.01500599151,288,84,409,384,existing,1367.985192065989,288,79,409,306,existing,1466.9749081643147,288,80,409,306,existing,1466.9749081643147
289,289,72,410,123,existing,238.12114235559872,289,72,410,409,existing,306.1805193134136,289,72,410,123,allocated,238.12114235559872,289,83,410,63,existing,911.0351668801749,289,10,410,130,allocated,1022.4184238256868,289,84,410,384,existing,1061.8046727525755,289,75,410,384,existing,1061.8046727525755,289,81,410,164,existing,1216.0457930605958,289,77,410,165,existing,1325.076771389294,289,82,410,164,existing,1216.0457930605958,289,76,410,121,existing,1344.8254172593156,289,80,410,306,existing,1383.2192469919182,289,79,410,306,existing,1383.2192469919182
290,290,14,414,158,allocated,228.97792618075317,290,14,414,157,existing,156.0749554469498,290,14,414,158,allocated,228.97792618075317,290,78,414,423,existing,915.6025505790449,290,21,414,237,allocated,1077.544089985041,290,77,414,165,existing,1738.158008297502,290,30,414,337,allocated,1430.1449228844494,290,82,414,164,existing,1847.1762565722966,290,81,414,164,existing,1847.1762565722966,290,10,414,130,allocated,1949.991302731811,290,76,414,121,existing,1763.1261996484104,290,80,414,306,existing,2152.7820632644516,290,79,414,306,existing,2152.7820632644516
291,291,18,415,214,allocated,304.3632372132936,291,18,415,535,existing,604.5709142928711,291,18,415,436,existing,240.00382978819303,291,80,415,306,existing,376.70073825429483,291,79,415,306,existing,376.70073825429483,291,10,415,130,allocated,765.7698646571448,291,30,415,337,allocated,961.0873999960096,291,84,415,384,existing,1031.4215155912548,291,78,415,423,existing,1419.2020993065896,291,75,415,384,existing,1031.4215155912548,291,21,415,237,allocated,1174.3840511225924,291,77,415,165,existing,1805.294848723512,291,83,415,63,existing,1775.3067106113876
292,292,70,416,458,existing,565.9891013069148,292,70,416,236,existing,164.17314995275183,292,70,416,337,allocated,423.73294935613427,292,30,416,337,allocated,423.73294935613427,292,21,416,237,allocated,611.5148114660133,292,80,416,306,existing,798.8793826158408,292,79,416,306,existing,798.8793826158408,292,78,416,423,existing,1284.867662118813,292,77,416,165,existing,1267.9403980836369,292,10,416,130,allocated,962.6243752727082,292,76,416,121,existing,1292.9085894345453,292,81,416,164,existing,1374.8231333509307,292,82,416,164,existing,1374.8231333509307
293,293,59,417,99,existing,467.4806326814537,293,59,417,236,existing,279.58479320326734,293,59,417,337,allocated,539.1445926066498,293,30,417,337,allocated,539.1445926066498,293,21,417,237,allocated,726.9264547165287,293,80,417,306,existing,914.2910258663562,293,79,417,306,existing,914.2910258663562,293,76,417,121,existing,1408.3202326850608,293,10,417,130,allocated,1078.0360185232237,293,78,417,423,existing,1219.1998392850528,293,77,417,165,existing,1383.352041334152,293,82,417,164,existing,1490.234776601446,293,81,417,164,existing,1490.234776601446
294,294,58,418,384,existing,320.59153894582585,294,58,418,368,allocated,394.80188535538304,294,58,418,384,existing,320.59153894582585,294,75,418,384,existing,320.59153894582585,294,84,418,384,existing,320.59153894582585,294,79,418,306,existing,1373.3482730895162,294,80,418,306,existing,1373.3482730895162,294,83,418,63,existing,2290.0486529957966,294,10,418,130,allocated,1673.260906002783,294,21,418,237,allocated,2419.4774034137004,294,30,418,337,allocated,2206.1807522871172,294,82,418,164,existing,2598.4420047589974,294,81,418,164,existing,2598.4420047589974
295,295,72,419,123,existing,150.18745965058153,295,72,419,409,existing,82.12808269276667,295,72,419,123,allocated,150.18745965058153,295,83,419,63,existing,707.8743844100328,295,10,419,130,allocated,995.7776990686981,295,81,419,164,existing,1128.1121103555788,295,82,419,164,existing,1128.1121103555788,295,77,419,165,existing,1237.1430886842768,295,79,419,306,existing,1384.8468254715478,295,80,419,306,existing,1384.8468254715478,295,76,419,121,existing,1256.8917345542984,295,84,419,384,existing,1450.1132747587558,295,75,419,384,existing,1450.1132747587558
296,296,60,420,458,existing,387.13560805466244,296,60,420,236,existing,14.680343299500462,296,60,420,337,allocated,248.72535368617906,296,30,420,337,allocated,248.72535368617906,296,21,420,237,allocated,462.02200481276196,296,80,420,306,existing,620.0258893635885,296,79,420,306,existing,620.0258893635885,296,76,420,121,existing,1117.90099376459,296,78,420,423,existing,1135.3748554655617,296,77,420,165,existing,1092.9328024136817,296,10,420,130,allocated,783.7708820204559,296,81,420,164,existing,1199.8155376809755,296,82,420,164,existing,1199.8155376809755
297,297,69,422,423,existing,225.0889345010971,297,69,422,358,existing,196.4131377836042,297,69,422,155,allocated,104.17717953858667,297,78,422,423,existing,225.0889345010971,297,21,422,237,allocated,762.3385573572227,297,80,422,306,existing,1844.386451533573,297,30,422,337,allocated,1448.4193608391479,297,76,422,121,existing,2317.595000917559,297,77,422,165,existing,2292.6268095666505,297,79,422,306,existing,1844.386451533573,297,10,422,130,allocated,2008.1314441904406,297,82,422,164,existing,2399.5095448339443,297,81,422,164,existing,2399.5095448339443
298,298,72,425,123,existing,20.187672536153975,298,72,425,409,existing,88.24704949396883,298,72,425,123,allocated,20.187672536153975,298,83,425,63,existing,878.2495165967682,298,82,425,164,existing,998.1123232411511,298,81,425,164,existing,998.1123232411511,298,77,425,165,existing,1107.1433015698492,298,84,425,384,existing,1320.1134876443282,298,75,425,384,existing,1320.1134876443282,298,76,425,121,existing,1126.8919474398708,298,10,425,130,allocated,1166.1528312554335,298,80,425,306,existing,1555.2219576582834,298,79,425,306,existing,1555.2219576582834
299,299,39,427,412,allocated,34.28444699616117,299,39,427,368,allocated,540.3146850856112,299,39,427,412,allocated,34.28444699616117,299,84,427,384,existing,614.5250314951684,299,75,427,384,existing,614.5250314951684,299,80,427,306,existing,1248.8346076078099,299,10,427,130,allocated,1056.680232838098,299,82,427,164,existing,1663.3254343180033,299,83,427,63,existing,1354.9320825548023,299,81,427,164,existing,1663.3254343180033,299,79,427,306,existing,1248.8346076078099,299,77,427,165,existing,1772.3564126467013,299,30,427,337,allocated,1710.5777060471175
300,300,39,428,412,allocated,60.44701207390455,300,39,428,368,allocated,566.4772501633546,300,39,428,412,allocated,60.44701207390455,300,84,428,384,existing,640.6875965729117,300,75,428,384,existing,640.6875965729117,300,10,428,130,allocated,1030.5176677603545,300,79,428,306,existing,1274.9971726855533,300,81,428,164,existing,1637.1628692402596,300,80,428,306,existing,1274.9971726855533,300,82,428,164,existing,1637.1628692402596,300,83,428,63,existing,1328.7695174770588,300,77,428,165,existing,1746.1938475689578,300,30,428,337,allocated,1684.415140969374
301,301,39,430,412,allocated,142.2621364812993,301,39,430,368,allocated,608.1487437584029,301,39,430,412,allocated,142.2621364812993,301,75,430,384,existing,682.3590901679601,301,84,430,384,existing,682.3590901679601,301,10,430,130,allocated,1165.6661345737584,301,80,430,306,existing,1316.6686662806017,301,81,430,164,existing,1772.3113360536636,301,82,430,164,existing,1772.3113360536636,301,79,430,306,existing,1316.6686662806017,301,83,430,63,existing,1463.9179842904628,301,30,430,337,allocated,1819.563607782778,301,77,430,165,existing,1881.3423143823618
302,302,18,435,214,allocated,219.4913942315047,302,18,435,535,existing,519.6990713110821,302,18,435,436,existing,155.13198680640411,302,79,435,306,existing,291.8288952725059,302,80,435,306,existing,291.8288952725059,302,84,435,384,existing,946.5496726094658,302,10,435,130,allocated,680.898021675356,302,75,435,384,existing,946.5496726094658,302,30,435,337,allocated,1045.9592429777983,302,78,435,423,existing,1493.8533551472708,302,21,435,237,allocated,1259.2558941043812,302,83,435,63,existing,1690.4348676295986,302,82,435,164,existing,1722.8598800996183
303,303,18,436,214,allocated,374.6233810379088,303,18,436,535,existing,674.8310581174862,303,18,436,436,existing,0.0,303,79,436,306,existing,446.96088207891,303,80,436,306,existing,446.96088207891,303,84,436,384,existing,1101.68165941587,303,10,436,130,allocated,836.03000848176,303,78,436,423,existing,1648.985341953675,303,30,436,337,allocated,1201.0912297842026,303,75,436,384,existing,1101.68165941587,303,21,436,237,allocated,1414.3878809107853,303,83,436,63,existing,1845.5668544360028,303,82,436,164,existing,1877.9918669060226
304,304,74,437,108,existing,200.87690784577896,304,74,437,358,existing,184.73941968066583,304,74,437,445,allocated,27.942284127622656,304,78,437,423,existing,539.4131848891134,304,21,437,237,allocated,858.141122245049,304,79,437,306,existing,1933.37909552446,304,30,437,337,allocated,1525.2924047826496,304,77,437,165,existing,2107.7939738244313,304,80,437,306,existing,1933.37909552446,304,10,437,130,allocated,2097.1240881813274,304,76,437,121,existing,2132.7621651753398,304,82,437,164,existing,2216.8122220992263,304,81,437,164,existing,2216.8122220992263
305,305,69,438,423,existing,362.8661161082623,305,69,438,374,allocated,272.6550504114787,305,69,438,374,allocated,272.6550504114787,305,78,438,423,existing,362.8661161082623,305,21,438,237,allocated,1036.2189667610621,305,30,438,337,allocated,1470.3214956767201,305,80,438,306,existing,1497.6593142047943,305,75,438,384,existing,2152.3800915417546,305,79,438,306,existing,1497.6593142047943,305,10,438,130,allocated,1886.7284406076444,305,84,438,384,existing,2152.3800915417546,305,76,438,121,existing,2339.4971357551312,305,77,438,165,existing,2314.528944404223
306,306,58,439,384,existing,509.7054318153738,306,58,439,368,allocated,583.915778224931,306,58,439,384,allocated,509.7054318153738,306,75,439,384,existing,509.7054318153738,306,84,439,384,existing,509.7054318153738,306,80,439,306,existing,1562.462165959064,306,79,439,306,existing,1562.462165959064,306,30,439,337,allocated,2395.294645156665,306,10,439,130,allocated,1862.374798872331,306,21,439,237,allocated,2608.591296283248,306,83,439,63,existing,2479.1625458653443,306,82,439,164,existing,2787.555897628545,306,81,439,164,existing,2787.555897628545
307,307,69,440,423,existing,219.70026843043087,307,69,440,374,allocated,129.4892027336473,307,69,440,374,allocated,129.4892027336473,307,78,440,423,existing,219.70026843043087,307,21,440,237,allocated,648.6545136482991,307,79,440,306,existing,1703.3152445472822,307,30,440,337,allocated,1355.555974564943,307,80,440,306,existing,1703.3152445472822,307,77,440,165,existing,2199.7634232924456,307,76,440,121,existing,2224.731614643354,307,10,440,130,allocated,1894.447400481517,307,82,440,164,existing,2306.6461585597394,307,81,440,164,existing,2306.6461585597394
308,308,70,443,458,existing,261.7028819672654,308,70,443,236,existing,355.7702746691188,308,70,443,307,existing,162.53122538591788,308,79,443,306,existing,357.4083894848851,308,80,443,306,existing,357.4083894848851,308,10,443,130,allocated,746.4775158877351,308,30,443,337,allocated,589.8152850557974,308,84,443,384,existing,1410.1651236285754,308,21,443,237,allocated,803.1119361823803,308,77,443,165,existing,1434.0227337832998,308,75,443,384,existing,1410.1651236285754,308,76,443,121,existing,1458.9909251342083,308,78,443,423,existing,1438.4748191748524
309,309,61,444,473,existing,270.6280767915644,309,61,444,508,allocated,457.36607433308166,309,61,444,47,allocated,233.83464683306647,309,77,444,165,existing,396.62166241594565,309,76,444,121,existing,421.5898537668542,309,30,444,337,allocated,471.1769446402137,309,81,444,164,existing,505.63991069074046,309,10,444,130,allocated,988.3692848790159,309,82,444,164,existing,505.63991069074046,309,21,444,237,allocated,1162.765461178832,309,83,444,63,existing,1103.9497510538079,309,79,444,306,existing,1339.9281876899813,309,80,444,306,existing,1339.9281876899813
310,310,74,445,108,existing,172.9346237181563,310,74,445,358,existing,156.79713555304318,310,74,445,445,allocated,0.0,310,78,445,423,existing,567.3554690167362,310,21,445,237,allocated,886.0834063726717,310,80,445,306,existing,1961.3213796520827,310,30,445,337,allocated,1553.2346889102723,310,10,445,130,allocated,2125.06637230895,310,79,445,306,existing,1961.3213796520827,310,76,445,121,existing,2160.7044493029625,310,77,445,165,existing,2135.736257952054,310,82,445,164,existing,2244.7545062268487,310,81,445,164,existing,2244.7545062268487
311,311,65,447,139,existing,159.39472764283212,311,65,447,317,existing,558.9739447788239,311,65,447,488,allocated,141.7681666552057,311,10,447,130,allocated,500.91472633623084,311,83,447,63,existing,511.21699695669236,311,82,447,164,existing,696.4379674392363,311,81,447,164,existing,696.4379674392363,311,79,447,306,existing,889.9838527390808,311,80,447,306,existing,889.9838527390808,311,76,447,121,existing,825.2175916379562,311,77,447,165,existing,805.4689457679344,311,30,447,337,allocated,968.1740028548886,311,21,447,237,allocated,1675.0754637715327
312,312,65,448,139,existing,100.7575879963928,312,65,448,317,existing,500.33680513238454,312,65,448,488,allocated,83.13102700876638,312,10,448,130,allocated,442.2775866897915,312,83,448,63,existing,569.8541366031317,312,82,448,164,existing,637.800827792797,312,81,448,164,existing,637.800827792797,312,80,448,306,existing,831.3467130926415,312,77,448,165,existing,746.8318061214952,312,79,448,306,existing,831.3467130926415,312,76,448,121,existing,766.5804519915168,312,30,448,337,allocated,909.5368632084493,312,21,448,237,allocated,1616.4383241250935
313,313,72,450,123,existing,239.00647071521507,313,72,450,409,existing,170.9470937574002,313,72,450,123,allocated,239.00647071521507,313,83,450,63,existing,619.0553733453992,313,10,450,130,allocated,906.9586880040645,313,81,450,164,existing,1078.1092194269909,313,82,450,164,existing,1078.1092194269909,313,79,450,306,existing,1296.0278144069143,313,80,450,306,existing,1296.0278144069143,313,76,450,121,existing,1206.8888436257107,313,77,450,165,existing,1187.1401977556889,313,75,450,384,existing,1517.089575241046,313,30,450,337,allocated,1374.2179645227222
314,314,68,452,507,existing,156.0788768173799,314,68,452,508,allocated,175.87516964793426,314,68,452,508,allocated,175.87516964793426,314,77,452,165,existing,355.80674218078155,314,76,452,121,existing,380.7749335316901,314,81,452,164,existing,464.8377205094797,314,82,452,164,existing,464.8377205094797,314,30,452,337,allocated,753.8401365079038,314,10,452,130,allocated,1271.032476746706,314,83,452,63,existing,1386.612942921498,314,21,452,237,allocated,1447.6251286315362,314,80,452,306,existing,1622.5913795576712,314,79,452,306,existing,1622.5913795576712
315,315,65,453,139,existing,283.56840761487393,315,65,453,409,existing,452.8173754531921,315,65,453,64,allocated,256.9478417411161,315,83,453,63,existing,387.0433169846506,315,10,453,130,allocated,625.0884063082726,315,82,453,164,existing,796.238937731199,315,81,453,164,existing,796.238937731199,315,77,453,165,existing,905.2699160598971,315,80,453,306,existing,1014.1575327111226,315,76,453,121,existing,925.018561929919,315,79,453,306,existing,1014.1575327111226,315,75,453,384,existing,1632.2720224003629,315,30,453,337,allocated,1092.3476828269306
316,316,65,454,139,existing,331.5974592830048,316,65,454,409,existing,500.8464271213229,316,65,454,64,allocated,304.97689340924694,316,83,454,63,existing,435.0723686527814,316,10,454,130,allocated,673.1174579764036,316,82,454,164,existing,844.26798939933,316,81,454,164,existing,844.26798939933,316,80,454,306,existing,1062.1865843792534,316,79,454,306,existing,1062.1865843792534,316,77,454,165,existing,953.298967728028,316,76,454,121,existing,973.0476135980498,316,30,454,337,allocated,1140.3767344950613,316,84,454,384,existing,1680.3010740684938
317,317,59,455,99,existing,247.047823872909,317,59,455,236,existing,623.7835279026597,317,59,455,354,allocated,780.1655270501544,317,30,455,337,allocated,883.343327306042,317,78,455,423,existing,998.767030476508,317,21,455,237,allocated,1071.1251894159209,317,80,455,306,existing,1258.4897605657484,317,76,455,121,existing,1752.5189673844534,317,77,455,165,existing,1727.5507760335447,317,79,455,306,existing,1258.4897605657484,317,10,455,130,allocated,1422.2347532226158,317,82,455,164,existing,1834.4335113008385,317,81,455,164,existing,1834.4335113008385
318,318,59,456,99,existing,432.52056351753794,318,59,456,374,allocated,399.02602330958683,318,59,456,374,allocated,399.02602330958683,318,78,456,423,existing,489.2370890063704,318,21,456,237,allocated,1052.8765184168383,318,30,456,337,allocated,1439.1457888056414,318,80,456,306,existing,1466.4836073337156,318,10,456,130,allocated,1855.5527337365656,318,75,456,384,existing,2121.2043846706756,318,84,456,384,existing,2121.2043846706756,318,79,456,306,existing,1466.4836073337156,318,76,456,121,existing,2308.3214288840527,318,77,456,165,existing,2283.3532375331442
319,319,14,457,158,allocated,498.17453321036913,319,14,457,157,existing,571.0775039441726,319,14,457,208,allocated,236.74297768721988,319,21,457,237,allocated,633.9693121140433,319,30,457,337,allocated,926.4633706653042,319,78,457,423,existing,1139.388827420432,319,77,457,165,existing,1234.4764560783565,319,76,457,121,existing,1259.444647429265,319,81,457,164,existing,1343.4947043531515,319,82,457,164,existing,1343.4947043531515,319,10,457,130,allocated,1446.3097505126655,319,79,457,306,existing,1709.2072853934542,319,80,457,306,existing,1709.2072853934542
320,320,70,458,458,existing,0.0,320,70,458,236,existing,401.8159513541629,320,70,458,307,existing,101.73906893074506,320,79,458,306,existing,296.6162330297123,320,80,458,306,existing,296.6162330297123,320,10,458,130,allocated,567.8360427354665,320,30,458,337,allocated,635.8609617408415,320,77,458,165,existing,1480.068410468344,320,84,458,384,existing,1349.3729671734025,320,75,458,384,existing,1349.3729671734025,320,21,458,237,allocated,849.1576128674244,320,76,458,121,existing,1505.0366018192526,320,78,458,423,existing,1522.5104635202242
321,321,70,460,458,existing,85.60038438483654,321,70,460,236,existing,316.21556696932635,321,70,460,484,allocated,173.0173272047005,321,80,460,306,existing,318.49066569376254,321,79,460,306,existing,318.49066569376254,321,10,460,130,allocated,482.23565835063,321,30,460,337,allocated,550.260577356005,321,75,460,384,existing,1335.3286359852864,321,21,460,237,allocated,763.5572284825879,321,77,460,165,existing,1394.4680260835075,321,84,460,384,existing,1335.3286359852864,321,78,460,423,existing,1436.9100791353876,321,76,460,121,existing,1419.436217434416
322,322,14,466,158,allocated,464.168794773872,322,14,466,157,existing,537.0717655076753,322,14,466,522,allocated,263.284570907429,322,21,466,237,allocated,745.8920336593515,322,30,466,337,allocated,806.9634357006008,322,77,466,165,existing,1045.0112873428768,322,76,466,121,existing,1069.9794786937853,322,82,466,164,existing,1154.0295356176716,322,81,466,164,existing,1154.0295356176716,322,10,466,130,allocated,1326.809815547962,322,78,466,423,existing,1251.3115489657403,322,80,466,306,existing,1675.7146787503684,322,79,466,306,existing,1675.7146787503684
323,323,59,469,99,existing,132.75635345744598,323,59,469,236,existing,648.30963168679,323,59,469,354,allocated,400.3613497197994,323,30,469,337,allocated,883.0216687647572,323,78,469,423,existing,884.4755600610449,323,79,469,306,existing,901.2066903587317,323,80,469,306,existing,901.2066903587317,323,21,469,237,allocated,1081.8883315030291,323,75,469,384,existing,1555.9274676956918,323,84,469,384,existing,1555.9274676956918,323,10,469,130,allocated,1290.2758167615818,323,76,469,121,existing,1752.1973088431682,323,77,469,165,existing,1727.2291174922595
324,324,59,470,99,existing,292.9792287077049,324,59,470,535,existing,660.6988063635195,324,59,470,354,allocated,240.13847446954048,324,79,470,306,existing,740.9838151084728,324,80,470,306,existing,740.9838151084728,324,78,470,423,existing,1044.698435311304,324,30,470,337,allocated,1043.2445440150161,324,21,470,237,allocated,1242.1112067532881,324,84,470,384,existing,1395.7045924454328,324,75,470,384,existing,1395.7045924454328,324,10,470,130,allocated,1130.0529415113228,324,76,470,121,existing,1912.420184093427,324,77,470,165,existing,1887.4519927425185
325,325,60,472,458,existing,340.8944387025378,325,60,472,236,existing,367.0519459491957,325,60,472,307,existing,241.72278212119028,325,79,472,306,existing,436.5999462201575,325,80,472,306,existing,436.5999462201575,325,30,472,337,allocated,601.0969563358743,325,21,472,237,allocated,814.3936074624572,325,78,472,423,existing,1359.28326243958,325,84,472,384,existing,1426.69897301754,325,10,472,130,allocated,825.6690726230077,325,75,472,384,existing,1426.69897301754,325,76,472,121,existing,1470.2725964142853,325,77,472,165,existing,1445.3044050633766
326,326,18,474,214,allocated,654.6939230111504,326,18,474,535,existing,630.4629721606354,326,18,474,535,allocated,630.4629721606354,326,79,474,306,existing,770.6440111030067,326,80,474,306,existing,770.6440111030067,326,75,474,384,existing,915.5287317608238,326,84,474,384,existing,915.5287317608238,326,21,474,237,allocated,1849.4351910935752,326,30,474,337,allocated,1636.1385399669923,326,10,474,130,allocated,1155.9213117636714,326,83,474,63,existing,2125.6373964092445,326,78,474,423,existing,2158.2903047160535,326,81,474,164,existing,2193.5840875989093
327,327,58,475,384,existing,143.46152847261158,327,58,475,368,allocated,217.67187488216877,327,58,475,384,existing,143.46152847261158,327,75,475,384,existing,143.46152847261158,327,84,475,384,existing,143.46152847261158,327,79,475,306,existing,1196.218262616302,327,80,475,306,existing,1196.218262616302,327,30,475,337,allocated,2029.050741813903,327,10,475,130,allocated,1496.1308955295688,327,83,475,63,existing,2112.918642522582,327,21,475,237,allocated,2242.347392940486,327,82,475,164,existing,2421.311994285783,327,81,475,164,existing,2421.311994285783
328,328,58,476,384,existing,249.81042406660492,328,58,476,368,allocated,324.0207704761621,328,58,476,384,existing,249.81042406660492,328,75,476,384,existing,249.81042406660492,328,84,476,384,existing,249.81042406660492,328,80,476,306,existing,1302.5671582102952,328,79,476,306,existing,1302.5671582102952,328,21,476,237,allocated,2348.696288534479,328,10,476,130,allocated,1602.479791123562,328,83,476,63,existing,2219.2675381165755,328,30,476,337,allocated,2135.399637407896,328,82,476,164,existing,2527.6608898797763,328,81,476,164,existing,2527.6608898797763
329,329,58,477,384,existing,123.97433095686108,329,58,477,368,allocated,198.18467736641827,329,58,477,477,allocated,0.0,329,84,477,384,existing,123.97433095686108,329,75,477,384,existing,123.97433095686108,329,80,477,306,existing,1176.7310651005514,329,79,477,306,existing,1176.7310651005514,329,10,477,130,allocated,1476.6436980138183,329,83,477,63,existing,2093.431445006832,329,21,477,237,allocated,2222.860195424735,329,30,477,337,allocated,2009.5635442981525,329,81,477,164,existing,2401.8247967700327,329,82,477,164,existing,2401.8247967700327
330,330,68,479,507,existing,482.1260927532566,330,68,479,508,allocated,501.922385583811,330,68,479,508,allocated,501.922385583811,330,77,479,165,existing,772.3877442874323,330,76,479,121,existing,795.4779842569109,330,81,479,164,existing,881.4187226161305,330,82,479,164,existing,881.4187226161305,330,30,479,337,allocated,977.0684174479463,330,10,479,130,allocated,1496.9147972953074,330,21,479,237,allocated,1662.002921751829,330,83,479,63,existing,1636.674564188659,330,80,479,306,existing,1845.8196604977138,330,79,479,306,existing,1845.8196604977138
331,331,68,480,507,existing,526.5017117722396,331,68,480,508,allocated,546.298004602794,331,68,480,508,allocated,546.298004602794,331,77,480,165,existing,816.7633633064153,331,76,480,121,existing,839.8536032758938,331,81,480,164,existing,925.7943416351135,331,82,480,164,existing,925.7943416351135,331,30,480,337,allocated,1021.4440364669293,331,83,480,63,existing,1681.0501832076418,331,21,480,237,allocated,1706.378540770812,331,10,480,130,allocated,1541.2904163142903,331,79,480,306,existing,1890.1952795166967,331,80,480,306,existing,1890.1952795166967
332,332,14,481,158,allocated,610.617313934879,332,14,481,157,existing,537.7143432010756,332,14,481,372,allocated,465.98409822358803,332,21,481,237,allocated,935.4084701930418,332,78,481,423,existing,1055.108654962024,332,30,481,337,allocated,1478.4278478054193,332,77,481,165,existing,1786.4409332184719,332,82,481,164,existing,1895.4591814932664,332,10,481,130,allocated,1998.2742276527806,332,76,481,121,existing,1811.4091245693803,332,81,481,164,existing,1895.4591814932664,332,79,481,306,existing,2010.6464434724526,332,80,481,306,existing,2010.6464434724526
333,333,58,482,384,existing,544.1694216106904,333,58,482,368,allocated,618.3797680202476,333,58,482,384,existing,544.1694216106904,333,75,482,384,existing,544.1694216106904,333,84,482,384,existing,544.1694216106904,333,79,482,306,existing,1596.9261557543805,333,80,482,306,existing,1596.9261557543805,333,83,482,63,existing,2513.626535660661,333,21,482,237,allocated,2643.0552860785647,333,10,482,130,allocated,1896.8387886676476,333,30,482,337,allocated,2429.7586349519815,333,81,482,164,existing,2822.0198874238617,333,82,482,164,existing,2822.0198874238617
334,334,58,485,384,existing,251.7542222867309,334,58,485,368,allocated,177.54387587717372,334,58,485,368,allocated,177.54387587717372,334,84,485,384,existing,251.7542222867309,334,75,485,384,existing,251.7542222867309,334,79,485,306,existing,801.0025118569594,334,80,485,306,existing,801.0025118569594,334,21,485,237,allocated,1847.1316421811434,334,83,485,63,existing,2070.631229415799,334,10,485,130,allocated,1100.9151447702263,334,30,485,337,allocated,1633.8349910545605,334,82,485,164,existing,2138.5779206054644,334,81,485,164,existing,2138.5779206054644
335,335,58,486,384,existing,225.47569628725648,335,58,486,368,allocated,299.6860426968137,335,58,486,477,allocated,101.50136533039539,335,75,486,384,existing,225.47569628725648,335,84,486,384,existing,225.47569628725648,335,79,486,306,existing,1278.2324304309468,335,80,486,306,existing,1278.2324304309468,335,83,486,63,existing,2194.9328103372272,335,30,486,337,allocated,2111.064909628548,335,21,486,237,allocated,2324.3615607551305,335,10,486,130,allocated,1578.1450633442137,335,82,486,164,existing,2503.326162100428,335,81,486,164,existing,2503.326162100428
336,336,65,488,139,existing,17.626560987626416,336,65,488,317,existing,417.2057781236182,336,65,488,488,allocated,0.0,336,10,488,130,allocated,517.497542315995,336,81,488,164,existing,554.6698007840306,336,82,488,164,existing,554.6698007840306,336,83,488,63,existing,582.8958149899563,336,77,488,165,existing,663.7007791127287,336,79,488,306,existing,906.566668718845,336,80,488,306,existing,906.566668718845,336,76,488,121,existing,683.4494249827504,336,21,488,237,allocated,1638.6879823689858,336,30,488,337,allocated,931.7865214523417
337,337,39,490,412,allocated,343.376158054729,337,39,490,368,allocated,809.2627653318326,337,39,490,412,allocated,343.376158054729,337,84,490,384,existing,883.4731117413897,337,75,490,384,existing,883.4731117413897,337,10,490,130,allocated,1366.780156147188,337,79,490,306,existing,1517.7826878540313,337,81,490,164,existing,1973.4253576270935,337,83,490,63,existing,1665.0320058638924,337,82,490,164,existing,1973.4253576270935,337,80,490,306,existing,1517.7826878540313,337,30,490,337,allocated,2020.6776293562077,337,77,490,165,existing,2082.4563359557915
338,338,39,491,412,allocated,418.8219990831201,338,39,491,368,allocated,884.7086063602237,338,39,491,412,allocated,418.8219990831201,338,75,491,384,existing,958.9189527697808,338,84,491,384,existing,958.9189527697808,338,10,491,130,allocated,1442.2259971755793,338,79,491,306,existing,1593.2285288824226,338,80,491,306,existing,1593.2285288824226,338,83,491,63,existing,1740.4778468922837,338,82,491,164,existing,2048.8711986554845,338,81,491,164,existing,2048.8711986554845,338,77,491,165,existing,2157.902176984183,338,30,491,337,allocated,2096.123470384599
339,339,66,492,363,existing,168.3355610070078,339,66,492,337,existing,669.3552009676177,339,66,492,72,allocated,117.92704723311866,339,10,492,130,allocated,434.0919216182059,339,30,492,337,allocated,669.3552009676177,339,80,492,306,existing,823.161048021056,339,79,492,306,existing,823.161048021056,339,83,492,63,existing,899.1663425887987,339,77,492,165,existing,877.5802549925315,339,82,492,164,existing,840.7348437071099,339,81,492,164,existing,840.7348437071099,339,76,492,121,existing,902.5484463434401,339,21,492,237,allocated,1376.2566618842618
340,340,18,493,214,allocated,99.26002656191349,340,18,493,535,existing,410.6960181915366,340,18,493,214,allocated,99.26002656191349,340,79,493,306,existing,226.4384292038156,340,80,493,306,existing,226.4384292038156,340,75,493,384,existing,826.3183049398747,340,10,493,130,allocated,600.4874153144345,340,83,493,63,existing,1570.2034999600073,340,30,493,337,allocated,1080.7046435177551,340,21,493,237,allocated,1294.001294644338,340,84,493,384,existing,826.3183049398747,340,82,493,164,existing,1638.1501911496725,340,78,493,423,existing,1614.084722816862
341,341,72,494,123,existing,150.65523652958183,341,72,494,409,existing,218.7146134873967,341,72,494,123,allocated,150.65523652958183,341,83,494,63,existing,1008.7170805901961,341,82,494,164,existing,1128.579887234579,341,77,494,165,existing,1237.610865563277,341,81,494,164,existing,1128.579887234579,341,75,494,384,existing,1450.581051637756,341,76,494,121,existing,1257.3595114332986,341,10,494,130,allocated,1296.6203952488613,341,84,494,384,existing,1450.581051637756,341,80,494,306,existing,1685.6895216517114,341,79,494,306,existing,1685.6895216517114
342,342,14,495,158,allocated,545.5877004583552,342,14,495,157,existing,618.4906711921586,342,14,495,522,allocated,344.70347659191225,342,30,495,337,allocated,725.5445300161176,342,21,495,237,allocated,827.3109393438347,342,77,495,165,existing,963.5923816583936,342,76,495,121,existing,988.5605730093022,342,10,495,130,allocated,1245.3909098634788,342,82,495,164,existing,1072.6106299331884,342,78,495,423,existing,1332.7304546502235,342,81,495,164,existing,1072.6106299331884,342,80,495,306,existing,1594.295773065885,342,79,495,306,existing,1594.295773065885
343,343,60,496,458,existing,317.6951588202418,343,60,496,236,existing,84.12079253392113,343,60,496,337,allocated,318.16580292059973,343,30,496,337,allocated,318.16580292059973,343,21,496,237,allocated,531.4624540471826,343,79,496,306,existing,550.5854401291678,343,80,496,306,existing,550.5854401291678,343,77,496,165,existing,1162.3732516481023,343,10,496,130,allocated,714.3304327860352,343,76,496,121,existing,1187.3414429990107,343,78,496,423,existing,1204.8153046999823,343,82,496,164,existing,1269.255986915396,343,81,496,164,existing,1269.255986915396
344,344,14,497,158,allocated,280.1980533560585,344,14,497,157,existing,353.1010240898619,344,14,497,158,allocated,280.1980533560585,344,78,497,423,existing,1211.7562406920763,344,21,497,237,allocated,1334.7994514902994,344,77,497,165,existing,1789.3781354728076,344,30,497,337,allocated,1481.365050059755,344,76,497,121,existing,1814.346326823716,344,81,497,164,existing,1898.3963837476022,344,82,497,164,existing,1898.3963837476022,344,10,497,130,allocated,2001.211429907116,344,79,497,306,existing,2350.1162931095223,344,80,497,306,existing,2350.1162931095223
345,345,64,498,523,existing,384.2118306863062,345,64,498,317,existing,433.89947654826665,345,64,498,498,allocated,0.0,345,83,498,63,existing,457.38464654104456,345,81,498,164,existing,499.0799200584125,345,77,498,165,existing,608.1108983871106,345,82,498,164,existing,499.0799200584125,345,80,498,306,existing,1241.4244257692794,345,76,498,121,existing,627.8595442571323,345,10,498,130,allocated,852.3552993664293,345,79,498,306,existing,1241.4244257692794,345,30,498,337,allocated,1319.6145758850873,345,75,498,384,existing,1778.770545754759
346,346,65,500,139,existing,38.567894186083585,346,65,500,317,existing,409.34580248267946,346,65,500,488,allocated,20.941333198457166,346,10,500,130,allocated,538.4388755144522,346,81,500,164,existing,545.3914486477952,346,82,500,164,existing,545.3914486477952,346,83,500,63,existing,561.9544817914991,346,77,500,165,existing,654.4224269764934,346,76,500,121,existing,674.171072846515,346,80,500,306,existing,927.5080019173022,346,79,500,306,existing,927.5080019173022,346,30,500,337,allocated,952.7278546507989,346,21,500,237,allocated,1659.629315567443
347,347,58,501,384,existing,78.86879737015897,347,58,501,368,allocated,44.048826216970554,347,58,501,368,allocated,44.048826216970554,347,84,501,384,existing,78.86879737015897,347,75,501,384,existing,78.86879737015897,347,80,501,306,existing,1022.5952139511037,347,79,501,306,existing,1022.5952139511037,347,21,501,237,allocated,2068.7243442752874,347,10,501,130,allocated,1322.5078468643705,347,30,501,337,allocated,1855.4276931487047,347,83,501,63,existing,1939.2955938573841,347,81,501,164,existing,2247.688945620585,347,82,501,164,existing,2247.688945620585
348,348,69,502,423,existing,257.5813407294063,348,69,502,374,allocated,167.37027503262271,348,69,502,374,allocated,167.37027503262271,348,78,502,423,existing,257.5813407294063,348,21,502,237,allocated,930.9341913822061,348,79,502,306,existing,1596.8121433693552,348,30,502,337,allocated,1569.474324841281,348,84,502,384,existing,2251.532920706315,348,10,502,130,allocated,1985.8812697722053,348,75,502,384,existing,2251.532920706315,348,80,502,306,existing,1596.8121433693552,348,76,502,121,existing,2438.649964919692,348,77,502,165,existing,2413.6817735687837
349,349,18,504,214,allocated,335.87054968080355,349,18,504,535,existing,330.84227447066195,349,18,504,535,allocated,330.84227447066195,349,79,504,306,existing,463.04895232270565,349,80,504,306,existing,463.04895232270565,349,84,504,384,existing,589.7077818209846,349,75,504,384,existing,589.7077818209846,349,21,504,237,allocated,1530.6118177632284,349,83,504,63,existing,1806.8140230788977,349,10,504,130,allocated,837.0979384333245,349,30,504,337,allocated,1317.3151666366455,349,81,504,164,existing,1874.7607142685629,349,78,504,423,existing,1850.6952459357522
350,350,68,507,507,existing,0.0,350,68,507,508,allocated,19.796292830554375,350,68,507,508,allocated,19.796292830554375,350,77,507,165,existing,292.9352903353441,350,76,507,121,existing,313.3518915036542,350,82,507,164,existing,401.9662686640423,350,81,507,164,existing,401.9662686640423,350,10,507,130,allocated,1423.7425907965292,350,83,507,63,existing,1358.4308352634994,350,30,507,337,allocated,906.5502505577269,350,21,507,237,allocated,1591.9051908811148,350,80,507,306,existing,1775.3014936074944,350,79,507,306,existing,1775.3014936074944
351,351,68,524,507,existing,563.2153551559502,351,68,524,508,allocated,583.0116479865046,351,68,524,508,allocated,583.0116479865046,351,77,524,165,existing,853.4770066901259,351,76,524,121,existing,876.5672466596044,351,82,524,164,existing,962.507985018824,351,81,524,164,existing,962.507985018824,351,83,524,63,existing,1717.7638265913527,351,21,524,237,allocated,1743.0921841545226,351,30,524,337,allocated,1058.1576798506399,351,10,524,130,allocated,1578.004059698001,351,79,524,306,existing,1926.9089229004073,351,80,524,306,existing,1926.9089229004073
352,352,58,526,384,existing,665.4648151484272,352,58,526,368,allocated,591.2544687388701,352,58,526,91,allocated,554.612403380926,352,84,526,384,existing,665.4648151484272,352,75,526,384,existing,665.4648151484272,352,79,526,306,existing,964.687581831771,352,80,526,306,existing,964.687581831771,352,21,526,237,allocated,1821.411342262139,352,83,526,63,existing,2044.9109294967948,352,10,526,130,allocated,1075.1948448512217,352,30,526,337,allocated,1608.114691135556,352,82,526,164,existing,2112.85762068646,352,81,526,164,existing,2112.85762068646
353,353,58,527,384,existing,643.3463701107871,353,58,527,368,allocated,569.13602370123,353,58,527,91,allocated,532.493958343286,353,84,527,384,existing,643.3463701107871,353,75,527,384,existing,643.3463701107871,353,79,527,306,existing,942.5691367941309,353,80,527,306,existing,942.5691367941309,353,30,527,337,allocated,1585.996246097916,353,21,527,237,allocated,1799.2928972244988,353,10,527,130,allocated,1053.0763998135817,353,83,527,63,existing,2022.7924844591544,353,82,527,164,existing,2090.73917564882,353,81,527,164,existing,2090.73917564882
354,354,18,528,214,allocated,575.245914375736,354,18,528,368,allocated,592.3231261756343,354,18,528,91,allocated,327.22092659195425,354,84,528,384,existing,666.5334725851915,354,75,528,384,existing,666.5334725851915,354,79,528,306,existing,737.2961050427992,354,80,528,306,existing,737.2961050427992,354,83,528,63,existing,1817.519452707823,354,10,528,130,allocated,847.8033680622499,354,30,528,337,allocated,1380.7232143465842,354,21,528,237,allocated,1594.019865473167,354,81,528,164,existing,1885.466143897488,354,82,528,164,existing,1885.466143897488
355,355,63,529,79,existing,48.48456584382288,355,63,529,337,existing,729.7440148327066,355,63,529,529,allocated,0.0,355,10,529,130,allocated,348.58139558074924,355,30,529,337,allocated,729.7440148327066,355,80,529,306,existing,737.6505219835992,355,79,529,306,existing,737.6505219835992,355,82,529,164,existing,880.022469641438,355,77,529,165,existing,989.0534479701362,355,83,529,63,existing,850.2354136942556,355,81,529,164,existing,880.022469641438,355,21,529,237,allocated,1436.6454757493505,355,76,529,121,existing,1008.8020938401578
356,356,72,530,123,existing,240.0628105265931,356,72,530,409,existing,308.12218748440796,356,72,530,123,allocated,240.0628105265931,356,83,530,63,existing,1098.1246545872073,356,82,530,164,existing,1217.9874612315903,356,81,530,164,existing,1217.9874612315903,356,77,530,165,existing,1327.0184395602882,356,84,530,384,existing,1539.9886256347672,356,75,530,384,existing,1539.9886256347672,356,10,530,130,allocated,1386.0279692458726,356,76,530,121,existing,1346.76708543031,356,79,530,306,existing,1775.0970956487226,356,80,530,306,existing,1775.0970956487226
357,357,14,531,158,allocated,262.5361152379428,357,14,531,157,existing,335.4390859717462,357,14,531,158,allocated,262.5361152379428,357,21,531,237,allocated,792.0652828962981,357,30,531,337,allocated,938.6308814657536,357,76,531,121,existing,1271.6121582297146,357,77,531,165,existing,1246.6439668788062,357,82,531,164,existing,1355.6622151536008,357,78,531,423,existing,1297.4847982026868,357,81,531,164,existing,1355.6622151536008,357,10,531,130,allocated,1458.477261313115,357,79,531,306,existing,1807.382124515521,357,80,531,306,existing,1807.382124515521
358,358,72,532,123,existing,472.8795848532417,358,72,532,409,existing,540.9389618110565,358,72,532,267,allocated,103.6617045766936,358,83,532,63,existing,1330.941428913856,358,82,532,164,existing,1450.804235558239,358,77,532,165,existing,1559.835213886937,358,81,532,164,existing,1450.804235558239,358,76,532,121,existing,1579.5838597569586,358,10,532,130,allocated,1618.8447435725213,358,84,532,384,existing,1772.805399961416,358,75,532,384,existing,1772.805399961416,358,80,532,306,existing,2007.9138699753712,358,79,532,306,existing,2007.9138699753712
359,359,72,533,123,existing,535.6496262768669,359,72,533,409,existing,603.7090032346819,359,72,533,267,allocated,166.4317460003188,359,83,533,63,existing,1393.7114703374814,359,82,533,164,existing,1513.5742769818644,359,77,533,165,existing,1622.6052553105624,359,81,533,164,existing,1513.5742769818644,359,76,533,121,existing,1642.3539011805838,359,84,533,384,existing,1835.5754413850414,359,75,533,384,existing,1835.5754413850414,359,10,533,130,allocated,1681.6147849961467,359,79,533,306,existing,2070.6839113989963,359,80,533,306,existing,2070.6839113989963
360,360,61,534,473,existing,325.347055880371,360,61,534,337,existing,414.2614899663931,360,61,534,47,allocated,266.6904131182513,360,30,534,337,allocated,414.2614899663931,360,77,534,165,existing,429.9459587611093,360,82,534,164,existing,536.8286940284031,360,76,534,121,existing,454.91415011201786,360,10,534,130,allocated,931.4538302051953,360,83,534,63,existing,1135.1385343914706,360,21,534,237,allocated,1121.1629508830372,360,81,534,164,existing,536.8286940284031,360,79,534,306,existing,1283.0127330161606,360,80,534,306,existing,1283.0127330161606
361,361,18,535,214,allocated,509.9560447534501,361,18,535,535,existing,0.0,361,18,535,535,allocated,0.0,361,79,535,306,existing,625.9061328453065,361,80,535,306,existing,625.9061328453065,361,75,535,384,existing,920.5500562916466,361,84,535,384,existing,920.5500562916466,361,30,535,337,allocated,1491.400661709292,361,21,535,237,allocated,1704.697312835875,361,78,535,423,existing,1705.3972416748234,361,10,535,130,allocated,1011.1834335059712,361,83,535,63,existing,1980.8995181515438,361,82,535,164,existing,2048.846209341209
362,362,65,536,139,existing,234.12411271206716,362,65,536,409,existing,502.26167035599883,362,65,536,488,allocated,216.49755172444074,362,83,536,63,existing,436.4876118874573,362,10,536,130,allocated,575.6441114054659,362,82,536,164,existing,746.7946428283923,362,81,536,164,existing,746.7946428283923,362,80,536,306,existing,964.7132378083159,362,79,536,306,existing,964.7132378083159,362,77,536,165,existing,855.8256211570904,362,76,536,121,existing,875.5742670271122,362,30,536,337,allocated,1042.9033879241238,362,75,536,384,existing,1681.7163173031697
363,363,72,537,123,existing,67.07341593797602,363,72,537,409,existing,135.13279289579089,363,72,537,123,allocated,67.07341593797602,363,83,537,63,existing,925.1352599985903,363,82,537,164,existing,1044.9980666429733,363,77,537,165,existing,1154.0290449716713,363,81,537,164,existing,1044.9980666429733,363,10,537,130,allocated,1213.0385746572556,363,84,537,384,existing,1366.9992310461503,363,76,537,121,existing,1173.777690841693,363,75,537,384,existing,1366.9992310461503,363,79,537,306,existing,1602.1077010601055,363,80,537,306,existing,1602.1077010601055
364,364,72,538,123,existing,341.1191140687105,364,72,538,409,existing,409.17849102652536,364,72,538,267,allocated,235.4221753612248,364,83,538,63,existing,1199.1809581293248,364,82,538,164,existing,1319.0437647737078,364,77,538,165,existing,1428.0747431024058,364,81,538,164,existing,1319.0437647737078,364,10,538,130,allocated,1487.0842727879901,364,75,538,384,existing,1641.0449291768848,364,76,538,121,existing,1447.8233889724274,364,84,538,384,existing,1641.0449291768848,364,80,538,306,existing,1876.15339919084,364,79,538,306,existing,1876.15339919084
365,365,69,539,423,existing,390.3078454812079,365,69,539,374,allocated,300.09677978442437,365,69,539,374,allocated,300.09677978442437,365,78,539,423,existing,390.3078454812079,365,21,539,237,allocated,1056.6104959149716,365,79,539,306,existing,1470.2175848318489,365,30,539,337,allocated,1442.8797663037744,365,10,539,130,allocated,1859.286711234699,365,84,539,384,existing,2124.938362168809,365,75,539,384,existing,2124.938362168809,365,80,539,306,existing,1470.2175848318489,365,76,539,121,existing,2312.0554063821855,365,77,539,165,existing,2287.087215031277
366,366,14,540,158,allocated,335.82558015375145,366,14,540,157,existing,408.72855088755483,366,14,540,158,allocated,335.82558015375145,366,78,540,423,existing,1267.3837674897693,366,21,540,237,allocated,1390.4269782879924,366,30,540,337,allocated,1536.992576857448,366,77,540,165,existing,1845.0056622705006,366,10,540,130,allocated,2056.838956704809,366,81,540,164,existing,1954.0239105452952,366,82,540,164,existing,1954.0239105452952,366,76,540,121,existing,1869.973853621409,366,80,540,306,existing,2405.7438199072153,366,79,540,306,existing,2405.7438199072153
367,367,59,541,99,existing,320.22944299169217,367,59,541,236,existing,622.1530381613011,367,59,541,307,existing,532.9622917558225,367,79,541,306,existing,727.8394558547898,367,80,541,306,existing,727.8394558547898,367,21,541,237,allocated,1069.4946996745625,367,30,541,337,allocated,856.1980485479797,367,84,541,384,existing,1394.7044177759076,367,10,541,130,allocated,1116.9085822576399,367,75,541,384,existing,1394.7044177759076,367,78,541,423,existing,1071.948649595291,367,77,541,165,existing,1700.4054972754823,367,76,541,121,existing,1725.373688626391
368,368,72,542,123,existing,321.74936493480556,368,72,542,409,existing,253.6899879769907,368,72,542,123,allocated,321.74936493480556,368,83,542,63,existing,536.3124791258087,368,10,542,130,allocated,824.215793784474,368,81,542,164,existing,995.3663252074005,368,82,542,164,existing,995.3663252074005,368,79,542,306,existing,1213.284920187324,368,80,542,306,existing,1213.284920187324,368,77,542,165,existing,1104.3973035360984,368,76,542,121,existing,1124.1459494061203,368,75,542,384,existing,1599.8324694606365,368,30,542,337,allocated,1291.4750703031318
369,369,18,546,214,allocated,461.40206594234695,369,18,546,535,existing,761.6097430219244,369,18,546,436,existing,397.04265851724637,369,79,546,306,existing,533.7395669833481,369,80,546,306,existing,533.7395669833481,369,10,546,130,allocated,922.8086933861982,369,30,546,337,allocated,1118.126228725063,369,84,546,384,existing,1188.4603443203082,369,21,546,237,allocated,1331.4228798516458,369,78,546,423,existing,1576.240928035643,369,75,546,384,existing,1188.4603443203082,369,83,546,63,existing,1932.345539340441,369,77,546,165,existing,1962.3336774525653
370,370,69,547,423,existing,177.84391539614006,370,69,547,374,allocated,268.05498109292364,370,69,547,374,allocated,268.05498109292364,370,78,547,423,existing,177.84391539614006,370,21,547,237,allocated,589.2285257077136,370,30,547,337,allocated,1296.1299866243578,370,79,547,306,existing,1671.276419884064,370,76,547,121,existing,2165.3056267027687,370,10,547,130,allocated,1835.0214125409314,370,80,547,306,existing,1671.276419884064,370,77,547,165,existing,2140.33743535186,370,81,547,164,existing,2247.2201706191536,370,82,547,164,existing,2247.2201706191536
371,371,69,548,423,existing,130.98412017061312,371,69,548,374,allocated,221.19518586739673,371,69,548,374,allocated,221.19518586739673,371,78,548,423,existing,130.98412017061312,371,21,548,237,allocated,542.3687304821867,371,80,548,306,existing,1624.4166246585369,371,30,548,337,allocated,1249.2701913988308,371,79,548,306,existing,1624.4166246585369,371,76,548,121,existing,2118.445831477242,371,10,548,130,allocated,1788.1616173154043,371,77,548,165,existing,2093.4776401263334,371,81,548,164,existing,2200.360375393627,371,82,548,164,existing,2200.360375393627
372,372,58,549,384,existing,252.50724494016515,372,58,549,368,allocated,178.29689853060796,372,58,549,368,allocated,178.29689853060796,372,75,549,384,existing,252.50724494016515,372,84,549,384,existing,252.50724494016515,372,80,549,306,existing,1156.843286264741,372,79,549,306,existing,1156.843286264741,372,83,549,63,existing,1925.5429114931283,372,30,549,337,allocated,1989.6757654623423,372,21,549,237,allocated,2202.972416588925,372,10,549,130,allocated,1439.870202599802,372,81,549,164,existing,2233.936263256329,372,82,549,164,existing,2233.936263256329
373,373,59,550,99,existing,449.04908809115716,373,59,550,236,existing,462.1568850278343,373,59,550,337,allocated,721.7166844312167,373,30,550,337,allocated,721.7166844312167,373,21,550,237,allocated,909.4985465410957,373,80,550,306,existing,1096.863117690923,373,79,550,306,existing,1096.863117690923,373,77,550,165,existing,1565.9241331587193,373,78,550,423,existing,1200.7682946947562,373,76,550,121,existing,1590.892324509628,373,10,550,130,allocated,1260.6081103477904,373,81,550,164,existing,1672.8068684260131,373,82,550,164,existing,1672.8068684260131
374,374,65,551,139,existing,365.8861747782838,374,65,551,409,existing,535.135142616602,374,65,551,64,allocated,339.265608904526,374,83,551,63,existing,469.36108414806046,374,10,551,130,allocated,707.4061734716826,374,82,551,164,existing,878.556704894609,374,81,551,164,existing,878.556704894609,374,77,551,165,existing,987.5876832233071,374,79,551,306,existing,1096.4752998745325,374,76,551,121,existing,1007.3363290933289,374,80,551,306,existing,1096.4752998745325,374,84,551,384,existing,1714.589789563773,374,30,551,337,allocated,1174.6654499903404
375,375,72,552,123,existing,198.9708956185556,375,72,552,409,existing,158.93817256398125,375,72,552,123,allocated,198.9708956185556,375,83,552,63,existing,747.2712686649966,375,10,552,130,allocated,969.0644130460704,375,82,552,164,existing,1176.8955463235525,375,81,552,164,existing,1176.8955463235525,375,76,552,121,existing,1305.6751705222723,375,75,552,384,existing,1225.5685709677537,375,84,552,384,existing,1225.5685709677537,375,77,552,165,existing,1285.9265246522507,375,80,552,306,existing,1358.1335394489206,375,79,552,306,existing,1358.1335394489206
376,376,63,555,79,existing,155.26494901266798,376,63,555,337,existing,525.9944999762158,376,63,555,555,allocated,0.0,376,10,555,130,allocated,455.36177874959435,376,30,555,337,allocated,525.9944999762158,376,80,555,306,existing,844.4309051524444,376,79,555,306,existing,844.4309051524444,376,76,555,121,existing,931.0062015676189,376,77,555,165,existing,906.0380102167103,376,82,555,164,existing,986.8028528102832,376,83,555,63,existing,957.0157968631006,376,81,555,164,existing,986.8028528102832,376,21,555,237,allocated,1232.8959608928596
377,377,14,556,158,allocated,548.2923520201834,377,14,556,157,existing,621.1953227539868,377,14,556,208,allocated,189.80859342099117,377,21,556,237,allocated,587.0349278478146,377,30,556,337,allocated,976.5811894751185,377,78,556,423,existing,1092.4544431542035,377,77,556,165,existing,1284.594274888171,377,81,556,164,existing,1393.6125231629658,377,82,556,164,existing,1393.6125231629658,377,76,556,121,existing,1309.5624662390794,377,10,556,130,allocated,1496.4275693224797,377,79,556,306,existing,1662.2729011272254,377,80,556,306,existing,1662.2729011272254
378,378,59,557,99,existing,268.05123520774316,378,59,557,374,allocated,393.45690569907225,378,59,557,374,allocated,393.45690569907225,378,78,557,423,existing,483.66797139585583,378,21,557,237,allocated,888.4071901070436,378,30,557,337,allocated,1274.6764604958466,378,80,557,306,existing,1302.0142790239208,378,84,557,384,existing,1956.735056360881,378,79,557,306,existing,1302.0142790239208,378,10,557,130,allocated,1691.083405426771,378,75,557,384,existing,1956.735056360881,378,77,557,165,existing,2118.8839092233493,378,76,557,121,existing,2143.8521005742577
379,379,18,558,214,allocated,687.2887394010323,379,18,558,535,existing,663.0577885505173,379,18,558,535,allocated,663.0577885505173,379,79,558,306,existing,803.2388274928886,379,80,558,306,existing,803.2388274928886,379,84,558,384,existing,948.1235481507056,379,75,558,384,existing,948.1235481507056,379,21,558,237,allocated,1882.0300074834572,379,30,558,337,allocated,1668.7333563568743,379,83,558,63,existing,2158.232212799126,379,10,558,130,allocated,1188.5161281535534,379,78,558,423,existing,2190.885121105935,379,82,558,164,existing,2226.1789039887913
380,380,59,559,99,existing,373.8141647539944,380,59,559,374,allocated,877.3054162403142,380,59,559,374,allocated,877.3054162403142,380,78,559,423,existing,967.5164819370978,380,21,559,237,allocated,1164.929253379082,380,79,559,306,existing,1407.7772085701722,380,30,559,337,allocated,1380.4393900420978,380,75,559,384,existing,2062.497985907132,380,80,559,306,existing,1407.7772085701722,380,10,559,130,allocated,1796.846334973022,380,84,559,384,existing,2062.497985907132,380,76,559,121,existing,2249.615030120509,380,77,559,165,existing,2224.6468387696004
381,381,59,560,99,existing,358.7872693812612,381,59,560,236,existing,660.7108645508702,381,59,560,307,existing,571.5201181453916,381,79,560,306,existing,766.3972822443588,381,80,560,306,existing,766.3972822443588,381,30,560,337,allocated,894.7558749375488,381,21,560,237,allocated,1108.0525260641316,381,78,560,423,existing,1110.5064759848601,381,10,560,130,allocated,1155.466408647209,381,75,560,384,existing,1433.2622441654767,381,84,560,384,existing,1433.2622441654767,381,77,560,165,existing,1738.9633236650513,381,76,560,121,existing,1763.93151501596
382,382,59,564,99,existing,280.4150954148322,382,59,564,236,existing,627.2530003177795,382,59,564,354,allocated,577.9736217842581,382,30,564,337,allocated,886.812799721162,382,78,564,423,existing,1032.1343020184313,382,79,564,306,existing,1078.8189624231904,382,21,564,237,allocated,1074.5946618310409,382,10,564,130,allocated,1425.7042256377358,382,84,564,384,existing,1733.5397397601503,382,77,564,165,existing,1731.0202484486647,382,80,564,306,existing,1078.8189624231904,382,75,564,384,existing,1733.5397397601503,382,76,564,121,existing,1755.9884397995734
383,383,18,565,214,allocated,513.799673755145,383,18,565,236,existing,779.2914869707749,383,18,565,436,existing,449.44026633004444,383,79,565,306,existing,586.1371747961463,383,80,565,306,existing,586.1371747961463,383,10,565,130,allocated,975.2063011989962,383,30,565,337,allocated,1013.3364973574536,383,21,565,237,allocated,1226.6331484840364,383,84,565,384,existing,1240.8579521331062,383,75,565,384,existing,1240.8579521331062,383,78,565,423,existing,1484.7947933882003,383,77,565,165,existing,1857.543946084956,383,76,565,121,existing,1882.5121374358646
