,assign_from_var_id_grocery,assign_to_var_id_grocery,assign_from_node_id_grocery,assign_to_node_id_grocery,assign_type_grocery,dist_grocery,assign_from_var_id_school,assign_to_var_id_school,assign_from_node_id_school,assign_to_node_id_school,assign_type_school,dist_school,assign_from_var_id_healthcare,assign_to_var_id_healthcare,assign_from_node_id_healthcare,assign_to_node_id_healthcare,assign_type_healthcare,dist_healthcare,0_assign_from_var_id_restaurant,0_assign_to_var_id_restaurant,0_assign_from_node_id_restaurant,0_assign_to_node_id_restaurant,0_assign_type_restaurant,0_dist_restaurant,1_assign_from_var_id_restaurant,1_assign_to_var_id_restaurant,1_assign_from_node_id_restaurant,1_assign_to_node_id_restaurant,1_assign_type_restaurant,1_dist_restaurant,2_assign_from_var_id_restaurant,2_assign_to_var_id_restaurant,2_assign_from_node_id_restaurant,2_assign_to_node_id_restaurant,2_assign_type_restaurant,2_dist_restaurant,3_assign_from_var_id_restaurant,3_assign_to_var_id_restaurant,3_assign_from_node_id_restaurant,3_assign_to_node_id_restaurant,3_assign_type_restaurant,3_dist_restaurant,4_assign_from_var_id_restaurant,4_assign_to_var_id_restaurant,4_assign_from_node_id_restaurant,4_assign_to_node_id_restaurant,4_assign_type_restaurant,4_dist_restaurant,5_assign_from_var_id_restaurant,5_assign_to_var_id_restaurant,5_assign_from_node_id_restaurant,5_assign_to_node_id_restaurant,5_assign_type_restaurant,5_dist_restaurant,6_assign_from_var_id_restaurant,6_assign_to_var_id_restaurant,6_assign_from_node_id_restaurant,6_assign_to_node_id_restaurant,6_assign_type_restaurant,6_dist_restaurant,7_assign_from_var_id_restaurant,7_assign_to_var_id_restaurant,7_assign_from_node_id_restaurant,7_assign_to_node_id_restaurant,7_assign_type_restaurant,7_dist_restaurant,8_assign_from_var_id_restaurant,8_assign_to_var_id_restaurant,8_assign_from_node_id_restaurant,8_assign_to_node_id_restaurant,8_assign_type_restaurant,8_dist_restaurant,9_assign_from_var_id_restaurant,9_assign_to_var_id_restaurant,9_assign_from_node_id_restaurant,9_assign_to_node_id_restaurant,9_assign_type_restaurant,9_dist_restaurant
0,0,98,0,67,existing,276.825276927457,0,98,0,398,existing,315.22283152005656,0,98,0,82,allocated,250.9334312488847,0,103,0,82,existing,250.9334312488847,0,111,0,435,existing,471.31924488519724,0,110,0,35,existing,686.6067643992649,0,112,0,120,existing,1238.7846886533052,0,106,0,440,existing,1325.8484509330995,0,101,0,440,existing,1325.8484509330995,0,105,0,440,existing,1325.8484509330995,0,107,0,265,existing,1298.9455177702641,0,108,0,114,existing,1702.7668532255484,0,102,0,114,existing,1702.7668532255484
1,1,98,1,67,existing,363.95260175085355,1,98,1,398,existing,402.3501563434531,1,98,1,82,allocated,338.0607560722812,1,103,1,82,existing,338.0607560722812,1,111,1,435,existing,558.4465697085938,1,110,1,35,existing,773.7340892226614,1,112,1,120,existing,1325.9120134767018,1,101,1,440,existing,1412.975775756496,1,106,1,440,existing,1412.975775756496,1,105,1,440,existing,1412.975775756496,1,107,1,265,existing,1386.0728425936607,1,102,1,114,existing,1789.894178048945,1,109,1,114,existing,1789.894178048945
2,2,24,2,167,allocated,174.3527146242758,2,24,2,459,existing,381.6048701147138,2,24,2,167,allocated,174.3527146242758,2,75,2,459,allocated,381.6048701147138,2,104,2,278,existing,935.8745596345666,2,22,2,157,allocated,1205.690374961091,2,6,2,57,allocated,1164.2284110318114,2,106,2,440,existing,1664.4408812911586,2,109,2,114,existing,1229.7239232915267,2,102,2,114,existing,1229.7239232915267,2,108,2,114,existing,1229.7239232915267,2,105,2,440,existing,1664.4408812911586,2,101,2,440,existing,1664.4408812911586
3,3,93,4,155,existing,255.07186993432936,3,93,4,157,allocated,230.80568190766235,3,93,4,157,allocated,230.80568190766235,3,22,4,157,allocated,230.80568190766235,3,6,4,57,allocated,829.7621927839787,3,106,4,440,existing,1414.98752551063,3,105,4,440,existing,1414.98752551063,3,107,4,265,existing,1441.8904586734652,3,102,4,114,existing,1479.2370474805507,3,101,4,440,existing,1414.98752551063,3,108,4,114,existing,1479.2370474805507,3,112,4,120,existing,1502.0512877904239,3,109,4,114,existing,1479.2370474805507
4,4,36,5,270,allocated,464.3142834827194,4,36,5,157,allocated,461.9751132436421,4,36,5,406,allocated,443.00858997136004,4,22,5,157,allocated,461.9751132436421,4,6,5,57,allocated,1060.9316241199585,4,105,5,440,existing,1646.1569568466098,4,101,5,440,existing,1646.1569568466098,4,102,5,114,existing,1710.4064788165306,4,107,5,265,existing,1673.0598900094449,4,106,5,440,existing,1646.1569568466098,4,109,5,114,existing,1710.4064788165306,4,111,5,435,existing,1719.0714904331176,4,108,5,114,existing,1710.4064788165306
5,5,24,6,167,allocated,523.9856758486886,5,24,6,459,existing,201.23838145259953,5,24,6,147,allocated,184.7106797872915,5,75,6,459,allocated,201.23838145259953,5,104,6,278,existing,610.5155140750414,5,102,6,114,existing,904.3648777320016,5,109,6,114,existing,904.3648777320016,5,106,6,440,existing,1339.0818357316334,5,101,6,440,existing,1339.0818357316334,5,108,6,114,existing,904.3648777320016,5,105,6,440,existing,1339.0818357316334,5,112,6,120,existing,1417.893652572361,5,107,6,265,existing,1362.1483983700123
6,6,83,7,278,existing,497.8088965575329,6,83,7,459,existing,56.460792962319964,6,83,7,147,allocated,39.93309129701194,6,75,7,459,allocated,56.460792962319964,6,104,7,278,existing,497.8088965575329,6,109,7,114,existing,791.6582602144931,6,108,7,114,existing,791.6582602144931,6,102,7,114,existing,791.6582602144931,6,106,7,440,existing,1226.375218214125,6,105,7,440,existing,1226.375218214125,6,101,7,440,existing,1226.375218214125,6,107,7,265,existing,1249.4417808525038,6,112,7,120,existing,1305.1870350548525
7,7,94,8,35,existing,547.3133720029391,7,94,8,398,existing,175.92943912373087,7,94,8,8,allocated,0.0,7,111,8,435,existing,332.0258524888715,7,110,8,35,existing,547.3133720029391,7,103,8,82,existing,562.3867220458005,7,112,8,120,existing,1286.8569168832544,7,101,8,440,existing,1373.9206791630486,7,107,8,265,existing,1347.0177460002133,7,106,8,440,existing,1373.9206791630486,7,105,8,440,existing,1373.9206791630486,7,102,8,114,existing,1563.4734608292226,7,108,8,114,existing,1563.4734608292226
8,8,94,9,35,existing,527.1180215468997,8,94,9,398,existing,155.73408866769145,8,94,9,8,allocated,20.19535045603942,8,111,9,435,existing,311.8305020328321,8,110,9,35,existing,527.1180215468997,8,103,9,82,existing,542.191371589761,8,112,9,120,existing,1266.661566427215,8,105,9,440,existing,1353.725328707009,8,101,9,440,existing,1353.725328707009,8,106,9,440,existing,1353.725328707009,8,107,9,265,existing,1326.8223955441738,8,109,9,114,existing,1543.2781103731832,8,102,9,114,existing,1543.2781103731832
9,9,36,14,270,allocated,552.5236725021218,9,36,14,270,existing,552.5236725021218,9,36,14,270,allocated,552.5236725021218,9,22,14,157,allocated,1065.0596016593267,9,103,14,82,existing,1426.204687988923,9,111,14,435,existing,1508.5650968231462,9,6,14,57,allocated,1519.0650239163997,9,110,14,35,existing,1723.8526163372137,9,101,14,440,existing,2104.290356643051,9,106,14,440,existing,2104.290356643051,9,105,14,440,existing,2104.290356643051,9,108,14,114,existing,2168.5398786129717,9,107,14,265,existing,2131.193289805886
10,10,36,15,270,allocated,569.3010915248353,10,36,15,270,existing,569.3010915248353,10,36,15,270,allocated,569.3010915248353,10,22,15,157,allocated,1081.8370206820402,10,103,15,82,existing,1442.9821070116363,10,6,15,57,allocated,1535.8424429391132,10,111,15,435,existing,1525.3425158458595,10,101,15,440,existing,2121.067775665764,10,106,15,440,existing,2121.067775665764,10,110,15,35,existing,1740.630035359927,10,105,15,440,existing,2121.067775665764,10,109,15,114,existing,2185.317297635685,10,107,15,265,existing,2147.9707088285995
11,11,36,16,270,allocated,853.0224809811851,11,36,16,270,existing,853.0224809811851,11,36,16,270,allocated,853.0224809811851,11,22,16,157,allocated,1365.5584101383902,11,103,16,82,existing,1726.7034964679863,11,111,16,435,existing,1809.0639053022094,11,6,16,57,allocated,1819.5638323954631,11,110,16,35,existing,2024.351424816277,11,106,16,440,existing,2404.7891651221144,11,101,16,440,existing,2404.7891651221144,11,105,16,440,existing,2404.7891651221144,11,107,16,265,existing,2431.692098284949,11,108,16,114,existing,2469.038687092035
12,12,36,17,270,allocated,968.0195445077584,12,36,17,270,existing,968.0195445077584,12,36,17,270,allocated,968.0195445077584,12,22,17,157,allocated,1480.5554736649633,12,103,17,82,existing,1841.7005599945596,12,111,17,435,existing,1924.0609688287827,12,6,17,57,allocated,1934.5608959220363,12,105,17,440,existing,2519.7862286486875,12,110,17,35,existing,2139.3484883428505,12,101,17,440,existing,2519.7862286486875,12,106,17,440,existing,2519.7862286486875,12,109,17,114,existing,2584.0357506186083,12,107,17,265,existing,2546.6891618115224
13,13,36,20,270,allocated,171.43529700488708,13,36,20,270,existing,171.43529700488708,13,36,20,270,allocated,171.43529700488708,13,22,20,157,allocated,588.8961804238273,13,6,20,57,allocated,1042.9016026809004,13,111,20,435,existing,1426.1925039552852,13,110,20,35,existing,1458.2132142361506,13,105,20,440,existing,1628.1269354075512,13,101,20,440,existing,1628.1269354075512,13,103,20,82,existing,1650.0366348605105,13,106,20,440,existing,1628.1269354075512,13,108,20,114,existing,1692.3764573774722,13,107,20,265,existing,1655.0298685703865
14,14,36,21,270,allocated,299.4749775045819,14,36,21,270,existing,299.4749775045819,14,36,21,270,allocated,299.4749775045819,14,22,21,157,allocated,716.9358609235221,14,6,21,57,allocated,1170.9412831805953,14,110,21,35,existing,1586.2528947358455,14,111,21,435,existing,1554.2321844549801,14,105,21,440,existing,1756.166615907246,14,101,21,440,existing,1756.166615907246,14,106,21,440,existing,1756.166615907246,14,103,21,82,existing,1625.2715726939368,14,107,21,265,existing,1783.0695490700814,14,109,21,114,existing,1820.416137877167
15,15,36,22,270,allocated,188.04084065249583,15,36,22,270,existing,188.04084065249583,15,36,22,270,allocated,188.04084065249583,15,22,22,157,allocated,605.501724071436,15,6,22,57,allocated,1026.2960590332916,15,111,22,435,existing,1409.5869603076765,15,110,22,35,existing,1441.607670588542,15,106,22,440,existing,1611.5213917599426,15,103,22,82,existing,1633.4310912129017,15,101,22,440,existing,1611.5213917599426,15,105,22,440,existing,1611.5213917599426,15,109,22,114,existing,1675.7709137298634,15,107,22,265,existing,1638.4243249227777
16,16,36,23,270,allocated,282.1515410980864,16,36,23,270,existing,282.1515410980864,16,36,23,270,allocated,282.1515410980864,16,22,23,157,allocated,699.6124245170266,16,6,23,57,allocated,1120.4067594788821,16,110,23,35,existing,1535.7183710341324,16,111,23,435,existing,1456.4635460361312,16,106,23,440,existing,1705.6320922055334,16,105,23,440,existing,1705.6320922055334,16,103,23,82,existing,1680.3076769413565,16,101,23,440,existing,1705.6320922055334,16,102,23,114,existing,1769.8816141754542,16,107,23,265,existing,1732.5350253683685
17,17,98,24,67,existing,361.06749874926,17,98,24,339,existing,401.57896202058885,17,98,24,66,allocated,161.505132880347,17,103,24,82,existing,386.9593444278323,17,111,24,435,existing,617.3144579484799,17,6,24,57,allocated,1428.554833419949,17,110,24,35,existing,832.6019774625476,17,101,24,440,existing,1684.4675810369463,17,105,24,440,existing,1684.4675810369463,17,106,24,440,existing,1684.4675810369463,17,22,24,157,allocated,1707.371525088859,17,107,24,265,existing,1711.3705141997814,17,108,24,114,existing,1760.2227941029037
18,18,98,25,67,existing,284.51259305697386,18,98,25,339,existing,387.8226023350356,18,98,25,66,allocated,84.9502271880609,18,103,25,82,existing,310.4044387355462,18,111,25,435,existing,540.7595522561938,18,110,25,35,existing,756.0470717702615,18,6,25,57,allocated,1505.109739112235,18,106,25,440,existing,1695.563694938166,18,101,25,440,existing,1695.563694938166,18,105,25,440,existing,1695.563694938166,18,107,25,265,existing,1722.466628101001,18,109,25,114,existing,1771.3189080041234,18,102,25,114,existing,1771.3189080041234
19,19,50,26,339,allocated,437.7364863190399,19,50,26,339,existing,437.7364863190399,19,50,26,339,allocated,437.7364863190399,19,111,26,435,existing,478.3855642163048,19,110,26,35,existing,693.6730837303724,19,103,26,82,existing,702.2296951215301,19,6,26,57,allocated,1143.8669280742765,19,101,26,440,existing,1536.6472068374342,19,22,26,157,allocated,1422.6836197431867,19,106,26,440,existing,1536.6472068374342,19,105,26,440,existing,1536.6472068374342,19,107,26,265,existing,1563.5501400002693,19,108,26,114,existing,1612.4024199033915
20,20,50,27,339,allocated,186.53304046851565,20,50,27,339,existing,186.53304046851565,20,50,27,339,allocated,186.53304046851565,20,111,27,435,existing,729.589010066829,20,103,27,82,existing,884.7600815390974,20,110,27,35,existing,944.8765295808967,20,6,27,57,allocated,1395.0703739248008,20,22,27,157,allocated,1673.8870655937108,20,101,27,440,existing,1787.8506526879582,20,106,27,440,existing,1787.8506526879582,20,105,27,440,existing,1787.8506526879582,20,109,27,114,existing,1863.6058657539156,20,107,27,265,existing,1814.7535858507933
21,21,98,28,67,existing,411.9214150724748,21,98,28,339,existing,474.9467578024148,21,98,28,66,allocated,212.35904920356182,21,103,28,82,existing,437.81326075104715,21,111,28,435,existing,552.8381426339912,21,6,28,57,allocated,1355.187037638123,21,110,28,35,existing,768.1256621480588,21,22,28,157,allocated,1634.0037293070332,21,106,28,440,existing,1611.0997852551204,21,101,28,440,existing,1611.0997852551204,21,105,28,440,existing,1611.0997852551204,21,108,28,114,existing,1686.8549983210778,21,107,28,265,existing,1638.0027184179555
22,22,91,29,49,existing,469.1928940708858,22,91,29,330,allocated,388.0059308747267,22,91,29,330,allocated,388.0059308747267,22,110,29,35,existing,476.0183725839772,22,6,29,57,allocated,633.1063398872315,22,111,29,435,existing,691.3058920980448,22,106,29,440,existing,769.7011775355384,22,101,29,440,existing,769.7011775355384,22,102,29,114,existing,845.456390601496,22,107,29,265,existing,796.6041106983737,22,105,29,440,existing,769.7011775355384,22,108,29,114,existing,845.456390601496,22,109,29,114,existing,845.456390601496
23,23,91,30,49,existing,587.3432952161415,23,91,30,465,existing,375.3951862447332,23,91,30,31,allocated,485.91339287648856,23,110,30,35,existing,594.168773729233,23,6,30,57,allocated,751.2567410324872,23,111,30,435,existing,809.4562932433005,23,106,30,440,existing,887.8515786807941,23,101,30,440,existing,887.8515786807941,23,105,30,440,existing,887.8515786807941,23,107,30,265,existing,914.7545118436294,23,102,30,114,existing,963.6067917467517,23,109,30,114,existing,963.6067917467517,23,108,30,114,existing,963.6067917467517
24,24,91,31,49,existing,288.817071768631,24,91,31,465,existing,549.2384949547792,24,91,31,31,allocated,0.0,24,6,31,57,allocated,452.73051758497667,24,106,31,440,existing,590.5845017182924,24,105,31,440,existing,590.5845017182924,24,101,31,440,existing,590.5845017182924,24,102,31,114,existing,666.33971478425,24,109,31,114,existing,666.33971478425,24,107,31,265,existing,617.4874348811277,24,108,31,114,existing,666.33971478425,24,112,31,120,existing,677.6482639980863,24,110,31,35,existing,895.0774761661121
25,25,91,32,49,existing,250.38959793982997,25,91,32,465,existing,510.8110211259782,25,91,32,31,allocated,38.42747382880104,25,6,32,57,allocated,414.3030437561756,25,105,32,440,existing,552.1570278894912,25,106,32,440,existing,552.1570278894912,25,101,32,440,existing,552.1570278894912,25,107,32,265,existing,579.0599610523266,25,102,32,114,existing,627.9122409554489,25,108,32,114,existing,627.9122409554489,25,109,32,114,existing,627.9122409554489,25,112,32,120,existing,639.2207901692854,25,110,32,35,existing,856.6500023373111
26,26,91,33,49,existing,169.47543112869099,26,91,33,465,existing,578.2701092139673,26,91,33,31,allocated,119.34164063994002,26,6,33,57,allocated,333.3888769450366,26,106,33,440,existing,471.24286107835235,26,105,33,440,existing,471.24286107835235,26,101,33,440,existing,471.24286107835235,26,107,33,265,existing,498.1457942411877,26,108,33,114,existing,546.99807414431,26,109,33,114,existing,546.99807414431,26,102,33,114,existing,546.99807414431,26,112,33,120,existing,558.3066233581465,26,110,33,35,existing,775.7358355261721
27,27,95,35,35,existing,0.0,27,95,35,330,allocated,88.01244170925051,27,95,35,35,allocated,0.0,27,110,35,35,existing,0.0,27,111,35,435,existing,215.2875195140676,27,101,35,440,existing,940.4048757603258,27,103,35,82,existing,445.6483890709966,27,102,35,114,existing,1016.1600888262834,27,107,35,265,existing,967.3078089231611,27,105,35,440,existing,940.4048757603258,27,106,35,440,existing,940.4048757603258,27,108,35,114,existing,1016.1600888262834,27,109,35,114,existing,1016.1600888262834
28,28,94,36,35,existing,253.1574198570948,28,94,36,398,existing,314.15103937677384,28,94,36,35,allocated,253.1574198570948,28,110,36,35,existing,253.1574198570948,28,111,36,435,existing,468.4449393711624,28,103,36,82,existing,692.9416815194402,28,112,36,120,existing,796.7764383827496,28,101,36,440,existing,883.8402006625438,28,106,36,440,existing,883.8402006625438,28,105,36,440,existing,883.8402006625438,28,107,36,265,existing,856.9372674997085,28,102,36,114,existing,1266.9852418252867,28,109,36,114,existing,1266.9852418252867
29,29,36,39,270,allocated,590.5429920090453,29,36,39,270,existing,590.5429920090453,29,36,39,270,allocated,590.5429920090453,29,22,39,157,allocated,1008.0038754279856,29,111,39,435,existing,1148.0720951251724,29,103,39,82,existing,1371.9162260303976,29,110,39,35,existing,1363.35961463924,29,101,39,440,existing,1972.1968827239011,29,105,39,440,existing,1972.1968827239011,29,106,39,440,existing,1972.1968827239011,29,6,39,57,allocated,1386.97154999725,29,109,39,114,existing,2036.446404693822,29,107,39,265,existing,1999.0998158867362
30,30,83,41,278,existing,578.0548313353951,30,83,41,459,existing,506.0056453243976,30,83,41,279,allocated,99.76388388385116,30,75,41,459,allocated,506.0056453243976,30,104,41,278,existing,578.0548313353951,30,102,41,114,existing,870.2056057463977,30,109,41,114,existing,870.2056057463977,30,108,41,114,existing,870.2056057463977,30,106,41,440,existing,1234.5869267332962,30,105,41,440,existing,1234.5869267332962,30,101,41,440,existing,1234.5869267332962,30,107,41,265,existing,1257.653489371675,30,112,41,120,existing,1313.3987435740237
31,31,83,42,278,existing,384.7775087925988,31,83,42,459,existing,412.373080544695,31,83,42,91,allocated,281.5277691855514,31,104,42,278,existing,384.7775087925988,31,75,42,459,allocated,412.373080544695,31,109,42,114,existing,678.626872449559,31,108,42,114,existing,678.626872449559,31,102,42,114,existing,678.626872449559,31,101,42,440,existing,1113.3438304491908,31,105,42,440,existing,1113.3438304491908,31,106,42,440,existing,1113.3438304491908,31,107,42,265,existing,1136.4103930875697,31,112,42,120,existing,1192.1556472899183
32,32,24,43,167,allocated,799.1544849082471,32,24,43,69,existing,1065.6794981275948,32,24,43,167,allocated,799.1544849082471,32,75,43,459,allocated,1107.5439051302822,32,104,43,278,existing,1661.8135946501352,32,6,43,57,allocated,1844.108826361691,32,22,43,157,allocated,1885.5707902909703,32,108,43,114,existing,1955.6629583070953,32,109,43,114,existing,1955.6629583070953,32,101,43,440,existing,2390.379916306727,32,102,43,114,existing,1955.6629583070953,32,106,43,440,existing,2390.379916306727,32,105,43,440,existing,2390.379916306727
33,33,24,44,167,allocated,739.7761668519282,33,24,44,69,existing,1006.301180071276,33,24,44,167,allocated,739.7761668519282,33,75,44,459,allocated,1048.1655870739633,33,104,44,278,existing,1602.435276593816,33,22,44,157,allocated,1826.1924722346514,33,6,44,57,allocated,1784.7305083053718,33,106,44,440,existing,2331.0015982504083,33,109,44,114,existing,1896.2846402507762,33,108,44,114,existing,1896.2846402507762,33,102,44,114,existing,1896.2846402507762,33,105,44,440,existing,2331.0015982504083,33,101,44,440,existing,2331.0015982504083
34,34,24,45,167,allocated,544.6402274222721,34,24,45,361,allocated,548.5581841365291,34,24,45,167,allocated,544.6402274222721,34,75,45,459,allocated,853.0296476443073,34,104,45,278,existing,1407.29933716416,34,22,45,157,allocated,1631.0565328049952,34,6,45,57,allocated,1589.5945688757158,34,102,45,114,existing,1701.1487008211202,34,108,45,114,existing,1701.1487008211202,34,109,45,114,existing,1701.1487008211202,34,105,45,440,existing,2100.31477317359,34,101,45,440,existing,2100.31477317359,34,106,45,440,existing,2100.31477317359
35,35,83,47,278,existing,648.1433015305214,35,83,47,459,existing,410.8895368380538,35,83,47,279,allocated,194.87999237019488,35,75,47,459,allocated,410.8895368380538,35,104,47,278,existing,648.1433015305214,35,109,47,114,existing,941.9926651874816,35,102,47,114,existing,941.9926651874816,35,101,47,440,existing,1329.7030352196398,35,108,47,114,existing,941.9926651874816,35,105,47,440,existing,1329.7030352196398,35,106,47,440,existing,1329.7030352196398,35,107,47,265,existing,1352.7695978580186,35,112,47,120,existing,1408.5148520603673
36,36,83,48,278,existing,517.2021770148806,36,83,48,459,existing,279.9484123224131,36,83,48,147,allocated,263.42071065710513,36,75,48,459,allocated,279.9484123224131,36,104,48,278,existing,517.2021770148806,36,109,48,114,existing,811.0515406718407,36,108,48,114,existing,811.0515406718407,36,102,48,114,existing,811.0515406718407,36,106,48,440,existing,1245.7684986714726,36,101,48,440,existing,1245.7684986714726,36,105,48,440,existing,1245.7684986714726,36,112,48,120,existing,1324.5803155122,36,107,48,265,existing,1268.8350613098514
37,37,24,50,167,allocated,444.0593383165734,37,24,50,69,existing,710.5843515359212,37,24,50,167,allocated,444.0593383165734,37,75,50,459,allocated,777.4952766819106,37,104,50,278,existing,1331.7649662017634,37,6,50,57,allocated,1489.0136797700172,37,22,50,157,allocated,1530.4756436992966,37,109,50,114,existing,1625.6143298587235,37,106,50,440,existing,2044.3091142605604,37,102,50,114,existing,1625.6143298587235,37,108,50,114,existing,1625.6143298587235,37,105,50,440,existing,2044.3091142605604,37,101,50,440,existing,2044.3091142605604
38,38,85,52,35,existing,376.26832596875056,38,85,52,330,allocated,288.2558842595001,38,85,52,330,allocated,288.2558842595001,38,110,52,35,existing,376.26832596875056,38,111,52,435,existing,591.5558454828182,38,103,52,82,existing,821.9167150397471,38,6,52,57,allocated,732.856386502458,38,105,52,440,existing,869.4512241507649,38,107,52,265,existing,896.3541573136002,38,101,52,440,existing,869.4512241507649,38,106,52,440,existing,869.4512241507649,38,108,52,114,existing,945.2064372167225,38,102,52,114,existing,945.2064372167225
39,39,92,56,173,existing,472.862372058637,39,92,56,216,existing,293.8811233574479,39,92,56,65,allocated,311.56024704277695,39,6,56,57,allocated,651.7943541261925,39,75,56,459,allocated,994.5685983393087,39,106,56,440,existing,1028.2823632927202,39,105,56,440,existing,1028.2823632927202,39,108,56,114,existing,1050.6552073007488,39,109,56,114,existing,1050.6552073007488,39,101,56,440,existing,1028.2823632927202,39,102,56,114,existing,1050.6552073007488,39,107,56,265,existing,1055.1852964555553,39,22,56,157,allocated,1082.304774084135
40,40,84,57,57,existing,0.0,40,84,57,157,allocated,598.9565108763163,40,84,57,57,allocated,0.0,40,6,57,57,allocated,0.0,40,106,57,440,existing,585.2253327266512,40,105,57,440,existing,585.2253327266512,40,101,57,440,existing,585.2253327266512,40,22,57,157,allocated,598.9565108763163,40,109,57,114,existing,649.4748546965722,40,108,57,114,existing,649.4748546965722,40,107,57,265,existing,612.1282658894864,40,112,57,120,existing,672.2890950064452,40,102,57,114,existing,649.4748546965722
41,41,84,59,57,existing,381.15389435157135,41,84,59,465,existing,257.87967675013624,41,84,59,57,allocated,381.15389435157135,41,6,59,57,allocated,381.15389435157135,41,22,59,157,allocated,850.1274252893209,41,105,59,440,existing,966.3792270782225,41,106,59,440,existing,966.3792270782225,41,107,59,265,existing,993.2821602410578,41,101,59,440,existing,966.3792270782225,41,108,59,114,existing,1030.6287490481434,41,110,59,35,existing,986.6223451756612,41,109,59,114,existing,1030.6287490481434,41,102,59,114,existing,1030.6287490481434
42,42,84,60,57,existing,414.8593357861311,42,84,60,465,existing,224.17423531557648,42,84,60,352,allocated,402.0410610126122,42,6,60,57,allocated,414.8593357861311,42,22,60,157,allocated,816.4219838547612,42,110,60,35,existing,952.9169037411014,42,105,60,440,existing,1000.0846685127823,42,106,60,440,existing,1000.0846685127823,42,107,60,265,existing,1026.9876016756175,42,101,60,440,existing,1000.0846685127823,42,102,60,114,existing,1064.3341904827032,42,109,60,114,existing,1064.3341904827032,42,108,60,114,existing,1064.3341904827032
43,43,84,63,57,existing,268.07017129065065,43,84,63,465,existing,370.96339981105695,43,84,63,57,allocated,268.07017129065065,43,6,63,57,allocated,268.07017129065065,43,101,63,440,existing,853.2955040173018,43,105,63,440,existing,853.2955040173018,43,106,63,440,existing,853.2955040173018,43,22,63,157,allocated,867.026682166967,43,109,63,114,existing,917.5450259872227,43,107,63,265,existing,880.1984371801371,43,108,63,114,existing,917.5450259872227,43,102,63,114,existing,917.5450259872227,43,112,63,120,existing,940.3592662970959
44,44,92,64,173,existing,230.7144027041225,44,92,64,216,existing,536.0290927119623,44,92,64,65,allocated,69.41227768826252,44,6,64,57,allocated,409.646384771678,44,105,64,440,existing,786.1343939382056,44,101,64,440,existing,786.1343939382056,44,106,64,440,existing,786.1343939382056,44,107,64,265,existing,813.0373271010409,44,108,64,114,existing,808.5072379462343,44,109,64,114,existing,808.5072379462343,44,102,64,114,existing,808.5072379462343,44,22,64,157,allocated,905.1072389439929,44,112,64,120,existing,870.2610471815017
45,45,98,66,67,existing,199.562365868913,45,98,66,339,existing,472.7728295230965,45,98,66,66,allocated,0.0,45,103,66,82,existing,225.45421154748533,45,111,66,435,existing,455.8093250681329,45,6,66,57,allocated,1567.5460868416849,45,110,66,35,existing,671.0968445822006,45,107,66,265,existing,1637.5164009129403,45,101,66,440,existing,1610.613467750105,45,105,66,440,existing,1610.613467750105,45,106,66,440,existing,1610.613467750105,45,108,66,114,existing,1686.3686808160628,45,102,66,114,existing,1686.3686808160628
46,46,98,67,67,existing,0.0,46,98,67,461,existing,368.60495449072386,46,98,67,82,allocated,25.89184567857233,46,103,67,82,existing,25.89184567857233,46,111,67,435,existing,256.24695919921993,46,110,67,35,existing,471.5344787132875,46,101,67,440,existing,1411.0511018811922,46,107,67,265,existing,1437.9540350440273,46,106,67,440,existing,1411.0511018811922,46,105,67,440,existing,1411.0511018811922,46,109,67,114,existing,1486.8063149471495,46,102,67,114,existing,1486.8063149471495,46,108,67,114,existing,1486.8063149471495
47,47,24,68,167,allocated,356.2409073624801,47,24,68,69,existing,89.71589414313232,47,24,68,424,allocated,135.79890006372577,47,22,68,157,allocated,730.1753980202433,47,75,68,459,allocated,778.842093050522,47,104,68,278,existing,1333.111782570375,47,6,68,57,allocated,851.3215233352348,47,101,68,440,existing,1429.8556447666333,47,109,68,114,existing,1452.2284887746619,47,105,68,440,existing,1429.8556447666333,47,106,68,440,existing,1429.8556447666333,47,108,68,114,existing,1452.2284887746619,47,102,68,114,existing,1452.2284887746619
48,48,24,69,167,allocated,266.5250132193478,48,24,69,69,existing,0.0,48,24,69,424,allocated,225.51479420685808,48,75,69,459,allocated,689.1261989073896,48,22,69,157,allocated,819.8912921633756,48,6,69,57,allocated,874.4957801299062,48,104,69,278,existing,1243.3958884272424,48,105,69,440,existing,1429.7912146204494,48,101,69,440,existing,1429.7912146204494,48,106,69,440,existing,1429.7912146204494,48,109,69,114,existing,1452.1640586284782,48,102,69,114,existing,1452.1640586284782,48,108,69,114,existing,1452.1640586284782
49,49,36,70,270,allocated,610.8087143995297,49,36,70,270,existing,610.8087143995297,49,36,70,270,allocated,610.8087143995297,49,22,70,157,allocated,935.9697901582243,49,6,70,57,allocated,1142.8705322545716,49,110,70,35,existing,1523.041558799036,49,111,70,435,existing,1307.7540392849685,49,101,70,440,existing,1728.0958649812228,49,103,70,82,existing,1531.5981701901937,49,106,70,440,existing,1728.0958649812228,49,105,70,440,existing,1728.0958649812228,49,108,70,114,existing,1792.3453869511436,49,107,70,265,existing,1754.998798144058
50,50,93,72,155,existing,551.5610041059424,50,93,72,465,existing,356.5556996321061,50,93,72,352,allocated,359.4985038742526,50,22,72,157,allocated,561.2945631385116,50,6,72,57,allocated,669.9867565023807,50,110,72,35,existing,1085.298368057631,50,111,72,435,existing,1241.749357389131,50,107,72,265,existing,1282.1150223918671,50,106,72,440,existing,1255.2120892290318,50,101,72,440,existing,1255.2120892290318,50,105,72,440,existing,1255.2120892290318,50,102,72,114,existing,1319.4616111989526,50,109,72,114,existing,1319.4616111989526
51,51,84,74,57,existing,348.1786685392317,51,84,74,216,existing,363.17302807077454,51,84,74,373,allocated,322.2071123353011,51,6,74,57,allocated,348.1786685392317,51,22,74,157,allocated,781.9664706460118,51,101,74,440,existing,930.1666084239044,51,106,74,440,existing,930.1666084239044,51,102,74,114,existing,952.5394524319331,51,109,74,114,existing,952.5394524319331,51,108,74,114,existing,952.5394524319331,51,105,74,440,existing,930.1666084239044,51,112,74,120,existing,1014.2932616672005,51,107,74,265,existing,957.0695415867398
52,52,84,75,57,existing,249.7154432966491,52,84,75,216,existing,461.63625331335714,52,84,75,373,allocated,223.74388709271847,52,6,75,57,allocated,249.7154432966491,52,22,75,157,allocated,705.6356808392561,52,101,75,440,existing,831.7033831813218,52,106,75,440,existing,831.7033831813218,52,109,75,114,existing,854.0762271893504,52,102,75,114,existing,854.0762271893504,52,108,75,114,existing,854.0762271893504,52,105,75,440,existing,831.7033831813218,52,107,75,265,existing,858.6063163441571,52,112,75,120,existing,915.8300364246178
53,53,84,76,57,existing,526.5365925342812,53,84,76,216,existing,184.815104075725,53,84,76,299,allocated,180.89568487108238,53,6,76,57,allocated,526.5365925342812,53,22,76,157,allocated,603.6085466509622,53,75,76,459,allocated,953.4655788735477,53,106,76,440,existing,1108.524532418954,53,102,76,114,existing,1130.8973764269826,53,101,76,440,existing,1108.524532418954,53,105,76,440,existing,1108.524532418954,53,108,76,114,existing,1130.8973764269826,53,109,76,114,existing,1130.8973764269826,53,107,76,265,existing,1135.4274655817892
54,54,84,77,57,existing,430.469807833426,54,84,77,216,existing,280.88188877658024,54,84,77,299,allocated,276.9624695719376,54,6,77,57,allocated,430.469807833426,54,22,77,157,allocated,699.6753313518174,54,105,77,440,existing,1012.4577477180987,54,101,77,440,existing,1012.4577477180987,54,109,77,114,existing,1034.8305917261275,54,108,77,114,existing,1034.8305917261275,54,106,77,440,existing,1012.4577477180987,54,102,77,114,existing,1034.8305917261275,54,75,77,459,allocated,1049.5323635744028,54,107,77,265,existing,1039.360680880934
55,55,36,78,270,allocated,335.78837897414854,55,36,78,270,existing,335.78837897414854,55,36,78,406,allocated,230.17562537655078,55,22,78,157,allocated,634.5528387109891,55,6,78,57,allocated,1211.1993254283304,55,106,78,440,existing,1796.4246581549817,55,101,78,440,existing,1796.4246581549817,55,108,78,114,existing,1859.2073739945909,55,107,78,265,existing,1823.3275913178168,55,102,78,114,existing,1859.2073739945909,55,105,78,440,existing,1796.4246581549817,55,109,78,114,existing,1859.2073739945909,55,112,78,120,existing,1883.4884204347757
56,56,24,81,167,allocated,286.30112111769125,56,24,81,459,existing,219.84239033096065,56,24,81,459,allocated,219.84239033096065,56,75,81,459,allocated,219.84239033096065,56,104,81,278,existing,774.1120798508135,56,109,81,114,existing,1067.9614435077738,56,102,81,114,existing,1067.9614435077738,56,22,81,157,allocated,1289.1751007398043,56,108,81,114,existing,1067.9614435077738,56,101,81,440,existing,1502.6784015074054,56,6,81,57,allocated,1247.7131368105252,56,105,81,440,existing,1502.6784015074054,56,106,81,440,existing,1502.6784015074054
57,57,98,82,67,existing,25.89184567857233,57,98,82,398,existing,386.4572829220696,57,98,82,82,allocated,0.0,57,103,82,82,existing,0.0,57,111,82,435,existing,230.36086955692898,57,106,82,440,existing,1386.0532648313224,57,110,82,35,existing,445.6483890709966,57,108,82,114,existing,1461.80847789728,57,107,82,265,existing,1412.9561979941577,57,105,82,440,existing,1386.0532648313224,57,101,82,440,existing,1386.0532648313224,57,109,82,114,existing,1461.80847789728,57,102,82,114,existing,1461.80847789728
58,58,85,83,35,existing,221.3159135093655,58,85,83,330,allocated,133.30347180011498,58,85,83,330,allocated,133.30347180011498,58,110,83,35,existing,221.3159135093655,58,111,83,435,existing,436.6034330234331,58,101,83,440,existing,719.0889622509603,58,103,83,82,existing,666.9643025803621,58,106,83,440,existing,719.0889622509603,58,105,83,440,existing,719.0889622509603,58,109,83,114,existing,794.8441753169179,58,107,83,265,existing,745.9918954137956,58,108,83,114,existing,794.8441753169179,58,102,83,114,existing,794.8441753169179
59,59,94,84,35,existing,385.44646551374854,59,94,84,330,allocated,297.434023804498,59,94,84,330,allocated,297.434023804498,59,110,84,35,existing,385.44646551374854,59,111,84,435,existing,600.7339850278161,59,112,84,120,existing,663.6396810538072,59,107,84,265,existing,723.8005101707661,59,103,84,82,existing,831.094854584745,59,105,84,440,existing,750.7034433336014,59,101,84,440,existing,750.7034433336014,59,106,84,440,existing,750.7034433336014,59,108,84,114,existing,958.9747273213009,59,102,84,114,existing,958.9747273213009
60,60,83,85,278,existing,292.021267932437,60,83,85,459,existing,262.2484215874158,60,83,85,147,allocated,245.72071992210783,60,75,85,459,allocated,262.2484215874158,60,104,85,278,existing,292.021267932437,60,109,85,114,existing,585.8706315893971,60,108,85,114,existing,585.8706315893971,60,105,85,440,existing,1020.587589589029,60,106,85,440,existing,1020.587589589029,60,101,85,440,existing,1020.587589589029,60,102,85,114,existing,585.8706315893971,60,107,85,265,existing,1043.6541522274078,60,112,85,120,existing,1099.3994064297565
61,61,83,86,278,existing,96.10348285931624,61,83,86,459,existing,463.20336563035414,61,83,86,278,existing,96.10348285931624,61,104,86,278,existing,96.10348285931624,61,102,86,114,existing,389.9528465162764,61,109,86,114,existing,389.9528465162764,61,108,86,114,existing,389.9528465162764,61,106,86,440,existing,824.6698045159083,61,105,86,440,existing,824.6698045159083,61,75,86,459,allocated,463.20336563035414,61,101,86,440,existing,824.6698045159083,61,112,86,120,existing,903.4816213566357,61,107,86,265,existing,847.7363671542871
62,62,83,87,278,existing,284.52916991389196,62,83,87,459,existing,512.6214194234018,62,83,87,91,allocated,181.27943030684457,62,104,87,278,existing,284.52916991389196,62,75,87,459,allocated,512.6214194234018,62,108,87,114,existing,578.3785335708521,62,102,87,114,existing,578.3785335708521,62,106,87,440,existing,1013.095491570484,62,105,87,440,existing,1013.095491570484,62,109,87,114,existing,578.3785335708521,62,101,87,440,existing,1013.095491570484,62,112,87,120,existing,1091.9073084112115,62,107,87,265,existing,1036.1620542088629
63,63,83,88,278,existing,189.24455967369005,63,83,88,459,existing,556.344442444728,63,83,88,91,allocated,85.99482006664263,63,104,88,278,existing,189.24455967369005,63,102,88,114,existing,483.0939233306502,63,108,88,114,existing,483.0939233306502,63,109,88,114,existing,483.0939233306502,63,106,88,440,existing,917.8108813302821,63,105,88,440,existing,917.8108813302821,63,75,88,459,allocated,556.344442444728,63,101,88,440,existing,917.8108813302821,63,112,88,120,existing,996.6226981710097,63,107,88,265,existing,940.877443968661
64,64,90,89,265,existing,496.09819567510567,64,90,89,330,allocated,525.739066978938,64,90,89,89,allocated,0.0,64,112,89,120,existing,435.9373665581469,64,107,89,265,existing,496.09819567510567,64,101,89,440,existing,523.001128837941,64,106,89,440,existing,523.001128837941,64,109,89,114,existing,744.3627741608659,64,105,89,440,existing,523.001128837941,64,102,89,114,existing,744.3627741608659,64,110,89,35,existing,613.7515086881886,64,108,89,114,existing,744.3627741608659,64,111,89,435,existing,829.0390282022561
65,65,90,90,265,existing,415.20649775519666,65,90,90,330,allocated,606.0280362200673,65,90,90,89,allocated,80.89169791990896,65,112,90,120,existing,355.04566863823794,65,107,90,265,existing,415.20649775519666,65,106,90,440,existing,442.109430918032,65,101,90,440,existing,442.109430918032,65,102,90,114,existing,825.2544720807748,65,110,90,35,existing,694.0404779293178,65,108,90,114,existing,825.2544720807748,65,105,90,440,existing,442.109430918032,65,111,90,435,existing,909.3279974433854,65,109,90,114,existing,825.2544720807748
66,66,83,91,278,existing,272.1690271988546,66,83,91,459,existing,642.3392625113706,66,83,91,91,allocated,0.0,66,104,91,278,existing,272.1690271988546,66,109,91,114,existing,397.1683536916261,66,108,91,114,existing,397.1683536916261,66,102,91,114,existing,397.1683536916261,66,101,91,440,existing,831.8853116912579,66,75,91,459,allocated,642.3392625113706,66,106,91,440,existing,831.8853116912579,66,105,91,440,existing,831.8853116912579,66,112,91,120,existing,910.6971285319855,66,107,91,265,existing,854.9518743296369
67,67,24,94,167,allocated,268.7390079848617,67,24,94,459,existing,475.99116347529974,67,24,94,167,allocated,268.7390079848617,67,75,94,459,allocated,475.99116347529974,67,104,94,278,existing,1003.747782229781,67,6,94,57,allocated,1258.6147043923975,67,108,94,114,existing,1297.5971458867411,67,22,94,157,allocated,1300.0766683216768,67,102,94,114,existing,1297.5971458867411,67,105,94,440,existing,1732.314103886373,67,109,94,114,existing,1297.5971458867411,67,106,94,440,existing,1732.314103886373,67,101,94,440,existing,1732.314103886373
68,68,93,95,155,existing,222.59866096131577,68,93,95,157,allocated,244.18047024067715,68,93,95,131,allocated,203.44635315007855,68,22,95,157,allocated,244.18047024067715,68,6,95,57,allocated,734.849587662813,68,75,95,459,allocated,1312.8936552838327,68,101,95,440,existing,1316.837527547486,68,106,95,440,existing,1316.837527547486,68,109,95,114,existing,1339.2103715555145,68,105,95,440,existing,1316.837527547486,68,102,95,114,existing,1339.2103715555145,68,108,95,114,existing,1339.2103715555145,68,107,95,265,existing,1343.740460710321
69,69,93,96,155,existing,297.56357800059766,69,93,96,157,allocated,319.145387279959,69,93,96,131,allocated,278.4112701893604,69,22,96,157,allocated,319.145387279959,69,6,96,57,allocated,809.8145047020948,69,106,96,440,existing,1391.8024445867677,69,75,96,459,allocated,1387.8585723231145,69,102,96,114,existing,1414.1752885947965,69,109,96,114,existing,1414.1752885947965,69,101,96,440,existing,1391.8024445867677,69,105,96,440,existing,1391.8024445867677,69,107,96,265,existing,1418.7053777496028,69,108,96,114,existing,1414.1752885947965
70,70,24,97,167,allocated,336.8979388775386,70,24,97,459,existing,270.43920809080794,70,24,97,459,allocated,270.43920809080794,70,75,97,459,allocated,270.43920809080794,70,104,97,278,existing,797.6032510461915,70,108,97,114,existing,1091.4526147031518,70,102,97,114,existing,1091.4526147031518,70,106,97,440,existing,1526.1695727027836,70,109,97,114,existing,1091.4526147031518,70,22,97,157,allocated,1339.7719184996517,70,6,97,57,allocated,1298.3099545703722,70,101,97,440,existing,1526.1695727027836,70,105,97,440,existing,1526.1695727027836
71,71,36,98,270,allocated,557.7764378034235,71,36,98,270,existing,557.7764378034235,71,36,98,270,allocated,557.7764378034235,71,22,98,157,allocated,1070.3123669606284,71,103,98,82,existing,1271.8950666568305,71,111,98,435,existing,1354.2554754910536,71,6,98,57,allocated,1524.3177892177014,71,106,98,440,existing,2109.5431219443526,71,101,98,440,existing,2109.5431219443526,71,110,98,35,existing,1569.5429950051212,71,105,98,440,existing,2109.5431219443526,71,108,98,114,existing,2173.7926439142734,71,107,98,265,existing,2136.446055107188
72,72,50,99,339,allocated,440.90795193383923,72,50,99,339,existing,440.90795193383923,72,50,99,339,allocated,440.90795193383923,72,103,99,82,existing,1139.1349930044212,72,22,99,157,allocated,1203.072440613038,72,111,99,435,existing,1221.4954018386443,72,110,99,35,existing,1436.7829213527118,72,6,99,57,allocated,1595.145645784295,72,105,99,440,existing,2180.3709785109463,72,106,99,440,existing,2180.3709785109463,72,101,99,440,existing,2180.3709785109463,72,108,99,114,existing,2244.620500480867,72,107,99,265,existing,2207.2739116737816
73,73,50,100,339,allocated,416.7904961259744,73,50,100,339,existing,416.7904961259744,73,50,100,339,allocated,416.7904961259744,73,103,100,82,existing,1115.0175371965563,73,111,100,435,existing,1197.3779460307794,73,22,100,157,allocated,1227.1898964209026,73,110,100,35,existing,1412.665465544847,73,106,100,440,existing,2156.253522703081,73,105,100,440,existing,2156.253522703081,73,6,100,57,allocated,1571.0281899764302,73,101,100,440,existing,2156.253522703081,73,108,100,114,existing,2220.5030446730025,73,107,100,265,existing,2183.1564558659165
74,74,50,101,339,allocated,384.7516053109441,74,50,101,339,existing,384.7516053109441,74,50,101,339,allocated,384.7516053109441,74,103,101,82,existing,1082.978646381526,74,111,101,435,existing,1165.339055215749,74,110,101,35,existing,1380.6265747298166,74,22,101,157,allocated,1259.228787235933,74,105,101,440,existing,2124.214631888051,74,106,101,440,existing,2124.214631888051,74,101,101,440,existing,2124.214631888051,74,6,101,57,allocated,1538.9892991614,74,108,101,114,existing,2188.4641538579717,74,107,101,265,existing,2151.1175650508862
75,75,36,102,270,allocated,477.99524448672645,75,36,102,270,existing,477.99524448672645,75,36,102,270,allocated,477.99524448672645,75,22,102,157,allocated,990.5311736439314,75,103,102,82,existing,1351.6762599735275,75,111,102,435,existing,1434.0366688077506,75,6,102,57,allocated,1444.5365959010044,75,110,102,35,existing,1649.3241883218182,75,106,102,440,existing,2029.7619286276556,75,101,102,440,existing,2029.7619286276556,75,105,102,440,existing,2029.7619286276556,75,109,102,114,existing,2094.011450597576,75,107,102,265,existing,2056.6648617904907
76,76,50,108,339,allocated,172.1919785240201,76,50,108,339,existing,172.1919785240201,76,50,108,339,allocated,172.1919785240201,76,103,108,82,existing,870.4190195946019,76,111,108,435,existing,952.7794284288252,76,110,108,35,existing,1168.0669479428927,76,22,108,157,allocated,1471.788414022857,76,106,108,440,existing,2011.0410710499546,76,6,108,57,allocated,1539.180040169192,76,101,108,440,existing,2011.0410710499546,76,105,108,440,existing,2011.0410710499546,76,108,108,114,existing,2086.796284115912,76,107,108,265,existing,2037.9440042127897
77,77,50,109,339,allocated,67.76730031526981,77,50,109,339,existing,67.76730031526981,77,50,109,339,allocated,67.76730031526981,77,103,109,82,existing,765.9943413858516,77,111,109,435,existing,848.3547502200748,77,6,109,57,allocated,1451.1792207036576,77,110,109,35,existing,1063.6422697341425,77,106,109,440,existing,1906.6163928412038,77,101,109,440,existing,1906.6163928412038,77,22,109,157,allocated,1576.2130922316073,77,105,109,440,existing,1906.6163928412038,77,107,109,265,existing,1933.5193260040392,77,108,109,114,existing,1982.3716059071617
78,78,83,112,278,existing,84.42501858209432,78,83,112,459,existing,638.6947081019472,78,83,112,112,allocated,0.0,78,104,112,278,existing,84.42501858209432,78,109,112,114,existing,209.42434507486584,78,102,112,114,existing,209.42434507486584,78,108,112,114,existing,209.42434507486584,78,106,112,440,existing,644.1413030744977,78,101,112,440,existing,644.1413030744977,78,75,112,459,allocated,638.6947081019472,78,105,112,440,existing,644.1413030744977,78,112,112,120,existing,722.9531199152252,78,107,112,265,existing,667.2078657128766
79,79,83,113,278,existing,102.79234742343809,79,83,113,459,existing,657.0620369432909,79,83,113,113,allocated,0.0,79,104,113,278,existing,102.79234742343809,79,109,113,114,existing,191.0570162335221,79,102,113,114,existing,191.0570162335221,79,108,113,114,existing,191.0570162335221,79,105,113,440,existing,625.7739742331539,79,101,113,440,existing,625.7739742331539,79,107,113,265,existing,648.8405368715328,79,106,113,440,existing,625.7739742331539,79,75,113,459,allocated,657.0620369432909,79,112,113,120,existing,704.5857910738814
80,80,24,117,167,allocated,199.834285379495,80,24,117,459,existing,306.3092260691569,80,24,117,167,allocated,199.834285379495,80,75,117,459,allocated,306.3092260691569,80,104,117,278,existing,860.5789155890097,80,109,117,114,existing,1154.4282792459699,80,102,117,114,existing,1154.4282792459699,80,108,117,114,existing,1154.4282792459699,80,6,117,57,allocated,1161.2463010723286,80,22,117,157,allocated,1202.7082650016082,80,105,117,440,existing,1589.1452372456017,80,101,117,440,existing,1589.1452372456017,80,106,117,440,existing,1589.1452372456017
81,81,91,118,49,existing,16.674298363225482,81,91,118,157,allocated,746.1956583294365,81,91,118,118,allocated,0.0,81,6,118,57,allocated,147.23914745312015,81,106,118,440,existing,437.986185273531,81,105,118,440,existing,437.986185273531,81,101,118,440,existing,437.986185273531,81,107,118,265,existing,464.8891184363663,81,109,118,114,existing,502.235707243452,81,108,118,114,existing,502.235707243452,81,102,118,114,existing,502.235707243452,81,112,118,120,existing,525.0499475533251,81,22,118,157,allocated,746.1956583294365
82,82,84,121,57,existing,700.1048283875028,82,84,121,216,existing,358.38333992894667,82,84,121,299,allocated,354.4639207243041,82,6,121,57,allocated,700.1048283875028,82,22,121,157,allocated,777.176782504184,82,101,121,440,existing,1282.0927682721758,82,75,121,459,allocated,1127.0338147267694,82,109,121,114,existing,1304.4656122802044,82,106,121,440,existing,1282.0927682721758,82,105,121,440,existing,1282.0927682721758,82,108,121,114,existing,1304.4656122802044,82,107,121,265,existing,1308.995701435011,82,102,121,114,existing,1304.4656122802044
83,83,84,122,57,existing,614.8692541045918,83,84,122,216,existing,273.14776564603574,83,84,122,299,allocated,269.2283464413931,83,6,122,57,allocated,614.8692541045918,83,22,122,157,allocated,691.9412082212729,83,75,122,459,allocated,1041.7982404438583,83,105,122,440,existing,1196.8571939892647,83,102,122,114,existing,1219.2300379972935,83,106,122,440,existing,1196.8571939892647,83,108,122,114,existing,1219.2300379972935,83,101,122,440,existing,1196.8571939892647,83,107,122,265,existing,1223.7601271521,83,109,122,114,existing,1219.2300379972935
84,84,36,123,270,allocated,401.7295836491261,84,36,123,270,existing,401.7295836491261,84,36,123,270,allocated,401.7295836491261,84,22,123,157,allocated,819.1904670680663,84,6,123,57,allocated,1239.9848020299219,84,111,123,435,existing,1336.8855034850915,84,110,123,35,existing,1552.173022999159,84,106,123,440,existing,1825.2101347565726,84,105,123,440,existing,1825.2101347565726,84,103,123,82,existing,1560.7296343903167,84,101,123,440,existing,1825.2101347565726,84,102,123,114,existing,1889.4596567264937,84,107,123,265,existing,1852.113067919408
85,85,24,124,167,allocated,750.5436858187709,85,24,124,69,existing,1017.0686990381187,85,24,124,167,allocated,750.5436858187709,85,75,124,459,allocated,1083.9796241841082,85,104,124,278,existing,1638.249313703961,85,6,124,57,allocated,1795.4980272722146,85,22,124,157,allocated,1836.9599912014942,85,105,124,440,existing,2350.793461762758,85,102,124,114,existing,1932.098677360921,85,108,124,114,existing,1932.098677360921,85,109,124,114,existing,1932.098677360921,85,106,124,440,existing,2350.793461762758,85,101,124,440,existing,2350.793461762758
86,86,24,125,167,allocated,691.9567450512241,86,24,125,69,existing,958.4817582705718,86,24,125,167,allocated,691.9567450512241,86,75,125,459,allocated,1025.3926834165613,86,104,125,278,existing,1579.6623729364142,86,22,125,157,allocated,1778.3730504339474,86,6,125,57,allocated,1736.9110865046678,86,105,125,440,existing,2292.206520995211,86,102,125,114,existing,1873.5117365933743,86,108,125,114,existing,1873.5117365933743,86,109,125,114,existing,1873.5117365933743,86,106,125,440,existing,2292.206520995211,86,101,125,440,existing,2292.206520995211
87,87,24,126,167,allocated,519.4559718672675,87,24,126,69,existing,785.9809850866153,87,24,126,167,allocated,519.4559718672675,87,75,126,459,allocated,827.8453920893025,87,104,126,278,existing,1382.1150816091554,87,6,126,57,allocated,1564.410313320711,87,22,126,157,allocated,1605.8722772499907,87,101,126,440,existing,2110.6814032657476,87,108,126,114,existing,1675.9644452661155,87,102,126,114,existing,1675.9644452661155,87,109,126,114,existing,1675.9644452661155,87,106,126,440,existing,2110.6814032657476,87,105,126,440,existing,2110.6814032657476
88,88,50,127,339,allocated,589.3500469538071,88,50,127,339,existing,589.3500469538071,88,50,127,339,allocated,589.3500469538071,88,111,127,435,existing,788.5377836519893,88,110,127,35,existing,1003.825303166057,88,103,127,82,existing,1012.3819145572146,88,22,127,157,allocated,1134.2510930668775,88,105,127,440,existing,1778.9726165142042,88,106,127,440,existing,1778.9726165142042,88,101,127,440,existing,1778.9726165142042,88,6,127,57,allocated,1193.7472837875532,88,108,127,114,existing,1843.2221384841255,88,107,127,265,existing,1805.8755496770395
89,89,50,128,339,allocated,482.52636009359856,89,50,128,339,existing,482.52636009359856,89,50,128,339,allocated,482.52636009359856,89,111,128,435,existing,677.0112195807035,89,110,128,35,existing,892.2987390947711,89,103,128,82,existing,900.8553504859287,89,6,128,57,allocated,1228.8456585996134,89,105,128,440,existing,1735.2728622018326,89,22,128,157,allocated,1245.7776571381635,89,101,128,440,existing,1735.2728622018326,89,106,128,440,existing,1735.2728622018326,89,109,128,114,existing,1811.0280752677904,89,107,128,265,existing,1762.175795364668
90,90,93,129,155,existing,518.5053753052651,90,93,129,69,existing,279.80410757874904,90,93,129,381,allocated,47.830456560654106,90,22,129,157,allocated,540.0871845846266,90,75,129,459,allocated,968.9303064861388,90,104,129,278,existing,1523.1999960059916,90,6,129,57,allocated,972.4312563991326,90,101,129,440,existing,1550.965377830531,90,105,129,440,existing,1550.965377830531,90,106,129,440,existing,1550.965377830531,90,102,129,114,existing,1573.3382218385595,90,108,129,114,existing,1573.3382218385595,90,109,129,114,existing,1573.3382218385595
91,91,93,130,155,existing,218.0077372437981,91,93,130,157,allocated,239.58954652315947,91,93,130,131,allocated,11.794975310281623,91,22,130,157,allocated,239.58954652315947,91,6,130,57,allocated,730.2586639452953,91,101,130,440,existing,1312.246603829968,91,75,130,459,allocated,1269.4279445476059,91,102,130,114,existing,1334.6194478379969,91,109,130,114,existing,1334.6194478379969,91,106,130,440,existing,1312.246603829968,91,105,130,440,existing,1312.246603829968,91,108,130,114,existing,1334.6194478379969,91,107,130,265,existing,1339.1495369928034
92,92,93,131,155,existing,206.21276193351648,92,93,131,157,allocated,227.79457121287783,92,93,131,131,allocated,0.0,92,22,131,157,allocated,227.79457121287783,92,6,131,57,allocated,718.4636886350137,92,106,131,440,existing,1300.4516285196864,92,75,131,459,allocated,1281.2229198578875,92,108,131,114,existing,1322.8244725277152,92,105,131,440,existing,1300.4516285196864,92,109,131,114,existing,1322.8244725277152,92,101,131,440,existing,1300.4516285196864,92,102,131,114,existing,1322.8244725277152,92,107,131,265,existing,1327.3545616825218
93,93,93,132,155,existing,112.68253487237685,93,93,132,157,allocated,134.26434415173821,93,93,132,131,allocated,93.53022706113961,93,22,132,157,allocated,134.26434415173821,93,6,132,57,allocated,624.9334615738741,93,106,132,440,existing,1206.9214014585468,93,101,132,440,existing,1206.9214014585468,93,108,132,114,existing,1229.2942454665756,93,102,132,114,existing,1229.2942454665756,93,109,132,114,existing,1229.2942454665756,93,105,132,440,existing,1206.9214014585468,93,112,132,120,existing,1291.0480547018428,93,107,132,265,existing,1233.8243346213821
94,94,50,135,339,allocated,168.61243019601477,94,50,135,339,existing,168.61243019601477,94,50,135,339,allocated,168.61243019601477,94,111,135,435,existing,798.4996518040027,94,103,135,82,existing,866.8394712665965,94,6,135,57,allocated,1350.3340908229127,94,110,135,35,existing,1013.7871713180704,94,22,135,157,allocated,1562.1519545059045,94,101,135,440,existing,1856.7612944251318,94,106,135,440,existing,1856.7612944251318,94,105,135,440,existing,1856.7612944251318,94,109,135,114,existing,1932.5165074910892,94,107,135,265,existing,1883.664227587967
95,95,50,136,339,allocated,78.95361503698963,95,50,136,339,existing,78.95361503698963,95,50,136,339,allocated,78.95361503698963,95,103,136,82,existing,777.1806561075714,95,111,136,435,existing,837.168435498355,95,110,136,35,existing,1052.4559550124227,95,6,136,57,allocated,1439.9929059819378,95,101,136,440,existing,1895.4300781194843,95,106,136,440,existing,1895.4300781194843,95,105,136,440,existing,1895.4300781194843,95,22,136,157,allocated,1587.3994069533271,95,102,136,114,existing,1971.1852911854417,95,107,136,265,existing,1922.3330112823194
96,96,50,137,339,allocated,387.5437949915349,96,50,137,339,existing,387.5437949915349,96,50,137,339,allocated,387.5437949915349,96,111,137,435,existing,579.5682870084826,96,110,137,35,existing,794.8558065225502,96,103,137,82,existing,803.4124179137078,96,6,137,57,allocated,1131.4027260273924,96,101,137,440,existing,1637.8299296296118,96,22,137,157,allocated,1343.2205897103843,96,106,137,440,existing,1637.8299296296118,96,105,137,440,existing,1637.8299296296118,96,107,137,265,existing,1664.732862792447,96,108,137,114,existing,1713.5851426955692
97,97,50,138,339,allocated,600.8208262429854,97,50,138,465,existing,425.2029122506996,97,50,138,339,allocated,600.8208262429854,97,110,138,35,existing,766.8843358185595,97,111,138,435,existing,789.9606363902653,97,103,138,82,existing,1013.8047672954906,97,6,138,57,allocated,918.1256947759421,97,101,138,440,existing,1429.207554624329,97,105,138,440,existing,1429.207554624329,97,22,138,157,allocated,1196.9423864448522,97,106,138,440,existing,1429.207554624329,97,107,138,265,existing,1456.1104877871642,97,109,138,114,existing,1504.9627676902865
98,98,50,139,339,allocated,643.7377456807984,98,50,139,465,existing,382.28599281288655,98,50,139,330,allocated,635.954974671496,98,110,139,35,existing,723.9674163807465,98,111,139,435,existing,747.0437169524523,98,6,139,57,allocated,875.208775338129,98,103,139,82,existing,970.8878478576776,98,106,139,440,existing,1386.2906351865163,98,22,139,157,allocated,1154.025467007039,98,105,139,440,existing,1386.2906351865163,98,101,139,440,existing,1386.2906351865163,98,109,139,114,existing,1462.0458482524737,98,107,139,265,existing,1413.1935683493514
99,99,84,140,57,existing,254.09224166499683,99,84,140,216,existing,486.25055574895435,99,84,140,373,allocated,228.1206854610662,99,6,140,57,allocated,254.09224166499683,99,22,140,157,allocated,710.0124792076039,99,106,140,440,existing,836.0801815496696,99,101,140,440,existing,836.0801815496696,99,108,140,114,existing,858.4530255576983,99,105,140,440,existing,836.0801815496696,99,102,140,114,existing,858.4530255576983,99,109,140,114,existing,858.4530255576983,99,112,140,120,existing,920.2068347929655,99,107,140,265,existing,862.983114712505
100,100,84,141,57,existing,242.73040888927878,100,84,141,216,existing,497.61238852467244,100,84,141,373,allocated,216.75885268534813,100,6,141,57,allocated,242.73040888927878,100,22,141,157,allocated,698.6506464318859,100,105,141,440,existing,824.7183487739516,100,106,141,440,existing,824.7183487739516,100,102,141,114,existing,847.0911927819802,100,108,141,114,existing,847.0911927819802,100,101,141,440,existing,824.7183487739516,100,109,141,114,existing,847.0911927819802,100,107,141,265,existing,851.6212819367869,100,112,141,120,existing,908.8450020172475
101,101,98,142,67,existing,474.51245132939874,101,98,142,398,existing,424.8578092543403,101,98,142,223,allocated,259.73404635357156,101,111,142,435,existing,268.76139588919966,101,110,142,35,existing,484.0489154032673,101,103,142,82,existing,499.1222654461286,101,6,142,57,allocated,1300.3947715947452,101,107,142,265,existing,1418.7275183607255,101,101,142,440,existing,1391.8245851978904,101,106,142,440,existing,1391.8245851978904,101,105,142,440,existing,1391.8245851978904,101,108,142,114,existing,1467.5797982638478,101,109,142,114,existing,1467.5797982638478
102,102,98,143,67,existing,314.4998364569829,102,98,143,398,existing,264.8451943819245,102,98,143,223,allocated,99.72143148115572,102,111,143,435,existing,108.74878101678384,102,110,143,35,existing,324.03630053085146,102,103,143,82,existing,339.1096505737128,102,6,143,57,allocated,1218.376190659279,102,106,143,440,existing,1231.8119703254742,102,107,143,265,existing,1258.7149034883096,102,101,143,440,existing,1231.8119703254742,102,105,143,440,existing,1231.8119703254742,102,102,143,114,existing,1307.567183391432,102,109,143,114,existing,1307.567183391432
103,103,94,144,35,existing,572.9015685231543,103,94,144,465,existing,344.20093658835015,103,94,144,330,allocated,484.8891268139038,103,110,144,35,existing,572.9015685231543,103,111,144,435,existing,733.2750258327854,103,6,144,57,allocated,910.2701129946374,103,103,144,82,existing,963.6358953897144,103,107,144,265,existing,1073.7678838057795,103,106,144,440,existing,1046.8649506429442,103,101,144,440,existing,1046.8649506429442,103,105,144,440,existing,1046.8649506429442,103,109,144,114,existing,1122.620163708902,103,108,144,114,existing,1122.620163708902
104,104,95,145,35,existing,538.6253135639005,104,95,145,465,existing,306.0022136509652,104,95,145,330,allocated,450.61287185464994,104,110,145,35,existing,538.6253135639005,104,111,145,435,existing,579.1914441060597,104,6,145,57,allocated,945.0357847526727,104,103,145,82,existing,809.5523136629887,104,106,145,440,existing,1200.94853236967,104,101,145,440,existing,1200.94853236967,104,22,145,157,allocated,1223.8524764215829,104,105,145,440,existing,1200.94853236967,104,107,145,265,existing,1227.8514655325052,104,109,145,114,existing,1276.7037454356278
105,105,94,146,35,existing,446.96865782946736,105,94,146,330,allocated,358.9562161202168,105,94,146,330,allocated,358.9562161202168,105,110,146,35,existing,446.96865782946736,105,111,146,435,existing,450.3871638168694,105,6,146,57,allocated,1076.0153961019773,105,103,146,82,existing,680.7480333737984,105,107,146,265,existing,1197.3629775853499,105,101,146,440,existing,1170.4600444225146,105,105,146,440,existing,1170.4600444225146,105,106,146,440,existing,1170.4600444225146,105,102,146,114,existing,1246.2152574884722,105,108,146,114,existing,1246.2152574884722
106,106,83,147,278,existing,537.7419878545448,106,83,147,459,existing,96.39388425933191,106,83,147,147,allocated,0.0,106,75,147,459,allocated,96.39388425933191,106,104,147,278,existing,537.7419878545448,106,109,147,114,existing,831.5913515115051,106,108,147,114,existing,831.5913515115051,106,105,147,440,existing,1266.308309511137,106,106,147,440,existing,1266.308309511137,106,102,147,114,existing,831.5913515115051,106,101,147,440,existing,1266.308309511137,106,112,147,120,existing,1345.1201263518644,106,107,147,265,existing,1289.3748721495158
107,107,91,148,49,existing,371.97452324430617,107,91,148,330,allocated,556.5730195022672,107,91,148,248,allocated,99.4868542067823,107,106,148,440,existing,477.975030925886,107,105,148,440,existing,477.975030925886,107,107,148,265,existing,504.87796408872134,107,101,148,440,existing,477.975030925886,107,102,148,114,existing,553.7302439918436,107,6,148,57,allocated,535.8879690606518,107,109,148,114,existing,553.7302439918436,107,108,148,114,existing,553.7302439918436,107,112,148,120,existing,565.0387932056801,107,110,148,35,existing,644.5854612115178
108,108,85,149,35,existing,199.5345527721783,108,85,149,330,allocated,111.52211106292779,108,85,149,330,allocated,111.52211106292779,108,110,149,35,existing,199.5345527721783,108,111,149,435,existing,414.8220722862459,108,103,149,82,existing,645.1829418431748,108,6,149,57,allocated,909.5901596990303,108,101,149,440,existing,923.0259393652256,108,105,149,440,existing,923.0259393652256,108,107,149,265,existing,949.9288725280609,108,106,149,440,existing,923.0259393652256,108,102,149,114,existing,998.7811524311832,108,109,149,114,existing,998.7811524311832
109,109,95,150,35,existing,522.3645821226407,109,95,150,330,allocated,434.3521404133902,109,95,150,330,allocated,434.3521404133902,109,110,150,35,existing,522.3645821226407,109,111,150,435,existing,737.6521016367083,109,112,150,120,existing,800.5577976626995,109,107,150,265,existing,860.7186267796583,109,103,150,82,existing,968.0129711936372,109,106,150,440,existing,887.6215599424936,109,101,150,440,existing,887.6215599424936,109,105,150,440,existing,887.6215599424936,109,102,150,114,existing,1095.892843930193,109,109,150,114,existing,1095.892843930193
110,110,90,151,265,existing,606.3554904060264,110,90,151,330,allocated,635.9963617098588,110,90,151,151,allocated,0.0,110,112,151,120,existing,546.1946612890677,110,107,151,265,existing,606.3554904060264,110,105,151,440,existing,633.2584235688618,110,106,151,440,existing,633.2584235688618,110,109,151,114,existing,854.6200688917866,110,108,151,114,existing,854.6200688917866,110,110,151,35,existing,724.0088034191093,110,101,151,440,existing,633.2584235688618,110,102,151,114,existing,854.6200688917866,110,111,151,435,existing,939.296322933177
111,111,36,152,270,allocated,398.07701641160776,111,36,152,270,existing,398.07701641160776,111,36,152,270,allocated,398.07701641160776,111,22,152,157,allocated,815.537899830548,111,6,152,57,allocated,1269.5433220876212,111,110,152,35,existing,1684.8549336428714,111,111,152,435,existing,1652.834223362006,111,106,152,440,existing,1854.768654814272,111,101,152,440,existing,1854.768654814272,111,103,152,82,existing,1723.8736116009627,111,105,152,440,existing,1854.768654814272,111,107,152,265,existing,1881.6715879771073,111,109,152,114,existing,1919.018176784193
112,112,36,153,270,allocated,374.4794710215637,112,36,153,270,existing,374.4794710215637,112,36,153,270,allocated,374.4794710215637,112,22,153,157,allocated,791.9403544405039,112,6,153,57,allocated,1245.945776697577,112,111,153,435,existing,1629.2366779719619,112,110,153,35,existing,1661.2573882528272,112,105,153,440,existing,1831.1711094242282,112,103,153,82,existing,1700.2760662109185,112,101,153,440,existing,1831.1711094242282,112,106,153,440,existing,1831.1711094242282,112,109,153,114,existing,1895.420631394149,112,107,153,265,existing,1858.0740425870633
113,113,93,155,155,existing,0.0,113,93,155,157,allocated,79.47031226567941,113,93,155,157,allocated,79.47031226567941,113,22,155,157,allocated,79.47031226567941,113,6,155,57,allocated,575.2646576994838,113,106,155,440,existing,1160.489990426135,113,105,155,440,existing,1160.489990426135,113,102,155,114,existing,1224.739512396056,113,107,155,265,existing,1187.3929235889702,113,109,155,114,existing,1224.739512396056,113,101,155,440,existing,1160.489990426135,113,108,155,114,existing,1224.739512396056,113,112,155,120,existing,1247.553752705929
114,114,91,158,49,existing,457.73333759469097,114,91,158,465,existing,290.0122027479675,114,91,158,248,allocated,379.75344434023975,114,6,158,57,allocated,621.6467834110366,114,106,158,440,existing,758.2416210593435,114,105,158,440,existing,758.2416210593435,114,101,158,440,existing,758.2416210593435,114,107,158,265,existing,785.1445542221788,114,108,158,114,existing,833.9968341253011,114,109,158,114,existing,833.9968341253011,114,110,158,35,existing,764.2279833675568,114,102,158,114,existing,833.9968341253011,114,112,158,120,existing,845.3053833391375
115,115,91,159,49,existing,528.3853961811465,115,91,159,465,existing,219.36014416151198,115,91,159,31,allocated,329.87835079326726,115,6,159,57,allocated,692.2988419974921,115,110,159,35,existing,750.2038158124543,115,106,159,440,existing,828.893679645799,115,101,159,440,existing,828.893679645799,115,107,159,265,existing,855.7966128086343,115,108,159,114,existing,904.6488927117566,115,109,159,114,existing,904.6488927117566,115,105,159,440,existing,828.893679645799,115,112,159,120,existing,915.957441925593,115,102,159,114,existing,904.6488927117566
116,116,91,160,49,existing,330.24134063291933,116,91,160,465,existing,417.5041997097391,116,91,160,248,allocated,252.26144737846812,116,6,160,57,allocated,494.154786449265,116,106,160,440,existing,630.7496240975719,116,105,160,440,existing,630.7496240975719,116,101,160,440,existing,630.7496240975719,116,102,160,114,existing,706.5048371635295,116,108,160,114,existing,706.5048371635295,116,110,160,35,existing,636.7359864057853,116,107,160,265,existing,657.6525572604072,116,109,160,114,existing,706.5048371635295,116,112,160,120,existing,717.813386377366
117,117,91,161,49,existing,329.5674092336752,117,91,161,465,existing,438.59632869433665,117,91,161,248,allocated,251.587515979224,117,6,161,57,allocated,493.48085505002086,117,110,161,35,existing,615.6438574211878,117,106,161,440,existing,630.0756926983278,117,101,161,440,existing,630.0756926983278,117,102,161,114,existing,705.8309057642854,117,109,161,114,existing,705.8309057642854,117,107,161,265,existing,656.9786258611631,117,105,161,440,existing,630.0756926983278,117,108,161,114,existing,705.8309057642854,117,112,161,120,existing,717.1394549781219
118,118,94,162,35,existing,312.0738539641882,118,94,162,330,allocated,224.06141225493764,118,94,162,330,allocated,224.06141225493764,118,110,162,35,existing,312.0738539641882,118,111,162,435,existing,527.3613734782557,118,6,162,57,allocated,797.0508585070205,118,103,162,82,existing,757.7222430351846,118,105,162,440,existing,933.6456961553274,118,101,162,440,existing,933.6456961553274,118,107,162,265,existing,960.5486293181627,118,106,162,440,existing,933.6456961553274,118,109,162,114,existing,1009.400909221285,118,102,162,114,existing,1009.400909221285
119,119,85,163,35,existing,222.527288246547,119,85,163,330,allocated,134.51484653729648,119,85,163,330,allocated,134.51484653729648,119,110,163,35,existing,222.527288246547,119,111,163,435,existing,437.8148077606146,119,6,163,57,allocated,886.5974242246616,119,103,163,82,existing,668.1756773175435,119,105,163,440,existing,946.0186748395943,119,107,163,265,existing,972.9216080024296,119,106,163,440,existing,946.0186748395943,119,101,163,440,existing,946.0186748395943,119,108,163,114,existing,1021.7738879055519,119,102,163,114,existing,1021.7738879055519
120,120,84,164,57,existing,150.44125387653867,120,84,164,216,existing,560.9104427334676,120,84,164,373,allocated,124.46969767260805,120,6,164,57,allocated,150.44125387653867,120,22,164,157,allocated,606.3614914191458,120,106,164,440,existing,732.4291937612114,120,101,164,440,existing,732.4291937612114,120,102,164,114,existing,754.8020377692401,120,109,164,114,existing,754.8020377692401,120,105,164,440,existing,732.4291937612114,120,108,164,114,existing,754.8020377692401,120,107,164,265,existing,759.3321269240467,120,112,164,120,existing,816.5558470045074
121,121,24,166,167,allocated,94.29419385660506,121,24,166,69,existing,360.8192070759528,121,24,166,167,allocated,94.29419385660506,121,75,166,459,allocated,600.4377053052569,121,6,166,57,allocated,1139.2485353100487,121,104,166,278,existing,1154.70739482511,121,22,166,157,allocated,1180.710499239328,121,108,166,114,existing,1448.55675848207,121,102,166,114,existing,1448.55675848207,121,109,166,114,existing,1448.55675848207,121,105,166,440,existing,1694.543969800592,121,101,166,440,existing,1694.543969800592,121,106,166,440,existing,1694.543969800592
122,122,24,167,167,allocated,0.0,122,24,167,69,existing,266.5250132193478,122,24,167,167,allocated,0.0,122,75,167,459,allocated,506.1435114486519,122,6,167,57,allocated,1044.9543414534437,122,104,167,278,existing,1060.4132009685047,122,22,167,157,allocated,1086.416305382723,122,108,167,114,existing,1354.2625646254648,122,101,167,440,existing,1600.249775943987,122,109,167,114,existing,1354.2625646254648,122,102,167,114,existing,1354.2625646254648,122,105,167,440,existing,1600.249775943987,122,106,167,440,existing,1600.249775943987
123,123,93,168,155,existing,317.03670484448685,123,93,168,157,allocated,338.6185141238482,123,93,168,131,allocated,297.88439703324957,123,22,168,157,allocated,338.6185141238482,123,6,168,57,allocated,829.287631545984,123,75,168,459,allocated,1407.3316991670038,123,106,168,440,existing,1411.2755714306568,123,102,168,114,existing,1433.6484154386856,123,105,168,440,existing,1411.2755714306568,123,109,168,114,existing,1433.6484154386856,123,101,168,440,existing,1411.2755714306568,123,108,168,114,existing,1433.6484154386856,123,107,168,265,existing,1438.178504593492
124,124,93,169,155,existing,403.05360613016796,124,93,169,157,allocated,424.63541540952934,124,93,169,131,allocated,383.90129831893074,124,22,169,157,allocated,424.63541540952934,124,6,169,57,allocated,905.108313560427,124,101,169,440,existing,1487.0962534450998,124,75,169,459,allocated,1332.0372998996934,124,105,169,440,existing,1487.0962534450998,124,109,169,114,existing,1509.4690974531284,124,102,169,114,existing,1509.4690974531284,124,106,169,440,existing,1487.0962534450998,124,108,169,114,existing,1509.4690974531284,124,107,169,265,existing,1513.999186607935
125,125,84,172,57,existing,440.0599271940421,125,84,172,465,existing,198.97364390766555,125,84,172,352,allocated,376.8404696047013,125,6,172,57,allocated,440.0599271940421,125,22,172,157,allocated,791.2213924468502,125,110,172,35,existing,927.7163123331904,125,106,172,440,existing,1025.285259920693,125,111,172,435,existing,1084.1673016646905,125,101,172,440,existing,1025.285259920693,125,105,172,440,existing,1025.285259920693,125,107,172,265,existing,1052.1881930835284,125,109,172,114,existing,1089.534781890614,125,108,172,114,existing,1089.534781890614
126,126,92,173,173,existing,0.0,126,92,173,157,allocated,674.3928362398703,126,92,173,173,allocated,0.0,126,6,173,57,allocated,178.93198206755554,126,105,173,440,existing,555.4199912340831,126,101,173,440,existing,555.4199912340831,126,106,173,440,existing,555.4199912340831,126,109,173,114,existing,577.7928352421119,126,108,173,114,existing,577.7928352421119,126,102,173,114,existing,577.7928352421119,126,107,173,265,existing,582.3229243969184,126,22,173,157,allocated,674.3928362398703,126,112,173,120,existing,639.5466444773791
127,127,98,174,67,existing,950.7313302528969,127,98,174,461,existing,582.126375762173,127,98,174,251,allocated,324.0251874279487,127,103,174,82,existing,976.6231759314692,127,111,174,435,existing,1206.9782894521168,127,110,174,35,existing,1422.2658089661845,127,101,174,440,existing,2361.7824321340886,127,102,174,114,existing,2437.5376452000464,127,107,174,265,existing,2388.685365296924,127,106,174,440,existing,2361.7824321340886,127,105,174,440,existing,2361.7824321340886,127,108,174,114,existing,2437.5376452000464,127,109,174,114,existing,2437.5376452000464
128,128,98,175,67,existing,938.8550158453984,128,98,175,461,existing,570.2500613546746,128,98,175,251,allocated,312.1488730204502,128,103,175,82,existing,964.7468615239708,128,111,175,435,existing,1195.1019750446185,128,110,175,35,existing,1410.389494558686,128,106,175,440,existing,2349.9061177265903,128,109,175,114,existing,2425.661330792548,128,105,175,440,existing,2349.9061177265903,128,101,175,440,existing,2349.9061177265903,128,107,175,265,existing,2376.8090508894256,128,108,175,114,existing,2425.661330792548,128,102,175,114,existing,2425.661330792548
129,129,36,176,270,allocated,349.06487739415894,129,36,176,270,existing,349.06487739415894,129,36,176,270,allocated,349.06487739415894,129,22,176,157,allocated,447.1017308704918,129,6,176,57,allocated,1012.6328295374063,129,110,176,35,existing,1507.7078561292406,129,111,176,435,existing,1475.6871458483752,129,106,176,440,existing,1597.8581622640577,129,101,176,440,existing,1597.8581622640577,129,107,176,265,existing,1624.761095426893,129,105,176,440,existing,1597.8581622640577,129,109,176,114,existing,1662.1076842339785,129,102,176,114,existing,1662.1076842339785
130,130,36,177,270,allocated,235.502766252978,130,36,177,270,existing,235.502766252978,130,36,177,270,allocated,235.502766252978,130,22,177,157,allocated,560.6638420116727,130,6,177,57,allocated,978.8341334328095,130,110,177,35,existing,1394.1457449880597,130,111,177,435,existing,1362.1250347071943,130,103,177,82,existing,1585.9691656124196,130,106,177,440,existing,1564.0594661594605,130,105,177,440,existing,1564.0594661594605,130,101,177,440,existing,1564.0594661594605,130,107,177,265,existing,1590.9623993222956,130,109,177,114,existing,1628.3089881293813
131,131,24,178,167,allocated,623.5873459760187,131,24,178,361,allocated,583.9617134271393,131,24,178,361,allocated,583.9617134271393,131,75,178,459,allocated,830.8395014664568,131,104,178,278,existing,1354.4073883565675,131,6,178,57,allocated,1613.4630423835547,131,108,178,114,existing,1648.2567520135276,131,102,178,114,existing,1648.2567520135276,131,109,178,114,existing,1648.2567520135276,131,105,178,440,existing,2038.6216973446917,131,22,178,157,allocated,1654.9250063128338,131,106,178,440,existing,2038.6216973446917,131,101,178,440,existing,2038.6216973446917
132,132,24,179,167,allocated,570.1023450659259,132,24,179,361,allocated,530.4767125170466,132,24,179,361,allocated,530.4767125170466,132,75,179,459,allocated,777.354500556364,132,104,179,278,existing,1300.9223874464747,132,6,179,57,allocated,1559.9780414734619,132,109,179,114,existing,1594.7717511034348,132,102,179,114,existing,1594.7717511034348,132,22,179,157,allocated,1601.440005402741,132,105,179,440,existing,1985.136696434599,132,108,179,114,existing,1594.7717511034348,132,106,179,440,existing,1985.136696434599,132,101,179,440,existing,1985.136696434599
133,133,24,180,167,allocated,617.681472573977,133,24,180,69,existing,884.2064857933248,133,24,180,167,allocated,617.681472573977,133,75,180,459,allocated,926.070892796012,133,104,180,278,existing,1480.340582315865,133,6,180,57,allocated,1662.6358140274208,133,22,180,157,allocated,1704.0977779567002,133,109,180,114,existing,1774.1899459728252,133,105,180,440,existing,2208.906903972457,133,102,180,114,existing,1774.1899459728252,133,108,180,114,existing,1774.1899459728252,133,106,180,440,existing,2208.906903972457,133,101,180,440,existing,2208.906903972457
134,134,24,181,167,allocated,672.8495301167873,134,24,181,69,existing,939.374543336135,134,24,181,167,allocated,672.8495301167873,134,75,181,459,allocated,981.2389503388224,134,104,181,278,existing,1535.5086398586752,134,6,181,57,allocated,1717.803871570231,134,22,181,157,allocated,1759.2658354995103,134,109,181,114,existing,1829.3580035156353,134,108,181,114,existing,1829.3580035156353,134,106,181,440,existing,2264.074961515267,134,102,181,114,existing,1829.3580035156353,134,105,181,440,existing,2264.074961515267,134,101,181,440,existing,2264.074961515267
135,135,24,182,167,allocated,490.0099034457563,135,24,182,361,allocated,603.1885081130449,135,24,182,167,allocated,490.0099034457563,135,75,182,459,allocated,798.3993236677914,135,104,182,278,existing,1352.6690131876444,135,6,182,57,allocated,1534.9642448992001,135,22,182,157,allocated,1576.4262088284795,135,102,182,114,existing,1646.5183768446045,135,108,182,114,existing,1646.5183768446045,135,109,182,114,existing,1646.5183768446045,135,101,182,440,existing,2081.235334844236,135,105,182,440,existing,2081.235334844236,135,106,182,440,existing,2081.235334844236
136,136,24,183,167,allocated,348.5568315655994,136,24,183,69,existing,615.0818447849472,136,24,183,167,allocated,348.5568315655994,136,75,183,459,allocated,656.9462517876345,136,104,183,278,existing,1211.2159413074874,136,22,183,157,allocated,1434.9731369483225,136,6,183,57,allocated,1393.511173019043,136,102,183,114,existing,1505.0653049644475,136,109,183,114,existing,1505.0653049644475,136,105,183,440,existing,1939.7822629640793,136,108,183,114,existing,1505.0653049644475,136,106,183,440,existing,1939.7822629640793,136,101,183,440,existing,1939.7822629640793
137,137,24,188,167,allocated,517.9224970384425,137,24,188,361,allocated,478.2968644895633,137,24,188,361,allocated,478.2968644895633,137,75,188,459,allocated,725.1746525288806,137,104,188,278,existing,1248.7425394189913,137,108,188,114,existing,1542.5919030759517,137,6,188,57,allocated,1507.7981934459785,137,109,188,114,existing,1542.5919030759517,137,101,188,440,existing,1932.9568484071156,137,102,188,114,existing,1542.5919030759517,137,22,188,157,allocated,1549.2601573752577,137,106,188,440,existing,1932.9568484071156,137,105,188,440,existing,1932.9568484071156
138,138,24,189,167,allocated,266.386559219598,138,24,189,459,existing,473.638714710036,138,24,189,167,allocated,266.386559219598,138,75,189,459,allocated,473.638714710036,138,104,189,278,existing,1027.908404229889,138,22,189,157,allocated,1297.7242195564131,138,6,189,57,allocated,1256.2622556271338,138,105,189,440,existing,1756.4747258864809,138,102,189,114,existing,1321.757767886849,138,108,189,114,existing,1321.757767886849,138,109,189,114,existing,1321.757767886849,138,101,189,440,existing,1756.4747258864809,138,106,189,440,existing,1756.4747258864809
139,139,24,190,167,allocated,288.64261243525834,139,24,190,459,existing,495.8947679256964,139,24,190,167,allocated,288.64261243525834,139,75,190,459,allocated,495.8947679256964,139,104,190,278,existing,1050.1644574455493,139,6,190,57,allocated,1278.5183088427943,139,22,190,157,allocated,1319.9802727720735,139,102,190,114,existing,1344.0138211025094,139,108,190,114,existing,1344.0138211025094,139,109,190,114,existing,1344.0138211025094,139,101,190,440,existing,1778.7307791021412,139,105,190,440,existing,1778.7307791021412,139,106,190,440,existing,1778.7307791021412
140,140,91,191,49,existing,382.7832975995028,140,91,191,330,allocated,517.3451997471686,140,91,191,248,allocated,194.15676295166628,140,106,191,440,existing,383.30512218100205,140,105,191,440,existing,383.30512218100205,140,107,191,265,existing,410.2080553438373,140,101,191,440,existing,383.30512218100205,140,112,191,120,existing,470.36888446079604,140,108,191,114,existing,459.06033524695965,140,109,191,114,existing,459.06033524695965,140,102,191,114,existing,459.06033524695965,140,110,191,35,existing,605.3576414564192,140,6,191,57,allocated,546.6967434158485
141,141,85,192,35,existing,112.8969022216676,141,85,192,330,allocated,24.884460512417085,141,85,192,330,allocated,24.884460512417085,141,110,192,35,existing,112.8969022216676,141,111,192,435,existing,328.1844217357352,141,106,192,440,existing,875.7658614157536,141,103,192,82,existing,558.5452912926642,141,107,192,265,existing,902.668794578589,141,101,192,440,existing,875.7658614157536,141,105,192,440,existing,875.7658614157536,141,109,192,114,existing,951.5210744817113,141,102,192,114,existing,951.5210744817113,141,108,192,114,existing,951.5210744817113
142,142,24,201,167,allocated,390.7301475483395,142,24,201,69,existing,124.20513432899176,142,24,201,424,allocated,101.30965987786632,142,22,201,157,allocated,695.6861578343838,142,75,201,459,allocated,813.3313332363814,142,104,201,278,existing,1367.6010227562342,142,6,201,57,allocated,816.8322831493754,142,106,201,440,existing,1395.3664045807736,142,101,201,440,existing,1395.3664045807736,142,105,201,440,existing,1395.3664045807736,142,108,201,114,existing,1417.7392485888024,142,109,201,114,existing,1417.7392485888024,142,102,201,114,existing,1417.7392485888024
143,143,36,203,270,allocated,563.1920277926419,143,36,203,270,existing,563.1920277926419,143,36,203,270,allocated,563.1920277926419,143,22,203,157,allocated,888.3531035513366,143,6,203,57,allocated,1095.2538456476839,143,111,203,435,existing,1355.3707258918562,143,110,203,35,existing,1510.5654572029343,143,105,203,440,existing,1680.4791783743349,143,101,203,440,existing,1680.4791783743349,143,106,203,440,existing,1680.4791783743349,143,103,203,82,existing,1579.2148567970817,143,107,203,265,existing,1707.38211153717,143,109,203,114,existing,1744.7287003442557
144,144,50,204,339,allocated,588.9183592124077,144,50,204,339,existing,588.9183592124077,144,50,204,339,allocated,588.9183592124077,144,111,204,435,existing,993.2631119042732,144,22,204,157,allocated,1158.8146849052239,144,110,204,35,existing,1208.5506314183408,144,103,204,82,existing,1217.1072428094985,144,106,204,440,existing,1920.0478779865875,144,6,204,57,allocated,1334.8225452599363,144,101,204,440,existing,1920.0478779865875,144,105,204,440,existing,1920.0478779865875,144,107,204,265,existing,1946.9508111494226,144,108,204,114,existing,1984.2973999565083
145,145,98,206,67,existing,254.993535892267,145,98,206,339,existing,528.2039995464505,145,98,206,66,allocated,55.431170023354,145,103,206,82,existing,280.88538157083934,145,111,206,435,existing,511.24049509148693,145,110,206,35,existing,726.5280146055545,145,6,206,57,allocated,1512.1149168183308,145,101,206,440,existing,1666.0446377734593,145,105,206,440,existing,1666.0446377734593,145,106,206,440,existing,1666.0446377734593,145,107,206,265,existing,1692.9475709362944,145,102,206,114,existing,1741.7998508394166,145,108,206,114,existing,1741.7998508394166
146,146,84,207,57,existing,583.4235986072232,146,84,207,465,existing,227.1540354972391,146,84,207,352,allocated,488.9001680091196,146,6,207,57,allocated,583.4235986072232,146,22,207,157,allocated,690.6962272733786,146,110,207,35,existing,955.896703922764,146,111,207,435,existing,1112.3476932542642,146,107,207,265,existing,1195.5518644967096,146,105,207,440,existing,1168.6489313338743,146,106,207,440,existing,1168.6489313338743,146,101,207,440,existing,1168.6489313338743,146,109,207,114,existing,1232.8984533037953,146,108,207,114,existing,1232.8984533037953
147,147,50,209,339,allocated,646.7383754264584,147,50,209,339,existing,646.7383754264584,147,50,209,339,allocated,646.7383754264584,147,111,209,435,existing,1051.0831281183239,147,22,209,157,allocated,1104.992842434834,147,103,209,82,existing,1274.9272590235491,147,110,209,35,existing,1266.3706476323914,147,101,209,440,existing,1977.8678942006381,147,106,209,440,existing,1977.8678942006381,147,6,209,57,allocated,1392.6425614739871,147,105,209,440,existing,1977.8678942006381,147,109,209,114,existing,2042.1174161705592,147,107,209,265,existing,2004.7708273634735
148,148,24,216,167,allocated,346.0492891097808,148,24,216,216,existing,0.0,148,24,216,299,allocated,337.3114685285352,148,6,216,57,allocated,698.9050523436629,148,75,216,459,allocated,768.6504747978227,148,101,216,440,existing,1277.4391737750611,148,22,216,157,allocated,788.4236507266872,148,102,216,114,existing,1299.81201778309,148,105,216,440,existing,1277.4391737750611,148,106,216,440,existing,1277.4391737750611,148,108,216,114,existing,1299.81201778309,148,107,216,265,existing,1304.3421069378962,148,109,216,114,existing,1299.81201778309
149,149,36,217,270,allocated,410.4357771685016,149,36,217,270,existing,410.4357771685016,149,36,217,270,allocated,410.4357771685016,149,22,217,157,allocated,735.5968529271963,149,6,217,57,allocated,911.6047132819087,149,111,217,435,existing,1187.1920237916706,149,110,217,35,existing,1326.9163248371592,149,103,217,82,existing,1411.036154696896,149,106,217,440,existing,1496.8300460085597,149,101,217,440,existing,1496.8300460085597,149,105,217,440,existing,1496.8300460085597,149,102,217,114,existing,1561.0795679784808,149,107,217,265,existing,1523.732979171395
150,150,36,219,270,allocated,405.83957943885235,150,36,219,270,existing,405.83957943885235,150,36,219,270,allocated,405.83957943885235,150,22,219,157,allocated,731.0006551975471,150,6,219,57,allocated,937.9013972938943,150,110,219,35,existing,1353.2130088491447,150,111,219,435,existing,1321.1922985682793,150,103,219,82,existing,1545.0364294735045,150,101,219,440,existing,1523.1267300205454,150,106,219,440,existing,1523.1267300205454,150,105,219,440,existing,1523.1267300205454,150,107,219,265,existing,1550.0296631833805,150,108,219,114,existing,1587.3762519904662
151,151,93,220,155,existing,371.7645272089838,151,93,220,157,allocated,354.33250035458315,151,93,220,220,allocated,0.0,151,22,220,157,allocated,354.33250035458315,151,6,220,57,allocated,891.2507258196207,151,106,220,440,existing,1476.4760585462718,151,105,220,440,existing,1476.4760585462718,151,107,220,265,existing,1503.3789917091071,151,109,220,114,existing,1539.2587743858812,151,101,220,440,existing,1476.4760585462718,151,102,220,114,existing,1539.2587743858812,151,112,220,120,existing,1563.5398208260658,151,108,220,114,existing,1539.2587743858812
152,152,93,221,155,existing,434.6392453894559,152,93,221,157,allocated,410.37305736278887,152,93,221,220,allocated,95.76881826050938,152,22,221,157,allocated,410.37305736278887,152,6,221,57,allocated,987.0195440801301,152,106,221,440,existing,1572.2448768067813,152,101,221,440,existing,1572.2448768067813,152,108,221,114,existing,1635.0275926463908,152,107,221,265,existing,1599.1478099696164,152,105,221,440,existing,1572.2448768067813,152,109,221,114,existing,1635.0275926463908,152,102,221,114,existing,1635.0275926463908,152,112,221,120,existing,1659.3086390865753
153,153,24,222,167,allocated,466.0488755013065,153,24,222,69,existing,732.5738887206543,153,24,222,167,allocated,466.0488755013065,153,75,222,459,allocated,799.4848138666437,153,104,222,278,existing,1353.7545033864965,153,22,222,157,allocated,1552.4651808840297,153,6,222,57,allocated,1511.00321695475,153,108,222,114,existing,1647.6038670434566,153,109,222,114,existing,1647.6038670434566,153,105,222,440,existing,2066.2986514452937,153,102,222,114,existing,1647.6038670434566,153,106,222,440,existing,2066.2986514452937,153,101,222,440,existing,2066.2986514452937
154,154,98,223,67,existing,214.7784049758272,154,98,223,398,existing,197.56496758853342,154,98,223,223,allocated,0.0,154,111,223,435,existing,41.468554223392765,154,103,223,82,existing,239.73126665026973,154,106,223,440,existing,1196.272696905365,154,110,223,35,existing,256.7560737374604,154,107,223,265,existing,1223.1756300682002,154,101,223,440,existing,1196.272696905365,154,102,223,114,existing,1272.0279099713225,154,105,223,440,existing,1196.272696905365,154,108,223,114,existing,1272.0279099713225,154,109,223,114,existing,1272.0279099713225
155,155,98,224,67,existing,444.98280949516317,155,98,224,461,existing,76.37785500443931,155,98,224,461,allocated,76.37785500443931,155,103,224,82,existing,470.8746551737355,155,111,224,435,existing,701.2297686943831,155,106,224,440,existing,1856.0339113763553,155,110,224,35,existing,916.5172882084507,155,109,224,114,existing,1931.789124442313,155,107,224,265,existing,1882.9368445391906,155,105,224,440,existing,1856.0339113763553,155,101,224,440,existing,1856.0339113763553,155,108,224,114,existing,1931.789124442313,155,102,224,114,existing,1931.789124442313
156,156,98,225,67,existing,553.2065177547265,156,98,225,461,existing,184.60156326400264,156,98,225,461,allocated,184.60156326400264,156,103,225,82,existing,579.0983634332988,156,111,225,435,existing,809.4534769539464,156,101,225,440,existing,1964.2576196359184,156,110,225,35,existing,1024.7409964680141,156,105,225,440,existing,1964.2576196359184,156,106,225,440,existing,1964.2576196359184,156,109,225,114,existing,2040.0128327018763,156,107,225,265,existing,1991.1605527987538,156,108,225,114,existing,2040.0128327018763,156,102,225,114,existing,2040.0128327018763
157,157,93,227,155,existing,350.0220072133507,157,93,227,157,allocated,325.75581918668377,157,93,227,220,allocated,180.38605643661455,157,22,227,157,allocated,325.75581918668377,157,6,227,57,allocated,924.7123300630001,157,101,227,440,existing,1509.9376627896513,157,105,227,440,existing,1509.9376627896513,157,108,227,114,existing,1574.1871847595721,157,102,227,114,existing,1574.1871847595721,157,107,227,265,existing,1536.8405959524866,157,106,227,440,existing,1509.9376627896513,157,112,227,120,existing,1597.0014250694453,157,109,227,114,existing,1574.1871847595721
158,158,93,228,155,existing,480.422797603604,158,93,228,157,allocated,456.156609576937,158,93,228,220,allocated,310.7868468268678,158,22,228,157,allocated,456.156609576937,158,6,228,57,allocated,1055.1131204532533,158,105,228,440,existing,1640.3384531799045,158,101,228,440,existing,1640.3384531799045,158,106,228,440,existing,1640.3384531799045,158,108,228,114,existing,1704.5879751498255,158,102,228,114,existing,1704.5879751498255,158,107,228,265,existing,1667.2413863427396,158,109,228,114,existing,1704.5879751498255,158,112,228,120,existing,1727.4022154596985
159,159,36,229,270,allocated,504.16205450848435,159,36,229,270,existing,504.16205450848435,159,36,229,270,allocated,504.16205450848435,159,22,229,157,allocated,829.3231302671791,159,6,229,57,allocated,1005.3309906218915,159,111,229,435,existing,1093.465746451688,159,110,229,35,existing,1236.4309556470191,159,103,229,82,existing,1317.3098773569131,159,106,229,440,existing,1590.5563233485427,159,105,229,440,existing,1590.5563233485427,159,101,229,440,existing,1590.5563233485427,159,107,229,265,existing,1617.4592565113778,159,108,229,114,existing,1654.8058453184635
160,160,50,230,339,allocated,682.0975193807083,160,50,230,339,existing,682.0975193807083,160,50,230,339,allocated,682.0975193807083,160,111,230,435,existing,881.2852560788905,160,22,230,157,allocated,1046.8368290798412,160,103,230,82,existing,1105.1293869841156,160,110,230,35,existing,1096.5727755929581,160,106,230,440,existing,1808.0700221612046,160,105,230,440,existing,1808.0700221612046,160,6,230,57,allocated,1222.8446894345536,160,101,230,440,existing,1808.0700221612046,160,102,230,114,existing,1872.3195441311257,160,107,230,265,existing,1834.97295532404
161,161,93,231,155,existing,164.79192323182787,161,93,231,157,allocated,140.52573520516088,161,93,231,157,allocated,140.52573520516088,161,22,231,157,allocated,140.52573520516088,161,6,231,57,allocated,739.4822460814772,161,101,231,440,existing,1324.7075788081283,161,106,231,440,existing,1324.7075788081283,161,102,231,114,existing,1388.9571007780494,161,105,231,440,existing,1324.7075788081283,161,107,231,265,existing,1351.6105119709637,161,108,231,114,existing,1388.9571007780494,161,112,231,120,existing,1411.7713410879223,161,109,231,114,existing,1388.9571007780494
162,162,36,232,270,allocated,263.3738077299985,162,36,232,270,existing,263.3738077299985,162,36,232,270,allocated,263.3738077299985,162,22,232,157,allocated,496.9576696987159,162,6,232,57,allocated,1095.914180575032,162,110,232,35,existing,1550.151724961262,162,111,232,435,existing,1518.1310146803967,162,106,232,440,existing,1681.1395133016833,162,101,232,440,existing,1681.1395133016833,162,107,232,265,existing,1708.0424464645184,162,105,232,440,existing,1681.1395133016833,162,102,232,114,existing,1745.3890352716044,162,103,232,82,existing,1741.975145585622
163,163,85,234,35,existing,768.425741938271,163,85,234,465,existing,426.7443183704111,163,85,234,330,allocated,680.4133002290206,163,110,234,35,existing,768.425741938271,163,6,234,57,allocated,818.5307019207728,163,22,234,157,allocated,925.8033305869283,163,111,234,435,existing,924.8767312697711,163,106,234,440,existing,1403.7560346474238,163,103,234,82,existing,1155.2376008267001,163,101,234,440,existing,1403.7560346474238,163,105,234,440,existing,1403.7560346474238,163,108,234,114,existing,1468.0055566173448,163,107,234,265,existing,1430.6589678102591
164,164,50,235,339,allocated,790.2436034478185,164,50,235,465,existing,640.1389144856502,164,50,235,339,allocated,790.2436034478185,164,110,235,35,existing,981.82033805351,164,111,235,435,existing,989.4313401460008,164,6,235,57,allocated,1031.925298036012,164,22,235,157,allocated,1139.1979267021673,164,106,235,440,existing,1617.1506307626632,164,105,235,440,existing,1617.1506307626632,164,103,235,82,existing,1213.275471051226,164,101,235,440,existing,1617.1506307626632,164,107,235,265,existing,1644.0535639254983,164,102,235,114,existing,1681.400152732584
165,165,95,236,35,existing,629.2505493225333,165,95,236,465,existing,287.56912575467334,165,95,236,330,allocated,541.2381076132828,165,110,236,35,existing,629.2505493225333,165,6,236,57,allocated,780.4919082799158,165,111,236,435,existing,785.7015386540334,165,103,236,82,existing,1016.0624082109623,165,106,236,440,existing,1291.573768128303,165,101,236,440,existing,1291.573768128303,165,22,236,157,allocated,1059.3085999488258,165,105,236,440,existing,1291.573768128303,165,107,236,265,existing,1318.4767012911382,165,109,236,114,existing,1367.3289811942605
166,166,84,237,57,existing,407.60625996998203,166,84,237,157,allocated,482.5185485388947,166,84,237,352,allocated,76.90573025827261,166,6,237,57,allocated,407.60625996998203,166,22,237,157,allocated,482.5185485388947,166,106,237,440,existing,992.8315926966333,166,105,237,440,existing,992.8315926966333,166,108,237,114,existing,1057.0811146665542,166,101,237,440,existing,992.8315926966333,166,102,237,114,existing,1057.0811146665542,166,107,237,265,existing,1019.7345258594686,166,109,237,114,existing,1057.0811146665542,166,112,237,120,existing,1079.8953549764274
167,167,84,238,57,existing,546.3815201598034,167,84,238,157,allocated,621.2938087287162,167,84,238,352,allocated,215.680990448094,167,6,238,57,allocated,546.3815201598034,167,22,238,157,allocated,621.2938087287162,167,106,238,440,existing,1131.6068528864544,167,105,238,440,existing,1131.6068528864544,167,109,238,114,existing,1195.8563748563756,167,108,238,114,existing,1195.8563748563756,167,107,238,265,existing,1158.5097860492897,167,101,238,440,existing,1131.6068528864544,167,112,238,120,existing,1218.6706151662486,167,102,238,114,existing,1195.8563748563756
168,168,91,239,49,existing,402.5539394015784,168,91,239,465,existing,345.19160094107997,168,91,239,248,allocated,324.5740461471272,168,6,239,57,allocated,566.4673852179241,168,105,239,440,existing,703.062222866231,168,101,239,440,existing,703.062222866231,168,106,239,440,existing,703.062222866231,168,107,239,265,existing,729.9651560290663,168,110,239,35,existing,709.0485851744444,168,108,239,114,existing,778.8174359321886,168,102,239,114,existing,778.8174359321886,168,112,239,120,existing,790.125985146025,168,109,239,114,existing,778.8174359321886
169,169,93,240,155,existing,57.74797029585878,169,93,240,157,allocated,79.32977957522014,169,93,240,157,allocated,79.32977957522014,169,22,240,157,allocated,79.32977957522014,169,6,240,57,allocated,569.998896997356,169,101,240,440,existing,1151.986836882029,169,106,240,440,existing,1151.986836882029,169,102,240,114,existing,1174.3596808900575,169,109,240,114,existing,1174.3596808900575,169,105,240,440,existing,1151.986836882029,169,108,240,114,existing,1174.3596808900575,169,112,240,120,existing,1236.113490125325,169,107,240,265,existing,1178.889770044864
170,170,84,241,57,existing,95.9523250233369,170,84,241,157,allocated,551.8725625659439,170,84,241,373,allocated,69.98076881940626,170,6,241,57,allocated,95.9523250233369,170,22,241,157,allocated,551.8725625659439,170,106,241,440,existing,677.9402649080096,170,105,241,440,existing,677.9402649080096,170,108,241,114,existing,700.3131089160383,170,109,241,114,existing,700.3131089160383,170,102,241,114,existing,700.3131089160383,170,101,241,440,existing,677.9402649080096,170,107,241,265,existing,704.8431980708449,170,112,241,120,existing,762.0669181513056
171,171,24,242,167,allocated,379.9995007918712,171,24,242,459,existing,313.5407700051406,171,24,242,459,allocated,313.5407700051406,171,75,242,459,allocated,313.5407700051406,171,104,242,278,existing,840.7048129605242,171,109,242,114,existing,1134.5541766174842,171,102,242,114,existing,1134.5541766174842,171,6,242,57,allocated,1341.4115164847049,171,22,242,157,allocated,1382.8734804139845,171,108,242,114,existing,1134.5541766174842,171,105,242,440,existing,1569.2711346171163,171,106,242,440,existing,1569.2711346171163,171,101,242,440,existing,1569.2711346171163
172,172,94,243,35,existing,633.6937998514651,172,94,243,465,existing,401.07069993852986,172,94,243,223,allocated,475.0956082828669,172,111,243,435,existing,484.122957818495,172,110,243,35,existing,633.6937998514651,172,6,243,57,allocated,1040.1042710402376,172,103,243,82,existing,714.483827375424,172,105,243,440,existing,1296.0170186572345,172,101,243,440,existing,1296.0170186572345,172,106,243,440,existing,1296.0170186572345,172,22,243,157,allocated,1318.9209627091475,172,107,243,265,existing,1322.9199518200699,172,108,243,114,existing,1371.7722317231924
173,173,94,244,35,existing,401.50450772909574,173,94,244,330,allocated,313.4920660198452,173,94,244,223,allocated,206.53750748448712,173,111,244,435,existing,215.56485702011526,173,110,244,35,existing,401.50450772909574,173,103,244,82,existing,445.9257265770442,173,6,244,57,allocated,1111.5601146559477,173,105,244,440,existing,1124.995894322143,173,106,244,440,existing,1124.995894322143,173,101,244,440,existing,1124.995894322143,173,107,244,265,existing,1151.8988274849783,173,108,244,114,existing,1200.7511073881005,173,109,244,114,existing,1200.7511073881005
174,174,91,245,49,existing,274.7206353527698,174,91,245,465,existing,473.02490498988857,174,91,245,248,allocated,196.7407420983186,174,6,245,57,allocated,438.63408116911546,174,106,245,440,existing,575.2289188174224,174,105,245,440,existing,575.2289188174224,174,101,245,440,existing,575.2289188174224,174,102,245,114,existing,650.98413188338,174,109,245,114,existing,650.98413188338,174,107,245,265,existing,602.1318519802577,174,108,245,114,existing,650.98413188338,174,112,245,120,existing,662.2926810972165,174,110,245,35,existing,670.4906313020932
175,175,91,248,49,existing,471.4613774510884,175,91,248,330,allocated,656.0598737090495,175,91,248,248,allocated,0.0,175,106,248,440,existing,577.4618851326683,175,105,248,440,existing,577.4618851326683,175,107,248,265,existing,604.3648182955036,175,101,248,440,existing,577.4618851326683,175,108,248,114,existing,653.2170981986259,175,102,248,114,existing,653.2170981986259,175,109,248,114,existing,653.2170981986259,175,6,248,57,allocated,635.3748232674341,175,112,248,120,existing,664.5256474124624,175,110,248,35,existing,744.0723154183
176,176,24,250,167,allocated,41.77116288030499,176,24,250,69,existing,224.75385033904277,176,24,250,167,allocated,41.77116288030499,176,75,250,459,allocated,464.3723485683469,176,6,250,57,allocated,1003.1831785731387,176,104,250,278,existing,1018.6420380881998,176,22,250,157,allocated,1044.6451425024181,176,108,250,114,existing,1312.49140174516,176,106,250,440,existing,1558.4786130636821,176,102,250,114,existing,1312.49140174516,176,109,250,114,existing,1312.49140174516,176,105,250,440,existing,1558.4786130636821,176,101,250,440,existing,1558.4786130636821
177,177,98,251,67,existing,700.5635333369206,177,98,251,461,existing,331.95857884619676,177,98,251,251,allocated,0.0,177,103,251,82,existing,726.455379015493,177,111,251,435,existing,956.8104925361406,177,110,251,35,existing,1172.0980120502081,177,105,251,440,existing,2111.6146352181127,177,108,251,114,existing,2187.3698482840705,177,101,251,440,existing,2111.6146352181127,177,106,251,440,existing,2111.6146352181127,177,107,251,265,existing,2138.517568380948,177,102,251,114,existing,2187.3698482840705,177,109,251,114,existing,2187.3698482840705
178,178,98,252,67,existing,742.5850764691988,178,98,252,461,existing,373.980121978475,178,98,252,252,allocated,0.0,178,103,252,82,existing,768.4769221477711,178,111,252,435,existing,998.8320356684187,178,110,252,35,existing,1214.1195551824865,178,101,252,440,existing,2153.6361783503908,178,107,252,265,existing,2180.539111513226,178,105,252,440,existing,2153.6361783503908,178,102,252,114,existing,2229.3913914163486,178,106,252,440,existing,2153.6361783503908,178,108,252,114,existing,2229.3913914163486,178,109,252,114,existing,2229.3913914163486
179,179,83,253,278,existing,407.4200003749892,179,83,253,459,existing,146.84968914486367,179,83,253,147,allocated,130.32198747955567,179,75,253,459,allocated,146.84968914486367,179,104,253,278,existing,407.4200003749892,179,109,253,114,existing,701.2693640319494,179,108,253,114,existing,701.2693640319494,179,102,253,114,existing,701.2693640319494,179,105,253,440,existing,1135.9863220315813,179,106,253,440,existing,1135.9863220315813,179,101,253,440,existing,1135.9863220315813,179,112,253,120,existing,1214.7981388723088,179,107,253,265,existing,1159.0528846699601
180,180,98,254,67,existing,496.4154542794049,180,98,254,461,existing,127.81049978868106,180,98,254,461,allocated,127.81049978868106,180,103,254,82,existing,522.3072999579772,180,111,254,435,existing,752.6624134786248,180,110,254,35,existing,967.9499329926925,180,106,254,440,existing,1907.4665561605968,180,107,254,265,existing,1934.3694893234322,180,105,254,440,existing,1907.4665561605968,180,102,254,114,existing,1983.2217692265547,180,101,254,440,existing,1907.4665561605968,180,108,254,114,existing,1983.2217692265547,180,109,254,114,existing,1983.2217692265547
181,181,24,255,167,allocated,722.5109969328254,181,24,255,361,allocated,887.6558124022241,181,24,255,167,allocated,722.5109969328254,181,75,255,459,allocated,1030.9004171548606,181,104,255,278,existing,1585.1701066747135,181,6,255,57,allocated,1767.465338386269,181,22,255,157,allocated,1808.9273023155486,181,108,255,114,existing,1879.0194703316736,181,102,255,114,existing,1879.0194703316736,181,109,255,114,existing,1879.0194703316736,181,105,255,440,existing,2313.7364283313054,181,106,255,440,existing,2313.7364283313054,181,101,255,440,existing,2313.7364283313054
182,182,24,256,167,allocated,680.2676030548268,182,24,256,361,allocated,868.6353557845956,182,24,256,167,allocated,680.2676030548268,182,75,256,459,allocated,988.657023276862,182,104,256,278,existing,1542.9267127967148,182,6,256,57,allocated,1725.2219445082706,182,22,256,157,allocated,1766.68390843755,182,108,256,114,existing,1836.776076453675,182,102,256,114,existing,1836.776076453675,182,106,256,440,existing,2271.493034453307,182,109,256,114,existing,1836.776076453675,182,105,256,440,existing,2271.493034453307,182,101,256,440,existing,2271.493034453307
183,183,24,257,167,allocated,636.6409465345807,183,24,257,361,allocated,819.2846067720909,183,24,257,167,allocated,636.6409465345807,183,75,257,459,allocated,945.0303667566159,183,104,257,278,existing,1499.3000562764687,183,6,257,57,allocated,1681.5952879880244,183,22,257,157,allocated,1723.0572519173038,183,101,257,440,existing,2227.866377933061,183,108,257,114,existing,1793.1494199334288,183,102,257,114,existing,1793.1494199334288,183,109,257,114,existing,1793.1494199334288,183,105,257,440,existing,2227.866377933061,183,106,257,440,existing,2227.866377933061
184,184,24,258,167,allocated,609.9257632165577,184,24,258,361,allocated,792.569423454068,184,24,258,167,allocated,609.9257632165577,184,75,258,459,allocated,918.3151834385928,184,104,258,278,existing,1472.5848729584457,184,22,258,157,allocated,1696.342068599281,184,6,258,57,allocated,1654.8801046700014,184,108,258,114,existing,1766.4342366154058,184,109,258,114,existing,1766.4342366154058,184,105,258,440,existing,2201.1511946150376,184,102,258,114,existing,1766.4342366154058,184,106,258,440,existing,2201.1511946150376,184,101,258,440,existing,2201.1511946150376
185,185,24,259,167,allocated,583.9416051167352,185,24,259,361,allocated,818.5535815538906,185,24,259,167,allocated,583.9416051167352,185,75,259,459,allocated,892.3310253387704,185,104,259,278,existing,1446.6007148586232,185,6,259,57,allocated,1628.895946570179,185,22,259,157,allocated,1670.3579104994583,185,102,259,114,existing,1740.4500785155833,185,101,259,440,existing,2175.167036515215,185,108,259,114,existing,1740.4500785155833,185,109,259,114,existing,1740.4500785155833,185,105,259,440,existing,2175.167036515215,185,106,259,440,existing,2175.167036515215
186,186,24,260,167,allocated,615.1817427124502,186,24,260,69,existing,881.7067559317979,186,24,260,167,allocated,615.1817427124502,186,75,260,459,allocated,923.5711629344853,186,104,260,278,existing,1477.8408524543381,186,22,260,157,allocated,1701.5980480951735,186,6,260,57,allocated,1660.1360841658939,186,102,260,114,existing,1771.6902161112982,186,108,260,114,existing,1771.6902161112982,186,109,260,114,existing,1771.6902161112982,186,105,260,440,existing,2206.40717411093,186,106,260,440,existing,2206.40717411093,186,101,260,440,existing,2206.40717411093
187,187,24,261,167,allocated,566.2142685471956,187,24,261,69,existing,832.7392817665434,187,24,261,167,allocated,566.2142685471956,187,75,261,459,allocated,874.6036887692308,187,104,261,278,existing,1428.8733782890836,187,22,261,157,allocated,1652.6305739299187,187,6,261,57,allocated,1611.1686100006393,187,108,261,114,existing,1722.7227419460437,187,109,261,114,existing,1722.7227419460437,187,102,261,114,existing,1722.7227419460437,187,101,261,440,existing,2157.439699945676,187,106,261,440,existing,2157.439699945676,187,105,261,440,existing,2157.439699945676
188,188,24,262,167,allocated,663.1817643702302,188,24,262,361,allocated,795.0023567059311,188,24,262,167,allocated,663.1817643702302,188,75,262,459,allocated,971.5711845922654,188,104,262,278,existing,1525.8408741121182,188,22,262,157,allocated,1749.5980697529535,188,6,262,57,allocated,1708.136105823674,188,108,262,114,existing,1819.6902377690783,188,109,262,114,existing,1819.6902377690783,188,102,262,114,existing,1819.6902377690783,188,106,262,440,existing,2254.40719576871,188,101,262,440,existing,2254.40719576871,188,105,262,440,existing,2254.40719576871
189,189,24,263,167,allocated,635.9005511179755,189,24,263,361,allocated,749.0791557852642,189,24,263,167,allocated,635.9005511179755,189,75,263,459,allocated,944.2899713400107,189,104,263,278,existing,1498.5596608598635,189,6,263,57,allocated,1680.8548925714192,189,22,263,157,allocated,1722.3168565006988,189,109,263,114,existing,1792.4090245168236,189,101,263,440,existing,2227.125982516455,189,102,263,114,existing,1792.4090245168236,189,108,263,114,existing,1792.4090245168236,189,106,263,440,existing,2227.125982516455,189,105,263,440,existing,2227.125982516455
190,190,98,266,67,existing,796.7885937018063,190,98,266,461,existing,428.18363921108255,190,98,266,251,allocated,170.08245087685827,190,103,266,82,existing,822.6804393803787,190,111,266,435,existing,1053.0355529010262,190,106,266,440,existing,2207.8396955829985,190,110,266,35,existing,1268.323072415094,190,102,266,114,existing,2283.5949086489563,190,101,266,440,existing,2207.8396955829985,190,105,266,440,existing,2207.8396955829985,190,107,266,265,existing,2234.742628745834,190,109,266,114,existing,2283.5949086489563,190,108,266,114,existing,2283.5949086489563
191,191,93,269,155,existing,321.85742691343535,191,93,269,157,allocated,343.43923619279667,191,93,269,131,allocated,302.70511910219807,191,22,269,157,allocated,343.43923619279667,191,6,269,57,allocated,786.7059029924466,191,75,269,459,allocated,1213.634889331713,191,101,269,440,existing,1368.6938428771196,191,102,269,114,existing,1391.066686885148,191,109,269,114,existing,1391.066686885148,191,105,269,440,existing,1368.6938428771196,191,106,269,440,existing,1368.6938428771196,191,107,269,265,existing,1395.5967760399546,191,108,269,114,existing,1391.066686885148
192,192,36,270,270,allocated,0.0,192,36,270,270,existing,0.0,192,36,270,270,allocated,0.0,192,22,270,157,allocated,760.3314774287144,192,6,270,57,allocated,1214.3368996857876,192,110,270,35,existing,1629.6485112410378,192,111,270,435,existing,1597.6278009601724,192,103,270,82,existing,1821.4719318653974,192,101,270,440,existing,1799.5622324124383,192,105,270,440,existing,1799.5622324124383,192,106,270,440,existing,1799.5622324124383,192,108,270,114,existing,1863.8117543823594,192,107,270,265,existing,1826.4651655752737
193,193,93,271,155,existing,147.7920497022098,193,93,271,157,allocated,157.52560873477896,193,93,271,157,allocated,157.52560873477896,193,22,271,157,allocated,157.52560873477896,193,6,271,57,allocated,723.0567074016935,193,101,271,440,existing,1308.2820401283448,193,106,271,440,existing,1308.2820401283448,193,108,271,114,existing,1372.5315620982656,193,107,271,265,existing,1335.18497329118,193,109,271,114,existing,1372.5315620982656,193,105,271,440,existing,1308.2820401283448,193,112,271,120,existing,1395.3458024081388,193,102,271,114,existing,1372.5315620982656
194,194,93,272,155,existing,370.876609998144,194,93,272,157,allocated,380.61016903071317,194,93,272,352,allocated,178.81410976645418,194,22,272,157,allocated,380.61016903071317,194,6,272,57,allocated,509.51463947816353,194,101,272,440,existing,1094.7399722048149,194,106,272,440,existing,1094.7399722048149,194,107,272,265,existing,1121.64290536765,194,108,272,114,existing,1158.9894941747357,194,105,272,440,existing,1094.7399722048149,194,102,272,114,existing,1158.9894941747357,194,112,272,120,existing,1181.8037344846089,194,109,272,114,existing,1158.9894941747357
195,195,95,273,35,existing,336.6753846701379,195,95,273,330,allocated,248.6629429608874,195,95,273,330,allocated,248.6629429608874,195,110,273,35,existing,336.6753846701379,195,111,273,435,existing,551.9629041842055,195,6,273,57,allocated,1000.7455206482525,195,103,273,82,existing,782.3237737411345,195,107,273,265,existing,1087.0697044260205,195,101,273,440,existing,1060.1667712631852,195,106,273,440,existing,1060.1667712631852,195,105,273,440,existing,1060.1667712631852,195,109,273,114,existing,1135.9219843291428,195,108,273,114,existing,1135.9219843291428
196,196,24,274,167,allocated,565.6213985302812,196,24,274,459,existing,423.545743758943,196,24,274,279,allocated,382.21414252006406,196,75,274,459,allocated,423.545743758943,196,104,274,278,existing,832.822876381385,196,102,274,114,existing,1126.672240038345,196,109,274,114,existing,1126.672240038345,196,106,274,440,existing,1517.0371853695092,196,101,274,440,existing,1517.0371853695092,196,105,274,440,existing,1517.0371853695092,196,108,274,114,existing,1126.672240038345,196,107,274,265,existing,1540.103748007888,196,6,274,57,allocated,1527.033414223115
197,197,24,275,167,allocated,653.5492389010662,197,24,275,459,existing,330.8019445049771,197,24,275,279,allocated,289.47034326609815,197,75,275,459,allocated,330.8019445049771,197,104,275,278,existing,740.0790771274189,197,109,275,114,existing,1033.928440784379,197,108,275,114,existing,1033.928440784379,197,105,275,440,existing,1424.2933861155432,197,101,275,440,existing,1424.2933861155432,197,102,275,114,existing,1033.928440784379,197,106,275,440,existing,1424.2933861155432,197,112,275,120,existing,1503.1052029562707,197,107,275,265,existing,1447.359948753922
198,198,83,276,278,existing,338.94228262428476,198,83,276,459,existing,458.20830671300894,198,83,276,91,allocated,235.69254301723737,198,104,276,278,existing,338.94228262428476,198,75,276,459,allocated,458.20830671300894,198,108,276,114,existing,632.791646281245,198,109,276,114,existing,632.791646281245,198,101,276,440,existing,1067.5086042808769,198,105,276,440,existing,1067.5086042808769,198,102,276,114,existing,632.791646281245,198,106,276,440,existing,1067.5086042808769,198,107,276,265,existing,1090.5751669192557,198,112,276,120,existing,1146.3204211216043
199,199,83,277,278,existing,197.67081108248138,199,83,277,459,existing,356.59887843737147,199,83,277,471,allocated,166.02844593869082,199,104,277,278,existing,197.67081108248138,199,75,277,459,allocated,356.59887843737147,199,109,277,114,existing,491.5201747394416,199,108,277,114,existing,491.5201747394416,199,102,277,114,existing,491.5201747394416,199,105,277,440,existing,926.2371327390734,199,106,277,440,existing,926.2371327390734,199,101,277,440,existing,926.2371327390734,199,107,277,265,existing,949.3036953774524,199,112,277,120,existing,1005.048949579801
200,200,83,278,278,existing,0.0,200,83,278,459,existing,554.2696895198528,200,83,278,278,existing,0.0,200,104,278,278,existing,0.0,200,108,278,114,existing,293.8493636569602,200,109,278,114,existing,293.8493636569602,200,102,278,114,existing,293.8493636569602,200,105,278,440,existing,728.566321656592,200,106,278,440,existing,728.566321656592,200,75,278,459,allocated,554.2696895198528,200,101,278,440,existing,728.566321656592,200,112,278,120,existing,807.3781384973195,200,107,278,265,existing,751.6328842949708
201,201,83,279,278,existing,478.29094745154396,201,83,279,361,allocated,582.8223774559854,201,83,279,279,allocated,0.0,201,104,279,278,existing,478.29094745154396,201,75,279,459,allocated,605.7695292082487,201,109,279,114,existing,770.4417218625465,201,102,279,114,existing,770.4417218625465,201,106,279,440,existing,1134.823042849445,201,101,279,440,existing,1134.823042849445,201,105,279,440,existing,1134.823042849445,201,108,279,114,existing,770.4417218625465,201,112,279,120,existing,1213.6348596901723,201,107,279,265,existing,1157.889605487824
202,202,85,280,35,existing,473.10112621168,202,85,280,330,allocated,385.08868450242954,202,85,280,89,allocated,301.83104963754676,202,110,280,35,existing,473.10112621168,202,112,280,120,existing,575.9850203558757,202,106,280,440,existing,663.0487826356698,202,107,280,265,existing,636.1458494728345,202,103,280,82,existing,913.7330995463142,202,101,280,440,existing,663.0487826356698,202,111,280,435,existing,688.3886457257477,202,105,280,440,existing,663.0487826356698,202,109,280,114,existing,1046.1938237984127,202,102,280,114,existing,1046.1938237984127
203,203,93,284,155,existing,595.5494341529857,203,93,284,216,existing,370.89099707905297,203,93,284,299,allocated,366.9715778744104,203,22,284,157,allocated,617.1312434323471,203,6,284,57,allocated,712.6124855376091,203,101,284,440,existing,1294.6004254222821,203,75,284,459,allocated,1139.5414718768757,203,102,284,114,existing,1316.9732694303107,203,105,284,440,existing,1294.6004254222821,203,108,284,114,existing,1316.9732694303107,203,106,284,440,existing,1294.6004254222821,203,107,284,265,existing,1321.5033585851172,203,109,284,114,existing,1316.9732694303107
204,204,24,287,167,allocated,372.4120175139011,204,24,287,69,existing,638.9370307332489,204,24,287,167,allocated,372.4120175139011,204,75,287,459,allocated,705.8479558792383,204,104,287,278,existing,1260.117645399091,204,6,287,57,allocated,1417.366358967345,204,22,287,157,allocated,1458.8283228966243,204,109,287,114,existing,1553.9670090560512,204,102,287,114,existing,1553.9670090560512,204,108,287,114,existing,1553.9670090560512,204,105,287,440,existing,1972.661793457888,204,106,287,440,existing,1972.661793457888,204,101,287,440,existing,1972.661793457888
205,205,24,288,167,allocated,269.7046263972241,205,24,288,69,existing,536.2296396165718,205,24,288,167,allocated,269.7046263972241,205,75,288,459,allocated,603.1405647625611,205,104,288,278,existing,1157.410254282414,205,6,288,57,allocated,1314.6589678506678,205,22,288,157,allocated,1356.1209317799473,205,106,288,440,existing,1869.9544023412113,205,102,288,114,existing,1451.259617939374,205,109,288,114,existing,1451.259617939374,205,108,288,114,existing,1451.259617939374,205,101,288,440,existing,1869.9544023412113,205,105,288,440,existing,1869.9544023412113
206,206,24,291,167,allocated,484.99127933542906,206,24,291,69,existing,751.5162925547768,206,24,291,167,allocated,484.99127933542906,206,75,291,459,allocated,818.4272177007663,206,104,291,278,existing,1372.696907220619,206,6,291,57,allocated,1529.9456207888727,206,22,291,157,allocated,1571.4075847181523,206,102,291,114,existing,1666.5462708775792,206,101,291,440,existing,2085.2410552794163,206,108,291,114,existing,1666.5462708775792,206,109,291,114,existing,1666.5462708775792,206,106,291,440,existing,2085.2410552794163,206,105,291,440,existing,2085.2410552794163
207,207,24,292,167,allocated,552.6670412191617,207,24,292,361,allocated,665.8456458864503,207,24,292,167,allocated,552.6670412191617,207,75,292,459,allocated,861.0564614411967,207,104,292,278,existing,1415.3261509610497,207,6,292,57,allocated,1597.6213826726055,207,22,292,157,allocated,1639.0833466018848,207,102,292,114,existing,1709.1755146180099,207,109,292,114,existing,1709.1755146180099,207,105,292,440,existing,2143.8924726176415,207,108,292,114,existing,1709.1755146180099,207,106,292,440,existing,2143.8924726176415,207,101,292,440,existing,2143.8924726176415
208,208,24,293,167,allocated,601.2517840087986,208,24,293,361,allocated,714.4303886760872,208,24,293,167,allocated,601.2517840087986,208,75,293,459,allocated,909.6412042308336,208,104,293,278,existing,1463.9108937506867,208,6,293,57,allocated,1646.2061254622424,208,22,293,157,allocated,1687.6680893915218,208,101,293,440,existing,2192.4772154072784,208,109,293,114,existing,1757.7602574076468,208,108,293,114,existing,1757.7602574076468,208,102,293,114,existing,1757.7602574076468,208,106,293,440,existing,2192.4772154072784,208,105,293,440,existing,2192.4772154072784
209,209,24,294,167,allocated,628.564370314408,209,24,294,361,allocated,741.7429749816965,209,24,294,167,allocated,628.564370314408,209,75,294,459,allocated,936.9537905364432,209,104,294,278,existing,1491.223480056296,209,6,294,57,allocated,1673.5187117678518,209,22,294,157,allocated,1714.9806756971311,209,102,294,114,existing,1785.0728437132561,209,101,294,440,existing,2219.789801712888,209,108,294,114,existing,1785.0728437132561,209,109,294,114,existing,1785.0728437132561,209,106,294,440,existing,2219.789801712888,209,105,294,440,existing,2219.789801712888
210,210,84,295,57,existing,706.5283696143827,210,84,295,465,existing,350.25880650439854,210,84,295,352,allocated,612.0049390162791,210,6,295,57,allocated,706.5283696143827,210,22,295,157,allocated,813.8009982805381,210,110,295,35,existing,880.4280742446612,210,111,295,435,existing,1036.8790635761611,210,101,295,440,existing,1291.7537023410337,210,106,295,440,existing,1291.7537023410337,210,105,295,440,existing,1291.7537023410337,210,103,295,82,existing,1267.23993313309,210,108,295,114,existing,1356.0032243109547,210,107,295,265,existing,1318.656635503869
211,211,24,298,167,allocated,516.6647329763697,211,24,298,216,existing,170.61544386658892,211,24,298,299,allocated,166.69602466194632,211,6,298,57,allocated,528.289608477074,211,22,298,157,allocated,617.8082068600983,211,75,298,459,allocated,939.2659186644116,211,106,298,440,existing,1106.8237299084722,211,109,298,114,existing,1129.196573916501,211,105,298,440,existing,1106.8237299084722,211,101,298,440,existing,1106.8237299084722,211,102,298,114,existing,1129.196573916501,211,108,298,114,existing,1129.196573916501,211,107,298,265,existing,1133.7266630713075
212,212,84,299,57,existing,361.59358381512766,212,84,299,216,existing,337.3114685285352,212,84,299,299,allocated,0.0,212,6,299,57,allocated,361.59358381512766,212,22,299,157,allocated,784.5042315220446,212,101,299,440,existing,940.1277052465259,212,106,299,440,existing,940.1277052465259,212,102,299,114,existing,962.5005492545547,212,108,299,114,existing,962.5005492545547,212,109,299,114,existing,962.5005492545547,212,105,299,440,existing,940.1277052465259,212,107,299,265,existing,967.0306384093612,212,112,299,120,existing,1024.254358489822
213,213,93,301,155,existing,105.52590798937042,213,93,301,157,allocated,184.99622025504985,213,93,301,157,allocated,184.99622025504985,213,22,301,157,allocated,184.99622025504985,213,6,301,57,allocated,680.7905656888541,213,101,301,440,existing,1266.0158984155055,213,106,301,440,existing,1266.0158984155055,213,109,301,114,existing,1330.2654203854263,213,102,301,114,existing,1330.2654203854263,213,107,301,265,existing,1292.9188315783406,213,105,301,440,existing,1266.0158984155055,213,112,301,120,existing,1353.0796606952995,213,108,301,114,existing,1330.2654203854263
214,214,98,305,67,existing,335.41471360793804,214,98,305,461,existing,184.8068767247397,214,98,305,305,allocated,0.0,214,103,305,82,existing,310.9723566030837,214,111,305,435,existing,541.3332261600127,214,106,305,440,existing,1697.0256214344063,214,110,305,35,existing,756.6207456740804,214,105,305,440,existing,1697.0256214344063,214,107,305,265,existing,1723.9285545972416,214,101,305,440,existing,1697.0256214344063,214,102,305,114,existing,1772.7808345003637,214,109,305,114,existing,1772.7808345003637,214,108,305,114,existing,1772.7808345003637
215,215,24,306,167,allocated,612.6021094957707,215,24,306,69,existing,879.1271227151185,215,24,306,167,allocated,612.6021094957707,215,75,306,459,allocated,946.038047861108,215,104,306,278,existing,1500.3077373809608,215,6,306,57,allocated,1657.5564509492144,215,22,306,157,allocated,1699.018414878494,215,108,306,114,existing,1794.157101037921,215,101,306,440,existing,2212.851885439758,215,102,306,114,existing,1794.157101037921,215,109,306,114,existing,1794.157101037921,215,106,306,440,existing,2212.851885439758,215,105,306,440,existing,2212.851885439758
216,216,24,307,167,allocated,544.2644058262167,216,24,307,69,existing,810.7894190455645,216,24,307,167,allocated,544.2644058262167,216,75,307,459,allocated,877.700344191554,216,104,307,278,existing,1431.9700337114068,216,22,307,157,allocated,1630.68071120894,216,6,307,57,allocated,1589.2187472796604,216,102,307,114,existing,1725.819397368367,216,105,307,440,existing,2144.514181770204,216,108,307,114,existing,1725.819397368367,216,109,307,114,existing,1725.819397368367,216,106,307,440,existing,2144.514181770204,216,101,307,440,existing,2144.514181770204
217,217,24,309,167,allocated,531.7345057497986,217,24,309,69,existing,798.2595189691464,217,24,309,167,allocated,531.7345057497986,217,75,309,459,allocated,865.1704441151358,217,104,309,278,existing,1419.4401336349886,217,6,309,57,allocated,1576.6888472032424,217,22,309,157,allocated,1618.1508111325218,217,102,309,114,existing,1713.2894972919487,217,108,309,114,existing,1713.2894972919487,217,109,309,114,existing,1713.2894972919487,217,106,309,440,existing,2131.9842816937858,217,105,309,440,existing,2131.9842816937858,217,101,309,440,existing,2131.9842816937858
218,218,84,310,57,existing,209.33941381486446,218,84,310,216,existing,531.0033835990868,218,84,310,373,allocated,183.3678576109338,218,6,310,57,allocated,209.33941381486446,218,22,310,157,allocated,665.2596513574715,218,106,310,440,existing,791.3273536995372,218,105,310,440,existing,791.3273536995372,218,101,310,440,existing,791.3273536995372,218,108,310,114,existing,813.7001977075658,218,109,310,114,existing,813.7001977075658,218,102,310,114,existing,813.7001977075658,218,112,310,120,existing,875.4540069428332,218,107,310,265,existing,818.2302868623725
219,219,84,311,57,existing,403.3818270883313,219,84,311,216,existing,336.9609703256199,219,84,311,299,allocated,333.04155112097726,219,6,311,57,allocated,403.3818270883313,219,22,311,157,allocated,755.7544129008571,219,106,311,440,existing,985.3697669730041,219,105,311,440,existing,985.3697669730041,219,108,311,114,existing,1007.7426109810328,219,109,311,114,existing,1007.7426109810328,219,101,311,440,existing,985.3697669730041,219,102,311,114,existing,1007.7426109810328,219,107,311,265,existing,1012.2727001358394,219,112,311,120,existing,1069.4964202163
220,220,84,312,57,existing,265.4699981327931,220,84,312,216,existing,474.8727992811581,220,84,312,373,allocated,239.49844192886243,220,6,312,57,allocated,265.4699981327931,220,22,312,157,allocated,721.3902356754002,220,106,312,440,existing,847.4579380174658,220,101,312,440,existing,847.4579380174658,220,102,312,114,existing,869.8307820254945,220,108,312,114,existing,869.8307820254945,220,105,312,440,existing,847.4579380174658,220,109,312,114,existing,869.8307820254945,220,107,312,265,existing,874.3608711803012,220,112,312,120,existing,931.5845912607618
221,221,98,313,67,existing,505.81641608023654,221,98,313,339,existing,568.8417588101765,221,98,313,66,allocated,306.2540502113235,221,111,313,435,existing,458.9431416262295,221,103,313,82,existing,531.7082617588088,221,110,313,35,existing,674.2306611402971,221,6,313,57,allocated,1261.2920366303613,221,22,313,157,allocated,1540.1087282992712,221,106,313,440,existing,1517.2047842473585,221,101,313,440,existing,1517.2047842473585,221,105,313,440,existing,1517.2047842473585,221,109,313,114,existing,1592.9599973133163,221,107,313,265,existing,1544.1077174101938
222,222,98,314,67,existing,412.7400991017121,222,98,314,398,existing,384.31593205142167,222,98,314,223,allocated,197.96169412588486,222,111,314,435,existing,228.21951868628102,222,103,314,82,existing,437.69296077615456,222,110,314,35,existing,443.50703820034863,222,6,314,57,allocated,1337.8469283287764,222,106,314,440,existing,1351.2827079949716,222,101,314,440,existing,1351.2827079949716,222,105,314,440,existing,1351.2827079949716,222,107,314,265,existing,1378.1856411578067,222,109,314,114,existing,1427.037921060929,222,102,314,114,existing,1427.037921060929
223,223,85,315,35,existing,442.77441167680297,223,85,315,330,allocated,354.7619699675525,223,85,315,317,allocated,147.72668534507696,223,110,315,35,existing,442.77441167680297,223,105,315,440,existing,497.6304640835227,223,101,315,440,existing,497.6304640835227,223,106,315,440,existing,497.6304640835227,223,107,315,265,existing,524.533397246358,223,108,315,114,existing,573.3856771494804,223,109,315,114,existing,573.3856771494804,223,102,315,114,existing,573.3856771494804,223,112,315,120,existing,584.6942263633168,223,111,315,435,existing,658.0619311908706
224,224,89,317,440,existing,349.9037787384458,224,89,317,330,allocated,502.4886553126295,224,89,317,317,allocated,0.0,224,106,317,440,existing,349.9037787384458,224,105,317,440,existing,349.9037787384458,224,107,317,265,existing,376.8067119012811,224,101,317,440,existing,349.9037787384458,224,102,317,114,existing,425.6589918044034,224,109,317,114,existing,425.6589918044034,224,108,317,114,existing,425.6589918044034,224,112,317,120,existing,436.96754101823984,224,6,317,57,allocated,568.4512726122748,224,110,317,35,existing,590.50109702188
225,225,93,320,155,existing,510.6131306896421,225,93,320,157,allocated,520.3466897222113,225,93,320,157,allocated,520.3466897222113,225,22,320,157,allocated,520.3466897222113,225,6,320,57,allocated,1085.8777883891257,225,106,320,440,existing,1671.103121115777,225,105,320,440,existing,1671.103121115777,225,101,320,440,existing,1671.103121115777,225,109,320,114,existing,1735.3526430856978,225,107,320,265,existing,1698.0060542786123,225,102,320,114,existing,1735.3526430856978,225,108,320,114,existing,1735.3526430856978,225,111,320,435,existing,1749.441003663961
226,226,93,321,155,existing,461.8124799598977,226,93,321,157,allocated,471.5460389924669,226,93,321,157,allocated,471.5460389924669,226,22,321,157,allocated,471.5460389924669,226,6,321,57,allocated,1037.0771376593814,226,101,321,440,existing,1622.3024703860326,226,105,321,440,existing,1622.3024703860326,226,107,321,265,existing,1649.205403548868,226,102,321,114,existing,1686.5519923559534,226,109,321,114,existing,1686.5519923559534,226,106,321,440,existing,1622.3024703860326,226,108,321,114,existing,1686.5519923559534,226,111,321,435,existing,1700.6403529342167
227,227,93,322,155,existing,173.1751960587273,227,93,322,157,allocated,93.70488379304788,227,93,322,157,allocated,93.70488379304788,227,22,322,157,allocated,93.70488379304788,227,6,322,57,allocated,692.6613946693642,227,105,322,440,existing,1277.8867273960154,227,101,322,440,existing,1277.8867273960154,227,107,322,265,existing,1304.7896605588508,227,106,322,440,existing,1277.8867273960154,227,109,322,114,existing,1342.1362493659362,227,102,322,114,existing,1342.1362493659362,227,108,322,114,existing,1342.1362493659362,227,112,322,120,existing,1364.9504896758094
228,228,24,325,167,allocated,168.95296647009434,228,24,325,69,existing,435.4779796894421,228,24,325,167,allocated,168.95296647009434,228,75,325,459,allocated,675.0964779187464,228,6,325,57,allocated,1213.9073079235382,228,22,325,157,allocated,1255.3692718528175,228,104,325,278,existing,1229.3661674385992,228,102,325,114,existing,1523.2155310955593,228,106,325,440,existing,1769.2027424140815,228,108,325,114,existing,1523.2155310955593,228,109,325,114,existing,1523.2155310955593,228,101,325,440,existing,1769.2027424140815,228,105,325,440,existing,1769.2027424140815
229,229,24,326,167,allocated,329.56833767959085,229,24,326,459,existing,536.8204931700288,229,24,326,167,allocated,329.56833767959085,229,75,326,459,allocated,536.8204931700288,229,104,326,278,existing,1091.0901826898817,229,6,326,57,allocated,1319.4440340871265,229,22,326,157,allocated,1360.905998016406,229,101,326,440,existing,1819.6565043464739,229,109,326,114,existing,1384.9395463468418,229,102,326,114,existing,1384.9395463468418,229,108,326,114,existing,1384.9395463468418,229,106,326,440,existing,1819.6565043464739,229,105,326,440,existing,1819.6565043464739
230,230,83,329,278,existing,327.6353486669868,230,83,329,459,existing,697.8055839795028,230,83,329,329,allocated,0.0,230,104,329,278,existing,327.6353486669868,230,108,329,114,existing,452.63467515975833,230,109,329,114,existing,452.63467515975833,230,102,329,114,existing,452.63467515975833,230,106,329,440,existing,818.2534427906322,230,75,329,459,allocated,697.8055839795028,230,105,329,440,existing,818.2534427906322,230,101,329,440,existing,818.2534427906322,230,112,329,120,existing,897.0652596313597,230,107,329,265,existing,841.3200054290111
231,231,94,330,35,existing,88.01244170925051,231,94,330,330,allocated,0.0,231,94,330,330,allocated,0.0,231,110,330,35,existing,88.01244170925051,231,111,330,435,existing,303.2999612233181,231,106,330,440,existing,852.3924340510753,231,103,330,82,existing,533.6608307802471,231,107,330,265,existing,879.2953672139106,231,101,330,440,existing,852.3924340510753,231,109,330,114,existing,928.1476471170329,231,105,330,440,existing,852.3924340510753,231,108,330,114,existing,928.1476471170329,231,102,330,114,existing,928.1476471170329
232,232,98,332,67,existing,314.58454453358456,232,98,332,398,existing,286.16037748329416,232,98,332,223,allocated,99.80613955775738,232,111,332,435,existing,130.06396411815354,232,103,332,82,existing,339.5374062080271,232,6,332,57,allocated,1239.6913737606487,232,110,332,35,existing,345.3514836322212,232,106,332,440,existing,1253.127153426844,232,101,332,440,existing,1253.127153426844,232,107,332,265,existing,1280.0300865896793,232,105,332,440,existing,1253.127153426844,232,102,332,114,existing,1328.8823664928018,232,109,332,114,existing,1328.8823664928018
233,233,98,333,67,existing,230.9990073197095,233,98,333,398,existing,181.3443652446511,233,98,333,223,allocated,16.220602343882323,233,111,333,435,existing,25.247951879510442,233,110,333,35,existing,240.53547139357806,233,106,333,440,existing,1180.0520945614826,233,103,333,82,existing,255.60882143643943,233,107,333,265,existing,1206.955027724318,233,109,333,114,existing,1255.8073076274402,233,101,333,440,existing,1180.0520945614826,233,105,333,440,existing,1180.0520945614826,233,102,333,114,existing,1255.8073076274402,233,108,333,114,existing,1255.8073076274402
234,234,94,342,35,existing,231.9467150587954,234,94,342,398,existing,172.75560890986844,234,94,342,435,allocated,16.659195544727794,234,111,342,435,existing,16.659195544727794,234,103,342,82,existing,213.70167401220118,234,105,342,440,existing,1172.3515908191212,234,110,342,35,existing,231.9467150587954,234,106,342,440,existing,1172.3515908191212,234,102,342,114,existing,1248.1068038850788,234,101,342,440,existing,1172.3515908191212,234,107,342,265,existing,1199.2545239819565,234,108,342,114,existing,1248.1068038850788,234,109,342,114,existing,1248.1068038850788
235,235,36,343,270,allocated,664.5591915539845,235,36,343,270,existing,664.5591915539845,235,36,343,270,allocated,664.5591915539845,235,22,343,157,allocated,1177.0951207111893,235,103,343,82,existing,1538.2402070407857,235,6,343,57,allocated,1631.1005429682623,235,111,343,435,existing,1620.6006158750088,235,101,343,440,existing,2216.3258756949135,235,105,343,440,existing,2216.3258756949135,235,110,343,35,existing,1835.8881353890763,235,106,343,440,existing,2216.3258756949135,235,108,343,114,existing,2280.5753976648343,235,107,343,265,existing,2243.228808857749
236,236,93,344,155,existing,321.4589551398833,236,93,344,157,allocated,304.02692828548265,236,93,344,19,allocated,24.423601636778237,236,22,344,157,allocated,304.02692828548265,236,6,344,57,allocated,840.9451537505203,236,106,344,440,existing,1426.1704864771714,236,105,344,440,existing,1426.1704864771714,236,101,344,440,existing,1426.1704864771714,236,107,344,265,existing,1453.0734196400067,236,108,344,114,existing,1488.9532023167808,236,102,344,114,existing,1488.9532023167808,236,109,344,114,existing,1488.9532023167808,236,112,344,120,existing,1513.2342487569654
237,237,93,345,155,existing,76.37340604160889,237,93,345,157,allocated,60.704343829470034,237,93,345,157,allocated,60.704343829470034,237,22,345,157,allocated,60.704343829470034,237,6,345,57,allocated,588.6243327431062,237,106,345,440,existing,1170.612272627779,237,101,345,440,existing,1170.612272627779,237,109,345,114,existing,1192.9851166358076,237,108,345,114,existing,1192.9851166358076,237,102,345,114,existing,1192.9851166358076,237,105,345,440,existing,1170.612272627779,237,112,345,120,existing,1254.738925871075,237,107,345,265,existing,1197.5152057906141
238,238,93,346,155,existing,360.4072455155949,238,93,346,157,allocated,370.1408045481641,238,93,346,157,allocated,370.1408045481641,238,22,346,157,allocated,370.1408045481641,238,6,346,57,allocated,935.6719032150787,238,105,346,440,existing,1520.8972359417298,238,106,346,440,existing,1520.8972359417298,238,107,346,265,existing,1547.8001691045652,238,102,346,114,existing,1585.1467579116506,238,108,346,114,existing,1585.1467579116506,238,101,346,440,existing,1520.8972359417298,238,109,346,114,existing,1585.1467579116506,238,112,346,120,existing,1607.9609982215238
239,239,93,347,155,existing,349.88446089103365,239,93,347,157,allocated,359.61801992360284,239,93,347,157,allocated,359.61801992360284,239,22,347,157,allocated,359.61801992360284,239,6,347,57,allocated,925.1491185905174,239,106,347,440,existing,1510.3744513171687,239,105,347,440,existing,1510.3744513171687,239,102,347,114,existing,1574.6239732870895,239,109,347,114,existing,1574.6239732870895,239,107,347,265,existing,1537.277384480004,239,101,347,440,existing,1510.3744513171687,239,108,347,114,existing,1574.6239732870895,239,112,347,120,existing,1597.4382135969627
240,240,50,348,339,allocated,131.5250085193578,240,50,348,339,existing,131.5250085193578,240,50,348,339,allocated,131.5250085193578,240,111,348,435,existing,784.5970420159869,240,103,348,82,existing,829.7520495899396,240,6,348,57,allocated,1450.0784058739587,240,110,348,35,existing,999.8845615300545,240,106,348,440,existing,1842.8586846371159,240,105,348,440,existing,1842.8586846371159,240,101,348,440,existing,1842.8586846371159,240,22,348,157,allocated,1639.9708004356953,240,108,348,114,existing,1918.6138977030737,240,107,348,265,existing,1869.7616177999512
241,241,50,349,339,allocated,650.0911927067621,241,50,349,465,existing,438.58943916131193,241,50,349,339,allocated,650.0911927067621,241,111,349,435,existing,690.740270604027,241,110,349,35,existing,780.2708627291718,241,6,349,57,allocated,931.5122216865544,241,103,349,82,existing,914.5844015092523,241,101,349,440,existing,1442.5940815349413,241,22,349,157,allocated,1210.3289133554645,241,106,349,440,existing,1442.5940815349413,241,105,349,440,existing,1442.5940815349413,241,109,349,114,existing,1518.3492946008992,241,107,349,265,existing,1469.4970146977766
242,242,50,350,339,allocated,640.0217810140216,242,50,350,465,existing,448.65885085405245,242,50,350,339,allocated,640.0217810140216,242,111,350,435,existing,680.6708589112865,242,110,350,35,existing,790.3402744219123,242,103,350,82,existing,904.5149898165117,242,6,350,57,allocated,941.5816333792949,242,101,350,440,existing,1452.663493227682,242,22,350,157,allocated,1220.398325048205,242,106,350,440,existing,1452.663493227682,242,105,350,440,existing,1452.663493227682,242,102,350,114,existing,1528.4187062936394,242,107,350,265,existing,1479.566426390517
243,243,50,351,339,allocated,532.7184142954382,243,50,351,339,existing,532.7184142954382,243,50,351,223,allocated,374.3762867042784,243,111,351,435,existing,383.4036362399065,243,110,351,35,existing,598.6911557539742,243,103,351,82,existing,607.2477671451318,243,6,351,57,allocated,1185.7525312440384,243,101,351,440,existing,1441.6652788610359,243,105,351,440,existing,1441.6652788610359,243,106,351,440,existing,1441.6652788610359,243,22,351,157,allocated,1464.5692229129486,243,107,351,265,existing,1468.568212023871,243,108,351,114,existing,1517.4204919269932
244,244,84,352,57,existing,330.70052971170935,244,84,352,157,allocated,559.4242787971673,244,84,352,352,allocated,0.0,244,6,352,57,allocated,330.70052971170935,244,22,352,157,allocated,559.4242787971673,244,106,352,440,existing,915.9258624383605,244,101,352,440,existing,915.9258624383605,244,105,352,440,existing,915.9258624383605,244,109,352,114,existing,980.1753844082815,244,108,352,114,existing,980.1753844082815,244,107,352,265,existing,942.8287956011958,244,112,352,120,existing,1002.9896247181546,244,102,352,114,existing,980.1753844082815
245,245,84,353,57,existing,240.03379589813434,245,84,353,465,existing,485.1473796987918,245,84,353,352,allocated,90.66673381357504,245,6,353,57,allocated,240.03379589813434,245,22,353,157,allocated,650.0910126107424,245,106,353,440,existing,825.2591286247855,245,101,353,440,existing,825.2591286247855,245,107,353,265,existing,852.1620617876208,245,108,353,114,existing,889.5086505947065,245,102,353,114,existing,889.5086505947065,245,105,353,440,existing,825.2591286247855,245,109,353,114,existing,889.5086505947065,245,112,353,120,existing,912.3228909045795
246,246,84,354,57,existing,199.4308934863625,246,84,354,465,existing,444.5444772870199,246,84,354,352,allocated,131.2696362253469,246,6,354,57,allocated,199.4308934863625,246,22,354,157,allocated,690.6939150225143,246,106,354,440,existing,784.6562262130136,246,101,354,440,existing,784.6562262130136,246,108,354,114,existing,848.9057481829346,246,102,354,114,existing,848.9057481829346,246,107,354,265,existing,811.5591593758489,246,105,354,440,existing,784.6562262130136,246,112,354,120,existing,871.7199884928077,246,109,354,114,existing,848.9057481829346
247,247,24,355,167,allocated,472.42153089152833,247,24,355,459,existing,405.96280010479774,247,24,355,459,allocated,405.96280010479774,247,75,355,459,allocated,405.96280010479774,247,104,355,278,existing,927.1109542746032,247,108,355,114,existing,1220.9603179315634,247,102,355,114,existing,1220.9603179315634,247,22,355,157,allocated,1475.2955105136416,247,6,355,57,allocated,1433.833546584362,247,101,355,440,existing,1611.3252632627273,247,109,355,114,existing,1220.9603179315634,247,105,355,440,existing,1611.3252632627273,247,106,355,440,existing,1611.3252632627273
248,248,95,356,35,existing,306.82542938090444,248,95,356,330,allocated,218.8129876716539,248,95,356,330,allocated,218.8129876716539,248,110,356,35,existing,306.82542938090444,248,111,356,435,existing,310.2439353683065,248,103,356,82,existing,540.6048049252355,248,6,356,57,allocated,1016.8810363077564,248,105,356,440,existing,1030.3168159739516,248,106,356,440,existing,1030.3168159739516,248,107,356,265,existing,1057.219749136787,248,101,356,440,existing,1030.3168159739516,248,102,356,114,existing,1106.0720290399092,248,109,356,114,existing,1106.0720290399092
249,249,91,357,49,existing,350.3420706038438,249,91,357,465,existing,410.85854846196435,249,91,357,31,allocated,138.37994649281484,249,6,357,57,allocated,514.2555164201895,249,106,357,440,existing,652.1095005535051,249,105,357,440,existing,652.1095005535051,249,101,357,440,existing,652.1095005535051,249,107,357,265,existing,679.0124337163404,249,102,357,114,existing,727.8647136194627,249,108,357,114,existing,727.8647136194627,249,109,357,114,existing,727.8647136194627,249,110,357,35,existing,941.7022201129067,249,112,357,120,existing,739.1732628332992
250,250,91,358,49,existing,451.51717899198457,250,91,358,465,existing,309.68344007382365,250,91,358,31,allocated,239.55505488095557,250,6,358,57,allocated,615.4306248083302,250,106,358,440,existing,753.2846089416458,250,105,358,440,existing,753.2846089416458,250,101,358,440,existing,753.2846089416458,250,109,358,114,existing,829.0398220076034,250,102,358,114,existing,829.0398220076034,250,108,358,114,existing,829.0398220076034,250,107,358,265,existing,780.1875421044812,250,112,358,120,existing,840.34837122144,250,110,358,35,existing,840.527111724766
251,251,98,359,67,existing,721.1252089497877,251,98,359,461,existing,352.5202544590639,251,98,359,251,allocated,94.41906612483959,251,103,359,82,existing,747.01705462836,251,111,359,435,existing,977.3721681490076,251,106,359,440,existing,2132.1763108309797,251,110,359,35,existing,1192.6596876630754,251,108,359,114,existing,2207.9315238969375,251,101,359,440,existing,2132.1763108309797,251,107,359,265,existing,2159.079243993815,251,105,359,440,existing,2132.1763108309797,251,102,359,114,existing,2207.9315238969375,251,109,359,114,existing,2207.9315238969375
252,252,24,362,167,allocated,634.6676642485822,252,24,362,361,allocated,768.1478716888763,252,24,362,167,allocated,634.6676642485822,252,75,362,459,allocated,943.0570844706174,252,104,362,278,existing,1497.3267739904702,252,6,362,57,allocated,1679.622005702026,252,22,362,157,allocated,1721.0839696313055,252,102,362,114,existing,1791.1761376474303,252,106,362,440,existing,2225.893095647062,252,109,362,114,existing,1791.1761376474303,252,108,362,114,existing,1791.1761376474303,252,105,362,440,existing,2225.893095647062,252,101,362,440,existing,2225.893095647062
253,253,24,363,167,allocated,655.3854981235474,253,24,363,69,existing,921.9105113428952,253,24,363,167,allocated,655.3854981235474,253,75,363,459,allocated,988.8214364888847,253,104,363,278,existing,1543.0911260087375,253,22,363,157,allocated,1741.8018035062707,253,6,363,57,allocated,1700.3398395769912,253,108,363,114,existing,1836.9404896656977,253,109,363,114,existing,1836.9404896656977,253,101,363,440,existing,2255.6352740675347,253,102,363,114,existing,1836.9404896656977,253,106,363,440,existing,2255.6352740675347,253,105,363,440,existing,2255.6352740675347
254,254,84,364,57,existing,497.65156710584586,254,84,364,465,existing,141.38200399586174,254,84,364,352,allocated,434.4321095165051,254,6,364,57,allocated,497.65156710584586,254,22,364,157,allocated,776.4682587747559,254,111,364,435,existing,1026.5756617528868,254,110,364,35,existing,870.1246724213867,254,107,364,265,existing,1109.7798329953323,254,101,364,440,existing,1082.876899832497,254,106,364,440,existing,1082.876899832497,254,105,364,440,existing,1082.876899832497,254,102,364,114,existing,1147.126421802418,254,109,364,114,existing,1147.126421802418
255,255,36,370,270,allocated,335.19001312726266,255,36,370,270,existing,335.19001312726266,255,36,370,270,allocated,335.19001312726266,255,22,370,157,allocated,847.7259422844676,255,6,370,57,allocated,1301.7313645415406,255,111,370,435,existing,1576.8419001672146,255,103,370,82,existing,1494.4814913329915,255,101,370,440,existing,1886.9566972681919,255,106,370,440,existing,1886.9566972681919,255,110,370,35,existing,1717.0429760967909,255,105,370,440,existing,1886.9566972681919,255,107,370,265,existing,1913.859630431027,255,108,370,114,existing,1951.2062192381127
256,256,24,371,167,allocated,553.8752765165136,256,24,371,361,allocated,667.0538811838021,256,24,371,167,allocated,553.8752765165136,256,75,371,459,allocated,862.2646967385485,256,104,371,278,existing,1416.5343862584014,256,22,371,157,allocated,1640.2915818992367,256,6,371,57,allocated,1598.8296179699573,256,101,371,440,existing,2145.1007079149936,256,108,371,114,existing,1710.3837499153615,256,102,371,114,existing,1710.3837499153615,256,109,371,114,existing,1710.3837499153615,256,106,371,440,existing,2145.1007079149936,256,105,371,440,existing,2145.1007079149936
257,257,84,373,57,existing,126.3924772130353,257,84,373,216,existing,572.5125751306275,257,84,373,373,allocated,0.0,257,6,373,57,allocated,126.3924772130353,257,22,373,157,allocated,621.8533313853502,257,101,373,440,existing,704.9265986444336,257,105,373,440,existing,704.9265986444336,257,109,373,114,existing,727.2994426524623,257,102,373,114,existing,727.2994426524623,257,108,373,114,existing,727.2994426524623,257,106,373,440,existing,704.9265986444336,257,107,373,265,existing,731.829531807269,257,112,373,120,existing,789.0532518877296
258,258,84,374,57,existing,340.1231178504024,258,84,374,216,existing,358.78193449326045,258,84,374,374,allocated,0.0,258,6,374,57,allocated,340.1231178504024,258,22,374,157,allocated,805.9746974867699,258,106,374,440,existing,918.6572392818007,258,101,374,440,existing,918.6572392818007,258,102,374,114,existing,941.0300832898295,258,109,374,114,existing,941.0300832898295,258,108,374,114,existing,941.0300832898295,258,105,374,440,existing,918.6572392818007,258,112,374,120,existing,1002.7838925250967,258,107,374,265,existing,945.560172444636
259,259,95,376,35,existing,535.2120459966924,259,95,376,465,existing,193.5306224288325,259,95,376,330,allocated,447.19960428744184,259,110,376,35,existing,535.2120459966924,259,111,376,435,existing,691.6630353281924,259,103,376,82,existing,922.0239048851214,259,6,376,57,allocated,832.56419353054,259,22,376,157,allocated,1111.3808851994502,259,105,376,440,existing,1197.5352648024618,259,101,376,440,existing,1197.5352648024618,259,106,376,440,existing,1197.5352648024618,259,107,376,265,existing,1224.4381979652971,259,108,376,114,existing,1273.2904778684197
260,260,95,377,35,existing,480.6828841692301,260,95,377,465,existing,248.0597842562948,260,95,377,330,allocated,392.67044245997954,260,110,377,35,existing,480.6828841692301,260,111,377,435,existing,637.1338735007301,260,103,377,82,existing,867.4947430576591,260,6,377,57,allocated,887.0933553580023,260,105,377,440,existing,1143.0061029749995,260,101,377,440,existing,1143.0061029749995,260,22,377,157,allocated,1165.9100470269125,260,106,377,440,existing,1143.0061029749995,260,107,377,265,existing,1169.9090361378348,260,102,377,114,existing,1218.7613160409574
261,261,24,378,167,allocated,431.6471715411557,261,24,378,459,existing,293.5768857601324,261,24,378,147,allocated,277.04918409482445,261,75,378,459,allocated,293.5768857601324,261,104,378,278,existing,702.8540183825744,261,109,378,114,existing,996.7033820395345,261,108,378,114,existing,996.7033820395345,261,105,378,440,existing,1431.4203400391664,261,102,378,114,existing,996.7033820395345,261,106,378,440,existing,1431.4203400391664,261,6,378,57,allocated,1393.0591872339894,261,101,378,440,existing,1431.4203400391664,261,22,378,157,allocated,1434.5211511632688
262,262,83,380,278,existing,383.8084510943472,262,83,380,361,allocated,511.4160425448123,262,83,380,445,allocated,83.57994014960828,262,104,380,278,existing,383.8084510943472,262,109,380,114,existing,675.9592255053499,262,102,380,114,existing,675.9592255053499,262,108,380,114,existing,675.9592255053499,262,105,380,440,existing,1040.3405464922482,262,101,380,440,existing,1040.3405464922482,262,106,380,440,existing,1040.3405464922482,262,75,380,459,allocated,700.2520255654455,262,112,380,120,existing,1119.1523633329757,262,107,380,265,existing,1063.407109130627
263,263,93,381,155,existing,566.3358318659193,263,93,381,69,existing,327.6345641394032,263,93,381,381,allocated,0.0,263,22,381,157,allocated,587.9176411452806,263,75,381,459,allocated,1016.7607630467928,263,6,381,57,allocated,1020.2617129597868,263,104,381,278,existing,1571.0304525666456,263,102,381,114,existing,1621.1686783992138,263,101,381,440,existing,1598.795834391185,263,105,381,440,existing,1598.795834391185,263,106,381,440,existing,1598.795834391185,263,109,381,114,existing,1621.1686783992138,263,108,381,114,existing,1621.1686783992138
264,264,98,388,67,existing,259.6063956869611,264,98,388,461,existing,108.99855880376276,264,98,388,305,allocated,75.80831792097695,264,103,388,82,existing,285.49824136553343,264,111,388,435,existing,515.853354886181,264,106,388,440,existing,1670.6574975681533,264,110,388,35,existing,731.1408744002487,264,107,388,265,existing,1697.5604307309884,264,102,388,114,existing,1746.4127106341107,264,101,388,440,existing,1670.6574975681533,264,105,388,440,existing,1670.6574975681533,264,108,388,114,existing,1746.4127106341107,264,109,388,114,existing,1746.4127106341107
265,265,24,393,167,allocated,345.9155587893884,265,24,393,459,existing,160.2279526592635,265,24,393,459,allocated,160.2279526592635,265,75,393,459,allocated,160.2279526592635,265,104,393,278,existing,714.4976421791164,265,108,393,114,existing,1008.3470058360765,265,109,393,114,existing,1008.3470058360765,265,101,393,440,existing,1443.0639638357084,265,102,393,114,existing,1008.3470058360765,265,22,393,157,allocated,1348.7895384115016,265,6,393,57,allocated,1307.3275744822222,265,105,393,440,existing,1443.0639638357084,265,106,393,440,existing,1443.0639638357084
266,266,50,394,339,allocated,279.99090492267896,266,50,394,339,existing,279.99090492267896,266,50,394,339,allocated,279.99090492267896,266,103,394,82,existing,978.2179459932607,266,111,394,435,existing,1060.578354827484,266,110,394,35,existing,1275.8658743415515,266,22,394,157,allocated,1363.9894876241983,266,101,394,440,existing,2088.3317585453324,266,106,394,440,existing,2088.3317585453324,266,6,394,57,allocated,1503.1064258186814,266,105,394,440,existing,2088.3317585453324,266,107,394,265,existing,2115.2346917081677,266,102,394,114,existing,2152.5812805152536
267,267,50,395,339,allocated,289.26440374145096,267,50,395,339,existing,289.26440374145096,267,50,395,339,allocated,289.26440374145096,267,103,395,82,existing,987.4914448120328,267,111,395,435,existing,1069.851853646256,267,22,395,157,allocated,1354.7159888054262,267,110,395,35,existing,1285.1393731603234,267,106,395,440,existing,2097.6052573641045,267,101,395,440,existing,2097.6052573641045,267,6,395,57,allocated,1512.3799246374533,267,105,395,440,existing,2097.6052573641045,267,109,395,114,existing,2161.854779334026,267,107,395,265,existing,2124.50819052694
268,268,36,396,270,allocated,591.0180195229273,268,36,396,270,existing,591.0180195229273,268,36,396,270,allocated,591.0180195229273,268,22,396,157,allocated,916.179095281622,268,6,396,57,allocated,975.6752860022976,268,110,396,35,existing,1149.5749906325764,268,111,396,435,existing,1006.609781437245,268,101,396,440,existing,1560.9006187289488,268,106,396,440,existing,1560.9006187289488,268,103,396,82,existing,1230.4539123424702,268,105,396,440,existing,1560.9006187289488,268,107,396,265,existing,1587.803551891784,268,109,396,114,existing,1625.15014069887
269,269,50,397,339,allocated,681.0072971625275,269,50,397,339,existing,681.0072971625275,269,50,397,339,allocated,681.0072971625275,269,111,397,435,existing,880.1950338607098,269,22,397,157,allocated,1042.5938428581571,269,110,397,35,existing,1091.056644338801,269,6,397,57,allocated,1102.0900335788328,269,105,397,440,existing,1687.315366305484,269,101,397,440,existing,1687.315366305484,269,106,397,440,existing,1687.315366305484,269,103,397,82,existing,1104.039164765935,269,109,397,114,existing,1751.564888275405,269,107,397,265,existing,1714.2182994683192
270,270,94,398,35,existing,371.38393287920826,270,94,398,398,existing,0.0,270,94,398,435,allocated,156.09641336514065,270,111,398,435,existing,156.09641336514065,270,110,398,35,existing,371.38393287920826,270,112,398,120,existing,1110.9274777595235,270,103,398,82,existing,386.4572829220696,270,101,398,440,existing,1197.9912400393177,270,107,398,265,existing,1171.0883068764824,270,105,398,440,existing,1197.9912400393177,270,106,398,440,existing,1197.9912400393177,270,102,398,114,existing,1387.5440217054918,270,109,398,114,existing,1387.5440217054918
271,271,95,399,35,existing,402.4987066018555,271,95,399,398,existing,31.11477372264721,271,95,399,8,allocated,144.81466540108366,271,111,399,435,existing,187.21118708778786,271,110,399,35,existing,402.4987066018555,271,112,399,120,existing,1142.0422514821707,271,103,399,82,existing,417.57205664471684,271,101,399,440,existing,1229.106013761965,271,105,399,440,existing,1229.106013761965,271,107,399,265,existing,1202.2030805991296,271,106,399,440,existing,1229.106013761965,271,109,399,114,existing,1418.658795428139,271,102,399,114,existing,1418.658795428139
272,272,36,400,270,allocated,124.76904661970482,272,36,400,270,existing,124.76904661970482,272,36,400,270,allocated,124.76904661970482,272,22,400,157,allocated,885.1005240484192,272,6,400,57,allocated,1339.1059463054924,272,111,400,435,existing,1722.396847579877,272,103,400,82,existing,1704.902457840549,272,110,400,35,existing,1754.4175578607426,272,106,400,440,existing,1924.3312790321434,272,101,400,440,existing,1924.3312790321434,272,105,400,440,existing,1924.3312790321434,272,107,400,265,existing,1951.2342121949785,272,108,400,114,existing,1988.5808010020642
273,273,36,401,270,allocated,274.6892030383444,273,36,401,270,existing,274.6892030383444,273,36,401,270,allocated,274.6892030383444,273,22,401,157,allocated,908.2267523733858,273,6,401,57,allocated,1362.2321746304588,273,111,401,435,existing,1637.3427102561327,273,103,401,82,existing,1554.9823014219096,273,101,401,440,existing,1947.45750735711,273,105,401,440,existing,1947.45750735711,273,110,401,35,existing,1777.543786185709,273,106,401,440,existing,1947.45750735711,273,107,401,265,existing,1974.360440519945,273,109,401,114,existing,2011.7070293270308
274,274,24,402,167,allocated,655.7222914146707,274,24,402,361,allocated,637.7387257314637,274,24,402,361,allocated,637.7387257314637,274,75,402,459,allocated,884.616513770781,274,104,402,278,existing,1408.1844006608917,274,6,402,57,allocated,1667.240054687879,274,109,402,114,existing,1702.0337643178518,274,102,402,114,existing,1702.0337643178518,274,22,402,157,allocated,1708.702018617158,274,108,402,114,existing,1702.0337643178518,274,101,402,440,existing,2092.398709649016,274,105,402,440,existing,2092.398709649016,274,106,402,440,existing,2092.398709649016
275,275,91,403,49,existing,621.7026557744764,275,91,403,465,existing,312.67740375484186,275,91,403,31,allocated,423.1956103865972,275,110,403,35,existing,656.8865562191244,275,6,403,57,allocated,785.616101590822,275,101,403,440,existing,922.210939239129,275,111,403,435,existing,857.9290372366008,275,105,403,440,existing,922.210939239129,275,108,403,114,existing,997.9661523050866,275,106,403,440,existing,922.210939239129,275,107,403,265,existing,949.1138724019643,275,102,403,114,existing,997.9661523050866,275,109,403,114,existing,997.9661523050866
276,276,83,404,278,existing,309.9033591854425,276,83,404,459,existing,468.83142654033264,276,83,404,471,allocated,53.79589783572966,276,104,404,278,existing,309.9033591854425,276,75,404,459,allocated,468.83142654033264,276,102,404,114,existing,603.7527228424027,276,108,404,114,existing,603.7527228424027,276,101,404,440,existing,1038.4696808420344,276,109,404,114,existing,603.7527228424027,276,106,404,440,existing,1038.4696808420344,276,105,404,440,existing,1038.4696808420344,276,112,404,120,existing,1117.2814976827622,276,107,404,265,existing,1061.5362434804135
277,277,36,405,270,allocated,205.07441748849374,277,36,405,270,existing,205.07441748849374,277,36,405,406,allocated,99.46166389089595,277,22,405,157,allocated,765.266800196644,277,6,405,57,allocated,1341.913286913985,277,111,405,435,existing,1802.7022184486661,277,110,405,35,existing,1834.7229287295315,277,107,405,265,existing,1954.0415528034714,277,105,405,440,existing,1927.1386196406363,277,106,405,440,existing,1927.1386196406363,277,101,405,440,existing,1927.1386196406363,277,109,405,114,existing,1989.921335480246,277,108,405,114,existing,1989.921335480246
278,278,36,406,270,allocated,105.61275359759777,278,36,406,270,existing,105.61275359759777,278,36,406,406,allocated,0.0,278,22,406,157,allocated,864.7284640875399,278,6,406,57,allocated,1319.9496532833853,278,110,406,35,existing,1735.2612648386355,278,111,406,435,existing,1703.24055455777,278,106,406,440,existing,1905.1749860100363,278,103,406,82,existing,1927.0846854629954,278,105,406,440,existing,1905.1749860100363,278,101,406,440,existing,1905.1749860100363,278,107,406,265,existing,1932.0779191728714,278,109,406,114,existing,1969.424507979957
279,279,36,408,270,allocated,732.2942013590771,279,36,408,465,existing,478.12954105616376,279,36,408,270,allocated,732.2942013590771,279,6,408,57,allocated,834.3991041661478,279,22,408,157,allocated,941.6717328323034,279,111,408,435,existing,1147.8859632733947,279,110,408,35,existing,1008.2988087964264,279,101,408,440,existing,1419.6244368927992,279,105,408,440,existing,1419.6244368927992,279,103,408,82,existing,1371.7300941786202,279,106,408,440,existing,1419.6244368927992,279,107,408,265,existing,1446.5273700556343,279,102,408,114,existing,1483.8739588627202
280,280,84,409,57,existing,284.57485523046233,280,84,409,465,existing,359.40051554292006,280,84,409,352,allocated,216.41359796944673,280,6,409,57,allocated,284.57485523046233,280,22,409,157,allocated,775.837876766614,280,106,409,440,existing,869.8001879571135,280,101,409,440,existing,869.8001879571135,280,108,409,114,existing,934.0497099270344,280,109,409,114,existing,934.0497099270344,280,105,409,440,existing,869.8001879571135,280,107,409,265,existing,896.7031211199488,280,112,409,120,existing,956.8639502369076,280,102,409,114,existing,934.0497099270344
281,281,24,410,167,allocated,567.4499071494173,281,24,410,361,allocated,680.6285118167058,281,24,410,167,allocated,567.4499071494173,281,75,410,459,allocated,875.8393273714523,281,104,410,278,existing,1430.1090168913051,281,6,410,57,allocated,1612.4042486028611,281,22,410,157,allocated,1653.8662125321405,281,109,410,114,existing,1723.9583805482653,281,102,410,114,existing,1723.9583805482653,281,108,410,114,existing,1723.9583805482653,281,101,410,440,existing,2158.675338547897,281,106,410,440,existing,2158.675338547897,281,105,410,440,existing,2158.675338547897
282,282,83,412,278,existing,352.3379520521671,282,83,412,361,allocated,710.0379895052235,282,83,412,412,allocated,0.0,282,104,412,278,existing,352.3379520521671,282,102,412,114,existing,477.33727854493867,282,109,412,114,existing,477.33727854493867,282,108,412,114,existing,477.33727854493867,282,105,412,440,existing,841.7185995318371,282,106,412,440,existing,841.7185995318371,282,75,412,459,allocated,722.5081873646831,282,101,412,440,existing,841.7185995318371,282,112,412,120,existing,920.5304163725646,282,107,412,265,existing,864.7851621702159
283,283,95,415,35,existing,289.5885510760305,283,95,415,398,existing,350.58217059570956,283,95,415,35,allocated,289.5885510760305,283,110,415,35,existing,289.5885510760305,283,111,415,435,existing,504.87607059009804,283,112,415,120,existing,833.2075696016853,283,103,415,82,existing,729.372812738376,283,106,415,440,existing,920.2713318814795,283,105,415,440,existing,920.2713318814795,283,107,415,265,existing,893.3683987186441,283,101,415,440,existing,920.2713318814795,283,102,415,114,existing,1303.4163730442224,283,109,415,114,existing,1303.4163730442224
284,284,24,416,167,allocated,531.5589355490445,284,24,416,69,existing,798.0839487683922,284,24,416,167,allocated,531.5589355490445,284,75,416,459,allocated,864.9948739143817,284,104,416,278,existing,1419.2645634342346,284,22,416,157,allocated,1617.9752409317678,284,6,416,57,allocated,1576.5132770024882,284,109,416,114,existing,1713.1139270911947,284,102,416,114,existing,1713.1139270911947,284,105,416,440,existing,2131.8087114930318,284,108,416,114,existing,1713.1139270911947,284,106,416,440,existing,2131.8087114930318,284,101,416,440,existing,2131.8087114930318
285,285,84,417,57,existing,116.26248421704227,285,84,417,465,existing,527.7128865563401,285,84,417,57,allocated,116.26248421704227,285,6,417,57,allocated,116.26248421704227,285,22,417,157,allocated,613.261206434982,285,106,417,440,existing,701.4878169436935,285,105,417,440,existing,701.4878169436935,285,107,417,265,existing,728.3907501065288,285,102,417,114,existing,765.7373389136144,285,108,417,114,existing,765.7373389136144,285,101,417,440,existing,701.4878169436935,285,112,417,120,existing,788.5515792234876,285,109,417,114,existing,765.7373389136144
286,286,85,418,35,existing,546.6624908530143,286,85,418,398,existing,175.27855797380602,286,85,418,8,allocated,39.739819762153985,286,111,418,435,existing,331.3749713389467,286,110,418,35,existing,546.6624908530143,286,112,418,120,existing,1286.2060357333294,286,103,418,82,existing,561.7358408958756,286,107,418,265,existing,1346.3668648502885,286,105,418,440,existing,1373.2697980131238,286,106,418,440,existing,1373.2697980131238,286,101,418,440,existing,1373.2697980131238,286,109,418,114,existing,1562.8225796792976,286,102,418,114,existing,1562.8225796792976
287,287,36,419,270,allocated,304.84407183652786,287,36,419,270,existing,304.84407183652786,287,36,419,270,allocated,304.84407183652786,287,22,419,157,allocated,878.0718835752024,287,6,419,57,allocated,1332.0773058322754,287,103,419,82,existing,1524.827432623726,287,111,419,435,existing,1607.1878414579492,287,106,419,440,existing,1917.3026385589267,287,110,419,35,existing,1747.3889173875257,287,105,419,440,existing,1917.3026385589267,287,101,419,440,existing,1917.3026385589267,287,107,419,265,existing,1944.2055717217618,287,109,419,114,existing,1981.5521605288475
288,288,91,420,49,existing,534.2983583009575,288,91,420,465,existing,392.4646193827965,288,91,420,31,allocated,322.3362341899284,288,6,420,57,allocated,698.211804117303,288,106,420,440,existing,836.0657882506188,288,105,420,440,existing,836.0657882506188,288,101,420,440,existing,836.0657882506188,288,102,420,114,existing,911.8210013165764,288,109,420,114,existing,911.8210013165764,288,107,420,265,existing,862.9687214134541,288,108,420,114,existing,911.8210013165764,288,110,420,35,existing,923.3082910337389,288,112,420,120,existing,923.1295505304129
289,289,84,421,57,existing,50.978894329188286,289,84,421,157,allocated,547.977616547128,289,84,421,57,allocated,50.978894329188286,289,6,421,57,allocated,50.978894329188286,289,22,421,157,allocated,547.977616547128,289,105,421,440,existing,636.2042270558395,289,101,421,440,existing,636.2042270558395,289,107,421,265,existing,663.1071602186747,289,108,421,114,existing,700.4537490257604,289,102,421,114,existing,700.4537490257604,289,106,421,440,existing,636.2042270558395,289,112,421,120,existing,723.2679893356335,289,109,421,114,existing,700.4537490257604
290,290,84,422,57,existing,760.9916548314743,290,84,422,465,existing,404.72209172149024,290,84,422,352,allocated,666.4682242333708,290,6,422,57,allocated,760.9916548314743,290,22,422,157,allocated,868.2642834976299,290,110,422,35,existing,934.8913594617529,290,111,422,435,existing,1091.342348793253,290,106,422,440,existing,1346.2169875581253,290,103,422,82,existing,1321.703218350182,290,101,422,440,existing,1346.2169875581253,290,105,422,440,existing,1346.2169875581253,290,109,422,114,existing,1410.4665095280466,290,107,422,265,existing,1373.1199207209606
291,291,50,423,339,allocated,229.63157618561306,291,50,423,339,existing,229.63157618561306,291,50,423,339,allocated,229.63157618561306,291,103,423,82,existing,927.8586172561949,291,111,423,435,existing,1010.2190260904181,291,22,423,157,allocated,1529.22801168445,291,110,423,35,existing,1225.5065456044856,291,106,423,440,existing,2068.4806687115474,291,6,423,57,allocated,1596.619637830785,291,101,423,440,existing,2068.4806687115474,291,105,423,440,existing,2068.4806687115474,291,109,423,114,existing,2144.235881777505,291,107,423,265,existing,2095.3836018743827
292,292,24,424,167,allocated,492.0398074262058,292,24,424,69,existing,225.51479420685808,292,24,424,424,allocated,0.0,292,6,424,57,allocated,715.522623271509,292,22,424,157,allocated,796.9958177122502,292,75,424,459,allocated,914.6409931142477,292,106,424,440,existing,1294.0567447029075,292,101,424,440,existing,1294.0567447029075,292,108,424,114,existing,1316.429588710936,292,109,424,114,existing,1316.429588710936,292,105,424,440,existing,1294.0567447029075,292,107,424,265,existing,1320.9596778657426,292,102,424,114,existing,1316.429588710936
293,293,94,425,35,existing,674.5387274953912,293,94,425,465,existing,332.85730392753135,293,94,425,330,allocated,586.5262857861408,293,110,425,35,existing,674.5387274953912,293,6,425,57,allocated,735.2037301070578,293,111,425,435,existing,830.9897168268913,293,22,425,157,allocated,1014.0204217759679,293,106,425,440,existing,1320.429062833709,293,105,425,440,existing,1320.429062833709,293,101,425,440,existing,1320.429062833709,293,103,425,82,existing,1061.3505863838202,293,109,425,114,existing,1384.67858480363,293,107,425,265,existing,1347.331995996544
294,294,50,426,339,allocated,365.9520506710271,294,50,426,339,existing,365.9520506710271,294,50,426,339,allocated,365.9520506710271,294,103,426,82,existing,1064.1790917416088,294,111,426,435,existing,1146.539500575832,294,22,426,157,allocated,1665.548486169864,294,110,426,35,existing,1361.8270200898996,294,106,426,440,existing,2204.801143196961,294,6,426,57,allocated,1732.940112316199,294,105,426,440,existing,2204.801143196961,294,101,426,440,existing,2204.801143196961,294,109,426,114,existing,2280.556356262919,294,107,426,265,existing,2231.7040763597965
295,295,24,430,167,allocated,462.96839753173265,295,24,430,361,allocated,423.3427649828534,295,24,430,361,allocated,423.3427649828534,295,75,430,459,allocated,670.2205530221706,295,104,430,278,existing,1193.7884399122813,295,6,430,57,allocated,1452.8440939392685,295,109,430,114,existing,1487.6378035692417,295,102,430,114,existing,1487.6378035692417,295,22,430,157,allocated,1494.3060578685477,295,105,430,440,existing,1878.0027489004055,295,108,430,114,existing,1487.6378035692417,295,106,430,440,existing,1878.0027489004055,295,101,430,440,existing,1878.0027489004055
296,296,95,431,35,existing,465.0667431923457,296,95,431,398,existing,93.68281031313741,296,95,431,435,allocated,249.77922367827807,296,111,431,435,existing,249.77922367827807,296,110,431,35,existing,465.0667431923457,296,103,431,82,existing,472.4734524558038,296,112,431,120,existing,1017.2446674463861,296,107,431,265,existing,1077.405496563345,296,105,431,440,existing,1104.3084297261803,296,101,431,440,existing,1104.3084297261803,296,106,431,440,existing,1104.3084297261803,296,109,431,114,existing,1481.226832018629,296,108,431,114,existing,1481.226832018629
297,297,36,432,270,allocated,348.53889696133194,297,36,432,270,existing,348.53889696133194,297,36,432,270,allocated,348.53889696133194,297,22,432,157,allocated,577.7504997650296,297,6,432,57,allocated,1176.707010641346,297,111,432,435,existing,1603.2961039117301,297,110,432,35,existing,1635.3168141925955,297,107,432,265,existing,1788.8352765308323,297,106,432,440,existing,1761.9323433679972,297,101,432,440,existing,1761.9323433679972,297,105,432,440,existing,1761.9323433679972,297,108,432,114,existing,1826.1818653379182,297,102,432,114,existing,1826.1818653379182
298,298,94,435,35,existing,215.2875195140676,298,94,435,398,existing,156.09641336514065,298,94,435,435,allocated,0.0,298,111,435,435,existing,0.0,298,110,435,35,existing,215.2875195140676,298,103,435,82,existing,230.36086955692898,298,105,435,440,existing,1155.6923952743934,298,107,435,265,existing,1182.5953284372288,298,106,435,440,existing,1155.6923952743934,298,108,435,114,existing,1231.447608340351,298,101,435,440,existing,1155.6923952743934,298,109,435,114,existing,1231.447608340351,298,102,435,114,existing,1231.447608340351
299,299,84,443,57,existing,71.51813666685464,299,84,443,157,allocated,527.4383742094617,299,84,443,57,allocated,71.51813666685464,299,6,443,57,allocated,71.51813666685464,299,22,443,157,allocated,527.4383742094617,299,106,443,440,existing,656.7434693935058,299,101,443,440,existing,656.7434693935058,299,108,443,114,existing,720.9929913634268,299,107,443,265,existing,683.6464025563411,299,109,443,114,existing,720.9929913634268,299,105,443,440,existing,656.7434693935058,299,102,443,114,existing,720.9929913634268,299,112,443,120,existing,743.8072316732998
300,300,83,445,278,existing,467.37995886297006,300,83,445,361,allocated,594.9959826944205,300,83,445,445,allocated,0.0,300,104,445,278,existing,467.37995886297006,300,102,445,114,existing,592.3792853557416,300,108,445,114,existing,592.3792853557416,300,109,445,114,existing,592.3792853557416,300,105,445,440,existing,956.76060634264,300,75,445,459,allocated,783.8319657150538,300,101,445,440,existing,956.76060634264,300,106,445,440,existing,956.76060634264,300,107,445,265,existing,979.8271689810189,300,112,445,120,existing,1035.5724231833674
301,301,91,452,49,existing,790.3223116739953,301,91,452,465,existing,293.78999643389744,301,91,452,31,allocated,591.8152662861161,301,6,452,57,allocated,839.3744783999414,301,110,452,35,existing,1012.1407313053031,301,106,452,440,existing,1090.8305951386478,301,101,452,440,existing,1090.8305951386478,301,102,452,114,existing,1166.5858082046054,301,105,452,440,existing,1090.8305951386478,301,22,452,157,allocated,1118.1911700688515,301,107,452,265,existing,1117.7335283014831,301,108,452,114,existing,1166.5858082046054,301,109,452,114,existing,1166.5858082046054
302,302,91,453,49,existing,622.1389277913781,302,91,453,465,existing,125.60661255128025,302,91,453,31,allocated,423.63188240349893,302,6,453,57,allocated,671.1910945173242,302,110,453,35,existing,843.957347422686,302,106,453,440,existing,922.6472112560307,302,101,453,440,existing,922.6472112560307,302,22,453,157,allocated,950.0077861862343,302,107,453,265,existing,949.550144418866,302,108,453,114,existing,998.4024243219883,302,105,453,440,existing,922.6472112560307,302,102,453,114,existing,998.4024243219883,302,109,453,114,existing,998.4024243219883
303,303,94,454,35,existing,527.7110791345366,303,94,454,330,allocated,439.69863742528605,303,94,454,89,allocated,356.44100256040326,303,110,454,35,existing,527.7110791345366,303,112,454,120,existing,630.5949732787323,303,105,454,440,existing,717.6587355585264,303,107,454,265,existing,690.755802395691,303,103,454,82,existing,968.3430524691707,303,106,454,440,existing,717.6587355585264,303,101,454,440,existing,717.6587355585264,303,111,454,435,existing,742.9985986486042,303,108,454,114,existing,1100.8037767212693,303,109,454,114,existing,1100.8037767212693
304,304,50,456,339,allocated,473.321934255948,304,50,456,339,existing,473.321934255948,304,50,456,339,allocated,473.321934255948,304,103,456,82,existing,1171.54897532653,304,111,456,435,existing,1253.909384160753,304,110,456,35,existing,1469.1969036748205,304,22,456,157,allocated,1538.7735193199233,304,6,456,57,allocated,1696.4374551519504,304,106,456,440,existing,2281.6627878786016,304,101,456,440,existing,2281.6627878786016,304,105,456,440,existing,2281.6627878786016,304,107,456,265,existing,2308.565721041437,304,108,456,114,existing,2345.9123098485225
305,305,24,457,167,allocated,359.42186979320974,305,24,457,361,allocated,407.87731165625945,305,24,457,167,allocated,359.42186979320974,305,75,457,459,allocated,566.6740252836478,305,104,457,278,existing,1090.2419121737585,305,6,457,57,allocated,1349.2975662007457,305,108,457,114,existing,1384.0912758307188,305,105,457,440,existing,1774.4562211618827,305,22,457,157,allocated,1390.7595301300248,305,109,457,114,existing,1384.0912758307188,305,102,457,114,existing,1384.0912758307188,305,106,457,440,existing,1774.4562211618827,305,101,457,440,existing,1774.4562211618827
306,306,98,458,67,existing,417.37381242809107,306,98,458,461,existing,48.76885793736724,306,98,458,461,allocated,48.76885793736724,306,103,458,82,existing,443.2656581066634,306,111,458,435,existing,673.620771627311,306,110,458,35,existing,888.9082911413786,306,101,458,440,existing,1828.4249143092832,306,106,458,440,existing,1828.4249143092832,306,105,458,440,existing,1828.4249143092832,306,108,458,114,existing,1904.180127375241,306,107,458,265,existing,1855.3278474721185,306,102,458,114,existing,1904.180127375241,306,109,458,114,existing,1904.180127375241
307,307,24,459,167,allocated,506.1435114486519,307,24,459,459,existing,0.0,307,24,459,459,allocated,0.0,307,75,459,459,allocated,0.0,307,104,459,278,existing,554.2696895198528,307,102,459,114,existing,848.1190531768129,307,108,459,114,existing,848.1190531768129,307,101,459,440,existing,1282.8360111764448,307,109,459,114,existing,848.1190531768129,307,106,459,440,existing,1282.8360111764448,307,105,459,440,existing,1282.8360111764448,307,112,459,120,existing,1361.6478280171723,307,107,459,265,existing,1305.9025738148237
308,308,98,461,67,existing,368.60495449072386,308,98,461,461,existing,0.0,308,98,461,461,allocated,0.0,308,103,461,82,existing,394.4968001692962,308,111,461,435,existing,624.8519136899438,308,110,461,35,existing,840.1394332040114,308,101,461,440,existing,1779.6560563719158,308,107,461,265,existing,1806.5589895347512,308,105,461,440,existing,1779.6560563719158,308,108,461,114,existing,1855.4112694378737,308,106,461,440,existing,1779.6560563719158,308,102,461,114,existing,1855.4112694378737,308,109,461,114,existing,1855.4112694378737
309,309,90,462,265,existing,566.7648291799727,309,90,462,330,allocated,1443.4078409168546,309,90,462,462,allocated,0.0,309,107,462,265,existing,566.7648291799727,309,106,462,440,existing,591.0154068657793,309,105,462,440,existing,591.0154068657793,309,101,462,440,existing,591.0154068657793,309,102,462,114,existing,977.4508935312421,309,112,462,120,existing,622.5100833823213,309,108,462,114,existing,977.4508935312421,309,109,462,114,existing,977.4508935312421,309,104,462,278,existing,1271.300257188202,309,6,462,57,allocated,1175.150782622722
310,310,84,464,57,existing,592.3090265338758,310,84,464,465,existing,46.72454456783185,310,84,464,31,allocated,502.51395038694733,310,6,464,57,allocated,592.3090265338758,310,110,464,35,existing,775.4672129933567,310,111,464,435,existing,931.9182023248568,310,22,464,157,allocated,871.1257182027858,310,107,464,265,existing,1028.4322124023145,310,105,464,440,existing,1001.5292792394791,310,101,464,440,existing,1001.5292792394791,310,106,464,440,existing,1001.5292792394791,310,108,464,114,existing,1077.2844923054367,310,102,464,114,existing,1077.2844923054367
311,311,84,465,57,existing,639.0335711017076,311,84,465,465,existing,0.0,311,84,465,31,allocated,549.2384949547792,311,6,465,57,allocated,639.0335711017076,311,110,465,35,existing,728.7426684255249,311,22,465,157,allocated,917.8502627706176,311,111,465,435,existing,885.193657757025,311,107,465,265,existing,1075.1567569701463,311,105,465,440,existing,1048.253823807311,311,106,465,440,existing,1048.253823807311,311,101,465,440,existing,1048.253823807311,311,109,465,114,existing,1124.0090368732685,311,103,465,82,existing,1115.554527313954
312,312,50,466,339,allocated,569.3644428874386,312,50,466,339,existing,569.3644428874386,312,50,466,339,allocated,569.3644428874386,312,103,466,82,existing,1267.5914839580205,312,111,466,435,existing,1349.9518927922436,312,22,466,157,allocated,1443.8416248124277,312,110,466,35,existing,1565.2394123063111,312,106,466,440,existing,2308.8274694645456,312,6,466,57,allocated,1723.6021367378944,312,105,466,440,existing,2308.8274694645456,312,101,466,440,existing,2308.8274694645456,312,102,466,114,existing,2373.0769914344664,312,107,466,265,existing,2335.730402627381
313,313,36,467,270,allocated,380.9176276517635,313,36,467,270,existing,380.9176276517635,313,36,467,270,allocated,380.9176276517635,313,22,467,157,allocated,801.9983277599667,313,6,467,57,allocated,1256.0037500170397,313,103,467,82,existing,1540.2091058574922,313,111,467,435,existing,1622.5695146917153,313,105,467,440,existing,1841.229082743691,313,101,467,440,existing,1841.229082743691,313,110,467,35,existing,1671.31536157229,313,106,467,440,existing,1841.229082743691,313,107,467,265,existing,1868.132015906526,313,102,467,114,existing,1905.4786047136117
314,314,93,468,155,existing,232.20672101044437,314,93,468,157,allocated,241.94028004301353,314,93,468,157,allocated,241.94028004301353,314,22,468,157,allocated,241.94028004301353,314,6,468,57,allocated,807.4713787099281,314,101,468,440,existing,1392.6967114365793,314,106,468,440,existing,1392.6967114365793,314,102,468,114,existing,1456.9462334065001,314,105,468,440,existing,1392.6967114365793,314,107,468,265,existing,1419.5996445994147,314,109,468,114,existing,1456.9462334065001,314,112,468,120,existing,1479.7604737163733,314,108,468,114,existing,1456.9462334065001
315,315,36,469,270,allocated,471.6264269549041,315,36,469,270,existing,471.6264269549041,315,36,469,270,allocated,471.6264269549041,315,22,469,157,allocated,569.6632804312369,315,6,469,57,allocated,1135.1943790981516,315,111,469,435,existing,1598.2486954091205,315,110,469,35,existing,1630.269405689986,315,101,469,440,existing,1720.4197118248028,315,106,469,440,existing,1720.4197118248028,315,107,469,265,existing,1747.3226449876381,315,105,469,440,existing,1720.4197118248028,315,109,469,114,existing,1784.6692337947236,315,108,469,114,existing,1784.6692337947236
316,316,83,471,278,existing,363.6992570211722,316,83,471,459,existing,522.6273243760623,316,83,471,471,allocated,0.0,316,104,471,278,existing,363.6992570211722,316,75,471,459,allocated,522.6273243760623,316,109,471,114,existing,657.5486206781324,316,108,471,114,existing,657.5486206781324,316,105,471,440,existing,1092.265578677764,316,102,471,114,existing,657.5486206781324,316,101,471,440,existing,1092.265578677764,316,106,471,440,existing,1092.265578677764,316,112,471,120,existing,1171.0773955184918,316,107,471,265,existing,1115.3321413161432
317,317,93,472,155,existing,414.8343759545513,317,93,472,157,allocated,436.4161852339127,317,93,472,131,allocated,395.6820681433141,317,22,472,157,allocated,436.4161852339127,317,6,472,57,allocated,893.3275437360435,317,75,472,459,allocated,1320.2565300753101,317,101,472,440,existing,1475.3154836207166,317,106,472,440,existing,1475.3154836207166,317,109,472,114,existing,1497.6883276287451,317,105,472,440,existing,1475.3154836207166,317,108,472,114,existing,1497.6883276287451,317,107,472,265,existing,1502.2184167835517,317,102,472,114,existing,1497.6883276287451
318,318,93,473,155,existing,579.5017881604267,318,93,473,216,existing,386.9386430716119,318,93,473,299,allocated,383.01922386696936,318,22,473,157,allocated,601.0835974397882,318,6,473,57,allocated,728.6601315301681,318,75,473,459,allocated,1155.5891178694346,318,105,473,440,existing,1310.648071414841,318,102,473,114,existing,1333.0209154228696,318,101,473,440,existing,1310.648071414841,318,106,473,440,existing,1310.648071414841,318,109,473,114,existing,1333.0209154228696,318,108,473,114,existing,1333.0209154228696,318,107,473,265,existing,1337.5510045776762
319,319,90,477,265,existing,680.5355301673629,319,90,477,330,allocated,710.1764014711953,319,90,477,477,allocated,0.0,319,112,477,120,existing,620.3747010504042,319,107,477,265,existing,680.5355301673629,319,105,477,440,existing,707.4384633301983,319,106,477,440,existing,707.4384633301983,319,108,477,114,existing,928.8001086531231,319,101,477,440,existing,707.4384633301983,319,110,477,35,existing,798.1888431804458,319,109,477,114,existing,928.8001086531231,319,102,477,114,existing,928.8001086531231,319,111,477,435,existing,1013.4763626945135
