,assign_from_var_id_grocery,assign_to_var_id_grocery,assign_from_node_id_grocery,assign_to_node_id_grocery,assign_type_grocery,dist_grocery,assign_from_var_id_school,assign_to_var_id_school,assign_from_node_id_school,assign_to_node_id_school,assign_type_school,dist_school,assign_from_var_id_healthcare,assign_to_var_id_healthcare,assign_from_node_id_healthcare,assign_to_node_id_healthcare,assign_type_healthcare,dist_healthcare,0_assign_from_var_id_restaurant,0_assign_to_var_id_restaurant,0_assign_from_node_id_restaurant,0_assign_to_node_id_restaurant,0_assign_type_restaurant,0_dist_restaurant,1_assign_from_var_id_restaurant,1_assign_to_var_id_restaurant,1_assign_from_node_id_restaurant,1_assign_to_node_id_restaurant,1_assign_type_restaurant,1_dist_restaurant,2_assign_from_var_id_restaurant,2_assign_to_var_id_restaurant,2_assign_from_node_id_restaurant,2_assign_to_node_id_restaurant,2_assign_type_restaurant,2_dist_restaurant,3_assign_from_var_id_restaurant,3_assign_to_var_id_restaurant,3_assign_from_node_id_restaurant,3_assign_to_node_id_restaurant,3_assign_type_restaurant,3_dist_restaurant,4_assign_from_var_id_restaurant,4_assign_to_var_id_restaurant,4_assign_from_node_id_restaurant,4_assign_to_node_id_restaurant,4_assign_type_restaurant,4_dist_restaurant,5_assign_from_var_id_restaurant,5_assign_to_var_id_restaurant,5_assign_from_node_id_restaurant,5_assign_to_node_id_restaurant,5_assign_type_restaurant,5_dist_restaurant,6_assign_from_var_id_restaurant,6_assign_to_var_id_restaurant,6_assign_from_node_id_restaurant,6_assign_to_node_id_restaurant,6_assign_type_restaurant,6_dist_restaurant,7_assign_from_var_id_restaurant,7_assign_to_var_id_restaurant,7_assign_from_node_id_restaurant,7_assign_to_node_id_restaurant,7_assign_type_restaurant,7_dist_restaurant,8_assign_from_var_id_restaurant,8_assign_to_var_id_restaurant,8_assign_from_node_id_restaurant,8_assign_to_node_id_restaurant,8_assign_type_restaurant,8_dist_restaurant,9_assign_from_var_id_restaurant,9_assign_to_var_id_restaurant,9_assign_from_node_id_restaurant,9_assign_to_node_id_restaurant,9_assign_type_restaurant,9_dist_restaurant
0,0,92,22,124,existing,58.691359995527684,0,92,22,81,existing,384.1011734318715,0,92,22,22,allocated,0.0,0,94,22,94,existing,410.85907152520286,0,109,22,239,existing,444.03566693219267,0,95,22,447,existing,487.70003562129676,0,93,22,195,existing,532.5899755381283,0,99,22,347,existing,1362.1475296373524,0,98,22,491,existing,1344.9024260891833,0,100,22,347,existing,1362.1475296373524,0,96,22,491,existing,1344.9024260891833,0,97,22,491,existing,1344.9024260891833,0,103,22,457,existing,1679.2646524065228
1,1,92,23,124,existing,280.93748840656406,1,92,23,540,existing,199.92861257906543,1,92,23,196,existing,65.92947700640018,1,93,23,195,existing,310.34384712709203,1,95,23,447,existing,431.7170953728617,1,109,23,239,existing,530.3527230461827,1,94,23,94,existing,633.1051999362392,1,100,23,347,existing,1139.901401226316,1,96,23,491,existing,1122.656297678147,1,98,23,491,existing,1122.656297678147,1,97,23,491,existing,1122.656297678147,1,101,23,457,existing,1457.0185239954865,1,99,23,347,existing,1139.901401226316
2,2,92,27,124,existing,693.1846898917383,2,92,27,231,existing,570.2590036638021,2,92,27,418,allocated,80.42552038955023,2,94,27,94,existing,708.9049861558025,2,109,27,239,existing,1063.625608215074,2,95,27,447,existing,1107.289976904178,2,93,27,195,existing,1228.6632251499477,2,96,27,491,existing,2040.9756757010027,2,98,27,491,existing,2040.9756757010027,2,97,27,491,existing,2040.9756757010027,2,99,27,347,existing,2058.2207792491718,2,107,27,379,existing,2178.07070766142,2,100,27,347,existing,2058.2207792491718
3,3,92,28,124,existing,674.3875802546953,3,92,28,231,existing,589.0561133008453,3,92,28,418,allocated,61.62841075250718,3,94,28,94,existing,690.1078765187594,3,109,28,239,existing,1044.828498578031,3,93,28,195,existing,1209.8661155129046,3,95,28,447,existing,1088.492867267135,3,100,28,347,existing,2039.4236696121286,3,98,28,491,existing,2022.1785660639596,3,97,28,491,existing,2022.1785660639596,3,96,28,491,existing,2022.1785660639596,3,106,28,379,existing,2196.8678172984633,3,99,28,347,existing,2039.4236696121286
4,4,90,29,379,existing,616.3801430380493,4,90,29,320,existing,1383.0362182940255,4,90,29,261,allocated,163.34012842697652,4,107,29,379,existing,616.3801430380493,4,106,29,379,existing,616.3801430380493,4,109,29,239,existing,2416.2242684319226,4,94,29,94,existing,2340.074010330192,4,96,29,491,existing,3294.634507890317,4,95,29,447,existing,2459.888637121027,4,93,29,195,existing,2498.236080150444,4,97,29,491,existing,3294.634507890317,4,98,29,491,existing,3294.634507890317,4,99,29,347,existing,3311.879611438486
5,5,90,30,379,existing,532.3067279888535,5,90,30,320,existing,1298.9628032448295,5,90,30,261,allocated,82.702830215691,5,106,30,379,existing,532.3067279888535,5,107,30,379,existing,532.3067279888535,5,109,30,239,existing,2332.150853382727,5,94,30,94,existing,2256.000595280996,5,96,30,491,existing,3210.5610928411206,5,97,30,491,existing,3210.5610928411206,5,93,30,195,existing,2414.1626651012484,5,95,30,447,existing,2375.815222071831,5,100,30,347,existing,3227.8061963892897,5,98,30,491,existing,3210.5610928411206
6,6,92,32,124,existing,1058.9611745927282,6,92,32,231,existing,94.36311018125447,6,92,32,231,allocated,94.36311018125447,6,94,32,94,existing,1074.6814708567924,6,109,32,239,existing,1429.402092916064,6,93,32,195,existing,1540.1468598548995,6,95,32,447,existing,1473.0664616051681,6,98,32,491,existing,2344.474310307656,6,106,32,379,existing,2281.018267692628,6,97,32,491,existing,2344.474310307656,6,107,32,379,existing,2281.018267692628,6,100,32,347,existing,2361.719413855825,6,96,32,491,existing,2344.474310307656
7,7,89,34,284,existing,97.79513810479105,7,89,34,283,existing,857.96144915261,7,89,34,279,allocated,164.18075802488787,7,105,34,71,existing,245.68511789017148,7,104,34,285,existing,563.8187972144993,7,102,34,457,existing,663.2618449716887,7,108,34,457,existing,663.2618449716887,7,100,34,347,existing,981.0506178485913,7,99,34,347,existing,981.0506178485913,7,103,34,457,existing,663.2618449716887,7,101,34,457,existing,663.2618449716887,7,96,34,491,existing,998.2957213967604,7,98,34,491,existing,998.2957213967604
8,8,92,38,124,existing,661.6136783737951,8,92,38,231,existing,601.8300151817455,8,92,38,418,allocated,48.85450887160701,8,94,38,94,existing,677.3339746378592,8,109,38,239,existing,1032.0545966971308,8,93,38,195,existing,1197.0922136320046,8,95,38,447,existing,1075.718965386235,8,97,38,491,existing,2009.4046641830596,8,98,38,491,existing,2009.4046641830596,8,99,38,347,existing,2026.6497677312286,8,96,38,491,existing,2009.4046641830596,8,100,38,347,existing,2026.6497677312286,8,107,38,379,existing,2209.6417191793635
9,9,92,39,124,existing,1193.9780244029605,9,92,39,320,existing,203.9211493062041,9,92,39,478,allocated,287.58880686556046,9,107,39,379,existing,1377.1341419710252,9,106,39,379,existing,1377.1341419710252,9,109,39,239,existing,1579.3223313396256,9,94,39,94,existing,1501.8169307764229,9,95,39,447,existing,1622.9867000287297,9,93,39,195,existing,1661.3341430581472,9,96,39,491,existing,2465.661593510904,9,97,39,491,existing,2465.661593510904,9,98,39,491,existing,2465.661593510904,9,100,39,347,existing,2482.906697059073
10,10,92,40,124,existing,1262.35856377524,10,92,40,320,existing,272.30168867848374,10,92,40,478,allocated,355.9693462378401,10,107,40,379,existing,1445.5146813433048,10,106,40,379,existing,1445.5146813433048,10,109,40,239,existing,1647.7028707119052,10,94,40,94,existing,1570.1974701487025,10,93,40,195,existing,1729.714682430427,10,95,40,447,existing,1691.3672394010093,10,96,40,491,existing,2534.042132883184,10,97,40,491,existing,2534.042132883184,10,98,40,491,existing,2534.042132883184,10,100,40,347,existing,2551.287236431353
11,11,87,41,457,existing,796.9782743143141,11,87,41,208,existing,446.56686478085004,11,87,41,113,allocated,322.08214417986164,11,101,41,457,existing,796.9782743143141,11,102,41,457,existing,796.9782743143141,11,103,41,457,existing,796.9782743143141,11,108,41,457,existing,796.9782743143141,11,100,41,347,existing,896.9479827301686,11,99,41,347,existing,896.9479827301686,11,104,41,285,existing,887.3856108884811,11,98,41,491,existing,914.1930862783378,11,97,41,491,existing,914.1930862783378,11,96,41,491,existing,914.1930862783378
12,12,88,42,285,existing,694.99352082578,12,88,42,283,existing,400.8508688876693,12,88,42,113,allocated,102.37565240651296,12,104,42,285,existing,694.99352082578,12,101,42,457,existing,963.1745380623117,12,102,42,457,existing,963.1745380623117,12,108,42,457,existing,963.1745380623117,12,99,42,347,existing,1063.1442464781662,12,103,42,457,existing,963.1745380623117,12,100,42,347,existing,1063.1442464781662,12,96,42,491,existing,1080.3893500263353,12,98,42,491,existing,1080.3893500263353,12,97,42,491,existing,1080.3893500263353
13,13,90,43,379,existing,1073.6320308453608,13,90,43,320,existing,403.42346611124447,13,90,43,146,allocated,265.6302595821626,13,107,43,379,existing,1073.6320308453608,13,106,43,379,existing,1073.6320308453608,13,94,43,94,existing,1716.2951725026633,13,109,43,239,existing,1792.445430604394,13,96,43,491,existing,2670.855670062788,13,93,43,195,existing,1874.4572423229156,13,98,43,491,existing,2670.855670062788,13,95,43,447,existing,1836.109799293498,13,99,43,347,existing,2688.100773610957,13,97,43,491,existing,2670.855670062788
14,14,90,44,379,existing,927.8554572441366,14,90,44,320,existing,257.6468925100202,14,90,44,146,allocated,119.85368598093842,14,106,44,379,existing,927.8554572441366,14,107,44,379,existing,927.8554572441366,14,94,44,94,existing,1570.518598901439,14,109,44,239,existing,1646.6688570031697,14,96,44,491,existing,2525.0790964615635,14,98,44,491,existing,2525.0790964615635,14,93,44,195,existing,1728.6806687216913,14,95,44,447,existing,1690.333225692274,14,97,44,491,existing,2525.0790964615635,14,100,44,347,existing,2542.3242000097325
15,15,90,45,379,existing,1099.2616072636047,15,90,45,320,existing,429.05304252948827,15,90,45,146,allocated,291.25983600040644,15,106,45,379,existing,1099.2616072636047,15,107,45,379,existing,1099.2616072636047,15,94,45,94,existing,1741.924748920907,15,109,45,239,existing,1818.0750070226377,15,93,45,195,existing,1900.0868187411595,15,96,45,491,existing,2696.485246481032,15,95,45,447,existing,1861.739375711742,15,98,45,491,existing,2696.485246481032,15,97,45,491,existing,2696.485246481032,15,99,45,347,existing,2713.730350029201
16,16,92,46,124,existing,681.9430783162936,16,92,46,81,existing,253.45640015184745,16,92,46,81,allocated,253.45640015184745,16,93,46,195,existing,1009.9462673860291,16,94,46,94,existing,1033.7244738157228,16,95,46,447,existing,1110.9517539420629,16,109,46,239,existing,1067.2873852529585,16,107,46,379,existing,1479.7125975023332,16,98,46,491,existing,1788.6498797820768,16,106,46,379,existing,1479.7125975023332,16,96,46,491,existing,1788.6498797820768,16,97,46,491,existing,1788.6498797820768,16,99,46,347,existing,1805.8949833302459
17,17,92,47,124,existing,702.6755877197543,17,92,47,81,existing,274.1889095553081,17,92,47,81,allocated,274.1889095553081,17,93,47,195,existing,1030.6787767894898,17,94,47,94,existing,1054.4569832191835,17,95,47,447,existing,1131.6842633455235,17,109,47,239,existing,1088.0198946564192,17,107,47,379,existing,1500.4451069057939,17,98,47,491,existing,1809.3823891855375,17,106,47,379,existing,1500.4451069057939,17,96,47,491,existing,1809.3823891855375,17,97,47,491,existing,1809.3823891855375,17,99,47,347,existing,1826.6274927337065
18,18,92,48,124,existing,1477.015461931767,18,92,48,320,existing,698.5039147476448,18,92,48,478,allocated,782.1715723070012,18,94,48,94,existing,1592.75840421153,18,109,48,239,existing,1862.3597688684322,18,107,48,379,existing,1871.7169074124658,18,106,48,379,existing,1871.7169074124658,18,98,48,491,existing,2748.6990310397105,18,93,48,195,existing,1944.371580586954,18,96,48,491,existing,2748.6990310397105,18,95,48,447,existing,1906.0241375575363,18,99,48,347,existing,2765.9441345878795,18,97,48,491,existing,2748.6990310397105
19,19,92,49,124,existing,1275.4233792821742,19,92,49,320,existing,496.3675920521092,19,92,49,478,allocated,580.0352496114656,19,94,49,94,existing,1581.5793668680708,19,109,49,239,existing,1660.7676862188391,19,106,49,379,existing,1669.5805847169304,19,107,49,379,existing,1669.5805847169304,19,97,49,491,existing,2547.106948390118,19,93,49,195,existing,1742.7794979373612,19,95,49,447,existing,1704.4320549079434,19,96,49,491,existing,2547.106948390118,19,98,49,491,existing,2547.106948390118,19,99,49,347,existing,2564.352051938287
20,20,92,50,124,existing,1182.6826588179747,20,92,50,320,existing,558.3133702017052,20,92,50,54,allocated,616.5835555373878,20,94,50,94,existing,1488.8386464038713,20,109,50,239,existing,1568.0269657546396,20,95,50,447,existing,1611.691334443744,20,93,50,195,existing,1650.0387774731616,20,106,50,379,existing,1743.8157199558618,20,107,50,379,existing,1743.8157199558618,20,97,50,491,existing,2454.3662279259183,20,96,50,491,existing,2454.3662279259183,20,100,50,347,existing,2471.6113314740874,20,98,50,491,existing,2454.3662279259183
21,21,92,51,124,existing,937.6664729244824,21,92,51,320,existing,248.4366377960581,21,92,51,54,allocated,331.6145631998231,21,94,51,94,existing,1245.5053792979447,21,109,51,239,existing,1323.0107798611475,21,95,51,447,existing,1366.6751485502516,21,93,51,195,existing,1405.022591579669,21,107,51,379,existing,1433.938987550215,21,106,51,379,existing,1433.938987550215,21,97,51,491,existing,2209.3500420324262,21,96,51,491,existing,2209.3500420324262,21,98,51,491,existing,2209.3500420324262,21,99,51,347,existing,2226.5951455805953
22,22,92,53,124,existing,686.6389315576985,22,92,53,231,existing,591.3200119818125,22,92,53,54,allocated,120.53982827711141,22,94,53,94,existing,992.7949191435948,22,109,53,239,existing,1071.9832384943634,22,93,53,195,existing,1153.9950502128852,22,95,53,447,existing,1115.6476071834677,22,106,53,379,existing,1596.3372521427357,22,96,53,491,existing,1958.322500665642,22,107,53,379,existing,1596.3372521427357,22,97,53,491,existing,1958.322500665642,22,100,53,347,existing,1975.5676042138111,22,98,53,491,existing,1958.322500665642
23,23,92,54,124,existing,791.993593845217,23,92,54,81,existing,555.5787478841216,23,92,54,54,allocated,0.0,23,94,54,94,existing,1099.8325002186793,23,109,54,239,existing,1177.3379007818821,23,95,54,447,existing,1221.0022694709862,23,93,54,195,existing,1259.3497125004037,23,107,54,379,existing,1475.7974238656243,23,97,54,491,existing,2063.6771629531604,23,96,54,491,existing,2063.6771629531604,23,106,54,379,existing,1475.7974238656243,23,98,54,491,existing,2063.6771629531604,23,100,54,347,existing,2080.9222665013294
24,24,92,55,124,existing,796.7951676487423,24,92,55,320,existing,546.1530051272398,24,92,55,54,allocated,230.6960643681553,24,94,55,94,existing,1102.9511552346387,24,109,55,239,existing,1182.1394745854072,24,93,55,195,existing,1264.151286303929,24,95,55,447,existing,1225.8038432745116,24,107,55,379,existing,1706.4934882337795,24,97,55,491,existing,2068.478736756686,24,106,55,379,existing,1706.4934882337795,24,98,55,491,existing,2068.478736756686,24,99,55,347,existing,2085.723840304855,24,96,55,491,existing,2068.478736756686
25,25,89,56,284,existing,107.58522861699956,25,89,56,208,existing,829.7482182002348,25,89,56,56,allocated,0.0,25,105,56,71,existing,154.9114690390642,25,103,56,457,existing,479.3368086667705,25,102,56,457,existing,479.3368086667705,25,108,56,457,existing,479.3368086667705,25,104,56,285,existing,573.6088877267078,25,101,56,457,existing,479.3368086667705,25,99,56,347,existing,791.3327419337086,25,100,56,347,existing,791.3327419337086,25,97,56,491,existing,808.468924353295,25,96,56,491,existing,808.468924353295
26,26,89,57,284,existing,210.72969165282788,26,89,57,208,existing,932.892681236063,26,89,57,57,allocated,0.0,26,105,57,71,existing,258.05593207489255,26,103,57,457,existing,582.4812717025989,26,102,57,457,existing,582.4812717025989,26,108,57,457,existing,582.4812717025989,26,99,57,347,existing,894.477204969537,26,101,57,457,existing,582.4812717025989,26,104,57,285,existing,676.7533507625361,26,100,57,347,existing,894.477204969537,26,98,57,491,existing,911.6133873891233,26,96,57,491,existing,911.6133873891233
27,27,92,58,124,existing,421.7245298349776,27,92,58,540,existing,43.86851263226565,27,92,58,315,allocated,17.676122720681423,27,93,58,195,existing,466.4039470738918,27,95,58,447,existing,587.7771953196615,27,109,58,239,existing,686.4128229929825,27,94,58,94,existing,773.5059253344068,27,96,58,491,existing,1270.7313975266488,27,100,58,347,existing,1287.9765010748179,27,98,58,491,existing,1270.7313975266488,27,97,58,491,existing,1270.7313975266488,27,108,58,457,existing,1605.0936238439883,27,99,58,347,existing,1287.9765010748179
28,28,87,59,457,existing,259.9926809504942,28,87,59,208,existing,610.4040904839584,28,87,59,457,existing,259.9926809504942,28,101,59,457,existing,259.9926809504942,28,102,59,457,existing,259.9926809504942,28,103,59,457,existing,259.9926809504942,28,108,59,457,existing,259.9926809504942,28,99,59,347,existing,558.1748000465274,28,96,59,491,existing,573.6905226993342,28,97,59,491,existing,573.6905226993342,28,100,59,347,existing,558.1748000465274,28,98,59,491,existing,573.6905226993342,28,105,59,71,existing,571.8742425942686
29,29,89,60,284,existing,305.8604667665633,29,89,60,208,existing,829.0916258895991,29,89,60,56,allocated,198.27523814956373,29,105,60,71,existing,353.18670718862796,29,108,60,457,existing,478.6802163561349,29,102,60,457,existing,478.6802163561349,29,101,60,457,existing,478.6802163561349,29,103,60,457,existing,478.6802163561349,29,104,60,285,existing,771.8841258762716,29,99,60,347,existing,776.862335452168,29,100,60,347,existing,776.862335452168,29,96,60,491,existing,792.3780581049749,29,98,60,491,existing,792.3780581049749
30,30,87,61,457,existing,155.88533363466314,30,87,61,208,existing,506.2967431681273,30,87,61,457,existing,155.88533363466314,30,101,61,457,existing,155.88533363466314,30,102,61,457,existing,155.88533363466314,30,103,61,457,existing,155.88533363466314,30,108,61,457,existing,155.88533363466314,30,105,61,71,existing,481.2032989307818,30,104,61,285,existing,479.24403029002946,30,100,61,347,existing,467.88126690160135,30,99,61,347,existing,467.88126690160135,30,96,61,491,existing,484.0452888886551,30,97,61,491,existing,484.0452888886551
31,31,92,62,124,existing,675.1763376545958,31,92,62,231,existing,289.4217267568779,31,92,62,231,allocated,289.4217267568779,31,94,62,94,existing,690.8966339186601,31,109,62,239,existing,1045.6172559779316,31,93,62,195,existing,1156.3620229167668,31,95,62,447,existing,1089.2816246670359,31,96,62,491,existing,1960.689473369524,31,97,62,491,existing,1960.689473369524,31,107,62,379,existing,1897.2334307544957,31,106,62,379,existing,1897.2334307544957,31,98,62,491,existing,1960.689473369524,31,100,62,347,existing,1977.934576917693
32,32,92,63,124,existing,582.4482729518362,32,92,63,231,existing,382.1497914596376,32,92,63,418,allocated,268.5347325937148,32,94,63,94,existing,598.1685692159003,32,109,63,239,existing,952.8891912751719,32,93,63,195,existing,1117.9268082100457,32,95,63,447,existing,996.553559964276,32,97,63,491,existing,1930.2392587611007,32,96,63,491,existing,1930.2392587611007,32,98,63,491,existing,1930.2392587611007,32,100,63,347,existing,1947.4843623092697,32,99,63,347,existing,1947.4843623092697,32,107,63,379,existing,1989.9614954572555
33,33,92,64,124,existing,525.8041244275242,33,92,64,231,existing,438.7939399839495,33,92,64,418,allocated,319.7211891783248,33,94,64,94,existing,541.5244206915885,33,109,64,239,existing,896.24504275086,33,93,64,195,existing,1061.282659685734,33,95,64,447,existing,939.9094114399642,33,100,64,347,existing,1890.840213784958,33,98,64,491,existing,1873.595110236789,33,97,64,491,existing,1873.595110236789,33,96,64,491,existing,1873.595110236789,33,99,64,347,existing,1890.840213784958,33,107,64,379,existing,2046.6056439815675
34,34,92,65,124,existing,461.3584606928926,34,92,65,231,existing,503.2396037185811,34,92,65,418,allocated,255.27552544369314,34,94,65,94,existing,477.07875695695685,34,109,65,239,existing,831.7993790162284,34,93,65,195,existing,996.8369959511023,34,95,65,447,existing,875.4637477053326,34,99,65,347,existing,1826.3945500503264,34,98,65,491,existing,1809.1494465021574,34,96,65,491,existing,1809.1494465021574,34,97,65,491,existing,1809.1494465021574,34,100,65,347,existing,1826.3945500503264,34,107,65,379,existing,2111.051307716199
35,35,84,66,348,existing,686.416422990587,35,84,66,208,existing,1161.2313754759803,35,84,66,430,allocated,529.4410852247609,35,98,66,491,existing,693.6051539784924,35,97,66,491,existing,693.6051539784924,35,100,66,347,existing,710.8502575266615,35,96,66,491,existing,693.6051539784924,35,103,66,457,existing,966.2112596779806,35,99,66,347,existing,710.8502575266615,35,101,66,457,existing,966.2112596779806,35,102,66,457,existing,966.2112596779806,35,108,66,457,existing,966.2112596779806,35,104,66,285,existing,1141.3650952397575
36,36,85,67,348,existing,824.9981470795234,36,85,67,208,existing,1299.8130995649167,36,85,67,430,allocated,668.0228093136972,36,98,67,491,existing,832.1868780674288,36,96,67,491,existing,832.1868780674288,36,100,67,347,existing,849.4319816155979,36,97,67,491,existing,832.1868780674288,36,103,67,457,existing,1104.792983766917,36,99,67,347,existing,849.4319816155979,36,102,67,457,existing,1104.792983766917,36,101,67,457,existing,1104.792983766917,36,108,67,457,existing,1104.792983766917,36,104,67,285,existing,1279.946819328694
37,37,84,68,348,existing,824.3194149280523,37,84,68,208,existing,1299.1343674134455,37,84,68,430,allocated,667.3440771622262,37,98,68,491,existing,831.5081459159577,37,96,68,491,existing,831.5081459159577,37,100,68,347,existing,848.7532494641268,37,97,68,491,existing,831.5081459159577,37,108,68,457,existing,1104.114251615446,37,99,68,347,existing,848.7532494641268,37,103,68,457,existing,1104.114251615446,37,101,68,457,existing,1104.114251615446,37,102,68,457,existing,1104.114251615446,37,104,68,285,existing,1279.2680871772227
38,38,87,69,457,existing,698.687842782025,38,87,69,208,existing,348.2764332485608,38,87,69,203,allocated,319.4005211353681,38,108,69,457,existing,698.687842782025,38,102,69,457,existing,698.687842782025,38,103,69,457,existing,698.687842782025,38,101,69,457,existing,698.687842782025,38,99,69,347,existing,798.6575511978795,38,98,69,491,existing,815.9026547460486,38,100,69,347,existing,798.6575511978795,38,104,69,285,existing,789.0951793561917,38,97,69,491,existing,815.9026547460486,38,96,69,491,existing,815.9026547460486
39,39,87,70,457,existing,597.726819818701,39,87,70,208,existing,247.3154102852368,39,87,70,203,allocated,218.43949817204398,39,101,70,457,existing,597.726819818701,39,102,70,457,existing,597.726819818701,39,108,70,457,existing,597.726819818701,39,103,70,457,existing,597.726819818701,39,104,70,285,existing,688.1341563928677,39,100,70,347,existing,697.6965282345554,39,99,70,347,existing,697.6965282345554,39,97,70,491,existing,714.9416317827246,39,98,70,491,existing,714.9416317827246,39,96,70,491,existing,714.9416317827246
40,40,89,71,284,existing,147.88997978538043,40,89,71,283,existing,759.9966273202431,40,89,71,71,allocated,0.0,40,105,71,71,existing,0.0,40,101,71,457,existing,434.9036175541428,40,102,71,457,existing,434.9036175541428,40,103,71,457,existing,434.9036175541428,40,99,71,347,existing,752.6923904310454,40,104,71,285,existing,465.8539753821323,40,100,71,347,existing,752.6923904310454,40,108,71,457,existing,434.9036175541428,40,98,71,491,existing,769.9374939792145,40,97,71,491,existing,769.9374939792145
41,41,89,72,284,existing,50.281869681657895,41,89,72,283,existing,810.4481807294769,41,89,72,56,allocated,57.303358935341656,41,105,72,71,existing,97.60811010372255,41,104,72,285,existing,516.3055287913662,41,103,72,457,existing,532.5117276578653,41,102,72,457,existing,532.5117276578653,41,108,72,457,existing,532.5117276578653,41,101,72,457,existing,532.5117276578653,41,100,72,347,existing,848.6361008690503,41,99,72,347,existing,848.6361008690503,41,97,72,491,existing,865.7722832886367,41,96,72,491,existing,865.7722832886367
42,42,92,73,124,existing,586.5226458257657,42,92,73,81,existing,315.0837125905953,42,92,73,76,allocated,238.9308448400896,42,94,73,94,existing,936.182300447612,42,109,73,239,existing,971.8669527624306,42,95,73,447,existing,1015.531321451535,42,93,73,195,existing,1053.8787644809524,42,106,73,379,existing,1246.8234471296234,42,97,73,491,existing,1850.2771922208249,42,107,73,379,existing,1246.8234471296234,42,96,73,491,existing,1850.2771922208249,42,98,73,491,existing,1850.2771922208249,42,99,73,347,existing,1867.522295768994
43,43,92,74,124,existing,633.8787912233904,43,92,74,81,existing,258.5335512470962,43,92,74,81,allocated,258.5335512470962,43,94,74,94,existing,985.6601867228196,43,93,74,195,existing,1015.023418481278,43,109,74,239,existing,1019.2230981600554,43,95,74,447,existing,1062.8874668491596,43,107,74,379,existing,1303.3736084731224,43,106,74,379,existing,1303.3736084731224,43,96,74,491,existing,1793.7270308773257,43,97,74,491,existing,1793.7270308773257,43,98,74,491,existing,1793.7270308773257,43,99,74,347,existing,1810.9721344254947
44,44,92,75,124,existing,444.0993400352178,44,92,75,81,existing,191.7082714912647,44,92,75,76,allocated,96.50753904954166,44,94,75,94,existing,795.8807355346469,44,109,75,239,existing,829.4436469718828,44,93,75,195,existing,911.4554586904044,44,95,75,447,existing,873.1080156609869,44,107,75,379,existing,1389.2467529201713,44,98,75,491,existing,1715.7829091431613,44,106,75,379,existing,1389.2467529201713,44,96,75,491,existing,1715.7829091431613,44,97,75,491,existing,1715.7829091431613,44,99,75,347,existing,1733.0280126913303
45,45,92,76,124,existing,347.5918009856761,45,92,76,81,existing,95.20073244172303,45,92,76,76,allocated,0.0,45,94,76,94,existing,699.3731964851053,45,109,76,239,existing,732.9361079223411,45,93,76,195,existing,814.9479196408628,45,95,76,447,existing,776.6004766114453,45,107,76,379,existing,1485.754291969713,45,97,76,491,existing,1619.2753700936196,45,106,76,379,existing,1485.754291969713,45,96,76,491,existing,1619.2753700936196,45,99,76,347,existing,1636.5204736417886,45,98,76,491,existing,1619.2753700936196
46,46,92,77,124,existing,531.8244587509932,46,92,77,81,existing,89.03192532359404,46,92,77,81,allocated,89.03192532359404,46,93,77,195,existing,667.4579419105877,46,95,77,447,existing,788.8311901563574,46,109,77,239,existing,887.4668178296783,46,94,77,94,existing,883.6058542504223,46,96,77,491,existing,1446.1615543066355,46,97,77,491,existing,1446.1615543066355,46,98,77,491,existing,1446.1615543066355,46,100,77,347,existing,1463.4066578548045,46,106,77,379,existing,1650.9390850438128,46,99,77,347,existing,1463.4066578548045
47,47,92,78,124,existing,571.280581857327,47,92,78,540,existing,127.45776648274992,47,92,78,81,allocated,128.48804842992777,47,93,78,195,existing,628.001818804254,47,95,78,447,existing,749.3750670500236,47,109,78,239,existing,848.0106947233446,47,94,78,94,existing,923.0619773567561,47,96,78,491,existing,1406.7054312003017,47,97,78,491,existing,1406.7054312003017,47,98,78,491,existing,1406.7054312003017,47,99,78,347,existing,1423.9505347484708,47,100,78,347,existing,1423.9505347484708,47,107,78,379,existing,1690.3952081501466
48,48,91,80,263,existing,678.1293306267467,48,91,80,283,existing,519.6744732968273,48,91,80,461,allocated,249.8863893633381,48,105,80,71,existing,801.0464290445215,48,104,80,285,existing,813.817125234938,48,101,80,457,existing,1081.9981424714697,48,102,80,457,existing,1081.9981424714697,48,108,80,457,existing,1081.9981424714697,48,99,80,347,existing,1181.9678508873242,48,100,80,347,existing,1181.9678508873242,48,103,80,457,existing,1081.9981424714697,48,97,80,491,existing,1199.2129544354932,48,98,80,491,existing,1199.2129544354932
49,49,92,81,124,existing,442.7925334273991,49,92,81,81,existing,0.0,49,92,81,81,allocated,0.0,49,93,81,195,existing,756.4898672341817,49,94,81,94,existing,794.5739289268283,49,109,81,239,existing,828.1368403640641,49,95,81,447,existing,871.8012090531683,49,100,81,347,existing,1552.4385831783984,49,98,81,491,existing,1535.1934796302294,49,97,81,491,existing,1535.1934796302294,49,96,81,491,existing,1535.1934796302294,49,107,81,379,existing,1561.9071597202187,49,99,81,347,existing,1552.4385831783984
50,50,87,82,457,existing,497.65738644230765,50,87,82,208,existing,147.24597690884352,50,87,82,323,allocated,173.39429075901802,50,101,82,457,existing,497.65738644230765,50,102,82,457,existing,497.65738644230765,50,108,82,457,existing,497.65738644230765,50,103,82,457,existing,497.65738644230765,50,104,82,285,existing,588.0647230164744,50,100,82,347,existing,597.6270948581621,50,99,82,347,existing,597.6270948581621,50,97,82,491,existing,614.8721984063312,50,98,82,491,existing,614.8721984063312,50,96,82,491,existing,614.8721984063312
51,51,92,83,124,existing,331.95242673532346,51,92,83,231,existing,632.6456376761503,51,92,83,278,allocated,151.02821701099788,51,94,83,94,existing,347.6727229993877,51,109,83,239,existing,702.3933450586591,51,95,83,447,existing,746.0577137477633,51,93,83,195,existing,867.430961993533,51,97,83,491,existing,1679.743412544588,51,98,83,491,existing,1679.743412544588,51,100,83,347,existing,1696.988516092757,51,96,83,491,existing,1679.743412544588,51,99,83,347,existing,1696.988516092757,51,103,83,457,existing,2014.1056388619274
52,52,80,84,94,existing,148.77478910641395,52,80,84,355,existing,824.2215188853545,52,80,84,84,allocated,0.0,52,94,84,94,existing,148.77478910641395,52,109,84,239,existing,503.49541116568537,52,93,84,195,existing,668.5330281005591,52,95,84,447,existing,547.1597798547895,52,96,84,491,existing,1480.845478651614,52,99,84,347,existing,1498.090582199783,52,97,84,491,existing,1480.845478651614,52,98,84,491,existing,1480.845478651614,52,100,84,347,existing,1498.090582199783,52,108,84,457,existing,1815.2077049689537
53,53,92,85,124,existing,1370.3504123977723,53,92,85,320,existing,418.3406205473374,53,92,85,478,allocated,502.00827810669375,53,107,85,379,existing,1591.5536132121586,53,106,85,379,existing,1591.5536132121586,53,94,85,94,existing,1676.5063999836689,53,109,85,239,existing,1755.6947193344372,53,95,85,447,existing,1799.3590880235415,53,98,85,491,existing,2642.033981505716,53,93,85,195,existing,1837.7065310529592,53,97,85,491,existing,2642.033981505716,53,99,85,347,existing,2659.279085053885,53,96,85,491,existing,2642.033981505716
54,54,90,86,379,existing,650.556395981776,54,90,86,320,existing,846.422302787639,54,90,86,210,allocated,375.0689149750495,54,106,86,379,existing,650.556395981776,54,107,86,379,existing,650.556395981776,54,94,86,94,existing,1803.4600948238058,54,109,86,239,existing,1879.610352925536,54,96,86,491,existing,2758.0205923839303,54,98,86,491,existing,2758.0205923839303,54,95,86,447,existing,1923.2747216146404,54,93,86,195,existing,1961.622164644058,54,100,86,347,existing,2775.2656959320993,54,97,86,491,existing,2758.0205923839303
55,55,90,87,379,existing,494.81822147414687,55,90,87,320,existing,690.6841282800099,55,90,87,477,allocated,283.09250318486966,55,107,87,379,existing,494.81822147414687,55,106,87,379,existing,494.81822147414687,55,94,87,94,existing,1647.7219203161762,55,109,87,239,existing,1723.872178417907,55,97,87,491,existing,2602.282417876301,55,95,87,447,existing,1767.5365471070113,55,98,87,491,existing,2602.282417876301,55,93,87,195,existing,1805.8839901364288,55,96,87,491,existing,2602.282417876301,55,99,87,347,existing,2619.5275214244703
56,56,92,88,124,existing,685.7197028164785,56,92,88,81,existing,414.28076958130805,56,92,88,20,allocated,324.7739855019995,56,94,88,94,existing,1035.3793574383246,56,109,88,239,existing,1071.0640097531434,56,107,88,379,existing,1147.6263901389107,56,95,88,447,existing,1114.7283784422475,56,96,88,491,existing,1949.4742492115374,56,97,88,491,existing,1949.4742492115374,56,106,88,379,existing,1147.6263901389107,56,93,88,195,existing,1153.0758214716652,56,100,88,347,existing,1966.7193527597065,56,98,88,491,existing,1949.4742492115374
57,57,92,89,124,existing,797.1161778822541,57,92,89,81,existing,525.6772446470837,57,92,89,20,allocated,213.37751043622376,57,94,89,94,existing,1146.7758325041004,57,109,89,239,existing,1182.4604848189192,57,106,89,379,existing,1247.9595636780555,57,95,89,447,existing,1226.1248535080233,57,97,89,491,existing,2060.8707242773135,57,107,89,379,existing,1247.9595636780555,57,98,89,491,existing,2060.8707242773135,57,93,89,195,existing,1264.4722965374408,57,99,89,347,existing,2078.1158278254825,57,96,89,491,existing,2060.8707242773135
58,58,87,90,457,existing,196.9411910158552,58,87,90,208,existing,153.47021851760894,58,87,90,349,existing,115.12390876152456,58,101,90,457,existing,196.9411910158552,58,102,90,457,existing,196.9411910158552,58,108,90,457,existing,196.9411910158552,58,103,90,457,existing,196.9411910158552,58,104,90,285,existing,310.53910428812486,58,99,90,347,existing,296.9108994317097,58,96,90,491,existing,314.15600297987885,58,100,90,347,existing,296.9108994317097,58,97,90,491,existing,314.15600297987885,58,98,90,491,existing,314.15600297987885
59,59,88,91,285,existing,91.32455761674697,59,88,91,283,existing,202.81809432136367,59,88,91,132,allocated,250.14539067161536,59,104,91,285,existing,91.32455761674697,59,103,91,457,existing,414.68325427211323,59,101,91,457,existing,414.68325427211323,59,102,91,457,existing,414.68325427211323,59,108,91,457,existing,414.68325427211323,59,100,91,347,existing,519.0867347521844,59,99,91,347,existing,519.0867347521844,59,98,91,491,existing,536.3318383003535,59,96,91,491,existing,536.3318383003535,59,97,91,491,existing,536.3318383003535
60,60,92,93,124,existing,1153.1964026440414,60,92,93,231,existing,188.5983382325676,60,92,93,231,allocated,188.5983382325676,60,94,93,94,existing,1168.9166989081054,60,109,93,239,existing,1523.637320967377,60,95,93,447,existing,1567.3016896564814,60,93,93,195,existing,1634.3820879062127,60,98,93,491,existing,2438.7095383589694,60,106,93,379,existing,2375.253495743941,60,97,93,491,existing,2438.7095383589694,60,107,93,379,existing,2375.253495743941,60,100,93,347,existing,2455.9546419071385,60,96,93,491,existing,2438.7095383589694
61,61,81,94,94,existing,0.0,61,81,94,355,existing,675.4467297789406,61,81,94,94,allocated,0.0,61,94,94,94,existing,0.0,61,109,94,239,existing,354.7206220592714,61,95,94,447,existing,398.3849907483755,61,93,94,195,existing,519.7582389941452,61,97,94,491,existing,1332.0706895452001,61,96,94,491,existing,1332.0706895452001,61,98,94,491,existing,1332.0706895452001,61,100,94,347,existing,1349.3157930933692,61,108,94,457,existing,1666.4329158625396,61,99,94,347,existing,1349.3157930933692
62,62,81,95,94,existing,127.26930694111418,62,81,95,355,existing,548.1774228378264,62,81,95,95,allocated,0.0,62,94,95,94,existing,127.26930694111418,62,109,95,239,existing,227.45131511815725,62,95,95,447,existing,271.11568380726135,62,93,95,195,existing,392.488932053031,62,96,95,491,existing,1204.801382604086,62,97,95,491,existing,1204.801382604086,62,100,95,347,existing,1222.046486152255,62,98,95,491,existing,1204.801382604086,62,99,95,347,existing,1222.046486152255,62,101,95,457,existing,1539.1636089214255
63,63,91,99,263,existing,599.315471328263,63,91,99,283,existing,352.46534146262945,63,91,99,323,allocated,311.11441131082506,63,104,99,285,existing,642.0340053581903,63,105,99,71,existing,722.2325697460378,63,102,99,457,existing,926.0802191891596,63,108,99,457,existing,926.0802191891596,63,103,99,457,existing,926.0802191891596,63,101,99,457,existing,926.0802191891596,63,100,99,347,existing,1026.049927605014,63,99,99,347,existing,1026.049927605014,63,97,99,491,existing,1043.2950311531831,63,98,99,491,existing,1043.2950311531831
64,64,91,100,263,existing,592.7090933533775,64,91,100,283,existing,345.858963487744,64,91,100,323,allocated,326.9525705871481,64,104,100,285,existing,635.4276273833048,64,105,100,71,existing,715.6261917711524,64,103,100,457,existing,941.9183784654826,64,108,100,457,existing,941.9183784654826,64,101,100,457,existing,941.9183784654826,64,102,100,457,existing,941.9183784654826,64,100,100,347,existing,1041.8880868813371,64,99,100,347,existing,1041.8880868813371,64,97,100,491,existing,1059.1331904295062,64,98,100,491,existing,1059.1331904295062
65,65,88,105,285,existing,465.5495363490753,65,88,105,208,existing,162.10074498295992,65,88,105,323,allocated,128.5590318039245,65,104,105,285,existing,465.5495363490753,65,103,105,457,existing,512.5121545164241,65,102,105,457,existing,512.5121545164241,65,108,105,457,existing,512.5121545164241,65,100,105,347,existing,612.4818629322785,65,101,105,457,existing,512.5121545164241,65,99,105,347,existing,612.4818629322785,65,98,105,491,existing,629.7269664804477,65,97,105,491,existing,629.7269664804477,65,96,105,491,existing,629.7269664804477
66,66,92,106,124,existing,760.0219994815178,66,92,106,540,existing,294.42895701427454,66,92,106,408,allocated,98.73126710041625,66,93,106,195,existing,794.9730093357787,66,95,106,447,existing,916.3462575815483,66,109,106,239,existing,1014.9818852548692,66,94,106,94,existing,1111.803394980947,66,96,106,491,existing,1573.6766217318263,66,100,106,347,existing,1590.9217252799954,66,98,106,491,existing,1573.6766217318263,66,97,106,491,existing,1573.6766217318263,66,107,106,379,existing,1747.3388878221156,66,99,106,347,existing,1590.9217252799954
67,67,92,107,124,existing,782.1266787849597,67,92,107,540,existing,316.5336363177164,67,92,107,408,allocated,76.6265877969744,67,93,107,195,existing,817.0776886392205,67,95,107,447,existing,938.4509368849901,67,109,107,239,existing,1037.0865645583112,67,94,107,94,existing,1133.908074284389,67,96,107,491,existing,1595.7813010352681,67,100,107,347,existing,1613.0264045834372,67,98,107,491,existing,1595.7813010352681,67,97,107,491,existing,1595.7813010352681,67,106,107,379,existing,1769.4435671255574,67,99,107,347,existing,1613.0264045834372
68,68,92,111,124,existing,1114.90864443079,68,92,111,320,existing,671.0284711037023,68,92,111,20,allocated,159.71494076293607,68,107,111,379,existing,1194.2969940047678,68,106,111,379,existing,1194.2969940047678,68,94,111,94,existing,1464.5682990526363,68,93,111,195,existing,1348.0149031531264,68,96,111,491,existing,2126.7185155491743,68,97,111,491,existing,2126.7185155491743,68,109,111,239,existing,1500.252951367455,68,95,111,447,existing,1469.388151398896,68,98,111,491,existing,2126.7185155491743,68,99,111,347,existing,2143.9636190973433
69,69,90,112,379,existing,715.1198489802775,69,90,112,320,existing,470.3825007738793,69,90,112,146,allocated,204.1698395775527,69,107,112,379,existing,715.1198489802775,69,106,112,379,existing,715.1198489802775,69,109,112,239,existing,1503.5705509117765,69,94,112,94,existing,1427.4202928100458,69,95,112,447,existing,1547.2349196008806,69,93,112,195,existing,1585.5823626302981,69,96,112,491,existing,2381.9807903701703,69,98,112,491,existing,2381.9807903701703,69,99,112,347,existing,2399.2258939183394,69,97,112,491,existing,2381.9807903701703
70,70,88,113,285,existing,797.369173232293,70,88,113,283,existing,503.2265212941823,70,88,113,113,allocated,0.0,70,104,113,285,existing,797.369173232293,70,102,113,457,existing,1065.5501904688247,70,103,113,457,existing,1065.5501904688247,70,108,113,457,existing,1065.5501904688247,70,99,113,347,existing,1165.5198988846792,70,105,113,71,existing,1132.8203271345028,70,100,113,347,existing,1165.5198988846792,70,101,113,457,existing,1065.5501904688247,70,98,113,491,existing,1182.7650024328482,70,96,113,491,existing,1182.7650024328482
71,71,90,114,379,existing,1032.3023935052374,71,90,114,320,existing,153.1999562489195,71,90,114,478,allocated,57.242941600227525,71,107,114,379,existing,1032.3023935052374,71,106,114,379,existing,1032.3023935052374,71,109,114,239,existing,1542.221920742069,71,94,114,94,existing,1466.0716626403382,71,95,114,447,existing,1585.8862894311733,71,98,114,491,existing,2420.6321602004627,71,93,114,195,existing,1624.2337324605908,71,97,114,491,existing,2420.6321602004627,71,96,114,491,existing,2420.6321602004627,71,99,114,347,existing,2437.877263748632
72,72,91,115,263,existing,467.773130868307,72,91,115,283,existing,220.92300100267352,72,91,115,413,allocated,280.69743765099514,72,104,115,285,existing,510.49166489823426,72,105,115,71,existing,590.6902292860818,72,102,115,457,existing,833.8503615536006,72,108,115,457,existing,833.8503615536006,72,101,115,457,existing,833.8503615536006,72,100,115,347,existing,938.2538420336716,72,103,115,457,existing,833.8503615536006,72,99,115,347,existing,938.2538420336716,72,98,115,491,existing,955.4989455818408,72,97,115,491,existing,955.4989455818408
73,73,91,116,263,existing,369.0982910286822,73,91,116,283,existing,319.5978408422984,73,91,116,413,allocated,182.0225978113703,73,104,116,285,existing,411.8168250586094,73,105,116,71,existing,492.01538944645705,73,103,116,457,existing,735.1755217139757,73,101,116,457,existing,735.1755217139757,73,108,116,457,existing,735.1755217139757,73,102,116,457,existing,735.1755217139757,73,99,116,347,existing,839.5790021940468,73,100,116,347,existing,839.5790021940468,73,96,116,491,existing,856.8241057422159,73,97,116,491,existing,856.8241057422159
74,74,92,117,124,existing,1097.6445313347613,74,92,117,320,existing,107.58765623800483,74,92,117,478,allocated,191.25531379736123,74,107,117,379,existing,1280.800648902826,74,106,117,379,existing,1280.800648902826,74,94,117,94,existing,1405.4834377082234,74,109,117,239,existing,1482.9888382714262,74,93,117,195,existing,1565.000649989948,74,95,117,447,existing,1526.6532069605305,74,96,117,491,existing,2369.328100442705,74,97,117,491,existing,2369.328100442705,74,98,117,491,existing,2369.328100442705,74,100,117,347,existing,2386.573203990874
75,75,92,118,124,existing,835.6399607178878,75,92,118,320,existing,350.4631500026527,75,92,118,54,allocated,229.58805099322853,75,94,118,94,existing,1143.47886709135,75,109,118,239,existing,1220.9842676545527,75,95,118,447,existing,1264.648636343657,75,93,118,195,existing,1302.9960793730745,75,98,118,491,existing,2107.3235298258314,75,97,118,491,existing,2107.3235298258314,75,107,118,379,existing,1519.4437907382949,75,106,118,379,existing,1519.4437907382949,75,96,118,491,existing,2107.3235298258314,75,99,118,347,existing,2124.5686333740005
76,76,92,119,124,existing,1383.028047253236,76,92,119,231,existing,690.9841791645055,76,92,119,231,allocated,690.9841791645055,76,94,119,94,existing,1498.770989532999,76,109,119,239,existing,1768.3723541899012,76,95,119,447,existing,1812.0367228790053,76,93,119,195,existing,1850.384165908423,76,107,119,379,existing,1948.2143960894705,76,106,119,379,existing,1948.2143960894705,76,97,119,491,existing,2654.71161636118,76,98,119,491,existing,2654.71161636118,76,100,119,347,existing,2671.956719909349,76,96,119,491,existing,2654.71161636118
77,77,92,120,124,existing,1291.304498694998,77,92,120,231,existing,599.2606306062676,77,92,120,231,allocated,599.2606306062676,77,94,120,94,existing,1407.0474409747612,77,109,120,239,existing,1676.648805631663,77,95,120,447,existing,1720.3131743207673,77,93,120,195,existing,1758.660617350185,77,96,120,491,existing,2562.9880678029417,77,97,120,491,existing,2562.9880678029417,77,107,120,379,existing,2032.733800449792,77,106,120,379,existing,2032.733800449792,77,98,120,491,existing,2562.9880678029417,77,100,120,347,existing,2580.2331713511107
78,78,92,121,124,existing,1296.0812584800688,78,92,121,231,existing,504.01474437563945,78,92,121,231,allocated,504.01474437563945,78,94,121,94,existing,1311.801554744133,78,109,121,239,existing,1666.5221768034046,78,93,121,195,existing,1777.26694374224,78,95,121,447,existing,1710.1865454925087,78,106,121,379,existing,2127.97968668042,78,96,121,491,existing,2581.5943941949968,78,107,121,379,existing,2127.97968668042,78,97,121,491,existing,2581.5943941949968,78,98,121,491,existing,2581.5943941949968,78,99,121,347,existing,2598.839497743166
79,79,83,122,336,existing,98.26484998298773,79,83,122,208,existing,676.5572018277293,79,83,122,336,existing,98.26484998298773,79,98,122,491,existing,378.63732638320846,79,96,122,491,existing,378.63732638320846,79,100,122,347,existing,395.8824299313776,79,97,122,491,existing,378.63732638320846,79,108,122,457,existing,713.6712028082802,79,93,122,195,existing,630.2048241338221,79,102,122,457,existing,713.6712028082802,79,99,122,347,existing,395.8824299313776,79,101,122,457,existing,713.6712028082802,79,103,122,457,existing,713.6712028082802
80,80,83,123,336,existing,54.139970714234,80,83,123,355,existing,708.1595974948563,80,83,123,336,existing,54.139970714234,80,98,123,491,existing,334.5124471144547,80,96,123,491,existing,334.5124471144547,80,100,123,347,existing,351.7575506626238,80,97,123,491,existing,334.5124471144547,80,103,123,457,existing,669.5463235395264,80,93,123,195,existing,586.0799448650683,80,102,123,457,existing,669.5463235395264,80,99,123,347,existing,351.7575506626238,80,108,123,457,existing,669.5463235395264,80,101,123,457,existing,669.5463235395264
81,81,90,126,379,existing,200.54264889254122,81,90,126,320,existing,984.9597008616156,81,90,126,126,allocated,0.0,81,106,126,379,existing,200.54264889254122,81,107,126,379,existing,200.54264889254122,81,109,126,239,existing,2018.147750999513,81,94,126,94,existing,1941.9974928977822,81,93,126,195,existing,2100.1595627180345,81,98,126,491,existing,2896.5579904579067,81,95,126,447,existing,2061.812119688617,81,97,126,491,existing,2896.5579904579067,81,100,126,347,existing,2913.8030940060758,81,96,126,491,existing,2896.5579904579067
82,82,90,127,379,existing,400.58204712515055,82,90,127,320,existing,784.9203026290063,82,90,127,477,allocated,188.85632883587334,82,107,127,379,existing,400.58204712515055,82,106,127,379,existing,400.58204712515055,82,109,127,239,existing,1818.1083527669034,82,94,127,94,existing,1741.9580946651727,82,93,127,195,existing,1900.1201644854252,82,95,127,447,existing,1861.7727214560077,82,98,127,491,existing,2696.5185922252977,82,96,127,491,existing,2696.5185922252977,82,100,127,347,existing,2713.7636957734667,82,97,127,491,existing,2696.5185922252977
83,83,91,128,263,existing,569.8193719171588,83,91,128,283,existing,320.1064939864037,83,91,128,323,allocated,267.46435528271155,83,104,128,285,existing,612.5379059470861,83,105,128,71,existing,692.7364703349338,83,102,128,457,existing,882.430163161046,83,103,128,457,existing,882.430163161046,83,108,128,457,existing,882.430163161046,83,100,128,347,existing,982.3998715769005,83,101,128,457,existing,882.430163161046,83,99,128,347,existing,982.3998715769005,83,97,128,491,existing,999.6449751250697,83,98,128,491,existing,999.6449751250697
84,84,91,129,263,existing,562.7423936086542,84,91,129,283,existing,315.89226374302064,84,91,129,323,allocated,274.54133359121624,84,104,129,285,existing,605.4609276385814,84,105,129,71,existing,685.659492026429,84,108,129,457,existing,889.5071414695508,84,102,129,457,existing,889.5071414695508,84,103,129,457,existing,889.5071414695508,84,101,129,457,existing,889.5071414695508,84,100,129,347,existing,989.4768498854053,84,99,129,347,existing,989.4768498854053,84,97,129,491,existing,1006.7219534335744,84,98,129,491,existing,1006.7219534335744
85,85,91,130,263,existing,494.40284898630927,85,91,130,283,existing,247.55271912067573,85,91,130,413,allocated,307.3271557689974,85,104,130,285,existing,537.1213830162365,85,105,130,71,existing,617.3199474040841,85,108,130,457,existing,860.4800796716029,85,102,130,457,existing,860.4800796716029,85,103,130,457,existing,860.4800796716029,85,100,130,347,existing,964.8835601516739,85,99,130,347,existing,964.8835601516739,85,101,130,457,existing,860.4800796716029,85,96,130,491,existing,982.128663699843,85,97,130,491,existing,982.128663699843
86,86,91,131,263,existing,540.8325441071172,86,91,131,283,existing,293.9824142414837,86,91,131,413,allocated,353.7568508898054,86,104,131,285,existing,583.5510781370444,86,105,131,71,existing,663.7496425248921,86,101,131,457,existing,906.9097747924109,86,103,131,457,existing,906.9097747924109,86,108,131,457,existing,906.9097747924109,86,100,131,347,existing,1011.3132552724819,86,102,131,457,existing,906.9097747924109,86,99,131,347,existing,1011.3132552724819,86,96,131,491,existing,1028.558358820651,86,98,131,491,existing,1028.558358820651
87,87,88,132,285,existing,158.8208330548684,87,88,132,283,existing,452.96348499297903,87,88,132,132,allocated,0.0,87,104,132,285,existing,158.8208330548684,87,105,132,71,existing,307.03314232726393,87,108,132,457,existing,482.17952971023465,87,102,132,457,existing,482.17952971023465,87,99,132,347,existing,590.2075192040406,87,100,132,347,existing,590.2075192040406,87,103,132,457,existing,482.17952971023465,87,101,132,457,existing,482.17952971023465,87,97,132,491,existing,607.4526227522098,87,98,132,491,existing,607.4526227522098
88,88,90,145,379,existing,863.6457299105142,88,90,145,320,existing,321.85661984364265,88,90,145,146,allocated,55.64395864731603,88,107,145,379,existing,863.6457299105142,88,106,145,379,existing,863.6457299105142,88,94,145,94,existing,1575.9461737402826,88,109,145,239,existing,1652.0964318420133,88,97,145,491,existing,2530.506671300407,88,95,145,447,existing,1695.7608005311174,88,98,145,491,existing,2530.506671300407,88,93,145,195,existing,1734.108243560535,88,96,145,491,existing,2530.506671300407,88,99,145,347,existing,2547.751774848576
89,89,90,146,379,existing,919.2896885578302,89,90,146,320,existing,377.5005784909587,89,90,146,146,allocated,0.0,89,107,146,379,existing,919.2896885578302,89,106,146,379,existing,919.2896885578302,89,109,146,239,existing,1707.740390489329,89,94,146,94,existing,1631.5901323875983,89,93,146,195,existing,1789.7522022078508,89,95,146,447,existing,1751.4047591784333,89,97,146,491,existing,2586.1506299477232,89,98,146,491,existing,2586.1506299477232,89,96,146,491,existing,2586.1506299477232,89,100,146,347,existing,2603.3957334958923
90,90,92,147,124,existing,1262.8214237484233,90,92,147,540,existing,797.22838128118,90,92,147,301,allocated,38.43809696629328,90,93,147,195,existing,1297.772433602684,90,95,147,447,existing,1419.1456818484537,90,107,147,379,existing,1507.8540924042857,90,106,147,379,existing,1507.8540924042857,90,109,147,239,existing,1517.7813095217748,90,98,147,491,existing,2076.476045998732,90,96,147,491,existing,2076.476045998732,90,94,147,94,existing,1614.6028192478525,90,100,147,347,existing,2093.721149546901,90,97,147,491,existing,2076.476045998732
91,91,92,148,124,existing,1177.7332602697104,91,92,148,540,existing,712.1402178024671,91,92,148,148,allocated,0.0,91,93,148,195,existing,1212.6842701239711,91,95,148,447,existing,1334.0575183697408,91,94,148,94,existing,1529.5146557691396,91,109,148,239,existing,1432.693146043062,91,98,148,491,existing,1991.3878825200188,91,106,148,379,existing,1592.9422558829988,91,107,148,379,existing,1592.9422558829988,91,96,148,491,existing,1991.3878825200188,91,99,148,347,existing,2008.6329860681878,91,97,148,491,existing,1991.3878825200188
92,92,88,149,285,existing,513.2624594652142,92,88,149,208,existing,194.63938295527038,92,88,149,323,allocated,69.91501538959999,92,104,149,285,existing,513.2624594652142,92,102,149,457,existing,545.0507924887345,92,108,149,457,existing,545.0507924887345,92,101,149,457,existing,545.0507924887345,92,100,149,347,existing,645.020500904589,92,98,149,491,existing,662.2656044527581,92,103,149,457,existing,545.0507924887345,92,99,149,347,existing,645.020500904589,92,96,149,491,existing,662.2656044527581,92,97,149,491,existing,662.2656044527581
93,93,87,150,457,existing,516.8942890165443,93,87,150,208,existing,166.48287948308018,93,87,150,323,allocated,98.0715188617902,93,101,150,457,existing,516.8942890165443,93,102,150,457,existing,516.8942890165443,93,108,150,457,existing,516.8942890165443,93,103,150,457,existing,516.8942890165443,93,104,150,285,existing,541.4189629374044,93,100,150,347,existing,616.8639974323988,93,99,150,347,existing,616.8639974323988,93,96,150,491,existing,634.109100980568,93,97,150,491,existing,634.109100980568,93,98,150,491,existing,634.109100980568
94,94,92,154,124,existing,1374.613319910509,94,92,154,320,existing,384.55644481375276,94,92,154,478,allocated,416.2498173817963,94,107,154,379,existing,1391.309269286806,94,106,154,379,existing,1391.309269286806,94,94,154,94,existing,1682.4522262839714,94,109,154,239,existing,1759.9576268471742,94,95,154,447,existing,1803.6219955362783,94,98,154,491,existing,2646.296889018453,94,93,154,195,existing,1841.969438565696,94,97,154,491,existing,2646.296889018453,94,100,154,347,existing,2663.541992566622,94,96,154,491,existing,2646.296889018453
95,95,90,155,379,existing,1256.1065839404175,95,90,155,320,existing,377.0041466840997,95,90,155,478,allocated,281.0471320354077,95,107,155,379,existing,1256.1065839404175,95,106,155,379,existing,1256.1065839404175,95,109,155,239,existing,1766.0261111772493,95,94,155,94,existing,1689.8758530755185,95,98,155,491,existing,2644.436350635643,95,95,155,447,existing,1809.6904798663534,95,93,155,195,existing,1848.0379228957709,95,97,155,491,existing,2644.436350635643,95,96,155,491,existing,2644.436350635643,95,100,155,347,existing,2661.681454183812
96,96,90,156,379,existing,701.9583393139965,96,90,156,320,existing,897.8242461198595,96,90,156,210,allocated,426.4708583072701,96,106,156,379,existing,701.9583393139965,96,107,156,379,existing,701.9583393139965,96,94,156,94,existing,1854.8620381560263,96,109,156,239,existing,1931.0122962577566,96,97,156,491,existing,2809.422535716151,96,98,156,491,existing,2809.422535716151,96,93,156,195,existing,2013.0241079762786,96,95,156,447,existing,1974.676664946861,96,100,156,347,existing,2826.66763926432,96,96,156,491,existing,2809.422535716151
97,97,92,157,124,existing,1293.8833582927298,97,92,157,540,existing,828.2903158254865,97,92,157,262,allocated,83.89486966310278,97,93,157,195,existing,1328.8343681469905,97,95,157,447,existing,1450.2076163927602,97,107,157,379,existing,1543.1870099587907,97,106,157,379,existing,1543.1870099587907,97,97,157,491,existing,2107.5379805430384,97,96,157,491,existing,2107.5379805430384,97,94,157,94,existing,1645.664753792159,97,109,157,239,existing,1548.8432440660813,97,100,157,347,existing,2124.7830840912075,97,98,157,491,existing,2107.5379805430384
98,98,92,158,124,existing,1074.3617771027875,98,92,158,540,existing,608.7687346355442,98,92,158,384,allocated,103.09858691870949,98,93,158,195,existing,1109.3127869570483,98,95,158,447,existing,1230.686035202818,98,94,158,94,existing,1426.1431726022165,98,109,158,239,existing,1329.3216628761388,98,107,158,379,existing,1762.7085911487327,98,96,158,491,existing,1888.016399353096,98,106,158,379,existing,1762.7085911487327,98,97,158,491,existing,1888.016399353096,98,98,158,491,existing,1888.016399353096,98,99,158,347,existing,1905.261502901265
99,99,92,161,124,existing,1334.2903475470873,99,92,161,540,existing,868.697305079844,99,92,161,262,allocated,124.30185891746038,99,93,161,195,existing,1369.241357401348,99,95,161,447,existing,1490.6146056471177,99,107,161,379,existing,1583.5939992131482,99,106,161,379,existing,1583.5939992131482,99,109,161,239,existing,1589.2502333204388,99,96,161,491,existing,2147.944969797396,99,98,161,491,existing,2147.944969797396,99,94,161,94,existing,1686.0717430465165,99,100,161,347,existing,2165.190073345565,99,97,161,491,existing,2147.944969797396
100,100,92,162,124,existing,1256.5887924862318,100,92,162,540,existing,790.9957500189885,100,92,162,148,allocated,78.85553221652142,100,93,162,195,existing,1291.5398023404925,100,95,162,447,existing,1412.9130505862622,100,109,162,239,existing,1511.548678259583,100,107,162,379,existing,1552.6076336896863,100,97,162,491,existing,2070.24341473654,100,98,162,491,existing,2070.24341473654,100,106,162,379,existing,1552.6076336896863,100,94,162,94,existing,1608.3701879856608,100,96,162,491,existing,2070.24341473654,100,99,162,347,existing,2087.4885182847092
101,101,92,163,124,existing,1206.731198305593,101,92,163,540,existing,741.1381558383496,101,92,163,148,allocated,28.997938035882626,101,93,163,195,existing,1241.6822081598536,101,95,163,447,existing,1363.0554564056233,101,109,163,239,existing,1461.6910840789442,101,94,163,94,existing,1558.5125938050219,101,106,163,379,existing,1602.4652278703252,101,107,163,379,existing,1602.4652278703252,101,96,163,491,existing,2020.3858205559013,101,98,163,491,existing,2020.3858205559013,101,99,163,347,existing,2037.6309241040703,101,97,163,491,existing,2020.3858205559013
102,102,88,164,285,existing,193.78940125384133,102,88,164,283,existing,100.35325068426931,102,88,164,323,allocated,249.55804282177291,102,104,164,285,existing,193.78940125384133,102,101,164,457,existing,517.1480979092076,102,102,164,457,existing,517.1480979092076,102,108,164,457,existing,517.1480979092076,102,103,164,457,existing,517.1480979092076,102,97,164,491,existing,638.7966819374478,102,100,164,347,existing,621.5515783892787,102,99,164,347,existing,621.5515783892787,102,98,164,491,existing,638.7966819374478,102,96,164,491,existing,638.7966819374478
103,103,86,165,347,existing,405.43076935499744,103,86,165,208,existing,378.02220677655674,103,86,165,203,allocated,112.93257279883798,103,96,165,491,existing,391.0393325273804,103,98,165,491,existing,391.0393325273804,103,97,165,491,existing,391.0393325273804,103,99,165,347,existing,405.43076935499744,103,101,165,457,existing,722.8769774069734,103,103,165,457,existing,722.8769774069734,103,108,165,457,existing,722.8769774069734,103,100,165,347,existing,405.43076935499744,103,104,165,285,existing,818.8409528841878,103,102,165,457,existing,722.8769774069734
104,104,86,166,347,existing,305.402590250641,104,86,166,208,existing,382.6161129091053,104,86,166,203,allocated,212.96075190319436,104,98,166,491,existing,291.011153423024,104,97,166,491,existing,291.011153423024,104,100,166,347,existing,305.402590250641,104,96,166,491,existing,291.011153423024,104,101,166,457,existing,622.8487983026171,104,103,166,457,existing,622.8487983026171,104,99,166,347,existing,305.402590250641,104,108,166,457,existing,622.8487983026171,104,104,166,285,existing,736.4467115748868,104,102,166,457,existing,622.8487983026171
105,105,84,167,348,existing,177.63469118712925,105,84,167,208,existing,653.4773918662056,105,84,167,430,allocated,15.45154849959529,105,100,167,347,existing,203.09627391688696,105,99,167,347,existing,203.09627391688696,105,97,167,491,existing,218.61199656969376,105,98,167,491,existing,218.61199656969376,105,101,167,457,existing,421.3186259536244,105,103,167,457,existing,421.3186259536244,105,96,167,491,existing,218.61199656969376,105,102,167,457,existing,421.3186259536244,105,104,167,285,existing,632.5833634362998,105,108,167,457,existing,421.3186259536244
106,106,85,168,348,existing,268.0863228201152,106,85,168,208,existing,743.9290234991915,106,85,168,430,allocated,105.90318013258121,106,100,168,347,existing,293.5479055498729,106,99,168,347,existing,293.5479055498729,106,97,168,491,existing,309.0636282026797,106,98,168,491,existing,309.0636282026797,106,101,168,457,existing,511.77025758661034,106,103,168,457,existing,511.77025758661034,106,96,168,491,existing,309.0636282026797,106,102,168,457,existing,511.77025758661034,106,104,168,285,existing,723.0349950692857,106,108,168,457,existing,511.77025758661034
107,107,90,171,379,existing,1397.7938106119461,107,90,171,320,existing,520.7590931914613,107,90,171,478,allocated,424.8020785427693,107,107,171,379,existing,1397.7938106119461,107,106,171,379,existing,1397.7938106119461,107,109,171,239,existing,1909.7810576846105,107,94,171,94,existing,1833.6307995828802,107,98,171,491,existing,2788.1912971430047,107,93,171,195,existing,1991.7928694031325,107,95,171,447,existing,1953.4454263737148,107,97,171,491,existing,2788.1912971430047,107,96,171,491,existing,2788.1912971430047,107,100,171,347,existing,2805.4364006911737
108,108,90,172,379,existing,1313.1414846549164,108,90,172,320,existing,605.4114191484911,108,90,172,146,allocated,505.13971339171815,108,107,172,379,existing,1313.1414846549164,108,106,172,379,existing,1313.1414846549164,108,109,172,239,existing,1994.4333836416404,108,94,172,94,existing,1918.2831255399096,108,93,172,195,existing,2076.445195360162,108,98,172,491,existing,2872.8436231000346,108,95,172,447,existing,2038.0977523307447,108,97,172,491,existing,2872.8436231000346,108,100,172,347,existing,2890.0887266482036,108,96,172,491,existing,2872.8436231000346
109,109,90,173,379,existing,1271.3533253855926,109,90,173,320,existing,601.1447606514762,109,90,173,146,allocated,463.3515541223944,109,106,173,379,existing,1271.3533253855926,109,107,173,379,existing,1271.3533253855926,109,109,173,239,existing,1990.1667251446256,109,94,173,94,existing,1914.0164670428949,109,95,173,447,existing,2033.83109383373,109,96,173,491,existing,2868.5769646030194,109,97,173,491,existing,2868.5769646030194,109,93,173,195,existing,2072.178536863147,109,98,173,491,existing,2868.5769646030194,109,100,173,347,existing,2885.8220681511884
110,110,90,174,379,existing,1194.9922623970683,110,90,174,320,existing,524.7836976629518,110,90,174,146,allocated,386.99049113387,110,106,174,379,existing,1194.9922623970683,110,107,174,379,existing,1194.9922623970683,110,109,174,239,existing,1913.8056621561013,110,94,174,94,existing,1837.6554040543706,110,95,174,447,existing,1957.4700308452057,110,96,174,491,existing,2792.215901614495,110,93,174,195,existing,1995.8174738746231,110,97,174,491,existing,2792.215901614495,110,98,174,491,existing,2792.215901614495,110,100,174,347,existing,2809.461005162664
111,111,79,175,195,existing,81.85222364127652,111,79,175,355,existing,237.5407144260719,111,79,175,175,existing,0.0,111,93,175,195,existing,81.85222364127652,111,109,175,239,existing,141.5625915539272,111,95,175,447,existing,203.2254718870462,111,94,175,94,existing,496.28321361319865,111,97,175,491,existing,894.1646741923316,111,98,175,491,existing,894.1646741923316,111,99,175,347,existing,911.4097777405008,111,96,175,491,existing,894.1646741923316,111,100,175,347,existing,911.4097777405008,111,108,175,457,existing,1183.3642480544609
112,112,79,176,195,existing,395.5079036345117,112,79,176,355,existing,551.1963944193071,112,79,176,175,existing,313.6556799932352,112,93,176,195,existing,395.5079036345117,112,109,176,239,existing,455.21827154716243,112,95,176,447,existing,516.8811518802814,112,94,176,94,existing,809.9388936064338,112,96,176,491,existing,1207.788710420414,112,97,176,491,existing,1207.788710420414,112,98,176,491,existing,1207.788710420414,112,99,176,347,existing,1225.033813968583,112,100,176,347,existing,1225.033813968583,112,108,176,457,existing,1496.06861636483
113,113,79,177,195,existing,82.98184649033541,113,79,177,355,existing,205.06149912012333,113,79,177,472,allocated,41.94886602740994,113,93,177,195,existing,82.98184649033541,113,95,177,447,existing,204.3550947361051,113,94,177,94,existing,602.7400854844806,113,109,177,239,existing,261.2340092303291,113,96,177,491,existing,775.412924433643,113,100,177,347,existing,792.6580279818121,113,97,177,491,existing,775.412924433643,113,98,177,491,existing,775.412924433643,113,99,177,347,existing,792.6580279818121,113,103,177,457,existing,1063.692830378059
114,114,79,178,195,existing,399.3438111357689,114,79,178,355,existing,521.4234637655568,114,79,178,472,allocated,358.3108306728434,114,93,178,195,existing,399.3438111357689,114,95,178,447,existing,520.7170593815385,114,109,178,239,existing,571.2320928885,114,94,178,94,existing,919.102050129914,114,96,178,491,existing,1091.7748890790765,114,97,178,491,existing,1091.7748890790765,114,99,178,347,existing,1109.0199926272455,114,98,178,491,existing,1091.7748890790765,114,100,178,347,existing,1109.0199926272455,114,103,178,457,existing,1380.0547950234923
115,115,91,180,263,existing,149.08818017635673,115,91,180,283,existing,739.1833097382996,115,91,180,180,allocated,0.0,115,105,180,71,existing,20.813317581943355,115,108,180,457,existing,414.0902999721994,115,101,180,457,existing,414.0902999721994,115,103,180,457,existing,414.0902999721994,115,99,180,347,existing,731.8790728491019,115,104,180,285,existing,445.04065780018897,115,96,180,491,existing,749.1241763972712,115,102,180,457,existing,414.0902999721994,115,97,180,491,existing,749.1241763972712,115,100,180,347,existing,731.8790728491019
116,116,88,181,285,existing,395.06611735870854,116,88,181,283,existing,100.92346542059788,116,88,181,323,allocated,48.281326716905724,116,104,181,285,existing,395.06611735870854,116,103,181,457,existing,663.2471345952403,116,101,181,457,existing,663.2471345952403,116,108,181,457,existing,663.2471345952403,116,100,181,347,existing,763.2168430110947,116,97,181,491,existing,780.4619465592639,116,99,181,347,existing,763.2168430110947,116,102,181,457,existing,663.2471345952403,116,98,181,491,existing,780.4619465592639,116,96,181,491,existing,780.4619465592639
117,117,83,182,336,existing,24.14067978923989,117,83,182,355,existing,675.9612673643057,117,83,182,336,existing,24.14067978923989,117,98,182,491,existing,304.5131561894606,117,96,182,491,existing,304.5131561894606,117,100,182,347,existing,321.7582597376297,117,97,182,491,existing,304.5131561894606,117,101,182,457,existing,592.7930621338767,117,93,182,195,existing,553.8816147345178,117,108,182,457,existing,592.7930621338767,117,99,182,347,existing,321.7582597376297,117,102,182,457,existing,592.7930621338767,117,103,182,457,existing,592.7930621338767
118,118,84,183,348,existing,17.70451708071935,118,84,183,208,existing,492.5194695661125,118,84,183,348,allocated,17.70451708071935,118,98,183,491,existing,24.893248068624686,118,96,183,491,existing,24.893248068624686,118,100,183,347,existing,42.13835161679381,118,97,183,491,existing,24.893248068624686,118,101,183,457,existing,312.92905718318485,118,102,183,457,existing,312.92905718318485,118,108,183,457,existing,312.92905718318485,118,99,183,347,existing,42.13835161679381,118,104,183,285,existing,472.65318932988987,118,103,183,457,existing,312.92905718318485
119,119,91,184,263,existing,214.5997606463332,119,91,184,208,existing,642.0310076715211,119,91,184,179,allocated,93.99114115205947,119,105,184,71,existing,143.28401941608584,119,103,184,457,existing,291.6195981380569,119,102,184,457,existing,291.6195981380569,119,108,184,457,existing,291.6195981380569,119,99,184,347,existing,609.4083710149596,119,104,184,285,existing,510.55223827016545,119,100,184,347,existing,609.4083710149596,119,101,184,457,existing,291.6195981380569,119,97,184,491,existing,626.6534745631286,119,96,184,491,existing,626.6534745631286
120,120,84,185,348,existing,413.95897723979147,120,84,185,208,existing,888.7739297251846,120,84,185,429,allocated,312.70292443355595,120,98,185,491,existing,421.14770822769685,120,97,185,491,existing,421.14770822769685,120,99,185,347,existing,438.392811775866,120,96,185,491,existing,421.14770822769685,120,103,185,457,existing,709.183517342257,120,100,185,347,existing,438.392811775866,120,102,185,457,existing,709.183517342257,120,101,185,457,existing,709.183517342257,120,104,185,285,existing,868.9076494889621,120,108,185,457,existing,709.183517342257
121,121,85,186,348,existing,403.1016847154559,121,85,186,208,existing,877.916637200849,121,85,186,429,allocated,301.84563190922034,121,98,186,491,existing,410.29041570336125,121,97,186,491,existing,410.29041570336125,121,99,186,347,existing,427.5355192515304,121,96,186,491,existing,410.29041570336125,121,100,186,347,existing,427.5355192515304,121,108,186,457,existing,698.3262248179215,121,102,186,457,existing,698.3262248179215,121,103,186,457,existing,698.3262248179215,121,104,186,285,existing,858.0503569646264,121,101,186,457,existing,698.3262248179215
122,122,92,187,124,existing,515.5512284762209,122,92,187,81,existing,250.72776205288613,122,92,187,76,allocated,167.95942749054478,122,94,187,94,existing,867.33262397565,122,109,187,239,existing,900.8955354128859,122,93,187,195,existing,982.9073471314075,122,95,187,447,existing,944.55990410199,122,98,187,491,existing,1785.9212416831156,122,107,187,379,existing,1317.7948644791682,122,106,187,379,existing,1317.7948644791682,122,96,187,491,existing,1785.9212416831156,122,99,187,347,existing,1803.1663452312846,122,97,187,491,existing,1785.9212416831156
123,123,92,188,124,existing,569.7414402552367,123,92,188,81,existing,194.3962002789425,123,92,188,81,allocated,194.3962002789425,123,94,188,94,existing,921.522835754666,123,93,188,195,existing,950.8860675131243,123,95,188,447,existing,998.750115881006,123,109,188,239,existing,955.0857471919018,123,107,188,379,existing,1367.510959441276,123,97,188,491,existing,1729.589679909172,123,106,188,379,existing,1367.510959441276,123,96,188,491,existing,1729.589679909172,123,98,188,491,existing,1729.589679909172,123,99,188,347,existing,1746.834783457341
124,124,90,189,379,existing,492.97238457729856,124,90,189,320,existing,877.3106400811542,124,90,189,477,allocated,96.46599138372532,124,107,189,379,existing,492.97238457729856,124,106,189,379,existing,492.97238457729856,124,94,189,94,existing,1834.348432117321,124,109,189,239,existing,1910.4986902190512,124,97,189,491,existing,2788.9089296774455,124,95,189,447,existing,1954.1630589081556,124,93,189,195,existing,1992.5105019375733,124,98,189,491,existing,2788.9089296774455,124,99,189,347,existing,2806.1540332256145,124,96,189,491,existing,2788.9089296774455
125,125,90,190,379,existing,656.1069296700607,125,90,190,320,existing,1029.5678335760454,125,90,190,210,allocated,191.92338418664332,125,107,190,379,existing,656.1069296700607,125,106,190,379,existing,656.1069296700607,125,94,190,94,existing,1986.605625612212,125,109,190,239,existing,2062.7558837139422,125,98,190,491,existing,2941.1661231723365,125,95,190,447,existing,2106.4202524030466,125,97,190,491,existing,2941.1661231723365,125,93,190,195,existing,2144.7676954324643,125,96,190,491,existing,2941.1661231723365,125,99,190,347,existing,2958.4112267205055
126,126,92,191,124,existing,866.7201644417084,126,92,191,320,existing,158.87398762124118,126,92,191,478,allocated,254.83100226993315,126,94,191,94,existing,1174.5590708151708,126,109,191,239,existing,1252.0644713783734,126,95,191,447,existing,1295.7288400674774,126,93,191,195,existing,1334.0762830968952,126,106,191,379,existing,1344.376337375398,126,97,191,491,existing,2138.403733549652,126,96,191,491,existing,2138.403733549652,126,107,191,379,existing,1344.376337375398,126,98,191,491,existing,2138.403733549652,126,100,191,347,existing,2155.648837097821
127,127,92,192,124,existing,674.1459149949947,127,92,192,320,existing,351.44823706795495,127,92,192,54,allocated,315.2421034437577,127,94,192,94,existing,981.9848213684569,127,109,192,239,existing,1059.4902219316596,127,95,192,447,existing,1103.1545906207639,127,93,192,195,existing,1141.5020336501814,127,97,192,491,existing,1945.8294841029383,127,107,192,379,existing,1160.5553204218666,127,106,192,379,existing,1160.5553204218666,127,96,192,491,existing,1945.8294841029383,127,98,192,491,existing,1945.8294841029383,127,99,192,347,existing,1963.0745876511073
128,128,79,194,195,existing,131.10709903400246,128,79,194,355,existing,286.79558981879785,128,79,194,196,existing,113.30727108668935,128,93,194,195,existing,131.10709903400246,128,95,194,447,existing,252.48034727977216,128,109,194,239,existing,351.11597495309314,128,94,194,94,existing,650.8653380281477,128,98,194,491,existing,943.4195495850574,128,97,194,491,existing,943.4195495850574,128,100,194,347,existing,960.6646531332266,128,96,194,491,existing,943.4195495850574,128,99,194,347,existing,960.6646531332266,128,103,194,457,existing,1277.781775902397
129,129,79,196,195,existing,244.4143701206918,129,79,196,540,existing,265.8580895854656,129,79,196,196,existing,0.0,129,93,196,195,existing,244.4143701206918,129,95,196,447,existing,365.7876183664615,129,94,196,94,existing,699.0346769426394,129,109,196,239,existing,464.4232460397825,129,100,196,347,existing,1073.9719242199158,129,97,196,491,existing,1056.7268206717467,129,96,196,491,existing,1056.7268206717467,129,98,196,491,existing,1056.7268206717467,129,99,196,347,existing,1073.9719242199158,129,108,196,457,existing,1391.0890469890865
130,130,79,197,195,existing,276.8896867536081,130,79,197,355,existing,121.20119596881273,130,79,197,350,allocated,41.67212190064725,130,93,197,195,existing,276.8896867536081,130,95,197,447,existing,398.26293499937776,130,94,197,94,existing,796.6479257477533,130,109,197,239,existing,496.89856267269874,130,96,197,491,existing,1055.5932991496556,130,98,197,491,existing,1055.5932991496556,130,97,197,491,existing,1055.5932991496556,130,99,197,347,existing,1072.8384026978247,130,100,197,347,existing,1072.8384026978247,130,101,197,457,existing,1389.9555254669951
131,131,79,198,195,existing,178.10213111022875,131,79,198,355,existing,22.413640325433402,131,79,198,350,allocated,140.45967754402656,131,93,198,195,existing,178.10213111022875,131,95,198,447,existing,299.4753793559984,131,94,198,94,existing,697.8603701043739,131,109,198,239,existing,398.1110070293194,131,98,198,491,existing,956.8057435062764,131,100,198,347,existing,974.0508470544455,131,96,198,491,existing,956.8057435062764,131,97,198,491,existing,956.8057435062764,131,99,198,347,existing,974.0508470544455,131,103,198,457,existing,1291.1679698236157
132,132,86,203,347,existing,499.89237218011374,132,86,203,208,existing,465.75490845728075,132,86,203,203,allocated,0.0,132,100,203,347,existing,499.89237218011374,132,99,203,347,existing,499.89237218011374,132,97,203,491,existing,503.9719053262184,132,98,203,491,existing,503.9719053262184,132,101,203,457,existing,816.1663179907449,132,103,203,457,existing,816.1663179907449,132,96,203,491,existing,503.9719053262184,132,102,203,457,existing,816.1663179907449,132,104,203,285,existing,906.5736545649117,132,108,203,457,existing,816.1663179907449
133,133,90,209,379,existing,838.7417178750187,133,90,209,320,existing,1442.5290726547007,133,90,209,209,allocated,0.0,133,107,209,379,existing,838.7417178750187,133,106,209,379,existing,838.7417178750187,133,109,209,239,existing,2475.7171227925974,133,94,209,94,existing,2399.566864690867,133,93,209,195,existing,2557.7289345111194,133,95,209,447,existing,2519.3814914817017,133,98,209,491,existing,3354.1273622509916,133,97,209,491,existing,3354.1273622509916,133,99,209,347,existing,3371.3724657991606,133,96,209,491,existing,3354.1273622509916
134,134,90,210,379,existing,848.0303138567041,134,90,210,320,existing,1221.4912177626886,134,90,210,210,allocated,0.0,134,106,210,379,existing,848.0303138567041,134,107,210,379,existing,848.0303138567041,134,109,210,239,existing,2254.6792679005857,134,94,210,94,existing,2178.529009798855,134,93,210,195,existing,2336.6910796191078,134,96,210,491,existing,3133.08950735898,134,98,210,491,existing,3133.08950735898,134,95,210,447,existing,2298.3436365896896,134,99,210,347,existing,3150.334610907149,134,97,210,491,existing,3133.08950735898
135,135,92,211,124,existing,1141.2144855199945,135,92,211,231,existing,176.61642110852057,135,92,211,231,allocated,176.61642110852057,135,94,211,94,existing,1156.9347817840585,135,109,211,239,existing,1511.65540384333,135,95,211,447,existing,1555.3197725324342,135,93,211,195,existing,1622.4001707821656,135,98,211,491,existing,2426.7276212349225,135,106,211,379,existing,2363.271578619894,135,97,211,491,existing,2426.7276212349225,135,107,211,379,existing,2363.271578619894,135,100,211,347,existing,2443.9727247830915,135,96,211,491,existing,2426.7276212349225
136,136,86,216,347,existing,203.49507128342586,136,86,216,208,existing,280.7085939418901,136,86,216,491,existing,189.10363445580884,136,98,216,491,existing,189.10363445580884,136,96,216,491,existing,189.10363445580884,136,100,216,347,existing,203.49507128342586,136,97,216,491,existing,189.10363445580884,136,101,216,457,existing,520.9412793354018,136,103,216,457,existing,520.9412793354018,136,108,216,457,existing,520.9412793354018,136,99,216,347,existing,203.49507128342586,136,104,216,285,existing,634.5391926076715,136,102,216,457,existing,520.9412793354018
137,137,86,217,347,existing,106.09242847048489,137,86,217,208,existing,380.9649034753832,137,86,217,491,existing,88.84732492231576,137,98,217,491,existing,88.84732492231576,137,96,217,491,existing,88.84732492231576,137,100,217,347,existing,106.09242847048489,137,97,217,491,existing,88.84732492231576,137,101,217,457,existing,423.8812013473875,137,102,217,457,existing,423.8812013473875,137,108,217,457,existing,423.8812013473875,137,99,217,347,existing,106.09242847048489,137,103,217,457,existing,423.8812013473875,137,104,217,285,existing,537.4791146196571
138,138,91,218,263,existing,146.9163231172745,138,91,218,283,existing,541.7798087537061,138,91,218,218,allocated,0.0,138,105,218,71,existing,269.8334215350493,138,104,218,285,existing,432.4059732965509,138,101,218,457,existing,606.1512825611394,138,103,218,457,existing,606.1512825611394,138,100,218,347,existing,860.1681504319882,138,99,218,347,existing,860.1681504319882,138,108,218,457,existing,606.1512825611394,138,102,218,457,existing,606.1512825611394,138,97,218,491,existing,877.4132539801574,138,96,218,491,existing,877.4132539801574
139,139,92,221,124,existing,313.2368544619728,139,92,221,81,existing,335.2570296356893,139,92,221,431,allocated,58.26080246480568,139,94,221,94,existing,621.0757608354351,139,109,221,239,existing,698.5811613986378,139,93,221,195,existing,780.5929731171595,139,95,221,447,existing,742.245530087742,139,96,221,491,existing,1584.9204235699165,139,106,221,379,existing,1521.4643809548884,139,107,221,379,existing,1521.4643809548884,139,98,221,491,existing,1584.9204235699165,139,97,221,491,existing,1584.9204235699165,139,99,221,347,existing,1602.1655271180855
140,140,92,222,124,existing,234.34477319328994,140,92,222,81,existing,256.3649483670064,140,92,222,431,allocated,137.15288373348858,140,94,222,94,existing,542.1836795667522,140,109,222,239,existing,619.6890801299548,140,95,222,447,existing,663.3534488190592,140,93,222,195,existing,701.7008918484767,140,100,222,347,existing,1523.2734458494026,140,96,222,491,existing,1506.0283423012336,140,98,222,491,existing,1506.0283423012336,140,97,222,491,existing,1506.0283423012336,140,99,222,347,existing,1523.2734458494026,140,107,222,379,existing,1600.3564622235713
141,141,90,226,379,existing,1242.6184925327593,141,90,226,320,existing,2246.1393568467547,141,90,226,226,allocated,0.0,141,107,226,379,existing,1242.6184925327593,141,106,226,379,existing,1242.6184925327593,141,94,226,94,existing,3203.177148882921,141,109,226,239,existing,3279.3274069846516,141,93,226,195,existing,3361.339218703173,141,95,226,447,existing,3322.991775673756,141,98,226,491,existing,4157.737646443045,141,96,226,491,existing,4157.737646443045,141,100,226,347,existing,4174.982749991214,141,97,226,491,existing,4157.737646443045
142,142,92,230,124,existing,876.9496948266087,142,92,230,231,existing,87.64836958486514,142,92,230,231,allocated,87.64836958486514,142,94,230,94,existing,892.6699910906727,142,109,230,239,existing,1247.3906131499443,142,93,230,195,existing,1358.1353800887798,142,95,230,447,existing,1291.0549818390484,142,98,230,491,existing,2162.4628305415367,142,107,230,379,existing,2099.006787926509,142,97,230,491,existing,2162.4628305415367,142,106,230,379,existing,2099.006787926509,142,100,230,347,existing,2179.7079340897058,142,96,230,491,existing,2162.4628305415367
143,143,92,231,124,existing,964.5980644114738,143,92,231,231,existing,0.0,143,92,231,231,allocated,0.0,143,94,231,94,existing,980.3183606755379,143,109,231,239,existing,1335.0389827348095,143,93,231,195,existing,1445.783749673645,143,95,231,447,existing,1378.7033514239135,143,106,231,379,existing,2186.6551575113735,143,98,231,491,existing,2250.111200126402,143,97,231,491,existing,2250.111200126402,143,107,231,379,existing,2186.6551575113735,143,99,231,347,existing,2267.356303674571,143,96,231,491,existing,2250.111200126402
144,144,90,232,379,existing,485.6629054518968,144,90,232,320,existing,1412.2117988410314,144,90,232,261,allocated,258.1856006258477,144,107,232,379,existing,485.6629054518968,144,106,232,379,existing,485.6629054518968,144,94,232,94,existing,2369.249590877198,144,109,232,239,existing,2445.3998489789287,144,97,232,491,existing,3323.8100884373225,144,95,232,447,existing,2489.064217668033,144,93,232,195,existing,2527.4116606974503,144,98,232,491,existing,3323.8100884373225,144,96,232,491,existing,3323.8100884373225,144,99,232,347,existing,3341.0551919854915
145,145,90,233,379,existing,510.3566369723999,145,90,233,320,existing,1361.683849305466,145,90,233,261,allocated,207.65765109028237,145,106,233,379,existing,510.3566369723999,145,107,233,379,existing,510.3566369723999,145,109,233,239,existing,2394.8718994433634,145,94,233,94,existing,2318.7216413416327,145,93,233,195,existing,2476.883711161885,145,97,233,491,existing,3273.282138901757,145,95,233,447,existing,2438.5362681324677,145,98,233,491,existing,3273.282138901757,145,96,233,491,existing,3273.282138901757,145,99,233,347,existing,3290.5272424499262
146,146,90,235,379,existing,356.65299889424074,146,90,235,320,existing,1421.1989370264248,146,90,235,261,allocated,267.17273881124123,146,107,235,379,existing,356.65299889424074,146,106,235,379,existing,356.65299889424074,146,109,235,239,existing,2454.386987164322,146,94,235,94,existing,2378.236729062591,146,97,235,491,existing,3332.797226622716,146,95,235,447,existing,2498.0513558534262,146,96,235,491,existing,3332.797226622716,146,93,235,195,existing,2536.3987988828435,146,99,235,347,existing,3350.042330170885,146,98,235,491,existing,3332.797226622716
147,147,90,236,379,existing,472.51760936913837,147,90,236,320,existing,1239.1736846251144,147,90,236,261,allocated,85.14748640993076,147,107,236,379,existing,472.51760936913837,147,106,236,379,existing,472.51760936913837,147,109,236,239,existing,2272.3617347630116,147,94,236,94,existing,2196.211476661281,147,93,236,195,existing,2354.373546481533,147,96,236,491,existing,3150.771974221406,147,95,236,447,existing,2316.026103452116,147,97,236,491,existing,3150.771974221406,147,100,236,347,existing,3168.017077769575,147,98,236,491,existing,3150.771974221406
148,148,90,237,379,existing,1214.1953711958001,148,90,237,320,existing,335.0929339394823,148,90,237,478,allocated,239.1359192907903,148,107,237,379,existing,1214.1953711958001,148,106,237,379,existing,1214.1953711958001,148,109,237,239,existing,1724.114898432632,148,94,237,94,existing,1647.9646403309011,148,97,237,491,existing,2602.5251378910257,148,98,237,491,existing,2602.5251378910257,148,95,237,447,existing,1767.779267121736,148,93,237,195,existing,1806.1267101511535,148,96,237,491,existing,2602.5251378910257,148,100,237,347,existing,2619.7702414391947
149,149,90,247,379,existing,1175.90329781215,149,90,247,320,existing,182.31497735537704,149,90,247,478,allocated,86.35796270668506,149,107,247,379,existing,1175.90329781215,149,106,247,379,existing,1175.90329781215,149,109,247,239,existing,1587.8861893621024,149,94,247,94,existing,1510.3807887988996,149,97,247,491,existing,2474.225451533381,149,93,247,195,existing,1669.8980010806242,149,96,247,491,existing,2474.225451533381,149,95,247,447,existing,1631.5505580512065,149,98,247,491,existing,2474.225451533381,149,100,247,347,existing,2491.47055508155
150,150,92,250,124,existing,1100.7133640401712,150,92,250,231,existing,308.6468499357418,150,92,250,231,allocated,308.6468499357418,150,94,250,94,existing,1116.4336603042354,150,109,250,239,existing,1471.154282363507,150,93,250,195,existing,1581.8990493023425,150,95,250,447,existing,1514.8186510526111,150,97,250,491,existing,2386.226499755099,150,106,250,379,existing,2322.770457140071,150,98,250,491,existing,2386.226499755099,150,107,250,379,existing,2322.770457140071,150,100,250,347,existing,2403.4716033032682,150,96,250,491,existing,2386.226499755099
151,151,87,251,457,existing,465.44854589805834,151,87,251,208,existing,115.0371363645942,151,87,251,323,allocated,149.51726198027617,151,101,251,457,existing,465.44854589805834,151,102,251,457,existing,465.44854589805834,151,103,251,457,existing,465.44854589805834,151,108,251,457,existing,465.44854589805834,151,104,251,285,existing,555.8558824722252,151,100,251,347,existing,565.4182543139128,151,99,251,347,existing,565.4182543139128,151,97,251,491,existing,582.663357862082,151,98,251,491,existing,582.663357862082,151,96,251,491,existing,582.663357862082
152,152,92,253,124,existing,1357.2274489910467,152,92,253,320,existing,367.1705738942903,152,92,253,478,allocated,433.6356883012587,152,107,253,379,existing,1408.6951402062684,152,106,253,379,existing,1408.6951402062684,152,94,253,94,existing,1665.066355364509,152,109,253,239,existing,1742.5717559277118,152,95,253,447,existing,1786.236124616816,152,98,253,491,existing,2628.9110180989906,152,93,253,195,existing,1824.5835676462336,152,97,253,491,existing,2628.9110180989906,152,96,253,491,existing,2628.9110180989906,152,100,253,347,existing,2646.1561216471596
153,153,92,254,124,existing,1286.3209507173904,153,92,254,320,existing,296.26407562063395,153,92,254,478,allocated,379.9317331799903,153,107,254,379,existing,1469.477068285455,153,106,254,379,existing,1469.477068285455,153,109,254,239,existing,1671.6652576540555,153,94,254,94,existing,1594.1598570908527,153,93,254,195,existing,1753.677069372577,153,95,254,447,existing,1715.3296263431596,153,96,254,491,existing,2558.004519825334,153,97,254,491,existing,2558.004519825334,153,98,254,491,existing,2558.004519825334,153,100,254,347,existing,2575.249623373503
154,154,89,255,284,existing,196.23899801846957,154,89,255,208,existing,741.0944487987647,154,89,255,56,allocated,88.65376940147002,154,105,255,71,existing,243.56523844053424,154,101,255,457,existing,390.6830392653005,154,102,255,457,existing,390.6830392653005,154,108,255,457,existing,390.6830392653005,154,100,255,347,existing,702.6789725322386,154,99,255,347,existing,702.6789725322386,154,103,255,457,existing,390.6830392653005,154,104,255,285,existing,662.2626571281778,154,96,255,491,existing,719.815154951825,154,97,255,491,existing,719.815154951825
155,155,92,256,124,existing,848.9979753646826,155,92,256,540,existing,383.40493289743927,155,92,256,408,allocated,187.70724298358093,155,93,256,195,existing,883.9489852189433,155,95,256,447,existing,1005.322233464713,155,94,256,94,existing,1200.7793708641116,155,109,256,239,existing,1103.9578611380339,155,106,256,379,existing,1658.362911938951,155,98,256,491,existing,1662.652597614991,155,97,256,491,existing,1662.652597614991,155,107,256,379,existing,1658.362911938951,155,96,256,491,existing,1662.652597614991,155,99,256,347,existing,1679.89770116316
156,156,92,257,124,existing,884.9278462998388,156,92,257,540,existing,419.3348038325956,156,92,257,408,allocated,156.12885690024365,156,93,257,195,existing,919.8788561540996,156,95,257,447,existing,1041.2521043998693,156,94,257,94,existing,1236.709241799268,156,109,257,239,existing,1139.8877320731904,156,97,257,491,existing,1698.5824685501473,156,107,257,379,existing,1697.4201333644328,156,98,257,491,existing,1698.5824685501473,156,106,257,379,existing,1697.4201333644328,156,99,257,347,existing,1715.8275720983163,156,96,257,491,existing,1698.5824685501473
157,157,92,258,124,existing,501.71833618664556,157,92,258,81,existing,58.92580275924641,157,92,258,81,allocated,58.92580275924641,157,93,258,195,existing,815.4156699934282,157,94,258,94,existing,853.4997316860747,157,109,258,239,existing,887.0626431233105,157,95,258,447,existing,930.7270118124147,157,107,258,379,existing,1502.9813569609723,157,97,258,491,existing,1594.1192823894758,157,106,258,379,existing,1502.9813569609723,157,96,258,491,existing,1594.1192823894758,157,99,258,347,existing,1611.3643859376448,157,98,258,491,existing,1594.1192823894758
158,158,92,259,124,existing,642.2791710782782,158,92,259,540,existing,176.6861286110349,158,92,259,81,allocated,200.6830133856602,158,93,259,195,existing,677.2301809325389,158,95,259,447,existing,798.6034291783086,158,94,259,94,existing,994.0605665777073,158,109,259,239,existing,897.2390568516296,158,97,259,491,existing,1455.9337933285867,158,96,259,491,existing,1455.9337933285867,158,98,259,491,existing,1455.9337933285867,158,100,259,347,existing,1473.1788968767557,158,99,259,347,existing,1473.1788968767557,158,107,259,379,existing,1644.7385675873861
159,159,90,260,379,existing,664.3138871573158,159,90,260,320,existing,1430.969962413292,159,90,260,261,allocated,106.64879137824668,159,107,260,379,existing,664.3138871573158,159,106,260,379,existing,664.3138871573158,159,109,260,239,existing,2464.158012551189,159,94,260,94,existing,2388.0077544494584,159,93,260,195,existing,2546.1698242697107,159,97,260,491,existing,3342.5682520095834,159,96,260,491,existing,3342.5682520095834,159,95,260,447,existing,2507.8223812402935,159,99,260,347,existing,3359.8133555577524,159,98,260,491,existing,3342.5682520095834
160,160,90,261,379,existing,557.6650957790691,160,90,261,320,existing,1324.3211710350452,160,90,261,261,allocated,0.0,160,107,261,379,existing,557.6650957790691,160,106,261,379,existing,557.6650957790691,160,94,261,94,existing,2281.3589630712117,160,109,261,239,existing,2357.5092211729425,160,98,261,491,existing,3235.9194606313367,160,95,261,447,existing,2401.1735898620464,160,96,261,491,existing,3235.9194606313367,160,93,261,195,existing,2439.521032891464,160,97,261,491,existing,3235.9194606313367,160,100,261,347,existing,3253.1645641795058
161,161,90,265,379,existing,792.9982018663578,161,90,265,320,existing,392.50414788779904,161,90,265,146,allocated,126.29148669147241,161,107,265,379,existing,792.9982018663578,161,106,265,379,existing,792.9982018663578,161,109,265,239,existing,1581.448903797857,161,94,265,94,existing,1505.2986456961262,161,93,265,195,existing,1663.4607155163785,161,98,265,491,existing,2459.8591432562507,161,96,265,491,existing,2459.8591432562507,161,95,265,447,existing,1625.113272486961,161,99,265,347,existing,2477.1042468044197,161,97,265,491,existing,2459.8591432562507
162,162,90,268,379,existing,868.3663476769264,162,90,268,320,existing,345.0978247758608,162,90,268,20,allocated,221.5156902155293,162,107,268,379,existing,868.3663476769264,162,106,268,379,existing,868.3663476769264,162,109,268,239,existing,1350.3240522151277,162,94,268,94,existing,1274.173794113397,162,98,268,491,existing,2228.7342916735215,162,97,268,491,existing,2228.7342916735215,162,93,268,195,existing,1432.3358639336495,162,95,268,447,existing,1393.988420904232,162,100,268,347,existing,2245.9793952216905,162,96,268,491,existing,2228.7342916735215
163,163,92,269,124,existing,596.3121593493127,163,92,269,81,existing,167.82548118486653,163,92,269,81,allocated,167.82548118486653,163,93,269,195,existing,924.3153484190483,163,94,269,94,existing,948.0935548487419,163,109,269,239,existing,981.6564662859777,163,95,269,447,existing,1025.3208349750819,163,107,269,379,existing,1394.0816785353522,163,98,269,491,existing,1703.0189608150959,163,106,269,379,existing,1394.0816785353522,163,96,269,491,existing,1703.0189608150959,163,97,269,491,existing,1703.0189608150959,163,99,269,347,existing,1720.2640643632649
164,164,92,270,124,existing,1617.1809631709739,164,92,270,320,existing,698.7501479808757,164,92,270,478,allocated,782.417805540232,164,94,270,94,existing,1732.923905450737,164,106,270,379,existing,1871.963140645697,164,107,270,379,existing,1871.963140645697,164,109,270,239,existing,2002.5252701076388,164,93,270,195,existing,2084.537081826161,164,97,270,491,existing,2888.8645322789175,164,96,270,491,existing,2888.8645322789175,164,95,270,447,existing,2046.189638796743,164,99,270,347,existing,2906.1096358270865,164,98,270,491,existing,2888.8645322789175
165,165,92,271,124,existing,1550.8205577849878,165,92,271,320,existing,632.3897425948896,165,92,271,478,allocated,716.0574001542459,165,94,271,94,existing,1666.5635000647508,165,107,271,379,existing,1805.6027352597107,165,109,271,239,existing,1936.164864721653,165,106,271,379,existing,1805.6027352597107,165,95,271,447,existing,1979.829233410757,165,93,271,195,existing,2018.1766764401748,165,96,271,491,existing,2822.5041268929317,165,97,271,491,existing,2822.5041268929317,165,100,271,347,existing,2839.7492304411007,165,98,271,491,existing,2822.5041268929317
166,166,92,272,124,existing,842.3383931102458,166,92,272,540,existing,385.28322819560617,166,92,272,81,allocated,409.2801129702315,166,93,272,195,existing,885.8272805171102,166,95,272,447,existing,1007.2005287628799,166,109,272,239,existing,1105.8361564362008,166,94,272,94,existing,1194.1197886096747,166,97,272,491,existing,1664.530892913158,166,106,272,379,existing,1640.1079122962851,166,107,272,379,existing,1640.1079122962851,166,98,272,491,existing,1664.530892913158,166,96,272,491,existing,1664.530892913158,166,100,272,347,existing,1681.775996461327
167,167,92,273,124,existing,751.5022939806055,167,92,273,540,existing,285.9092515133622,167,92,273,81,allocated,309.9061362879875,167,93,273,195,existing,786.4533038348663,167,95,273,447,existing,907.826552080636,167,94,273,94,existing,1103.2836894800346,167,109,273,239,existing,1006.4621797539569,167,97,273,491,existing,1565.156916230914,167,98,273,491,existing,1565.156916230914,167,96,273,491,existing,1565.156916230914,167,99,273,347,existing,1582.402019779083,167,100,273,347,existing,1582.402019779083,167,107,273,379,existing,1739.4818889785292
168,168,92,274,124,existing,1089.6483892375259,168,92,274,320,existing,651.3476397821541,168,92,274,54,allocated,523.5492859569389,168,94,274,94,existing,1395.8043768234224,168,109,274,239,existing,1474.9926961741908,168,95,274,447,existing,1518.657064863295,168,93,274,195,existing,1557.0045078927128,168,106,274,379,existing,1831.0776909923193,168,107,274,379,existing,1831.0776909923193,168,96,274,491,existing,2361.3319583454695,168,98,274,491,existing,2361.3319583454695,168,100,274,347,existing,2378.5770618936385,168,97,274,491,existing,2361.3319583454695
169,169,92,275,124,existing,478.67423071084227,169,92,275,81,existing,500.6944058845587,169,92,275,275,allocated,0.0,169,94,275,94,existing,786.5131370843045,169,109,275,239,existing,864.0185376475072,169,93,275,195,existing,946.030349366029,169,95,275,447,existing,907.6829063366115,169,107,275,379,existing,1686.9017572037578,169,97,275,491,existing,1750.357799818786,169,106,275,379,existing,1686.9017572037578,169,96,275,491,existing,1750.357799818786,169,99,275,347,existing,1767.602903366955,169,98,275,491,existing,1750.357799818786
170,170,92,276,124,existing,424.25010319637624,170,92,276,81,existing,446.2702783700927,170,92,276,431,allocated,52.752446269597726,170,94,276,94,existing,732.0890095698385,170,109,276,239,existing,809.5944101330413,170,93,276,195,existing,891.606221851563,170,95,276,447,existing,853.2587788221454,170,107,276,379,existing,1632.4776296892917,170,98,276,491,existing,1695.9336723043198,170,106,276,379,existing,1632.4776296892917,170,96,276,491,existing,1695.9336723043198,170,100,276,347,existing,1713.1787758524888,170,97,276,491,existing,1695.9336723043198
171,171,92,277,124,existing,701.539944601323,171,92,277,231,existing,386.18133341080227,171,92,277,275,allocated,222.86571389048072,171,94,277,94,existing,787.6562405725845,171,109,277,239,existing,1086.884251537988,171,95,277,447,existing,1130.5486202270922,171,93,277,195,existing,1168.8960632565097,171,107,277,379,existing,1801.475930713746,171,106,277,379,existing,1801.475930713746,171,97,277,491,existing,1973.2235137092666,171,98,277,491,existing,1973.2235137092666,171,100,277,347,existing,1990.4686172574357,171,96,277,491,existing,1973.2235137092666
172,172,92,278,124,existing,180.92420972432558,172,92,278,81,existing,623.3304271214788,172,92,278,278,allocated,0.0,172,94,278,94,existing,204.43515270411197,172,109,278,239,existing,559.1557747633834,172,95,278,447,existing,602.8201434524876,172,93,278,195,existing,724.1933916982573,172,98,278,491,existing,1536.5058422493123,172,97,278,491,existing,1536.5058422493123,172,96,278,491,existing,1536.5058422493123,172,100,278,347,existing,1553.7509457974813,172,99,278,347,existing,1553.7509457974813,172,103,278,457,existing,1870.8680685666518
173,173,89,279,284,existing,258.84261337472515,173,89,279,283,existing,1019.0089244225442,173,89,279,279,allocated,0.0,173,105,279,71,existing,306.16885379678985,173,103,279,457,existing,716.4965444269812,173,101,279,457,existing,716.4965444269812,173,108,279,457,existing,716.4965444269812,173,99,279,347,existing,1007.041392717653,173,100,279,347,existing,1007.041392717653,173,102,279,457,existing,716.4965444269812,173,104,279,285,existing,724.8662724844335,173,97,279,491,existing,1020.2935824998467,173,98,279,491,existing,1020.2935824998467
174,174,92,280,124,existing,500.21349184660244,174,92,280,81,existing,247.82242330264936,174,92,280,76,allocated,152.62169086092632,174,94,280,94,existing,851.9948873460316,174,109,280,239,existing,885.5577987832673,174,93,280,195,existing,967.5696105017892,174,95,280,447,existing,929.2221674723717,174,107,280,379,existing,1437.0389078499106,174,98,280,491,existing,1771.897060954546,174,106,280,379,existing,1437.0389078499106,174,96,280,491,existing,1771.897060954546,174,97,280,491,existing,1771.897060954546,174,99,280,347,existing,1789.142164502715
175,175,86,282,347,existing,87.84241465850195,175,86,282,208,existing,362.53870329081667,175,86,282,347,existing,87.84241465850195,175,100,282,347,existing,87.84241465850195,175,99,282,347,existing,87.84241465850195,175,97,282,491,existing,105.08751820667108,175,98,282,491,existing,105.08751820667108,175,102,282,457,existing,405.6311875354046,175,96,282,491,existing,105.08751820667108,175,103,282,457,existing,405.6311875354046,175,108,282,457,existing,405.6311875354046,175,104,282,285,existing,519.2291008076743,175,101,282,457,existing,405.6311875354046
176,176,88,283,285,existing,294.14265193811065,176,88,283,283,existing,0.0,176,88,283,323,allocated,149.2047921375036,176,104,283,285,existing,294.14265193811065,176,103,283,457,existing,617.5013485934769,176,102,283,457,existing,617.5013485934769,176,108,283,457,existing,617.5013485934769,176,99,283,347,existing,721.9048290735481,176,97,283,491,existing,739.1499326217172,176,100,283,347,existing,721.9048290735481,176,101,283,457,existing,617.5013485934769,176,98,283,491,existing,739.1499326217172,176,96,283,491,existing,739.1499326217172
177,177,89,284,284,existing,0.0,177,89,284,283,existing,760.1663110478189,177,89,284,56,allocated,107.58522861699956,177,105,284,71,existing,147.88997978538043,177,104,284,285,existing,466.02365910970826,177,102,284,457,existing,565.4667068668975,177,103,284,457,existing,565.4667068668975,177,108,284,457,existing,565.4667068668975,177,100,284,347,existing,883.2554797438002,177,99,284,347,existing,883.2554797438002,177,101,284,457,existing,565.4667068668975,177,98,284,491,existing,900.5005832919693,177,96,284,491,existing,900.5005832919693
178,178,88,285,285,existing,0.0,178,88,285,283,existing,294.14265193811065,178,88,285,132,allocated,158.8208330548684,178,104,285,285,existing,0.0,178,102,285,457,existing,323.3586966553663,178,101,285,457,existing,323.3586966553663,178,108,285,457,existing,323.3586966553663,178,103,285,457,existing,323.3586966553663,178,100,285,347,existing,431.3866861491723,178,97,285,491,existing,448.6317896973414,178,99,285,347,existing,431.3866861491723,178,98,285,491,existing,448.6317896973414,178,96,285,491,existing,448.6317896973414
179,179,92,286,124,existing,925.9876595947565,179,92,286,540,existing,483.5669543906323,179,92,286,81,allocated,497.50098143031045,179,93,286,195,existing,984.1110067121364,179,95,286,447,existing,1105.4842549579062,179,109,286,239,existing,1204.119882631227,179,94,286,94,existing,1277.7690550941857,179,106,286,379,existing,1723.757178780796,179,98,286,491,existing,1762.8146191081842,179,107,286,379,existing,1723.757178780796,179,97,286,491,existing,1762.8146191081842,179,100,286,347,existing,1780.0597226563532,179,96,286,491,existing,1762.8146191081842
180,180,84,287,348,existing,82.56398965213691,180,84,287,208,existing,558.4066903312132,180,84,287,348,allocated,82.56398965213691,180,100,287,347,existing,108.0255723818946,180,99,287,347,existing,108.0255723818946,180,97,287,491,existing,125.16175480148095,180,98,287,491,existing,125.16175480148095,180,102,287,457,existing,353.13271035288665,180,103,287,457,existing,353.13271035288665,180,96,287,491,existing,125.16175480148095,180,101,287,457,existing,353.13271035288665,180,104,287,285,existing,537.5126619013074,180,108,287,457,existing,353.13271035288665
181,181,87,288,457,existing,177.83357036650762,181,87,288,208,existing,528.2449798999718,181,87,288,457,existing,177.83357036650762,181,101,288,457,existing,177.83357036650762,181,102,288,457,existing,177.83357036650762,181,108,288,457,existing,177.83357036650762,181,103,288,457,existing,177.83357036650762,181,99,288,347,existing,283.32471236827365,181,100,288,347,existing,283.32471236827365,181,97,288,491,existing,300.46089478785996,181,98,288,491,existing,300.46089478785996,181,104,288,285,existing,501.19226702187393,181,96,288,491,existing,300.46089478785996
182,182,92,295,124,existing,941.2441192990013,182,92,295,540,existing,475.651076831758,182,92,295,408,allocated,154.28002360238742,182,93,295,195,existing,976.1951291532621,182,95,295,447,existing,1097.5683773990318,182,94,295,94,existing,1293.0255147984303,182,109,295,239,existing,1196.2040050723526,182,98,295,491,existing,1754.8987415493098,182,96,295,491,existing,1754.8987415493098,182,97,295,491,existing,1754.8987415493098,182,107,295,379,existing,1757.7663740161506,182,106,295,379,existing,1757.7663740161506,182,99,295,347,existing,1772.1438450974788
183,183,92,296,124,existing,970.3933321081761,183,92,296,540,existing,504.8002896409328,183,92,296,384,allocated,175.9859181379561,183,93,296,195,existing,1005.3443419624368,183,95,296,447,existing,1126.7175902082065,183,94,296,94,existing,1322.1747276076053,183,109,296,239,existing,1225.3532178815276,183,96,296,491,existing,1784.0479543584845,183,97,296,491,existing,1784.0479543584845,183,98,296,491,existing,1784.0479543584845,183,106,296,379,existing,1789.9928155739349,183,99,296,347,existing,1801.2930579066535,183,107,296,379,existing,1789.9928155739349
184,184,79,298,195,existing,361.71745185619295,184,79,298,355,existing,517.4059426409883,184,79,298,298,allocated,0.0,184,109,298,239,existing,141.7085759371023,184,95,298,447,existing,240.34420361042328,184,93,298,195,existing,361.71745185619295,184,94,298,94,existing,496.42919799637366,184,98,298,491,existing,1174.0299024072478,184,100,298,347,existing,1191.2750059554169,184,97,298,491,existing,1174.0299024072478,184,96,298,491,existing,1174.0299024072478,184,103,298,457,existing,1466.6354155454903,184,99,298,347,existing,1191.2750059554169
185,185,79,299,195,existing,301.6270177893641,185,79,299,355,existing,457.3155085741595,185,79,299,299,existing,0.0,185,109,299,239,existing,81.61814187027343,185,95,299,447,existing,180.25376954359442,185,93,299,195,existing,301.6270177893641,185,94,299,94,existing,436.3387639295448,185,98,299,491,existing,1113.9394683404191,185,99,299,347,existing,1131.1845718885882,185,97,299,491,existing,1113.9394683404191,185,96,299,491,existing,1113.9394683404191,185,100,299,347,existing,1131.1845718885882,185,101,299,457,existing,1406.5449814786616
186,186,79,300,195,existing,426.54360466374675,186,79,300,355,existing,582.2320954485422,186,79,300,300,allocated,0.0,186,109,300,239,existing,206.5347287446561,186,95,300,447,existing,305.1703564179771,186,94,300,94,existing,492.9958061787078,186,93,300,195,existing,426.54360466374675,186,96,300,491,existing,1238.8560552148017,186,100,300,347,existing,1256.1011587629707,186,97,300,491,existing,1238.8560552148017,186,98,300,491,existing,1238.8560552148017,186,101,300,457,existing,1531.4615683530442,186,99,300,347,existing,1256.1011587629707
187,187,92,301,124,existing,1301.2595207147167,187,92,301,540,existing,835.6664782474734,187,92,301,301,allocated,0.0,187,93,301,195,existing,1336.2105305689774,187,95,301,447,existing,1457.5837788147471,187,107,301,379,existing,1497.0299050193867,187,106,301,379,existing,1497.0299050193867,187,97,301,491,existing,2114.9141429650253,187,98,301,491,existing,2114.9141429650253,187,94,301,94,existing,1653.040916214146,187,109,301,239,existing,1556.2194064880682,187,100,301,347,existing,2132.1592465131944,187,96,301,491,existing,2114.9141429650253
188,188,92,302,124,existing,409.42105237569376,188,92,302,231,existing,555.17701203578,188,92,302,418,allocated,203.3381171264943,188,94,302,94,existing,425.141348639758,188,109,302,239,existing,779.8619706990295,188,95,302,447,existing,823.5263393881337,188,93,302,195,existing,944.8995876339034,188,97,302,491,existing,1757.2120381849584,188,98,302,491,existing,1757.2120381849584,188,100,302,347,existing,1774.4571417331274,188,96,302,491,existing,1757.2120381849584,188,99,302,347,existing,1774.4571417331274,188,103,302,457,existing,2091.574264502298
189,189,92,303,124,existing,699.0227517849382,189,92,303,81,existing,462.60790582384277,189,92,303,54,allocated,92.97084206027888,189,94,303,94,existing,1006.8616581584004,189,109,303,239,existing,1084.3670587216031,189,95,303,447,existing,1128.0314274107072,189,93,303,195,existing,1166.378870440125,189,97,303,491,existing,1970.7063208928819,189,106,303,379,existing,1382.8265818053453,189,96,303,491,existing,1970.7063208928819,189,107,303,379,existing,1382.8265818053453,189,98,303,491,existing,1970.7063208928819,189,99,303,347,existing,1987.951424441051
190,190,92,304,124,existing,638.7012331097536,190,92,304,81,existing,402.2863871486582,190,92,304,54,allocated,153.29236073546343,190,94,304,94,existing,946.5401394832159,190,109,304,239,existing,1024.0455400464186,190,93,304,195,existing,1106.0573517649404,190,95,304,447,existing,1067.7099087355227,190,106,304,379,existing,1322.5050631301608,190,97,304,491,existing,1910.3848022176971,190,107,304,379,existing,1322.5050631301608,190,98,304,491,existing,1910.3848022176971,190,96,304,491,existing,1910.3848022176971,190,99,304,347,existing,1927.6299057658662
191,191,90,305,379,existing,670.3957968829336,191,90,305,320,existing,1603.702467419733,191,90,305,341,existing,418.5522369706242,191,107,305,379,existing,670.3957968829336,191,106,305,379,existing,670.3957968829336,191,94,305,94,existing,2560.7402594558994,191,109,305,239,existing,2636.89051755763,191,98,305,491,existing,3515.3007570160244,191,93,305,195,existing,2718.9023292761517,191,96,305,491,existing,3515.3007570160244,191,95,305,447,existing,2680.5548862467344,191,97,305,491,existing,3515.3007570160244,191,100,305,347,existing,3532.5458605641934
192,192,90,306,379,existing,599.5596156682038,192,90,306,320,existing,1532.8662862050035,192,90,306,341,existing,347.7160557558945,192,107,306,379,existing,599.5596156682038,192,106,306,379,existing,599.5596156682038,192,94,306,94,existing,2489.90407824117,192,109,306,239,existing,2566.0543363429006,192,93,306,195,existing,2648.066148061422,192,97,306,491,existing,3444.464575801295,192,98,306,491,existing,3444.464575801295,192,95,306,447,existing,2609.718705032005,192,96,306,491,existing,3444.464575801295,192,99,306,347,existing,3461.709679349464
193,193,92,307,124,existing,1382.6543405798768,193,92,307,320,existing,392.59746548312046,193,92,307,478,allocated,424.290838051164,193,107,307,379,existing,1399.3502899561736,193,106,307,379,existing,1399.3502899561736,193,109,307,239,existing,1767.998647516542,193,94,307,94,existing,1690.4932469533392,193,93,307,195,existing,1850.0104592350638,193,97,307,491,existing,2654.3379096878207,193,96,307,491,existing,2654.3379096878207,193,95,307,447,existing,1811.663016205646,193,98,307,491,existing,2654.3379096878207,193,100,307,347,existing,2671.5830132359897
194,194,92,308,124,existing,548.600367881181,194,92,308,540,existing,83.0073254139377,194,92,308,315,allocated,109.19971532552194,194,93,308,195,existing,583.5513777354417,194,95,308,447,existing,704.9246259812114,194,109,308,239,existing,803.5602536545324,194,94,308,94,existing,900.3817633806101,194,98,308,491,existing,1362.2549901314894,194,96,308,491,existing,1362.2549901314894,194,99,308,347,existing,1379.5000936796584,194,97,308,491,existing,1362.2549901314894,194,101,308,457,existing,1696.6172164488287,194,100,308,347,existing,1379.5000936796584
195,195,92,309,124,existing,519.4767865793574,195,92,309,81,existing,76.68425315195832,195,92,309,81,allocated,76.68425315195832,195,93,309,195,existing,833.1741203861401,195,94,309,94,existing,871.2581820787866,195,109,309,239,existing,904.8210935160224,195,95,309,447,existing,948.4854622051266,195,107,309,379,existing,1485.2229065682604,195,97,309,491,existing,1611.8777327821876,195,106,309,379,existing,1485.2229065682604,195,96,309,491,existing,1611.8777327821876,195,99,309,347,existing,1629.1228363303567,195,98,309,491,existing,1611.8777327821876
196,196,92,313,124,existing,1106.7761082456504,196,92,313,320,existing,98.45607932711562,196,92,313,478,allocated,182.123736886472,196,106,313,379,existing,1271.6690719919368,196,107,313,379,existing,1271.6690719919368,196,109,313,239,existing,1492.1204151823154,196,94,313,94,existing,1414.6150146191126,196,98,313,491,existing,2378.459677353594,196,95,313,447,existing,1535.7847838714197,196,96,313,491,existing,2378.459677353594,196,93,313,195,existing,1574.1322269008372,196,97,313,491,existing,2378.459677353594,196,100,313,347,existing,2395.704780901763
197,197,79,316,195,existing,268.0123423087133,197,79,316,540,existing,242.26011739744413,197,79,316,196,existing,23.59797218802147,197,93,316,195,existing,268.0123423087133,197,95,316,447,existing,389.385590554483,197,109,316,239,existing,488.02121822780396,197,94,316,94,existing,675.436704754618,197,97,316,491,existing,1080.3247928597682,197,98,316,491,existing,1080.3247928597682,197,96,316,491,existing,1080.3247928597682,197,99,316,347,existing,1097.5698964079372,197,100,316,347,existing,1097.5698964079372,197,108,316,457,existing,1414.6870191771077
198,198,87,317,457,existing,396.914226955588,198,87,317,208,existing,46.50281742212384,198,87,317,323,allocated,218.05158092274655,198,101,317,457,existing,396.914226955588,198,102,317,457,existing,396.914226955588,198,103,317,457,existing,396.914226955588,198,108,317,457,existing,396.914226955588,198,104,317,285,existing,487.32156352975477,198,100,317,347,existing,496.8839353714425,198,99,317,347,existing,496.8839353714425,198,97,317,491,existing,514.1290389196116,198,98,317,491,existing,514.1290389196116,198,96,317,491,existing,514.1290389196116
199,199,90,318,379,existing,463.4979842584492,199,90,318,320,existing,1145.1836026631017,199,90,318,477,allocated,171.40697119822224,199,107,318,379,existing,463.4979842584492,199,106,318,379,existing,463.4979842584492,199,109,318,239,existing,2178.371652800999,199,94,318,94,existing,2102.2213946992683,199,95,318,447,existing,2222.036021490103,199,96,318,491,existing,3056.7818922593933,199,93,318,195,existing,2260.3834645195207,199,97,318,491,existing,3056.7818922593933,199,98,318,491,existing,3056.7818922593933,199,99,318,347,existing,3074.0269958075623
200,200,90,319,379,existing,530.9517571527219,200,90,319,320,existing,1077.7298297688292,200,90,319,477,allocated,103.95319830394953,200,107,319,379,existing,530.9517571527219,200,106,319,379,existing,530.9517571527219,200,94,319,94,existing,2034.7676218049955,200,109,319,239,existing,2110.9178799067263,200,97,319,491,existing,2989.3281193651205,200,95,319,447,existing,2154.5822485958306,200,96,319,491,existing,2989.3281193651205,200,93,319,195,existing,2192.929691625248,200,99,319,347,existing,3006.5732229132896,200,98,319,491,existing,2989.3281193651205
201,201,92,320,124,existing,1025.5941520629497,201,92,320,320,existing,0.0,201,92,320,478,allocated,95.95701464869198,201,107,320,379,existing,1185.5023497541567,201,106,320,379,existing,1185.5023497541567,201,109,320,239,existing,1410.9384589996146,201,94,320,94,existing,1333.433058436412,201,98,320,491,existing,2297.277721170893,201,93,320,195,existing,1492.9502707181364,201,96,320,491,existing,2297.277721170893,201,95,320,447,existing,1454.6028276887187,201,97,320,491,existing,2297.277721170893,201,99,320,347,existing,2314.522824719062
202,202,92,321,124,existing,1522.5994025243833,202,92,321,320,existing,570.5896106739485,202,92,321,478,allocated,654.2572682333048,202,94,321,94,existing,1728.3636319856919,202,106,321,379,existing,1743.8026033387696,202,107,321,379,existing,1743.8026033387696,202,109,321,239,existing,1907.9437094610485,202,95,321,447,existing,1951.6080781501526,202,97,321,491,existing,2794.2829716323267,202,98,321,491,existing,2794.2829716323267,202,93,321,195,existing,1989.9555211795703,202,99,321,347,existing,2811.5280751804958,202,96,321,491,existing,2794.2829716323267
203,203,87,322,457,existing,295.32204746348793,203,87,322,208,existing,55.089362069976225,203,87,322,349,existing,213.50476520915728,203,101,322,457,existing,295.32204746348793,203,102,322,457,existing,295.32204746348793,203,108,322,457,existing,295.32204746348793,203,103,322,457,existing,295.32204746348793,203,104,322,285,existing,408.9199607357576,203,99,322,347,existing,395.2917558793424,203,96,322,491,existing,412.53685942751156,203,100,322,347,existing,395.2917558793424,203,97,322,491,existing,412.53685942751156,203,98,322,491,existing,412.53685942751156
204,204,88,323,285,existing,443.34744407561425,204,88,323,283,existing,149.2047921375036,204,88,323,323,allocated,0.0,204,104,323,285,existing,443.34744407561425,204,108,323,457,existing,614.9658078783345,204,101,323,457,existing,614.9658078783345,204,103,323,457,existing,614.9658078783345,204,102,323,457,existing,614.9658078783345,204,97,323,491,existing,732.1806198423582,204,99,323,347,existing,714.935516294189,204,100,323,347,existing,714.935516294189,204,98,323,491,existing,732.1806198423582,204,96,323,491,existing,732.1806198423582
205,205,82,324,336,existing,404.15895192945317,205,82,324,208,existing,633.8799813332844,205,82,324,203,allocated,368.79034735556553,205,98,324,491,existing,646.897107084108,205,97,324,491,existing,646.897107084108,205,99,324,347,existing,661.2885439117249,205,96,324,491,existing,646.897107084108,205,103,324,457,existing,978.734751963701,205,100,324,347,existing,661.2885439117249,205,101,324,457,existing,978.734751963701,205,93,324,195,existing,936.0989260802875,205,102,324,457,existing,978.734751963701,205,108,324,457,existing,978.734751963701
206,206,88,331,285,existing,961.8027315997949,206,88,331,283,existing,667.6600796616842,206,88,331,331,allocated,0.0,206,104,331,285,existing,961.8027315997949,206,99,331,347,existing,1031.2517554961391,206,100,331,347,existing,1031.2517554961391,206,97,331,491,existing,1035.3312886422439,206,98,331,491,existing,1035.3312886422439,206,101,331,457,existing,1229.9837488363266,206,108,331,457,existing,1229.9837488363266,206,96,331,491,existing,1035.3312886422439,206,103,331,457,existing,1229.9837488363266,206,102,331,457,existing,1229.9837488363266
207,207,92,332,124,existing,1073.971653596882,207,92,332,231,existing,300.1303026233821,207,92,332,231,allocated,300.1303026233821,207,94,332,94,existing,1089.6919498609461,207,109,332,239,existing,1444.4125719202177,207,95,332,447,existing,1488.0769406093218,207,93,332,195,existing,1555.1573388590532,207,98,332,491,existing,2359.4847893118103,207,106,332,379,existing,2296.028746696782,207,97,332,491,existing,2359.4847893118103,207,107,332,379,existing,2296.028746696782,207,100,332,347,existing,2376.7298928599794,207,96,332,491,existing,2359.4847893118103
208,208,92,333,124,existing,870.8914410102698,208,92,333,231,existing,304.0438654866741,208,92,333,231,allocated,304.0438654866741,208,94,333,94,existing,886.6117372743339,208,109,333,239,existing,1241.3323593336056,208,93,333,195,existing,1352.077126272441,208,95,333,447,existing,1284.9967280227097,208,96,333,491,existing,2156.404576725198,208,98,333,491,existing,2156.404576725198,208,107,333,379,existing,2092.9485341101695,208,106,333,379,existing,2092.9485341101695,208,100,333,347,existing,2173.649680273367,208,97,333,491,existing,2156.404576725198
209,209,92,334,124,existing,992.842704968742,209,92,334,231,existing,203.5413797269985,209,92,334,231,allocated,203.5413797269985,209,94,334,94,existing,1008.5630012328062,209,109,334,239,existing,1363.2836232920777,209,93,334,195,existing,1474.0283902309131,209,95,334,447,existing,1406.9479919811818,209,98,334,491,existing,2278.35584068367,209,106,334,379,existing,2214.8997980686418,209,97,334,491,existing,2278.35584068367,209,107,334,379,existing,2214.8997980686418,209,100,334,347,existing,2295.600944231839,209,96,334,491,existing,2278.35584068367
210,210,83,336,336,existing,0.0,210,83,336,355,existing,654.0196267806223,210,83,336,336,existing,0.0,210,98,336,491,existing,280.3724764002207,210,96,336,491,existing,280.3724764002207,210,100,336,347,existing,297.61757994838985,210,97,336,491,existing,280.3724764002207,210,108,336,457,existing,615.4063528252925,210,93,336,195,existing,531.9399741508344,210,102,336,457,existing,615.4063528252925,210,99,336,347,existing,297.61757994838985,210,101,336,457,existing,615.4063528252925,210,103,336,457,existing,615.4063528252925
211,211,85,337,348,existing,373.3722782077721,211,85,337,208,existing,849.2149788868485,211,85,337,430,allocated,180.90954493029705,211,98,337,491,existing,384.0699930003955,211,97,337,491,existing,384.0699930003955,211,99,337,347,existing,398.83386093752983,211,96,337,491,existing,384.0699930003955,211,103,337,457,existing,617.0562129742673,211,100,337,347,existing,398.83386093752983,211,102,337,457,existing,617.0562129742673,211,101,337,457,existing,617.0562129742673,211,104,337,285,existing,828.3209504569427,211,108,337,457,existing,617.0562129742673
212,212,85,338,348,existing,359.36424934810805,212,85,338,208,existing,835.2069500271843,212,85,338,430,allocated,194.91757378996112,212,100,338,347,existing,384.82583207786575,212,99,338,347,existing,384.82583207786575,212,96,338,491,existing,398.0780218600596,212,97,338,491,existing,398.0780218600596,212,102,338,457,existing,603.0481841146033,212,98,338,491,existing,398.0780218600596,212,108,338,457,existing,603.0481841146033,212,101,338,457,existing,603.0481841146033,212,103,338,457,existing,603.0481841146033,212,104,338,285,existing,814.3129215972787
213,213,90,342,379,existing,1182.7481237730665,213,90,342,320,existing,512.5395590389502,213,90,342,146,allocated,374.74635250986836,213,106,342,379,existing,1182.7481237730665,213,107,342,379,existing,1182.7481237730665,213,94,342,94,existing,1825.411265430369,213,109,342,239,existing,1901.5615235320997,213,93,342,195,existing,1983.5733352506213,213,95,342,447,existing,1945.2258922212038,213,96,342,491,existing,2779.9717629904935,213,98,342,491,existing,2779.9717629904935,213,97,342,491,existing,2779.9717629904935,213,100,342,347,existing,2797.2168665386625
214,214,90,343,379,existing,807.8755195798126,214,90,343,320,existing,1181.336423485797,214,90,343,210,allocated,40.1547942768915,214,107,343,379,existing,807.8755195798126,214,106,343,379,existing,807.8755195798126,214,109,343,239,existing,2214.524473623694,214,94,343,94,existing,2138.3742155219634,214,93,343,195,existing,2296.536285342216,214,98,343,491,existing,3092.934713082088,214,95,343,447,existing,2258.1888423127984,214,96,343,491,existing,3092.934713082088,214,99,343,347,existing,3110.179816630257,214,97,343,491,existing,3092.934713082088
215,215,90,344,379,existing,855.7771676815773,215,90,344,320,existing,1229.2380715875618,215,90,344,210,allocated,88.05644237865627,215,106,344,379,existing,855.7771676815773,215,107,344,379,existing,855.7771676815773,215,109,344,239,existing,2262.426121725459,215,94,344,94,existing,2186.275863623728,215,95,344,447,existing,2306.090490414563,215,96,344,491,existing,3140.836361183853,215,97,344,491,existing,3140.836361183853,215,93,344,195,existing,2344.437933443981,215,98,344,491,existing,3140.836361183853,215,99,344,347,existing,3158.081464732022
216,216,91,345,263,existing,250.63952321637748,216,91,345,208,existing,703.4882381198454,216,91,345,180,allocated,101.55134304002074,216,105,345,71,existing,122.36466062196409,216,101,345,457,existing,353.0768285863812,216,102,345,457,existing,353.0768285863812,216,103,345,457,existing,353.0768285863812,216,108,345,457,existing,353.0768285863812,216,100,345,347,existing,665.0727618533193,216,99,345,347,existing,665.0727618533193,216,104,345,285,existing,546.5920008402097,216,98,345,491,existing,682.2089442729057,216,96,345,491,existing,682.2089442729057
217,217,86,346,347,existing,188.26158732482128,217,86,346,208,existing,265.47510998328556,217,86,346,347,existing,188.26158732482128,217,100,346,347,existing,188.26158732482128,217,99,346,347,existing,188.26158732482128,217,97,346,491,existing,204.3371184144134,217,98,346,491,existing,204.3371184144134,217,101,346,457,existing,505.70779537679726,217,108,346,457,existing,505.70779537679726,217,103,346,457,existing,505.70779537679726,217,96,346,491,existing,204.3371184144134,217,104,346,285,existing,619.3057086490669,217,102,346,457,existing,505.70779537679726
218,218,87,349,457,existing,81.81728225433064,218,87,349,208,existing,268.59412727913355,218,87,349,349,existing,0.0,218,101,349,457,existing,81.81728225433064,218,102,349,457,existing,81.81728225433064,218,108,349,457,existing,81.81728225433064,218,103,349,457,existing,81.81728225433064,218,100,349,347,existing,235.97149062257196,218,96,349,491,existing,253.21659417074108,218,99,349,347,existing,235.97149062257196,218,104,349,285,existing,241.54141440103564,218,98,349,491,existing,253.21659417074108,218,97,349,491,existing,253.21659417074108
219,219,79,351,195,existing,150.20172483916133,219,79,351,355,existing,305.8902156239567,219,79,351,175,existing,68.3495011978848,219,109,351,239,existing,73.2130903560424,219,93,351,195,existing,150.20172483916133,219,95,351,447,existing,171.8487180293634,219,94,351,94,existing,427.93371241531383,219,96,351,491,existing,962.5141753902162,219,99,351,347,existing,979.7592789383854,219,97,351,491,existing,962.5141753902162,219,98,351,491,existing,962.5141753902162,219,100,351,347,existing,979.7592789383854,219,101,351,457,existing,1251.7137492523457
220,220,87,352,457,existing,104.88039169154831,220,87,352,208,existing,245.53101784191585,220,87,352,349,existing,23.063109437217673,220,101,352,457,existing,104.88039169154831,220,102,352,457,existing,104.88039169154831,220,108,352,457,existing,104.88039169154831,220,103,352,457,existing,104.88039169154831,220,98,352,491,existing,230.1534847335234,220,99,352,347,existing,212.9083811853543,220,104,352,285,existing,218.47830496381798,220,100,352,347,existing,212.9083811853543,220,97,352,491,existing,230.1534847335234,220,96,352,491,existing,230.1534847335234
221,221,85,353,348,existing,499.8317091699719,221,85,353,208,existing,974.646661655365,221,85,353,430,allocated,342.8563714041457,221,98,353,491,existing,507.02044015787726,221,96,353,491,existing,507.02044015787726,221,99,353,347,existing,524.2655437060464,221,97,353,491,existing,507.02044015787726,221,108,353,457,existing,779.6265458573655,221,100,353,347,existing,524.2655437060464,221,103,353,457,existing,779.6265458573655,221,102,353,457,existing,779.6265458573655,221,104,353,285,existing,954.7803814191425,221,101,353,457,existing,779.6265458573655
222,222,84,354,348,existing,592.701309241868,222,84,354,208,existing,1067.5162617272613,222,84,354,430,allocated,435.7259714760418,222,98,354,491,existing,599.8900402297734,222,96,354,491,existing,599.8900402297734,222,100,354,347,existing,617.1351437779425,222,97,354,491,existing,599.8900402297734,222,103,354,457,existing,872.4961459292616,222,99,354,347,existing,617.1351437779425,222,101,354,457,existing,872.4961459292616,222,102,354,457,existing,872.4961459292616,222,108,354,457,existing,872.4961459292616,222,104,354,285,existing,1047.6499814910385
223,223,92,361,124,existing,1238.0649905475666,223,92,361,540,existing,772.4719480803233,223,92,361,390,allocated,52.80401291938187,223,93,361,195,existing,1273.0160004018273,223,95,361,447,existing,1394.389248647597,223,106,361,379,existing,1446.979273075327,223,107,361,379,existing,1446.979273075327,223,97,361,491,existing,2051.719612797875,223,98,361,491,existing,2051.719612797875,223,109,361,239,existing,1493.0248763209179,223,94,361,94,existing,1589.8463860469956,223,96,361,491,existing,2051.719612797875,223,99,361,347,existing,2068.964716346044
224,224,92,363,124,existing,263.485397058857,224,92,363,540,existing,202.10764540838625,224,92,363,315,allocated,175.915255496802,224,94,363,94,existing,615.2667925582862,224,93,363,195,existing,624.6430798500123,224,95,363,447,existing,692.4940726846262,224,109,363,239,existing,648.829703995522,224,96,363,491,existing,1428.9705303027692,224,97,363,491,existing,1428.9705303027692,224,98,363,491,existing,1428.9705303027692,224,99,363,347,existing,1446.2156338509383,224,107,363,379,existing,1676.0591317605636,224,100,363,347,existing,1446.2156338509383
225,225,90,364,379,existing,569.3258424128317,225,90,364,320,existing,1420.6530547458979,225,90,364,261,allocated,266.6268565307142,225,107,364,379,existing,569.3258424128317,225,106,364,379,existing,569.3258424128317,225,94,364,94,existing,2377.6908467820645,225,109,364,239,existing,2453.841104883795,225,96,364,491,existing,3332.2513443421894,225,97,364,491,existing,3332.2513443421894,225,93,364,195,existing,2535.8529166023163,225,95,364,447,existing,2497.505473572899,225,99,364,347,existing,3349.4964478903585,225,98,364,491,existing,3332.2513443421894
226,226,90,365,379,existing,552.0330427180742,226,90,365,320,existing,1403.3602550511403,226,90,365,261,allocated,249.33405683595666,226,107,365,379,existing,552.0330427180742,226,106,365,379,existing,552.0330427180742,226,109,365,239,existing,2436.5483051890374,226,94,365,94,existing,2360.3980470873066,226,93,365,195,existing,2518.560116907559,226,96,365,491,existing,3314.9585446474316,226,95,365,447,existing,2480.2126738781417,226,98,365,491,existing,3314.9585446474316,226,97,365,491,existing,3314.9585446474316,226,100,365,347,existing,3332.2036481956006
227,227,87,366,457,existing,74.58117473392153,227,87,366,208,existing,424.9925842673857,227,87,366,457,existing,74.58117473392153,227,101,366,457,existing,74.58117473392153,227,102,366,457,existing,74.58117473392153,227,103,366,457,existing,74.58117473392153,227,108,366,457,existing,74.58117473392153,227,99,366,347,existing,386.5771080008597,227,104,366,285,existing,397.9398713892879,227,105,366,71,existing,400.8603144744238,227,100,366,347,existing,386.5771080008597,227,96,366,491,existing,403.713290420446,227,97,366,491,existing,403.713290420446
228,228,88,367,285,existing,596.7489541831635,228,88,367,283,existing,302.6063022450529,228,88,367,113,allocated,200.62021904912936,228,104,367,285,existing,596.7489541831635,228,103,367,457,existing,864.9299714196952,228,101,367,457,existing,864.9299714196952,228,108,367,457,existing,864.9299714196952,228,97,367,491,existing,982.144783383719,228,99,367,347,existing,964.8996798355497,228,102,367,457,existing,864.9299714196952,228,100,367,347,existing,964.8996798355497,228,98,367,491,existing,982.144783383719,228,96,367,491,existing,982.144783383719
229,229,91,368,263,existing,268.30188119194906,229,91,368,283,existing,420.39425067903153,229,91,368,218,allocated,121.3855580746746,229,104,368,285,existing,311.0204152218763,229,105,368,71,existing,391.21897960972393,229,101,368,457,existing,634.3791118772426,229,108,368,457,existing,634.3791118772426,229,99,368,347,existing,738.7825923573137,229,102,368,457,existing,634.3791118772426,229,103,368,457,existing,634.3791118772426,229,100,368,347,existing,738.7825923573137,229,98,368,491,existing,756.0276959054828,229,97,368,491,existing,756.0276959054828
230,230,90,370,379,existing,479.0554663154193,230,90,370,320,existing,1298.7964696052463,230,90,370,261,allocated,144.77027139006262,230,107,370,379,existing,479.0554663154193,230,106,370,379,existing,479.0554663154193,230,94,370,94,existing,2255.834261641413,230,109,370,239,existing,2331.9845197431437,230,93,370,195,existing,2413.9963314616652,230,95,370,447,existing,2375.648888432248,230,97,370,491,existing,3210.3947592015375,230,96,370,491,existing,3210.3947592015375,230,98,370,491,existing,3210.3947592015375,230,99,370,347,existing,3227.6398627497065
231,231,90,371,379,existing,421.01275583278743,231,90,371,320,existing,1187.6688310887635,231,90,371,261,allocated,136.65233994628167,231,107,371,379,existing,421.01275583278743,231,106,371,379,existing,421.01275583278743,231,109,371,239,existing,2220.856881226661,231,94,371,94,existing,2144.70662312493,231,96,371,491,existing,3099.2671206850546,231,97,371,491,existing,3099.2671206850546,231,95,371,447,existing,2264.521249915765,231,93,371,195,existing,2302.8686929451824,231,99,371,347,existing,3116.5122242332236,231,98,371,491,existing,3099.2671206850546
232,232,90,374,379,existing,3767.5231365108693,232,90,374,320,existing,4920.7897237290035,232,90,374,267,allocated,853.2591000798423,232,106,374,379,existing,3767.5231365108693,232,107,374,379,existing,3767.5231365108693,232,109,374,239,existing,5907.298981961982,232,93,374,195,existing,5800.770685154765,232,95,374,447,existing,5922.1439334005345,232,98,374,491,existing,6579.4742975508125,232,97,374,491,existing,6579.4742975508125,232,99,374,347,existing,6596.7194010989815,232,94,374,94,existing,5871.614329647163,232,96,374,491,existing,6579.4742975508125
233,233,90,379,379,existing,0.0,233,90,379,320,existing,1185.5023497541567,233,90,379,126,allocated,200.54264889254122,233,106,379,379,existing,0.0,233,107,379,379,existing,0.0,233,94,379,94,existing,2142.5401417903236,233,109,379,239,existing,2218.690399892054,233,93,379,195,existing,2300.702211610576,233,95,379,447,existing,2262.354768581158,233,97,379,491,existing,3097.100639350448,233,96,379,491,existing,3097.100639350448,233,98,379,491,existing,3097.100639350448,233,100,379,347,existing,3114.345742898617
234,234,92,383,124,existing,997.7473762474917,234,92,383,540,existing,532.1543337802484,234,92,383,148,allocated,179.98588402221856,234,93,383,195,existing,1032.6983861017525,234,95,383,447,existing,1154.0716343475221,234,94,383,94,existing,1349.528771746921,234,109,383,239,existing,1252.7072620208432,234,96,383,491,existing,1811.4019984978002,234,106,383,379,existing,1765.966213956475,234,107,383,379,existing,1765.966213956475,234,98,383,491,existing,1811.4019984978002,234,100,383,347,existing,1828.6471020459692,234,97,383,491,existing,1811.4019984978002
235,235,92,384,124,existing,971.263190184078,235,92,384,540,existing,505.6701477168347,235,92,384,384,allocated,0.0,235,93,384,195,existing,1006.2142000383387,235,95,384,447,existing,1127.5874482841084,235,94,384,94,existing,1323.0445856835072,235,109,384,239,existing,1226.2230759574295,235,100,384,347,existing,1802.1629159825554,235,97,384,491,existing,1784.9178124343864,235,98,384,491,existing,1784.9178124343864,235,96,384,491,existing,1784.9178124343864,235,99,384,347,existing,1802.1629159825554,235,106,384,379,existing,1865.8071780674422
236,236,92,387,124,existing,1230.4569330594534,236,92,387,540,existing,764.86389059221,236,92,387,390,allocated,45.19595543126856,236,93,387,195,existing,1265.4079429137141,236,95,387,447,existing,1386.7811911594838,236,106,387,379,existing,1439.3712155872136,236,107,387,379,existing,1439.3712155872136,236,109,387,239,existing,1485.416818832805,236,97,387,491,existing,2044.1115553097618,236,98,387,491,existing,2044.1115553097618,236,94,387,94,existing,1582.2383285588826,236,96,387,491,existing,2044.1115553097618,236,99,387,347,existing,2061.3566588579306
237,237,92,388,124,existing,1277.1835656570775,237,92,388,540,existing,811.5905231898341,237,92,388,390,allocated,91.92258802889265,237,93,388,195,existing,1312.1345755113382,237,95,388,447,existing,1433.5078237571079,237,107,388,379,existing,1486.0978481848376,237,106,388,379,existing,1486.0978481848376,237,97,388,491,existing,2090.838187907386,237,94,388,94,existing,1628.9649611565064,237,96,388,491,existing,2090.838187907386,237,109,388,239,existing,1532.1434514304287,237,98,388,491,existing,2090.838187907386,237,100,388,347,existing,2108.083291455555
238,238,92,389,124,existing,1149.2233023879367,238,92,389,540,existing,683.6302599206933,238,92,389,390,allocated,36.03767524024819,238,93,389,195,existing,1184.1743122421974,238,95,389,447,existing,1305.547560487967,238,107,389,379,existing,1358.1375849156968,238,106,389,379,existing,1358.1375849156968,238,109,389,239,existing,1404.183188161288,238,94,389,94,existing,1501.0046978873656,238,98,389,491,existing,1962.877924638245,238,96,389,491,existing,1962.877924638245,238,100,389,347,existing,1980.123028186414,238,97,389,491,existing,1962.877924638245
239,239,92,390,124,existing,1185.2609776281847,239,92,390,540,existing,719.6679351609414,239,92,390,390,allocated,0.0,239,93,390,195,existing,1220.2119874824455,239,95,390,447,existing,1341.5852357282151,239,107,390,379,existing,1394.1752601559451,239,106,390,379,existing,1394.1752601559451,239,109,390,239,existing,1440.220863401536,239,94,390,94,existing,1537.0423731276137,239,96,390,491,existing,1998.9155998784931,239,97,390,491,existing,1998.9155998784931,239,100,390,347,existing,2016.1607034266622,239,98,390,491,existing,1998.9155998784931
240,240,92,391,124,existing,1341.2961887570725,240,92,391,540,existing,875.7031462898292,240,92,391,301,allocated,51.60423361519486,240,93,391,195,existing,1376.2471986113333,240,106,391,379,existing,1445.425671404192,240,95,391,447,existing,1497.620446857103,240,107,391,379,existing,1445.425671404192,240,94,391,94,existing,1693.0775842565017,240,109,391,239,existing,1596.256074530424,240,98,391,491,existing,2154.950811007381,240,97,391,491,existing,2154.950811007381,240,100,391,347,existing,2172.19591455555,240,96,391,491,existing,2154.950811007381
241,241,92,392,124,existing,1358.5871679701906,241,92,392,540,existing,892.9941255029473,241,92,392,301,allocated,57.32764725547399,241,93,392,195,existing,1393.5381778244514,241,106,392,379,existing,1462.629322615256,241,107,392,379,existing,1462.629322615256,241,95,392,447,existing,1514.911426070221,241,97,392,491,existing,2172.241790220499,241,98,392,491,existing,2172.241790220499,241,94,392,94,existing,1710.3685634696199,241,109,392,239,existing,1613.5470537435422,241,100,392,347,existing,2189.486893768668,241,96,392,491,existing,2172.241790220499
242,242,92,393,124,existing,1384.2881802389813,242,92,393,540,existing,918.6951377717381,242,92,393,301,allocated,83.02865952426485,242,93,393,195,existing,1419.239190093242,242,106,393,379,existing,1436.928310346465,242,107,393,379,existing,1436.928310346465,242,95,393,447,existing,1540.612438339012,242,97,393,491,existing,2197.94280248929,242,98,393,491,existing,2197.94280248929,242,109,393,239,existing,1639.2480660123329,242,94,393,94,existing,1736.0695757384105,242,100,393,347,existing,2215.187906037459,242,96,393,491,existing,2197.94280248929
243,243,90,394,379,existing,1373.512178287807,243,90,394,540,existing,1017.0901317141336,243,90,394,262,allocated,155.25345431580033,243,107,394,379,existing,1373.512178287807,243,106,394,379,existing,1373.512178287807,243,93,394,195,existing,1517.6341840356376,243,95,394,447,existing,1639.0074322814073,243,97,394,491,existing,2296.337796431685,243,94,394,94,existing,1834.464569680806,243,96,394,491,existing,2296.337796431685,243,109,394,239,existing,1737.6430599547284,243,98,394,491,existing,2296.337796431685,243,100,394,347,existing,2313.582899979854
244,244,90,398,379,existing,1399.2683599674026,244,90,398,540,existing,956.3550881508006,244,90,398,262,allocated,60.02378032828519,244,107,398,379,existing,1399.2683599674026,244,106,398,379,existing,1399.2683599674026,244,95,398,447,existing,1578.2723887180744,244,93,398,195,existing,1456.8991404723047,244,98,398,491,existing,2235.6027528683526,244,94,398,94,existing,1773.7295261174731,244,96,398,491,existing,2235.6027528683526,244,109,398,239,existing,1676.9080163913954,244,99,398,347,existing,2252.8478564165216,244,97,398,491,existing,2235.6027528683526
245,245,90,399,379,existing,1375.5827758612957,245,90,399,540,existing,980.0406722569076,245,90,399,262,allocated,83.70936443439217,245,106,399,379,existing,1375.5827758612957,245,107,399,379,existing,1375.5827758612957,245,95,399,447,existing,1601.9579728241813,245,93,399,195,existing,1480.5847245784116,245,94,399,94,existing,1797.41511022358,245,109,399,239,existing,1700.5936004975024,245,96,399,491,existing,2259.2883369744595,245,98,399,491,existing,2259.2883369744595,245,99,399,347,existing,2276.5334405226286,245,97,399,491,existing,2259.2883369744595
246,246,92,400,124,existing,1292.6654782340547,246,92,400,540,existing,827.0724357668115,246,92,400,390,allocated,107.40450060587004,246,93,400,195,existing,1327.6164880883157,246,95,400,447,existing,1448.9897363340851,246,106,400,379,existing,1501.5797607618151,246,107,400,379,existing,1501.5797607618151,246,96,400,491,existing,2106.320100484363,246,98,400,491,existing,2106.320100484363,246,94,400,94,existing,1644.446873733484,246,109,400,239,existing,1547.6253640074062,246,97,400,491,existing,2106.320100484363,246,99,400,347,existing,2123.565204032532
247,247,92,401,124,existing,1310.4875585640782,247,92,401,540,existing,844.8945160968349,247,92,401,390,allocated,125.22658093589334,247,93,401,195,existing,1345.438568418339,247,95,401,447,existing,1466.8118166641086,247,107,401,379,existing,1519.4018410918384,247,106,401,379,existing,1519.4018410918384,247,109,401,239,existing,1565.4474443374297,247,98,401,491,existing,2124.142180814387,247,96,401,491,existing,2124.142180814387,247,94,401,94,existing,1662.2689540635074,247,100,401,347,existing,2141.387284362556,247,97,401,491,existing,2124.142180814387
248,248,92,402,124,existing,876.8807591765692,248,92,402,540,existing,411.287716709326,248,92,402,408,allocated,215.59002679546774,248,93,402,195,existing,911.8317690308301,248,95,402,447,existing,1033.2050172765998,248,94,402,94,existing,1228.6621546759984,248,109,402,239,existing,1131.8406449499207,248,106,402,379,existing,1630.480128127064,248,98,402,491,existing,1690.5353814268778,248,97,402,491,existing,1690.5353814268778,248,107,402,379,existing,1630.480128127064,248,96,402,491,existing,1690.5353814268778,248,99,402,347,existing,1707.7804849750469
249,249,92,403,124,existing,853.6259921949631,249,92,403,540,existing,388.0329497277198,249,92,403,408,allocated,66.66189649834922,249,93,403,195,existing,888.5770020492239,249,95,403,447,existing,1009.9502502949936,249,94,403,94,existing,1205.4073876943921,249,109,403,239,existing,1108.5858779683144,249,99,403,347,existing,1684.5257179934406,249,98,403,491,existing,1667.2806144452716,249,96,403,491,existing,1667.2806144452716,249,97,403,491,existing,1667.2806144452716,249,100,403,347,existing,1684.5257179934406,249,107,403,379,existing,1840.942880535561
250,250,92,404,124,existing,882.835302077149,250,92,404,540,existing,417.2422596099057,250,92,404,384,allocated,88.427888106929,250,93,404,195,existing,917.7863119314097,250,95,404,447,existing,1039.1595601771794,250,109,404,239,existing,1137.7951878505005,250,94,404,94,existing,1234.6166975765782,250,99,404,347,existing,1713.7350278756264,250,98,404,491,existing,1696.4899243274574,250,96,404,491,existing,1696.4899243274574,250,97,404,491,existing,1696.4899243274574,250,100,404,347,existing,1713.7350278756264,250,107,404,379,existing,1870.1521904177469
251,251,92,405,124,existing,795.4801408453475,251,92,405,540,existing,329.88709837810427,251,92,405,408,allocated,68.57158574718943,251,93,405,195,existing,830.4311506996083,251,95,405,447,existing,951.804398945378,251,109,405,239,existing,1050.440026618699,251,94,405,94,existing,1147.2615363447767,251,97,405,491,existing,1609.1347630956561,251,99,405,347,existing,1626.3798666438252,251,96,405,491,existing,1609.1347630956561,251,98,405,491,existing,1609.1347630956561,251,100,405,347,existing,1626.3798666438252,251,106,405,379,existing,1782.7970291859453
252,252,90,410,379,existing,397.49263673422115,252,90,410,320,existing,1486.7910114685703,252,90,410,261,allocated,332.76481325338665,252,107,410,379,existing,397.49263673422115,252,106,410,379,existing,397.49263673422115,252,94,410,94,existing,2443.8288035047367,252,109,410,239,existing,2519.9790616064674,252,95,410,447,existing,2563.6434302955718,252,93,410,195,existing,2601.990873324989,252,97,410,491,existing,3398.3893010648617,252,96,410,491,existing,3398.3893010648617,252,100,410,347,existing,3415.6344046130307,252,98,410,491,existing,3398.3893010648617
253,253,91,413,263,existing,296.5516787721132,253,91,413,283,existing,501.6204386536687,253,91,413,413,allocated,0.0,253,105,413,71,existing,419.468777189888,253,104,413,285,existing,582.0413289513896,253,101,413,457,existing,755.7866382159781,253,103,413,457,existing,755.7866382159781,253,100,413,347,existing,1009.8035060868269,253,108,413,457,existing,755.7866382159781,253,99,413,347,existing,1009.8035060868269,253,102,413,457,existing,755.7866382159781,253,98,413,491,existing,1027.048609634996,253,96,413,491,existing,1027.048609634996
254,254,90,414,379,existing,740.4069916264552,254,90,414,320,existing,936.2728984323185,254,90,414,210,allocated,285.21831933037015,254,107,414,379,existing,740.4069916264552,254,106,414,379,existing,740.4069916264552,254,109,414,239,existing,1969.4609485702154,254,94,414,94,existing,1893.310690468485,254,98,414,491,existing,2847.8711880286096,254,97,414,491,existing,2847.8711880286096,254,95,414,447,existing,2013.1253172593197,254,93,414,195,existing,2051.4727602887374,254,100,414,347,existing,2865.1162915767786,254,96,414,491,existing,2847.8711880286096
255,255,92,415,124,existing,23.272380174596847,255,92,415,81,existing,465.67859757175006,255,92,415,415,allocated,0.0,255,94,415,94,existing,328.8953313550783,255,109,415,239,existing,408.61668711126185,255,95,415,447,existing,452.28105580036595,255,93,415,195,existing,573.6543040461356,255,100,415,347,existing,1403.2118581453597,255,98,415,491,existing,1385.9667545971906,255,97,415,491,existing,1385.9667545971906,255,96,415,491,existing,1385.9667545971906,255,101,415,457,existing,1720.3289809145301,255,99,415,347,existing,1403.2118581453597
256,256,92,417,124,existing,566.1719895359505,256,92,417,231,existing,697.2717040195901,256,92,417,418,allocated,46.5871799662376,256,94,417,94,existing,581.8922858000146,256,109,417,239,existing,936.6129078592862,256,95,417,447,existing,980.2772765483903,256,93,417,195,existing,1101.65052479416,256,98,417,491,existing,1913.962975345215,256,97,417,491,existing,1913.962975345215,256,99,417,347,existing,1931.208078893384,256,96,417,491,existing,1913.962975345215,256,100,417,347,existing,1931.208078893384,256,108,417,457,existing,2248.3252016625547
257,257,92,418,124,existing,612.7591695021881,257,92,418,231,existing,650.6845240533523,257,92,418,418,allocated,0.0,257,94,418,94,existing,628.4794657662522,257,109,418,239,existing,983.2000878255238,257,95,418,447,existing,1026.8644565146278,257,93,418,195,existing,1148.2377047603975,257,97,418,491,existing,1960.5501553114525,257,98,418,491,existing,1960.5501553114525,257,99,418,347,existing,1977.7952588596215,257,96,418,491,existing,1960.5501553114525,257,100,418,347,existing,1977.7952588596215,257,107,418,379,existing,2258.4962280509703
258,258,90,419,379,existing,539.2349702667009,258,90,419,320,existing,1305.8910455226771,258,90,419,261,allocated,18.4301255123682,258,107,419,379,existing,539.2349702667009,258,106,419,379,existing,539.2349702667009,258,94,419,94,existing,2262.9288375588435,258,109,419,239,existing,2339.0790956605742,258,96,419,491,existing,3217.4893351189685,258,95,419,447,existing,2382.7434643496786,258,97,419,491,existing,3217.4893351189685,258,93,419,195,existing,2421.090907379096,258,98,419,491,existing,3217.4893351189685,258,100,419,347,existing,3234.7344386671375
259,259,89,420,284,existing,284.53924810734674,259,89,420,208,existing,829.3946988876419,259,89,420,56,allocated,176.95401949034715,259,105,420,71,existing,331.8654885294114,259,101,420,457,existing,478.9832893541777,259,102,420,457,existing,478.9832893541777,259,108,420,457,existing,478.9832893541777,259,103,420,457,existing,478.9832893541777,259,100,420,347,existing,790.9792226211158,259,99,420,347,existing,790.9792226211158,259,104,420,285,existing,750.562907217055,259,96,420,491,existing,808.1154050407022,259,97,420,491,existing,808.1154050407022
260,260,88,421,285,existing,494.67503592344246,260,88,421,283,existing,200.53238398533182,260,88,421,323,allocated,147.8902452816397,260,104,421,285,existing,494.67503592344246,260,103,421,457,existing,762.8560531599742,260,101,421,457,existing,762.8560531599742,260,108,421,457,existing,762.8560531599742,260,100,421,347,existing,862.8257615758287,260,97,421,491,existing,880.0708651239978,260,99,421,347,existing,862.8257615758287,260,102,421,457,existing,762.8560531599742,260,98,421,491,existing,880.0708651239978,260,96,421,491,existing,880.0708651239978
261,261,90,422,379,existing,1023.1329273930503,261,90,422,320,existing,352.92436265893394,261,90,422,146,allocated,215.13115612985212,261,107,422,379,existing,1023.1329273930503,261,106,422,379,existing,1023.1329273930503,261,94,422,94,existing,1665.7960690503528,261,109,422,239,existing,1741.9463271520835,261,93,422,195,existing,1823.9581388706051,261,96,422,491,existing,2620.3565666104773,261,98,422,491,existing,2620.3565666104773,261,95,422,447,existing,1785.6106958411876,261,97,422,491,existing,2620.3565666104773,261,99,422,347,existing,2637.6016701586464
262,262,92,423,124,existing,1280.7390209395721,262,92,423,320,existing,290.68214584281577,262,92,423,478,allocated,374.3498034021722,262,107,423,379,existing,1463.895138507637,262,106,423,379,existing,1463.895138507637,262,109,423,239,existing,1666.083327876237,262,94,423,94,existing,1588.5779273130343,262,93,423,195,existing,1748.0951395947588,262,95,423,447,existing,1709.7476965653414,262,96,423,491,existing,2552.4225900475158,262,97,423,491,existing,2552.4225900475158,262,98,423,491,existing,2552.4225900475158,262,100,423,347,existing,2569.667693595685
263,263,92,425,124,existing,1274.477079530338,263,92,425,231,existing,806.2617296065729,263,92,425,54,allocated,708.3779762497512,263,94,425,94,existing,1580.6330671162345,263,109,425,239,existing,1659.8213864670029,263,93,425,195,existing,1741.833198185525,263,95,425,447,existing,1703.4857551561072,263,97,425,491,existing,2546.1606486382816,263,96,425,491,existing,2546.1606486382816,263,106,425,379,existing,2015.9063812851318,263,107,425,379,existing,2015.9063812851318,263,100,425,347,existing,2563.4057521864506,263,98,425,491,existing,2546.1606486382816
264,264,92,426,124,existing,1070.4965235655732,264,92,426,320,existing,642.9451845847244,264,92,426,54,allocated,504.39742028498625,264,94,426,94,existing,1376.6525111514698,264,109,426,239,existing,1455.840830502238,264,95,426,447,existing,1499.5051991913424,264,93,426,195,existing,1537.8526422207601,264,98,426,491,existing,2342.180092673517,264,106,426,379,existing,1811.9258253203666,264,96,426,491,existing,2342.180092673517,264,107,426,379,existing,1811.9258253203666,264,97,426,491,existing,2342.180092673517,264,99,426,347,existing,2359.425196221686
265,265,92,427,124,existing,1197.2428920735965,265,92,427,231,existing,693.3222372276693,265,92,427,54,allocated,631.1437887930095,265,94,427,94,existing,1501.1090475961628,265,109,427,239,existing,1582.5871990102614,265,95,427,447,existing,1626.2515676993658,265,93,427,195,existing,1664.5990107287835,265,98,427,491,existing,2468.92646118154,265,106,427,379,existing,1938.67219382839,265,96,427,491,existing,2468.92646118154,265,107,427,379,existing,1938.67219382839,265,97,427,491,existing,2468.92646118154,265,100,427,347,existing,2486.171564729709
266,266,92,428,124,existing,591.5200987940054,266,92,428,231,existing,496.2011792181197,266,92,428,275,allocated,112.84586808316325,266,94,428,94,existing,897.6760863799019,266,109,428,239,existing,976.8644057306705,266,93,428,195,existing,1058.8762174491922,266,95,428,447,existing,1020.5287744197747,266,107,428,379,existing,1691.4560849064285,266,97,428,491,existing,1863.2036679019493,266,106,428,379,existing,1691.4560849064285,266,96,428,491,existing,1863.2036679019493,266,98,428,491,existing,1863.2036679019493,266,99,428,347,existing,1880.4487714501183
267,267,85,429,348,existing,101.25605280623554,267,85,429,208,existing,576.0710052916287,267,85,429,429,allocated,0.0,267,98,429,491,existing,108.44478379414089,267,96,429,491,existing,108.44478379414089,267,100,429,347,existing,125.68988734231002,267,97,429,491,existing,108.44478379414089,267,101,429,457,existing,396.48059290870106,267,103,429,457,existing,396.48059290870106,267,108,429,457,existing,396.48059290870106,267,99,429,347,existing,125.68988734231002,267,104,429,285,existing,556.2047250554061,267,102,429,457,existing,396.48059290870106
268,268,85,430,348,existing,193.08623968672455,268,85,430,208,existing,668.9289403658009,268,85,430,430,allocated,0.0,268,98,430,491,existing,203.16044807009848,268,96,430,491,existing,203.16044807009848,268,100,430,347,existing,218.54782241648223,268,97,430,491,existing,203.16044807009848,268,101,430,457,existing,436.77017445321974,268,103,430,457,existing,436.77017445321974,268,108,430,457,existing,436.77017445321974,268,99,430,347,existing,218.54782241648223,268,104,430,285,existing,648.0349119358951,268,102,430,457,existing,436.77017445321974
269,269,92,431,124,existing,371.4976569267785,269,92,431,81,existing,393.51783210049496,269,92,431,431,allocated,0.0,269,94,431,94,existing,679.3365633002408,269,109,431,239,existing,756.8419638634434,269,93,431,195,existing,838.8537755819652,269,95,431,447,existing,800.5063325525477,269,97,431,491,existing,1643.1812260347222,269,96,431,491,existing,1643.1812260347222,269,106,431,379,existing,1579.725183419694,269,107,431,379,existing,1579.725183419694,269,100,431,347,existing,1660.4263295828912,269,98,431,491,existing,1643.1812260347222
270,270,92,433,124,existing,478.1542796924092,270,92,433,231,existing,778.847490633236,270,92,433,278,allocated,297.2300699680836,270,94,433,94,existing,493.87457595647345,270,109,433,239,existing,848.5951980157448,270,93,433,195,existing,1013.6328149506187,270,95,433,447,existing,892.259566704849,270,99,433,347,existing,1843.1903690498427,270,97,433,491,existing,1825.9452655016737,270,96,433,491,existing,1825.9452655016737,270,98,433,491,existing,1825.9452655016737,270,100,433,347,existing,1843.1903690498427,270,103,433,457,existing,2160.307491819013
271,271,90,440,379,existing,555.8783250387808,271,90,440,320,existing,1489.1849955755804,271,90,440,341,allocated,304.03476512647137,271,107,440,379,existing,555.8783250387808,271,106,440,379,existing,555.8783250387808,271,94,440,94,existing,2446.2227876117468,271,109,440,239,existing,2522.3730457134775,271,97,440,491,existing,3400.7832851718717,271,95,440,447,existing,2566.037414402582,271,98,440,491,existing,3400.7832851718717,271,93,440,195,existing,2604.384857431999,271,96,440,491,existing,3400.7832851718717,271,100,440,347,existing,3418.0283887200408
272,272,87,441,457,existing,279.1772433193822,272,87,441,208,existing,629.5886528528464,272,87,441,430,allocated,157.5929311338375,272,101,441,457,existing,279.1772433193822,272,108,441,457,existing,279.1772433193822,272,102,441,457,existing,279.1772433193822,272,103,441,457,existing,279.1772433193822,272,99,441,347,existing,345.2376565511292,272,100,441,347,existing,345.2376565511292,272,97,441,491,existing,360.753379203936,272,98,441,491,existing,360.753379203936,272,104,441,285,existing,602.5359399747485,272,96,441,491,existing,360.753379203936
273,273,92,442,124,existing,346.4039873257301,273,92,442,540,existing,119.18905514151315,273,92,442,315,allocated,92.99666522992892,273,93,442,195,existing,541.7244895831393,273,95,442,447,existing,663.097737828909,273,94,442,94,existing,698.1853828251592,273,109,442,239,existing,731.7482942623951,273,98,442,491,existing,1346.0519400358962,273,97,442,491,existing,1346.0519400358962,273,96,442,491,existing,1346.0519400358962,273,100,442,347,existing,1363.2970435840652,273,99,442,347,existing,1363.2970435840652,273,103,442,457,existing,1680.414166353236
274,274,92,443,124,existing,402.72529013808185,274,92,443,540,existing,175.5103579538649,274,92,443,315,allocated,149.31796804228065,274,93,443,195,existing,598.045792395491,274,95,443,447,existing,719.4190406412607,274,94,443,94,existing,754.506685637511,274,109,443,239,existing,788.0695970747468,274,96,443,491,existing,1402.373242848248,274,97,443,491,existing,1402.373242848248,274,98,443,491,existing,1402.373242848248,274,99,443,347,existing,1419.618346396417,274,103,443,457,existing,1736.7354691655876,274,100,443,347,existing,1419.618346396417
275,275,91,444,263,existing,247.869811086774,275,91,444,283,existing,452.93857096832954,275,91,444,413,allocated,48.681867685339164,275,105,444,71,existing,370.7869095045488,275,104,444,285,existing,533.3594612660504,275,101,444,457,existing,707.1047705306389,275,103,444,457,existing,707.1047705306389,275,99,444,347,existing,961.1216384014878,275,108,444,457,existing,707.1047705306389,275,102,444,457,existing,707.1047705306389,275,100,444,347,existing,961.1216384014878,275,97,444,491,existing,978.3667419496569,275,98,444,491,existing,978.3667419496569
276,276,92,448,124,existing,1327.028449506009,276,92,448,540,existing,861.4354070387658,276,92,448,301,allocated,25.7689287912925,276,93,448,195,existing,1361.9794593602699,276,95,448,447,existing,1483.3527076060395,276,106,448,379,existing,1494.1880410794374,276,107,448,379,existing,1494.1880410794374,276,109,448,239,existing,1581.9883352793604,276,98,448,491,existing,2140.6830717563175,276,96,448,491,existing,2140.6830717563175,276,94,448,94,existing,1678.809845005438,276,100,448,347,existing,2157.9281753044866,276,97,448,491,existing,2140.6830717563175
277,277,92,451,124,existing,922.1563826611493,277,92,451,540,existing,456.56334019390613,277,92,451,408,allocated,63.40311607921535,277,93,451,195,existing,957.1073925154102,277,95,451,447,existing,1078.48064076118,277,94,451,94,existing,1273.9377781605785,277,109,451,239,existing,1177.1162684345009,277,100,451,347,existing,1753.056108459627,277,98,451,491,existing,1735.811004911458,277,97,451,491,existing,1735.811004911458,277,96,451,491,existing,1735.811004911458,277,99,451,347,existing,1753.056108459627,277,107,451,379,existing,1909.473271001747
278,278,90,452,379,existing,3600.5275232918807,278,90,452,320,existing,4753.794110510014,278,90,452,267,allocated,686.263486860854,278,106,452,379,existing,3600.5275232918807,278,107,452,379,existing,3600.5275232918807,278,109,452,239,existing,5740.3033687429925,278,93,452,195,existing,5633.775071935776,278,95,452,447,existing,5755.148320181546,278,98,452,491,existing,6412.478684331824,278,97,452,491,existing,6412.478684331824,278,99,452,347,existing,6429.723787879993,278,94,452,94,existing,5704.618716428175,278,96,452,491,existing,6412.478684331824
279,279,91,453,263,existing,865.3580309029165,279,91,453,283,existing,647.7717191079938,279,91,453,461,allocated,62.657689087168215,279,104,453,285,existing,941.9143710461045,279,105,453,71,existing,988.2751293206913,279,101,453,457,existing,1210.0953882826361,279,108,453,457,existing,1210.0953882826361,279,100,453,347,existing,1310.0650966984906,279,99,453,347,existing,1310.0650966984906,279,102,453,457,existing,1210.0953882826361,279,103,453,457,existing,1210.0953882826361,279,97,453,491,existing,1327.3102002466596,279,98,453,491,existing,1327.3102002466596
280,280,91,454,263,existing,615.5483306875939,280,91,454,283,existing,418.0898785990276,280,91,454,413,allocated,318.9966519154807,280,104,454,285,existing,711.9706512938744,280,105,454,71,existing,738.4654291053687,280,108,454,457,existing,980.41354777367,280,102,454,457,existing,980.41354777367,280,103,454,457,existing,980.41354777367,280,99,454,347,existing,1080.3832561895244,280,100,454,347,existing,1080.3832561895244,280,101,454,457,existing,980.41354777367,280,97,454,491,existing,1097.6283597376937,280,98,454,491,existing,1097.6283597376937
281,281,82,455,336,existing,297.68743523116484,281,82,455,208,existing,659.3444345345088,281,82,455,336,existing,297.68743523116484,281,98,455,491,existing,567.7394750484276,281,96,455,491,existing,567.7394750484276,281,100,455,347,existing,582.1309118760446,281,97,455,491,existing,567.7394750484276,281,93,455,195,existing,829.6274093819992,281,102,455,457,existing,899.5771199280205,281,103,455,457,existing,899.5771199280205,281,99,455,347,existing,582.1309118760446,281,101,455,457,existing,899.5771199280205,281,108,455,457,existing,899.5771199280205
282,282,82,456,336,existing,203.93335552602812,282,82,456,208,existing,570.8886962846889,282,82,456,336,existing,203.93335552602812,282,98,456,491,existing,479.28373679860766,282,96,456,491,existing,479.28373679860766,282,100,456,347,existing,493.67517362622465,282,97,456,491,existing,479.28373679860766,282,93,456,195,existing,735.8733296768625,282,102,456,457,existing,811.1213816782006,282,103,456,457,existing,811.1213816782006,282,99,456,347,existing,493.67517362622465,282,101,456,457,existing,811.1213816782006,282,108,456,457,existing,811.1213816782006
283,283,87,457,457,existing,0.0,283,87,457,208,existing,350.41140953346417,283,87,457,457,existing,0.0,283,101,457,457,existing,0.0,283,102,457,457,existing,0.0,283,103,457,457,existing,0.0,283,108,457,457,existing,0.0,283,96,457,491,existing,335.03387642507175,283,100,457,347,existing,317.7887728769026,283,99,457,347,existing,317.7887728769026,283,104,457,285,existing,323.3586966553663,283,98,457,491,existing,335.03387642507175,283,97,457,491,existing,335.03387642507175
284,284,90,458,379,existing,827.809936876464,284,90,458,320,existing,427.3158828979052,284,90,458,146,allocated,161.1032217015786,284,107,458,379,existing,827.809936876464,284,106,458,379,existing,827.809936876464,284,109,458,239,existing,1616.260638807963,284,94,458,94,existing,1540.1103807062323,284,96,458,491,existing,2494.670878266357,284,95,458,447,existing,1659.925007497067,284,93,458,195,existing,1698.2724505264846,284,98,458,491,existing,2494.670878266357,284,99,458,347,existing,2511.915981814526,284,97,458,491,existing,2494.670878266357
285,285,88,461,285,existing,879.2566819589363,285,88,461,283,existing,585.1140300208256,285,88,461,461,allocated,0.0,285,104,461,285,existing,879.2566819589363,285,105,461,71,existing,1050.9328184078595,285,108,461,457,existing,1147.437699195468,285,103,461,457,existing,1147.437699195468,285,100,461,347,existing,1247.4074076113225,285,102,461,457,existing,1147.437699195468,285,101,461,457,existing,1147.437699195468,285,99,461,347,existing,1247.4074076113225,285,98,461,491,existing,1264.6525111594915,285,96,461,491,existing,1264.6525111594915
286,286,92,462,124,existing,885.2497558784153,286,92,462,320,existing,457.69841689756663,286,92,462,54,allocated,319.1506525978284,286,94,462,94,existing,1191.4057434643119,286,109,462,239,existing,1270.5940628150802,286,95,462,447,existing,1314.2584315041845,286,93,462,195,existing,1352.6058745336022,286,107,462,379,existing,1626.679057633209,286,97,462,491,existing,2156.933324986359,286,106,462,379,existing,1626.679057633209,286,98,462,491,existing,2156.933324986359,286,100,462,347,existing,2174.178428534528,286,96,462,491,existing,2156.933324986359
287,287,92,463,124,existing,977.7623945490172,287,92,463,320,existing,550.2110555681686,287,92,463,54,allocated,411.6632912684304,287,94,463,94,existing,1283.9183821349138,287,109,463,239,existing,1363.1067014856822,287,93,463,195,existing,1445.1185132042042,287,95,463,447,existing,1406.7710701747865,287,96,463,491,existing,2249.445963656961,287,97,463,491,existing,2249.445963656961,287,106,463,379,existing,1719.1916963038109,287,107,463,379,existing,1719.1916963038109,287,98,463,491,existing,2249.445963656961,287,100,463,347,existing,2266.69106720513
288,288,89,464,284,existing,276.2417520981358,288,89,464,208,existing,661.0916947190985,288,89,464,56,allocated,168.65652348113622,288,101,464,457,existing,310.6802851856343,288,102,464,457,existing,310.6802851856343,288,108,464,457,existing,310.6802851856343,288,103,464,457,existing,310.6802851856343,288,99,464,347,existing,622.6762184525725,288,100,464,347,existing,622.6762184525725,288,105,464,71,existing,323.56799252020045,288,104,464,285,existing,634.0389818410007,288,98,464,491,existing,639.8124008721588,288,96,464,491,existing,639.8124008721588
289,289,87,465,457,existing,791.2083391248491,289,87,465,208,existing,440.796929591385,289,87,465,203,allocated,411.9210174781922,289,101,465,457,existing,791.2083391248491,289,102,465,457,existing,791.2083391248491,289,108,465,457,existing,791.2083391248491,289,103,465,457,existing,791.2083391248491,289,100,465,347,existing,891.1780475407036,289,99,465,347,existing,891.1780475407036,289,104,465,285,existing,881.615675699016,289,97,465,491,existing,908.4231510888727,289,96,465,491,existing,908.4231510888727,289,98,465,491,existing,908.4231510888727
290,290,92,466,124,existing,465.3454298198847,290,92,466,81,existing,487.3656049936011,290,92,466,431,allocated,93.84777289310617,290,94,466,94,existing,773.1843361933469,290,109,466,239,existing,850.6897367565497,290,93,466,195,existing,932.7015484750714,290,95,466,447,existing,894.3541054456539,290,107,466,379,existing,1673.5729563128002,290,98,466,491,existing,1737.0289989278283,290,106,466,379,existing,1673.5729563128002,290,97,466,491,existing,1737.0289989278283,290,99,466,347,existing,1754.2741024759973,290,96,466,491,existing,1737.0289989278283
291,291,86,468,347,existing,289.8478062676004,291,86,468,208,existing,261.5586943001259,291,86,468,203,allocated,210.04456591251332,291,100,468,347,existing,289.8478062676004,291,99,468,347,existing,289.8478062676004,291,97,468,491,existing,305.9233373571925,291,98,468,491,existing,305.9233373571925,291,101,468,457,existing,607.2940143195764,291,103,468,457,existing,607.2940143195764,291,96,468,491,existing,305.9233373571925,291,102,468,457,existing,607.2940143195764,291,104,468,285,existing,702.3774404077569,291,108,468,457,existing,607.2940143195764
292,292,90,469,379,existing,1147.9243476066658,292,90,469,320,existing,154.33602714989294,292,90,469,478,allocated,58.37901250120096,292,107,469,379,existing,1147.9243476066658,292,106,469,379,existing,1147.9243476066658,292,109,469,239,existing,1565.2744861495075,292,94,469,94,existing,1487.7690855863048,292,97,469,491,existing,2451.6137483207863,292,93,469,195,existing,1647.2862978680291,292,95,469,447,existing,1608.9388548386116,292,96,469,491,existing,2451.6137483207863,292,100,469,347,existing,2468.8588518689553,292,98,469,491,existing,2451.6137483207863
293,293,79,472,195,existing,41.03298046292548,293,79,472,355,existing,163.1126330927134,293,79,472,472,allocated,0.0,293,93,472,195,existing,41.03298046292548,293,95,472,447,existing,162.40622870869515,293,109,472,239,existing,219.28514320291913,293,94,472,94,existing,560.7912194570706,293,98,472,491,existing,817.361790461053,293,97,472,491,existing,817.361790461053,293,99,472,347,existing,834.6068940092222,293,96,472,491,existing,817.361790461053,293,108,472,457,existing,1105.641696405469,293,100,472,347,existing,834.6068940092222
294,294,90,476,379,existing,737.380759971464,294,90,476,320,existing,948.2940032746419,294,90,476,210,allocated,273.1972144880467,294,106,476,379,existing,737.380759971464,294,107,476,379,existing,737.380759971464,294,94,476,94,existing,1905.3317953108085,294,109,476,239,existing,1981.4820534125388,294,97,476,491,existing,2859.892292870933,294,93,476,195,existing,2063.493865131061,294,95,476,447,existing,2025.146422101643,294,96,476,491,existing,2859.892292870933,294,99,476,347,existing,2877.137396419102,294,98,476,491,existing,2859.892292870933
295,295,90,477,379,existing,589.4383759610239,295,90,477,320,existing,973.7766314648795,295,90,477,477,allocated,0.0,295,107,477,379,existing,589.4383759610239,295,106,477,379,existing,589.4383759610239,295,94,477,94,existing,1930.814423501046,295,109,477,239,existing,2006.9646816027766,295,98,477,491,existing,2885.374921061171,295,95,477,447,existing,2050.629050291881,295,93,477,195,existing,2088.976493321298,295,96,477,491,existing,2885.374921061171,295,97,477,491,existing,2885.374921061171,295,99,477,347,existing,2902.62002460934
296,296,90,478,379,existing,1089.5453351054648,296,90,478,320,existing,95.95701464869198,296,90,478,478,allocated,0.0,296,107,478,379,existing,1089.5453351054648,296,106,478,379,existing,1089.5453351054648,296,109,478,239,existing,1506.8954736483065,296,94,478,94,existing,1429.3900730851037,296,97,478,491,existing,2393.2347358195852,296,93,478,195,existing,1588.9072853668283,296,96,478,491,existing,2393.2347358195852,296,95,478,447,existing,1550.5598423374108,296,98,478,491,existing,2393.2347358195852,296,100,478,347,existing,2410.4798393677543
297,297,86,480,347,existing,389.96004868893897,297,86,480,208,existing,360.42158039783646,297,86,480,203,allocated,109.93232349117474,297,100,480,347,existing,389.96004868893897,297,99,480,347,existing,389.96004868893897,297,97,480,491,existing,406.0355797785311,297,98,480,491,existing,406.0355797785311,297,101,480,457,existing,707.406256740915,297,103,480,457,existing,707.406256740915,297,96,480,491,existing,406.0355797785311,297,102,480,457,existing,707.406256740915,297,104,480,285,existing,801.2403265054675,297,108,480,457,existing,707.406256740915
298,298,92,481,124,existing,765.7228199675347,298,92,481,231,existing,198.87524444393904,298,92,481,231,allocated,198.87524444393904,298,94,481,94,existing,781.4431162315989,298,109,481,239,existing,1136.1637382908705,298,95,481,447,existing,1179.8281069799746,298,93,481,195,existing,1246.908505229706,298,106,481,379,existing,1987.7799130674348,298,107,481,379,existing,1987.7799130674348,298,96,481,491,existing,2051.2359556824626,298,98,481,491,existing,2051.2359556824626,298,99,481,347,existing,2068.4810592306317,298,97,481,491,existing,2051.2359556824626
299,299,92,482,124,existing,1084.2827895926998,299,92,482,231,existing,292.2162754882705,299,92,482,231,allocated,292.2162754882705,299,94,482,94,existing,1100.003085856764,299,109,482,239,existing,1454.7237079160357,299,95,482,447,existing,1498.3880766051398,299,93,482,195,existing,1565.4684748548711,299,98,482,491,existing,2369.795925307628,299,106,482,379,existing,2306.3398826925995,299,97,482,491,existing,2369.795925307628,299,107,482,379,existing,2306.3398826925995,299,100,482,347,existing,2387.041028855797,299,96,482,491,existing,2369.795925307628
300,300,92,483,124,existing,586.268179942861,300,92,483,81,existing,328.2143794924976,300,92,483,54,allocated,227.36436839162405,300,94,483,94,existing,894.1070863163233,300,109,483,239,existing,971.6124868795259,300,93,483,195,existing,1053.6242985980477,300,95,483,447,existing,1015.2768555686303,300,106,483,379,existing,1248.4330554740002,300,96,483,491,existing,1857.9517490508047,300,98,483,491,existing,1857.9517490508047,300,107,483,379,existing,1248.4330554740002,300,99,483,347,existing,1875.1968525989737,300,97,483,491,existing,1857.9517490508047
301,301,90,485,379,existing,644.0773340201525,301,90,485,320,existing,1514.4853470907244,301,90,485,261,allocated,360.4591488755406,301,107,485,379,existing,644.0773340201525,301,106,485,379,existing,644.0773340201525,301,94,485,94,existing,2471.523139126891,301,109,485,239,existing,2547.6733972286215,301,95,485,447,existing,2591.337765917726,301,97,485,491,existing,3426.0836366870158,301,93,485,195,existing,2629.685208947143,301,96,485,491,existing,3426.0836366870158,301,99,485,347,existing,3443.328740235185,301,98,485,491,existing,3426.0836366870158
302,302,91,486,263,existing,807.8852209058248,302,91,486,283,existing,551.1765962129077,302,91,486,461,allocated,175.165204021409,302,104,486,285,existing,845.3192481510184,302,105,486,71,existing,930.8023193235996,302,101,486,457,existing,1113.5002653875501,302,108,486,457,existing,1113.5002653875501,302,102,486,457,existing,1113.5002653875501,302,100,486,347,existing,1213.4699738034046,302,103,486,457,existing,1113.5002653875501,302,99,486,347,existing,1213.4699738034046,302,97,486,491,existing,1230.7150773515737,302,98,486,491,existing,1230.7150773515737
303,303,87,487,457,existing,360.43398468980524,303,87,487,208,existing,710.8453942232694,303,87,487,279,allocated,356.06255973717595,303,101,487,457,existing,360.43398468980524,303,102,487,457,existing,360.43398468980524,303,108,487,457,existing,360.43398468980524,303,103,487,457,existing,360.43398468980524,303,99,487,347,existing,650.978832980477,303,100,487,347,existing,650.978832980477,303,105,487,71,existing,662.2314135339658,303,98,487,491,existing,664.2310227626708,303,96,487,491,existing,664.2310227626708,303,97,487,491,existing,664.2310227626708
304,304,92,488,124,existing,214.8399102923446,304,92,488,81,existing,274.1110674540023,304,92,488,22,allocated,156.62613966193544,304,94,488,94,existing,520.462861472826,304,109,488,239,existing,600.1842172290096,304,93,488,195,existing,689.2161152000638,304,95,488,447,existing,643.8485859181137,304,97,488,491,existing,1501.5285657511188,304,98,488,491,existing,1501.5285657511188,304,96,488,491,existing,1501.5285657511188,304,99,488,347,existing,1518.7736692992878,304,100,488,347,existing,1518.7736692992878,304,107,488,379,existing,1622.0772803174973
305,305,90,514,379,existing,3890.5924103863395,305,90,514,320,existing,5043.858997604473,305,90,514,267,allocated,976.3283739553126,305,106,514,379,existing,3890.5924103863395,305,107,514,379,existing,3890.5924103863395,305,109,514,239,existing,6030.368255837451,305,93,514,195,existing,5923.839959030235,305,95,514,447,existing,6045.213207276005,305,98,514,491,existing,6702.543571426283,305,94,514,94,existing,5994.683603522633,305,97,514,491,existing,6702.543571426283,305,100,514,347,existing,6719.788674974452,305,96,514,491,existing,6702.543571426283
306,306,92,526,124,existing,852.042836103787,306,92,526,231,existing,285.1952605801913,306,92,526,231,allocated,285.1952605801913,306,94,526,94,existing,867.7631323678511,306,109,526,239,existing,1222.4837544271227,306,95,526,447,existing,1266.1481231162268,306,93,526,195,existing,1333.2285213659582,306,96,526,491,existing,2137.555971818715,306,98,526,491,existing,2137.555971818715,306,107,526,379,existing,2074.0999292036868,306,106,526,379,existing,2074.0999292036868,306,97,526,491,existing,2137.555971818715,306,99,526,347,existing,2154.801075366884
307,307,79,527,195,existing,480.94679327890117,307,79,527,355,existing,636.6352840636966,307,79,527,175,existing,399.09456963762466,307,93,527,195,existing,480.94679327890117,307,109,527,239,existing,540.6571611915518,307,95,527,447,existing,602.3200415246708,307,94,527,94,existing,895.3777832508233,307,100,527,347,existing,1310.4727036129725,307,97,527,491,existing,1293.2276000648035,307,98,527,491,existing,1293.2276000648035,307,96,527,491,existing,1293.2276000648035,307,99,527,347,existing,1310.4727036129725,307,108,527,457,existing,1581.5075060092195
308,308,87,528,457,existing,230.61452193157274,308,87,528,208,existing,581.0259314650369,308,87,528,180,allocated,224.0136496948292,308,101,528,457,existing,230.61452193157274,308,102,528,457,existing,230.61452193157274,308,108,528,457,existing,230.61452193157274,308,103,528,457,existing,230.61452193157274,308,105,528,71,existing,244.82696727677256,308,104,528,285,existing,553.9732185869391,308,100,528,347,existing,542.6104551985109,308,99,528,347,existing,542.6104551985109,308,98,528,491,existing,559.7466376180972,308,96,528,491,existing,559.7466376180972
309,309,88,530,285,existing,300.2656934501842,309,88,530,208,existing,140.55305265744676,309,88,530,323,allocated,293.84287470281566,309,104,530,285,existing,300.2656934501842,309,108,530,457,existing,490.9644621909109,309,103,530,457,existing,490.9644621909109,309,102,530,457,existing,490.9644621909109,309,100,530,347,existing,590.9341706067654,309,101,530,457,existing,490.9644621909109,309,99,530,347,existing,590.9341706067654,309,97,530,491,existing,608.1792741549345,309,96,530,491,existing,608.1792741549345,309,98,530,491,existing,608.1792741549345
310,310,90,535,379,existing,1549.3814390862594,310,90,535,320,existing,672.3467216657746,310,90,535,478,allocated,576.3897070170826,310,106,535,379,existing,1549.3814390862594,310,107,535,379,existing,1549.3814390862594,310,109,535,239,existing,2061.368686158924,310,94,535,94,existing,1985.2184280571933,310,98,535,491,existing,2939.778925617318,310,95,535,447,existing,2105.0330548480283,310,93,535,195,existing,2143.3804978774456,310,97,535,491,existing,2939.778925617318,310,96,535,491,existing,2939.778925617318,310,100,535,347,existing,2957.024029165487
311,311,85,537,348,existing,740.0902238148725,311,85,537,208,existing,1214.9051763002658,311,85,537,430,allocated,583.1148860490464,311,98,537,491,existing,747.2789548027779,311,97,537,491,existing,747.2789548027779,311,100,537,347,existing,764.524058350947,311,96,537,491,existing,747.2789548027779,311,103,537,457,existing,1019.8850605022661,311,99,537,347,existing,764.524058350947,311,101,537,457,existing,1019.8850605022661,311,102,537,457,existing,1019.8850605022661,311,108,537,457,existing,1019.8850605022661,311,104,537,285,existing,1195.038896064043
312,312,79,538,195,existing,486.41305016014206,312,79,538,355,existing,608.49270278993,312,79,538,472,allocated,445.3800696972166,312,93,538,195,existing,486.41305016014206,312,95,538,447,existing,607.7862984059118,312,94,538,94,existing,1006.1712891542873,312,109,538,239,existing,658.3013319128731,312,96,538,491,existing,1178.8441281034495,312,97,538,491,existing,1178.8441281034495,312,99,538,347,existing,1196.0892316516185,312,98,538,491,existing,1178.8441281034495,312,100,538,347,existing,1196.0892316516185,312,103,538,457,existing,1467.1240340478655
313,313,92,540,124,existing,465.59304246724327,313,92,540,540,existing,0.0,313,92,540,315,allocated,26.192389911584225,313,93,540,195,existing,500.54405232150407,313,95,540,447,existing,621.9173005672737,313,109,540,239,existing,720.5529282405947,313,94,540,94,existing,817.3744379666724,313,96,540,491,existing,1279.2476647175517,313,99,540,347,existing,1296.4927682657208,313,98,540,491,existing,1279.2476647175517,313,97,540,491,existing,1279.2476647175517,313,103,540,457,existing,1613.609891034891,313,100,540,347,existing,1296.4927682657208
314,314,92,543,124,existing,1573.0015570210717,314,92,543,320,existing,582.9446819243152,314,92,543,478,allocated,614.6380544923587,314,107,543,379,existing,1589.6975063973684,314,106,543,379,existing,1589.6975063973684,314,109,543,239,existing,1958.3458639577366,314,94,543,94,existing,1880.8404633945338,314,95,543,447,existing,2002.010232646841,314,96,543,491,existing,2844.6851261290153,314,98,543,491,existing,2844.6851261290153,314,93,543,195,existing,2040.3576756762584,314,97,543,491,existing,2844.6851261290153,314,100,543,347,existing,2861.9302296771843
315,315,85,545,348,existing,409.8339002448105,315,85,545,208,existing,885.6766009238868,315,85,545,430,allocated,217.3711669673354,315,98,545,491,existing,420.5316150374339,315,97,545,491,existing,420.5316150374339,315,99,545,347,existing,435.2954829745682,315,96,545,491,existing,420.5316150374339,315,100,545,347,existing,435.2954829745682,315,108,545,457,existing,653.5178350113057,315,102,545,457,existing,653.5178350113057,315,103,545,457,existing,653.5178350113057,315,104,545,285,existing,864.7825724939811,315,101,545,457,existing,653.5178350113057
316,316,90,546,379,existing,902.9723237085739,316,90,546,320,existing,1276.4332276145585,316,90,546,210,allocated,135.2515984056528,316,106,546,379,existing,902.9723237085739,316,107,546,379,existing,902.9723237085739,316,109,546,239,existing,2309.621277752455,316,94,546,94,existing,2233.471019650725,316,95,546,447,existing,2353.2856464415595,316,96,546,491,existing,3188.0315172108494,316,93,546,195,existing,2391.633089470977,316,97,546,491,existing,3188.0315172108494,316,100,546,347,existing,3205.2766207590184,316,98,546,491,existing,3188.0315172108494
317,317,92,547,124,existing,553.8176644444279,317,92,547,231,existing,854.5108753852548,317,92,547,278,allocated,372.8934547201023,317,94,547,94,existing,569.5379607084922,317,109,547,239,existing,924.2585827677635,317,93,547,195,existing,1089.2961997026375,317,95,547,447,existing,967.9229514568677,317,99,547,347,existing,1918.8537538018613,317,98,547,491,existing,1901.6086502536923,317,96,547,491,existing,1901.6086502536923,317,97,547,491,existing,1901.6086502536923,317,100,547,347,existing,1918.8537538018613,317,108,547,457,existing,2235.970876571032
318,318,90,549,379,existing,534.6395315943905,318,90,549,320,existing,1216.325149999043,318,90,549,261,allocated,238.94868891857988,318,107,549,379,existing,534.6395315943905,318,106,549,379,existing,534.6395315943905,318,94,549,94,existing,2173.3629420352095,318,109,549,239,existing,2249.51320013694,318,93,549,195,existing,2331.525011855462,318,95,549,447,existing,2293.1775688260445,318,98,549,491,existing,3127.9234395953345,318,96,549,491,existing,3127.9234395953345,318,99,549,347,existing,3145.1685431435035,318,97,549,491,existing,3127.9234395953345
