,assign_from_var_id_grocery,assign_to_var_id_grocery,assign_from_node_id_grocery,assign_to_node_id_grocery,assign_type_grocery,dist_grocery,assign_from_var_id_school,assign_to_var_id_school,assign_from_node_id_school,assign_to_node_id_school,assign_type_school,dist_school,assign_from_var_id_healthcare,assign_to_var_id_healthcare,assign_from_node_id_healthcare,assign_to_node_id_healthcare,assign_type_healthcare,dist_healthcare,0_assign_from_var_id_restaurant,0_assign_to_var_id_restaurant,0_assign_from_node_id_restaurant,0_assign_to_node_id_restaurant,0_assign_type_restaurant,0_dist_restaurant,1_assign_from_var_id_restaurant,1_assign_to_var_id_restaurant,1_assign_from_node_id_restaurant,1_assign_to_node_id_restaurant,1_assign_type_restaurant,1_dist_restaurant,2_assign_from_var_id_restaurant,2_assign_to_var_id_restaurant,2_assign_from_node_id_restaurant,2_assign_to_node_id_restaurant,2_assign_type_restaurant,2_dist_restaurant,3_assign_from_var_id_restaurant,3_assign_to_var_id_restaurant,3_assign_from_node_id_restaurant,3_assign_to_node_id_restaurant,3_assign_type_restaurant,3_dist_restaurant,4_assign_from_var_id_restaurant,4_assign_to_var_id_restaurant,4_assign_from_node_id_restaurant,4_assign_to_node_id_restaurant,4_assign_type_restaurant,4_dist_restaurant,5_assign_from_var_id_restaurant,5_assign_to_var_id_restaurant,5_assign_from_node_id_restaurant,5_assign_to_node_id_restaurant,5_assign_type_restaurant,5_dist_restaurant,6_assign_from_var_id_restaurant,6_assign_to_var_id_restaurant,6_assign_from_node_id_restaurant,6_assign_to_node_id_restaurant,6_assign_type_restaurant,6_dist_restaurant,7_assign_from_var_id_restaurant,7_assign_to_var_id_restaurant,7_assign_from_node_id_restaurant,7_assign_to_node_id_restaurant,7_assign_type_restaurant,7_dist_restaurant,8_assign_from_var_id_restaurant,8_assign_to_var_id_restaurant,8_assign_from_node_id_restaurant,8_assign_to_node_id_restaurant,8_assign_type_restaurant,8_dist_restaurant,9_assign_from_var_id_restaurant,9_assign_to_var_id_restaurant,9_assign_from_node_id_restaurant,9_assign_to_node_id_restaurant,9_assign_type_restaurant,9_dist_restaurant
0,0,49,0,23,existing,65.18764880092692,0,49,0,199,existing,459.88515988373547,0,49,0,46,allocated,273.9107331955923,0,68,0,228,existing,106.77816425334652,0,64,0,228,existing,106.77816425334652,0,63,0,54,existing,414.1788164118325,0,66,0,259,existing,453.65809071738994,0,60,0,102,existing,960.2407335591272,0,62,0,104,existing,978.0961906320115,0,67,0,155,existing,490.5184501974802,0,58,0,242,existing,978.1097396126299,0,61,0,103,existing,1169.4913771468982,0,59,0,15,existing,1171.5992126510987
1,1,49,1,23,existing,228.79179361612992,1,49,1,249,existing,488.0465511550352,1,49,1,46,allocated,110.3065883803893,1,68,1,228,existing,266.60773199442554,1,64,1,228,existing,266.60773199442554,1,67,1,155,existing,326.9143053822772,1,66,1,259,existing,290.0539459021869,1,58,1,242,existing,814.5055947974269,1,62,1,104,existing,814.4920458168084,1,63,1,54,existing,566.5253476418412,1,60,1,102,existing,796.6365887439242,1,59,1,15,existing,1007.9950678358956,1,61,1,103,existing,1005.8872323316951
2,2,43,2,168,existing,268.312438913514,2,43,2,249,existing,153.76563550624087,2,43,2,266,allocated,247.56943980660327,2,58,2,242,existing,248.2932743583096,2,62,2,104,existing,288.3180544880999,2,67,2,155,existing,314.89788127899897,2,66,2,259,existing,356.8194485413251,2,69,2,161,existing,518.2985913041796,2,61,2,103,existing,479.7132410029867,2,59,2,15,existing,442.875791734392,2,60,2,102,existing,522.8020004816253,2,70,2,13,existing,548.17569720098,2,64,2,228,existing,755.4845366235281
3,3,43,3,168,existing,178.0876593298326,3,43,3,249,existing,241.51305935842703,3,43,3,266,allocated,157.3446602229219,3,58,3,242,existing,158.06849477462822,3,62,3,104,existing,198.09327490441854,3,59,3,15,existing,352.6510121507107,3,61,3,103,existing,389.48846141930534,3,67,3,155,existing,402.6453051311851,3,60,3,102,existing,432.57722089794396,3,66,3,259,existing,444.5668723935113,3,69,3,161,existing,428.07381172049816,3,70,3,13,existing,457.9509176172987,3,65,3,44,existing,714.0688960565061
4,4,48,4,176,existing,380.87228692813176,4,48,4,249,existing,274.1877751968055,4,48,4,5,allocated,105.79305054864268,4,66,4,259,existing,38.0424836769589,4,67,4,155,existing,406.70796151635255,4,64,4,228,existing,436.7075717591619,4,68,4,228,existing,436.7075717591619,4,63,4,54,existing,634.0393095007972,4,58,4,242,existing,567.5068223915994,4,62,4,104,existing,600.6332698585786,4,59,4,15,existing,762.0893397676818,4,60,4,102,existing,797.384428265083,4,61,4,103,existing,792.0284563734654
5,5,53,5,155,existing,300.91491096770983,5,53,5,249,existing,168.3947246481628,5,53,5,5,allocated,0.0,5,66,5,259,existing,143.83553422560158,5,67,5,155,existing,300.91491096770983,5,58,5,242,existing,461.7137718429567,5,62,5,104,existing,494.84021930993595,5,59,5,15,existing,656.2962892190392,5,61,5,103,existing,686.2354058248227,5,64,5,228,existing,542.5006223078046,5,68,5,228,existing,542.5006223078046,5,63,5,54,existing,739.8323600494399,5,60,5,102,existing,691.5913777164403
6,6,52,6,186,existing,245.83470075765578,6,52,6,202,existing,110.2078552691563,6,52,6,208,allocated,82.82483606234769,6,69,6,161,existing,222.05161082012614,6,70,6,13,existing,257.528331560762,6,59,6,15,existing,458.3107407625452,6,65,6,44,existing,395.15954682879493,6,62,6,104,existing,523.7977148568452,6,61,6,103,existing,715.192901371732,6,58,6,242,existing,524.8772102138405,6,60,6,102,existing,798.2928919995425,6,66,6,259,existing,1055.7581971897516,6,67,6,155,existing,1011.3754552913765
7,7,52,7,186,existing,294.02620410818344,7,52,7,202,existing,158.39935861968394,7,52,7,208,allocated,131.0163394128753,7,69,7,161,existing,270.2431141706538,7,70,7,13,existing,305.71983491128964,7,65,7,44,existing,443.35105017932256,7,59,7,15,existing,506.50224411307283,7,60,7,102,existing,846.4843953500701,7,62,7,104,existing,571.9892182073729,7,61,7,103,existing,763.3844047222597,7,58,7,242,existing,573.0687135643682,7,66,7,259,existing,1103.9497005402793,7,67,7,155,existing,1059.5669586419042
8,8,44,10,150,existing,178.31774811916725,8,44,10,202,existing,771.0590654441219,8,44,10,150,allocated,178.31774811916725,8,65,10,44,existing,281.4710750212884,8,69,10,161,existing,460.65592568535624,8,70,10,13,existing,496.1326464259921,8,58,10,242,existing,652.7597464109655,8,61,10,103,existing,884.1797130556427,8,60,10,102,existing,927.2684725342813,8,62,10,104,existing,692.7845265407558,8,59,10,15,existing,696.9150556277752,8,67,10,155,existing,988.5679689795049,8,66,10,259,existing,1025.98100587305
9,9,44,11,150,existing,194.26957725028484,9,44,11,202,existing,716.6829170367582,9,44,11,177,allocated,109.55134213756595,9,65,11,44,existing,211.31551493880698,9,69,11,161,existing,505.8256451822294,9,58,11,242,existing,722.9153064934469,9,70,11,13,existing,541.3023659228652,9,60,11,102,existing,997.4240326167626,9,61,11,103,existing,954.335273138124,9,59,11,15,existing,742.0847751246484,9,62,11,104,existing,762.9400866232372,9,66,11,259,existing,1096.1365659555313,9,67,11,155,existing,1058.7235290619863
10,10,52,12,186,existing,123.76920944595821,10,52,12,202,existing,432.24558559771106,10,52,12,12,allocated,0.0,10,70,12,13,existing,64.50939876779275,10,69,12,161,existing,99.98611950842857,10,59,12,15,existing,136.27301043399046,10,62,12,104,existing,234.29352871788248,10,65,12,44,existing,418.3549283426453,10,61,12,103,existing,425.68871523276925,10,58,12,242,existing,235.37302407487775,10,60,12,102,existing,508.78870586057974,10,67,12,155,existing,721.8712691524138,10,66,12,259,existing,766.2540110507889
11,11,52,13,186,existing,59.259810678165465,11,52,13,202,existing,367.7361868299183,11,52,13,161,allocated,35.476720740635834,11,70,13,13,existing,0.0,11,69,13,161,existing,35.476720740635834,11,62,13,104,existing,298.80292748567524,11,59,13,15,existing,200.78240920178322,11,65,13,44,existing,353.84552957485255,11,60,13,102,existing,573.2981046283725,11,58,13,242,existing,299.88242284267045,11,61,13,103,existing,490.198114000562,11,67,13,155,existing,786.3806679202065,11,66,13,259,existing,830.7634098185815
12,12,42,16,15,existing,47.741251867597576,12,42,16,249,existing,472.2072648132628,12,42,16,12,allocated,88.53175856639288,12,59,16,15,existing,47.741251867597576,12,62,16,104,existing,145.7617701514896,12,70,16,13,existing,153.04115733418564,12,58,16,242,existing,146.84126550848487,12,69,16,161,existing,188.51787807482148,12,65,16,44,existing,506.8866869090382,12,60,16,102,existing,420.25694729418683,12,61,16,103,existing,337.1569566663764,12,66,16,259,existing,677.722252484396,12,67,16,155,existing,633.3395105860209
13,13,44,17,150,existing,739.8912440143913,13,44,17,249,existing,1167.6499168755195,13,44,17,29,allocated,429.39989879218047,13,65,17,44,existing,843.0445709165124,13,69,17,161,existing,943.1419352431382,13,70,17,13,existing,978.618655983774,13,58,17,242,existing,1102.9664086439798,13,59,17,15,existing,1179.4010651855572,13,67,17,155,existing,1328.7821626482776,13,63,17,54,existing,1137.481573362337,13,62,17,104,existing,1142.99118877377,13,66,17,259,existing,1366.1951995418226,13,61,17,103,existing,1334.3863752886568
14,14,44,18,150,existing,791.2443647670195,14,44,18,249,existing,1219.003037628148,14,44,18,29,allocated,490.25063519558,14,65,18,44,existing,894.3976916691407,14,69,18,161,existing,994.4950559957665,14,70,18,13,existing,1029.9717767364023,14,58,18,242,existing,1154.3195293966082,14,62,18,104,existing,1194.3443095263983,14,63,18,54,existing,1198.3323097657367,14,59,18,15,existing,1230.7541859381854,14,67,18,155,existing,1380.135283400906,14,66,18,259,existing,1417.548320294451,14,61,18,103,existing,1385.7394960412853
15,15,46,19,55,existing,286.9687755699156,15,46,19,57,existing,692.8843793767653,15,46,19,85,allocated,113.47738760417518,15,63,19,54,existing,304.13677553608176,15,68,19,228,existing,611.5374276945677,15,66,19,259,existing,966.2013337999459,15,64,19,228,existing,611.5374276945677,15,65,19,44,existing,1403.3006167877013,15,69,19,161,existing,1347.9068862554889,15,70,19,13,existing,1383.3836069961249,15,67,19,155,existing,1046.1715673365075,15,62,19,104,existing,1530.2087682428362,15,58,19,242,existing,1497.082320775857
16,16,46,20,55,existing,432.88390544160904,16,46,20,57,existing,838.7995092484589,16,46,20,222,allocated,127.3067365749248,16,63,20,54,existing,450.0519054077752,16,68,20,228,existing,757.4525575662611,16,66,20,259,existing,1112.1164636716394,16,64,20,228,existing,757.4525575662611,16,69,20,161,existing,1330.173769458117,16,70,20,13,existing,1365.650490198753,16,67,20,155,existing,1192.0866972082008,16,65,20,44,existing,1257.385486916008,16,62,20,104,existing,1525.39696186161,16,58,20,242,existing,1485.3721817318196
17,17,46,21,55,existing,476.2736010051709,17,46,21,57,existing,563.079328285051,17,46,21,96,allocated,278.9065796265758,17,63,21,54,existing,493.4416009713371,17,68,21,228,existing,797.7011700662292,17,64,21,228,existing,797.7011700662292,17,66,21,259,existing,844.280934522156,17,65,21,44,existing,953.194708473143,17,67,21,155,existing,1027.7183542637738,17,70,21,13,existing,1061.459711755888,17,69,21,161,existing,1025.982991015252,17,62,21,104,existing,1221.206183418745,17,58,21,242,existing,1181.1814032889547
18,18,46,22,55,existing,615.0761055933485,18,46,22,57,existing,701.8818328732286,18,46,22,222,allocated,288.42882699715176,18,63,22,54,existing,632.2441055595148,18,64,22,228,existing,936.503674654407,18,68,22,228,existing,936.503674654407,18,66,22,259,existing,962.2535302455105,18,65,22,44,existing,1013.933799201918,18,67,22,155,existing,1119.490472748723,18,70,22,13,existing,1122.1988024846632,18,69,22,161,existing,1086.7220817440273,18,58,22,242,existing,1241.9204940177297,18,62,22,104,existing,1281.94527414752
19,19,49,23,23,existing,0.0,19,49,23,199,existing,525.0728086846624,19,49,23,46,allocated,339.0983819965192,19,64,23,228,existing,171.96581305427344,19,68,23,228,existing,171.96581305427344,19,63,23,54,existing,479.3664652127594,19,66,23,259,existing,518.8457395183169,19,67,23,155,existing,555.7060989984071,19,62,23,104,existing,1043.2838394329383,19,60,23,102,existing,1025.4283823600542,19,58,23,242,existing,1043.2973884135567,19,59,23,15,existing,1236.7868614520257,19,61,23,103,existing,1234.6790259478253
20,20,54,24,47,existing,143.42731054671813,20,54,24,202,existing,380.3364236108649,20,54,24,161,allocated,142.05305817882882,20,70,24,13,existing,106.576337438193,20,69,24,161,existing,142.05305817882882,20,62,24,104,existing,276.8922237011644,20,59,24,15,existing,178.87170541727235,20,61,24,103,existing,468.28741021605117,20,60,24,102,existing,551.3874008438617,20,58,24,242,existing,277.97171905815964,20,65,24,44,existing,460.4218670130455,20,67,24,155,existing,764.4699641356957,20,66,24,259,existing,808.8527060340707
21,21,54,25,47,existing,236.71829333392517,21,54,25,202,existing,258.8627628702437,21,54,25,48,allocated,146.26814700974631,21,70,25,13,existing,228.04999817881418,21,69,25,161,existing,263.52671891945,21,59,25,15,existing,300.3453661578935,21,62,25,104,existing,398.3658844417856,21,58,25,242,existing,399.44537979878083,21,60,25,102,existing,672.8610615844829,21,65,25,44,existing,558.2996849075137,21,61,25,103,existing,589.7610709566724,21,66,25,259,existing,930.3263667746919,21,67,25,155,existing,885.9436248763169
22,22,57,26,82,existing,215.20071663722695,22,57,26,249,existing,304.44511750697274,22,57,26,81,allocated,188.1047570324024,22,69,26,161,existing,390.23513682169005,22,58,26,242,existing,400.8982808089805,22,62,26,104,existing,440.9230609387708,22,70,26,13,existing,425.7118575623259,22,66,26,259,existing,503.3584933219215,22,59,26,15,existing,595.4807981850629,22,61,26,103,existing,632.3182474536576,22,67,26,155,existing,465.57736327973083,22,65,26,44,existing,676.230221157698,22,60,26,102,existing,675.4070069322962
23,23,57,27,82,existing,405.2317557824996,23,57,27,249,existing,496.5600316023506,23,57,27,96,allocated,316.65187760014385,23,69,27,161,existing,437.8147826306558,23,70,27,13,existing,473.2915033712917,23,58,27,242,existing,593.0131949043583,23,65,27,44,existing,612.3467666256847,23,59,27,15,existing,674.0739125730748,23,62,27,104,existing,633.0379750341486,23,67,27,155,existing,657.6922773751087,23,66,27,259,existing,695.1053142686535,23,61,27,103,existing,824.4331615490355,23,63,27,54,existing,807.9933958470021
24,24,46,29,55,existing,690.9136746039903,24,46,29,57,existing,1096.8292784108403,24,46,29,29,allocated,0.0,24,63,29,54,existing,708.0816745701566,24,64,29,228,existing,1015.4823267286424,24,65,29,44,existing,1121.8748373911985,24,68,29,228,existing,1015.4823267286424,24,58,29,242,existing,1381.796675118666,24,69,29,161,existing,1221.9722017178242,24,66,29,259,existing,1370.1462328340208,24,70,29,13,existing,1257.44892245846,24,62,29,104,existing,1421.821455248456,24,67,29,155,existing,1450.1164663705822
25,25,45,30,44,existing,85.16914996508248,25,45,30,202,existing,590.5365520630337,25,45,30,30,existing,0.0,25,65,30,44,existing,85.16914996508248,25,69,30,161,existing,403.5379587992992,25,59,30,15,existing,639.7970887417182,25,70,30,13,existing,439.01467953993506,25,58,30,242,existing,697.0163337357178,25,61,30,103,existing,896.6792493509051,25,62,30,104,existing,705.2840628360184,25,60,30,102,existing,971.5250598590335,25,66,30,259,existing,1222.2829309292556,25,67,30,155,existing,1184.6076231508675
26,26,45,31,44,existing,289.6801987064682,26,45,31,202,existing,795.0476008044194,26,45,31,30,existing,204.5110487413857,26,65,31,44,existing,289.6801987064682,26,69,31,161,existing,608.049007540685,26,59,31,15,existing,844.308137483104,26,70,31,13,existing,643.5257282813209,26,61,31,103,existing,1101.190298092291,26,60,31,102,existing,1176.0361086004193,26,58,31,242,existing,901.5273824771035,26,62,31,104,existing,909.7951115774041,26,67,31,155,existing,1389.1186718922531,26,66,31,259,existing,1426.7939796706414
27,27,52,32,186,existing,47.439696454900215,27,52,32,202,existing,316.1012572928148,27,52,32,251,allocated,31.369494746439855,27,69,32,161,existing,56.03033101557938,27,70,32,13,existing,91.50705175621522,27,59,32,15,existing,292.2894609579985,27,65,32,44,existing,262.33847781863733,27,61,32,103,existing,549.1716215671852,27,60,32,102,existing,629.8785203706414,27,62,32,104,existing,357.77643505229844,27,58,32,242,existing,355.3697942473257,27,67,32,155,existing,842.9610836624754,27,66,32,259,existing,886.2507812232368
28,28,52,33,186,existing,205.97053218088462,28,52,33,202,existing,157.5704215668304,28,52,33,208,allocated,35.462269764673586,28,69,33,161,existing,212.8272089687855,28,70,33,13,existing,248.30392970942134,28,59,33,15,existing,449.08633891120456,28,65,33,44,existing,347.7969805311208,28,58,33,242,existing,513.9006299733101,28,61,33,103,existing,705.9684995203913,28,60,33,102,existing,788.4093560966257,28,62,33,104,existing,514.5733130055046,28,66,33,259,existing,1044.7816169492212,28,67,33,155,existing,1001.4919193884598
29,29,57,34,82,existing,126.57766270574311,29,57,34,202,existing,491.4201556431818,29,57,34,81,allocated,99.48170310091857,29,69,34,161,existing,159.16068955389932,29,70,34,13,existing,194.63741029453513,29,58,34,242,existing,351.2645102795086,29,62,34,104,existing,391.2892904092989,29,65,34,44,existing,445.1557738899072,29,60,34,102,existing,625.7732364028243,29,61,34,103,existing,582.6844769241857,29,59,34,15,existing,395.4198194963184,29,67,34,155,existing,750.8778602281462,29,66,34,259,existing,790.9449534552425
30,30,57,35,82,existing,220.87937753966264,30,57,35,202,existing,564.6738698213097,30,57,35,113,allocated,155.06773650097247,30,69,35,161,existing,253.46240438781885,30,70,35,13,existing,288.9391251284547,30,58,35,242,existing,445.5662251134281,30,62,35,104,existing,485.59100524321843,30,65,35,44,existing,488.6645963188258,30,59,35,15,existing,489.7215343302379,30,61,35,103,existing,676.9861917581052,30,60,35,102,existing,720.0749512367438,30,66,35,259,existing,879.4576925114904,30,67,35,155,existing,839.9478580554761
31,31,46,36,55,existing,639.9900342556184,31,46,36,57,existing,1045.9056380624681,31,46,36,29,allocated,50.92364034837203,31,63,36,54,existing,657.1580342217844,31,68,36,228,existing,964.5586863802705,31,64,36,228,existing,964.5586863802705,31,65,36,44,existing,1172.7984777395704,31,69,36,161,existing,1272.895842066196,31,67,36,155,existing,1399.19282602221,31,66,36,259,existing,1319.2225924856486,31,70,36,13,existing,1308.372562806832,31,58,36,242,existing,1432.7203154670378,31,62,36,104,existing,1472.7450955968282
32,32,46,38,55,existing,822.78306434756,32,46,38,57,existing,1228.69866815441,32,46,38,29,allocated,131.86938974356954,32,63,38,54,existing,839.9510643137261,32,65,38,44,existing,990.0054476476289,32,69,38,161,existing,1090.1028119742546,32,70,38,13,existing,1125.5795327148905,32,64,38,228,existing,1147.351716472212,32,58,38,242,existing,1249.9272853750963,32,68,38,228,existing,1147.351716472212,32,62,38,104,existing,1289.9520655048866,32,59,38,15,existing,1326.3619419166737,32,67,38,155,existing,1475.743039379394
33,33,44,39,150,existing,347.749560755873,33,44,39,249,existing,658.0039105700412,33,44,39,150,allocated,347.749560755873,33,65,39,44,existing,450.90288765799414,33,69,39,161,existing,551.0002519846199,33,58,39,242,existing,710.8247253854615,33,70,39,13,existing,586.4769727252558,33,67,39,155,existing,819.1361563427993,33,62,39,104,existing,750.8495055152518,33,66,39,259,existing,856.5491932363441,33,59,39,15,existing,787.2593819270389,33,63,39,54,existing,969.2865428734865,33,61,39,103,existing,942.2446920301387
34,34,44,40,150,existing,288.9973992323928,34,44,40,249,existing,716.7560720935213,34,44,40,150,allocated,288.9973992323928,34,65,40,44,existing,392.15072613451395,34,69,40,161,existing,492.2480904611398,34,58,40,242,existing,652.0725638619814,34,70,40,13,existing,527.7248112017757,34,62,40,104,existing,692.0973439917717,34,67,40,155,existing,877.8883178662794,34,61,40,103,existing,883.4925305066586,34,59,40,15,existing,728.5072204035588,34,60,40,102,existing,926.5812899852972,34,66,40,259,existing,915.3013547598243
35,35,53,41,155,existing,317.56037837773675,35,53,41,249,existing,476.5311522486317,35,53,41,149,allocated,202.1636702757537,35,67,41,155,existing,317.56037837773675,35,60,41,102,existing,447.55462994482684,35,62,41,104,existing,589.133246237974,35,58,41,242,existing,589.1467952185926,35,64,41,228,existing,615.6896907935229,35,66,41,259,existing,639.1359047012843,35,61,41,103,existing,780.5284327528609,35,68,41,228,existing,615.6896907935229,35,59,41,15,existing,782.6362682570613,35,70,41,13,existing,887.9361737236493
36,36,55,42,167,existing,311.07957210199856,36,55,42,249,existing,576.859697720071,36,55,42,149,allocated,302.49221574719303,36,60,42,102,existing,347.2260844733876,36,67,42,155,existing,417.888923849176,36,58,42,242,existing,488.81824974715323,36,62,42,104,existing,488.8047007665347,36,61,42,103,existing,680.1998872814215,36,64,42,228,existing,716.0182362649623,36,68,42,228,existing,716.0182362649623,36,59,42,15,existing,682.307722785622,36,66,42,259,existing,739.4644501727237,36,70,42,13,existing,787.6076282522099
37,37,45,43,44,existing,89.38354885495535,37,45,43,202,existing,415.9838532429959,37,45,43,44,allocated,89.38354885495535,37,65,43,44,existing,89.38354885495535,37,69,43,161,existing,228.98525997926134,37,59,43,15,existing,465.2443899216804,37,70,43,13,existing,264.46198071989716,37,60,43,102,existing,802.8334493343234,37,58,43,242,existing,528.3247232110076,37,62,43,104,existing,530.7313640159805,37,61,43,103,existing,722.1265505308672,37,66,43,259,existing,1059.2057101869186,37,67,43,155,existing,1015.9160126261573
38,38,45,44,44,existing,0.0,38,45,44,202,existing,505.36740209795124,38,45,44,44,allocated,0.0,38,65,44,44,existing,0.0,38,69,44,161,existing,318.3688088342167,38,70,44,13,existing,353.84552957485255,38,59,44,15,existing,554.6279387766358,38,58,44,242,existing,617.708272065963,38,60,44,102,existing,892.2169981892787,38,62,44,104,existing,620.1149128709358,38,61,44,103,existing,811.5100993858225,38,67,44,155,existing,1105.2995614811127,38,66,44,259,existing,1148.5892590418741
39,39,50,45,66,existing,97.8380989161296,39,50,45,199,existing,248.56430040824256,39,50,45,95,allocated,84.11753214598404,39,68,45,228,existing,253.4335746125431,39,64,45,228,existing,253.4335746125431,39,67,45,155,existing,540.5400082745517,39,63,45,54,existing,560.8342267710291,39,62,45,104,existing,994.9505949051304,39,60,45,102,existing,859.129604811013,39,66,45,259,existing,573.1601387300543,39,58,45,242,existing,994.9641438857489,39,59,45,15,existing,1188.4536169242176,39,61,45,103,existing,1186.3457814200171
40,40,50,46,66,existing,260.1772636339766,40,50,46,199,existing,421.3639048557206,40,50,46,46,allocated,0.0,40,67,46,155,existing,367.74040382707375,40,64,46,228,existing,376.91432037481485,40,68,46,228,existing,376.91432037481485,40,66,46,259,existing,400.3605342825762,40,60,46,102,existing,686.330000363535,40,63,46,54,existing,676.8319360222306,40,58,46,242,existing,822.1645394382708,40,62,46,104,existing,822.1509904576524,40,59,46,15,existing,1015.6540124767396,40,61,46,103,existing,1013.5461769725391
41,41,54,47,47,existing,0.0,41,54,47,202,existing,495.5810562041689,41,54,47,47,allocated,0.0,41,59,47,15,existing,194.08351623069302,41,62,47,104,existing,198.12855003905761,41,58,47,242,existing,199.20804539605288,41,70,47,13,existing,250.0036479849111,41,69,47,161,existing,285.48036872554695,41,61,47,103,existing,389.52373655394445,41,65,47,44,existing,603.8491775597636,41,60,47,102,existing,472.6237271817549,41,66,47,259,existing,730.089032371964,41,67,47,155,existing,685.706290473589
42,42,54,48,47,existing,90.45014632417885,42,54,48,202,existing,405.13090987999004,42,54,48,48,allocated,0.0,42,59,48,15,existing,284.53366255487185,42,62,48,104,existing,288.5786963632365,42,58,48,242,existing,289.6581917202317,42,70,48,13,existing,340.45379430909,42,69,48,161,existing,375.93051504972584,42,60,48,102,existing,563.0738735059338,42,61,48,103,existing,479.9738828781233,42,65,48,44,existing,694.2993238839426,42,66,48,259,existing,820.5391786961428,42,67,48,155,existing,776.1564367977678
43,43,48,49,176,existing,55.8561825840143,43,48,49,249,existing,524.5355604482758,43,48,49,175,allocated,256.836826276425,43,68,49,228,existing,122.81830044912721,43,64,49,228,existing,122.81830044912721,43,66,49,259,existing,286.97362066715857,43,67,49,155,existing,366.94385420372004,43,60,49,102,existing,988.0709987890598,43,63,49,54,existing,375.09093759670566,43,58,49,242,existing,817.8546076430697,43,62,49,104,existing,850.9810551100489,43,61,49,103,existing,1042.3762416249356,43,59,49,15,existing,1012.4371250191522
44,44,48,50,176,existing,201.26062368243336,44,48,50,57,existing,407.367826368236,44,48,50,175,allocated,114.34688490874419,44,63,50,54,existing,238.99595103832638,44,64,50,228,existing,268.22274154754626,44,66,50,259,existing,432.3780617655776,44,68,50,228,existing,268.22274154754626,44,62,50,104,existing,996.385496208468,44,67,50,155,existing,512.3482953021391,44,69,50,161,existing,1036.3218276212328,44,58,50,242,existing,963.2590487414888,44,70,50,13,existing,1071.7985483618686,44,60,50,102,existing,1133.4754398874788
45,45,43,51,168,existing,231.3010838767948,45,43,51,249,existing,116.54525461923652,45,43,51,242,existing,211.28191932159038,45,58,51,242,existing,211.28191932159038,45,62,51,104,existing,251.3066994513807,45,66,51,259,existing,319.5990676543208,45,67,51,155,existing,277.6775003919946,45,60,51,102,existing,485.7906454449061,45,70,51,13,existing,511.16434216426086,45,61,51,103,existing,442.70188596626747,45,59,51,15,existing,405.86443669767283,45,69,51,161,existing,514.1075187153046,45,64,51,228,existing,718.2641557365238
46,46,44,52,150,existing,471.74499910503226,46,44,52,202,existing,994.1583388915057,46,44,52,177,allocated,387.02676399231336,46,65,52,44,existing,488.7909367935544,46,69,52,161,existing,783.3010670369767,46,70,52,13,existing,818.7777877776126,46,59,52,15,existing,1019.5601969793959,46,61,52,103,existing,1276.4423575885826,46,62,52,104,existing,1085.0471710736958,46,58,52,242,existing,1067.4480748918727,46,67,52,155,existing,1324.2577455876883,46,60,52,102,existing,1341.9568010151884,46,66,52,259,existing,1361.6707824812331
47,47,44,53,150,existing,521.5098687682839,47,44,53,202,existing,1043.9232085547574,47,44,53,177,allocated,436.79163365556497,47,65,53,44,existing,538.5558064568061,47,69,53,161,existing,833.0659367002283,47,59,53,15,existing,1069.3250666426475,47,70,53,13,existing,868.5426574408642,47,61,53,103,existing,1326.2072272518342,47,58,53,242,existing,1117.2129445551243,47,62,53,104,existing,1134.8120407369474,47,67,53,155,existing,1374.02261525094,47,60,53,102,existing,1391.72167067844,47,66,53,259,existing,1411.4356521444847
48,48,47,56,54,existing,476.9621316311127,48,47,56,57,existing,83.49591025437894,48,47,56,96,allocated,200.67683840409632,48,66,56,259,existing,364.69751649148384,48,63,56,54,existing,476.9621316311127,48,68,56,228,existing,578.0678842298577,48,64,56,228,existing,578.0678842298577,48,67,56,155,existing,644.966186208426,48,69,56,161,existing,882.0277664522163,48,58,56,242,existing,892.6909104395068,48,70,56,13,existing,917.5044871928521,48,62,56,104,existing,927.2883026731037,48,59,56,15,existing,1087.2734278155892
49,49,47,57,54,existing,560.4580418854916,49,47,57,57,existing,0.0,49,47,57,96,allocated,284.17274865847526,49,66,57,259,existing,448.1934267458628,49,63,57,54,existing,560.4580418854916,49,68,57,228,existing,661.5637944842365,49,64,57,228,existing,661.5637944842365,49,67,57,155,existing,728.462096462805,49,69,57,161,existing,965.5236767065951,49,58,57,242,existing,976.1868206938857,49,70,57,13,existing,1001.000397447231,49,62,57,104,existing,1010.7842129274825,49,59,57,15,existing,1170.7693380699682
50,50,44,60,150,existing,700.0726523782621,50,44,60,249,existing,1127.8313252393905,50,44,60,29,allocated,572.6835091114106,50,65,60,44,existing,803.2259792803833,50,69,60,161,existing,903.3233436070091,50,58,60,242,existing,1063.1478170078508,50,70,60,13,existing,938.8000643476449,50,67,60,155,existing,1288.9635710121486,50,63,60,54,existing,1280.7651836815671,50,59,60,15,existing,1139.582473549428,50,62,60,104,existing,1103.1725971376409,50,61,60,103,existing,1294.5677836525279,50,66,60,259,existing,1326.3766079056936
51,51,44,61,150,existing,747.5935031031252,51,44,61,249,existing,1175.3521759642535,51,44,61,29,allocated,620.2043598362735,51,65,61,44,existing,850.7468300052462,51,69,61,161,existing,950.844194331872,51,70,61,13,existing,986.3209150725079,51,58,61,242,existing,1110.6686677327136,51,67,61,155,existing,1336.4844217370116,51,63,61,54,existing,1328.2860344064302,51,59,61,15,existing,1187.103324274291,51,62,61,104,existing,1150.693447862504,51,61,61,103,existing,1342.088634377391,51,66,61,259,existing,1373.8974586305567
52,52,46,62,55,existing,837.9312683939562,52,46,62,57,existing,1243.846872200806,52,46,62,29,allocated,147.01759378996587,52,63,62,54,existing,855.0992683601223,52,65,62,44,existing,1097.9884112652521,52,64,62,228,existing,1162.4999205186082,52,68,62,228,existing,1162.4999205186082,52,69,62,161,existing,1198.0857755918778,52,58,62,242,existing,1357.9102489927195,52,70,62,13,existing,1233.5624963325135,52,62,62,104,existing,1397.9350291225096,52,59,62,15,existing,1434.3449055342967,52,66,62,259,existing,1517.1638266239866
53,53,44,63,150,existing,901.0557533212789,53,44,63,249,existing,1328.8144261824073,53,44,63,29,allocated,240.79692483181788,53,63,63,54,existing,948.8785994019744,53,65,63,44,existing,1004.2090802234,53,69,63,161,existing,1104.3064445500258,53,70,63,13,existing,1139.7831652906616,53,64,63,228,existing,1256.2792515604604,53,68,63,228,existing,1256.2792515604604,53,62,63,104,existing,1304.1556980806577,53,58,63,242,existing,1264.1309179508673,53,67,63,155,existing,1489.9466719551654,53,59,63,15,existing,1340.5655744924447
54,54,46,64,55,existing,492.40224121518634,54,46,64,57,existing,898.3178450220362,54,46,64,222,allocated,14.628010322327523,54,63,64,54,existing,509.5702411813525,54,68,64,228,existing,816.9708933398384,54,66,64,259,existing,1171.6347994452167,54,64,64,228,existing,816.9708933398384,54,65,64,44,existing,1287.7346158767423,54,69,64,161,existing,1360.5228984188516,54,67,64,155,existing,1251.605032981778,54,70,64,13,existing,1395.9996191594873,54,58,64,242,existing,1515.7213106925542,54,62,64,104,existing,1555.7460908223445
55,55,46,65,55,existing,515.0429236661989,55,46,65,57,existing,920.9585274730489,55,46,65,222,allocated,45.14771835033487,55,63,65,54,existing,532.2109236323652,55,64,65,228,existing,839.6115757908511,55,66,65,259,existing,1194.2754818962294,55,68,65,228,existing,839.6115757908511,55,70,65,13,existing,1365.47991113148,55,69,65,161,existing,1330.003190390844,55,65,65,44,existing,1257.2149078487348,55,67,65,155,existing,1274.2457154327908,55,58,65,242,existing,1485.2016026645465,55,62,65,104,existing,1525.2263827943368
56,56,53,68,155,existing,223.2627058930512,56,53,68,249,existing,382.2334797639462,56,53,68,149,allocated,107.8659977910682,56,67,68,155,existing,223.2627058930512,56,68,68,228,existing,521.3920183088375,56,64,68,228,existing,521.3920183088375,56,60,68,102,existing,541.8523024295124,56,62,68,104,existing,677.6732925236298,56,58,68,242,existing,677.6868415042483,56,63,68,54,existing,821.3096339562532,56,66,68,259,existing,544.8382322165988,56,59,68,15,existing,871.176314542717,56,61,68,103,existing,869.0684790385167
57,57,44,71,150,existing,421.0664242093525,57,44,71,202,existing,943.4797639958259,57,44,71,177,allocated,336.3481890966336,57,65,71,44,existing,438.1123618978746,57,69,71,161,existing,732.622492141297,57,59,71,15,existing,968.8816220837161,57,70,71,13,existing,768.0992128819329,57,61,71,103,existing,1225.7637826929029,57,67,71,155,existing,1273.5791706920083,57,58,71,242,existing,1016.7694999961928,57,62,71,104,existing,1034.368596178016,57,66,71,259,existing,1310.9922075855534,57,60,71,102,existing,1291.2782261195086
58,58,44,72,150,existing,564.492890088228,58,44,72,202,existing,1086.9062298747015,58,44,72,177,allocated,479.7746549755092,58,65,72,44,existing,581.5388277767502,58,69,72,161,existing,876.0489580201727,58,70,72,13,existing,911.5256787608085,58,59,72,15,existing,1112.3080879625918,58,61,72,103,existing,1369.1902485717785,58,58,72,242,existing,1160.1959658750686,58,62,72,104,existing,1177.7950620568918,58,67,72,155,existing,1417.005636570884,58,60,72,102,existing,1434.7046919983843,58,66,72,259,existing,1454.418673464429
59,59,42,73,15,existing,121.467971963725,59,42,73,202,existing,437.74015706441224,59,42,73,47,allocated,153.87957485962636,59,59,73,15,existing,121.467971963725,59,70,73,13,existing,163.98007089174033,59,62,73,104,existing,219.48849024761702,59,69,73,161,existing,199.45679163237617,59,58,73,242,existing,220.5679856046123,59,61,73,103,existing,410.8836767625038,59,65,73,44,existing,517.825600466593,59,60,73,102,existing,493.9836673903143,59,66,73,259,existing,751.4489725805233,59,67,73,155,existing,707.0662306821483
60,60,54,74,47,existing,119.95157597639857,60,54,74,202,existing,403.8121581811845,60,54,74,47,allocated,119.95157597639857,60,70,74,13,existing,130.05207200851254,60,59,74,15,existing,155.3959708469528,60,62,74,104,existing,253.41648913084484,60,69,74,161,existing,165.52879274914838,60,61,74,103,existing,444.8116756457316,60,65,74,44,existing,483.8976015833651,60,58,74,242,existing,254.4959844878401,60,60,74,102,existing,527.9116662735421,60,67,74,155,existing,740.9942295653761,60,66,74,259,existing,785.3769714637513
61,61,43,75,168,existing,142.21046923371844,61,43,75,249,existing,205.63586926231287,61,43,75,242,existing,122.19130467851404,61,58,75,242,existing,122.19130467851404,61,62,75,104,existing,162.21608480830434,61,59,75,15,existing,316.7738220545965,61,61,75,103,existing,353.61127132319115,61,70,75,13,existing,422.07372752118454,61,60,75,102,existing,396.70003080182977,61,67,75,155,existing,366.768115035071,61,66,75,259,existing,408.6896822973971,61,65,75,44,existing,739.899576744477,61,69,75,161,existing,425.0169040722284
62,62,47,76,54,existing,140.55354338037168,62,47,76,57,existing,419.90449850511993,62,47,76,175,allocated,15.904477250789487,62,63,76,54,existing,140.55354338037168,62,64,76,228,existing,260.57590219405444,62,66,76,259,existing,530.8204694235324,62,68,76,228,existing,260.57590219405444,62,69,76,161,existing,1048.8584997581167,62,58,76,242,existing,1059.5216437454073,62,67,76,155,existing,610.7907029600938,62,70,76,13,existing,1084.3352204987525,62,60,76,102,existing,1231.9178475454337,62,62,76,104,existing,1094.1190359790041
63,63,47,77,54,existing,195.21368337511473,63,47,77,57,existing,365.24435851037686,63,47,77,175,allocated,70.56461724553255,63,63,77,54,existing,195.21368337511473,63,64,77,228,existing,312.0050092107579,63,66,77,259,existing,476.1603294287893,63,68,77,228,existing,312.0050092107579,63,58,77,242,existing,1004.8615037506643,63,70,77,13,existing,1029.6750805040097,63,69,77,161,existing,994.1983597633738,63,67,77,155,existing,556.1305629653507,63,60,77,102,existing,1177.2577075506906,63,62,77,104,existing,1039.4588959842613
64,64,53,78,155,existing,178.47008652016203,64,53,78,249,existing,17.337840747403938,64,53,78,5,allocated,151.2244386495338,64,67,78,155,existing,178.47008652016203,64,66,78,259,existing,220.39165378248816,64,62,78,104,existing,343.78333540917714,64,58,78,242,existing,310.48933319342296,64,59,78,15,existing,505.0718505695054,64,60,78,102,existing,540.5344938156815,64,61,78,103,existing,535.1785219240638,64,70,78,13,existing,610.3717560360934,64,69,78,161,existing,613.3149325871373,64,68,78,228,existing,619.0567418646912
65,65,46,79,55,existing,83.85103391295921,65,46,79,57,existing,489.76663771980907,65,46,79,79,allocated,0.0,65,63,79,54,existing,101.0190338791254,65,64,79,228,existing,408.41968603761137,65,66,79,259,existing,763.0835921429897,65,68,79,228,existing,408.41968603761137,65,58,79,242,existing,1293.964579118901,65,67,79,155,existing,843.0538256795511,65,69,79,161,existing,1144.7891445985326,65,70,79,13,existing,1180.2658653391686,65,62,79,104,existing,1327.0910265858802,65,65,79,44,existing,1319.1703966523553
66,66,46,80,55,existing,312.551712214139,66,46,80,57,existing,718.4673160209888,66,46,80,85,allocated,139.0603242483986,66,63,80,54,existing,329.7197121803051,66,64,80,228,existing,637.1203643387911,66,66,80,259,existing,991.7842704441695,66,68,80,228,existing,637.1203643387911,66,67,80,155,existing,1071.754503980731,66,69,80,161,existing,1373.4898228997122,66,65,80,44,existing,1467.5851448777896,66,70,80,13,existing,1408.9665436403482,66,62,80,104,existing,1555.7917048870597,66,58,80,242,existing,1522.6652574200805
67,67,57,81,82,existing,27.095959604824536,67,57,81,249,existing,490.26391135446954,67,57,81,81,allocated,0.0,67,69,81,161,existing,202.13037978928762,67,70,81,13,existing,237.60710052992346,67,62,81,104,existing,291.80758730838033,67,58,81,242,existing,251.78280717859002,67,65,81,44,existing,488.12546412529554,67,60,81,102,existing,526.2915333019057,67,59,81,15,existing,438.38950973170665,67,61,81,103,existing,483.20277382326714,67,67,81,155,existing,651.3961571272276,67,66,81,259,existing,691.4632503543239
68,68,57,82,82,existing,0.0,68,57,82,249,existing,494.55245089446214,68,57,82,82,allocated,0.0,68,69,82,161,existing,175.03442018446307,68,70,82,13,existing,210.5111409250989,68,62,82,104,existing,264.7116277035558,68,58,82,242,existing,224.68684757376553,68,59,82,15,existing,411.2935501268821,68,65,82,44,existing,461.029504520471,68,60,82,102,existing,499.1955736970813,68,61,82,103,existing,456.10681421844265,68,66,82,259,existing,697.6062639295462,68,67,82,155,existing,655.6846966672202
69,69,44,83,150,existing,394.0688541400325,69,44,83,202,existing,916.4821939265058,69,44,83,177,allocated,309.3506190273136,69,65,83,44,existing,411.11479182855464,69,69,83,161,existing,705.624922071977,69,59,83,15,existing,941.884052014396,69,70,83,13,existing,741.1016428126129,69,62,83,104,existing,1007.3710261086961,69,61,83,103,existing,1198.7662126235828,69,67,83,155,existing,1246.5816006226885,69,58,83,242,existing,989.7719299268729,69,66,83,259,existing,1283.9946375162335,69,60,83,102,existing,1264.2806560501886
70,70,44,84,150,existing,441.07698311972047,70,44,84,202,existing,963.4903229061939,70,44,84,177,allocated,356.35874800700157,70,65,84,44,existing,458.1229208082426,70,69,84,161,existing,752.633051051665,70,70,84,13,existing,788.1097717923009,70,59,84,15,existing,988.8921809940841,70,61,84,103,existing,1245.7743416032708,70,62,84,104,existing,1054.379155088384,70,58,84,242,existing,1036.780058906561,70,67,84,155,existing,1293.5897296023766,70,60,84,102,existing,1311.2887850298766,70,66,84,259,existing,1331.0027664959214
71,71,46,85,55,existing,173.4913879657404,71,46,85,57,existing,579.4069917725901,71,46,85,85,allocated,0.0,71,63,85,54,existing,190.65938793190656,71,64,85,228,existing,498.0600400903925,71,66,85,259,existing,852.7239461957708,71,68,85,228,existing,498.0600400903925,71,58,85,242,existing,1383.604933171682,71,67,85,155,existing,932.6941797323323,71,69,85,161,existing,1234.4294986513137,71,70,85,13,existing,1269.9062193919494,71,65,85,44,existing,1408.8107507051363,71,62,85,104,existing,1416.7313806386612
72,72,55,87,167,existing,216.05537303854288,72,55,87,249,existing,642.4819776286595,72,55,87,102,allocated,134.01807355026705,72,60,87,102,existing,134.01807355026705,72,62,87,104,existing,393.78050170307904,72,61,87,103,existing,585.1756882179659,72,58,87,242,existing,393.79405068369755,72,70,87,13,existing,692.5834291887543,72,69,87,161,existing,695.5266057397981,72,67,87,155,existing,631.0969347722965,72,59,87,15,existing,587.2835237221663,72,66,87,259,existing,880.0439174097767,72,68,87,228,existing,929.2262471880828
73,73,44,88,150,existing,615.2726041419194,73,44,88,57,existing,507.41766584699275,73,44,88,96,allocated,223.24491718851752,73,66,88,259,existing,650.3643226244426,73,63,88,54,existing,701.7634994874402,73,65,88,44,existing,718.4259310440405,73,69,88,161,existing,791.2142135861498,73,70,88,13,existing,826.6909343267857,73,58,88,242,existing,946.4126258598523,73,62,88,104,existing,986.4374059896426,73,67,88,155,existing,807.6012651276552,73,68,88,228,existing,1000.3603517123962,73,64,88,228,existing,1000.3603517123962
74,74,44,89,150,existing,667.8557649714569,74,44,89,57,existing,560.0008266765301,74,44,89,96,allocated,275.82807801805495,74,66,89,259,existing,702.9474834539801,74,63,89,54,existing,754.3466603169777,74,65,89,44,existing,771.009091873578,74,69,89,161,existing,843.7973744156873,74,67,89,155,existing,860.1844259571926,74,62,89,104,existing,1039.0205668191802,74,58,89,242,existing,998.9957866893898,74,70,89,13,existing,879.2740951563231,74,68,89,228,existing,1052.9435125419336,74,64,89,228,existing,1052.9435125419336
75,75,44,90,150,existing,348.33229164708933,75,44,90,202,existing,870.7456314335627,75,44,90,177,allocated,263.61405653437043,75,65,90,44,existing,365.3782293356115,75,69,90,161,existing,659.8883595790339,75,59,90,15,existing,896.147489521453,75,70,90,13,existing,695.3650803196698,75,61,90,103,existing,1153.0296501306398,75,67,90,155,existing,1200.8450381297453,75,58,90,242,existing,944.0353674339298,75,62,90,104,existing,961.634463615753,75,66,90,259,existing,1238.2580750232903,75,60,90,102,existing,1218.5440935572456
76,76,44,91,150,existing,643.2361542222368,76,44,91,57,existing,496.34966168774247,76,44,91,96,allocated,212.17691302926727,76,66,91,259,existing,590.6303496977769,76,63,91,54,existing,703.5184312761255,76,67,91,155,existing,747.8672922009896,76,65,91,44,existing,746.3894811243579,76,58,91,242,existing,906.8190692973881,76,70,91,13,existing,788.9988985352271,76,62,91,104,existing,941.7926005432157,76,69,91,161,existing,753.5221777945912,76,64,91,228,existing,987.5545152913987,76,68,91,228,existing,987.5545152913987
77,77,44,92,150,existing,599.3873927187453,77,44,92,57,existing,523.3028772701668,77,44,92,96,allocated,239.13012861169165,77,66,92,259,existing,634.4791112012684,77,65,92,44,existing,702.5407196208664,77,69,92,161,existing,775.3290021629757,77,63,92,54,existing,717.6487109106142,77,70,92,13,existing,810.8057229036115,77,62,92,104,existing,970.5521945664684,77,67,92,155,existing,791.716053704481,77,58,92,242,existing,930.5274144366781,77,68,92,228,existing,1016.2455631355704,77,59,92,15,existing,1011.5881321053946
78,78,47,93,54,existing,295.14158841610333,78,47,93,57,existing,265.3164534693883,78,47,93,175,allocated,170.49252228652114,78,63,93,54,existing,295.14158841610333,78,66,93,259,existing,376.9402047616528,78,68,93,228,existing,396.2473410148483,78,64,93,228,existing,396.2473410148483,78,67,93,155,existing,463.1456429934167,78,58,93,242,existing,904.9335987096756,78,69,93,161,existing,894.2704547223851,78,70,93,13,existing,929.747175463021,78,60,93,102,existing,1084.2727875787564,78,62,93,104,existing,939.5309909432725
79,79,44,94,150,existing,385.53330645499454,79,44,94,249,existing,620.2201648709197,79,44,94,150,allocated,385.53330645499454,79,65,94,44,existing,488.6866333571156,79,69,94,161,existing,561.4749158992249,79,70,94,13,existing,596.9516366398607,79,58,94,242,existing,716.6733281729274,79,59,94,15,existing,797.7340458416438,79,62,94,104,existing,756.6981083027177,79,66,94,259,existing,818.7654475372226,79,67,94,155,existing,781.3524106436778,79,61,94,103,existing,948.0932948176046,79,63,94,54,existing,931.502797174365
80,80,50,95,66,existing,181.95563106211364,80,50,95,199,existing,164.4467682622585,80,50,95,95,allocated,0.0,80,68,95,228,existing,337.5511067585271,80,64,95,228,existing,337.5511067585271,80,67,95,155,existing,624.6575404205358,80,63,95,54,existing,644.9517589170131,80,66,95,259,existing,657.2776708760383,80,60,95,102,existing,943.2471369569969,80,58,95,242,existing,1079.081676031733,80,62,95,104,existing,1079.0681270511143,80,61,95,103,existing,1270.4633135660013,80,59,95,15,existing,1272.5711490702015
81,81,46,96,55,existing,474.17351828069206,81,46,96,57,existing,284.17274865847526,81,46,96,96,allocated,0.0,81,63,96,54,existing,491.3415182468583,81,66,96,259,existing,565.3743548955802,81,69,96,161,existing,754.4666602307997,81,67,96,155,existing,748.811774637198,81,70,96,13,existing,789.9433809714355,81,64,96,228,existing,777.1154345238787,81,58,96,242,existing,907.7635517335966,81,68,96,228,existing,777.1154345238787,81,65,96,44,existing,928.9986442258285,81,62,96,104,existing,942.7370829794241
82,82,46,97,55,existing,548.810440050934,82,46,97,57,existing,371.6326063766527,82,46,97,96,allocated,87.45985771817743,82,63,97,54,existing,565.9784400171002,82,66,97,259,existing,652.8342126137576,82,67,97,155,existing,836.2716323553755,82,69,97,161,existing,841.9265179489771,82,70,97,13,existing,877.403238689613,82,65,97,44,existing,854.2109905143806,82,68,97,228,existing,864.5752922420561,82,64,97,228,existing,864.5752922420561,82,62,97,104,existing,1030.1969406976016,82,58,97,242,existing,995.2234094517739
83,83,53,98,155,existing,125.98215295638389,83,53,98,249,existing,287.11439872914195,83,53,98,149,allocated,178.60586027767027,83,67,98,155,existing,125.98215295638389,83,68,98,228,existing,467.5398844203189,83,64,98,228,existing,467.5398844203189,83,66,98,259,existing,490.9860983280803,83,60,98,102,existing,639.1328553661797,83,58,98,242,existing,613.5734423715336,83,62,98,104,existing,613.5598933909151,83,63,98,54,existing,767.4575000677346,83,61,98,103,existing,804.9550799058019,83,59,98,15,existing,807.0629154100023
84,84,46,99,55,existing,580.7342160134299,84,46,99,57,existing,390.7334463912131,84,46,99,96,allocated,106.56069773273786,84,66,99,259,existing,485.0141344012475,84,63,99,54,existing,597.9022159795961,84,69,99,161,existing,647.9059624980619,84,67,99,155,existing,642.2510769044601,84,58,99,242,existing,801.2028540008587,84,70,99,13,existing,683.3826832386976,84,62,99,104,existing,836.1763852466862,84,65,99,44,existing,822.4379464930906,84,68,99,228,existing,881.9382999948693,84,64,99,228,existing,881.9382999948693
85,85,57,100,82,existing,424.5251826935031,85,57,100,249,existing,318.7507834493109,85,57,100,5,allocated,152.7574847930924,85,66,100,259,existing,294.0340272656454,85,67,100,155,existing,451.270969768858,85,63,100,54,existing,589.8524402605224,85,69,100,161,existing,599.5596028779662,85,64,100,228,existing,690.9581928592672,85,62,100,104,existing,645.1962781110841,85,58,100,242,existing,610.2227468652566,85,70,100,13,existing,635.036323618602,85,68,100,228,existing,690.9581928592672,85,59,100,15,existing,804.805264241339
86,86,43,104,168,existing,20.005615574585917,86,43,104,249,existing,326.4454946617732,86,43,104,104,allocated,0.0,86,62,104,104,existing,0.0,86,58,104,242,existing,40.024780129790315,86,61,104,103,existing,191.3951865148868,86,59,104,15,existing,193.50302201908718,86,60,104,102,existing,274.49517714269723,86,70,104,13,existing,298.80292748567524,86,67,104,155,existing,487.5777404345313,86,69,104,161,existing,301.7461040367191,86,65,104,44,existing,620.1149128709358,86,66,104,259,existing,564.0074344428904
87,87,48,105,176,existing,251.526320214366,87,48,105,249,existing,328.8654228179241,87,48,105,5,allocated,235.13901726240846,87,66,105,259,existing,91.30348303680688,87,64,105,228,existing,307.3616050453961,87,68,105,228,existing,307.3616050453961,87,67,105,155,existing,374.25990702396456,87,63,105,54,existing,570.7610752270574,87,59,105,15,existing,816.7669873888005,87,58,105,242,existing,622.1844700127181,87,62,105,104,existing,655.3109174796973,87,60,105,102,existing,852.0620758862017,87,61,105,103,existing,846.706103994584
88,88,48,106,176,existing,289.4277007927932,88,48,106,57,existing,318.9991669624999,88,48,106,5,allocated,197.51389109306547,88,66,106,259,existing,129.20486361523407,88,68,106,228,existing,345.2629856238233,88,67,106,155,existing,412.1612876023917,88,64,106,228,existing,345.2629856238233,88,63,106,54,existing,542.8875333943932,88,62,106,104,existing,692.3541104030014,88,58,106,242,existing,659.2276629360222,88,59,106,15,existing,853.8101803121046,88,61,106,103,existing,883.7492969178882,88,60,106,102,existing,889.1052688095058
89,89,55,107,167,existing,50.4202853365863,89,55,107,249,existing,376.00631925353025,89,55,107,107,allocated,0.0,89,60,107,102,existing,147.1903338147474,89,62,107,104,existing,228.1454140011225,89,61,107,103,existing,419.5406005160093,89,58,107,242,existing,228.15896298174096,89,59,107,15,existing,421.6484360202097,89,70,107,13,existing,526.9483414867977,89,69,107,161,existing,529.8915180378416,89,67,107,155,existing,537.1385650262883,89,65,107,44,existing,845.867235047704,89,66,107,259,existing,613.5682590346474
90,90,43,108,168,existing,81.15201559358633,90,43,108,249,existing,225.28786349360087,90,43,108,168,allocated,81.15201559358633,90,62,108,104,existing,101.15763116817224,90,58,108,242,existing,101.17118014879073,90,61,108,103,existing,292.55281768305906,90,59,108,15,existing,294.6606531872594,90,70,108,13,existing,399.96055865384744,90,69,108,161,existing,402.9037352048913,90,67,108,155,existing,386.42010926635896,90,60,108,102,existing,303.132278687182,90,65,108,44,existing,718.8794522147538,90,66,108,259,existing,462.84980327471806
91,91,53,109,155,existing,47.074468754330304,91,53,109,249,existing,114.0577770184278,91,53,109,149,allocated,160.30970495445024,91,67,109,155,existing,47.074468754330304,91,66,109,259,existing,323.00765734633393,91,62,109,104,existing,440.503271680201,91,58,109,242,existing,440.51682066081946,91,64,109,228,existing,489.19164490734033,91,68,109,228,existing,489.19164490734033,91,59,109,15,existing,634.0062936992882,91,61,109,103,existing,631.8984581950878,91,60,109,102,existing,637.2544300867054,91,70,109,13,existing,739.3061991658763
92,92,44,110,150,existing,300.30644966552825,92,44,110,249,existing,728.0651225266568,92,44,110,150,allocated,300.30644966552825,92,65,110,44,existing,403.4597765676494,92,69,110,161,existing,503.55714089427516,92,58,110,242,existing,663.3816142951168,92,70,110,13,existing,539.0338616349111,92,62,110,104,existing,703.4063944249071,92,67,110,155,existing,889.1973682994148,92,61,110,103,existing,894.8015809397939,92,59,110,15,existing,739.8162708366942,92,60,110,102,existing,937.8903404184325,92,66,110,259,existing,926.6104051929597
93,93,53,111,155,existing,425.13901772603134,93,53,111,249,existing,584.1097915969264,93,53,111,149,allocated,309.74230962404835,93,67,111,155,existing,425.13901772603134,93,60,111,102,existing,650.4766105419255,93,68,111,228,existing,723.2683301418176,93,64,111,228,existing,723.2683301418176,93,58,111,242,existing,792.0687758156912,93,61,111,103,existing,983.4504133499596,93,66,111,259,existing,746.714544049579,93,62,111,104,existing,792.0552268350727,93,63,111,54,existing,1023.1859457892333,93,59,111,15,existing,985.55824885416
94,94,53,112,155,existing,447.49807297157525,94,53,112,249,existing,606.4688468424703,94,53,112,149,allocated,332.1013648695922,94,67,112,155,existing,447.49807297157525,94,60,112,102,existing,628.1175552963816,94,64,112,228,existing,745.6273853873614,94,68,112,228,existing,745.6273853873614,94,61,112,103,existing,961.0913581044157,94,58,112,242,existing,769.7097205701473,94,62,112,104,existing,769.6961715895288,94,66,112,259,existing,769.0735992951228,94,59,112,15,existing,963.199193608616,94,63,112,54,existing,1045.5450010347772
95,95,52,113,186,existing,104.63779398979761,95,52,113,202,existing,409.6061333203373,95,52,113,113,allocated,0.0,95,69,113,161,existing,128.42088392732725,95,70,113,13,existing,163.8976046679631,95,65,113,44,existing,355.84335384615974,95,59,113,15,existing,364.6800138697463,95,58,113,242,existing,412.56789178222306,95,61,113,103,existing,621.5621744789331,95,60,113,102,existing,687.0766179055388,95,62,113,104,existing,430.16698796404637,95,66,113,259,existing,943.4488787581342,95,67,113,155,existing,900.1591811973728
96,96,44,114,150,existing,217.43805217980676,96,44,114,202,existing,739.8513919662802,96,44,114,177,allocated,132.71981706708786,96,65,114,44,existing,234.4839898683289,96,69,114,161,existing,528.9941201117513,96,59,114,15,existing,765.2532500541704,96,70,114,13,existing,564.4708408523871,96,67,114,155,existing,1069.9507986624626,96,61,114,103,existing,1022.1354106633571,96,62,114,104,existing,830.7402241484704,96,58,114,242,existing,813.1411279666471,96,60,114,102,existing,1087.649854089963,96,66,114,259,existing,1107.3638355560079
97,97,44,115,150,existing,281.2245208869913,97,44,115,202,existing,803.6378606734646,97,44,115,177,allocated,196.50628577427238,97,65,115,44,existing,298.27045857551343,97,69,115,161,existing,592.7805888189358,97,59,115,15,existing,829.0397187613548,97,70,115,13,existing,628.2573095595717,97,67,115,155,existing,1133.7372673696473,97,61,115,103,existing,1085.9218793705418,97,62,115,104,existing,894.5266928556549,97,58,115,242,existing,876.9275966738317,97,60,115,102,existing,1151.4363227971473,97,66,115,259,existing,1171.1503042631923
98,98,47,116,54,existing,483.9501030863165,98,47,116,57,existing,260.06173665442316,98,47,116,5,allocated,255.88225696312338,98,66,116,259,existing,188.1316900914396,98,63,116,54,existing,483.9501030863165,98,67,116,155,existing,556.7971679308332,98,64,116,228,existing,585.0558556850615,98,68,116,228,existing,585.0558556850615,98,69,116,161,existing,705.4619400521719,98,58,116,242,existing,716.1250840394624,98,70,116,13,existing,740.9386607928078,98,59,116,15,existing,910.7076014155449,98,62,116,104,existing,750.7224762730593
99,99,52,117,186,existing,132.35260438471386,99,52,117,202,existing,303.7555827782056,99,52,117,117,allocated,0.0,99,69,117,161,existing,140.943238945393,99,70,117,13,existing,176.41995968602885,99,59,117,15,existing,377.20236888781204,99,65,117,44,existing,261.6453860103138,99,58,117,242,existing,440.2827021771393,99,61,117,103,existing,634.0845294969989,99,62,117,104,existing,442.6893429821121,99,60,117,102,existing,714.791428300455,99,66,117,259,existing,971.1636891530504,99,67,117,155,existing,927.873991592289
100,100,52,118,186,existing,162.36938772999792,100,52,118,202,existing,273.73879943292155,100,52,118,117,allocated,30.01678334528409,100,69,118,161,existing,170.9600222906771,100,70,118,13,existing,206.43674303131294,100,59,118,15,existing,407.2191522330961,100,65,118,44,existing,231.6286026650297,100,62,118,104,existing,472.7061263273962,100,61,118,103,existing,664.1013128422829,100,58,118,242,existing,470.2994855224234,100,60,118,102,existing,744.8082116457392,100,66,118,259,existing,1001.1804724983346,100,67,118,155,existing,957.8907749375732
101,101,54,119,47,existing,53.965610885691746,101,54,119,202,existing,469.7981232718913,101,54,119,47,allocated,53.965610885691746,101,59,119,15,existing,140.11790534500128,101,70,119,13,existing,196.03803709921937,101,62,119,104,existing,252.09416092474936,101,69,119,161,existing,231.5147578398552,101,65,119,44,existing,549.883566674072,101,58,119,242,existing,253.17365628174463,101,60,119,102,existing,526.5893380674466,101,61,119,103,existing,443.48934743963616,101,67,119,155,existing,739.6719013592807,101,66,119,259,existing,784.0546432576557
102,102,55,120,167,existing,141.1227379483184,102,55,120,249,existing,285.30386664179815,102,55,120,120,allocated,0.0,102,60,120,102,existing,237.89278642647946,102,62,120,104,existing,318.84786661285455,102,67,120,155,existing,446.43611241455625,102,58,120,242,existing,318.861415593473,102,70,120,13,existing,617.6507940985298,102,61,120,103,existing,510.24305312774135,102,66,120,259,existing,522.8658064229154,102,59,120,15,existing,512.3508886319418,102,64,120,228,existing,860.3818378201277,102,69,120,161,existing,620.5939706495736
103,103,55,121,167,existing,156.9634671087105,103,55,121,249,existing,583.390071698827,103,55,121,167,allocated,156.9634671087105,103,60,121,102,existing,193.10997948009947,103,62,121,104,existing,334.6885957732467,103,61,121,103,existing,526.0837822881335,103,58,121,242,existing,334.7021447538651,103,67,121,155,existing,572.0050288424641,103,59,121,15,existing,528.1916177923339,103,70,121,13,existing,633.4915232589219,103,69,121,161,existing,636.4346998099658,103,68,121,228,existing,870.1343412582504,103,66,121,259,existing,820.9520114799442
104,104,48,122,176,existing,134.58773069619616,104,48,122,249,existing,445.80401233609393,104,48,122,46,allocated,223.009450313343,104,68,122,228,existing,201.54984856130906,104,64,122,228,existing,201.54984856130906,104,66,122,259,existing,208.24207255497672,104,67,122,155,existing,288.21230609153815,104,60,122,102,existing,909.339450676878,104,58,122,242,existing,739.1230595308878,104,62,122,104,existing,772.249506997867,104,63,122,54,existing,453.82248570888754,104,61,122,103,existing,963.6446935127537,104,59,122,15,existing,933.7055769069702
105,105,46,123,55,existing,288.23977648279674,105,46,123,57,existing,491.2360668391248,105,46,123,79,allocated,204.38874256983752,105,63,123,54,existing,305.4077764489629,105,64,123,228,existing,609.667345543855,105,68,123,228,existing,609.667345543855,105,66,123,259,existing,772.4376730762297,105,69,123,161,existing,1102.4971815171143,105,70,123,13,existing,1137.97390225775,105,67,123,155,existing,853.7928992984479,105,65,123,44,existing,1114.781654082518,105,58,123,242,existing,1255.7940730199111,105,62,123,104,existing,1290.7676042657388
106,106,43,124,168,existing,221.0911605857474,106,43,124,249,existing,172.43525621925855,106,43,124,124,allocated,0.0,106,62,124,104,existing,241.09677616033332,106,58,124,242,existing,241.11032514095177,106,60,124,102,existing,350.7613968490191,106,67,124,155,existing,333.5675019920167,106,61,124,103,existing,432.4919626752201,106,59,124,15,existing,434.59979817942053,106,66,124,259,existing,409.99719600037577,106,70,124,13,existing,539.8997036460086,106,69,124,161,existing,542.8428801970524,106,68,124,228,existing,775.6846781450267
107,107,53,126,155,existing,456.2687493154214,107,53,126,249,existing,615.2395231863164,107,53,126,149,allocated,340.8720412134384,107,67,126,155,existing,456.2687493154214,107,60,126,102,existing,543.7563046540256,107,58,126,242,existing,685.3484699277913,107,62,126,104,existing,685.3349209471728,107,61,126,103,existing,876.7301074620597,107,66,126,259,existing,777.8442756389691,107,64,126,228,existing,754.3980617312077,107,68,126,228,existing,754.3980617312077,107,70,126,13,existing,984.137848432848,107,59,126,15,existing,878.83794296626
108,108,44,127,150,existing,245.68934712736956,108,44,127,202,existing,653.993050473522,108,44,127,113,allocated,244.3869171531847,108,69,127,161,existing,342.781585040031,108,70,127,13,existing,378.2583057806669,108,58,127,242,existing,534.8854057656404,108,65,127,44,existing,399.3454156666136,108,59,127,15,existing,579.04071498245,108,61,127,103,existing,766.3053724103174,108,60,127,102,existing,809.394131888956,108,62,127,104,existing,574.9101858954307,108,66,127,259,existing,968.7768731637027,108,67,127,155,existing,929.2670387076884
109,109,44,128,150,existing,91.044466356183,109,44,128,202,existing,501.6968509687715,109,44,128,150,allocated,91.044466356183,109,69,128,161,existing,220.5116015757615,109,70,128,13,existing,255.98832231639733,109,59,128,15,existing,456.7707315181806,109,65,128,44,existing,277.5268742701429,109,60,128,102,existing,779.1673355539731,109,62,128,104,existing,522.2577056124805,109,58,128,242,existing,504.6586094306573,109,61,128,103,existing,713.6528921273673,109,66,128,259,existing,1035.5395964065683,109,67,128,155,existing,992.249898845807
110,110,53,129,155,existing,399.7675687326408,110,53,129,249,existing,558.7383426035358,110,53,129,149,allocated,284.3708606306578,110,67,129,155,existing,399.7675687326408,110,60,129,102,existing,675.848059535316,110,64,129,228,existing,697.896881148427,110,68,129,228,existing,697.896881148427,110,58,129,242,existing,817.4402248090817,110,63,129,54,existing,997.8144967958427,110,62,129,104,existing,817.4266758284632,110,66,129,259,existing,721.3430950561884,110,61,129,103,existing,1008.8218623433501,110,59,129,15,existing,1010.9296978475504
111,111,44,130,150,existing,698.1145539320156,111,44,130,57,existing,551.2280613975213,111,44,130,96,allocated,267.0553127390461,111,66,130,259,existing,645.5087494075557,111,63,130,54,existing,758.3968309859044,111,67,130,155,existing,802.7456919107683,111,65,130,44,existing,801.2678808341367,111,58,130,242,existing,961.6974690071669,111,70,130,13,existing,843.8772982450058,111,69,130,161,existing,808.40057750437,111,62,130,104,existing,996.6710002529944,111,64,130,228,existing,1042.4329150011777,111,68,130,228,existing,1042.4329150011777
112,112,48,131,176,existing,150.0332249890679,112,48,131,249,existing,430.35851804322215,112,48,131,46,allocated,207.56395602047127,112,66,131,259,existing,192.796578262105,112,64,131,228,existing,205.868509820098,112,68,131,228,existing,205.868509820098,112,67,131,155,existing,272.7668117986664,112,62,131,104,existing,756.8040127049953,112,60,131,102,existing,893.8939563840063,112,58,131,242,existing,723.6775652380161,112,63,131,54,existing,469.26798000175927,112,59,131,15,existing,918.2600826140986,112,61,131,103,existing,948.1991992198821
113,113,48,132,176,existing,299.52844518590723,113,48,132,57,existing,306.2000644672992,113,48,132,175,allocated,211.37613328443206,113,63,132,54,existing,336.02519941401425,113,66,132,259,existing,342.2917984589443,113,64,132,228,existing,355.3637300169373,113,68,132,228,existing,355.3637300169373,113,58,132,242,existing,873.1727854348554,113,67,132,155,existing,422.26203199550577,113,69,132,161,existing,935.1540657202961,113,62,132,104,existing,906.2992329018347,113,70,132,13,existing,970.630786460932,113,60,132,102,existing,1043.3891765808455
114,114,44,133,150,existing,647.2456686539033,114,44,133,249,existing,1075.0043415150317,114,44,133,29,allocated,519.8565253870516,114,65,133,44,existing,750.3989955560245,114,69,133,161,existing,850.4963598826503,114,70,133,13,existing,885.9730806232861,114,58,133,242,existing,1010.320833283492,114,67,133,155,existing,1236.1365872877898,114,59,133,15,existing,1086.7554898250692,114,63,133,54,existing,1227.9381999572083,114,62,133,104,existing,1050.345613413282,114,61,133,103,existing,1241.740799928169,114,66,133,259,existing,1273.5496241813348
115,115,46,134,55,existing,286.89338274696263,115,46,134,57,existing,286.72428888580566,115,46,134,96,allocated,187.2801355337295,115,63,134,54,existing,304.0613827131288,115,66,134,259,existing,567.9258951229106,115,68,134,228,existing,589.8352989901492,115,64,134,228,existing,589.8352989901492,115,67,134,155,existing,656.7336009687176,115,70,134,13,existing,977.223516505165,115,69,134,161,existing,941.7467957645291,115,58,134,242,existing,1095.043687267326,115,62,134,104,existing,1130.0172185131537,115,65,134,44,existing,1116.278779759558
116,116,53,135,155,existing,215.29998387439693,116,53,135,249,existing,54.16773810163883,116,53,135,5,allocated,188.0543360037687,116,67,135,155,existing,215.29998387439693,116,66,135,259,existing,257.22155113672306,116,62,135,104,existing,380.61323276341204,116,58,135,242,existing,347.31923054765787,116,59,135,15,existing,541.9017479237402,116,60,135,102,existing,577.3643911699164,116,69,135,161,existing,617.8964887087816,116,61,135,103,existing,572.0084192782988,116,70,135,13,existing,647.2016533903284,116,68,135,228,existing,655.8866392189261
117,117,57,136,82,existing,312.24109153495397,117,57,136,249,existing,207.40474260924572,117,57,136,5,allocated,265.0415759516415,117,67,136,155,existing,368.5369883820038,117,66,136,259,existing,406.3181184241945,117,58,136,242,existing,497.9386557067075,117,69,136,161,existing,487.27551171941707,117,59,136,15,existing,692.5211730827899,117,62,136,104,existing,533.8502372710188,117,70,136,13,existing,522.7522324600529,117,63,136,54,existing,702.1365314190714,117,60,136,102,existing,730.6013956775232,117,61,136,103,existing,725.2454237859056
118,118,44,137,150,existing,97.56673660413642,118,44,137,202,existing,619.9800763906098,118,44,137,177,allocated,12.848501491417526,118,65,137,44,existing,114.61267429265857,118,69,137,161,existing,409.122804536081,118,59,137,15,existing,645.3819344785,118,70,137,13,existing,444.5995252767168,118,62,137,104,existing,710.8689085728001,118,61,137,103,existing,902.2640950876869,118,60,137,102,existing,967.7785385142924,118,58,137,242,existing,693.2698123909768,118,66,137,259,existing,1218.5364095845148,118,67,137,155,existing,1180.8611018061265
119,119,44,138,150,existing,182.4055312760553,119,44,138,202,existing,704.8188710625287,119,44,138,177,allocated,97.68729616333641,119,65,138,44,existing,199.45146896457746,119,69,138,161,existing,493.9615992079998,119,59,138,15,existing,730.220729150419,119,70,138,13,existing,529.4383199486357,119,60,138,102,existing,1052.6173331862115,119,61,138,103,existing,987.1028897596057,119,58,138,242,existing,778.1086070628957,119,62,138,104,existing,795.7077032447189,119,66,138,259,existing,1303.3752042564336,119,67,138,155,existing,1265.6998964780455
120,120,44,139,150,existing,527.5330514244251,120,44,139,202,existing,1049.9463912108986,120,44,139,177,allocated,442.8148163117063,120,65,139,44,existing,544.5789891129473,120,69,139,161,existing,839.0891193563698,120,70,139,13,existing,874.5658400970057,120,59,139,15,existing,1075.348249298789,120,61,139,103,existing,1332.2304099079756,120,62,139,104,existing,1140.8352233930889,120,58,139,242,existing,1123.2361272112657,120,67,139,155,existing,1380.0457979070811,120,60,139,102,existing,1397.7448533345814,120,66,139,259,existing,1417.4588348006262
121,121,53,140,155,existing,209.9923606680186,121,53,140,249,existing,368.9631345389136,121,53,140,149,allocated,94.59565256603558,121,67,140,155,existing,209.9923606680186,121,68,140,228,existing,514.8267571343849,121,64,140,228,existing,514.8267571343849,121,66,140,259,existing,538.2729710421463,121,62,140,104,existing,664.4029472985973,121,58,140,242,existing,664.4164962792157,121,60,140,102,existing,555.1226476545451,121,63,140,54,existing,814.7443727818006,121,61,140,103,existing,855.7981338134841,121,59,140,15,existing,857.9059693176845
122,122,57,141,82,existing,327.5244002583255,122,57,141,249,existing,221.75000101413332,122,57,141,5,allocated,249.75826722827003,122,67,141,155,existing,354.2701873336804,122,66,141,259,existing,391.034809700823,122,69,141,161,existing,502.55882044278854,122,58,141,242,existing,513.221964430079,122,62,141,104,existing,548.1954956759065,122,70,141,13,existing,538.0355411834244,122,63,141,54,existing,686.8532226957,122,59,141,15,existing,707.8044818061614,122,61,141,103,existing,739.5906821907932,122,60,141,102,existing,744.9466540824109
123,123,53,142,155,existing,201.0225548681621,123,53,142,249,existing,68.50236854861505,123,53,142,5,allocated,99.89235609954777,123,67,142,155,existing,201.0225548681621,123,66,142,259,existing,242.0925393323442,123,62,142,104,existing,394.9478632103882,123,58,142,242,existing,361.821415743409,123,61,142,103,existing,586.343049725275,123,59,142,15,existing,556.4039331194914,123,68,142,228,existing,640.7576274145472,123,60,142,102,existing,591.6990216168927,123,64,142,228,existing,640.7576274145472,123,69,142,161,existing,655.8064529083068
124,124,57,144,82,existing,123.38823615983304,124,57,144,249,existing,393.97163479946107,124,57,144,81,allocated,96.2922765550085,124,69,144,161,existing,298.4226563442961,124,58,144,242,existing,310.5270702156622,124,70,144,13,existing,333.899377084932,124,62,144,104,existing,350.5518503454525,124,67,144,155,existing,555.1038805722192,124,65,144,44,existing,584.4177406803041,124,59,144,15,existing,505.1095875917446,124,61,144,103,existing,541.9470368603393,124,66,144,259,existing,595.1709737993154,124,60,144,102,existing,585.0357963389779
125,125,45,145,44,existing,179.7069488339086,125,45,145,202,existing,685.0743509318598,125,45,145,30,existing,94.5377988688261,125,65,145,44,existing,179.7069488339086,125,69,145,161,existing,498.07575766812533,125,59,145,15,existing,734.3348876105443,125,70,145,13,existing,533.5524784087611,125,58,145,242,existing,791.0424199233232,125,61,145,103,existing,991.2170482197312,125,62,145,104,existing,799.8218617048444,125,60,145,102,existing,1065.551146046639,125,66,145,259,existing,1316.309017116861,125,67,145,155,existing,1278.633709338473
126,126,44,147,150,existing,509.1862674898096,126,44,147,249,existing,936.9449403509379,126,44,147,150,allocated,509.1862674898096,126,65,147,44,existing,612.3395943919307,126,69,147,161,existing,712.4369587185565,126,70,147,13,existing,747.9136794591924,126,58,147,242,existing,872.2614321193983,126,62,147,104,existing,912.2862122491885,126,61,147,103,existing,1103.6813987640753,126,59,147,15,existing,948.6960886609755,126,67,147,155,existing,1098.077186123696,126,66,147,259,existing,1135.490223017241,126,60,147,102,existing,1146.770158242714
127,127,44,148,150,existing,492.80425542797474,127,44,148,249,existing,920.5629282891031,127,44,148,150,allocated,492.80425542797474,127,65,148,44,existing,595.9575823300959,127,69,148,161,existing,696.0549466567217,127,70,148,13,existing,731.5316673973575,127,58,148,242,existing,855.8794200575633,127,62,148,104,existing,895.9042001873536,127,61,148,103,existing,1087.2993867022406,127,67,148,155,existing,1081.695174061861,127,59,148,15,existing,932.3140765991407,127,60,148,102,existing,1130.3881461808792,127,66,148,259,existing,1119.1082109554063
128,128,53,149,155,existing,207.38417370878054,128,53,149,249,existing,274.367481972878,128,53,149,149,allocated,0.0,128,67,149,155,existing,207.38417370878054,128,66,149,259,existing,483.31736230078417,128,60,149,102,existing,488.85221454618653,128,62,149,104,existing,569.8072947325617,128,64,149,228,existing,609.4224097004205,128,61,149,103,existing,761.2024812474485,128,68,149,228,existing,609.4224097004205,128,58,149,242,existing,569.8208437131801,128,59,149,15,existing,763.3103167516489,128,70,149,13,existing,868.6102222182369
129,129,44,150,150,existing,0.0,129,44,150,202,existing,592.7413173249545,129,44,150,150,allocated,0.0,129,65,150,44,existing,186.48240791395995,129,69,150,161,existing,311.55606793194454,129,70,150,13,existing,347.03278867258035,129,59,150,15,existing,547.8151978743635,129,61,150,103,existing,804.6973584835504,129,60,150,102,existing,870.211801910156,129,58,150,242,existing,595.7030757868404,129,62,150,104,existing,613.3021719686636,129,67,150,155,existing,1083.29436520199,129,66,150,259,existing,1126.5840627627515
130,130,43,152,168,existing,177.54789172683803,130,43,152,249,existing,128.8919873603492,130,43,152,124,allocated,43.543268858909364,130,62,152,104,existing,197.55350730142396,130,58,152,242,existing,197.56705628204242,130,67,152,155,existing,290.02423313310726,130,66,152,259,existing,366.4539271414664,130,61,152,103,existing,388.94869381631077,130,60,152,102,existing,394.30466570792845,130,70,152,13,existing,496.35643478709915,130,59,152,15,existing,391.0565293205111,130,64,152,228,existing,732.1414092861173,130,69,152,161,existing,499.299611338143
131,131,53,155,155,existing,0.0,131,53,155,249,existing,161.1322457727581,131,53,155,149,allocated,207.38417370878054,131,67,155,155,existing,0.0,131,66,155,259,existing,370.08212610066425,131,68,155,228,existing,442.11717615301006,131,64,155,228,existing,442.11717615301006,131,61,155,103,existing,678.972926949418,131,58,155,242,existing,487.59128941514973,131,59,155,15,existing,681.0807624536185,131,62,155,104,existing,487.5777404345313,131,60,155,102,existing,684.3288988410357,131,63,155,54,existing,742.0347918004256
132,132,53,156,155,existing,48.14204884172401,132,53,156,249,existing,209.2742946144821,132,53,156,149,allocated,255.52622255050454,132,67,156,155,existing,48.14204884172401,132,68,156,228,existing,393.97512731128603,132,64,156,228,existing,393.97512731128603,132,66,156,259,existing,417.4213412190474,132,58,156,242,existing,535.7333382568737,132,63,156,54,existing,693.8927429587017,132,60,156,102,existing,716.9729594808396,132,62,156,104,existing,535.7197892762553,132,59,156,15,existing,729.2228112953425,132,61,156,103,existing,727.114975791142
133,133,46,157,55,existing,592.7919266152264,133,46,157,57,existing,785.4254994137011,133,46,157,222,allocated,204.8851604566793,133,63,157,54,existing,609.9599265813927,133,64,157,228,existing,914.7661701891268,133,68,157,228,existing,914.7661701891268,133,66,157,259,existing,1045.797196785983,133,65,157,44,existing,1097.4774657423905,133,69,157,161,existing,1170.2657482844998,133,70,157,13,existing,1205.7424690251355,133,67,157,155,existing,1158.8917239437196,133,62,157,104,existing,1365.4889406879927,133,58,157,242,existing,1325.4641605582024
134,134,46,158,55,existing,629.918070621345,134,46,158,57,existing,830.2877945648995,134,46,158,222,allocated,160.02286530548093,134,63,158,54,existing,647.0860705875111,134,64,158,228,existing,954.4867227459971,134,68,158,228,existing,954.4867227459971,134,66,158,259,existing,1090.6594919371814,134,65,158,44,existing,1142.3397608935888,134,69,158,161,existing,1215.1280434356981,134,70,158,13,existing,1250.604764176334,134,67,158,155,existing,1203.754019094918,134,62,158,104,existing,1410.351235839191,134,58,158,242,existing,1370.3264557094008
135,135,46,162,55,existing,384.5353782092301,135,46,162,57,existing,587.5316685655582,135,46,162,79,allocated,300.6843442962709,135,63,162,54,existing,401.7033781753963,135,68,162,228,existing,705.9629472702884,135,64,162,228,existing,705.9629472702884,135,66,162,259,existing,868.7332748026631,135,70,162,13,existing,1153.197934551829,135,69,162,161,existing,1117.7212138111931,135,65,162,44,existing,1044.9329312690838,135,67,162,155,existing,950.0885010248812,135,58,162,242,existing,1272.9196260848955,135,62,162,104,existing,1312.9444062146858
136,136,46,163,55,existing,496.75774854730173,136,46,163,57,existing,699.7540389036299,136,46,163,222,allocated,270.1256753997818,136,63,163,54,existing,513.9257485134679,136,64,163,228,existing,818.18531760836,136,68,163,228,existing,818.18531760836,136,66,163,259,existing,980.9556451407348,136,67,163,155,existing,1062.3108713629529,136,65,163,44,existing,1157.1553016071553,136,69,163,161,existing,1229.9435841492646,136,70,163,13,existing,1265.4203048899005,136,62,163,104,existing,1425.1667765527575,136,58,163,242,existing,1385.1419964229672
137,137,46,165,55,existing,468.8924291241862,137,46,165,57,existing,671.8887194805143,137,46,165,79,allocated,385.041395211227,137,63,165,54,existing,486.0604290903524,137,68,165,228,existing,790.3199981852445,137,64,165,228,existing,790.3199981852445,137,66,165,259,existing,953.0903257176192,137,69,165,161,existing,1202.0782647261492,137,70,165,13,existing,1237.5549854667852,137,65,165,44,existing,1129.28998218404,137,67,165,155,existing,1034.4455519398373,137,58,165,242,existing,1357.2766769998516,137,62,165,104,existing,1397.301457129642
138,138,52,166,186,existing,127.85049406092746,138,52,166,202,existing,323.43972188534116,138,52,166,117,allocated,79.7177057977037,138,69,166,161,existing,136.44112862160662,138,70,166,13,existing,171.91784936224246,138,59,166,15,existing,372.70025856402566,138,65,166,44,existing,181.92768021261008,138,58,166,242,existing,435.7805918533529,138,61,166,103,existing,629.5824191732124,138,60,166,102,existing,710.2893179766686,138,62,166,104,existing,438.18723265832574,138,66,166,259,existing,966.661578829264,138,67,166,155,existing,923.3718812685026
139,139,55,167,167,existing,0.0,139,55,167,249,existing,426.42660459011654,139,55,167,167,allocated,0.0,139,60,167,102,existing,96.77004847816107,139,62,167,104,existing,177.72512866453616,139,61,167,103,existing,369.12031517942296,139,58,167,242,existing,177.73867764515467,139,70,167,13,existing,476.5280561502114,139,67,167,155,existing,587.5588503628746,139,59,167,15,existing,371.22815068362337,139,69,167,161,existing,479.47123270125525,139,66,167,259,existing,663.9885443712337,139,65,167,44,existing,795.4469497111177
140,140,52,169,186,existing,217.5412166831484,140,52,169,202,existing,138.5013393436637,140,52,169,208,allocated,54.53135198784031,140,69,169,161,existing,193.75812674561877,140,70,169,13,existing,229.2348474862546,140,59,169,15,existing,430.01725668803783,140,65,169,44,existing,366.86606275428755,140,62,169,104,existing,495.50423078233786,140,58,169,242,existing,496.58372613933307,140,61,169,103,existing,686.8994172972247,140,60,169,102,existing,769.999407925035,140,66,169,259,existing,1027.4647131152442,140,67,169,155,existing,983.0819712168691
141,141,46,170,55,existing,595.041942025752,141,46,170,57,existing,417.8641083514707,141,46,170,96,allocated,133.69135969299543,141,63,170,54,existing,612.2099419919182,141,66,170,259,existing,699.0657145885756,141,69,170,161,existing,880.7677710816719,141,65,170,44,existing,807.9794885395626,141,67,170,155,existing,882.5031343301935,141,68,170,228,existing,910.8067942168741,141,70,170,13,existing,916.2444918223077,141,64,170,228,existing,910.8067942168741,141,62,170,104,existing,1075.9909634851647,141,58,170,242,existing,1035.9661833553744
142,142,44,171,150,existing,532.5197588797984,142,44,171,202,existing,1054.9330986662717,142,44,171,177,allocated,447.80152376707946,142,65,171,44,existing,549.5656965683205,142,69,171,161,existing,844.0758268117429,142,70,171,13,existing,879.5525475523788,142,59,171,15,existing,1080.334956754162,142,61,171,103,existing,1337.2171173633487,142,58,171,242,existing,1128.2228346666388,142,62,171,104,existing,1145.821930848462,142,67,171,155,existing,1385.0325053624545,142,60,171,102,existing,1402.7315607899545,142,66,171,259,existing,1422.4455422559993
143,143,54,172,47,existing,186.12076335772434,143,54,172,202,existing,309.46029284644453,143,54,172,48,allocated,95.67061703354548,143,70,172,13,existing,278.647528155015,143,69,172,161,existing,314.1242488956508,143,62,172,104,existing,384.249313396782,143,59,172,15,existing,350.9428961340944,143,60,172,102,existing,658.7444905394792,143,58,172,242,existing,385.3288087537772,143,65,172,44,existing,608.8972148837145,143,61,172,103,existing,575.6444999116687,143,67,172,155,existing,871.8270538313133,143,66,172,259,existing,916.2097957296883
144,144,46,173,55,existing,248.24332352085088,144,46,173,57,existing,451.239613877179,144,46,173,79,allocated,164.39228960789166,144,63,173,54,existing,265.41132348701706,144,64,173,228,existing,569.6708925819091,144,68,173,228,existing,569.6708925819091,144,66,173,259,existing,732.4412201142839,144,67,173,155,existing,813.796446336502,144,70,173,13,existing,1141.7388414965385,144,65,173,44,existing,1154.7781070444637,144,69,173,161,existing,1106.2621207559025,144,58,173,242,existing,1259.5590122586993,144,62,173,104,existing,1294.532543504527
145,145,47,175,54,existing,124.6490661295822,145,47,175,57,existing,435.80897575590944,145,47,175,175,allocated,0.0,145,63,175,54,existing,124.6490661295822,145,68,175,228,existing,244.67142494326492,145,66,175,259,existing,543.8104469435835,145,64,175,228,existing,244.67142494326492,145,69,175,161,existing,1064.7629770089063,145,58,175,242,existing,1074.6914339194946,145,67,175,155,existing,623.7806804801451,145,70,175,13,existing,1100.239697749542,145,62,175,104,existing,1107.8178813864738,145,60,175,102,existing,1244.9078250654848
146,146,48,176,176,existing,0.0,146,48,176,199,existing,568.9599928858985,146,48,176,175,allocated,200.9806436924107,146,68,176,228,existing,66.9621178651129,146,64,176,228,existing,66.9621178651129,146,63,176,54,existing,319.2347550126914,146,66,176,259,existing,342.82980325117285,146,60,176,102,existing,1043.927181373074,146,58,176,242,existing,873.710790227084,146,67,176,155,existing,422.8000367877343,146,62,176,104,existing,906.8372376940632,146,59,176,15,existing,1068.2933076031663,146,61,176,103,existing,1098.2324242089499
147,147,44,177,150,existing,84.7182351127189,147,44,177,202,existing,607.1315748991923,147,44,177,177,allocated,0.0,147,65,177,44,existing,101.76417280124105,147,69,177,161,existing,396.27430304466344,147,59,177,15,existing,632.5334329870825,147,70,177,13,existing,431.75102378529925,147,60,177,102,existing,954.930037022875,147,61,177,103,existing,889.4155935962692,147,58,177,242,existing,680.4213108995592,147,62,177,104,existing,698.0204070813825,147,66,177,259,existing,1205.6879080930971,147,67,177,155,existing,1168.0126003147088
148,148,48,178,176,existing,168.2922977219451,148,48,178,249,existing,415.6399848385473,148,48,178,46,allocated,189.30488328759407,148,68,178,228,existing,187.6094370872208,148,64,178,228,existing,187.6094370872208,148,67,178,155,existing,254.50773906578922,148,66,178,259,existing,211.0556509949822,148,58,178,242,existing,741.9366379708933,148,62,178,104,existing,742.0854795003205,148,63,178,54,existing,487.52705273463647,148,60,178,102,existing,875.634883651129,148,59,178,15,existing,935.5885015194077,148,61,178,103,existing,933.4806660152072
149,149,44,179,150,existing,657.6252324308431,149,44,179,249,existing,707.2402256716553,149,44,179,96,allocated,480.8777984085392,149,65,179,44,existing,760.7785593329642,149,69,179,161,existing,833.5668418750735,149,67,179,155,existing,868.3724714444133,149,70,179,13,existing,869.0435626157093,149,66,179,259,existing,876.226780998116,149,62,179,104,existing,1028.7900342785663,149,63,179,54,existing,885.3993454284685,149,58,179,242,existing,988.765254148776,149,59,179,15,existing,1069.8259718174925,149,68,179,228,existing,1189.6589145233606
150,150,46,180,55,existing,743.6594576154905,150,46,180,57,existing,756.1447328805566,150,46,180,222,allocated,417.0121790192937,150,63,180,54,existing,760.8274575816566,150,65,180,44,existing,885.3504471797761,150,66,180,259,existing,899.0913896580066,150,69,180,161,existing,958.1387297218854,150,68,180,228,existing,1065.0870266765487,150,67,180,155,existing,992.9443592912253,150,70,180,13,existing,993.6154504625213,150,64,180,228,existing,1065.0870266765487,150,58,180,242,existing,1113.337141995588,150,62,180,104,existing,1153.3619221253782
151,151,44,181,150,existing,153.2555885506137,151,44,181,202,existing,745.9969058755682,151,44,181,150,allocated,153.2555885506137,151,65,181,44,existing,306.5332345898419,151,69,181,161,existing,435.59376611680267,151,58,181,242,existing,627.697586842412,151,70,181,13,existing,471.07048685743854,151,59,181,15,existing,671.8528960592217,151,62,181,104,existing,667.7223669722023,151,61,181,103,existing,859.117553487089,151,60,181,102,existing,902.2063129657276,151,66,181,259,existing,1051.0431654416034,151,67,181,155,existing,1013.6301285480586
152,152,46,182,55,existing,185.31069063822008,152,46,182,57,existing,388.3069809945482,152,46,182,79,allocated,101.45965672526087,152,63,182,54,existing,202.47869060438626,152,64,182,228,existing,506.7382596992784,152,68,182,228,existing,506.7382596992784,152,66,182,259,existing,669.5085872316531,152,70,182,13,existing,1078.8062086139075,152,69,182,161,existing,1043.3294878732718,152,67,182,155,existing,750.8638134538712,152,58,182,242,existing,1196.6263793760686,152,65,182,44,existing,1217.7107399270944,152,62,182,104,existing,1231.599910621896
153,153,44,183,150,existing,307.9053840900402,153,44,183,249,existing,818.3512209794712,153,44,183,177,allocated,223.18714897732127,153,65,183,44,existing,324.9513217785623,153,69,183,161,existing,593.8432393470898,153,58,183,242,existing,753.6677127479314,153,70,183,13,existing,629.3199600877256,153,61,183,103,existing,985.0876793926086,153,59,183,15,existing,830.1023692895087,153,67,183,155,existing,979.4834667522293,153,62,183,104,existing,793.6924928777216,153,66,183,259,existing,1016.8965036457744,153,60,183,102,existing,1028.1764388712472
154,154,44,184,150,existing,400.7277152208376,154,44,184,249,existing,828.486388081966,154,44,184,150,allocated,400.7277152208376,154,65,184,44,existing,503.8810421229588,154,69,184,161,existing,603.9784064495846,154,58,184,242,existing,763.8028798504263,154,70,184,13,existing,639.4551271902204,154,59,184,15,existing,840.2375363920036,154,67,184,155,existing,989.6186338547241,154,62,184,104,existing,803.8276599802165,154,61,184,103,existing,995.2228464951033,154,66,184,259,existing,1027.031670748269,154,60,184,102,existing,1038.311605973742
155,155,46,185,55,existing,710.9488518981715,155,46,185,57,existing,723.4341271632377,155,46,185,222,allocated,384.3015733019747,155,63,185,54,existing,728.1168518643376,155,66,185,259,existing,866.3807839406877,155,69,185,161,existing,990.8493354392043,155,65,185,44,existing,918.0610528970951,155,70,185,13,existing,1026.3260561798402,155,68,185,228,existing,1032.3764209592298,155,64,185,228,existing,1032.3764209592298,155,67,185,155,existing,1023.6177264439002,155,58,185,242,existing,1146.0477477129068,155,62,185,104,existing,1186.0725278426971
156,156,52,186,186,existing,0.0,156,52,186,202,existing,356.0425560268121,156,52,186,251,allocated,16.070201708460363,156,69,186,161,existing,23.78308993752963,156,70,186,13,existing,59.259810678165465,156,59,186,15,existing,260.0422198799487,156,58,186,242,existing,307.93009779242544,156,62,186,104,existing,325.5291939742487,156,65,186,44,existing,309.77817427353756,156,61,186,103,existing,516.9243804891355,156,60,186,102,existing,582.4388239157412,156,66,186,259,existing,838.8110847683365,156,67,186,155,existing,795.5213872075751
157,157,44,187,150,existing,583.9470180425275,157,44,187,249,existing,1011.7056909036557,157,44,187,29,allocated,456.5578747756758,157,65,187,44,existing,687.1003449446486,157,69,187,161,existing,787.1977092712743,157,58,187,242,existing,947.0221826721161,157,70,187,13,existing,822.6744300119102,157,67,187,155,existing,1172.8379366764138,157,63,187,54,existing,1164.6395493458324,157,59,187,15,existing,1023.4568392136933,157,62,187,104,existing,987.0469628019063,157,61,187,103,existing,1178.4421493167931,157,66,187,259,existing,1210.250973569959
158,158,46,188,55,existing,381.80922062749255,158,46,188,57,existing,191.80845100527569,158,46,188,96,allocated,92.36429765319954,158,63,188,54,existing,398.9772205936588,158,66,188,259,existing,473.01005724238064,158,68,188,228,existing,684.7511368706791,158,64,188,228,existing,684.7511368706791,158,69,188,161,existing,846.8309578839992,158,70,188,13,existing,882.3076786246351,158,58,188,242,existing,1000.127849386796,158,67,188,155,existing,751.6494388492475,158,65,188,44,existing,1021.3629418790281,158,62,188,104,existing,1035.1013806326237
159,159,46,189,55,existing,536.2818217828519,159,46,189,57,existing,503.07110750737,159,46,189,96,allocated,218.89835884889482,159,63,189,54,existing,553.4498217490182,159,66,189,259,existing,784.2727137444749,159,68,189,228,existing,857.7093908439103,159,64,189,228,existing,857.7093908439103,159,65,189,44,existing,893.1864876954619,159,67,189,155,existing,967.7101334860928,159,69,189,161,existing,965.9747702375713,159,70,189,13,existing,1001.4514909782072,159,62,189,104,existing,1161.1979626410641,159,58,189,242,existing,1121.1731825112738
160,160,50,190,66,existing,249.69158526287973,160,50,190,199,existing,431.84958322681746,160,50,190,46,allocated,10.485678371096887,160,67,190,155,existing,358.3904757986856,160,64,190,228,existing,366.428642003718,160,68,190,228,existing,366.428642003718,160,66,190,259,existing,389.87485591147936,160,62,190,104,existing,812.8010624292642,160,63,190,54,existing,666.3462576511337,160,58,190,242,existing,812.8146114098827,160,60,190,102,existing,696.8156787346318,160,59,190,15,existing,1006.3040844483514,160,61,190,103,existing,1004.196248944151
161,161,45,194,44,existing,98.8884178001645,161,45,194,202,existing,604.2558198981158,161,45,194,30,existing,13.719267835082016,161,65,194,44,existing,98.8884178001645,161,69,194,161,existing,417.25722663438125,161,59,194,15,existing,653.5163565768003,161,70,194,13,existing,452.73394737501707,161,58,194,242,existing,710.2238888895791,161,60,194,102,existing,984.7326150128949,161,62,194,104,existing,719.0033306711003,161,61,194,103,existing,910.3985171859871,161,67,194,155,existing,1197.8151783047288,161,66,194,259,existing,1235.490486083117
162,162,50,195,66,existing,19.060764007161026,162,50,195,199,existing,327.3416353172111,162,50,195,95,allocated,162.8948670549526,162,68,195,228,existing,174.65623970357453,162,64,195,228,existing,174.65623970357453,162,63,195,54,existing,482.0568918620605,162,66,195,259,existing,573.3213277857775,162,58,195,242,existing,1073.7414787947175,162,60,195,102,existing,937.9069397199814,162,67,195,155,existing,616.7734158565846,162,62,195,104,existing,1073.7279298140988,162,59,195,15,existing,1267.230951833186,162,61,195,103,existing,1265.1231163289858
163,163,44,197,150,existing,655.6869137304859,163,44,197,249,existing,1083.4455865916143,163,44,197,29,allocated,363.0345967585914,163,65,197,44,existing,758.840240632607,163,69,197,161,existing,858.9376049592328,163,70,197,13,existing,894.4143256998686,163,58,197,242,existing,1018.7620783600744,163,62,197,104,existing,1058.7868584898647,163,59,197,15,existing,1095.1967349016518,163,63,197,54,existing,1071.1162713287479,163,67,197,155,existing,1244.5778323643724,163,61,197,103,existing,1250.1820450047517,163,66,197,259,existing,1281.9908692579174
164,164,50,199,66,existing,346.40239932437214,164,50,199,199,existing,0.0,164,50,199,95,allocated,164.4467682622585,164,64,199,228,existing,501.9978750207856,164,68,199,228,existing,501.9978750207856,164,67,199,155,existing,789.1043086827943,164,63,199,54,existing,809.3985271792716,164,66,199,259,existing,821.7244391382968,164,60,199,102,existing,1107.6939052192554,164,58,199,242,existing,1243.5284442939915,164,62,199,104,existing,1243.5148953133728,164,61,199,103,existing,1434.9100818282598,164,59,199,15,existing,1437.01791733246
165,165,52,201,186,existing,253.0773159964714,165,52,201,202,existing,102.96524003034067,165,52,201,208,allocated,90.06745130116332,165,69,201,161,existing,229.29422605894177,165,70,201,13,existing,264.7709467995776,165,65,201,44,existing,402.40216206761056,165,59,201,15,existing,456.2428889977966,165,60,201,102,existing,805.5355072383582,165,62,201,104,existing,531.0403300956608,165,61,201,103,existing,722.4355166105477,165,58,201,242,existing,532.1198254526561,165,66,201,259,existing,1063.000812428567,165,67,201,155,existing,1018.6180705301922
166,166,52,202,186,existing,356.0425560268121,166,52,202,202,existing,0.0,166,52,202,202,allocated,0.0,166,69,202,161,existing,332.25946608928245,166,70,202,13,existing,367.7361868299183,166,59,202,15,existing,559.2081290281373,166,65,202,44,existing,505.36740209795124,166,60,202,102,existing,908.5007472686988,166,62,202,104,existing,634.0055701260015,166,58,202,242,existing,635.0850654829968,166,61,202,103,existing,825.4007566408883,166,66,202,259,existing,1165.9660524589078,166,67,202,155,existing,1121.583310560533
167,167,47,203,54,existing,392.1732041586925,167,47,203,57,existing,168.28483772679914,167,47,203,175,allocated,267.5241380291103,167,66,203,259,existing,279.90858901906364,167,63,203,54,existing,392.1732041586925,167,64,203,228,existing,493.2789567574374,167,68,203,228,existing,493.2789567574374,167,70,203,13,existing,832.7155597204319,167,69,203,161,existing,797.238838979796,167,58,203,242,existing,807.9019829670865,167,67,203,155,existing,560.1772587360058,167,62,203,104,existing,842.4993752006834,167,59,203,15,existing,1002.484500343169
168,168,44,204,150,existing,744.3366763220431,168,44,204,57,existing,597.4501837875487,168,44,204,96,allocated,313.2774351290735,168,66,204,259,existing,691.7308717975832,168,63,204,54,existing,804.6189533759318,168,65,204,44,existing,847.4900032241642,168,67,204,155,existing,848.9678143007959,168,69,204,161,existing,854.6226998943974,168,70,204,13,existing,890.0994206350333,168,58,204,242,existing,1007.9195913971944,168,62,204,104,existing,1042.893122643022,168,64,204,228,existing,1088.655037391205,168,68,204,228,existing,1088.655037391205
169,169,44,205,150,existing,764.1641459269458,169,44,205,57,existing,656.309207632019,169,44,205,96,allocated,372.1364589735439,169,63,205,54,existing,795.2417713955563,169,66,205,259,existing,799.255864409469,169,69,205,161,existing,940.1057553711762,169,65,205,44,existing,867.3174728290669,169,67,205,155,existing,956.4928069126815,169,70,205,13,existing,975.5824761118121,169,64,205,228,existing,1099.5013404904485,169,58,205,242,existing,1095.3041676448788,169,68,205,228,existing,1099.5013404904485,169,62,205,104,existing,1135.3289477746691
170,170,52,208,186,existing,241.4328019455582,170,52,208,202,existing,193.032691331504,170,52,208,208,allocated,0.0,170,69,208,161,existing,248.28947873345908,170,70,208,13,existing,283.76619947409495,170,65,208,44,existing,312.33471076644724,170,59,208,15,existing,484.54860867587814,170,60,208,102,existing,823.8716258612994,170,61,208,103,existing,741.4307692850649,170,58,208,242,existing,549.3628997379836,170,62,208,104,existing,550.0355827701782,170,66,208,259,existing,1080.2438867138949,170,67,208,155,existing,1036.9541891531335
171,171,54,210,47,existing,229.41317021863463,171,54,210,202,existing,352.75269970735485,171,54,210,48,allocated,138.96302389445577,171,70,210,13,existing,321.9399350159253,171,69,210,161,existing,357.4166557565611,171,62,210,104,existing,427.5417202576923,171,59,210,15,existing,394.2353029950047,171,65,210,44,existing,652.1896217446247,171,60,210,102,existing,702.0368974003895,171,58,210,242,existing,428.6212156146875,171,61,210,103,existing,618.936906772579,171,67,210,155,existing,915.1194606922236,171,66,210,259,existing,959.5022025905987
172,172,48,211,176,existing,142.98697935945938,172,48,211,57,existing,493.80264008886076,172,48,211,175,allocated,57.993664332951305,172,63,211,54,existing,182.6427304625335,172,64,211,228,existing,209.94909722457228,172,66,211,259,existing,485.81678261063223,172,68,211,228,existing,209.94909722457228,172,58,211,242,existing,1016.6977695865434,172,62,211,104,existing,1049.8242170535227,172,67,211,155,existing,565.7870161471938,172,69,211,161,existing,1122.7566413418576,172,70,211,13,existing,1158.2333620824934,172,60,211,102,existing,1186.9141607325334
173,173,46,212,55,existing,797.0602331987973,173,46,212,57,existing,1202.975837005647,173,46,212,29,allocated,106.14655859480692,173,63,212,54,existing,814.2282331649634,173,65,212,44,existing,1060.7290022111388,173,64,212,228,existing,1121.6288853234494,173,68,212,228,existing,1121.6288853234494,173,70,212,13,existing,1196.3030872784002,173,58,212,242,existing,1320.6508399386062,173,69,212,161,existing,1160.8263665377644,173,62,212,104,existing,1360.6756200683963,173,59,212,15,existing,1397.0854964801833,173,66,212,259,existing,1476.2927914288275
174,174,57,213,82,existing,516.9534466433906,174,57,213,249,existing,414.9103070751283,174,57,213,96,allocated,204.93018673925292,174,67,213,155,existing,547.4304933946753,174,69,213,161,existing,549.5364734915468,174,66,213,259,existing,583.3836234077626,174,70,213,13,existing,585.0131942321826,174,65,213,44,existing,724.0684574865757,174,62,213,104,existing,741.3558017369014,174,58,213,242,existing,704.7348857652493,174,63,213,54,existing,696.2717049861112,174,61,213,103,existing,932.7509882517882,174,59,213,15,existing,785.7956034339658
175,175,57,214,82,existing,501.6581057011342,175,57,214,249,existing,400.6370415513471,175,57,214,96,allocated,220.22552768150928,175,69,214,161,existing,534.2411325492903,175,67,214,155,existing,561.7692873241052,175,66,214,259,existing,598.678964350019,175,70,214,13,existing,569.7178532899262,175,63,214,54,existing,711.5670459283676,175,65,214,44,existing,708.7731165443192,175,58,214,242,existing,689.4395448229928,175,62,214,104,existing,727.0825362131203,175,59,214,15,existing,770.5002624917093,175,61,214,103,existing,918.477722728007
176,176,55,215,167,existing,359.03960017554044,176,55,215,249,existing,624.819725793613,176,55,215,149,allocated,350.4522438207349,176,60,215,102,existing,395.18611254692945,176,67,215,155,existing,465.84895192271796,176,58,215,242,existing,536.7782778206952,176,62,215,104,existing,536.7647288400766,176,61,215,103,existing,728.1599153549635,176,64,215,228,existing,763.9782643385041,176,68,215,228,existing,763.9782643385041,176,59,215,15,existing,730.2677508591638,176,66,215,259,existing,787.4244782462655,176,70,215,13,existing,835.5676563257518
177,177,44,216,150,existing,482.07001378648033,177,44,216,249,existing,531.6850070272925,177,44,216,96,allocated,351.2734931574547,177,65,216,44,existing,585.2233406886014,177,69,216,161,existing,658.0116232307107,177,70,216,13,existing,693.4883439713466,177,67,216,155,existing,692.8172528000506,177,63,216,54,existing,834.9660898428792,177,62,216,104,existing,853.2348156342035,177,66,216,259,existing,729.7269298259644,177,58,216,242,existing,813.2100355044132,177,59,216,15,existing,894.2707531731297,177,61,216,103,existing,1044.6300021490904
178,178,44,217,150,existing,507.6324776763704,178,44,217,249,existing,557.2474709171826,178,44,217,96,allocated,330.8850436540665,178,65,217,44,existing,610.7858045784915,178,69,217,161,existing,683.5740871206008,178,70,217,13,existing,719.0508078612366,178,67,217,155,existing,718.3797166899407,178,63,217,54,existing,809.4036259529892,178,58,217,242,existing,838.7724993943033,178,62,217,104,existing,878.7972795240936,178,66,217,259,existing,726.2340262436434,178,59,217,15,existing,919.8332170630198,178,61,217,103,existing,1070.1924660389805
179,179,44,218,150,existing,358.52254799587814,179,44,218,249,existing,786.2812208570065,179,44,218,150,allocated,358.52254799587814,179,65,218,44,existing,461.6758748979993,179,69,218,161,existing,561.7732392246251,179,58,218,242,existing,721.5977126254668,179,70,218,13,existing,597.2499599652609,179,61,218,103,existing,953.0176792701438,179,62,218,104,existing,761.622492755257,179,59,218,15,existing,798.0323691670441,179,67,218,155,existing,947.4134666297646,179,60,218,102,existing,996.1064387487825,179,66,218,259,existing,984.8265035233096
180,180,44,220,150,existing,791.1557336371776,180,44,220,249,existing,1218.9144064983059,180,44,220,29,allocated,227.56577685189976,180,65,220,44,existing,894.3090605392987,180,63,220,54,existing,935.6474514220563,180,69,220,161,existing,994.4064248659245,180,70,220,13,existing,1029.8831456065604,180,62,220,104,existing,1194.2556783965565,180,59,220,15,existing,1230.6655548083436,180,64,220,228,existing,1243.0481035805424,180,58,220,242,existing,1154.2308982667662,180,68,220,228,existing,1243.0481035805424,180,67,220,155,existing,1380.046652271064
181,181,50,221,66,existing,236.61275359519365,181,50,221,199,existing,219.10389079533851,181,50,221,95,allocated,54.65712253308001,181,64,221,228,existing,392.20822929160715,181,68,221,228,existing,392.20822929160715,181,67,221,155,existing,679.3146629536159,181,63,221,54,existing,699.6088814500931,181,66,221,259,existing,711.9347934091184,181,60,221,102,existing,997.904259490077,181,62,221,104,existing,1133.7252495841944,181,58,221,242,existing,1133.7387985648131,181,61,221,103,existing,1325.1204360990814,181,59,221,15,existing,1327.2282716032817
182,182,55,225,167,existing,212.1360010003126,182,55,225,249,existing,638.5626055904291,182,55,225,102,allocated,115.36595252215153,182,60,225,102,existing,115.36595252215153,182,62,225,104,existing,389.86112966484876,182,61,225,103,existing,581.2563161797357,182,58,225,242,existing,389.87467864546727,182,69,225,161,existing,691.6072337015678,182,67,225,155,existing,649.7490558004121,182,59,225,15,existing,583.3641516839359,182,70,225,13,existing,688.6640571505241,182,66,225,259,existing,876.1245453715463,182,68,225,228,existing,947.8783682161983
183,183,52,235,186,existing,57.53141308308096,183,52,235,202,existing,298.5111429437311,183,52,235,237,allocated,15.681238563189456,183,69,235,161,existing,33.74832314555133,183,70,235,13,existing,69.22504388618717,183,65,235,44,existing,284.6204856886654,183,59,235,15,existing,270.0074530879704,183,60,235,102,existing,609.9896043249677,183,62,235,104,existing,335.49442718227044,183,61,235,103,existing,526.8896136971572,183,58,235,242,existing,336.57392253926565,183,66,235,259,existing,867.4549095151767,183,67,235,155,existing,823.0721676168017
184,184,43,252,168,existing,229.05176660675488,184,43,252,249,existing,535.4916456939421,184,43,252,103,existing,17.650964517282134,184,61,252,103,existing,17.650964517282134,184,62,252,104,existing,209.04615103216895,184,58,252,242,existing,249.07093116195927,184,59,252,15,existing,402.54917305125616,184,70,252,13,existing,507.8490785178442,184,67,252,155,existing,696.6238914667002,184,69,252,161,existing,510.79225506888804,184,60,252,102,existing,483.5413281748662,184,66,252,259,existing,773.0535854750593,184,65,252,44,existing,829.1610639031048
185,185,46,256,55,existing,535.9569591504628,185,46,256,57,existing,739.499924019633,185,46,256,222,allocated,230.37979028377862,185,63,256,54,existing,553.124959116629,185,68,256,228,existing,857.9312027243632,185,66,256,259,existing,1020.7015302567379,185,64,256,228,existing,857.9312027243632,185,67,256,155,existing,1102.056756478956,185,65,256,44,existing,1154.312433207154,185,69,256,161,existing,1227.1007157492634,185,70,256,13,existing,1262.5774364898994,185,58,256,242,existing,1382.2991280229658,185,62,256,104,existing,1422.323908152756
186,186,51,258,278,existing,139.80279673667658,186,51,258,249,existing,299.3219061009673,186,51,258,266,allocated,104.95927672993959,186,58,258,242,existing,215.87734151716842,186,62,258,104,existing,255.90212164695873,186,69,258,161,existing,375.68842822751583,186,59,258,15,existing,410.45985889325084,186,61,258,103,existing,447.29730816184554,186,60,258,102,existing,490.38606764048416,186,67,258,155,existing,460.4541518737254,186,70,258,13,existing,411.1651489681517,186,65,258,44,existing,661.6835125635238,186,66,258,259,existing,502.3757191360515
187,187,48,259,176,existing,342.82980325117285,187,48,259,249,existing,237.5619397811172,187,48,259,5,allocated,143.83553422560158,187,66,259,259,existing,0.0,187,67,259,155,existing,370.08212610066425,187,64,259,228,existing,398.665088082203,187,68,259,228,existing,398.665088082203,187,62,259,104,existing,564.0074344428904,187,63,259,54,existing,662.0645582638642,187,58,259,242,existing,530.8809869759111,187,59,259,15,existing,725.4635043519936,187,61,259,103,existing,755.4026209577771,187,60,259,102,existing,760.7585928493947
188,188,53,260,155,existing,263.9186007384169,188,53,260,249,existing,131.39841441886986,188,53,260,5,allocated,38.05223235378189,188,66,260,259,existing,106.16352536224734,188,67,260,155,existing,263.9186007384169,188,58,260,242,existing,424.7174616136638,188,62,260,104,existing,457.843909080643,188,59,260,15,existing,619.2999789897463,188,61,260,103,existing,649.2390955955298,188,64,260,228,existing,504.82861344445035,188,68,260,228,existing,504.82861344445035,188,70,260,13,existing,724.5998844563342,188,60,260,102,existing,654.5950674871474
189,189,45,261,44,existing,280.2192898873043,189,45,261,202,existing,785.5866919852555,189,45,261,30,existing,195.05013992222177,189,65,261,44,existing,280.2192898873043,189,69,261,161,existing,598.588098721521,189,59,261,15,existing,834.8472286639401,189,70,261,13,existing,634.0648194621568,189,58,261,242,existing,891.554760976719,189,62,261,104,existing,900.33420275824,189,61,261,103,existing,1091.7293892731268,189,60,261,102,existing,1166.0634871000348,189,67,261,155,existing,1379.1460503918688,189,66,261,259,existing,1416.8213581702566
190,190,45,262,44,existing,384.2668414743955,190,45,262,202,existing,889.6342435723467,190,45,262,30,existing,299.097691509313,190,65,262,44,existing,384.2668414743955,190,69,262,161,existing,702.6356503086123,190,59,262,15,existing,938.8947802510313,190,70,262,13,existing,738.1123710492482,190,60,262,102,existing,1270.111038687126,190,62,262,104,existing,1004.3817543453314,190,61,262,103,existing,1195.776940860218,190,58,262,242,existing,995.6023125638102,190,67,262,155,existing,1483.19360197896,190,66,262,259,existing,1520.8689097573479
191,191,45,263,44,existing,294.59845361843537,191,45,263,202,existing,621.1987580064758,191,45,263,44,allocated,294.59845361843537,191,65,263,44,existing,294.59845361843537,191,69,263,161,existing,434.2001647427413,191,70,263,13,existing,469.6768854833772,191,59,263,15,existing,670.4592946851603,191,60,263,102,existing,1008.0483540978034,191,62,263,104,existing,735.9462687794605,191,61,263,103,existing,927.3414552943473,191,58,263,242,existing,733.5396279744876,191,67,263,155,existing,1221.1309173896375,191,66,263,259,existing,1264.4206149503989
192,192,44,264,150,existing,930.6587336587716,192,44,264,249,existing,1358.4174065199,192,44,264,29,allocated,270.39990516931056,192,63,264,54,existing,978.4815797394671,192,65,264,44,existing,1033.8120605608926,192,69,264,161,existing,1133.9094248875185,192,70,264,13,existing,1169.3861456281543,192,64,264,228,existing,1285.882231897953,192,68,264,228,existing,1285.882231897953,192,62,264,104,existing,1333.7586784181503,192,58,264,242,existing,1293.73389828836,192,67,264,155,existing,1519.549652292658,192,59,264,15,existing,1370.1685548299374
193,193,51,265,278,existing,42.52039950968894,193,51,265,249,existing,391.180840078397,193,51,265,266,allocated,7.676879502951953,193,58,265,242,existing,136.6689957636043,193,62,265,104,existing,176.69377589339462,193,70,265,13,existing,313.8827517411641,193,69,265,161,existing,278.40603100052823,193,61,265,103,existing,368.0889624082814,193,67,265,155,existing,552.3130858511552,193,60,265,102,existing,411.17772188692004,193,59,265,15,existing,331.2515131396868,193,65,265,44,existing,564.4011153365361,193,66,265,259,existing,594.2346531134812
194,194,57,267,82,existing,311.921462494792,194,57,267,249,existing,587.7735273275887,194,57,267,113,allocated,246.10982145610183,194,69,267,161,existing,344.5044893429482,194,70,267,13,existing,379.9812100835841,194,65,267,44,existing,539.8943272527056,194,58,267,242,existing,504.3289627437899,194,61,267,103,existing,735.748929388467,194,67,267,155,existing,748.9057731003468,194,59,267,15,existing,580.7636192853672,194,62,267,104,existing,544.3537428735801,194,66,267,259,existing,788.4156075563611,194,60,267,102,existing,778.8376888671056
195,195,53,268,155,existing,99.13504496067966,195,53,268,249,existing,260.2672907334378,195,53,268,149,allocated,306.5192186694602,195,67,268,155,existing,99.13504496067966,195,66,268,259,existing,469.21717106134395,195,68,268,228,existing,541.2522211136898,195,64,268,228,existing,541.2522211136898,195,62,268,104,existing,586.712785395211,195,61,268,103,existing,778.1079719100977,195,59,268,15,existing,780.2158074142982,195,58,268,242,existing,586.7263343758294,195,60,268,102,existing,783.4639438017153,195,63,268,54,existing,841.1698367611054
196,196,43,269,168,existing,278.0394977884226,196,43,269,249,existing,229.38359342193374,196,43,269,269,allocated,0.0,196,62,269,104,existing,298.0451133630085,196,58,269,242,existing,298.05866234362696,196,60,269,102,existing,407.7097340516942,196,67,269,155,existing,390.5158391946918,196,61,269,103,existing,489.4402998778953,196,59,269,15,existing,491.54813538209567,196,66,269,259,existing,466.94553320305096,196,70,269,13,existing,596.8480408486837,196,69,269,161,existing,599.7912173997275,196,68,269,228,existing,832.6330153477019
197,197,47,270,54,existing,248.3699428543132,197,47,270,57,existing,527.7208979790614,197,47,270,175,allocated,123.72087672473101,197,63,270,54,existing,248.3699428543132,197,68,270,228,existing,368.3923016679959,197,66,270,259,existing,638.636868897474,197,64,270,228,existing,368.3923016679959,197,69,270,161,existing,1156.6748992320584,197,58,270,242,existing,1167.338043219349,197,67,270,155,existing,718.6071024340354,197,70,270,13,existing,1192.151619972694,197,60,270,102,existing,1339.734247019375,197,62,270,104,existing,1201.9354354529457
198,198,51,271,278,existing,99.7101822969525,198,51,271,249,existing,333.9910572911335,198,51,271,266,allocated,64.8666622902155,198,58,271,242,existing,193.85877855086784,198,62,271,104,existing,233.88355868065815,198,70,271,13,existing,371.07253452842764,198,69,271,161,existing,335.59581378779177,198,67,271,155,existing,495.12330306389157,198,59,271,15,existing,388.4412959269503,198,60,271,102,existing,468.3675046741836,198,61,271,103,existing,425.27874519554496,198,66,271,259,existing,537.0448703262176,198,65,271,44,existing,621.5908981237997
199,199,48,272,176,existing,333.36744473116084,199,48,272,57,existing,362.9389109008676,199,48,272,5,allocated,241.45363503143315,199,66,272,259,existing,173.14460755360176,199,68,272,228,existing,389.202729562191,199,67,272,155,existing,456.10103154075944,199,64,272,228,existing,389.202729562191,199,63,272,54,existing,586.827277332761,199,62,272,104,existing,736.2938543413692,199,58,272,242,existing,703.1674068743899,199,59,272,15,existing,897.7499242504724,199,61,272,103,existing,927.6890408562559,199,60,272,102,existing,933.0450127478736
200,200,45,273,44,existing,302.8985260710879,200,45,273,202,existing,808.2659281690392,200,45,273,30,existing,217.7293761060054,200,65,273,44,existing,302.8985260710879,200,69,273,161,existing,621.2673349053047,200,59,273,15,existing,857.5264648477237,200,70,273,13,existing,656.7440556459405,200,61,273,103,existing,1114.4086254569106,200,62,273,104,existing,923.0134389420238,200,60,273,102,existing,1188.7427232838183,200,58,273,242,existing,914.2339971605026,200,67,273,155,existing,1401.8252865756522,200,66,273,259,existing,1439.5005943540405
201,201,52,274,186,existing,80.84550745315663,201,52,274,202,existing,349.5070682910712,201,52,274,117,allocated,51.50709693155722,201,69,274,161,existing,89.43614201383579,201,70,274,13,existing,124.91286275447163,201,59,274,15,existing,325.6952719562548,201,65,274,44,existing,228.93266682038092,201,61,274,103,existing,582.5774325654417,201,62,274,104,existing,391.1822460505549,201,60,274,102,existing,663.2843313688978,201,58,274,242,existing,388.7756052455821,201,67,274,155,existing,876.3668946607318,201,66,274,259,existing,919.6565922214932
202,202,45,277,44,existing,361.35231537699906,202,45,277,202,existing,866.7197174749502,202,45,277,30,existing,276.18316541191655,202,65,277,44,existing,361.35231537699906,202,69,277,161,existing,679.7211242112157,202,59,277,15,existing,915.9802541536347,202,70,277,13,existing,715.1978449518515,202,60,277,102,existing,1247.1965125897295,202,62,277,104,existing,981.4672282479348,202,58,277,242,existing,972.6877864664137,202,61,277,103,existing,1172.8624147628216,202,66,277,259,existing,1497.9543836599514,202,67,277,155,existing,1460.2790758815636
203,203,44,279,150,existing,585.9666991580114,203,44,279,202,existing,1108.3800389444846,203,44,279,177,allocated,501.24846404529245,203,65,279,44,existing,603.0126368465335,203,69,279,161,existing,897.5227670899559,203,70,279,13,existing,932.9994878305918,203,59,279,15,existing,1133.781897032375,203,61,279,103,existing,1390.6640576415616,203,62,279,104,existing,1199.268871126675,203,58,279,242,existing,1181.6697749448517,203,67,279,155,existing,1438.4794456406673,203,60,279,102,existing,1456.1785010681674,203,66,279,259,existing,1475.8924825342124
204,204,55,280,167,existing,483.2139865048411,204,55,280,249,existing,909.6405910949577,204,55,280,102,allocated,401.17668701656527,204,60,280,102,existing,401.17668701656527,204,62,280,104,existing,660.9391151693773,204,58,280,242,existing,660.9526641499958,204,61,280,103,existing,852.3343016842641,204,67,280,155,existing,898.2555482385947,204,59,280,15,existing,854.4421371884645,204,70,280,13,existing,959.7420426550525,204,69,280,161,existing,962.6852192060963,204,66,280,259,existing,1147.202530876075,204,68,280,228,existing,1196.384860654381
205,205,52,282,186,existing,262.7854007241333,205,52,282,202,existing,214.38529011007904,205,52,282,208,allocated,92.27713830792223,205,69,282,161,existing,269.6420775120342,205,70,282,13,existing,305.11879825267,205,59,282,15,existing,505.90120745445324,205,65,282,44,existing,404.6118490743695,205,58,282,242,existing,570.7154985165587,205,61,282,103,existing,762.78336806364,205,60,282,102,existing,845.2242246398744,205,62,282,104,existing,571.3881815487532,205,66,282,259,existing,1101.5964854924698,205,67,282,155,existing,1058.3067879317084
206,206,45,283,44,existing,200.57429441923966,206,45,283,202,existing,705.941696517191,206,45,283,44,allocated,200.57429441923966,206,65,283,44,existing,200.57429441923966,206,69,283,161,existing,518.9431032534563,206,70,283,13,existing,554.4198239940922,206,59,283,15,existing,755.2022331958754,206,62,283,104,existing,820.6892072901755,206,58,283,242,existing,818.2825664852027,206,60,283,102,existing,1092.7912926085185,206,61,283,103,existing,1012.0843938050623,206,67,283,155,existing,1305.8738559003523,206,66,283,259,existing,1349.1635534611137
