,assign_from_var_id_grocery,assign_to_var_id_grocery,assign_from_node_id_grocery,assign_to_node_id_grocery,assign_type_grocery,dist_grocery,assign_from_var_id_school,assign_to_var_id_school,assign_from_node_id_school,assign_to_node_id_school,assign_type_school,dist_school,assign_from_var_id_healthcare,assign_to_var_id_healthcare,assign_from_node_id_healthcare,assign_to_node_id_healthcare,assign_type_healthcare,dist_healthcare,0_assign_from_var_id_restaurant,0_assign_to_var_id_restaurant,0_assign_from_node_id_restaurant,0_assign_to_node_id_restaurant,0_assign_type_restaurant,0_dist_restaurant,1_assign_from_var_id_restaurant,1_assign_to_var_id_restaurant,1_assign_from_node_id_restaurant,1_assign_to_node_id_restaurant,1_assign_type_restaurant,1_dist_restaurant,2_assign_from_var_id_restaurant,2_assign_to_var_id_restaurant,2_assign_from_node_id_restaurant,2_assign_to_node_id_restaurant,2_assign_type_restaurant,2_dist_restaurant,3_assign_from_var_id_restaurant,3_assign_to_var_id_restaurant,3_assign_from_node_id_restaurant,3_assign_to_node_id_restaurant,3_assign_type_restaurant,3_dist_restaurant,4_assign_from_var_id_restaurant,4_assign_to_var_id_restaurant,4_assign_from_node_id_restaurant,4_assign_to_node_id_restaurant,4_assign_type_restaurant,4_dist_restaurant,5_assign_from_var_id_restaurant,5_assign_to_var_id_restaurant,5_assign_from_node_id_restaurant,5_assign_to_node_id_restaurant,5_assign_type_restaurant,5_dist_restaurant
0,0,70,0,320,allocated,335.24323403725333,0,70,0,248,allocated,535.1383322820807,0,70,0,320,allocated,335.24323403725333,0,58,0,271,allocated,686.7727649438441,0,33,0,150,allocated,843.1952882599885,0,49,0,234,allocated,1084.2478585575811,0,95,0,273,existing,1323.5583105368999,0,94,0,394,existing,1627.7902656813044,0,93,0,47,existing,1712.3313959764928
1,1,70,1,320,allocated,419.8785042640633,1,70,1,248,allocated,450.50306205527073,1,70,1,320,allocated,419.8785042640633,1,58,1,271,allocated,602.1374947170341,1,33,1,150,allocated,758.5600180331785,1,49,1,234,allocated,1023.8725851211368,1,95,1,273,existing,1238.9230403100898,1,94,1,394,existing,1712.4255359081144,1,93,1,47,existing,1627.6961257496828
2,2,44,3,215,allocated,401.01321433241,2,44,3,375,existing,361.36511552354403,2,44,3,42,allocated,141.34656623779367,2,33,3,150,allocated,379.66354301308314,2,58,3,271,allocated,536.0860663292275,2,49,3,234,allocated,1038.6576421735037,2,95,3,273,existing,771.8191295857703,2,93,3,47,existing,1884.5940704755385,2,94,3,394,existing,2160.871882536418
3,3,0,4,5,allocated,70.87294681792903,3,0,4,231,allocated,87.68121407229091,3,0,4,60,allocated,69.66062530625932,3,94,4,394,existing,610.8061061716555,3,95,4,273,existing,778.2466467789923,3,58,4,271,allocated,1557.5111446063142,3,49,4,234,allocated,843.5521591603557,3,33,4,150,allocated,1713.9336679224587,3,93,4,47,existing,2449.331385713229
4,4,0,5,5,allocated,0.0,4,0,5,231,allocated,16.80826725436188,4,0,5,5,allocated,0.0,4,94,5,394,existing,681.6790529895845,4,95,5,273,existing,707.3736999610633,4,58,5,271,allocated,1486.6381977883852,4,49,5,234,allocated,772.6792123424267,4,93,5,47,existing,2520.204332531158,4,33,5,150,allocated,1643.0607211045296
5,5,0,6,5,allocated,132.56911353206496,5,0,6,231,allocated,115.76084627770308,5,0,6,6,allocated,0.0,5,95,6,273,existing,574.8045864289983,5,49,6,234,allocated,668.1150672407942,5,94,6,394,existing,814.2481665216494,5,58,6,271,allocated,1354.0690842563204,5,33,6,150,allocated,1510.4916075724645,5,93,6,47,existing,2604.9707040891467
6,6,0,8,5,allocated,135.44262470752312,6,0,8,231,allocated,118.63435745316124,6,0,8,6,allocated,30.878479605890753,6,95,8,273,existing,605.6830660348891,6,49,8,234,allocated,637.2365876349036,6,94,8,394,existing,814.3478193423962,6,58,8,271,allocated,1384.9475638622112,6,93,8,47,existing,2574.092224483256,6,33,8,150,allocated,1541.3700871783553
7,7,0,9,5,allocated,225.6700307785605,7,0,9,231,allocated,208.86176352419858,7,0,9,20,allocated,99.77013935868223,7,49,9,234,allocated,547.0091815638662,7,95,9,273,existing,653.4990295434469,7,94,9,394,existing,904.5752254134336,7,58,9,271,allocated,1339.892688102306,7,33,9,150,allocated,1496.3152114184504,7,93,9,47,existing,2483.8648184122185
8,8,0,13,5,allocated,389.36015691330226,8,0,13,231,allocated,372.55188965894035,8,0,13,116,allocated,125.57922590492862,8,49,13,234,allocated,498.63911030670533,8,95,13,273,existing,572.6214429885744,8,94,13,394,existing,1071.0038617639111,8,58,13,271,allocated,1259.1429858234692,8,33,13,150,allocated,1415.5655091396134,8,93,13,47,existing,2422.6542986719155
9,9,70,14,320,allocated,404.7317834726291,9,70,14,219,existing,487.3614552561488,9,70,14,234,allocated,344.2728410476988,9,49,14,234,allocated,344.2728410476988,9,95,14,273,existing,633.4634681509439,9,58,14,271,allocated,1036.5667324821552,9,33,14,150,allocated,1192.9892557982994,9,93,14,47,existing,2087.486482061108,9,94,14,394,existing,1235.4751528583201
10,10,70,15,320,allocated,358.2438963235363,10,70,15,219,existing,533.8493424052416,10,70,15,320,allocated,358.2438963235363,10,49,15,234,allocated,390.76072819679155,10,95,15,273,existing,679.9513553000365,10,58,15,271,allocated,1083.0546196312478,10,33,15,150,allocated,1239.4771429473922,10,94,15,394,existing,1281.9630400074127,10,93,15,47,existing,2133.9743692102006
11,11,0,18,5,allocated,503.60025128851805,11,0,18,44,existing,436.4540510671161,11,0,18,59,allocated,423.68558281914954,11,94,18,394,existing,837.3774008655644,11,49,18,234,allocated,871.4135646241169,11,95,18,273,existing,977.9034126036976,11,58,18,271,allocated,1664.297071162557,11,33,18,150,allocated,1820.719594478701,11,93,18,47,existing,2628.190658150609
12,12,0,19,5,allocated,455.0781821470048,12,0,19,44,existing,387.9319819256028,12,0,19,59,allocated,375.1635136776363,12,94,19,394,existing,788.8553317240511,12,49,19,234,allocated,919.9356337656302,12,58,19,271,allocated,1712.81914030407,12,95,19,273,existing,1026.4254817452108,12,93,19,47,existing,2627.380611265624,12,33,19,150,allocated,1869.2416636202142
13,13,0,20,5,allocated,325.4401701372427,13,0,20,231,allocated,308.6319028828808,13,0,20,20,allocated,0.0,13,49,20,234,allocated,447.239042205184,13,95,20,273,existing,553.7288901847646,13,58,20,271,allocated,1240.1225487436236,13,94,20,394,existing,1004.3453647721158,13,33,20,150,allocated,1396.5450720597682,13,93,20,47,existing,2384.0946790535363
14,14,89,22,273,existing,341.5204651293925,14,89,22,231,allocated,411.2999627431508,14,89,22,351,allocated,79.60854419961275,14,95,22,273,existing,341.5204651293925,14,49,22,234,allocated,653.1193918305072,14,58,22,271,allocated,1119.3818232144347,14,94,22,394,existing,1109.7872829870971,14,33,22,150,allocated,1220.387308048749,14,93,22,47,existing,2468.89418819401
15,15,90,24,273,existing,334.73040544950084,15,90,24,375,existing,233.45347299994125,15,90,24,355,allocated,193.4435400840909,15,95,24,273,existing,334.73040544950084,15,58,24,271,allocated,444.5340923778212,15,49,24,234,allocated,510.6376507643397,15,33,24,150,allocated,600.9566156939655,15,94,24,394,existing,1723.7831584001485,15,93,24,47,existing,1794.0464573573963
16,16,44,25,215,allocated,433.6656508065427,16,44,25,215,existing,433.6656508065427,16,44,25,42,allocated,398.737789312874,16,33,25,150,allocated,412.3159794872159,16,58,25,271,allocated,568.7385028033602,16,49,25,234,allocated,1296.048865248584,16,95,25,273,existing,1029.2103526608505,16,93,25,47,existing,1917.2465069496714,16,94,25,394,existing,2418.2631056114983
17,17,44,26,215,allocated,503.06922827047606,17,44,26,215,existing,503.06922827047606,17,44,26,42,allocated,468.14136677680733,17,33,26,150,allocated,481.71955695114923,17,58,26,271,allocated,638.1420802672936,17,95,26,273,existing,1098.613930124784,17,49,26,234,allocated,1365.4524427125175,17,94,26,394,existing,2487.6666830754316,17,93,26,47,existing,1986.6500844136049
18,18,44,27,215,allocated,238.0419380257714,18,44,27,149,existing,182.29660574215413,18,44,27,150,allocated,99.06717375607471,18,33,27,150,allocated,99.06717375607471,18,58,27,271,allocated,255.4896970722191,18,95,27,273,existing,1034.754194899541,18,49,27,234,allocated,1141.4255843416186,18,93,27,47,existing,1603.3008694482326,18,94,27,394,existing,2423.806947850189
19,19,44,28,215,allocated,171.31164551529665,19,44,28,215,existing,171.31164551529665,19,44,28,150,allocated,165.7974662665495,19,33,28,150,allocated,165.7974662665495,19,58,28,271,allocated,322.2199895826938,19,95,28,273,existing,1001.5206984028836,19,49,28,234,allocated,1208.1558768520933,19,94,28,394,existing,2390.5734513535317,19,93,28,47,existing,1670.0311619587073
20,20,44,29,215,allocated,377.61679061821997,20,44,29,215,existing,377.61679061821997,20,44,29,204,allocated,263.1273298558562,20,33,29,150,allocated,714.7259024000662,20,58,29,271,allocated,871.1484257162106,20,49,29,234,allocated,1662.3891333879983,20,95,29,273,existing,1395.5506208002646,20,94,29,394,existing,2784.603373750913,20,93,29,47,existing,2008.9558793666115
21,21,44,30,215,allocated,512.2084662889821,21,44,30,100,allocated,340.6751023187452,21,44,30,100,allocated,340.6751023187452,21,33,30,150,allocated,818.8368143824276,21,58,30,271,allocated,975.259337698572,21,49,30,234,allocated,1527.7974577172363,21,95,30,273,existing,1260.9589451295024,21,93,30,47,existing,2143.5475550373735,21,94,30,394,existing,2650.011698080151
22,22,88,31,34,existing,402.37202210404047,22,88,31,149,existing,660.9840712712708,22,88,31,31,allocated,0.0,22,33,31,150,allocated,577.7546392851914,22,58,31,271,allocated,734.1771626013357,22,95,31,273,existing,1513.4416604286578,22,93,31,47,existing,1213.4090272967107,22,94,31,394,existing,2891.558813136548,22,49,31,234,allocated,1608.8642394912597
23,23,91,35,276,existing,598.8705347581498,23,91,35,248,allocated,169.56245552871556,23,91,35,248,allocated,169.56245552871556,23,58,35,271,allocated,321.19688819047894,23,33,35,150,allocated,477.61941150662335,23,95,35,273,existing,957.9824337835347,23,49,35,234,allocated,742.9319785945817,23,93,35,47,existing,1346.7555192231275,23,94,35,394,existing,1993.3661424346697
24,24,91,36,276,existing,701.4053106404859,24,91,36,248,allocated,272.09723141105167,24,91,36,248,allocated,272.09723141105167,24,58,36,271,allocated,423.7316640728151,24,33,36,150,allocated,580.1541873889594,24,95,36,273,existing,1060.5172096658707,24,49,36,234,allocated,845.4667544769178,24,93,36,47,existing,1449.2902951054634,24,94,36,394,existing,2095.9009183170056
25,25,44,37,215,allocated,772.6002565202847,25,44,37,100,allocated,321.99494940659594,25,44,37,37,allocated,0.0,25,33,37,150,allocated,833.0982190913309,25,58,37,271,allocated,989.5207424074753,25,49,37,234,allocated,1509.1173048050869,25,95,37,273,existing,1242.2787922173532,25,94,37,394,existing,2631.331545168001,25,93,37,47,existing,2337.3319147834886
26,26,44,39,215,allocated,612.896603642851,26,44,39,375,existing,329.1456496508129,26,44,39,66,allocated,79.99053106747078,26,58,39,271,allocated,497.8541299037958,26,33,39,150,allocated,591.5469323235243,26,95,39,273,existing,709.762397492027,26,49,39,234,allocated,891.8211050150713,26,93,39,47,existing,1847.3664948833712,26,94,39,394,existing,2098.815150442675
27,27,44,40,215,allocated,538.8647971129956,27,44,40,375,existing,255.11384312095743,27,44,40,42,allocated,35.09529383520702,27,33,40,150,allocated,517.5151257936686,27,58,40,271,allocated,571.8859364336514,27,49,40,234,allocated,932.4063697709172,27,95,40,273,existing,665.5678571831836,27,93,40,47,existing,1921.3983014132268,27,94,40,394,existing,2054.620610133831
28,28,44,42,215,allocated,542.3597805702036,28,44,42,375,existing,220.0185492857504,28,44,42,42,allocated,0.0,28,33,42,150,allocated,521.0101092508768,28,58,42,271,allocated,606.9812302688584,28,49,42,234,allocated,897.3110759357102,28,95,42,273,existing,630.4725633479766,28,94,42,394,existing,2019.5253162986244,28,93,42,47,existing,1956.4935952484338
29,29,44,43,215,allocated,731.2570786714009,29,44,43,375,existing,408.9158473869476,29,44,43,42,allocated,188.8972981011972,29,33,43,150,allocated,709.907407352074,29,58,43,271,allocated,795.8785283700555,29,49,43,234,allocated,1086.2083740369073,29,95,43,273,existing,819.3698614491739,29,94,43,394,existing,2208.4226143998217,29,93,43,47,existing,2145.390893349631
30,30,0,44,5,allocated,434.7414765164995,30,0,44,44,existing,0.0,30,0,44,108,allocated,279.5426880336912,30,49,44,234,allocated,598.3847016097315,30,95,44,273,existing,704.874549589312,30,94,44,394,existing,830.8158238870452,30,58,44,271,allocated,1391.2682081481712,30,93,44,47,existing,2535.240338458084,30,33,44,150,allocated,1547.6907314643156
31,31,0,45,5,allocated,504.8539014285336,31,0,45,44,existing,70.11242491203409,31,0,45,108,allocated,209.4302631216571,31,49,45,234,allocated,528.2722766976973,31,95,45,273,existing,634.7621246772779,31,94,45,394,existing,900.9282487990793,31,58,45,271,allocated,1321.155783236137,31,93,45,47,existing,2465.1279135460495,31,33,45,150,allocated,1477.5783065522814
32,32,88,46,34,existing,876.6939536437342,32,88,46,248,allocated,1429.1430622335504,32,88,46,46,allocated,0.0,32,93,46,47,existing,65.65694845106405,32,58,46,271,allocated,1415.1693134306395,32,94,46,394,existing,1772.868331090509,32,33,46,150,allocated,1570.5874759135195,32,49,46,234,allocated,2002.5125852994165,32,95,46,273,existing,2194.433811257961
33,33,88,47,34,existing,811.03700519267,33,88,47,248,allocated,1363.4861137824862,33,88,47,47,allocated,0.0,33,93,47,47,existing,0.0,33,58,47,271,allocated,1349.5123649795753,33,94,47,394,existing,1838.5252795415731,33,33,47,150,allocated,1504.9305274624553,33,95,47,273,existing,2128.776862806897,33,49,47,234,allocated,1936.8556368483523
34,34,44,53,215,allocated,261.1981047465419,34,44,53,215,existing,261.1981047465419,34,44,53,204,allocated,22.62732255657404,34,33,53,150,allocated,598.3072165283882,34,58,53,271,allocated,754.7297398445324,34,95,53,273,existing,1419.7774907270116,34,49,53,234,allocated,1640.6656271139318,34,93,53,47,existing,1892.5371934949333,34,94,53,394,existing,2808.8302436776594
35,35,90,55,273,existing,468.38440469786315,35,90,55,90,existing,226.53074985435714,35,90,55,55,allocated,0.0,35,95,55,273,existing,468.38440469786315,35,49,55,234,allocated,735.2229172855967,35,33,55,150,allocated,882.8153897206962,35,58,55,271,allocated,920.3305491451567,35,93,55,47,existing,2269.842914124732,35,94,55,394,existing,1822.2765119201856
36,36,0,56,5,allocated,373.0552456279048,36,0,56,44,existing,305.90904540650286,36,0,56,59,allocated,293.14057715853625,36,94,56,394,existing,706.8323952049511,36,49,56,234,allocated,904.2937470162342,36,58,56,271,allocated,1697.1772535546738,36,95,56,273,existing,1010.783594995815,36,93,56,47,existing,2545.357674746524,36,33,56,150,allocated,1853.5997768708185
37,37,70,58,320,allocated,77.9824368100495,37,70,58,155,existing,589.1769154359732,37,70,58,320,allocated,77.9824368100495,37,49,58,234,allocated,671.0221877102784,37,95,58,273,existing,960.2128148135234,37,94,58,394,existing,1214.5645948340016,37,58,58,271,allocated,1099.998435791147,37,93,58,47,existing,2125.5570668237956,37,33,58,150,allocated,1256.4209591072913
38,38,0,59,5,allocated,232.90721360771272,38,0,59,231,allocated,249.71548086207463,38,0,59,59,allocated,0.0,38,94,59,394,existing,448.77183938187176,38,95,59,273,existing,940.280913568776,38,49,59,234,allocated,1003.5749903170484,38,58,59,271,allocated,1719.545411396098,38,93,59,47,existing,2287.297118923445,38,33,59,150,allocated,1875.9679347122424
39,39,0,60,5,allocated,140.53357212418837,39,0,60,231,allocated,157.34183937855025,39,0,60,60,allocated,0.0,39,94,60,394,existing,541.1454808653962,39,95,60,273,existing,847.9072720852516,39,49,60,234,allocated,913.2127844666151,39,58,60,271,allocated,1627.1717699125736,39,93,60,47,existing,2379.6707604069697,39,33,60,150,allocated,1783.594293228718
40,40,70,61,320,allocated,572.8058201450683,40,70,61,248,allocated,488.97531362065405,40,70,61,248,allocated,488.97531362065405,40,58,61,271,allocated,649.7814878664212,40,33,61,150,allocated,806.2040111825655,40,95,61,273,existing,1204.146912875222,40,49,61,234,allocated,902.4909990810216,40,93,61,47,existing,1700.7012374453739,40,94,61,394,existing,1518.8489730482665
41,41,70,62,320,allocated,646.3552920565262,41,70,62,248,allocated,415.42584170919616,41,70,62,248,allocated,415.42584170919616,41,58,62,271,allocated,576.2320159549633,41,33,62,150,allocated,732.6545392711076,41,95,62,273,existing,1211.9936193082312,41,49,62,234,allocated,976.0404709924794,41,93,62,47,existing,1627.1517655339162,41,94,62,394,existing,1592.3984449597247
42,42,0,63,5,allocated,457.35585173354923,42,0,63,44,existing,390.2096515121473,42,0,63,59,allocated,377.4411832641807,42,94,63,394,existing,791.1330013105955,42,49,63,234,allocated,988.5943531218787,42,58,63,271,allocated,1781.4778596603185,42,95,63,273,existing,1095.0842011014595,42,93,63,47,existing,2560.2622789399393,42,33,63,150,allocated,1937.9003829764629
43,43,44,67,215,allocated,652.5877244758219,43,44,67,375,existing,368.83677048378377,43,44,67,66,allocated,40.29941023449994,43,58,67,271,allocated,458.1630090708249,43,33,67,150,allocated,559.1684939051393,43,95,67,273,existing,670.0712766590561,43,49,67,234,allocated,852.1299841821004,43,94,67,394,existing,2059.124029609704,43,93,67,47,existing,1807.6753740504
44,44,70,68,320,allocated,454.7973833119206,44,70,68,219,existing,437.2958554168573,44,70,68,234,allocated,294.2072412084073,44,49,68,234,allocated,294.2072412084073,44,95,68,273,existing,583.3978683116522,44,58,68,271,allocated,986.5011326428636,44,33,68,150,allocated,1142.9236559590079,44,94,68,394,existing,1285.5407526976117,44,93,68,47,existing,2037.4208822218166
45,45,70,69,320,allocated,473.0679716436971,45,70,69,248,allocated,397.3135946756369,45,70,69,248,allocated,397.3135946756369,45,58,69,271,allocated,548.9480273374004,45,33,69,150,allocated,705.3705506535447,45,95,69,273,existing,1185.7335729304561,45,49,69,234,allocated,970.6831177415031,45,93,69,47,existing,1574.5066583700489,45,94,69,394,existing,1765.615003287748
46,46,89,71,273,existing,550.5540775812879,46,89,71,248,allocated,397.77388997551355,46,89,71,71,allocated,0.0,46,58,71,271,allocated,521.5604216991384,46,49,71,234,allocated,534.5053630749138,46,95,71,273,existing,550.5540775812879,46,33,71,150,allocated,677.9829450152828,46,94,71,394,existing,1801.7661136699649,46,93,71,47,existing,1583.8292312136978
47,47,44,75,215,allocated,460.6865995792438,47,44,75,100,allocated,222.61866463542208,47,44,75,100,allocated,222.61866463542208,47,33,75,150,allocated,521.18456215029,47,58,75,271,allocated,677.6070854664343,47,49,75,234,allocated,1409.741020033913,47,95,75,273,existing,1142.9025074461792,47,93,75,47,existing,2025.418257842448,47,94,75,394,existing,2531.9552603968277
48,48,44,76,215,allocated,505.6696492620507,48,44,76,100,allocated,177.6356149526152,48,44,76,100,allocated,177.6356149526152,48,33,76,150,allocated,566.1676118330969,48,58,76,271,allocated,722.5901351492412,48,49,76,234,allocated,1364.7579703511062,48,95,76,273,existing,1097.9194577633725,48,93,76,47,existing,2070.4013075252547,48,94,76,394,existing,2486.9722107140205
49,49,44,81,215,allocated,336.41357321819385,49,44,81,215,existing,336.41357321819385,49,44,81,42,allocated,205.9462073520098,49,33,81,150,allocated,315.063901898867,49,58,81,271,allocated,471.48642521501137,49,95,81,273,existing,836.4187706999865,49,49,81,234,allocated,1103.25728328772,49,94,81,394,existing,2225.4715236506345,49,93,81,47,existing,1819.9944293613223
50,50,44,82,215,allocated,288.64382103193617,50,44,82,215,existing,288.64382103193617,50,44,82,42,allocated,253.71595953826744,50,33,82,150,allocated,267.29414971260934,50,58,82,271,allocated,423.7166730287537,50,49,82,234,allocated,1151.0270354739775,50,95,82,273,existing,884.1885228862441,50,93,82,47,existing,1772.2246771750647,50,94,82,394,existing,2273.241275836892
51,51,90,83,273,existing,335.77910049563053,51,90,83,90,existing,170.4789637923605,51,90,83,83,allocated,0.0,51,95,83,273,existing,335.77910049563053,51,49,83,234,allocated,647.3780271967452,51,33,83,150,allocated,1159.4193368956492,51,58,83,271,allocated,1113.6404585806727,51,93,83,47,existing,2463.152823560248,51,94,83,394,existing,1425.2667982734679
52,52,90,84,273,existing,278.73270830748726,52,90,84,90,existing,227.52535598050375,52,90,84,84,allocated,0.0,52,95,84,273,existing,278.73270830748726,52,49,84,234,allocated,590.3316350086019,52,33,84,150,allocated,1157.5995512268437,52,58,84,271,allocated,1056.5940663925294,52,93,84,47,existing,2406.106431372105,52,94,84,394,existing,1482.3131904616112
53,53,89,85,273,existing,589.5582387673833,53,89,85,149,existing,395.426024027387,53,89,85,66,allocated,40.21362765717293,53,58,85,271,allocated,377.64997117915203,53,33,85,150,allocated,478.6554560134664,53,49,85,234,allocated,771.6169462904276,53,95,85,273,existing,589.5582387673833,53,93,85,47,existing,1727.1623361587272,53,94,85,394,existing,1978.610991718031
54,54,0,87,5,allocated,725.7500625463001,54,0,87,155,existing,594.2837395029704,54,0,87,158,allocated,426.97507174441637,54,49,87,234,allocated,896.9425944939197,54,95,87,273,existing,1003.4324424735003,54,58,87,271,allocated,1606.719337717506,54,94,87,394,existing,1050.4309072131582,54,33,87,150,allocated,1763.1418610336505,54,93,87,47,existing,2295.6533802680747
55,55,70,88,320,allocated,668.1646737941741,55,70,88,155,existing,529.4444108737363,55,70,88,158,allocated,491.8144003736505,55,49,88,234,allocated,832.1032658646856,55,95,88,273,existing,938.5931138442661,55,94,88,394,existing,1115.2702358423924,55,58,88,271,allocated,1541.880009088272,55,33,88,150,allocated,1698.3025324044163,55,93,88,47,existing,2230.8140516388403
56,56,89,90,273,existing,241.85365484350604,56,89,90,90,existing,0.0,56,89,90,222,allocated,93.24181470374606,56,95,90,273,existing,241.85365484350604,56,49,90,234,allocated,508.69216743123957,56,58,90,271,allocated,969.7533950231712,56,33,90,150,allocated,988.9403731032885,56,93,90,47,existing,2319.2657600027464,56,94,90,394,existing,1595.7457620658283
57,57,90,93,273,existing,705.9621895277933,57,90,93,375,existing,295.50817546556704,57,90,93,376,allocated,73.31718195027817,57,95,93,273,existing,705.9621895277933,57,33,93,150,allocated,878.8175388658783,57,58,93,271,allocated,941.8618538301805,57,49,93,234,allocated,972.8007021155269,57,93,93,47,existing,2291.374218809756,57,94,93,394,existing,2095.0149424784413
58,58,90,94,273,existing,789.777538493837,58,90,94,375,existing,379.32352443161085,58,90,94,376,allocated,157.13253091632197,58,95,94,273,existing,789.777538493837,58,33,94,150,allocated,837.6980058340305,58,49,94,234,allocated,1056.6160510815705,58,58,94,271,allocated,994.1205291501749,58,94,94,394,existing,2178.830291444485,58,93,94,47,existing,2342.6285332964862
59,59,90,95,273,existing,562.4933897503729,59,90,95,248,allocated,322.4750600166078,59,90,95,96,allocated,45.051786897926085,59,49,95,234,allocated,250.8944630492582,59,95,95,273,existing,562.4933897503729,59,58,95,271,allocated,635.0414242201413,59,33,95,150,allocated,791.4639475362857,59,94,95,394,existing,1680.0949885460348,59,93,95,47,existing,1685.961173799094
60,60,90,96,273,existing,607.5451766482989,60,90,96,248,allocated,277.4232731186817,60,90,96,96,allocated,0.0,60,49,96,234,allocated,295.9462499471843,60,58,96,271,allocated,589.9896373222152,60,95,96,273,existing,607.5451766482989,60,33,96,150,allocated,746.4121606383596,60,93,96,47,existing,1640.909386901168,60,94,96,394,existing,1725.146775443961
61,61,91,98,276,existing,406.2036812924492,61,91,98,248,allocated,192.24754109849565,61,91,98,145,allocated,81.49227086920793,61,58,98,271,allocated,149.73621583512247,61,33,98,150,allocated,299.7385764698761,61,95,98,273,existing,929.0007136624445,61,49,98,234,allocated,765.6170641643616,61,93,98,47,existing,1205.1919509925792,61,94,98,394,existing,2048.31163780965
62,62,70,99,320,allocated,616.3199304003963,62,70,99,155,existing,477.59966747995844,62,70,99,158,allocated,543.6591437674283,62,49,99,234,allocated,780.2585224709077,62,95,99,273,existing,886.7483704504883,62,94,99,394,existing,1140.756191269297,62,58,99,271,allocated,1490.035265694494,62,93,99,47,existing,2178.969308245063,62,33,99,150,allocated,1646.4577890106384
63,63,0,106,5,allocated,538.3476993735113,63,0,106,44,existing,103.60622285701183,63,0,106,108,allocated,175.93646517667935,63,49,106,234,allocated,494.7784787527196,63,95,106,273,existing,601.2683267323002,63,94,106,394,existing,934.4220467440571,63,58,106,271,allocated,1287.6619852911595,63,33,106,150,allocated,1444.0845086073036,63,93,106,47,existing,2431.6341156010717
64,64,0,109,5,allocated,396.12458208575293,64,0,109,44,existing,370.8330333281377,64,0,109,20,allocated,70.68441194851022,64,49,109,234,allocated,376.5546302566737,64,95,109,273,existing,483.04447823625446,64,94,109,394,existing,1075.0297767206262,64,58,109,271,allocated,1169.4381367951135,64,93,109,47,existing,2313.410267105026,64,33,109,150,allocated,1325.8606601112579
65,65,90,111,273,existing,544.9146986509846,65,90,111,155,existing,148.00143003962611,65,90,111,108,allocated,119.5828370953638,65,49,111,234,allocated,438.424850671404,65,95,111,273,existing,544.9146986509846,65,94,111,394,existing,1221.9006112576262,65,58,111,271,allocated,1231.3083572098437,65,33,111,150,allocated,1387.7308805259881,65,93,111,47,existing,2375.280487519756
66,66,44,112,215,allocated,773.9977681820958,66,44,112,375,existing,464.3734334028725,66,44,112,376,allocated,242.1824398875836,66,33,112,150,allocated,752.6480968627689,66,95,112,273,existing,874.8274474650987,66,58,112,271,allocated,909.0706201789133,66,49,112,234,allocated,1141.6659600528321,66,94,112,394,existing,2263.8802004157465,66,93,112,47,existing,2257.5786243252246
67,67,90,113,273,existing,593.8017539759269,67,90,113,155,existing,196.8884853645683,67,90,113,108,allocated,168.469892420306,67,49,113,234,allocated,487.3119059963461,67,95,113,273,existing,593.8017539759269,67,94,113,394,existing,1207.6443422301627,67,58,113,271,allocated,1280.1954125347859,67,33,113,150,allocated,1436.6179358509303,67,93,113,47,existing,2335.2840551187182
68,68,44,114,215,allocated,562.0671943244951,68,44,114,215,existing,562.0671943244951,68,44,114,376,allocated,454.1130137451843,68,33,114,150,allocated,540.7175230051682,68,58,114,271,allocated,697.1400463213126,68,49,114,234,allocated,1353.596533910433,68,95,114,273,existing,1086.7580213226995,68,93,114,47,existing,2045.6480504676238,68,94,114,394,existing,2475.810774273347
69,69,90,116,273,existing,447.04221708364577,69,90,116,155,existing,467.84378901127616,69,90,116,116,allocated,0.0,69,49,116,234,allocated,373.0598844017767,69,95,116,273,existing,447.04221708364577,69,58,116,271,allocated,1133.5637599185407,69,94,116,394,existing,1196.5830876688399,69,33,116,150,allocated,1289.9862832346848,69,93,116,47,existing,2297.075072766987
70,70,91,117,276,existing,330.6902718282897,70,91,117,149,existing,359.940820459217,70,91,117,163,allocated,244.4956253024428,70,33,117,150,allocated,276.71138847313756,70,58,117,271,allocated,433.1339117892819,70,95,117,273,existing,1212.3984096166039,70,49,117,234,allocated,1307.8209886792058,70,94,117,394,existing,2590.515562324494,70,93,117,47,existing,1443.3542804403457
71,71,0,122,5,allocated,170.28390047548203,71,0,122,231,allocated,186.78016683174866,71,0,122,59,allocated,91.5102404665864,71,94,122,394,existing,539.5196571268377,71,95,122,273,existing,877.3455995384501,71,58,122,271,allocated,1656.6100973657722,71,49,122,234,allocated,912.064749850462,71,33,122,150,allocated,1813.0326206819163,71,93,122,47,existing,2378.0449366684106
72,72,0,123,5,allocated,72.15767803301719,72,0,123,231,allocated,88.65394438928382,72,0,123,5,allocated,72.15767803301719,72,94,123,394,existing,637.6458795693026,72,95,123,273,existing,779.2193770959852,72,49,123,234,allocated,813.9385274079972,72,58,123,271,allocated,1558.4838749233072,72,33,123,150,allocated,1714.9063982394516,72,93,123,47,existing,2476.171159110876
73,73,89,124,273,existing,183.81142285979695,73,89,124,90,existing,316.98021079674544,73,89,124,124,allocated,0.0,73,95,124,273,existing,183.81142285979695,73,49,124,234,allocated,450.6499354475304,73,58,124,271,allocated,652.7731842264258,73,33,124,150,allocated,753.7786690607402,73,94,124,394,existing,1572.8641758104447,73,93,124,47,existing,2002.2855492060012
74,74,70,127,320,allocated,521.5350041949837,74,70,127,219,existing,191.31585601277908,74,70,127,96,allocated,306.75115566593036,74,49,127,234,allocated,527.7219539215304,74,58,127,271,allocated,740.5211332387853,74,95,127,273,existing,829.3778677157305,74,33,127,150,allocated,896.9436565549297,74,94,127,394,existing,1467.5781570981821,74,93,127,47,existing,1791.4408828177384
75,75,70,128,320,allocated,568.9947823684303,75,70,128,219,existing,143.85607783933244,75,70,128,96,allocated,259.2913774924837,75,49,128,234,allocated,555.237627439668,75,58,128,271,allocated,693.0613550653387,75,33,128,150,allocated,849.483878381483,75,95,128,273,existing,866.8365541407827,75,93,128,47,existing,1743.9811046442915,75,94,128,394,existing,1515.0379352716286
76,76,70,129,320,allocated,579.3504597156641,76,70,129,219,existing,133.50040049209852,76,70,129,96,allocated,248.93570014524977,76,49,129,234,allocated,544.8819500924341,76,58,129,271,allocated,703.4170324125727,76,95,129,273,existing,856.4808767935488,76,33,129,150,allocated,859.839555728717,76,94,129,394,existing,1525.3936126188623,76,93,129,47,existing,1754.3367819915256
77,77,90,130,273,existing,446.692503279388,77,90,130,155,existing,437.7524315692225,77,90,130,234,allocated,297.03335147999877,77,49,130,234,allocated,297.03335147999877,77,95,130,273,existing,446.692503279388,77,58,130,271,allocated,1089.9168580184385,77,94,130,394,existing,1162.2706881816616,77,93,130,47,existing,2174.1262472540807,77,33,130,150,allocated,1246.3393813345829
78,78,89,131,273,existing,503.7502512224562,78,89,131,375,existing,93.29623716022996,78,89,131,131,allocated,0.0,78,95,131,273,existing,503.7502512224562,78,33,131,150,allocated,647.7324213763973,78,49,131,234,allocated,770.5887638101898,78,58,131,271,allocated,710.7767363406995,78,94,131,394,existing,1892.803004173104,78,93,131,47,existing,2060.2891013202748
79,79,44,132,215,allocated,359.8046252871519,79,44,132,215,existing,359.8046252871519,79,44,132,132,allocated,0.0,79,33,132,150,allocated,696.9137370689981,79,58,132,271,allocated,853.3362603851425,79,95,132,273,existing,1518.3840112676214,79,49,132,234,allocated,1739.272147654542,79,93,132,47,existing,1821.1025859150755,79,94,132,394,existing,2907.4367642182688
80,80,0,138,5,allocated,543.6446604278001,80,0,138,231,allocated,560.4529276821619,80,0,138,158,allocated,244.86966962591634,80,94,138,394,existing,868.3255050946582,80,49,138,234,allocated,1079.0479966124196,80,95,138,273,existing,1185.5378445920003,80,58,138,271,allocated,1788.8247398360058,80,33,138,150,allocated,1945.2472631521505,80,93,138,47,existing,2477.7587823865747
81,81,0,139,5,allocated,491.42503466019116,81,0,139,231,allocated,508.233301914553,81,0,139,158,allocated,192.65004385830744,81,94,139,394,existing,816.1058793270493,81,49,139,234,allocated,1131.2676223800286,81,95,139,273,existing,1198.7987346212544,81,58,139,271,allocated,1841.044365603615,81,93,139,47,existing,2529.978408154184,81,33,139,150,allocated,1997.4668889197592
82,82,92,140,276,existing,492.3613334110963,82,92,140,149,existing,568.4384062891471,82,92,140,387,allocated,84.84269581639643,82,33,140,150,allocated,485.2089743030677,82,58,140,271,allocated,641.631497619212,82,95,140,273,existing,1420.895995446534,82,93,140,47,existing,1368.283897023634,82,94,140,394,existing,2799.0131481544245,82,49,140,234,allocated,1516.318574509136
83,83,91,141,276,existing,541.5917258570629,83,91,141,149,existing,617.6687987351136,83,91,141,430,allocated,125.04693954047053,83,33,141,150,allocated,534.4393667490342,83,58,141,271,allocated,690.8618900651785,83,93,141,47,existing,1417.5142894696005,83,95,141,273,existing,1470.1263878925006,83,94,141,394,existing,2848.2435406003906,83,49,141,234,allocated,1565.5489669551025
84,84,91,142,276,existing,321.60224820991925,84,91,142,149,existing,397.67932108797004,84,91,142,163,allocated,139.15882497099585,84,33,142,150,allocated,314.4498891018906,84,58,142,271,allocated,470.87241241803497,84,95,142,273,existing,1250.1369102453568,84,49,142,234,allocated,1345.5594893079588,84,93,142,47,existing,1356.7064184050168,84,94,142,394,existing,2628.2540629532473
85,85,91,143,276,existing,386.28151874364465,85,91,143,215,existing,462.2482125036852,85,91,143,163,allocated,203.83809550472125,85,33,143,150,allocated,379.12915963561596,85,58,143,271,allocated,535.5516829517603,85,49,143,234,allocated,1410.2387598416842,85,95,143,273,existing,1314.8161807790823,85,93,143,47,existing,1421.385688938742,85,94,143,394,existing,2692.9333334869725
86,86,89,144,273,existing,148.59177472107308,86,89,144,90,existing,123.87726805433265,86,89,144,283,allocated,117.07996719036021,86,95,144,273,existing,148.59177472107308,86,49,144,234,allocated,460.1907014221878,86,33,144,150,allocated,1027.4586176404296,86,58,144,271,allocated,926.4531328061153,86,94,144,394,existing,1536.8759077761372,86,93,144,47,existing,2275.9654977856903
87,87,91,145,276,existing,444.7465306903737,87,91,145,248,allocated,223.99605439689725,87,91,145,145,allocated,0.0,87,58,145,271,allocated,210.0223055939863,87,33,145,150,allocated,366.44482891013064,87,49,145,234,allocated,797.3655774627634,87,95,145,273,existing,989.2868034213083,87,93,145,47,existing,1139.4900593855891,87,94,145,394,existing,2080.0601511080517
88,88,92,148,276,existing,343.5028927580354,88,92,148,149,existing,159.0376582817508,88,92,148,147,allocated,58.68520608158657,88,33,148,150,allocated,75.80822629567136,88,58,148,271,allocated,232.23074961181575,88,95,148,273,existing,1011.4952474391378,88,49,148,234,allocated,1106.9178265017395,88,94,148,394,existing,2389.612400147028,88,93,148,47,existing,1456.1669013700914
89,89,44,151,215,allocated,319.6555857655992,89,44,151,149,existing,100.68295800232639,89,44,151,150,allocated,17.45352601624697,89,33,151,150,allocated,17.45352601624697,89,58,151,271,allocated,173.87604933239135,89,95,151,273,existing,953.1405471597134,89,49,151,234,allocated,1059.8119366017909,89,94,151,394,existing,2342.193300110361,89,93,151,47,existing,1521.6872217084049
90,90,44,152,215,allocated,396.5756678975274,90,44,152,149,existing,177.6030401342546,90,44,152,150,allocated,94.37360814817518,90,33,152,150,allocated,94.37360814817518,90,58,152,271,allocated,250.79613146431956,90,49,152,234,allocated,1136.732018733719,90,95,152,273,existing,1030.0606292916416,90,94,152,394,existing,2419.1133822422894,90,93,152,47,existing,1598.607303840333
91,91,44,153,215,allocated,566.9552856641774,91,44,153,100,allocated,116.34997855048854,91,44,153,100,allocated,116.34997855048854,91,33,153,150,allocated,627.4532482352236,91,58,153,271,allocated,783.875771551368,91,49,153,234,allocated,1303.4723339489794,91,95,153,273,existing,1036.6338213612457,91,93,153,47,existing,2131.6869439273814,91,94,153,394,existing,2425.6865743118938
92,92,44,154,215,allocated,670.6981386717706,92,44,154,100,allocated,220.0928315580818,92,44,154,37,allocated,101.90211784851414,92,33,154,150,allocated,731.1961012428168,92,58,154,271,allocated,887.6186245589612,92,95,154,273,existing,1140.376674368839,92,49,154,234,allocated,1407.2151869565726,92,93,154,47,existing,2235.4297969349745,92,94,154,394,existing,2529.4294273194873
93,93,89,155,273,existing,409.14870297052994,93,89,155,155,existing,0.0,93,89,155,108,allocated,267.5842671349899,93,49,155,234,allocated,302.6588549909492,93,95,155,273,existing,409.14870297052994,93,94,155,394,existing,1199.4905737024005,93,58,155,271,allocated,1095.542361529389,93,93,155,47,existing,2237.703690678166,93,33,155,150,allocated,1251.9648848455333
94,94,70,156,320,allocated,384.05538538757514,94,70,156,155,existing,290.99892744592466,94,70,156,320,allocated,384.05538538757514,94,49,156,234,allocated,550.8123934051844,94,95,156,273,existing,700.1476304164546,94,94,156,394,existing,908.4916462564759,94,58,156,271,allocated,1260.138814658212,94,93,156,47,existing,1946.7047632322417,94,33,156,150,allocated,1416.5613379743563
95,95,70,157,320,allocated,246.84555472221652,95,70,157,155,existing,428.20875811128326,95,70,157,320,allocated,246.84555472221652,95,49,157,234,allocated,652.0004771149938,95,95,157,273,existing,837.3574610818132,95,94,157,394,existing,1045.7014769218345,95,58,157,271,allocated,1125.5831606061554,95,33,157,150,allocated,1282.0056839222998,95,93,157,47,existing,2083.9145938976003
96,96,0,158,5,allocated,298.7749908018837,96,0,158,231,allocated,315.58325805624554,96,0,158,158,allocated,0.0,96,94,158,394,existing,623.4558354687417,96,95,158,273,existing,1006.1486907629469,96,58,158,271,allocated,1785.4131885902689,96,49,158,234,allocated,1042.1892251890563,96,93,158,47,existing,2461.981115010315,96,33,158,150,allocated,1941.8357119064133
97,97,0,159,5,allocated,180.55272322137287,97,0,159,231,allocated,197.36099047573475,97,0,159,59,allocated,91.5417498418162,97,94,159,394,existing,505.23356788823094,97,95,159,273,existing,887.9264231824361,97,58,159,271,allocated,1667.190921009758,97,49,159,234,allocated,923.9669576085455,97,33,159,150,allocated,1823.6134443259025,97,93,159,47,existing,2343.7588474298045
98,98,0,160,5,allocated,33.13663151126714,98,0,160,231,allocated,16.328364256905257,98,0,160,231,allocated,16.328364256905257,98,95,160,273,existing,706.8937969636066,98,94,160,394,existing,709.9714597016812,98,58,160,271,allocated,1486.1582947909287,98,49,160,234,allocated,741.6129472756187,98,33,160,150,allocated,1642.580818107073,98,93,160,47,existing,2548.4967392432545
99,99,44,161,215,allocated,415.9889243165994,99,44,161,100,allocated,267.3163398980664,99,44,161,100,allocated,267.3163398980664,99,33,161,150,allocated,565.8822374129344,99,58,161,271,allocated,722.3047607290787,99,49,161,234,allocated,1454.4386952965574,99,95,161,273,existing,1187.6001827088237,99,94,161,394,existing,2576.652935659472,99,93,161,47,existing,2047.328013064991
100,100,88,166,34,existing,309.5450058820037,100,88,166,149,existing,556.2534371254924,100,88,166,166,allocated,0.0,100,33,166,150,allocated,473.02400513941296,100,58,166,271,allocated,613.0232713514538,100,93,166,47,existing,1120.5820110746738,100,95,166,273,existing,1392.2877691787758,100,94,166,394,existing,2770.1004846620012,100,49,166,234,allocated,1487.4059110167127
101,101,89,168,273,existing,461.683398573605,101,89,168,375,existing,51.22938451137877,101,89,168,131,allocated,42.0668526488512,101,95,168,273,existing,461.683398573605,101,33,168,150,allocated,689.7992740252485,101,49,168,234,allocated,728.5219111613386,101,58,168,271,allocated,727.3144334497089,101,93,168,47,existing,2076.8267984292843,101,94,168,394,existing,1850.7361515242528
102,102,44,170,215,allocated,526.4887544220803,102,44,170,100,allocated,354.9553904518434,102,44,170,100,allocated,354.9553904518434,102,33,170,150,allocated,833.1171025155259,102,58,170,271,allocated,989.5396258316703,102,95,170,273,existing,1275.2392332626007,102,49,170,234,allocated,1542.0777458503344,102,94,170,394,existing,2664.291986213249,102,93,170,47,existing,2157.827843170472
103,103,89,171,273,existing,497.98792933959,103,89,171,155,existing,489.0478576294245,103,89,171,234,allocated,186.38900263847532,103,49,171,234,allocated,186.38900263847532,103,95,171,273,existing,497.98792933959,103,33,171,150,allocated,1228.747413224019,103,58,171,271,allocated,1072.3248899078749,103,93,171,47,existing,2123.2446394868275,103,94,171,394,existing,1393.3589912675434
104,104,70,172,320,allocated,507.6502740416553,104,70,172,219,existing,477.6834594556368,104,70,172,234,allocated,241.3543504786727,104,49,172,234,allocated,241.3543504786727,104,95,172,273,existing,552.9532771797874,104,33,172,150,allocated,1183.3112599977874,104,58,172,271,allocated,1026.888736681643,104,93,172,47,existing,2077.808486260596,104,94,172,394,existing,1338.393643427346
105,105,44,173,215,allocated,517.1773917803113,105,44,173,215,existing,517.1773917803113,105,44,173,42,allocated,482.24953028664254,105,33,173,150,allocated,495.82772046098444,105,58,173,271,allocated,652.2502437771288,105,49,173,234,allocated,1379.5606062223526,105,95,173,273,existing,1112.7220936346191,105,93,173,47,existing,2000.75824792344,105,94,173,394,existing,2501.7748465852665
106,106,44,174,215,allocated,451.33498890881316,106,44,174,215,existing,451.33498890881316,106,44,174,42,allocated,416.40712741514443,106,33,174,150,allocated,429.9853175894863,106,58,174,271,allocated,586.4078409056308,106,95,174,273,existing,1046.879690763121,106,49,174,234,allocated,1313.7182033508545,106,94,174,394,existing,2435.9324437137684,106,93,174,47,existing,1934.915845051942
107,107,44,175,215,allocated,601.4710084362025,107,44,175,215,existing,601.4710084362025,107,44,175,42,allocated,566.5431469425338,107,33,175,150,allocated,580.1213371168757,107,58,175,271,allocated,736.5438604330201,107,95,175,273,existing,1197.0157102905102,107,49,175,234,allocated,1463.8542228782437,107,93,175,47,existing,2085.0518645793313,107,94,175,394,existing,2586.068463241158
108,108,44,176,215,allocated,677.4614416824213,108,44,176,215,existing,677.4614416824213,108,44,176,42,allocated,642.5335801887527,108,33,176,150,allocated,656.1117703630946,108,58,176,271,allocated,812.534293679239,108,49,176,234,allocated,1539.8446561244627,108,95,176,273,existing,1273.0061435367293,108,93,176,47,existing,2161.04229782555,108,94,176,394,existing,2662.058896487377
109,109,90,177,273,existing,524.2464373372269,109,90,177,149,existing,330.11422259723065,109,90,177,177,allocated,0.0,109,58,177,271,allocated,312.3381697489957,109,33,177,150,allocated,413.34365458331007,109,49,177,234,allocated,706.3051448602713,109,95,177,273,existing,524.2464373372269,109,93,177,47,existing,1661.850534728571,109,94,177,394,existing,1913.2991902878746
110,110,44,178,215,allocated,490.47920769704956,110,44,178,215,existing,490.47920769704956,110,44,178,204,allocated,375.9897469346858,110,33,178,150,allocated,827.5883194788958,110,58,178,271,allocated,984.0108427950402,110,49,178,234,allocated,1775.2515504668277,110,95,178,273,existing,1508.4130378790942,110,93,178,47,existing,2121.8182964454413,110,94,178,394,existing,2897.465790829742
111,111,44,179,215,allocated,458.59669524454665,111,44,179,215,existing,458.59669524454665,111,44,179,204,allocated,344.1072344821829,111,33,179,150,allocated,795.7058070263929,111,58,179,271,allocated,952.1283303425373,111,95,179,273,existing,1476.530525426591,111,49,179,234,allocated,1743.3690380143248,111,93,179,47,existing,2089.935783992938,111,94,179,394,existing,2865.5832783772394
112,112,70,180,320,allocated,542.0320929742833,112,70,180,155,existing,448.9756350326328,112,70,180,320,allocated,542.0320929742833,112,49,180,234,allocated,708.7891009918925,112,94,180,394,existing,750.5149386697678,112,58,180,271,allocated,1418.1155222449202,112,95,180,273,existing,858.1243380031627,112,33,180,150,allocated,1574.5380455610643,112,93,180,47,existing,1788.7280556455335
113,113,70,181,320,allocated,484.79074075998733,113,70,181,155,existing,391.73428281833685,113,70,181,320,allocated,484.79074075998733,113,49,181,234,allocated,651.5477487775966,113,95,181,273,existing,800.8829857888668,113,58,181,271,allocated,1360.874170030624,113,94,181,394,existing,807.7562908840637,113,33,181,150,allocated,1517.2966933467685,113,93,181,47,existing,1845.9694078598295
114,114,92,184,276,existing,435.33552469527046,114,92,184,149,existing,521.0047154906531,114,92,184,31,allocated,139.97935578061765,114,33,184,150,allocated,437.7752835045737,114,58,184,271,allocated,594.197806820718,114,93,184,47,existing,1353.3883830773284,114,95,184,273,existing,1373.4623046480401,114,49,184,234,allocated,1468.884883710642,114,94,184,394,existing,2751.57945735593
115,115,88,185,34,existing,482.6366519453171,115,88,185,149,existing,580.719441429994,115,88,185,31,allocated,80.26462984127666,115,33,185,150,allocated,497.4900094439147,115,58,185,271,allocated,653.912532760059,115,95,185,273,existing,1433.177030587381,115,93,185,47,existing,1293.6736571379874,115,49,185,234,allocated,1528.599609649983,115,94,185,394,existing,2811.2941832952715
116,116,70,190,320,allocated,478.6314349427281,116,70,190,248,allocated,509.2559927339355,116,70,190,320,allocated,478.6314349427281,116,58,190,271,allocated,660.8904253956989,116,33,190,150,allocated,817.3129487118433,116,95,190,273,existing,1297.6759709887547,116,49,190,234,allocated,1082.6255157998016,116,93,190,47,existing,1686.4490564283474,116,94,190,394,existing,1771.178466586779
117,117,70,191,320,allocated,526.8436822281334,117,70,191,248,allocated,557.4682400193408,117,70,191,320,allocated,526.8436822281334,117,58,191,271,allocated,709.1026726811042,117,33,191,150,allocated,865.5251959972486,117,95,191,273,existing,1345.88821827416,117,49,191,234,allocated,1130.837763085207,117,94,191,394,existing,1819.3907138721843,117,93,191,47,existing,1734.6613037137527
118,118,89,192,273,existing,728.9850647585504,118,89,192,219,existing,290.99388946343305,118,89,192,96,allocated,306.3136777249047,118,49,192,234,allocated,417.3861380574358,118,95,192,273,existing,728.9850647585504,118,33,192,150,allocated,1017.3330447000515,118,58,192,271,allocated,860.9105213839072,118,93,192,47,existing,1911.8302709628601,118,94,192,394,existing,1682.887101590197
119,119,70,193,320,allocated,652.8331919559356,119,70,193,219,existing,206.98313273236994,119,70,193,96,allocated,222.3029209938416,119,49,193,234,allocated,501.39689478849886,119,58,193,271,allocated,776.899764652844,119,33,193,150,allocated,933.3222879689883,119,95,193,273,existing,812.9958214896135,119,94,193,394,existing,1598.876344859134,119,93,193,47,existing,1827.8195142317968
120,120,70,194,320,allocated,601.5738776423784,120,70,194,155,existing,508.51741970072794,120,70,194,320,allocated,601.5738776423784,120,49,194,234,allocated,768.3308856599878,120,94,194,394,existing,810.0567233378629,120,58,194,271,allocated,1477.6573069130152,120,95,194,273,existing,917.6661226712579,120,93,194,47,existing,1729.1862709774382,120,33,194,150,allocated,1634.0798302291596
121,121,90,195,273,existing,544.0252302779716,121,90,195,90,existing,302.1715754344655,121,90,195,195,allocated,0.0,121,95,195,273,existing,544.0252302779716,121,49,195,234,allocated,810.8637428657051,121,58,195,271,allocated,992.4151889428326,121,33,195,150,allocated,932.8983005334549,121,93,195,47,existing,2341.9275539224077,121,94,195,394,existing,1897.917337500294
122,122,89,196,273,existing,616.0156090131945,122,89,196,375,existing,205.5615949509683,122,89,196,196,allocated,0.0,122,95,196,273,existing,616.0156090131945,122,33,196,150,allocated,822.1297554799207,122,49,196,234,allocated,882.8541216009281,122,58,196,271,allocated,881.6466438892985,122,94,196,394,existing,2005.0683619638423,122,93,196,47,existing,2231.1590088688736
123,123,44,197,215,allocated,380.94227106773167,123,44,197,215,existing,380.94227106773167,123,44,197,197,allocated,0.0,123,33,197,150,allocated,718.0513828495779,123,58,197,271,allocated,874.4739061657223,123,49,197,234,allocated,1760.4097934351216,123,95,197,273,existing,1539.5216570482012,123,94,197,394,existing,2928.5744099988488,123,93,197,47,existing,1996.5730308648967
124,124,70,198,320,allocated,545.0716638683996,124,70,198,219,existing,515.1048492823811,124,70,198,234,allocated,278.77574030541695,124,49,198,234,allocated,278.77574030541695,124,95,198,273,existing,590.3746670065316,124,58,198,271,allocated,1005.4681143391915,124,33,198,150,allocated,1161.890637655336,124,94,198,394,existing,1375.8150332540904,124,93,198,47,existing,2056.3878639181444
125,125,70,199,320,allocated,337.5432370191197,125,70,199,219,existing,375.307623188643,125,70,199,320,allocated,337.5432370191197,125,49,199,234,allocated,667.2284159550729,125,58,199,271,allocated,885.0440709923698,125,95,199,273,existing,968.8843297492731,125,33,199,150,allocated,1041.4665943085142,125,93,199,47,existing,1935.9638205713227,125,94,199,394,existing,1283.5863899223182
126,126,70,200,320,allocated,236.87277890020624,126,70,200,219,existing,475.9780813075564,126,70,200,320,allocated,236.87277890020624,126,49,200,234,allocated,566.5579578361595,126,95,200,273,existing,868.2138716303597,126,33,200,150,allocated,1142.1370524274275,126,58,200,271,allocated,985.7145291112831,126,94,200,394,existing,1182.9159318034046,126,93,200,47,existing,2036.634278690236
127,127,70,201,320,allocated,308.4343170752921,127,70,201,219,existing,495.2419390373767,127,70,201,320,allocated,308.4343170752921,127,49,201,234,allocated,494.9964196610737,127,95,201,273,existing,796.6523334552738,127,33,201,150,allocated,1200.8697395795273,127,58,201,271,allocated,1044.4472162633829,127,94,201,394,existing,1254.4774699784905,127,93,201,47,existing,2095.366965842336
128,128,44,204,215,allocated,238.57078218996784,128,44,204,215,existing,238.57078218996784,128,44,204,204,allocated,0.0,128,33,204,150,allocated,575.6798939718141,128,58,204,271,allocated,732.1024172879585,128,95,204,273,existing,1397.1501681704374,128,49,204,234,allocated,1618.038304557358,128,94,204,394,existing,2786.2029211210847,128,93,204,47,existing,1869.909870938359
129,129,44,206,215,allocated,265.74163462235,129,44,206,215,existing,265.74163462235,129,44,206,215,allocated,265.74163462235,129,33,206,150,allocated,294.5317662550342,129,58,206,271,allocated,450.9542895711786,129,49,206,234,allocated,1333.370559142938,129,95,206,273,existing,1066.5320465552045,129,93,206,47,existing,1798.765461947192,129,94,206,394,existing,2455.584799505852
130,130,92,208,276,existing,478.44787648100623,130,92,208,248,allocated,564.360712213806,130,92,208,223,existing,209.45767635390362,130,58,208,271,allocated,550.386963410895,130,33,208,150,allocated,706.8094867270393,130,49,208,234,allocated,1137.7302352796721,130,93,208,47,existing,1173.1914051762217,130,95,208,273,existing,1329.651461238217,130,94,208,394,existing,2095.166020353439
131,131,91,210,276,existing,400.5803083314893,131,91,210,248,allocated,486.49314406428897,131,91,210,223,existing,131.59010820438667,131,58,210,271,allocated,472.519395261378,131,33,210,150,allocated,628.9419185775223,131,49,210,234,allocated,1059.8626671301552,131,93,210,47,existing,1095.3238370267047,131,94,210,394,existing,2173.033588502956,131,95,210,273,existing,1251.7838930887
132,132,44,216,215,allocated,255.39062550263142,132,44,216,215,existing,255.39062550263142,132,44,216,368,allocated,176.42420803256357,132,33,216,150,allocated,585.9867466366699,132,58,216,271,allocated,742.4092699528142,132,95,216,273,existing,1413.970011483101,132,49,216,234,allocated,1617.096346842738,132,93,216,47,existing,1628.243275939796,132,94,216,394,existing,2803.0227644337483
133,133,44,217,215,allocated,199.22709044443027,133,44,217,215,existing,199.22709044443027,133,44,217,215,allocated,199.22709044443027,133,33,217,150,allocated,536.3362022262764,133,58,217,271,allocated,692.7587255424208,133,95,217,273,existing,1357.8064764248998,133,49,217,234,allocated,1578.6946128118202,133,94,217,394,existing,2746.8592293755473,133,93,217,47,existing,1684.406810997997
134,134,70,219,320,allocated,712.8508602077627,134,70,219,219,existing,0.0,134,70,219,96,allocated,382.4361006373483,134,49,219,234,allocated,678.3823505845327,134,58,219,271,allocated,836.9174329046712,134,33,219,150,allocated,993.3399562208155,134,95,219,273,existing,989.9812772856474,134,93,219,47,existing,1887.837182483624,134,94,219,394,existing,1658.8940131109612
135,135,44,221,215,allocated,763.0631725209811,135,44,221,375,existing,480.4725952454606,135,44,221,42,allocated,260.45404595971024,135,33,221,150,allocated,741.7135012016543,135,58,221,271,allocated,867.4352762285686,135,49,221,234,allocated,1157.7651218954202,135,95,221,273,existing,890.9266093076868,135,94,221,394,existing,2279.9793622583347,135,93,221,47,existing,2216.947641208144
136,136,70,226,320,allocated,634.6247469794504,136,70,226,155,existing,383.0351126492613,136,70,226,108,allocated,354.616519704999,136,49,226,234,allocated,673.4585332810392,136,95,226,273,existing,779.9483812606198,136,58,226,271,allocated,1466.342039819479,136,94,226,394,existing,1166.9559684358283,136,33,226,150,allocated,1622.7645631356233,136,93,226,47,existing,2205.1690854115936
137,137,90,227,273,existing,670.1588650116387,137,90,227,155,existing,273.2455964002801,137,90,227,108,allocated,244.8270034560178,137,49,227,234,allocated,563.6690170320579,137,95,227,273,existing,670.1588650116387,137,94,227,394,existing,1231.4020826156857,137,58,227,271,allocated,1356.5525235704977,137,33,227,150,allocated,1512.975046886642,137,93,227,47,existing,2314.958601660575
138,138,70,228,320,allocated,461.0300266573982,138,70,228,219,existing,431.0632120713797,138,70,228,234,allocated,287.9745978629297,138,49,228,234,allocated,287.9745978629297,138,95,228,273,existing,589.6305116571299,138,58,228,271,allocated,980.2684892973859,138,33,228,150,allocated,1136.6910126135303,138,93,228,47,existing,2031.1882388763388,138,94,228,394,existing,1291.7733960430892
139,139,0,229,5,allocated,163.33450864394513,139,0,229,231,allocated,180.142775898307,139,0,229,59,allocated,74.32353526438847,139,94,229,394,existing,522.4517824656587,139,95,229,273,existing,870.7082086050084,139,58,229,271,allocated,1649.9727064323304,139,49,229,234,allocated,929.2514550526599,139,33,229,150,allocated,1806.3952297484748,139,93,229,47,existing,2360.9770620072322
140,140,0,231,5,allocated,16.80826725436188,140,0,231,231,allocated,0.0,140,0,231,231,allocated,0.0,140,95,231,273,existing,690.5654327067014,140,94,231,394,existing,698.4873202439464,140,49,231,234,allocated,755.8709450880648,140,58,231,271,allocated,1469.8299305340233,140,93,231,47,existing,2537.0125997855193,140,33,231,150,allocated,1626.2524538501677
141,141,0,232,5,allocated,16.72073435037372,141,0,232,231,allocated,33.217000706640356,141,0,232,5,allocated,16.72073435037372,141,94,232,394,existing,693.082823251946,141,95,232,273,existing,723.7824334133418,141,58,232,271,allocated,1503.0469312406638,141,49,232,234,allocated,758.5015837253537,141,33,232,150,allocated,1659.4694545568082,141,93,232,47,existing,2531.608102793519
142,142,89,234,273,existing,311.5989267011147,142,89,234,155,existing,302.6588549909492,142,89,234,234,allocated,0.0,142,49,234,234,allocated,0.0,142,95,234,273,existing,311.5989267011147,142,58,234,271,allocated,885.9358872693995,142,33,234,150,allocated,1042.3584105855439,142,94,234,394,existing,1429.2005254967764,142,93,234,47,existing,1936.8556368483523
143,143,44,235,215,allocated,485.26930595812115,143,44,235,149,existing,375.47747603652664,143,44,235,236,allocated,56.78778551003115,143,33,235,150,allocated,292.2480440504472,143,58,235,271,allocated,448.6705673665916,143,49,235,234,allocated,1334.6064546359912,143,95,235,273,existing,1219.8615708773586,143,93,235,47,existing,1797.1785715129026,143,94,235,394,existing,2608.9143238280067
144,144,44,236,215,allocated,461.1447577190965,144,44,236,149,existing,318.6896905264955,144,44,236,236,allocated,0.0,144,33,236,150,allocated,235.46025854041608,144,58,236,271,allocated,391.8827818565604,144,49,236,234,allocated,1277.81866912596,144,95,236,273,existing,1171.1472796838825,144,93,236,47,existing,1740.3907860028714,144,94,236,394,existing,2560.2000326345305
145,145,0,237,5,allocated,381.17929940093086,145,0,237,231,allocated,397.9875666552927,145,0,237,158,allocated,82.40430859904714,145,94,237,394,existing,705.860144067789,145,95,237,273,existing,1088.5529993619941,145,49,237,234,allocated,1124.5935337881033,145,58,237,271,allocated,1867.817497189316,145,93,237,47,existing,2544.385423609362,145,33,237,150,allocated,2024.2400205054605
146,146,92,238,276,existing,357.32197192855006,146,92,238,149,existing,170.4983173061908,146,92,238,147,allocated,70.14586510602659,146,33,238,150,allocated,87.26888532011138,146,58,238,271,allocated,243.69140863625574,146,49,238,234,allocated,1118.3784855261797,146,95,238,273,existing,1022.9559064635777,146,94,238,394,existing,2401.0730591714682,146,93,238,47,existing,1469.985980540606
147,147,91,239,276,existing,249.28487030190678,147,91,239,149,existing,278.5354189328341,147,91,239,163,allocated,163.09022377605987,147,33,239,150,allocated,195.30598694675467,147,58,239,271,allocated,351.728510262899,147,49,239,234,allocated,1226.4155871528228,147,95,239,273,existing,1130.9930080902209,147,94,239,394,existing,2509.1101607981113,147,93,239,47,existing,1361.9488789139627
148,148,44,240,215,allocated,544.4990169553056,148,44,240,100,allocated,454.58023708407643,148,44,240,204,allocated,305.9282347653377,148,33,240,150,allocated,881.6081287371518,148,58,240,271,allocated,1038.030652053296,148,49,240,234,allocated,1641.7025924825675,148,95,240,273,existing,1374.8640798948336,148,94,240,394,existing,2763.916832845482,148,93,240,47,existing,2175.8381057036972
149,149,91,241,276,existing,52.63699098336734,149,91,241,149,existing,318.27496465165444,149,91,241,241,allocated,0.0,149,58,241,271,allocated,300.0480570472037,149,33,241,150,allocated,366.6741280703394,149,93,241,47,existing,1165.3009995954233,149,95,241,273,existing,1079.3125548745256,149,49,241,234,allocated,1174.4306967124626,149,94,241,394,existing,2457.125270357751
150,150,70,242,320,allocated,311.8617005053054,150,70,242,155,existing,355.29765174071736,150,70,242,320,allocated,311.8617005053054,150,49,242,234,allocated,574.1558929295442,150,95,242,273,existing,764.3727193135398,150,58,242,271,allocated,1163.0383599382133,150,94,242,394,existing,1005.5921009764747,150,33,242,150,allocated,1319.4608832543577,150,93,242,47,existing,2043.8052179522404
151,151,70,243,320,allocated,244.27132868877607,151,70,243,155,existing,422.8880235572467,151,70,243,320,allocated,244.27132868877607,151,49,243,234,allocated,621.8653046305224,151,95,243,273,existing,831.9630911300692,151,94,243,394,existing,1073.182472793004,151,58,243,271,allocated,1095.447988121684,151,93,243,47,existing,2111.3955897687697,151,33,243,150,allocated,1251.870511437828
152,152,70,244,320,allocated,392.36251491978794,152,70,244,155,existing,274.7968373262348,152,70,244,320,allocated,392.36251491978794,152,49,244,234,allocated,534.2127530996681,152,95,244,273,existing,683.8719048990574,152,58,244,271,allocated,1243.5391743526957,152,94,244,394,existing,925.0912865619921,152,33,244,150,allocated,1399.96169766884,152,93,244,47,existing,1963.304403537758
153,153,92,245,276,existing,718.9161930313192,153,92,245,248,allocated,289.6081138018849,153,92,245,248,allocated,289.6081138018849,153,58,245,271,allocated,441.2425464636483,153,33,245,150,allocated,597.6650697797926,153,95,245,273,existing,1078.028092056704,153,49,245,234,allocated,862.977636867751,153,94,245,394,existing,2113.4118007078387,153,93,245,47,existing,1466.8011774962968
154,154,70,246,320,allocated,185.70532428929084,154,70,246,155,existing,481.4540279567319,154,70,246,320,allocated,185.70532428929084,154,49,246,234,allocated,563.299300231037,154,95,246,273,existing,852.4899273342821,154,94,246,394,existing,1131.7484771924892,154,58,246,271,allocated,1036.8819837221986,154,33,246,150,allocated,1193.304507038343,154,93,246,47,existing,2087.8017333011517
155,155,92,247,276,existing,522.5711274120616,155,92,247,248,allocated,75.88009497888316,155,92,247,248,allocated,75.88009497888316,155,58,247,271,allocated,236.68626922465026,155,33,247,150,allocated,393.10879254079464,155,95,247,273,existing,872.4478725779181,155,49,247,234,allocated,649.2496180447492,155,94,247,394,existing,1931.9441916900378,155,93,247,47,existing,1287.606018803603
156,156,91,248,276,existing,598.4512223909448,156,91,248,248,allocated,0.0,156,91,248,248,allocated,0.0,156,58,248,271,allocated,312.56636420353345,156,33,248,150,allocated,468.98888751967786,156,95,248,273,existing,884.9684497669807,156,49,248,234,allocated,573.369523065866,156,94,248,394,existing,2002.5700485626426,156,93,248,47,existing,1363.4861137824862
157,157,92,249,276,existing,591.2770765107729,157,92,249,248,allocated,181.60568659973666,157,92,249,249,allocated,0.0,157,58,249,271,allocated,305.3922183233615,157,33,249,150,allocated,461.8147416395059,157,95,249,273,existing,766.7222809570646,157,49,249,234,allocated,750.6735664506907,157,93,249,47,existing,1367.661027837921,157,94,249,394,existing,2017.9343170457419
158,158,88,250,34,existing,756.2491275578911,158,88,250,248,allocated,1308.6982361477073,158,88,250,250,allocated,0.0,158,93,250,47,existing,54.78787763477897,158,58,250,271,allocated,1294.7244873447964,158,33,250,150,allocated,1450.1426498276765,158,49,250,234,allocated,1882.0677592135735,158,94,250,394,existing,1893.3131571763522,158,95,250,273,existing,2073.988985172118
159,159,0,254,5,allocated,332.70563916762586,159,0,254,231,allocated,315.89737191326395,159,0,254,116,allocated,182.23374365060505,159,49,254,234,allocated,555.2936280523818,159,95,254,273,existing,629.2759607342508,159,58,254,271,allocated,1315.7975035691456,159,94,254,394,existing,1014.3493440182348,159,93,254,47,existing,2479.308816417592,159,33,254,150,allocated,1472.2200268852898
160,160,44,259,215,allocated,1294.6030805947983,160,44,259,100,allocated,611.2978163801324,160,44,259,359,allocated,213.11767490676166,160,33,259,150,allocated,1355.1010431658444,160,58,259,271,allocated,1511.5235664819888,160,95,259,273,existing,1531.5816591908895,160,49,259,234,allocated,1798.4201717786232,160,93,259,47,existing,2859.3347388580023,160,94,259,394,existing,2920.6344121415377
161,161,44,260,215,allocated,1222.8043868987766,161,44,260,100,allocated,539.4991226841107,161,44,260,359,allocated,141.31898121073985,161,33,260,150,allocated,1283.3023494698227,161,58,260,271,allocated,1439.7248727859671,161,49,260,234,allocated,1726.6214780826015,161,95,260,273,existing,1459.7829654948678,161,93,260,47,existing,2787.536045161981,161,94,260,394,existing,2848.835718445516
162,162,70,262,320,allocated,629.408215411504,162,70,262,219,existing,183.55815618793832,162,70,262,96,allocated,198.87794444941,162,49,262,234,allocated,494.82419439659435,162,58,262,271,allocated,753.4747881084124,162,95,262,273,existing,806.423121097709,162,33,262,150,allocated,909.8973114245567,162,93,262,47,existing,1804.3945376873653,162,94,262,394,existing,1575.4513683147024
163,163,70,263,320,allocated,622.662263221285,163,70,263,219,existing,197.5235586921872,163,70,263,96,allocated,312.95885834533846,163,49,263,234,allocated,608.9051082925228,163,58,263,271,allocated,639.393874212484,163,33,263,150,allocated,795.8163975286283,163,95,263,273,existing,920.5040349936374,163,94,263,394,existing,1568.7054161244832,163,93,263,47,existing,1690.3136237914368
164,164,44,265,215,allocated,553.7067520167982,164,44,265,215,existing,553.7067520167982,164,44,265,264,allocated,120.3391110418359,164,33,265,150,allocated,890.8158637986444,164,58,265,271,allocated,1047.2383871147888,164,95,265,273,existing,1712.2861379972678,164,93,265,47,existing,1823.80854991583,164,94,265,394,existing,3101.3388909479154,164,49,265,234,allocated,1933.1742743841883
165,165,70,269,320,allocated,543.5510293569,165,70,269,248,allocated,326.830536962434,165,70,269,248,allocated,326.830536962434,165,58,269,271,allocated,478.4649696241974,165,33,269,150,allocated,634.8874929403418,165,95,269,273,existing,1115.2505152172532,165,49,269,234,allocated,900.2000600283002,165,94,269,394,existing,1836.098061000951,165,93,269,47,existing,1504.023600656846
166,166,90,270,273,existing,351.4475306466233,166,90,270,375,existing,250.05813842615402,166,90,270,177,allocated,179.29883060080473,166,95,270,273,existing,351.4475306466233,166,58,270,271,allocated,427.8169671806987,166,49,270,234,allocated,527.0063142594665,166,33,270,150,allocated,584.2394904968431,166,93,270,47,existing,1777.3293321602741,166,94,270,394,existing,1740.5002835972712
167,167,91,271,276,existing,297.43810579155195,167,91,271,149,existing,73.19309133006495,167,91,271,271,allocated,0.0,167,58,271,271,allocated,0.0,167,33,271,150,allocated,156.42252331614438,167,95,271,273,existing,779.264497827322,167,49,271,234,allocated,885.9358872693995,167,94,271,394,existing,2168.31725077797,167,93,271,47,existing,1349.5123649795753
168,168,90,272,273,existing,232.55163326122445,168,90,272,231,allocated,458.01379944547693,168,90,272,272,allocated,0.0,168,95,272,273,existing,232.55163326122445,168,49,272,234,allocated,544.1505599623391,168,58,272,271,allocated,1011.8161310885464,168,94,272,394,existing,1156.5011196894234,168,93,272,47,existing,2361.3284960681217,168,33,272,150,allocated,1168.2386544046908
169,169,89,280,273,existing,219.94961334125975,169,89,280,90,existing,52.51942943414596,169,89,280,83,allocated,117.95953435821454,169,95,280,273,existing,219.94961334125975,169,49,280,234,allocated,531.5485400423744,169,33,280,150,allocated,1041.4598025374346,169,58,280,271,allocated,997.8109714263019,169,94,280,394,existing,1543.2263326316825,169,93,280,47,existing,2347.3233364058774
170,170,92,282,276,existing,598.4593452647399,170,92,282,248,allocated,151.7683128315614,170,92,282,248,allocated,151.7683128315614,170,58,282,271,allocated,312.5744870773285,170,33,282,150,allocated,468.9970103934729,170,49,282,234,allocated,725.1378358974275,170,95,282,273,existing,948.3360904305964,170,94,282,394,existing,1856.0559738373595,170,93,282,47,existing,1363.4942366562814
171,171,90,284,273,existing,288.94896458554683,171,90,284,90,existing,121.51878067843306,171,90,284,83,allocated,186.95888560250165,171,95,284,273,existing,288.94896458554683,171,49,284,234,allocated,600.5478912866615,171,58,284,271,allocated,1066.810322670589,171,33,284,150,allocated,1110.4591537817216,171,93,284,47,existing,2416.3226876501644,171,94,284,394,existing,1612.2256838759695
172,172,89,286,273,existing,715.6958654614633,172,89,286,100,allocated,204.58797734929396,172,89,286,287,allocated,68.40498248269014,172,95,286,273,existing,715.6958654614633,172,33,286,150,allocated,921.8100119281895,172,58,286,271,allocated,981.3269003375673,172,49,286,234,allocated,982.5343780491969,172,94,286,394,existing,2104.7486184121108,172,93,286,47,existing,2330.8392653171422
173,173,90,287,273,existing,784.1008479441534,173,90,287,100,allocated,136.18299486660382,173,90,287,287,allocated,0.0,173,95,287,273,existing,784.1008479441534,173,33,287,150,allocated,879.9862216523159,173,58,287,271,allocated,1036.4087449684603,173,49,287,234,allocated,1050.939360531887,173,93,287,47,existing,2384.2199173444737,173,94,287,394,existing,2173.1536008948015
174,174,91,290,276,existing,273.99599653488326,174,91,290,149,existing,350.07306941293405,174,91,290,163,allocated,91.55257329595989,174,33,290,150,allocated,266.8436374268546,174,58,290,271,allocated,423.266160742999,174,49,290,234,allocated,1297.953237632923,174,95,290,273,existing,1202.530658570321,174,94,290,394,existing,2580.647811278211,174,93,290,47,existing,1309.1001667299809
175,175,91,291,276,existing,320.8441740987885,175,91,291,149,existing,396.92124697683926,175,91,291,163,allocated,138.40075085986513,175,33,291,150,allocated,313.69181499075984,175,58,291,271,allocated,470.1143383069042,175,49,291,234,allocated,1344.8014151968282,175,95,291,273,existing,1249.3788361342263,175,94,291,394,existing,2627.4959888421163,175,93,291,47,existing,1355.948344293886
176,176,90,292,273,existing,507.43971357288183,176,90,292,248,allocated,377.5287361940988,176,90,292,96,allocated,100.1054630754171,176,49,292,234,allocated,195.8407868717672,176,95,292,273,existing,507.43971357288183,176,33,292,150,allocated,846.5176237137767,176,58,292,271,allocated,690.0951003976323,176,93,292,47,existing,1741.014849976585,176,94,292,394,existing,1625.0413123685437
177,177,90,293,273,existing,544.4974038137653,177,90,293,248,allocated,340.47104595321537,177,90,293,96,allocated,63.04777283453362,177,49,293,234,allocated,232.8984771126507,177,95,293,273,existing,544.4974038137653,177,58,293,271,allocated,653.0374101567488,177,33,293,150,allocated,809.4599334728932,177,93,293,47,existing,1703.9571597357017,177,94,293,394,existing,1662.0990026094273
178,178,70,294,320,allocated,674.7699605725741,178,70,294,44,existing,497.54351988261305,178,70,294,108,allocated,484.9575483676664,178,49,294,234,allocated,803.7995619437065,178,95,294,273,existing,910.2894099232872,178,58,294,271,allocated,1525.9466200054817,178,94,294,394,existing,1106.0809812458174,178,33,294,150,allocated,1682.3691433216263,178,93,294,47,existing,2245.314299004717
179,179,70,295,320,allocated,589.5268394446786,179,70,295,155,existing,428.1330201840331,179,70,295,108,allocated,399.7144272397708,179,49,295,234,allocated,718.556440815811,179,95,295,273,existing,825.0462887953917,179,58,295,271,allocated,1440.7034988775863,179,94,295,394,existing,1121.8580609010564,179,93,295,47,existing,2160.071177876822,179,33,295,150,allocated,1597.1260221937307
180,180,44,296,215,allocated,386.9973124577997,180,44,296,100,allocated,328.01578269522815,180,44,296,100,allocated,328.01578269522815,180,33,296,150,allocated,415.787444090484,180,58,296,271,allocated,572.2099674066283,180,95,296,273,existing,1187.7877243906541,180,49,296,234,allocated,1454.6262369783876,180,94,296,394,existing,2576.840477341302,180,93,296,47,existing,1920.021139782642
181,181,89,297,273,existing,327.14945107106325,181,89,297,155,existing,347.9510229986937,181,89,297,297,allocated,0.0,181,49,297,234,allocated,253.1671183891942,181,95,297,273,existing,327.14945107106325,181,58,297,271,allocated,1013.670993905958,181,33,297,150,allocated,1170.0935172221025,181,94,297,394,existing,1210.489708885912,181,93,297,47,existing,2177.1823067544046
182,182,70,299,320,allocated,597.5939562674452,182,70,299,155,existing,271.07022648889676,182,70,299,108,allocated,335.6156528394357,182,49,299,234,allocated,573.729081479846,182,95,299,273,existing,680.2189294594267,182,94,299,394,existing,1129.925177723823,182,58,299,271,allocated,1366.6125880182858,182,33,299,150,allocated,1523.03511133443,182,93,299,47,existing,2168.138294699588
183,183,89,300,273,existing,656.5607616045573,183,89,300,155,existing,259.6474929931988,183,89,300,108,allocated,231.22890004893645,183,49,300,234,allocated,550.0709136249766,183,95,300,273,existing,656.5607616045573,183,58,300,271,allocated,1342.9544201634164,183,94,300,394,existing,1234.3119305143223,183,93,300,47,existing,2272.5250474900877,183,33,300,150,allocated,1499.3769434795609
184,184,89,301,273,existing,538.8768432990092,184,89,301,44,existing,165.9977062903028,184,89,301,108,allocated,113.54498174338838,184,49,301,234,allocated,432.3869953194286,184,95,301,273,existing,538.8768432990092,184,94,301,394,existing,996.813530177348,184,58,301,271,allocated,1225.2705018578683,184,33,301,150,allocated,1381.6930251740127,184,93,301,47,existing,2369.242632167781
185,185,70,302,320,allocated,496.8415410122856,185,70,302,155,existing,170.3178112337372,185,70,302,108,allocated,436.3680680945953,185,49,302,234,allocated,472.97666622468637,185,95,302,273,existing,579.4665142042671,185,94,302,394,existing,1029.1727624686634,185,58,302,271,allocated,1265.8601727631262,185,33,302,150,allocated,1422.2826960792706,185,93,302,47,existing,2067.385879444429
186,186,89,303,273,existing,702.9000048317035,186,89,303,248,allocated,182.06844493527714,186,89,303,303,allocated,0.0,186,49,303,234,allocated,391.3010781305889,186,58,303,271,allocated,494.6348091388106,186,33,303,150,allocated,651.057332454955,186,95,303,273,existing,702.9000048317035,186,94,303,394,existing,1820.5016036273655,186,93,303,47,existing,1545.5545587177635
187,187,0,304,5,allocated,312.83280977262683,187,0,304,44,existing,121.90866674387269,187,0,304,59,allocated,295.2153390967577,187,94,304,394,existing,708.9071571431725,187,49,304,234,allocated,720.293368353604,187,58,304,271,allocated,1513.1768748920438,187,95,304,273,existing,826.7832163331848,187,93,304,47,existing,2547.432436684746,187,33,304,150,allocated,1669.5993982081882
188,188,44,307,215,allocated,634.7745858629485,188,44,307,100,allocated,218.1089827447788,188,44,307,100,allocated,218.1089827447788,188,33,307,150,allocated,696.2706948084613,188,58,307,271,allocated,852.6932181246057,188,95,307,273,existing,1138.392825555536,188,49,307,234,allocated,1405.2313381432698,188,93,307,47,existing,2200.504390500619,188,94,307,394,existing,2527.445578506184
189,189,91,308,276,existing,669.1278868179747,189,91,308,248,allocated,222.43685438479628,189,91,308,248,allocated,222.43685438479628,189,58,308,271,allocated,383.2430286305634,189,33,308,150,allocated,539.6655519467078,189,95,308,273,existing,1019.0046319838312,189,49,308,234,allocated,795.8063774506624,189,93,308,47,existing,1434.162778209516,189,94,308,394,existing,1785.3874322841243
190,190,70,309,320,allocated,727.5514977322982,190,70,309,248,allocated,334.22963603342413,190,70,309,248,allocated,334.22963603342413,190,58,309,271,allocated,495.03581027919125,190,33,309,150,allocated,651.4583335953356,190,49,309,234,allocated,907.5991590992902,190,95,309,273,existing,1130.7974136324592,190,94,309,394,existing,1673.5946506354967,190,93,309,47,existing,1545.9555598581442
191,191,91,310,276,existing,706.5576424395983,191,91,310,248,allocated,259.8666100064199,191,91,310,248,allocated,259.8666100064199,191,58,310,271,allocated,420.672784252187,191,33,310,150,allocated,577.0953075683314,191,95,310,273,existing,1056.434387605455,191,49,310,234,allocated,833.236133072286,191,93,310,47,existing,1471.59253383114,191,94,310,394,existing,1747.957676662501
192,192,70,311,320,allocated,617.0317015327997,192,70,311,248,allocated,253.34986478653423,192,70,311,248,allocated,253.34986478653423,192,58,311,271,allocated,404.98429744829764,192,33,311,150,allocated,561.406820764442,192,49,311,234,allocated,826.7193878524004,192,95,311,273,existing,1041.7698430413534,192,93,311,47,existing,1430.542928480946,192,94,311,394,existing,1909.5787331768506
193,193,70,314,320,allocated,646.1569186689705,193,70,314,155,existing,507.43665574853264,193,70,314,158,allocated,573.4961320360025,193,49,314,234,allocated,810.0955107394819,193,95,314,273,existing,916.5853587190626,193,94,314,394,existing,1170.5931795378713,193,58,314,271,allocated,1519.8722539630683,193,33,314,150,allocated,1676.2947772792127,193,93,314,47,existing,2208.806296513637
194,194,70,315,320,allocated,538.9446982294912,194,70,315,155,existing,400.2244353090533,194,70,315,320,allocated,538.9446982294912,194,49,315,234,allocated,702.8832903000026,194,95,315,273,existing,809.3731382795833,194,94,315,394,existing,1063.380959098392,194,58,315,271,allocated,1412.660033523589,194,33,315,150,allocated,1569.0825568397333,194,93,315,47,existing,2101.594076074158
195,195,70,316,320,allocated,406.8872878769688,195,70,316,155,existing,268.16702495653095,195,70,316,320,allocated,406.8872878769688,195,49,316,234,allocated,570.8258799474802,195,95,316,273,existing,677.3157279270608,195,58,316,271,allocated,1280.6026231710666,195,94,316,394,existing,931.3235487458696,195,33,316,150,allocated,1437.025146487211,195,93,316,47,existing,1969.5366657216352
196,196,70,317,320,allocated,748.5763488145443,196,70,317,219,existing,323.4376442854466,196,70,317,96,allocated,438.87294393859787,196,49,317,234,allocated,734.8191938857822,196,58,317,271,allocated,765.3079598057434,196,33,317,150,allocated,921.7304831218876,196,95,317,273,existing,1046.4181205868967,196,94,317,394,existing,1694.6195017177427,196,93,317,47,existing,1816.227709384696
197,197,70,318,320,allocated,668.9146538262182,197,70,318,219,existing,243.77594929712046,197,70,318,96,allocated,359.21124895027174,197,49,318,234,allocated,655.1574988974561,197,58,318,271,allocated,685.6462648174172,197,95,318,273,existing,966.7564255985708,197,33,318,150,allocated,842.0687881335615,197,93,318,47,existing,1736.56601439637,197,94,318,394,existing,1614.9578067294165
198,198,70,319,320,allocated,780.5056762505262,198,70,319,248,allocated,387.18381455165206,198,70,319,248,allocated,387.18381455165206,198,58,319,271,allocated,547.9899887974192,198,33,319,150,allocated,704.4125121135636,198,49,319,234,allocated,960.5533376175182,198,95,319,273,existing,1183.7515921506872,198,93,319,47,existing,1598.909738376372,198,94,319,394,existing,1726.5488291537245
199,199,70,320,320,allocated,0.0,199,70,320,155,existing,667.1593522460228,199,70,320,320,allocated,0.0,199,49,320,234,allocated,749.004624520328,199,58,320,271,allocated,1022.0159989810975,199,95,320,273,existing,1038.1952516235729,199,33,320,150,allocated,1178.4385222972417,199,93,320,47,existing,2047.574630013746,199,94,320,394,existing,1292.547031644051
200,200,44,321,215,allocated,536.1909928341938,200,44,321,215,existing,536.1909928341938,200,44,321,321,allocated,0.0,200,33,321,150,allocated,873.30010461604,200,58,321,271,allocated,1029.7226279321844,200,93,321,47,existing,1805.2980251013837,200,95,321,273,existing,1694.7703788146634,200,49,321,234,allocated,1915.658515201584,200,94,321,394,existing,3083.823131765311
201,201,44,325,215,allocated,321.28745342914806,201,44,325,149,existing,178.83238623654705,201,44,325,150,allocated,95.60295425046763,201,33,325,150,allocated,95.60295425046763,201,58,325,271,allocated,252.025477566612,201,49,325,234,allocated,1137.9613648360116,201,95,325,273,existing,1031.2899753939341,201,94,325,394,existing,2420.3427283445817,201,93,325,47,existing,1600.533481712923
202,202,44,326,215,allocated,219.12003949947126,202,44,326,215,existing,219.12003949947126,202,44,326,150,allocated,197.77036818014443,202,33,326,150,allocated,197.77036818014443,202,58,326,271,allocated,354.1928914962888,202,49,326,234,allocated,1220.5508170064425,202,95,326,273,existing,953.712304418709,202,93,326,47,existing,1702.7008956425998,202,94,326,394,existing,2342.765057369357
203,203,44,327,215,allocated,710.4317076341629,203,44,327,375,existing,527.9394939508053,203,44,327,376,allocated,305.7485004355164,203,33,327,150,allocated,689.0820363148362,203,58,327,271,allocated,845.5045596309806,203,95,327,273,existing,938.3935080130316,203,49,327,234,allocated,1205.232020600765,203,94,327,394,existing,2327.4462609636794,203,93,327,47,existing,2194.0125637772917
204,204,90,328,273,existing,214.10061849027747,204,90,328,155,existing,238.21738830006095,204,90,328,234,allocated,97.4983082108372,204,49,328,234,allocated,97.4983082108372,204,95,328,273,existing,214.10061849027747,204,33,328,150,allocated,1013.7474965454724,204,58,328,271,allocated,857.324973229328,204,94,328,394,existing,1364.7590588058883,204,93,328,47,existing,2020.8362860777747
205,205,90,329,273,existing,22.380207056690576,205,90,329,90,existing,219.47344778681546,205,90,329,329,existing,0.0,205,95,329,273,existing,22.380207056690576,205,49,329,234,allocated,289.2187196444241,205,58,329,271,allocated,756.8842907706314,205,33,329,150,allocated,913.3068140867758,205,93,329,47,existing,2106.3966557502067,205,94,329,394,existing,1411.4329600073384
206,206,70,330,320,allocated,548.0638594712034,206,70,330,155,existing,386.8049206895755,206,70,330,108,allocated,441.177407213246,206,49,330,234,allocated,689.4637756805248,206,95,330,273,existing,795.9536236601054,206,94,330,394,existing,1080.3950809275811,206,58,330,271,allocated,1399.240518904111,206,93,330,47,existing,2118.608197903347,206,33,330,150,allocated,1555.6630422202556
207,207,70,331,320,allocated,414.2091455138253,207,70,331,155,existing,252.95020673219747,207,70,331,320,allocated,414.2091455138253,207,49,331,234,allocated,555.6090617231467,207,95,331,273,existing,662.0989097027274,207,94,331,394,existing,946.5403669702032,207,58,331,271,allocated,1265.385804946733,207,33,331,150,allocated,1421.8083282628775,207,93,331,47,existing,1984.7534839459686
208,208,90,333,273,existing,409.95057402002004,208,90,333,155,existing,401.0105023098546,208,90,333,234,allocated,98.35164731890539,208,49,333,234,allocated,98.35164731890539,208,95,333,273,existing,409.95057402002004,208,33,333,150,allocated,944.0067632666385,208,58,333,271,allocated,787.5842399504941,208,93,333,47,existing,1838.5039895294472,208,94,333,394,existing,1527.5521728156818
209,209,44,334,215,allocated,589.9213449239949,209,44,334,215,existing,589.9213449239949,209,44,334,42,allocated,554.9934834303261,209,33,334,150,allocated,568.571673604668,209,58,334,271,allocated,724.9941969208124,209,95,334,273,existing,1185.4660467783028,209,49,334,234,allocated,1452.3045593660363,209,94,334,394,existing,2574.5187997289504,209,93,334,47,existing,2073.5022010671237
210,210,70,335,320,allocated,726.9480470159014,210,70,335,219,existing,301.80934248680353,210,70,335,248,allocated,374.3019161721005,210,58,335,271,allocated,535.1080904178676,210,33,335,150,allocated,691.5306137340119,210,49,335,234,allocated,713.1908920871392,210,95,335,273,existing,1024.7898187882538,210,93,335,47,existing,1586.0278399968206,210,94,335,394,existing,1672.9911999190997
211,211,70,336,320,allocated,592.9988217566328,211,70,336,155,existing,499.9423638149823,211,70,336,320,allocated,592.9988217566328,211,49,336,234,allocated,759.755829774242,211,95,336,273,existing,909.0910667855122,211,58,336,271,allocated,1469.0822510272696,211,94,336,394,existing,915.9643718807092,211,93,336,47,existing,1954.1774888564748,211,33,336,150,allocated,1625.5047743434138
212,212,70,337,320,allocated,204.1702709015208,212,70,337,155,existing,527.479921019993,212,70,337,320,allocated,204.1702709015208,212,49,337,234,allocated,609.3251932942981,212,95,337,273,existing,898.5158203975432,212,58,337,271,allocated,1082.9078767854596,212,94,337,394,existing,1152.8676004180213,212,33,337,150,allocated,1239.330400101604,212,93,337,47,existing,2133.8276263644125
213,213,92,338,276,existing,703.3909777121219,213,92,338,248,allocated,104.93975532117705,213,92,338,248,allocated,104.93975532117705,213,58,338,271,allocated,417.50611952471047,213,33,338,150,allocated,573.9286428408549,213,49,338,234,allocated,678.3092783870432,213,95,338,273,existing,989.9082050881577,213,93,338,47,existing,1468.4258691036634,213,94,338,394,existing,2107.5098038838196
214,214,0,342,5,allocated,334.79590047064465,214,0,342,44,existing,143.8717574418905,214,0,342,59,allocated,273.2522483987399,214,94,342,394,existing,686.9440664451547,214,49,342,234,allocated,742.2564590516218,214,58,342,271,allocated,1535.1399655900616,214,95,342,273,existing,848.7463070312026,214,93,342,47,existing,2525.4693459867276,214,33,342,150,allocated,1691.562488906206
215,215,0,343,5,allocated,448.2100819079777,215,0,343,44,existing,13.46860539147821,215,0,343,108,allocated,293.01129342516936,215,49,343,234,allocated,611.8533070012096,215,95,343,273,existing,718.3431549807902,215,58,343,271,allocated,1404.7368135396493,215,94,343,394,existing,844.2844292785235,215,33,343,150,allocated,1561.1593368557938,215,93,343,47,existing,2548.708943849562
216,216,0,344,5,allocated,220.35277739190434,216,0,344,231,allocated,203.54451013754243,216,0,344,6,allocated,87.78366385983936,216,95,344,273,existing,662.5882502888377,216,49,344,234,allocated,667.6464898281033,216,58,344,271,allocated,1428.1503653448672,216,94,344,394,existing,901.9964822425134,216,93,344,47,existing,2591.6616781933135,216,33,344,150,allocated,1584.5728886610113
217,217,44,345,215,allocated,776.046386424011,217,44,345,100,allocated,92.74112220934515,217,44,345,345,allocated,0.0,217,95,345,273,existing,827.5427206014122,217,33,345,150,allocated,836.5443489950571,217,58,345,271,allocated,992.9668723112015,217,49,345,234,allocated,1094.3812331891456,217,93,345,47,existing,2340.778044687215,217,94,345,394,existing,2216.59547355206
218,218,44,346,215,allocated,723.0608273230147,218,44,346,100,allocated,39.75556310834882,218,44,346,100,allocated,39.75556310834882,218,33,346,150,allocated,783.5587898940609,218,95,346,273,existing,880.5282797024084,218,49,346,234,allocated,1147.366792290142,218,58,346,271,allocated,939.9813132102053,218,93,346,47,existing,2287.792485586219,218,94,346,394,existing,2269.5810326530564
219,219,92,349,276,existing,422.4126707094337,219,92,349,215,existing,498.37936446947424,219,92,349,163,allocated,239.9692474705103,219,33,349,150,allocated,415.260311601405,219,58,349,271,allocated,571.6828349175494,219,49,349,234,allocated,1446.3699118074733,219,95,349,273,existing,1350.9473327448713,219,93,349,47,existing,1457.5168409045311,219,94,349,394,existing,2729.064485452762
220,220,92,350,276,existing,479.33700131833837,220,92,350,215,existing,555.303695078379,220,92,350,430,allocated,207.5005521183629,220,33,350,150,allocated,472.1846422103097,220,58,350,271,allocated,628.6071655264541,220,95,350,273,existing,1407.871663353776,220,49,350,234,allocated,1503.294242416378,220,94,350,394,existing,2785.988816061666,220,93,350,47,existing,1514.4411715134358
221,221,89,351,273,existing,261.91192092977974,221,89,351,90,existing,445.0423267721053,221,89,351,351,allocated,0.0,221,95,351,273,existing,261.91192092977974,221,49,351,234,allocated,573.5108476308944,221,33,351,150,allocated,1140.7787638491363,221,58,351,271,allocated,1039.773279014822,221,94,351,394,existing,1189.39582718671,221,93,351,47,existing,2389.285643994397
222,222,0,353,5,allocated,106.83778473264738,222,0,353,231,allocated,90.0295174782855,222,0,353,231,allocated,90.0295174782855,222,95,353,273,existing,780.5949501849868,222,94,353,394,existing,783.6726129230614,222,58,353,271,allocated,1559.8594480123088,222,49,353,234,allocated,815.3141004969989,222,33,353,150,allocated,1716.2819713284532,222,93,353,47,existing,2622.1978924646346
223,223,89,354,273,existing,265.71619154848383,223,89,354,155,existing,289.83296135826737,223,89,354,234,allocated,149.1138812690436,223,49,354,234,allocated,149.1138812690436,223,95,354,273,existing,265.71619154848383,223,58,354,271,allocated,805.7094001711216,223,33,354,150,allocated,962.131923487266,223,94,354,394,existing,1416.3746318640947,223,93,354,47,existing,1969.220713019568
224,224,44,356,215,allocated,298.9101151266651,224,44,356,215,existing,298.9101151266651,224,44,356,204,allocated,184.42065436430133,224,33,356,150,allocated,636.0192269085113,224,58,356,271,allocated,792.4417502246557,224,95,356,273,existing,1361.882920491017,224,49,356,234,allocated,1628.7214330787506,224,94,356,394,existing,2750.935673441665,224,93,356,47,existing,1930.2492038750565
225,225,0,357,5,allocated,273.11576134608276,225,0,357,231,allocated,289.9240286004446,225,0,357,230,allocated,18.962317258065557,225,94,357,394,existing,408.56329164350177,225,95,357,273,existing,980.489461307146,225,58,357,271,allocated,1759.753959134468,225,49,357,234,allocated,1043.7835380554184,225,93,357,47,existing,2247.088571185075,225,33,357,150,allocated,1916.1764824506124
226,226,44,359,215,allocated,1081.4854056880367,226,44,359,100,allocated,398.1801414733708,226,44,359,359,allocated,0.0,226,33,359,150,allocated,1141.983368259083,226,58,359,271,allocated,1298.405891575227,226,49,359,234,allocated,1585.3024968718616,226,95,359,273,existing,1318.463984284128,226,94,359,394,existing,2707.516737234776,226,93,359,47,existing,2646.2170639512406
227,227,0,361,5,allocated,693.3327904444886,227,0,361,44,existing,304.399699892692,227,0,361,108,allocated,362.8390118921062,227,49,361,234,allocated,681.6810254681465,227,95,361,273,existing,788.1708734477271,227,58,361,271,allocated,1474.5645320065862,227,94,361,394,existing,1027.1099400215348,227,93,361,47,existing,2438.4581189946384,227,33,361,150,allocated,1630.9870553227306
228,228,44,364,215,allocated,432.28113467982337,228,44,364,215,existing,432.28113467982337,228,44,364,204,allocated,193.71035248985558,228,33,364,150,allocated,769.3902464616696,228,58,364,271,allocated,925.812769777814,228,49,364,234,allocated,1753.9204747580495,228,95,364,273,existing,1487.0819621703158,228,93,364,47,existing,2063.620223428215,228,94,364,394,existing,2876.1347151209643
229,229,0,365,5,allocated,436.113255409987,229,0,365,44,existing,330.8443600039036,229,0,365,73,allocated,55.168431666231115,229,49,365,234,allocated,336.5659569324397,229,95,365,273,existing,443.0558049120204,229,94,365,394,existing,1115.01845004486,229,58,365,271,allocated,1129.4494634708794,229,33,365,150,allocated,1285.8719867870238,229,93,365,47,existing,2273.421593780792
230,230,44,366,215,allocated,550.484506853651,230,44,366,100,allocated,132.8207573610148,230,44,366,100,allocated,132.8207573610148,230,33,366,150,allocated,610.9824694246972,230,58,366,271,allocated,767.4049927408416,230,95,366,273,existing,1053.104600171772,230,49,366,234,allocated,1319.9431127595058,230,94,366,394,existing,2442.1573531224203,230,93,366,47,existing,2115.2161651168553
231,231,44,367,215,allocated,682.0164020211091,231,44,367,375,existing,561.5193657453326,231,44,367,42,allocated,341.5008164595823,231,33,367,150,allocated,660.6667307017822,231,58,367,271,allocated,817.0892540179266,231,95,367,273,existing,971.9733798075589,231,49,367,234,allocated,1238.8118923952923,231,93,367,47,existing,2165.5972581642377,231,94,367,394,existing,2361.0261327582066
232,232,44,368,215,allocated,431.814833535195,232,44,368,215,existing,431.814833535195,232,44,368,368,allocated,0.0,232,33,368,150,allocated,762.4109546692333,232,58,368,271,allocated,918.8334779853776,232,93,368,47,existing,1652.3614753715042,232,95,368,273,existing,1590.3942195156644,232,94,368,394,existing,2979.446972466312,232,49,368,234,allocated,1793.5205548753015
233,233,90,375,273,existing,512.9127830849839,233,90,375,375,existing,0.0,233,90,375,375,allocated,0.0,233,95,375,273,existing,512.9127830849839,233,58,375,271,allocated,676.0850489383301,233,33,375,150,allocated,741.0286585366271,233,49,375,234,allocated,744.091123764281,233,94,375,394,existing,1901.9655360356317,233,93,375,47,existing,2025.5974139179052
234,234,89,376,273,existing,632.6450075775151,234,89,376,375,existing,222.19099351528888,234,89,376,376,allocated,0.0,234,95,376,273,existing,632.6450075775151,234,33,376,150,allocated,805.5003569156002,234,58,376,271,allocated,868.5446718799024,234,49,376,234,allocated,899.4835201652487,234,94,376,394,existing,2021.697760528163,234,93,376,47,existing,2218.0570368594776
235,235,44,377,215,allocated,621.2090899893147,235,44,377,375,existing,617.1621115956534,235,44,377,376,allocated,394.9711180803646,235,33,377,150,allocated,599.8594186699879,235,58,377,271,allocated,756.2819419861323,235,49,377,234,allocated,1294.4546382456133,235,95,377,273,existing,1027.6161256578798,235,93,377,47,existing,2104.789946132443,235,94,377,394,existing,2416.6688786085274
236,236,0,378,5,allocated,282.0924372657004,236,0,378,44,existing,214.9462370442985,236,0,378,59,allocated,202.17776879633192,236,94,378,394,existing,615.8695868427467,236,49,378,234,allocated,813.3309386540299,236,58,378,271,allocated,1606.2144451924696,236,95,378,273,existing,919.8207866336106,236,93,378,47,existing,2454.3948663843203,236,33,378,150,allocated,1762.636968508614
237,237,70,379,320,allocated,587.8393724703019,237,70,379,248,allocated,618.4639302615094,237,70,379,320,allocated,587.8393724703019,237,58,379,271,allocated,770.0983629232728,237,33,379,150,allocated,926.5208862394172,237,95,379,273,existing,1406.8839085163286,237,49,379,234,allocated,1191.8334533273755,237,93,379,47,existing,1795.6569939559213,237,94,379,394,existing,1880.386404114353
238,238,70,380,320,allocated,560.7502527373451,238,70,380,248,allocated,591.3748105285526,238,70,380,320,allocated,560.7502527373451,238,58,380,271,allocated,743.009243190316,238,33,380,150,allocated,899.4317665064605,238,49,380,234,allocated,1164.7443335944188,238,95,380,273,existing,1379.7947887833718,238,94,380,394,existing,1853.2972843813964,238,93,380,47,existing,1768.5678742229647
239,239,0,381,5,allocated,188.01320401263675,239,0,381,231,allocated,204.50947036890338,239,0,381,59,allocated,108.09853554326823,239,94,381,394,existing,521.790353589683,239,95,381,273,existing,895.0749030756048,239,58,381,271,allocated,1674.3394009029266,239,49,381,234,allocated,907.4101719070935,239,33,381,150,allocated,1830.7619242190713,239,93,381,47,existing,2360.3156331312566
240,240,44,382,215,allocated,336.6146452933246,240,44,382,149,existing,117.27310713247302,240,44,382,147,allocated,16.92065493230881,240,33,382,150,allocated,34.043675146393596,240,58,382,271,allocated,190.46619846253796,240,95,382,273,existing,969.7306962898599,240,49,382,234,allocated,1065.1532753524618,240,93,382,47,existing,1504.7281621806794,240,94,382,394,existing,2347.84784899775
241,241,90,386,273,existing,230.62903925025194,241,90,386,155,existing,221.68896754008648,241,90,386,234,allocated,80.96988745086273,241,49,386,234,allocated,80.96988745086273,241,95,386,273,existing,230.62903925025194,241,33,386,150,allocated,1030.275917305447,241,58,386,271,allocated,873.8533939893025,241,93,386,47,existing,2017.825524299215,241,94,386,394,existing,1348.2306380459138
242,242,92,388,276,existing,276.95278562443934,242,92,388,149,existing,93.67841149717756,242,92,388,271,allocated,20.485320167112626,242,58,388,271,allocated,20.485320167112626,242,33,388,150,allocated,170.48768080186625,242,95,388,273,existing,799.7498179944346,242,49,388,234,allocated,894.8679598323715,242,93,388,47,existing,1334.442846660589,242,94,388,394,existing,2177.56253347766
243,243,92,397,276,existing,522.4546042734714,243,92,397,248,allocated,93.14652504403716,243,92,397,248,allocated,93.14652504403716,243,58,397,271,allocated,244.78095770580057,243,33,397,150,allocated,401.2034810219449,243,49,397,234,allocated,666.5160481099033,243,95,397,273,existing,881.5665032988563,243,94,397,394,existing,1949.2106217551914,243,93,397,47,existing,1270.339588738449
244,244,0,403,5,allocated,533.7959628512075,244,0,403,44,existing,466.64976262980554,244,0,403,59,allocated,453.8812943818389,244,94,403,394,existing,867.5731124282538,244,49,403,234,allocated,989.2242481701363,244,95,403,273,existing,1095.714096149717,244,58,403,271,allocated,1764.4544888230453,244,33,403,150,allocated,1920.8770121391897,244,93,403,47,existing,2483.822167822281
245,245,0,404,5,allocated,710.2495986160236,245,0,404,44,existing,435.4892868298658,245,0,404,108,allocated,493.92859882927996,245,49,404,234,allocated,812.7706124053202,245,95,404,273,existing,919.2604603849009,245,58,404,271,allocated,1588.000853058229,245,94,404,394,existing,1044.02674819307,245,93,404,47,existing,2307.368532057465,245,33,404,150,allocated,1744.4233763743734
246,246,70,405,320,allocated,876.3146021774705,246,70,405,219,existing,459.963227099859,246,70,405,248,allocated,482.9927404785964,246,58,405,271,allocated,643.7989147243635,246,33,405,150,allocated,800.2214380405079,246,95,405,273,existing,1182.9437034013092,246,49,405,234,allocated,871.3447767001946,246,93,405,47,existing,1694.7186643033165,246,94,405,394,existing,1822.357755080669
247,247,44,406,215,allocated,491.9136704165377,247,44,406,215,existing,491.9136704165377,247,44,406,406,allocated,0.0,247,33,406,150,allocated,709.1877157695953,247,58,406,271,allocated,865.6102390857396,247,93,406,47,existing,1592.2626384901616,247,95,406,273,existing,1644.8747369130617,247,94,406,394,existing,3022.991889620952,247,49,406,234,allocated,1740.2973159756637
248,248,0,407,5,allocated,736.4197773269849,248,0,407,44,existing,347.48668677518833,248,0,407,108,allocated,405.9259987746025,248,49,407,234,allocated,724.7680123506427,248,95,407,273,existing,831.2578603302234,248,58,407,271,allocated,1517.6515188890826,248,94,407,394,existing,1070.1969269040312,248,93,407,47,existing,2395.3711321121423,248,33,407,150,allocated,1674.0740422052268
249,249,44,408,215,allocated,454.2334500622345,249,44,408,149,existing,406.5133319324133,249,44,408,236,allocated,87.82364140591781,249,33,408,150,allocated,323.2838999463339,249,58,408,271,allocated,479.70642326247827,249,95,408,273,existing,1188.8257149814722,249,49,408,234,allocated,1365.642310531878,249,94,408,394,existing,2577.8784679321197,249,93,408,47,existing,1828.2144274087893
250,250,44,409,215,allocated,409.1531625045266,250,44,409,215,existing,409.1531625045266,250,44,409,236,allocated,132.9039289636257,250,33,409,150,allocated,368.3641875040418,250,58,409,271,allocated,524.7867108201862,250,49,409,234,allocated,1410.5839400114978,250,95,409,273,existing,1143.7454274237643,250,93,409,47,existing,1873.2947149664972,250,94,409,394,existing,2532.798180374412
251,251,70,410,320,allocated,452.7567821762888,251,70,410,219,existing,535.3864539598086,251,70,410,234,allocated,392.2978397513586,251,49,410,234,allocated,392.2978397513586,251,95,410,273,existing,681.4884668546035,251,94,410,394,existing,1187.4501541546604,251,58,410,271,allocated,1084.5917311858148,251,33,410,150,allocated,1241.0142545019592,251,93,410,47,existing,2135.511480764768
252,252,70,411,320,allocated,606.6437789536451,252,70,411,248,allocated,564.245681885338,252,70,411,248,allocated,564.245681885338,252,58,411,271,allocated,715.8801145471014,252,33,411,150,allocated,872.3026378632456,252,95,411,273,existing,1352.665660140157,252,49,411,234,allocated,1137.6152049512039,252,94,411,394,existing,1899.1908105976963,252,93,411,47,existing,1741.4387455797498
253,253,70,412,320,allocated,643.7177784318113,253,70,412,248,allocated,527.1716824071717,253,70,412,248,allocated,527.1716824071717,253,58,412,271,allocated,678.8061150689351,253,33,412,150,allocated,835.2286383850794,253,95,412,273,existing,1315.5916606619908,253,49,412,234,allocated,1100.5412054730377,253,93,412,47,existing,1704.3647461015835,253,94,412,394,existing,1936.2648100758624
254,254,70,415,320,allocated,253.2365547101802,254,70,415,248,allocated,617.1450116091538,254,70,415,320,allocated,253.2365547101802,254,58,415,271,allocated,768.7794442709172,254,33,415,150,allocated,925.2019675870615,254,49,415,234,allocated,1002.2411792305081,254,95,415,273,existing,1291.4318063337532,254,93,415,47,existing,1794.3380753035658,254,94,415,394,existing,1545.7835863542314
255,255,92,416,276,existing,589.7494095352586,255,92,416,215,existing,638.7032237980709,255,92,416,430,allocated,97.08814390144269,255,33,416,150,allocated,582.5970504272299,255,58,416,271,allocated,739.0195737433742,255,95,416,273,existing,1518.2840715706961,255,49,416,234,allocated,1613.706650633298,255,94,416,394,existing,2896.401224278586,255,93,416,47,existing,1624.853579730356
256,256,44,418,215,allocated,377.3666621580595,256,44,418,215,existing,377.3666621580595,256,44,418,42,allocated,342.4388006643908,256,33,418,150,allocated,356.0169908387327,256,58,418,271,allocated,512.4395141548771,256,49,418,234,allocated,1239.7498766001008,256,95,418,273,existing,972.9113640123674,256,93,418,47,existing,1860.9475183011882,256,94,418,394,existing,2361.964116963015
257,257,70,419,320,allocated,251.775075688347,257,70,419,155,existing,547.5237793557881,257,70,419,320,allocated,251.775075688347,257,49,419,234,allocated,497.22954883198094,257,95,419,273,existing,786.420175935226,257,94,419,394,existing,1197.8182285915454,257,58,419,271,allocated,1102.9517351212548,257,93,419,47,existing,2153.8714847002075,257,33,419,150,allocated,1259.374258437399
258,258,0,420,5,allocated,566.0468721653245,258,0,420,44,existing,431.6856181718561,258,0,420,59,allocated,486.132203695956,258,49,420,234,allocated,808.9669437473106,258,94,420,394,existing,899.8240217423709,258,95,420,273,existing,915.4567917268912,258,58,420,271,allocated,1601.8504502857504,258,93,420,47,existing,2565.744037273803,258,33,420,150,allocated,1758.2729736018946
259,259,0,421,5,allocated,244.3190520440379,259,0,421,231,allocated,227.510784789676,259,0,421,6,allocated,111.74993851197294,259,49,421,234,allocated,643.6802151759697,259,95,421,273,existing,686.5545249409713,259,58,421,271,allocated,1404.1840906927337,259,94,421,394,existing,925.9627568946469,259,93,421,47,existing,2567.69540354118,259,33,421,150,allocated,1560.6066140088778
260,260,70,425,320,allocated,241.76023424876334,260,70,425,248,allocated,628.6213320705707,260,70,425,320,allocated,241.76023424876334,260,58,425,271,allocated,780.2557647323341,260,33,425,150,allocated,936.6782880484784,260,95,425,273,existing,1279.9554858723363,260,49,425,234,allocated,990.7648587690912,260,94,425,394,existing,1534.3072658928145,260,93,425,47,existing,1805.8143957649827
261,261,70,427,320,allocated,606.3372328791319,261,70,427,155,existing,513.2807749374814,261,70,427,320,allocated,606.3372328791319,261,94,427,394,existing,686.2097987649192,261,49,427,234,allocated,773.0942408967411,261,58,427,271,allocated,1482.4206621497688,261,95,427,273,existing,922.4294779080113,261,33,427,150,allocated,1638.843185465913,261,93,427,47,existing,1853.033195550382
262,262,44,429,215,allocated,326.4080243863361,262,44,429,215,existing,326.4080243863361,262,44,429,236,allocated,215.64906708181624,262,33,429,150,allocated,305.05835306700925,262,58,429,271,allocated,461.4808763831536,262,49,429,234,allocated,1327.8388018933072,262,95,429,273,existing,1061.0002893055737,262,94,429,394,existing,2450.0530422562215,262,93,429,47,existing,1809.9888805294645
263,263,44,430,215,allocated,541.6150798966282,263,44,430,215,existing,541.6150798966282,263,44,430,430,allocated,0.0,263,33,430,150,allocated,659.4863062895048,263,58,430,271,allocated,815.9088296056491,263,95,430,273,existing,1595.173327432971,263,93,430,47,existing,1542.561229010071,263,49,430,234,allocated,1690.595906495573,263,94,430,394,existing,2973.2904801408613
