,assign_from_var_id_grocery,assign_to_var_id_grocery,assign_from_node_id_grocery,assign_to_node_id_grocery,assign_type_grocery,dist_grocery,assign_from_var_id_school,assign_to_var_id_school,assign_from_node_id_school,assign_to_node_id_school,assign_type_school,dist_school,assign_from_var_id_healthcare,assign_to_var_id_healthcare,assign_from_node_id_healthcare,assign_to_node_id_healthcare,assign_type_healthcare,dist_healthcare,0_assign_from_var_id_restaurant,0_assign_to_var_id_restaurant,0_assign_from_node_id_restaurant,0_assign_to_node_id_restaurant,0_assign_type_restaurant,0_dist_restaurant,1_assign_from_var_id_restaurant,1_assign_to_var_id_restaurant,1_assign_from_node_id_restaurant,1_assign_to_node_id_restaurant,1_assign_type_restaurant,1_dist_restaurant,2_assign_from_var_id_restaurant,2_assign_to_var_id_restaurant,2_assign_from_node_id_restaurant,2_assign_to_node_id_restaurant,2_assign_type_restaurant,2_dist_restaurant,3_assign_from_var_id_restaurant,3_assign_to_var_id_restaurant,3_assign_from_node_id_restaurant,3_assign_to_node_id_restaurant,3_assign_type_restaurant,3_dist_restaurant,4_assign_from_var_id_restaurant,4_assign_to_var_id_restaurant,4_assign_from_node_id_restaurant,4_assign_to_node_id_restaurant,4_assign_type_restaurant,4_dist_restaurant,5_assign_from_var_id_restaurant,5_assign_to_var_id_restaurant,5_assign_from_node_id_restaurant,5_assign_to_node_id_restaurant,5_assign_type_restaurant,5_dist_restaurant,6_assign_from_var_id_restaurant,6_assign_to_var_id_restaurant,6_assign_from_node_id_restaurant,6_assign_to_node_id_restaurant,6_assign_type_restaurant,6_dist_restaurant,7_assign_from_var_id_restaurant,7_assign_to_var_id_restaurant,7_assign_from_node_id_restaurant,7_assign_to_node_id_restaurant,7_assign_type_restaurant,7_dist_restaurant,8_assign_from_var_id_restaurant,8_assign_to_var_id_restaurant,8_assign_from_node_id_restaurant,8_assign_to_node_id_restaurant,8_assign_type_restaurant,8_dist_restaurant,9_assign_from_var_id_restaurant,9_assign_to_var_id_restaurant,9_assign_from_node_id_restaurant,9_assign_to_node_id_restaurant,9_assign_type_restaurant,9_dist_restaurant
0,0,1,10,12,allocated,622.1617622626778,0,1,10,449,existing,546.531764511637,0,1,10,213,allocated,290.98415371374364,0,33,10,247,allocated,568.8119662161301,0,127,10,174,existing,1279.660616730282,0,120,10,635,existing,1532.8838250244103,0,117,10,546,existing,1507.8123977640028,0,121,10,185,existing,1651.58557903277,0,118,10,154,existing,1604.765133269089,0,75,10,595,allocated,1537.8868713706884,0,122,10,185,existing,1651.58557903277,0,78,10,604,allocated,1655.4598398936348,0,116,10,184,existing,1728.9165985227655
1,1,1,11,12,allocated,605.6121733965163,1,1,11,449,existing,563.0813533777987,1,1,11,213,allocated,307.53374257990527,1,33,11,247,allocated,585.3615550822918,1,127,11,174,existing,1296.2102055964438,1,120,11,635,existing,1549.433413890572,1,117,11,546,existing,1524.3619866301642,1,121,11,185,existing,1668.1351678989315,1,122,11,185,existing,1668.1351678989315,1,118,11,154,existing,1621.3147221352506,1,75,11,595,allocated,1554.43646023685,1,78,11,604,allocated,1672.0094287597965,1,116,11,184,existing,1745.4661873889268
2,2,1,13,12,allocated,180.22743471424556,2,1,13,12,existing,180.22743471424556,2,1,13,12,allocated,180.22743471424556,2,33,13,247,allocated,1010.7462937645624,2,117,13,546,existing,1177.7053903244614,2,120,13,635,existing,1194.697470865961,2,116,13,184,existing,1398.8095910832242,2,121,13,185,existing,1638.0243178898595,2,128,13,461,existing,1599.3404575694246,2,122,13,185,existing,1638.0243178898595,2,119,13,246,existing,1559.3083441089746,2,118,13,154,existing,1871.954946349587,2,127,13,174,existing,1721.5949442787141
3,3,113,16,343,existing,666.5516162980011,3,113,16,618,existing,228.23384262170978,3,113,16,618,allocated,228.23384262170978,3,123,16,39,existing,963.7695992743154,3,126,16,691,existing,1026.309753529495,3,119,16,246,existing,1092.607714191676,3,125,16,619,existing,1096.0684627131564,3,117,16,546,existing,1288.7074435546774,3,124,16,619,existing,1096.0684627131564,3,120,16,635,existing,1257.1159188816519,3,128,16,461,existing,1132.639827652126,3,116,16,184,existing,1378.402016532462,3,121,16,185,existing,1617.6167433390974
4,4,113,17,343,existing,828.0466222478301,4,113,17,618,existing,360.79633729109185,4,113,17,618,allocated,360.79633729109185,4,123,17,39,existing,1092.4936956678184,4,126,17,691,existing,1155.033849922998,4,125,17,619,existing,1224.7925591066594,4,124,17,619,existing,1224.7925591066594,4,117,17,546,existing,1448.203068943706,4,128,17,461,existing,1294.134833601955,4,119,17,246,existing,1254.102720141505,4,120,17,635,existing,1418.610924831481,4,116,17,184,existing,1539.8970224822913,4,121,17,185,existing,1779.1117492889266
5,5,115,18,604,existing,375.05107765362527,5,115,18,712,existing,655.2204532796372,5,115,18,595,allocated,257.47810913067894,5,75,18,595,allocated,257.47810913067894,5,78,18,604,allocated,375.05107765362527,5,127,18,174,existing,1623.227318191844,5,33,18,247,allocated,1226.5530142852372,5,120,18,635,existing,1958.2388249654437,5,122,18,185,existing,2070.4204815611856,5,117,18,546,existing,1926.647300292418,5,118,18,154,existing,1992.2405306450946,5,121,18,185,existing,2070.4204815611856,5,116,18,184,existing,2147.7515010511806
6,6,115,19,604,existing,492.32798917463015,6,115,19,712,existing,772.4973648006421,6,115,19,595,allocated,374.75502065168376,6,75,19,595,allocated,374.75502065168376,6,78,19,604,allocated,492.32798917463015,6,127,19,174,existing,1740.5042297128489,6,33,19,247,allocated,1343.829925806242,6,121,19,185,existing,2187.6973930821905,6,118,19,154,existing,2109.5174421660995,6,117,19,546,existing,2043.924211813423,6,120,19,635,existing,2075.5157364864485,6,116,19,184,existing,2265.0284125721855,6,122,19,185,existing,2187.6973930821905
7,7,82,20,647,allocated,678.9386225595891,7,82,20,556,allocated,393.7427944621388,7,82,20,6,allocated,53.41916071693766,7,127,20,174,existing,112.96249099061079,7,118,20,154,existing,445.4233736062448,7,121,20,185,existing,679.3540020659724,7,33,20,247,allocated,674.4241413810114,7,122,20,185,existing,679.3540020659724,7,120,20,635,existing,1152.4597580692823,7,117,20,546,existing,1139.6729296313704,7,116,20,184,existing,918.5687288726077,7,128,20,461,existing,1231.9690795680556,7,75,20,595,allocated,1289.3390479081709
8,8,82,21,647,allocated,578.4795987788938,8,82,21,556,allocated,288.4533304377374,8,82,21,21,allocated,0.0,8,127,21,174,existing,218.25195501501221,8,118,21,154,existing,550.7128376306462,8,33,21,247,allocated,779.7136054054129,8,121,21,185,existing,784.6434660903739,8,122,21,185,existing,784.6434660903739,8,117,21,546,existing,1244.9623936557718,8,116,21,184,existing,1023.8581928970092,8,75,21,595,allocated,1184.0495838837694,8,78,21,604,allocated,1301.6225524067158,8,120,21,635,existing,1257.7492220936838
9,9,115,22,604,existing,1128.6668768359718,9,115,22,201,existing,1104.1516813444505,9,115,22,201,allocated,1104.1516813444505,9,75,22,595,allocated,1121.8581144836655,9,78,22,604,allocated,1128.6668768359718,9,127,22,174,existing,2487.6073235448307,9,33,22,247,allocated,2090.933019638224,9,117,22,546,existing,2791.0273056454043,9,118,22,154,existing,2856.620535998081,9,122,22,185,existing,2934.800486914172,9,120,22,635,existing,2822.61883031843,9,121,22,185,existing,2934.800486914172,9,116,22,184,existing,3012.1315064041673
10,10,115,23,604,existing,1142.785867643794,10,115,23,201,existing,1118.2706721522727,10,115,23,539,allocated,1064.6786505948858,10,78,23,604,allocated,1142.785867643794,10,75,23,595,allocated,1197.4702834082057,10,127,23,174,existing,2563.219492469371,10,33,23,247,allocated,2166.545188562764,10,121,23,185,existing,3010.412655838712,10,118,23,154,existing,2932.232704922621,10,120,23,635,existing,2898.23099924297,10,117,23,546,existing,2866.6394745699445,10,116,23,184,existing,3087.7436753287075,10,122,23,185,existing,3010.412655838712
11,11,82,24,647,allocated,1037.7242853663286,11,82,24,556,allocated,382.29420343976403,11,82,24,168,allocated,77.97816792767104,11,127,24,174,existing,307.511109116934,11,118,24,154,existing,822.91923557379,11,121,24,185,existing,1056.8498640335176,11,33,24,247,allocated,1051.9200033485567,11,122,24,185,existing,1056.8498640335176,11,75,24,595,allocated,1277.890456885796,11,116,24,184,existing,1296.064590840153,11,78,24,604,allocated,1395.4634254087423,11,120,24,635,existing,1529.9556200368277,11,117,24,546,existing,1517.1687915989157
12,12,82,25,647,allocated,1064.2416205935112,12,82,25,556,allocated,408.8115386669466,12,82,25,168,allocated,51.460832700488446,12,127,25,174,existing,334.02844434411656,12,118,25,154,existing,849.4365708009725,12,121,25,185,existing,1083.3671992607,12,33,25,247,allocated,1078.4373385757392,12,75,25,595,allocated,1304.4077921129785,12,116,25,184,existing,1322.5819260673356,12,122,25,185,existing,1083.3671992607,12,78,25,604,allocated,1421.980760635925,12,120,25,635,existing,1556.4729552640101,12,117,25,546,existing,1543.6861268260982
13,13,39,26,301,allocated,467.29989407746984,13,39,26,335,existing,214.8716555011112,13,39,26,335,allocated,214.8716555011112,13,118,26,154,existing,608.4660294141944,13,116,26,184,existing,779.2845548162965,13,121,26,185,existing,842.396657873922,13,122,26,185,existing,842.396657873922,13,128,26,461,existing,1027.159892258127,13,117,26,546,existing,1000.3887555750592,13,120,26,635,existing,1013.175584012971,13,127,26,174,existing,1068.5031529803432,13,119,26,246,existing,1236.5775607592984,13,33,26,247,allocated,1681.7106992110957
14,14,39,27,301,allocated,433.4493853697323,14,39,27,335,existing,225.89335373735938,14,39,27,335,allocated,225.89335373735938,14,118,27,154,existing,428.2771943509234,14,116,27,184,existing,576.4462613266343,14,122,27,185,existing,662.207822810651,14,121,27,185,existing,662.207822810651,14,117,27,546,existing,797.550462085397,14,127,27,174,existing,888.3143179170722,14,120,27,635,existing,810.3372905233088,14,128,27,461,existing,824.3215987684647,14,119,27,246,existing,1033.7392672696362,14,33,27,247,allocated,1501.5218641478245
15,15,112,28,691,existing,669.700544265358,15,112,28,691,allocated,669.700544265358,15,112,28,691,existing,669.700544265358,15,126,28,691,existing,669.700544265358,15,125,28,619,existing,739.4592534490193,15,123,28,39,existing,1075.831441246168,15,124,28,619,existing,739.4592534490193,15,117,28,546,existing,2162.4899850673332,15,120,28,635,existing,2130.8984603943077,15,119,28,246,existing,1937.873892252256,15,128,28,461,existing,1977.906005712706,15,121,28,185,existing,2491.3992848517532,15,116,28,184,existing,2252.1845580451177
16,16,112,29,691,existing,833.0845117305867,16,112,29,691,allocated,833.0845117305867,16,112,29,691,allocated,833.0845117305867,16,126,29,691,existing,833.0845117305867,16,125,29,619,existing,902.8432209142481,16,123,29,39,existing,1239.2154087113968,16,124,29,619,existing,902.8432209142481,16,117,29,546,existing,2325.873952532562,16,120,29,635,existing,2294.2824278595363,16,128,29,461,existing,2141.289973177935,16,119,29,246,existing,2101.2578597174847,16,121,29,185,existing,2654.783252316982,16,116,29,184,existing,2415.5685255103463
17,17,39,30,301,allocated,337.38876542978284,17,39,30,335,existing,129.83273379740993,17,39,30,335,allocated,129.83273379740993,17,116,30,184,existing,495.675503669101,17,118,30,154,existing,524.3378142908729,17,117,30,546,existing,716.7797044278637,17,120,30,635,existing,729.5665328657755,17,121,30,185,existing,734.8902304757363,17,119,30,246,existing,952.9685096121029,17,122,30,185,existing,734.8902304757363,17,128,30,461,existing,743.5508411109314,17,33,30,247,allocated,1597.582484087774,17,127,30,174,existing,984.3749378570217
18,18,112,31,691,existing,696.0212446619635,18,112,31,691,allocated,696.0212446619635,18,112,31,691,allocated,696.0212446619635,18,126,31,691,existing,696.0212446619635,18,124,31,619,existing,765.779953845625,18,125,31,619,existing,765.779953845625,18,123,31,39,existing,1102.1521416427736,18,119,31,246,existing,1466.023311168752,18,117,31,546,existing,1843.4627780677808,18,128,31,461,existing,1658.8787987131539,18,120,31,635,existing,1811.8712533947553,18,116,31,184,existing,1933.1573510455655,18,122,31,185,existing,2172.372077852201
19,19,112,32,691,existing,742.8743058487253,19,112,32,691,allocated,742.8743058487253,19,112,32,691,allocated,742.8743058487253,19,126,32,691,existing,742.8743058487253,19,124,32,619,existing,812.6330150323867,19,123,32,39,existing,1149.0052028295354,19,125,32,619,existing,812.6330150323867,19,117,32,546,existing,1890.3158392545424,19,120,32,635,existing,1858.7243145815169,19,119,32,246,existing,1512.8763723555135,19,128,32,461,existing,1705.7318598999154,19,116,32,184,existing,1980.010412232327,19,122,32,185,existing,2219.2251390389624
20,20,115,33,604,existing,1071.1414090463115,20,115,33,201,existing,1046.62621355479,20,115,33,201,allocated,1046.62621355479,20,75,33,595,allocated,1064.3326466940055,20,78,33,604,allocated,1071.1414090463115,20,127,33,174,existing,2430.0818557551706,20,33,33,247,allocated,2033.4075518485638,20,120,33,635,existing,2765.09336252877,20,117,33,546,existing,2733.5018378557443,20,122,33,185,existing,2877.275019124512,20,118,33,154,existing,2799.095068208421,20,116,33,184,existing,2954.6060386145073,20,121,33,185,existing,2877.275019124512
21,21,112,34,691,existing,681.5371380553016,21,112,34,691,allocated,681.5371380553016,21,112,34,340,allocated,381.881705447561,21,125,34,619,existing,611.7784288716402,21,124,34,619,existing,611.7784288716402,21,123,34,39,existing,1088.619603350175,21,126,34,691,existing,681.5371380553016,21,120,34,635,existing,1478.1665996725505,21,117,34,546,existing,1509.758124345576,21,119,34,246,existing,1132.3186574465471,21,128,34,461,existing,1325.174144990949,21,116,34,184,existing,1599.4526973233608,21,122,34,185,existing,1838.667424129996
22,22,112,35,691,existing,629.9145385329628,22,112,35,691,allocated,629.9145385329628,22,112,35,340,allocated,330.2591059252222,22,125,35,619,existing,560.1558293493014,22,124,35,619,existing,560.1558293493014,22,126,35,691,existing,629.9145385329628,22,123,35,39,existing,1036.9970038278364,22,119,35,246,existing,1080.6960579242082,22,117,35,546,existing,1458.1355248232371,22,120,35,635,existing,1426.5440001502116,22,128,35,461,existing,1273.5515454686101,22,116,35,184,existing,1547.8300978010218,22,122,35,185,existing,1787.0448246076571
23,23,115,36,604,existing,516.2011568040421,23,115,36,201,existing,43.98080201091419,23,115,36,201,allocated,43.98080201091419,23,78,36,604,allocated,516.2011568040421,23,75,36,595,allocated,633.7741253269884,23,127,36,174,existing,1576.5776716409991,23,33,36,247,allocated,1133.3320365707118,23,122,36,185,existing,1977.1995038466603,23,117,36,546,existing,1833.4263225778927,23,120,36,635,existing,1865.0178472509183,23,118,36,154,existing,1905.4134472062779,23,116,36,184,existing,2054.5305233366553,23,121,36,185,existing,1977.1995038466603
24,24,115,37,604,existing,632.7303736486882,24,115,37,201,existing,160.51001885556036,24,115,37,201,allocated,160.51001885556036,24,78,37,604,allocated,632.7303736486882,24,75,37,595,allocated,750.3033421716345,24,33,37,247,allocated,1249.8612534153579,24,127,37,174,existing,1693.1068884856452,24,117,37,546,existing,1949.9555394225388,24,118,37,154,existing,2021.942664050924,24,121,37,185,existing,2093.728720691306,24,120,37,635,existing,1981.5470640955643,24,122,37,185,existing,2093.728720691306,24,116,37,184,existing,2171.0597401813015
25,25,112,38,691,existing,247.83899911172142,25,112,38,691,allocated,247.83899911172142,25,112,38,711,allocated,244.77439254764076,25,123,38,39,existing,159.2434661831523,25,126,38,691,existing,247.83899911172142,25,125,38,619,existing,317.5977082953828,25,124,38,619,existing,317.5977082953828,25,128,38,461,existing,1538.295495817059,25,119,38,246,existing,1498.2633823566089,25,120,38,635,existing,1665.40588816271,25,117,38,546,existing,1696.9974128357355,25,116,38,184,existing,1786.6919858135202,25,122,38,185,existing,2025.9067126201558
26,26,112,39,691,existing,407.08246529487366,26,112,39,691,allocated,407.08246529487366,26,112,39,711,allocated,404.017858730793,26,123,39,39,existing,0.0,26,126,39,691,existing,407.08246529487366,26,125,39,619,existing,476.84117447853504,26,124,39,619,existing,476.84117447853504,26,117,39,546,existing,1856.2408790188879,26,120,39,635,existing,1824.6493543458623,26,119,39,246,existing,1657.5068485397612,26,128,39,461,existing,1697.5389620002113,26,121,39,185,existing,2185.150178803308,26,116,39,184,existing,1945.9354519966726
27,27,107,46,699,existing,146.78787037589225,27,107,46,547,allocated,283.8687498525523,27,107,46,46,allocated,0.0,27,117,46,546,existing,29.132824485761255,27,120,46,635,existing,60.72434915878673,27,116,46,184,existing,250.23702524452403,27,119,46,246,existing,425.3352224018003,27,121,46,185,existing,489.45175205115936,27,128,46,461,existing,465.36733586225046,27,122,46,185,existing,489.45175205115936,27,118,46,154,existing,723.382380510887,27,127,46,174,existing,1238.790506967743,27,33,46,247,allocated,985.2555104232225
28,28,115,48,604,existing,421.00616411222586,28,115,48,712,existing,202.8844867338196,28,115,48,595,allocated,303.43319558927953,28,75,48,595,allocated,303.43319558927953,28,78,48,604,allocated,421.00616411222586,28,33,48,247,allocated,860.3260482435105,28,127,48,174,existing,1303.5716833137978,28,118,48,154,existing,1632.4074588790766,28,117,48,546,existing,1560.4203342506914,28,120,48,635,existing,1592.011858923717,28,122,48,185,existing,1704.1935155194587,28,121,48,185,existing,1704.1935155194587,28,116,48,184,existing,1781.5245350094542
29,29,115,49,604,existing,324.0069007611423,29,115,49,712,existing,43.8375251351303,29,115,49,201,allocated,236.17505805381398,29,78,49,604,allocated,324.0069007611423,29,75,49,595,allocated,441.5798692840886,29,127,49,174,existing,1462.618644912487,29,33,49,247,allocated,1019.3730098421998,29,120,49,635,existing,1751.0588205224062,29,121,49,185,existing,1863.2404771181482,29,117,49,546,existing,1719.4672958493807,29,118,49,154,existing,1791.4544204777658,29,122,49,185,existing,1863.2404771181482,29,116,49,184,existing,1940.5714966081437
30,30,115,50,604,existing,999.7000611473588,30,115,50,201,existing,975.1848656558374,30,115,50,539,allocated,921.5928440984505,30,78,50,604,allocated,999.7000611473588,30,75,50,595,allocated,1111.213457505283,30,127,50,174,existing,2476.962666566448,30,33,50,247,allocated,2080.2883626598414,30,122,50,185,existing,2924.1558299357894,30,120,50,635,existing,2811.974173340048,30,117,50,546,existing,2780.3826486670223,30,118,50,154,existing,2845.975879019699,30,121,50,185,existing,2924.1558299357894,30,116,50,184,existing,3001.486849425785
31,31,115,51,604,existing,1075.5734468045748,31,115,51,201,existing,1051.0582513130532,31,115,51,539,allocated,997.4662297556663,31,78,51,604,allocated,1075.5734468045748,31,75,51,595,allocated,1187.0868431624988,31,33,51,247,allocated,2156.161748317057,31,127,51,174,existing,2552.836052223664,31,122,51,185,existing,3000.029215593005,31,120,51,635,existing,2887.847558997263,31,118,51,154,existing,2921.849264676914,31,117,51,546,existing,2856.2560343242376,31,121,51,185,existing,3000.029215593005,31,116,51,184,existing,3077.3602350830006
32,32,107,53,699,existing,336.62126603877977,32,107,53,767,existing,127.32247687771887,32,107,53,141,allocated,135.91592986298733,32,120,53,635,existing,241.5210462897154,32,117,53,546,existing,270.5433490670849,32,119,53,246,existing,312.89385924079414,32,128,53,461,existing,352.9259727012443,32,118,53,154,existing,948.5574307527529,32,122,53,185,existing,714.6268022930253,32,121,53,185,existing,714.6268022930253,32,116,53,184,existing,475.41207548638994,32,126,53,691,existing,1326.555470915001,32,33,53,247,allocated,1226.6660350045463
33,33,108,54,331,existing,517.939023780439,33,108,54,547,allocated,399.6102908536825,33,108,54,260,allocated,110.15417941423135,33,33,54,247,allocated,642.5459678966006,33,117,54,546,existing,654.3462162204736,33,120,54,635,existing,685.937740893499,33,121,54,185,existing,798.1193974892409,33,127,54,174,existing,1047.486840649549,33,118,54,154,existing,994.7902486901339,33,122,54,185,existing,798.1193974892409,33,116,54,184,existing,875.4504169792364,33,128,54,461,existing,1090.5807275969628,33,119,54,246,existing,1050.5486141365127
34,34,108,55,331,existing,790.8485542070156,34,108,55,547,allocated,672.5198212802592,34,108,55,260,allocated,388.08622203636764,34,33,55,247,allocated,920.4780105187368,34,117,55,546,existing,927.2557466470502,34,121,55,185,existing,1071.0289279158176,34,120,55,635,existing,958.8472713200756,34,122,55,185,existing,1071.0289279158176,34,119,55,246,existing,1323.4581445630893,34,118,55,154,existing,1267.6997791167105,34,116,55,184,existing,1148.3599474058128,34,128,55,461,existing,1363.4902580235394,34,127,55,174,existing,1325.4188832716852
35,35,108,56,331,existing,627.1121613795319,35,108,56,547,allocated,508.7834284527754,35,108,56,260,allocated,219.32731701332426,35,33,56,247,allocated,751.7191054956935,35,117,56,546,existing,763.5193538195665,35,120,56,635,existing,795.110878492592,35,122,56,185,existing,907.2925350883338,35,121,56,185,existing,907.2925350883338,35,127,56,174,existing,1156.659978248642,35,118,56,154,existing,1103.963386289227,35,116,56,184,existing,984.6235545783293,35,119,56,246,existing,1159.7217517356055,35,128,56,461,existing,1199.7538651960558
36,36,108,57,331,existing,584.1650564956277,36,108,57,547,allocated,465.8363235688712,36,108,57,260,allocated,176.38021212942004,36,33,57,247,allocated,708.7720006117894,36,117,57,546,existing,720.5722489356623,36,120,57,635,existing,752.1637736086877,36,121,57,185,existing,864.3454302044296,36,122,57,185,existing,864.3454302044296,36,127,57,174,existing,1113.7128733647378,36,116,57,184,existing,941.6764496944251,36,118,57,154,existing,1061.0162814053226,36,119,57,246,existing,1116.7746468517014,36,128,57,461,existing,1156.8067603121515
37,37,112,60,691,existing,809.0575173681667,37,112,60,197,existing,440.1729447886621,37,112,60,340,allocated,27.64631608478453,37,125,60,619,existing,739.2988081845053,37,124,60,619,existing,739.2988081845053,37,119,60,246,existing,778.0832680837707,37,126,60,691,existing,809.0575173681667,37,123,60,39,existing,1216.1399826630404,37,120,60,635,existing,1123.9312103097739,37,128,60,461,existing,970.9387556281724,37,117,60,546,existing,1155.5227349827994,37,116,60,184,existing,1245.217307960584,37,121,60,185,existing,1484.4320347672196
38,38,112,61,691,existing,568.1796330303459,38,112,61,691,allocated,568.1796330303459,38,112,61,340,allocated,268.5242004226053,38,124,61,619,existing,498.4209238466845,38,125,61,619,existing,498.4209238466845,38,123,61,39,existing,975.2620983252195,38,126,61,691,existing,568.1796330303459,38,117,61,546,existing,1396.4006193206203,38,128,61,461,existing,1211.816639965993,38,119,61,246,existing,1018.9611524215915,38,120,61,635,existing,1364.8090946475947,38,116,61,184,existing,1486.095192298405,38,122,61,185,existing,1725.3099191050405
39,39,113,62,343,existing,740.2433643503668,39,113,62,618,existing,393.1269483483684,39,113,62,618,allocated,393.1269483483684,39,123,62,39,existing,1128.662705000974,39,119,62,246,existing,1156.0530699360813,39,128,62,461,existing,1196.0851833965314,39,126,62,691,existing,1191.2028592561535,39,120,62,635,existing,1292.9960224772124,39,124,62,619,existing,1260.961568439815,39,117,62,546,existing,1311.3089252269224,39,125,62,619,existing,1260.961568439815,39,122,62,185,existing,1681.0620990835027,39,116,62,184,existing,1441.8473722768674
40,40,1,63,12,allocated,639.0274826625323,40,1,63,618,existing,518.4702225211638,40,1,63,618,allocated,518.4702225211638,40,120,63,635,existing,1167.652748304417,40,117,63,546,existing,1185.965651054127,40,123,63,39,existing,1254.0059791737694,40,119,63,246,existing,1264.5502431829827,40,124,63,619,existing,1386.3048426126104,40,126,63,691,existing,1316.546133428949,40,125,63,619,existing,1386.3048426126104,40,128,63,461,existing,1304.5823566434328,40,122,63,185,existing,1640.758504307727,40,116,63,184,existing,1401.5437775010914
41,41,112,64,691,existing,554.6477213447516,41,112,64,691,allocated,554.6477213447516,41,112,64,691,allocated,554.6477213447516,41,126,64,691,existing,554.6477213447516,41,125,64,619,existing,624.406430528413,41,123,64,39,existing,960.7786183255616,41,124,64,619,existing,624.406430528413,41,117,64,546,existing,1875.0560139151014,41,120,64,635,existing,1843.4644892420758,41,128,64,461,existing,1690.4720345604744,41,119,64,246,existing,1497.6165470160724,41,116,64,184,existing,1964.750586892886,41,121,64,185,existing,2203.9653136995216
42,42,112,65,691,existing,497.6141206937143,42,112,65,691,allocated,497.6141206937143,42,112,65,691,allocated,497.6141206937143,42,126,65,691,existing,497.6141206937143,42,124,65,619,existing,567.3728298773757,42,123,65,39,existing,903.7450176745244,42,125,65,619,existing,567.3728298773757,42,120,65,635,existing,1900.4980898931133,42,128,65,461,existing,1747.5056352115118,42,119,65,246,existing,1554.6501476671099,42,117,65,546,existing,1932.0896145661388,42,122,65,185,existing,2260.998914350559,42,116,65,184,existing,2021.7841875439235
43,43,112,66,691,existing,492.84430161236094,43,112,66,691,allocated,492.84430161236094,43,112,66,691,existing,492.84430161236094,43,126,66,691,existing,492.84430161236094,43,124,66,619,existing,562.6030107960223,43,123,66,39,existing,898.9751985931711,43,125,66,619,existing,562.6030107960223,43,120,66,635,existing,1954.0422177413104,43,128,66,461,existing,1801.049763059709,43,119,66,246,existing,1761.017649599259,43,117,66,546,existing,1985.633742414336,43,116,66,184,existing,2075.3283153921207,43,121,66,185,existing,2314.543042198756
44,44,112,67,691,existing,444.97425075670196,44,112,67,691,allocated,444.97425075670196,44,112,67,691,allocated,444.97425075670196,44,126,67,691,existing,444.97425075670196,44,125,67,619,existing,514.7329599403633,44,124,67,619,existing,514.7329599403633,44,123,67,39,existing,851.105147737512,44,117,67,546,existing,1937.763691558677,44,119,67,246,existing,1713.1475987436,44,120,67,635,existing,1906.1721668856514,44,128,67,461,existing,1753.17971220405,44,121,67,185,existing,2266.6729913430972,44,116,67,184,existing,2027.4582645364617
45,45,115,72,604,existing,521.3819038808655,45,115,72,712,existing,801.5512795068774,45,115,72,595,allocated,403.8089353579191,45,75,72,595,allocated,403.8089353579191,45,78,72,604,allocated,521.3819038808655,45,33,72,247,allocated,1372.8838405124775,45,127,72,174,existing,1769.5581444190843,45,120,72,635,existing,2104.5696511926835,45,117,72,546,existing,2072.978126519658,45,118,72,154,existing,2138.571356872335,45,121,72,185,existing,2216.7513077884255,45,116,72,184,existing,2294.082327278421,45,122,72,185,existing,2216.7513077884255
46,46,110,78,239,existing,765.2863824702465,46,110,78,197,existing,110.5005557056971,46,110,78,587,allocated,157.0593404163028,46,119,78,246,existing,782.5646141888284,46,126,78,691,existing,796.3490799020223,46,124,78,619,existing,866.1077890856836,46,125,78,619,existing,866.1077890856836,46,117,78,546,existing,1088.8497972270504,46,120,78,635,existing,1057.258272554025,46,116,78,184,existing,1178.5443702048353,46,128,78,461,existing,904.2658178724237,46,123,78,39,existing,1185.6825804548853,46,121,78,185,existing,1417.7590970114709
47,47,110,79,239,existing,717.6046944169171,47,110,79,197,existing,62.81886765236773,47,110,79,587,allocated,109.37765236297342,47,119,79,246,existing,734.882926135499,47,126,79,691,existing,748.6673918486929,47,124,79,619,existing,818.4261010323543,47,125,79,619,existing,818.4261010323543,47,116,79,184,existing,1130.8626821515059,47,117,79,546,existing,1041.1681091737212,47,128,79,461,existing,856.5841298190943,47,120,79,635,existing,1009.5765845006957,47,123,79,39,existing,1138.000892401556,47,122,79,185,existing,1370.0774089581414
48,48,1,80,12,allocated,788.8339809722968,48,1,80,618,existing,473.2272568709062,48,1,80,618,allocated,473.2272568709062,48,123,80,39,existing,1204.9246152476328,48,126,80,691,existing,1267.4647695028125,48,120,80,635,existing,1317.4592466141817,48,117,80,546,existing,1335.7721493638915,48,119,80,246,existing,1366.5336397213196,48,124,80,619,existing,1337.223478686474,48,128,80,461,existing,1406.5657531817697,48,125,80,619,existing,1337.223478686474,48,116,80,184,existing,1551.350275810856,48,122,80,185,existing,1790.5650026174912
49,49,1,81,12,allocated,692.018415947032,49,1,81,618,existing,570.0428218961708,49,1,81,618,allocated,570.0428218961708,49,120,81,635,existing,1220.6436815889167,49,117,81,546,existing,1238.9565843386267,49,126,81,691,existing,1364.280334528077,49,123,81,39,existing,1301.7401802728973,49,125,81,619,existing,1434.0390437117385,49,119,81,246,existing,1463.3492047465838,49,124,81,619,existing,1434.0390437117385,49,116,81,184,existing,1454.5347107855912,49,128,81,461,existing,1503.3813182070342,49,121,81,185,existing,1693.7494375922265
50,50,115,84,604,existing,683.1563230679322,50,115,84,201,existing,658.6411275764109,50,115,84,201,allocated,658.6411275764109,50,78,84,604,allocated,683.1563230679322,50,75,84,595,allocated,800.7292915908786,50,127,84,174,existing,2166.4785006520437,50,33,84,247,allocated,1769.804196745437,50,121,84,185,existing,2613.671664021385,50,118,84,154,existing,2535.4917131052944,50,117,84,546,existing,2469.8984827526174,50,120,84,635,existing,2501.490007425643,50,122,84,185,existing,2613.671664021385,50,116,84,184,existing,2691.0026835113804
51,51,115,85,604,existing,783.142207823783,51,115,85,201,existing,758.6270123322615,51,115,85,201,allocated,758.6270123322615,51,78,85,604,allocated,783.142207823783,51,75,85,595,allocated,900.7151763467293,51,33,85,247,allocated,1869.7900815012877,51,127,85,174,existing,2266.4643854078945,51,117,85,546,existing,2569.884367508468,51,121,85,185,existing,2713.6575487772357,51,118,85,154,existing,2635.477597861145,51,120,85,635,existing,2601.4758921814937,51,122,85,185,existing,2713.6575487772357,51,116,85,184,existing,2790.988568267231
52,52,112,98,691,existing,1283.4665053408007,52,112,98,197,existing,914.5819327612963,52,112,98,340,allocated,446.7626718878497,52,119,98,246,existing,1197.199623886836,52,124,98,619,existing,1213.7077961571395,52,125,98,619,existing,1213.7077961571395,52,126,98,691,existing,1283.4665053408007,52,128,98,461,existing,1406.6172923880072,52,120,98,635,existing,1561.8104971298494,52,117,98,546,existing,1593.402021802875,52,116,98,184,existing,1683.0965947806596,52,123,98,39,existing,1690.5489706356743,52,121,98,185,existing,1922.311321587295
53,53,82,102,647,allocated,790.6342201190511,53,82,102,556,allocated,511.86380032398387,53,82,102,6,allocated,101.25417498252384,53,127,102,174,existing,41.710844708850715,53,118,102,154,existing,557.1189711657067,53,122,102,185,existing,791.0495996254344,53,33,102,247,allocated,786.1197389404733,53,116,102,184,existing,1030.2643264320698,53,117,102,546,existing,1251.3685271908323,53,120,102,635,existing,1264.1553556287442,53,121,102,185,existing,791.0495996254344,53,128,102,461,existing,1288.2936742368104,53,75,102,595,allocated,1407.4600537700157
54,54,82,103,647,allocated,897.5842114888316,54,82,103,556,allocated,618.8137916937643,54,82,103,6,allocated,208.2041663523044,54,127,103,174,existing,148.6608360786313,54,118,103,154,existing,664.0689625354873,54,33,103,247,allocated,893.0697303102538,54,122,103,185,existing,897.9995909952149,54,120,103,635,existing,1371.105346998525,54,117,103,546,existing,1358.318518560613,54,116,103,184,existing,1137.2143178018503,54,121,103,185,existing,897.9995909952149,54,75,103,595,allocated,1514.4100451397962,54,128,103,461,existing,1395.243665606591
55,55,110,104,239,existing,612.5019876783948,55,110,104,263,existing,250.96654377540506,55,110,104,104,allocated,0.0,55,126,104,691,existing,643.5646851101706,55,125,104,619,existing,713.3233942938318,55,124,104,619,existing,713.3233942938318,55,123,104,39,existing,984.3287649062078,55,128,104,461,existing,1070.2381581692343,55,119,104,246,existing,1030.2060447087842,55,120,104,635,existing,1196.6170345271191,55,117,104,546,existing,1228.2085592001447,55,116,104,184,existing,1317.9031321779294,55,122,104,185,existing,1557.117858984565
56,56,110,105,239,existing,634.0955370628252,56,110,105,263,existing,272.5600931598355,56,110,105,107,allocated,58.17299930274444,56,126,105,691,existing,665.158234494601,56,125,105,619,existing,734.9169436782622,56,124,105,619,existing,734.9169436782622,56,123,105,39,existing,1005.9223142906382,56,128,105,461,existing,1091.831707553665,56,120,105,635,existing,1218.2105839115495,56,117,105,546,existing,1249.802108584575,56,119,105,246,existing,1051.7995940932146,56,122,105,185,existing,1578.7114083689953,56,116,105,184,existing,1339.4966815623598
57,57,111,106,239,existing,671.7864515249532,57,111,106,263,existing,310.2510076219635,57,111,106,106,allocated,0.0,57,126,106,691,existing,702.849148956729,57,125,106,619,existing,772.6078581403904,57,123,106,39,existing,1043.6132287527662,57,124,106,619,existing,772.6078581403904,57,117,106,546,existing,1287.493023046703,57,128,106,461,existing,1129.5226220157929,57,119,106,246,existing,1089.4905085553428,57,120,106,635,existing,1255.9014983736774,57,116,106,184,existing,1377.1875960244877,57,121,106,185,existing,1616.402322831123
58,58,110,107,239,existing,692.2685363655696,58,110,107,263,existing,330.7330924625799,58,110,107,107,allocated,0.0,58,126,107,691,existing,723.3312337973454,58,125,107,619,existing,793.0899429810067,58,124,107,619,existing,793.0899429810067,58,123,107,39,existing,1064.0953135933826,58,119,107,246,existing,1109.9725933959592,58,120,107,635,existing,1276.383583214294,58,117,107,546,existing,1307.9751078873196,58,128,107,461,existing,1150.0047068564093,58,116,107,184,existing,1397.6696808651043,58,121,107,185,existing,1636.8844076717396
59,59,82,111,647,allocated,694.5361058962434,59,82,111,449,existing,46.63056272589042,59,82,111,449,allocated,46.63056272589042,59,33,111,247,allocated,405.4403307802545,59,127,111,174,existing,1050.1823635952123,59,117,111,546,existing,1298.2857686606512,59,75,111,595,allocated,1313.1531368354867,59,122,111,185,existing,1442.0589499294183,59,78,111,604,allocated,1430.7261053584332,59,118,111,154,existing,1375.2868801340192,59,120,111,635,existing,1329.8772933336766,59,116,111,184,existing,1519.3899694194138,59,121,111,185,existing,1442.0589499294183
60,60,82,112,647,allocated,299.5555470127406,60,82,112,556,allocated,355.8745349138241,60,82,112,656,allocated,200.70477057377866,60,127,112,174,existing,497.1760067811655,60,33,112,247,allocated,650.0134212280554,60,118,112,154,existing,829.6368893967995,60,75,112,595,allocated,916.401833343778,60,116,112,184,existing,1302.7822446631624,60,121,112,185,existing,1063.567517856527,60,122,112,185,existing,1063.567517856527,60,78,112,604,allocated,1033.9748018667244,60,120,112,635,existing,1338.485402031903,60,117,112,546,existing,1306.8938773588775
61,61,82,113,647,allocated,287.0826828581621,61,82,113,556,allocated,368.3473990684025,61,82,113,656,allocated,213.1776347283571,61,127,113,174,existing,509.6488709357439,61,33,113,247,allocated,637.540557073477,61,75,113,595,allocated,928.2453978892199,61,118,113,154,existing,842.1097535513779,61,117,113,546,existing,1294.421013204299,61,121,113,185,existing,1076.0403820111055,61,78,113,604,allocated,1045.8183664121661,61,122,113,185,existing,1076.0403820111055,61,120,113,635,existing,1326.0125378773246,61,116,113,184,existing,1315.2551088177408
62,62,39,114,301,allocated,510.3705318377505,62,39,114,335,existing,622.3902014004392,62,39,114,301,allocated,510.3705318377505,62,128,114,461,existing,955.6025421139658,62,119,114,246,existing,977.6771533147878,62,116,114,184,existing,1047.1821887714314,62,120,114,635,existing,1247.9039031163738,62,121,114,185,existing,1286.3969155780667,62,122,114,185,existing,1286.3969155780667,62,118,114,154,existing,1276.560749488722,62,117,114,546,existing,1268.2863895301941,62,126,114,691,existing,2105.5607753414197,62,127,114,174,existing,1736.597873054871
63,63,39,115,301,allocated,480.97745239624385,63,39,115,335,existing,592.9971219589326,63,39,115,301,allocated,480.97745239624385,63,128,115,461,existing,926.2094626724592,63,119,115,246,existing,948.2840738732812,63,116,115,184,existing,1017.7891093299247,63,120,115,635,existing,1218.5108236748672,63,121,115,185,existing,1257.00383613656,63,117,115,546,existing,1238.8933100886875,63,122,115,185,existing,1257.00383613656,63,118,115,154,existing,1247.1676700472153,63,127,115,174,existing,1707.204793613364,63,126,115,691,existing,2134.953854782926
64,64,112,116,691,existing,720.4539527805539,64,112,116,691,allocated,720.4539527805539,64,112,116,340,allocated,581.3733635812843,64,126,116,691,existing,720.4539527805539,64,125,116,619,existing,790.2126619642152,64,124,116,619,existing,790.2126619642152,64,123,116,39,existing,1126.5848497613638,64,117,116,546,existing,1709.2497824792993,64,119,116,246,existing,1331.8103155802705,64,128,116,461,existing,1524.665803124672,64,120,116,635,existing,1677.6582578062737,64,116,116,184,existing,1798.944355457084,64,121,116,185,existing,2038.1590822637195
65,65,112,117,691,existing,759.503917471073,65,112,117,691,allocated,759.503917471073,65,112,117,340,allocated,620.4233282718035,65,126,117,691,existing,759.503917471073,65,125,117,619,existing,829.2626266547344,65,123,117,39,existing,1165.6348144518831,65,124,117,619,existing,829.2626266547344,65,117,117,546,existing,1748.2997471698186,65,120,117,635,existing,1716.708222496793,65,119,117,246,existing,1370.8602802707896,65,128,117,461,existing,1563.7157678151914,65,116,117,184,existing,1837.9943201476033,65,122,117,185,existing,2077.2090469542386
66,66,1,118,12,allocated,993.3422324521351,66,1,118,449,existing,743.9419859136804,66,1,118,528,allocated,575.6772027387449,66,33,118,247,allocated,766.2221876181735,66,127,118,174,existing,1477.0708381323252,66,120,118,635,existing,1583.9162149406807,66,117,118,546,existing,1558.8447876802732,66,75,118,595,allocated,1735.297092772732,66,116,118,184,existing,1779.948988439036,66,122,118,185,existing,1702.6179689490405,66,121,118,185,existing,1702.6179689490405,66,118,118,154,existing,1802.175354671132,66,78,118,604,allocated,1852.8700612956784
67,67,1,119,12,allocated,874.1127003804363,67,1,119,449,existing,620.6213593621376,67,1,119,528,allocated,452.35657618720217,67,33,119,247,allocated,642.9015610666308,67,127,119,174,existing,1353.7502115807827,67,75,119,595,allocated,1611.976466221189,67,117,119,546,existing,1601.8536166462213,67,78,119,604,allocated,1729.5494347441354,67,118,119,154,existing,1678.8547281195895,67,121,119,185,existing,1745.6267979149889,67,120,119,635,existing,1630.172752282302,67,122,119,185,existing,1745.6267979149889,67,116,119,184,existing,1822.957817404984
68,68,114,120,342,existing,1000.8633259527685,68,114,120,121,existing,128.96994768209615,68,114,120,293,allocated,130.13680033807142,68,119,120,246,existing,695.1405744392475,68,128,120,461,existing,904.558242940419,68,117,120,546,existing,1091.3429723552867,68,120,120,635,existing,1059.7514476822612,68,125,120,619,existing,1178.7443810002592,68,124,120,619,existing,1178.7443810002592,68,126,120,691,existing,1108.985671816598,68,116,120,184,existing,1181.0375453330714,68,122,120,185,existing,1420.2522721397067,68,121,120,185,existing,1420.2522721397067
69,69,82,122,647,allocated,189.73165051614868,69,82,122,556,allocated,699.5949037890408,69,82,122,647,allocated,189.73165051614868,69,75,122,595,allocated,475.6671222507718,69,33,122,247,allocated,540.1895247314635,69,78,122,604,allocated,593.2400907737182,69,127,122,174,existing,938.6550259263489,69,122,122,185,existing,1340.8431621310528,69,120,122,635,existing,1228.6615055353109,69,117,122,546,existing,1197.0699808622853,69,118,122,154,existing,1267.4908014916277,69,121,122,185,existing,1340.8431621310528,69,116,122,184,existing,1418.1741816210483
70,70,82,123,647,allocated,289.2140697874488,70,82,123,556,allocated,600.1124845177407,70,82,123,647,allocated,289.2140697874488,70,75,123,595,allocated,376.18470297947175,70,78,123,604,allocated,493.7576715024181,70,33,123,247,allocated,639.6719440027637,70,127,123,174,existing,1037.9939289953718,70,117,123,546,existing,1296.5524001335857,70,118,123,154,existing,1366.9732207629277,70,122,123,185,existing,1440.3255814023532,70,120,123,635,existing,1328.1439248066113,70,121,123,185,existing,1440.3255814023532,70,116,123,184,existing,1517.6566008923483
71,71,82,129,647,allocated,397.7880461072663,71,82,129,556,allocated,725.4409067278491,71,82,129,647,allocated,397.7880461072663,71,75,129,595,allocated,683.7235178418895,71,33,129,247,allocated,748.2459203225811,71,78,129,604,allocated,801.2964863648358,71,127,129,174,existing,866.7423785951903,71,121,129,185,existing,1433.133889670552,71,122,129,185,existing,1433.133889670552,71,117,129,546,existing,1405.126376453403,71,118,129,154,existing,1199.2032612108244,71,116,129,184,existing,1626.2305772121658,71,120,129,635,existing,1436.7179011264286
72,72,82,130,647,allocated,341.5022323012082,72,82,130,556,allocated,669.1550929217909,72,82,130,647,allocated,341.5022323012082,72,75,130,595,allocated,627.4377040358314,72,33,130,247,allocated,691.960106516523,72,127,130,174,existing,810.4565647891322,72,78,130,604,allocated,745.0106725587777,72,117,130,546,existing,1348.840562647345,72,121,130,185,existing,1376.848075864494,72,118,130,154,existing,1142.9174474047663,72,122,130,185,existing,1376.848075864494,72,116,130,184,existing,1569.9447634061078,72,120,130,635,existing,1380.4320873203706
73,73,39,131,301,allocated,661.0776471274469,73,39,131,335,existing,773.0973166901355,73,39,131,301,allocated,661.0776471274469,73,128,131,461,existing,924.7045891229811,73,119,131,246,existing,946.779200323803,73,120,131,635,existing,1311.3900735668167,73,116,131,184,existing,1197.8893040611276,73,118,131,154,existing,1427.2678647784182,73,122,131,185,existing,1437.104030867763,73,121,131,185,existing,1437.104030867763,73,117,131,546,existing,1342.981598239842,73,127,131,174,existing,1887.304988344567,73,126,131,691,existing,2074.0383710630776
74,74,39,132,301,allocated,588.3897435556064,74,39,132,121,existing,757.9149189670144,74,39,132,301,allocated,588.3897435556064,74,128,132,461,existing,825.5750627285499,74,119,132,246,existing,847.6496739293719,74,116,132,184,existing,1125.2014004892872,74,120,132,635,existing,1212.2605471723855,74,121,132,185,existing,1364.4161272959227,74,117,132,546,existing,1243.852071845411,74,118,132,154,existing,1378.9855783675891,74,122,132,185,existing,1364.4161272959227,74,126,132,691,existing,1974.9088446686465,74,127,132,174,existing,1839.022701933738
75,75,39,133,301,allocated,599.7976093979262,75,39,133,335,existing,711.8172789606148,75,39,133,301,allocated,599.7976093979262,75,128,133,461,existing,985.9846268525016,75,119,133,246,existing,994.8457153571169,75,120,133,635,existing,1337.3309806765494,75,116,133,184,existing,1136.609266331607,75,122,133,185,existing,1375.8239931382423,75,118,133,154,existing,1365.9878270488975,75,121,133,185,existing,1375.8239931382423,75,117,133,546,existing,1357.71346709037,75,127,133,174,existing,1826.0249506150462,75,126,133,691,existing,2016.1336977812439
76,76,108,136,331,existing,447.7429181798399,76,108,136,547,allocated,329.4141852530834,76,108,136,547,allocated,329.4141852530834,76,117,136,546,existing,584.1501106198745,76,120,136,635,existing,615.7416352928999,76,121,136,185,existing,727.9232918886418,76,122,136,185,existing,727.9232918886418,76,116,136,184,existing,805.2543113786372,76,33,136,247,allocated,992.4627225581163,76,118,136,154,existing,924.5941430895348,76,119,136,246,existing,980.3525085359134,76,127,136,174,existing,1397.4035953110647,76,128,136,461,existing,1020.3846219963636
77,77,108,137,331,existing,674.8189434600988,77,108,137,547,allocated,556.4902105333423,77,108,137,260,allocated,504.1158327832844,77,117,137,546,existing,811.2261359001334,77,120,137,635,existing,842.8176605731588,77,121,137,185,existing,954.9993171689007,77,122,137,185,existing,954.9993171689007,77,119,137,246,existing,1207.4285338161724,77,33,137,247,allocated,1036.5076212656536,77,118,137,154,existing,1151.6701683697936,77,116,137,184,existing,1032.3303366588962,77,128,137,461,existing,1247.4606472766227,77,127,137,174,existing,1441.448494018602
78,78,114,140,342,existing,168.3883541091442,78,114,140,767,existing,297.6918632615235,78,114,140,140,allocated,0.0,78,119,140,246,existing,256.0057849246273,78,128,140,461,existing,296.03789838507737,78,117,140,546,existing,381.1777552967819,78,120,140,635,existing,349.5862306237565,78,118,140,154,existing,944.0176835409297,78,121,140,185,existing,710.0870550812022,78,122,140,185,existing,710.0870550812022,78,116,140,184,existing,470.87232827456677,78,125,140,619,existing,1204.05775310973,78,126,140,691,existing,1134.2990439260684
79,79,109,142,718,existing,418.9509117605179,79,109,142,227,existing,473.44228018088955,79,109,142,154,allocated,20.3042462874008,79,118,142,154,existing,20.3042462874008,79,121,142,185,existing,254.2348747471284,79,116,142,184,existing,493.4496015537638,79,122,142,185,existing,254.2348747471284,79,128,142,461,existing,806.8499522492117,79,127,142,174,existing,495.1038801694553,79,117,142,546,existing,714.5538023125265,79,120,142,635,existing,727.3406307504383,79,33,142,247,allocated,1052.9404235095005,79,119,142,246,existing,979.3465724475877
80,80,109,143,718,existing,520.6505699263233,80,109,143,227,existing,575.141938346695,80,109,143,567,allocated,103.77532626138343,80,118,143,154,existing,122.00390445320623,80,121,143,185,existing,355.93453291293383,80,127,143,174,existing,393.4042220036498,80,122,143,185,existing,355.93453291293383,80,128,143,461,existing,908.5496104150171,80,117,143,546,existing,816.2534604783319,80,120,143,635,existing,829.0402889162438,80,116,143,184,existing,595.1492597195693,80,119,143,246,existing,1081.0462306133932,80,33,143,247,allocated,951.2407653436951
81,81,113,146,343,existing,626.2974376442481,81,113,146,618,existing,278.73441358342325,81,113,146,618,allocated,278.73441358342325,81,123,146,39,existing,1014.2701702360288,81,119,146,246,existing,1042.1071432299625,81,126,146,691,existing,1076.8103244912083,81,128,146,461,existing,1082.1392566904126,81,125,146,619,existing,1146.5690336748698,81,124,146,619,existing,1146.5690336748698,81,117,146,546,existing,1238.206872592964,81,120,146,635,existing,1206.6153479199384,81,116,146,184,existing,1327.9014455707486,81,122,146,185,existing,1567.116172377384
82,82,114,147,342,existing,1104.6375074373996,82,114,147,121,existing,232.74412916672722,82,114,147,293,allocated,233.9109818227025,82,119,147,246,existing,798.9147559238786,82,128,147,461,existing,1008.33242442505,82,120,147,635,existing,1163.5256291668923,82,117,147,546,existing,1195.1171538399178,82,125,147,619,existing,1282.5185624848903,82,116,147,184,existing,1284.8117268177025,82,124,147,619,existing,1282.5185624848903,82,126,147,691,existing,1212.7598533012288,82,121,147,185,existing,1524.026453624338,82,122,147,185,existing,1524.026453624338
83,83,115,149,604,existing,1532.0650620878826,83,115,149,712,existing,1812.2344377138945,83,115,149,58,allocated,86.5384751756495,83,75,149,595,allocated,1414.4920935649363,83,78,149,604,allocated,1532.0650620878826,83,33,149,247,allocated,2381.3069166500754,83,127,149,174,existing,2589.621842296863,83,120,149,635,existing,3069.7788974539226,83,117,149,546,existing,3038.187372780897,83,118,149,154,existing,2958.6350547501143,83,121,149,185,existing,3181.960554049665,83,116,149,184,existing,3259.29157353966,83,122,149,185,existing,3181.960554049665
84,84,109,153,718,existing,297.56552616790464,84,109,153,547,allocated,531.0863623046107,84,109,153,153,allocated,0.0,84,118,153,154,existing,101.08113930521255,84,121,153,185,existing,132.84948915451508,84,116,153,184,existing,372.06421596115047,84,122,153,185,existing,132.84948915451508,84,127,153,174,existing,616.4892657620685,84,117,153,546,existing,593.1684167199132,84,128,153,461,existing,697.0975774426859,84,120,153,635,existing,605.955245157825,84,119,153,246,existing,857.9611868549744,84,33,153,247,allocated,1174.325809102114
85,85,107,155,699,existing,508.8039988719775,85,107,155,227,existing,284.48085479787574,85,107,155,155,allocated,0.0,85,118,155,154,existing,168.65717909561306,85,116,155,184,existing,370.0131894243674,85,121,155,185,existing,402.58780755534065,85,122,155,185,existing,402.58780755534065,85,127,155,174,existing,628.6943026617619,85,128,155,461,existing,617.8885268661978,85,120,155,635,existing,603.9042186210419,85,117,155,546,existing,591.1173901831302,85,119,155,246,existing,827.3061953673694,85,33,155,247,allocated,1241.9018488925144
86,86,109,156,718,existing,515.2902820697313,86,109,156,227,existing,336.49441729687453,86,109,156,156,allocated,0.0,86,118,156,154,existing,116.64361659661422,86,122,156,185,existing,350.57424505634185,86,121,156,185,existing,350.57424505634185,86,116,156,184,existing,422.0267519233662,86,117,156,546,existing,643.1309526821289,86,120,156,635,existing,655.9177811200407,86,127,156,174,existing,576.6807401627631,86,128,156,461,existing,669.9020893651966,86,33,156,247,allocated,1189.8882863935155,86,119,156,246,existing,879.319757866368
87,87,115,157,604,existing,646.7083585941981,87,115,157,201,existing,195.32670530053616,87,115,157,201,allocated,195.32670530053616,87,78,157,604,allocated,646.7083585941981,87,75,157,595,allocated,764.2813271171444,87,33,157,247,allocated,1284.6779398603337,87,127,157,174,existing,1727.923574930621,87,118,157,154,existing,2056.7593504958995,87,120,157,635,existing,2016.3637505405402,87,117,157,546,existing,1984.7722258675146,87,122,157,185,existing,2128.545407136282,87,116,157,184,existing,2205.8764266262774,87,121,157,185,existing,2128.545407136282
88,88,115,158,604,existing,474.24512095484897,88,115,158,201,existing,347.5523120206311,88,115,158,201,allocated,347.5523120206311,88,78,158,604,allocated,474.24512095484897,88,75,158,595,allocated,591.8180894777953,88,127,158,174,existing,1900.38681256997,88,33,158,247,allocated,1457.1411774996827,88,117,158,546,existing,2157.2354635068637,88,120,158,635,existing,2188.826988179889,88,118,158,154,existing,2229.2225881352488,88,121,158,185,existing,2301.008644775631,88,116,158,184,existing,2378.339664265626,88,122,158,185,existing,2301.008644775631
89,89,82,159,647,allocated,527.4490667683774,89,82,159,712,existing,585.0560832629324,89,82,159,521,allocated,79.35852291100746,89,33,159,247,allocated,478.15445171439785,89,75,159,595,allocated,490.9204534401604,89,127,159,174,existing,921.4000867846851,89,78,159,604,allocated,608.4934219631067,89,122,159,185,existing,1322.0219189903462,89,118,159,154,existing,1250.2358623499638,89,120,159,635,existing,1209.8402623946042,89,117,159,546,existing,1178.2487377215787,89,116,159,184,existing,1399.3529384803414,89,121,159,185,existing,1322.0219189903462
90,90,115,160,604,existing,323.66399477310995,90,115,160,712,existing,300.22665607293555,90,115,160,595,allocated,206.0910262501636,90,75,160,595,allocated,206.0910262501636,90,78,160,604,allocated,323.66399477310995,90,33,160,247,allocated,762.9838789043946,90,127,160,174,existing,1206.229513974682,90,117,160,546,existing,1463.0781649115756,90,118,160,154,existing,1535.0652895399608,90,120,160,635,existing,1494.6696895846012,90,122,160,185,existing,1606.851346180343,90,116,160,184,existing,1684.1823656703382,90,121,160,185,existing,1606.851346180343
91,91,39,161,301,allocated,507.07935752121045,91,39,161,227,existing,169.6215566027165,91,39,161,226,allocated,214.90555087951697,91,118,161,154,existing,422.1213074372231,91,116,161,184,existing,459.54340117150434,91,121,161,185,existing,656.0519358969508,91,122,161,185,existing,656.0519358969508,91,120,161,635,existing,693.4344303681789,91,127,161,174,existing,882.158431003372,91,128,161,461,existing,707.4187386133349,91,117,161,546,existing,680.6476019302671,91,119,161,246,existing,916.8364071145063,91,33,161,247,allocated,1495.3659772341243
92,92,1,162,12,allocated,234.11956843846974,92,1,162,12,existing,234.11956843846974,92,1,162,12,allocated,234.11956843846974,92,117,162,546,existing,993.456491698496,92,120,162,635,existing,1010.4485722399955,92,119,162,246,existing,1375.0594454830093,92,116,162,184,existing,1214.560692457259,92,33,162,247,allocated,1425.0932969172777,92,128,162,461,existing,1415.0915589434594,92,122,162,185,existing,1453.775419263894,92,121,162,185,existing,1453.775419263894,92,126,162,691,existing,1755.7085144008445,92,118,162,154,existing,1687.7060477236219
93,93,1,163,12,allocated,374.04027646783135,93,1,163,12,existing,374.04027646783135,93,1,163,12,allocated,374.04027646783135,93,117,163,546,existing,1133.3771997278577,93,120,163,635,existing,1150.3692802693572,93,116,163,184,existing,1354.4814004866205,93,33,163,247,allocated,1499.8968742498096,93,121,163,185,existing,1593.6961272932558,93,122,163,185,existing,1593.6961272932558,93,119,163,246,existing,1514.9801535123709,93,128,163,461,existing,1555.012266972821,93,118,163,154,existing,1827.6267557529834,93,126,163,691,existing,1895.629222430206
94,94,1,165,12,allocated,760.0039232949548,94,1,165,449,existing,611.1501488863993,94,1,165,213,allocated,307.8371743190016,94,33,165,247,allocated,600.1220435576341,94,127,165,174,existing,1344.2790011050442,94,75,165,595,allocated,1569.1969487121924,94,117,165,546,existing,1592.3824061704831,94,120,165,635,existing,1623.9739308435085,94,118,165,154,existing,1669.383517643851,94,121,165,185,existing,1736.1555874392502,94,78,165,604,allocated,1686.7699172351388,94,122,165,185,existing,1736.1555874392502,94,116,165,184,existing,1813.4866069292457
95,95,82,168,647,allocated,1097.9258261203508,95,82,168,556,allocated,442.49574419378604,95,82,168,168,allocated,0.0,95,127,168,174,existing,385.48927704460505,95,118,168,154,existing,900.897403501461,95,33,168,247,allocated,1129.8981712762277,95,122,168,185,existing,1134.8280319611886,95,121,168,185,existing,1134.8280319611886,95,116,168,184,existing,1374.0427587678241,95,78,168,604,allocated,1455.6649661627644,95,75,168,595,allocated,1338.0919976398181,95,117,168,546,existing,1595.1469595265867,95,120,168,635,existing,1607.9337879644986
96,96,82,169,647,allocated,1055.0424895133003,96,82,169,556,allocated,399.6124075867356,96,82,169,168,allocated,42.883336607050396,96,127,169,174,existing,395.3518056244915,96,118,169,154,existing,910.7599320813474,96,33,169,247,allocated,1139.7606998561141,96,122,169,185,existing,1144.690560541075,96,121,169,185,existing,1144.690560541075,96,78,169,604,allocated,1412.7816295557138,96,116,169,184,existing,1383.9052873477106,96,75,169,595,allocated,1295.2086610327676,96,117,169,546,existing,1605.009488106473,96,120,169,635,existing,1617.796316544385
97,97,82,170,647,allocated,1071.4060243530737,97,82,170,556,allocated,415.97594242650905,97,82,170,171,allocated,43.817461300495616,97,127,170,174,existing,411.71534046426495,97,118,170,154,existing,927.123466921121,97,122,170,185,existing,1161.0540953808486,97,33,170,247,allocated,1156.124234695888,97,121,170,185,existing,1161.0540953808486,97,75,170,595,allocated,1311.572195872541,97,78,170,604,allocated,1429.1451643954874,97,116,170,184,existing,1400.2688221874841,97,120,170,635,existing,1634.1598513841586,97,117,170,546,existing,1621.3730229462467
98,98,82,171,647,allocated,1115.2234856535692,98,82,171,556,allocated,459.79340372700466,98,82,171,171,allocated,0.0,98,127,171,174,existing,455.5328017647606,98,118,171,154,existing,970.9409282216166,98,33,171,247,allocated,1199.9416959963835,98,122,171,185,existing,1204.8715566813444,98,78,171,604,allocated,1472.962625695983,98,75,171,595,allocated,1355.3896571730365,98,116,171,184,existing,1444.0862834879795,98,121,171,185,existing,1204.8715566813444,98,117,171,546,existing,1665.1904842467422,98,120,171,635,existing,1677.9773126846542
99,99,109,172,718,existing,734.1850967682524,99,109,172,227,existing,727.6749294102876,99,109,172,345,allocated,109.93828645805698,99,127,172,174,existing,297.7822118783701,99,118,172,154,existing,335.5384312951352,99,121,172,185,existing,569.4690597548629,99,122,172,185,existing,569.4690597548629,99,120,172,635,existing,1042.574815758173,99,33,172,247,allocated,1042.1911061099927,99,116,172,184,existing,808.6837865614982,99,117,172,546,existing,1029.787987320261,99,119,172,246,existing,1270.500269979781,99,128,172,461,existing,1061.0826014786098
100,100,109,173,718,existing,784.9547239941071,100,109,173,556,allocated,717.1655402676486,100,109,173,345,allocated,160.70791368391167,100,127,173,174,existing,247.0125846525154,100,118,173,154,existing,386.3080585209899,100,121,173,185,existing,620.2386869807176,100,122,173,185,existing,620.2386869807176,100,120,173,635,existing,1093.3444429840274,100,117,173,546,existing,1080.5576145461155,100,116,173,184,existing,859.4534137873529,100,33,173,247,allocated,991.421478884138,100,119,173,246,existing,1321.269897205636,100,128,173,461,existing,1111.8522287044643
101,101,82,174,647,allocated,748.9233754102003,101,82,174,556,allocated,470.1529556151332,101,82,174,6,allocated,59.54333027367313,101,127,174,174,existing,0.0,101,118,174,154,existing,515.408126456856,101,121,174,185,existing,749.3387549165836,101,33,174,247,allocated,744.4088942316225,101,122,174,185,existing,749.3387549165836,101,116,174,184,existing,988.553481723219,101,117,174,546,existing,1209.6576824819817,101,120,174,635,existing,1222.4445109198937,101,128,174,461,existing,1246.5828295279598,101,75,174,595,allocated,1365.7492090611652
102,102,109,175,718,existing,249.21917983232493,102,109,175,547,allocated,482.74001596903105,102,109,175,179,allocated,144.106032600817,102,121,175,185,existing,336.9788213513938,102,122,175,185,existing,336.9788213513938,102,116,175,184,existing,576.1935481580291,102,118,175,154,existing,499.6100797421412,102,128,175,461,existing,901.2269096395644,102,120,175,635,existing,769.0674660088475,102,127,175,174,existing,1015.0182061989972,102,117,175,546,existing,737.4759413358221,102,33,175,247,allocated,1192.2740919973844,102,119,175,246,existing,1062.0905190518529
103,103,109,176,718,existing,270.55621302903336,103,109,176,547,allocated,504.0770491657395,103,109,176,179,allocated,165.44306579752543,103,122,176,185,existing,358.31585454810227,103,121,176,185,existing,358.31585454810227,103,116,176,184,existing,597.5305813547376,103,118,176,154,existing,520.9471129388496,103,128,176,461,existing,922.5639428362729,103,120,176,635,existing,790.404499205556,103,127,176,174,existing,1036.3552393957057,103,117,176,546,existing,758.8129745325305,103,119,176,246,existing,1083.4275522485614,103,33,176,247,allocated,1213.611125194093
104,104,115,177,604,existing,350.43467832660673,104,115,177,712,existing,630.6040539526186,104,115,177,595,allocated,232.8617098036604,104,75,177,595,allocated,232.8617098036604,104,78,177,604,allocated,350.43467832660673,104,127,177,174,existing,1132.8874992575047,104,33,177,247,allocated,782.9949371785749,104,117,177,546,existing,1439.875393309397,104,118,177,154,existing,1501.900711710755,104,120,177,635,existing,1471.4669179824225,104,122,177,185,existing,1583.6485745781645,104,116,177,184,existing,1660.9795940681597,104,121,177,185,existing,1583.6485745781645
105,105,82,178,647,allocated,557.5142456194607,105,82,178,556,allocated,317.25326091025426,105,82,178,556,allocated,317.25326091025426,105,75,178,595,allocated,658.443134737058,105,127,178,174,existing,755.1347053878856,105,78,178,604,allocated,776.0161032600043,105,33,178,247,allocated,907.9721198347754,105,116,178,184,existing,1560.7409432698823,105,122,178,185,existing,1321.5262164632472,105,121,178,185,existing,1321.5262164632472,105,118,178,154,existing,1087.5955880035194,105,120,178,635,existing,1596.444100638623,105,117,178,546,existing,1564.8525759655975
106,106,109,179,718,existing,105.11314723150791,106,109,179,547,allocated,338.63398336821405,106,109,179,179,allocated,0.0,106,121,179,185,existing,192.87278875057677,106,122,179,185,existing,192.87278875057677,106,118,179,154,existing,355.5040471413242,106,116,179,184,existing,432.0875155572121,106,127,179,174,existing,870.9121735981803,106,120,179,635,existing,624.9614334080305,106,128,179,461,existing,757.1208770387475,106,117,179,546,existing,593.3699087350051,106,119,179,246,existing,917.984486451036,106,33,179,247,allocated,1048.1680593965673
107,107,109,180,718,existing,155.46975676396133,107,109,180,547,allocated,388.9905929006675,107,109,180,179,allocated,50.35660953245342,107,121,180,185,existing,243.22939828303018,107,122,180,185,existing,243.22939828303018,107,118,180,154,existing,405.8606566737776,107,116,180,184,existing,482.44412508966553,107,120,180,635,existing,675.3180429404839,107,117,180,546,existing,643.7265182674585,107,128,180,461,existing,807.4774865712009,107,127,180,174,existing,921.2687831306337,107,119,180,246,existing,968.3410959834895,107,33,180,247,allocated,1098.524668929021
108,108,115,181,604,existing,659.6335520787343,108,115,181,201,existing,681.2458362031267,108,115,181,604,allocated,659.6335520787343,108,78,181,604,allocated,659.6335520787343,108,75,181,595,allocated,717.2524816862766,108,127,181,174,existing,2083.001690747442,108,33,181,247,allocated,1686.3273868408348,108,121,181,185,existing,2530.194854116783,108,117,181,546,existing,2386.421672848016,108,120,181,635,existing,2418.0131975210415,108,118,181,154,existing,2452.014903200692,108,116,181,184,existing,2607.5258736067785,108,122,181,185,existing,2530.194854116783
109,109,115,182,604,existing,688.4779490061425,109,115,182,201,existing,827.5933374062073,109,115,182,595,allocated,570.9049804831961,109,75,182,595,allocated,570.9049804831961,109,78,182,604,allocated,688.4779490061425,109,33,182,247,allocated,1539.9798856377543,109,127,182,174,existing,1936.654189544361,109,118,182,154,existing,2305.6674019976117,109,121,182,185,existing,2383.8473529137027,109,120,182,635,existing,2271.665696317961,109,117,182,546,existing,2240.0741716449356,109,122,182,185,existing,2383.8473529137027,109,116,182,184,existing,2461.178372403698
110,110,115,183,604,existing,502.49580653899886,110,115,183,201,existing,524.1080906633914,110,115,183,604,allocated,502.49580653899886,110,78,183,604,allocated,502.49580653899886,110,75,183,595,allocated,620.0687750619452,110,127,183,174,existing,1985.8179841231104,110,33,183,247,allocated,1589.1436802165035,110,118,183,154,existing,2354.831196576361,110,117,183,546,existing,2289.2379662236845,110,120,183,635,existing,2320.82949089671,110,122,183,185,existing,2433.0111474924515,110,116,183,184,existing,2510.342166982447,110,121,183,185,existing,2433.0111474924515
111,111,109,185,718,existing,236.01540708236968,111,109,185,547,allocated,398.5091066355584,111,109,185,185,allocated,0.0,111,122,185,185,existing,0.0,111,121,185,185,existing,0.0,111,118,185,154,existing,233.93062845972764,111,116,185,184,existing,239.21472680663535,111,119,185,246,existing,725.1116977004593,111,117,185,546,existing,460.31892756539816,111,120,185,635,existing,473.1057560033099,111,128,185,461,existing,564.2480882881707,111,127,185,174,existing,749.3387549165836,111,33,185,247,allocated,1145.0307264372836
112,112,115,186,604,existing,832.1598204693807,112,115,186,201,existing,971.2752088694456,112,115,186,595,allocated,714.5868519464344,112,75,186,595,allocated,714.5868519464344,112,78,186,604,allocated,832.1598204693807,112,127,186,174,existing,2080.3360610075997,112,33,186,247,allocated,1683.6617571009926,112,122,186,185,existing,2527.529224376941,112,117,186,546,existing,2383.756043108174,112,118,186,154,existing,2449.34927346085,112,120,186,635,existing,2415.3475677811994,112,121,186,185,existing,2527.529224376941,112,116,186,184,existing,2604.8602438669363
113,113,115,187,604,existing,859.3209203499101,113,115,187,201,existing,834.8057248583887,113,115,187,201,allocated,834.8057248583887,113,75,187,595,allocated,852.5121579976038,113,78,187,604,allocated,859.3209203499101,113,127,187,174,existing,2218.261367058769,113,33,187,247,allocated,1821.587063152162,113,118,187,154,existing,2587.2745795120195,113,122,187,185,existing,2665.4545304281105,113,117,187,546,existing,2521.681349159343,113,120,187,635,existing,2553.2728738323685,113,116,187,184,existing,2742.785549918106,113,121,187,185,existing,2665.4545304281105
114,114,108,188,331,existing,136.82250481344238,114,108,188,547,allocated,18.493771886685916,114,108,188,547,allocated,18.493771886685916,114,117,188,546,existing,273.22969725347696,114,120,188,635,existing,304.82122192650246,114,121,188,185,existing,417.0028785222443,114,122,188,185,existing,417.0028785222443,114,128,188,461,existing,709.4642086299662,114,118,188,154,existing,613.6737297231373,114,119,188,246,existing,669.4320951695161,114,116,188,184,existing,494.33389801223973,114,33,188,247,allocated,728.0278479150393,114,127,188,174,existing,1088.063523098152
115,115,108,189,331,existing,375.689790959256,115,108,189,547,allocated,257.36105803249956,115,108,189,491,allocated,202.28407659226926,115,33,189,247,allocated,489.1605617692256,115,117,189,546,existing,512.0969833992906,115,118,189,154,existing,608.9009255378795,115,120,189,635,existing,543.6885080723162,115,122,189,185,existing,655.8701646680579,115,127,189,174,existing,849.1962369523383,115,121,189,185,existing,655.8701646680579,115,116,189,184,existing,733.2011841580535,115,128,189,461,existing,948.3314947757799,115,119,189,246,existing,908.2993813153298
116,116,82,190,647,allocated,610.849828521806,116,82,190,449,existing,271.4200596352563,116,82,190,190,allocated,0.0,116,33,190,247,allocated,260.39195430649113,116,127,190,174,existing,1004.5489118539012,116,117,190,546,existing,1252.6523169193401,116,75,190,595,allocated,1229.4668594610494,116,120,190,635,existing,1284.2438415923655,116,78,190,604,allocated,1347.0398279839958,116,118,190,154,existing,1329.653428392708,116,122,190,185,existing,1396.4254981881072,116,121,190,185,existing,1396.4254981881072,116,116,190,184,existing,1473.7565176781027
117,117,82,191,647,allocated,560.1350085262778,117,82,191,449,existing,220.70523963972818,117,82,191,190,allocated,50.71481999552808,117,33,191,247,allocated,209.67713431096308,117,127,191,174,existing,953.8340918583731,117,75,191,595,allocated,1178.7520394655212,117,117,191,546,existing,1201.937496923812,117,121,191,185,existing,1345.7106781925793,117,120,191,635,existing,1233.5290215968373,117,118,191,154,existing,1278.93860839718,117,78,191,604,allocated,1296.3250079884676,117,122,191,185,existing,1345.7106781925793,117,116,191,184,existing,1423.0416976825745
118,118,107,193,699,existing,342.752408734235,118,107,193,547,allocated,473.1257142465452,118,107,193,494,allocated,38.006435623129406,118,117,193,546,existing,230.6601084436712,118,120,193,635,existing,247.65218898517068,118,116,193,184,existing,451.76430920243394,118,119,193,246,existing,612.2630622281844,118,118,193,154,existing,924.9096644687969,118,121,193,185,existing,690.9790360090693,118,122,193,185,existing,690.9790360090693,118,128,193,461,existing,652.2951756886345,118,33,193,247,allocated,1164.1612188972827,118,127,193,174,existing,1440.317790925653
119,119,107,194,699,existing,452.28822223746954,119,107,194,547,allocated,582.6615277497798,119,107,194,469,allocated,120.94015621781166,119,117,194,546,existing,340.19592194690574,119,120,194,635,existing,357.18800248840523,119,119,194,246,existing,721.7988757314189,119,116,194,184,existing,561.3001227056685,119,121,194,185,existing,800.5148495123038,119,118,194,154,existing,1034.4454779720313,119,128,194,461,existing,761.830989191869,119,122,194,185,existing,800.5148495123038,119,127,194,174,existing,1549.8536044288874,119,33,194,247,allocated,1273.6970324005174
120,120,1,195,12,allocated,713.9368725238554,120,1,195,449,existing,580.6741351629241,120,1,195,213,allocated,277.3611605955264,120,33,195,247,allocated,569.6460298341589,120,127,195,174,existing,1313.802987381569,120,75,195,595,allocated,1538.720934988717,120,117,195,546,existing,1561.9063924470079,120,78,195,604,allocated,1656.2939035116635,120,121,195,185,existing,1705.679573715775,120,118,195,154,existing,1638.9075039203758,120,120,195,635,existing,1593.4979171200332,120,116,195,184,existing,1783.0105932057704,120,122,195,185,existing,1705.679573715775
121,121,114,196,342,existing,770.0614598824038,121,114,196,197,existing,185.02037078428535,121,114,196,196,allocated,0.0,121,119,196,246,existing,525.6875358042753,121,128,196,461,existing,715.7861816237958,121,126,196,691,existing,876.8946256169663,121,120,196,635,existing,868.7786363053972,121,124,196,619,existing,946.6533348006277,121,125,196,619,existing,946.6533348006277,121,117,196,546,existing,900.3701609784226,121,116,196,184,existing,990.0647339562075,121,122,196,185,existing,1229.279460762843,121,121,196,185,existing,1229.279460762843
122,122,111,197,239,existing,660.8115574009053,122,111,197,197,existing,0.0,122,111,197,587,allocated,172.19652001534115,122,126,197,691,existing,691.874254832681,122,119,197,246,existing,707.0352404523047,122,124,197,619,existing,761.6329640163424,122,125,197,619,existing,761.6329640163424,122,128,197,461,existing,896.2876468919493,122,123,197,39,existing,1081.207755385544,122,120,197,635,existing,1049.2801015735508,122,117,197,546,existing,1080.8716262465764,122,122,197,185,existing,1409.7809260309964,122,116,197,184,existing,1170.566199224361
123,123,1,198,12,allocated,743.669268971609,123,1,198,12,existing,743.669268971609,123,1,198,213,allocated,604.0390482075841,123,33,198,247,allocated,879.8428891852334,123,117,198,546,existing,1194.7575032701623,123,120,198,635,existing,1219.8289305305698,123,121,198,185,existing,1338.5306845389296,123,116,198,184,existing,1415.861704028925,123,119,198,246,existing,1584.4398037735834,123,118,198,154,existing,1535.2015357398225,123,122,198,185,existing,1338.5306845389296,123,128,198,461,existing,1624.4719172340335,123,127,198,174,existing,1590.6915396993852
124,124,1,199,12,allocated,782.2358023992713,124,1,199,449,existing,704.5818331234934,124,1,199,213,allocated,451.05819385033715,124,33,199,247,allocated,726.8620348279865,124,117,199,546,existing,1347.7383576274092,124,120,199,635,existing,1372.8097848878167,124,127,199,174,existing,1437.7106853421383,124,116,199,184,existing,1568.8425583861717,124,118,199,154,existing,1688.1823900970694,124,121,199,185,existing,1491.5115388961765,124,122,199,185,existing,1491.5115388961765,124,119,199,246,existing,1737.4206581308304,124,75,199,595,allocated,1695.9369399825448
125,125,1,200,12,allocated,291.2570091449818,125,1,200,12,existing,291.2570091449818,125,1,200,12,allocated,291.2570091449818,125,33,200,247,allocated,899.7167193338262,125,117,200,546,existing,1288.7349647551976,125,116,200,184,existing,1509.8391655139603,125,120,200,635,existing,1305.727045296697,125,127,200,174,existing,1610.565369847978,125,121,200,185,existing,1749.0538923205957,125,119,200,246,existing,1670.3379185397107,125,128,200,461,existing,1710.3700320001608,125,75,200,595,allocated,1868.7916244883845,125,122,200,185,existing,1749.0538923205957
126,126,115,201,604,existing,483.58054505884513,126,115,201,201,existing,0.0,126,115,201,201,allocated,0.0,126,78,201,604,allocated,483.58054505884513,126,75,201,595,allocated,601.1535135817915,126,33,201,247,allocated,1177.3128385816258,126,127,201,174,existing,1620.5584736519131,126,117,201,546,existing,1877.4071245888067,126,122,201,185,existing,2021.1803058575742,126,120,201,635,existing,1908.9986492618323,126,118,201,154,existing,1949.3942492171918,126,121,201,185,existing,2021.1803058575742,126,116,201,184,existing,2098.5113253475697
127,127,39,202,301,allocated,718.1744607709234,127,39,202,335,existing,510.6184291385505,127,39,202,202,allocated,0.0,127,118,202,154,existing,521.0727486727606,127,121,202,185,existing,755.0033771324881,127,122,202,185,existing,755.0033771324881,127,116,202,184,existing,861.1713367278254,127,117,202,546,existing,1082.2755374865883,127,128,202,461,existing,1109.046674169656,127,120,202,635,existing,1095.0623659244998,127,127,202,174,existing,981.1098722389094,127,33,202,247,allocated,1594.3174184696618,127,119,202,246,existing,1318.4643426708274
128,128,39,203,301,allocated,764.6250157462046,128,39,203,335,existing,557.0689841138317,128,39,203,203,allocated,0.0,128,118,203,154,existing,567.5233036480416,128,122,203,185,existing,801.4539321077692,128,116,203,184,existing,907.6218917031066,128,121,203,185,existing,801.4539321077692,128,117,203,546,existing,1128.7260924618695,128,128,203,461,existing,1155.4972291449371,128,127,203,174,existing,1027.5604272141904,128,120,203,635,existing,1141.512920899781,128,119,203,246,existing,1364.9148976461086,128,33,203,247,allocated,1640.767973444943
129,129,82,204,647,allocated,655.6371999644117,129,82,204,556,allocated,417.04421705731625,129,82,204,6,allocated,33.742845172115516,129,127,204,174,existing,93.28617544578864,129,118,204,154,existing,422.1219510110674,129,33,204,247,allocated,651.122718785834,129,122,204,185,existing,656.0525794707951,129,120,204,635,existing,1129.158335474105,129,117,204,546,existing,1116.371507036193,129,121,204,185,existing,656.0525794707951,129,116,204,184,existing,895.2673062774304,129,128,204,461,existing,1208.6676569728781,129,75,204,595,allocated,1312.6404705033483
130,130,82,205,647,allocated,331.70360997796575,130,82,205,449,existing,586.3320354370874,130,82,205,491,allocated,229.69239492783436,130,33,205,247,allocated,327.1891287993881,130,127,205,174,existing,417.21976543223457,130,118,205,154,existing,746.0555409975134,130,117,205,546,existing,944.0734549193942,130,75,205,595,allocated,995.100774792611,130,120,205,635,existing,975.6649795924197,130,121,205,185,existing,979.986169457241,130,122,205,185,existing,979.986169457241,130,116,205,184,existing,1165.177655678157,130,78,205,604,allocated,1112.6737433155574
131,131,109,206,718,existing,201.42151042242165,131,109,206,547,allocated,434.94234655912777,131,109,206,179,allocated,96.30836319091374,131,122,206,185,existing,289.1811519414905,131,121,206,185,existing,289.1811519414905,131,118,206,154,existing,451.81241033223796,131,116,206,184,existing,528.3958787481258,131,127,206,174,existing,967.220536789094,131,117,206,546,existing,689.6782719259188,131,128,206,461,existing,853.4292402296612,131,120,206,635,existing,721.2697965989443,131,33,206,247,allocated,1144.476422587481,131,119,206,246,existing,1014.2928496419498
132,132,109,207,718,existing,120.39209220313235,132,109,207,547,allocated,353.1284515610589,132,109,207,718,allocated,120.39209220313235,132,122,207,185,existing,356.407499285502,132,121,207,185,existing,356.407499285502,132,116,207,184,existing,595.6222260921375,132,118,207,154,existing,519.0387576762495,132,128,207,461,existing,920.6555875736727,132,120,207,635,existing,639.4559016008754,132,119,207,246,existing,1004.0667748438891,132,117,207,546,existing,607.8643769278499,132,33,207,247,allocated,1062.662527589412,132,127,207,174,existing,1034.4468841331056
133,133,108,208,331,existing,119.61844232427086,133,108,208,547,allocated,274.93471902439916,133,108,208,331,allocated,119.61844232427086,133,122,208,185,existing,433.83840884321836,133,121,208,185,existing,433.83840884321836,133,120,208,635,existing,561.2621690642156,133,117,208,546,existing,529.6706443911902,133,119,208,246,existing,925.8730423072293,133,128,208,461,existing,965.9051557676794,133,118,208,154,existing,596.4696672339658,133,116,208,184,existing,673.0531356498537,133,33,208,247,allocated,984.4687950527525,133,127,208,174,existing,1111.8777936908218
134,134,108,209,331,existing,702.7787167205166,134,108,209,547,allocated,584.4499837937602,134,108,209,260,allocated,532.0756060437024,134,117,209,546,existing,834.7314348774744,134,120,209,635,existing,851.7235154189739,134,122,209,185,existing,982.9590904293186,134,121,209,185,existing,982.9590904293186,134,119,209,246,existing,1216.3343886619875,134,116,209,184,existing,1055.8356356362372,134,118,209,154,existing,1179.6299416302115,134,33,209,247,allocated,1064.4673945260715,134,128,209,461,existing,1256.3665021224376,134,127,209,174,existing,1469.40826727902
135,135,115,210,604,existing,419.52584055672673,135,115,210,712,existing,139.35646493071476,135,115,210,201,allocated,140.65611825822953,135,78,210,604,allocated,419.52584055672673,135,75,210,595,allocated,537.0988090796731,135,33,210,247,allocated,1036.6567203233963,135,127,210,174,existing,1479.9023553936836,135,121,210,185,existing,1880.5241875993447,135,120,210,635,existing,1768.3425310036027,135,118,210,154,existing,1808.7381309589623,135,117,210,546,existing,1736.7510063305772,135,122,210,185,existing,1880.5241875993447,135,116,210,184,existing,1957.85520708934
136,136,115,211,604,existing,459.28919755813547,136,115,211,712,existing,179.11982193212353,136,115,211,201,allocated,180.4194752596383,136,78,211,604,allocated,459.28919755813547,136,75,211,595,allocated,576.8621660810818,136,127,211,174,existing,1519.6657123950924,136,33,211,247,allocated,1076.420077324805,136,121,211,185,existing,1920.2875446007536,136,117,211,546,existing,1776.514363331986,136,118,211,154,existing,1848.5014879603712,136,120,211,635,existing,1808.1058880050116,136,122,211,185,existing,1920.2875446007536,136,116,211,184,existing,1997.6185640907488
137,137,82,212,647,allocated,739.2811469532124,137,82,212,449,existing,399.85137806666273,137,82,212,213,allocated,96.53840349926512,137,33,212,247,allocated,388.82327273789764,137,127,212,174,existing,1132.9802302853077,137,75,212,595,allocated,1357.8981778924558,137,117,212,546,existing,1381.0836353507466,137,78,212,604,allocated,1475.4711464154022,137,120,212,635,existing,1412.675160023772,137,118,212,154,existing,1458.0847468241145,137,122,212,185,existing,1524.8568166195137,137,116,212,184,existing,1602.1878361095091,137,121,212,185,existing,1524.8568166195137
138,138,82,213,647,allocated,835.8195504524774,138,82,213,449,existing,496.3897815659278,138,82,213,213,allocated,0.0,138,33,213,247,allocated,485.3616762371627,138,127,213,174,existing,1229.5186337845728,138,75,213,595,allocated,1454.436581391721,138,117,213,546,existing,1477.6220388500114,138,120,213,635,existing,1509.213563523037,138,122,213,185,existing,1621.395220118779,138,78,213,604,allocated,1572.0095499146673,138,118,213,154,existing,1554.6231503233796,138,116,213,184,existing,1698.7262396087742,138,121,213,185,existing,1621.395220118779
139,139,110,214,239,existing,520.7861826582547,139,110,214,263,existing,159.250738755265,139,110,214,104,allocated,124.32541428186784,139,126,214,691,existing,551.8488800900304,139,124,214,619,existing,621.6075892736918,139,125,214,619,existing,621.6075892736918,139,123,214,39,existing,892.6129598860678,139,120,214,635,existing,1104.901229506979,139,128,214,461,existing,978.5223531490944,139,119,214,246,existing,938.4902396886442,139,117,214,546,existing,1136.4927541800046,139,122,214,185,existing,1465.4020539644248,139,116,214,184,existing,1226.1873271577892
140,140,111,215,239,existing,579.5380893092369,140,111,215,263,existing,218.00264540624713,140,111,215,107,allocated,112.73044705633279,140,126,215,691,existing,610.6007867410126,140,124,215,619,existing,680.3594959246739,140,125,215,619,existing,680.3594959246739,140,123,215,39,existing,951.3648665370498,140,120,215,635,existing,1163.6531361579612,140,117,215,546,existing,1195.2446608309867,140,128,215,461,existing,1037.2742598000764,140,119,215,246,existing,997.2421463396263,140,116,215,184,existing,1284.9392338087714,140,122,215,185,existing,1524.153960615407
141,141,114,218,342,existing,291.16345632551486,141,114,218,263,existing,678.5714437737913,141,114,218,341,allocated,264.1912596956003,141,119,218,246,existing,590.6854431086106,141,128,218,461,existing,630.7175565690607,141,120,218,635,existing,755.1936477985863,141,117,218,546,existing,786.7851724716118,141,122,218,185,existing,1115.694472256032,141,126,218,691,existing,1257.074146142439,141,116,218,184,existing,876.4797454493968,141,121,218,185,existing,1115.694472256032,141,125,218,619,existing,1326.8328553261006,141,124,218,619,existing,1326.8328553261006
142,142,113,219,343,existing,431.93025648563923,142,113,219,263,existing,466.30381999404165,142,113,219,631,allocated,127.8000464524291,142,119,219,246,existing,802.9530668883601,142,128,219,461,existing,842.9851803488102,142,117,219,546,existing,999.0527962513614,142,120,219,635,existing,967.461271578336,142,124,219,619,existing,1157.4663494277013,142,125,219,619,existing,1157.4663494277013,142,116,219,184,existing,1088.7473692291462,142,126,219,691,existing,1087.7076402440398,142,122,219,185,existing,1327.9620960357815,142,123,219,39,existing,1209.2029027486155
143,143,1,220,12,allocated,452.529287418011,143,1,220,12,existing,452.529287418011,143,1,220,12,allocated,452.529287418011,143,120,220,635,existing,981.1545530598958,143,117,220,546,existing,999.4674558096058,143,119,220,246,existing,1345.7654263029094,143,116,220,184,existing,1215.0455822565702,143,128,220,461,existing,1385.7975397633595,143,122,220,185,existing,1454.2603090632056,143,121,220,185,existing,1454.2603090632056,143,123,220,39,existing,1541.2293088019187,143,33,220,247,allocated,1640.8446823439292,143,126,220,691,existing,1603.7694630570982
144,144,1,221,12,allocated,523.3817955087724,144,1,221,12,existing,523.3817955087724,144,1,221,12,allocated,523.3817955087724,144,120,221,635,existing,1052.0070611506571,144,117,221,546,existing,1070.3199639003672,144,119,221,246,existing,1416.6179343936708,144,116,221,184,existing,1285.8980903473316,144,122,221,185,existing,1525.1128171539672,144,123,221,39,existing,1612.0818168926799,144,128,221,461,existing,1456.6500478541209,144,121,221,185,existing,1525.1128171539672,144,126,221,691,existing,1674.6219711478595,144,33,221,247,allocated,1711.6971904346906
145,145,1,222,12,allocated,493.96057942885994,145,1,222,12,existing,493.96057942885994,145,1,222,12,allocated,493.96057942885994,145,117,222,546,existing,1253.2975026888862,145,120,222,635,existing,1270.2895832303857,145,116,222,184,existing,1474.401703447649,145,33,222,247,allocated,1379.9765712887809,145,119,222,246,existing,1634.9004564733993,145,122,222,185,existing,1713.6164302542843,145,121,222,185,existing,1713.6164302542843,145,128,222,461,existing,1674.9325699338494,145,118,222,154,existing,1947.5470587140119,145,126,222,691,existing,2015.5495253912347
146,146,1,223,12,allocated,468.67424557883544,146,1,223,12,existing,468.67424557883544,146,1,223,12,allocated,468.67424557883544,146,33,223,247,allocated,1299.1931046291525,146,117,223,546,existing,1334.0809693485148,146,120,223,635,existing,1351.0730498900143,146,116,223,184,existing,1555.1851701072776,146,121,223,185,existing,1794.399896913913,146,128,223,461,existing,1755.716036593478,146,122,223,185,existing,1794.399896913913,146,119,223,246,existing,1715.683923133028,146,127,223,174,existing,2010.0417551433043,146,118,223,154,existing,2028.3305253736405
147,147,1,224,12,allocated,816.411332925995,147,1,224,12,existing,816.411332925995,147,1,224,12,allocated,816.411332925995,147,33,224,247,allocated,1222.1709372017008,147,117,224,546,existing,1677.591430004784,147,116,224,184,existing,1898.6956307635467,147,120,224,635,existing,1694.5835105462834,147,119,224,246,existing,2059.194383789297,147,127,224,174,existing,1933.0195877158526,147,128,224,461,existing,2099.226497249747,147,122,224,185,existing,2137.910357570182,147,121,224,185,existing,2137.910357570182,147,75,224,595,allocated,2191.245842356259
148,148,1,225,12,allocated,831.2102628980014,148,1,225,12,existing,831.2102628980014,148,1,225,12,allocated,831.2102628980014,148,33,225,247,allocated,1128.145511720026,148,117,225,546,existing,1771.616855486459,148,127,225,174,existing,1838.9941622341776,148,120,225,635,existing,1788.6089360279584,148,119,225,246,existing,2153.219809270972,148,118,225,154,existing,2164.0986787729844,148,75,225,595,allocated,2097.220416874584,148,116,225,184,existing,1992.7210562452215,148,122,225,185,existing,2210.9191245366655,148,128,225,461,existing,2193.251922731422
149,149,39,226,301,allocated,292.17380664169343,149,39,226,227,existing,45.28399427680048,149,39,226,226,allocated,0.0,149,116,226,184,existing,244.6378502919874,149,117,226,546,existing,465.7420510507502,149,120,226,635,existing,478.5288794886619,149,121,226,185,existing,483.85257709862276,149,122,226,185,existing,483.85257709862276,149,118,226,154,existing,498.4220281702892,149,128,226,461,existing,492.51318773381786,149,119,226,246,existing,701.9308562349893,149,33,226,247,allocated,1466.9995962192663,149,127,226,174,existing,958.4591517364381
150,150,39,227,301,allocated,337.45780091849394,150,39,227,227,existing,0.0,150,39,227,226,allocated,45.28399427680048,150,116,227,184,existing,289.9218445687879,150,118,227,154,existing,453.13803389348874,150,120,227,635,existing,523.8128737654624,150,117,227,546,existing,511.02604532755066,150,128,227,461,existing,537.7971820106184,150,119,227,246,existing,747.2148505117898,150,121,227,185,existing,529.1365713754233,150,122,227,185,existing,529.1365713754233,150,127,227,174,existing,913.1751574596376,150,33,227,247,allocated,1512.2835904960668
151,151,39,228,301,allocated,223.60833267401858,151,39,228,335,existing,475.2579225730914,151,39,228,301,allocated,223.60833267401858,151,128,228,461,existing,668.8403429502339,151,119,228,246,existing,690.9149541510559,151,116,228,184,existing,760.4199896076994,151,120,228,635,existing,961.1417039526419,151,118,228,154,existing,1014.2041674860013,151,122,228,185,existing,999.6347164143348,151,121,228,185,existing,999.6347164143348,151,117,228,546,existing,981.5241903664622,151,126,228,691,existing,1959.088302137954,151,127,228,174,existing,1474.2412910521502
152,152,39,229,301,allocated,313.9484044471026,152,39,229,335,existing,565.5979943461753,152,39,229,301,allocated,313.9484044471026,152,128,229,461,existing,578.5002711771499,152,119,229,246,existing,600.5748823779719,152,120,229,635,existing,965.1857556209854,152,116,229,184,existing,850.7600613807834,152,122,229,185,existing,1089.9747881874187,152,117,229,546,existing,996.7772802940109,152,118,229,154,existing,1104.5442392590853,152,121,229,185,existing,1089.9747881874187,152,126,229,691,existing,1868.7482303648699,152,127,229,174,existing,1564.581362825234
153,153,39,230,301,allocated,523.9863465529199,153,39,230,335,existing,775.6359364519926,153,39,230,717,allocated,282.11469145496676,153,119,230,246,existing,390.5369402721545,153,128,230,461,existing,471.0949811618448,153,120,230,635,existing,755.1478135151681,153,117,230,546,existing,786.7393381881935,153,121,230,185,existing,1035.3430694500155,153,118,230,154,existing,1257.6406871236557,153,116,230,184,existing,796.1283426433802,153,122,230,185,existing,1035.3430694500155,153,126,230,691,existing,1658.7102882590525,153,127,230,174,existing,1717.6778106898043
154,154,39,231,301,allocated,621.0637903412768,154,39,231,767,existing,689.1014335763075,154,39,231,281,allocated,276.5336628164048,154,119,231,246,existing,293.45949648379764,154,128,231,461,existing,502.8771649849691,154,120,231,635,existing,658.0703697268112,154,117,231,546,existing,689.6618943998367,154,116,231,184,existing,779.3564673776217,154,121,231,185,existing,1018.571194184257,154,118,231,154,existing,1252.5018226439847,154,122,231,185,existing,1018.571194184257,154,126,231,691,existing,1561.6328444706958,154,125,231,619,existing,1631.3915536543573
155,155,114,232,342,existing,615.3868245278468,155,114,232,767,existing,657.5623815774318,155,114,232,281,allocated,244.99461081752906,155,119,232,246,existing,261.9204444849219,155,128,232,461,existing,471.33811298609345,155,117,232,546,existing,658.122842400961,155,120,232,635,existing,626.5313177279355,155,121,232,185,existing,987.0321421853813,155,122,232,185,existing,987.0321421853813,155,116,232,184,existing,747.817415378746,155,118,232,154,existing,1220.9627706451088,155,126,232,691,existing,1530.09379247182,155,125,232,619,existing,1599.8525016554813
156,156,114,233,342,existing,458.82489770365834,156,114,233,767,existing,501.0004547532434,156,114,233,281,allocated,88.43268399334065,156,119,233,246,existing,105.35851766073353,156,128,233,461,existing,314.776186161905,156,120,233,635,existing,469.9693909037471,156,117,233,546,existing,501.5609155767726,156,121,233,185,existing,830.4702153611928,156,116,233,184,existing,591.2554885545575,156,118,233,154,existing,1064.4008438209203,156,122,233,185,existing,830.4702153611928,156,126,233,691,existing,1373.5318656476315,156,124,233,619,existing,1443.290574831293
157,157,115,234,604,existing,500.3838993251046,157,115,234,201,existing,373.69109039088676,157,115,234,201,allocated,373.69109039088676,157,78,234,604,allocated,500.3838993251046,157,75,234,595,allocated,617.9568678480509,157,33,234,247,allocated,1483.2799558699385,157,127,234,174,existing,1926.5255909402258,157,117,234,546,existing,2183.3742418771194,157,122,234,185,existing,2327.147423145887,157,118,234,154,existing,2255.3613665055045,157,120,234,635,existing,2214.965766550145,157,116,234,184,existing,2404.478442635882,157,121,234,185,existing,2327.147423145887
158,158,39,235,301,allocated,575.1364281761707,158,39,235,335,existing,367.58039654379775,158,39,235,236,allocated,202.00050377073464,158,118,235,154,existing,286.590151544485,158,121,235,185,existing,520.5207800042126,158,116,235,184,existing,656.0812245169647,158,122,235,185,existing,520.5207800042126,158,117,235,546,existing,877.1854252757274,158,128,235,461,existing,903.9565619587951,158,120,235,635,existing,889.9722537136391,158,127,235,174,existing,746.6272751106338,158,119,235,246,existing,1113.3742304599666,158,33,235,247,allocated,1359.8348213413863
159,159,109,236,718,existing,483.23631324686744,159,109,236,227,existing,368.5483861197384,159,109,236,236,allocated,0.0,159,118,236,154,existing,84.58964777375037,159,122,236,185,existing,318.52027623347794,159,121,236,185,existing,318.52027623347794,159,116,236,184,existing,454.08072074623,159,117,236,546,existing,675.1849215049928,159,128,236,461,existing,701.9560581880605,159,120,236,635,existing,687.9717499429046,159,127,236,174,existing,544.6267713398992,159,33,236,247,allocated,1157.8343175706516,159,119,236,246,existing,911.373726689232
160,160,112,237,691,existing,982.8762951752757,160,112,237,618,existing,215.42612476383997,160,112,237,618,allocated,215.42612476383997,160,123,237,39,existing,920.3361409200961,160,126,237,691,existing,982.8762951752757,160,124,237,619,existing,1052.635004358937,160,125,237,619,existing,1052.635004358937,160,128,237,461,existing,1569.7235263322932,160,120,237,635,existing,1694.1996175618187,160,117,237,546,existing,1725.7911422348443,160,119,237,246,existing,1529.6914128718429,160,121,237,185,existing,2054.7004420192648,160,116,237,184,existing,1815.4857152126292
161,161,112,238,691,existing,1056.857217021111,161,112,238,618,existing,289.40704660967526,161,112,238,618,allocated,289.40704660967526,161,123,238,39,existing,994.3170627659314,161,126,238,691,existing,1056.857217021111,161,124,238,619,existing,1126.6159262047724,161,125,238,619,existing,1126.6159262047724,161,119,238,246,existing,1588.2141987566151,161,120,238,635,existing,1752.7224034465908,161,128,238,461,existing,1628.2463122170652,161,117,238,546,existing,1784.3139281196163,161,116,238,184,existing,1874.0085010974012,161,122,238,185,existing,2113.223227904037
162,162,111,239,239,existing,0.0,162,111,239,691,allocated,31.06269743177572,162,111,239,239,allocated,0.0,162,126,239,691,existing,31.06269743177572,162,125,239,619,existing,100.8214066154371,162,124,239,619,existing,100.8214066154371,162,123,239,39,existing,436.2089402337731,162,117,239,546,existing,1461.7267433701995,162,119,239,246,existing,1237.1106505551224,162,120,239,635,existing,1430.135218697174,162,128,239,461,existing,1277.1427640155725,162,116,239,184,existing,1551.4213163479842,162,122,239,185,existing,1790.6360431546195
163,163,111,240,239,existing,398.7471901314178,163,111,240,263,existing,220.89685710492012,163,111,240,729,allocated,197.78123700577856,163,126,240,691,existing,429.80988756319357,163,124,240,619,existing,499.56859674685495,163,125,240,619,existing,499.56859674685495,163,123,240,39,existing,819.1433881160566,163,117,240,546,existing,1062.9795532387816,163,119,240,246,existing,838.3634604237045,163,128,240,461,existing,878.3955738841546,163,120,240,635,existing,1031.388028565756,163,121,240,185,existing,1391.8888530232016,163,116,240,184,existing,1152.6741262165663
164,164,1,241,12,allocated,569.9812616282654,164,1,241,12,existing,569.9812616282654,164,1,241,12,allocated,569.9812616282654,164,33,241,247,allocated,866.9165104502898,164,117,241,546,existing,1567.4592172384812,164,120,241,635,existing,1584.4512977799807,164,127,241,174,existing,1577.7651609644415,164,119,241,246,existing,1949.0621710229943,164,118,241,154,existing,1902.8696775032483,164,116,241,184,existing,1788.563417997244,164,75,241,595,allocated,1835.991415604848,164,122,241,185,existing,1949.6901232669295,164,121,241,185,existing,1949.6901232669295
165,165,1,242,12,allocated,508.28788278205275,165,1,242,12,existing,508.28788278205275,165,1,242,12,allocated,508.28788278205275,165,33,242,247,allocated,805.2231316040773,165,117,242,546,existing,1505.7658383922685,165,127,242,174,existing,1516.0717821182288,165,120,242,635,existing,1522.757918933768,165,75,242,595,allocated,1774.2980367586354,165,116,242,184,existing,1726.8700391510313,165,119,242,246,existing,1887.3687921767817,165,118,242,154,existing,1841.1762986570357,165,122,242,185,existing,1887.9967444207168,165,121,242,185,existing,1887.9967444207168
166,166,112,243,691,existing,64.49067740856444,166,112,243,691,allocated,64.49067740856444,166,112,243,711,allocated,61.42607084448378,166,126,243,691,existing,64.49067740856444,166,125,243,619,existing,134.24938659222582,166,123,243,39,existing,342.59178788630925,166,124,243,619,existing,134.24938659222582,166,117,243,546,existing,1513.6490911325786,166,128,243,461,existing,1354.947174113902,166,119,243,246,existing,1314.915060653452,166,120,243,635,existing,1482.057566459553,166,116,243,184,existing,1603.3436641103633,166,122,243,185,existing,1842.5583909169986
167,167,112,244,691,existing,148.43845046682677,167,112,244,691,allocated,148.43845046682677,167,112,244,711,allocated,145.37384390274613,167,126,244,691,existing,148.43845046682677,167,124,244,619,existing,218.19715965048817,167,123,244,39,existing,413.0177644321868,167,125,244,619,existing,218.19715965048817,167,128,244,461,existing,1438.8949471721644,167,117,244,546,existing,1597.596864190841,167,120,244,635,existing,1566.0053395178154,167,119,244,246,existing,1398.8628337117143,167,121,244,185,existing,1926.5061639752612,167,116,244,184,existing,1687.2914371686256
168,168,82,247,647,allocated,350.4578742153148,168,82,247,449,existing,358.8097680543641,168,82,247,247,allocated,0.0,168,33,247,247,allocated,0.0,168,127,247,174,existing,744.4088942316225,168,117,247,546,existing,1001.2575451685161,168,75,247,595,allocated,969.0749051545582,168,120,247,635,existing,1032.8490698415417,168,78,247,604,allocated,1086.6478736775045,168,118,247,154,existing,1073.2446697969012,168,122,247,185,existing,1145.0307264372836,168,121,247,185,existing,1145.0307264372836,168,116,247,184,existing,1222.361745927279
169,169,115,249,604,existing,726.5884758899903,169,115,249,712,existing,446.4191002639783,169,115,249,521,allocated,172.0811103647276,169,75,249,595,allocated,701.1840249166679,169,78,249,604,allocated,726.5884758899903,169,33,249,247,allocated,729.5940849901328,169,127,249,174,existing,1172.8397200604202,169,117,249,546,existing,1429.6883709973138,169,120,249,635,existing,1461.2798956703393,169,118,249,154,existing,1501.6754956256989,169,121,249,185,existing,1573.461552266081,169,116,249,184,existing,1650.7925717560765,169,122,249,185,existing,1573.461552266081
170,170,115,250,604,existing,652.4835793952793,170,115,250,712,existing,372.31420376926735,170,115,250,521,allocated,246.18600685943852,170,75,250,595,allocated,627.079128421957,170,78,250,604,allocated,652.4835793952793,170,33,250,247,allocated,803.6989814848438,170,127,250,174,existing,1246.9446165551312,170,121,250,185,existing,1647.5664487607921,170,117,250,546,existing,1503.7932674920248,170,118,250,154,existing,1575.78039212041,170,120,250,635,existing,1535.3847921650504,170,122,250,185,existing,1647.5664487607921,170,116,250,184,existing,1724.8974682507874
171,171,1,251,12,allocated,489.13049181935463,171,1,251,12,existing,489.13049181935463,171,1,251,631,allocated,350.6144278695581,171,120,251,635,existing,830.0089962920598,171,117,251,546,existing,848.3218990417698,171,119,251,246,existing,932.8152766602249,171,128,251,461,existing,972.8473901206751,171,121,251,185,existing,1303.1147522953697,171,126,251,691,existing,1310.5220216611688,171,122,251,185,existing,1303.1147522953697,171,116,251,184,existing,1063.9000254887344,171,124,251,619,existing,1380.2807308448303,171,125,251,619,existing,1380.2807308448303
172,172,1,252,12,allocated,522.760162064554,172,1,252,12,existing,522.760162064554,172,1,252,631,allocated,384.24409811475755,172,120,252,635,existing,796.3793260468603,172,117,252,546,existing,814.6922287965704,172,119,252,246,existing,966.4449469054243,172,128,252,461,existing,1006.4770603658744,172,126,252,691,existing,1344.1516919063683,172,121,252,185,existing,1269.4850820501704,172,116,252,184,existing,1030.270355243535,172,122,252,185,existing,1269.4850820501704,172,124,252,619,existing,1413.9104010900298,172,125,252,619,existing,1413.9104010900298
173,173,1,253,12,allocated,392.4476239132671,173,1,253,12,existing,392.4476239132671,173,1,253,12,allocated,392.4476239132671,173,33,253,247,allocated,1222.966482963584,173,117,253,546,existing,1389.9255795234828,173,120,253,635,existing,1406.9176600649823,173,116,253,184,existing,1611.0297802822456,173,128,253,461,existing,1811.560646768446,173,119,253,246,existing,1771.528533307996,173,122,253,185,existing,1850.244507088881,173,121,253,185,existing,1850.244507088881,173,127,253,174,existing,1933.8151334777358,173,118,253,154,existing,2084.1751355486085
174,174,1,254,12,allocated,479.11344923296775,174,1,254,12,existing,479.11344923296775,174,1,254,12,allocated,479.11344923296775,174,33,254,247,allocated,1309.6323082832846,174,117,254,546,existing,1476.5914048431835,174,120,254,635,existing,1493.583485384683,174,116,254,184,existing,1697.6956056019462,174,122,254,185,existing,1936.9103324085816,174,121,254,185,existing,1936.9103324085816,174,119,254,246,existing,1858.1943586276966,174,128,254,461,existing,1898.2264720881467,174,118,254,154,existing,2170.840960868309,174,127,254,174,existing,2020.4809587974366
175,175,115,255,604,existing,305.4228530670715,175,115,255,201,existing,473.0009443217857,175,115,255,604,allocated,305.4228530670715,175,78,255,604,allocated,305.4228530670715,175,75,255,595,allocated,422.99582159001784,175,33,255,247,allocated,1392.070726744576,175,127,255,174,existing,1788.7450306511828,175,122,255,185,existing,2235.9381940205244,175,118,255,154,existing,2157.7582431044334,175,120,255,635,existing,2123.7565374247824,175,117,255,546,existing,2092.165012751757,175,121,255,185,existing,2235.9381940205244,175,116,255,184,existing,2313.26921351052
176,176,115,256,604,existing,378.4057566322324,176,115,256,201,existing,400.0180407566248,176,115,256,604,allocated,378.4057566322324,176,78,256,604,allocated,378.4057566322324,176,75,256,595,allocated,495.9787251551787,176,127,256,174,existing,1861.7279342163438,176,33,256,247,allocated,1465.053630309737,176,117,256,546,existing,2165.147916316918,176,121,256,185,existing,2308.9210975856854,176,120,256,635,existing,2196.7394409899434,176,118,256,154,existing,2230.7411466695944,176,122,256,185,existing,2308.9210975856854,176,116,256,184,existing,2386.252117075681
177,177,110,257,239,existing,618.1091825978534,177,110,257,263,existing,27.76805977963079,177,110,257,263,allocated,27.76805977963079,177,126,257,691,existing,649.1718800296292,177,125,257,619,existing,718.9305892132904,177,123,257,39,existing,770.6671425342046,177,124,257,619,existing,718.9305892132904,177,117,257,546,existing,1256.0750482898961,177,119,257,246,existing,1058.072533798536,177,120,257,635,existing,1224.4835236168706,177,128,257,461,existing,1098.1046472589862,177,121,257,185,existing,1584.9843480743161,177,116,257,184,existing,1345.7696212676808
178,178,113,258,343,existing,600.29932824595,178,113,258,263,existing,216.97074713516312,178,113,258,631,allocated,121.53302640644941,178,126,258,691,existing,838.3745673851615,178,125,258,619,existing,908.1332765688228,178,123,258,39,existing,959.8698298897369,178,124,258,619,existing,908.1332765688228,178,128,258,461,existing,1089.7235239449296,178,119,258,246,existing,1049.6914104844793,178,120,258,635,existing,1214.1996151744552,178,117,258,546,existing,1245.7911398474807,178,116,258,184,existing,1335.4857128252656,178,121,258,185,existing,1574.7004396319012
179,179,82,259,647,allocated,495.8629320093751,179,82,259,449,existing,317.0859355837058,179,82,259,535,allocated,136.16911827329434,179,33,259,247,allocated,145.40505779406033,179,127,259,174,existing,889.8139520256829,179,117,259,546,existing,1146.6626029625763,179,75,259,595,allocated,1114.4799629486185,179,121,259,185,existing,1290.4357842313439,179,78,259,604,allocated,1232.052931471565,179,118,259,154,existing,1218.6497275909617,179,120,259,635,existing,1178.254127635602,179,116,259,184,existing,1367.7668037213393,179,122,259,185,existing,1290.4357842313439
180,180,108,260,331,existing,407.78484436620766,180,108,260,547,allocated,289.4561114394512,180,108,260,260,allocated,0.0,180,117,260,546,existing,544.1920368062422,180,120,260,635,existing,575.7835614792677,180,33,260,247,allocated,655.6644463201976,180,121,260,185,existing,687.9652180750095,180,119,260,246,existing,940.3944347222814,180,118,260,154,existing,884.6360692759026,180,116,260,184,existing,765.2962375650051,180,122,260,185,existing,687.9652180750095,180,128,260,461,existing,980.4265481827315,180,127,260,174,existing,1060.605319073146
181,181,108,261,331,existing,469.42117328512177,181,108,261,547,allocated,351.0924403583653,181,108,261,260,allocated,61.63632891891413,181,33,261,247,allocated,594.0281174012835,181,117,261,546,existing,605.8283657251563,181,120,261,635,existing,637.4198903981818,181,121,261,185,existing,749.6015469939236,181,127,261,174,existing,998.9689901542317,181,116,261,184,existing,826.9325664839191,181,118,261,154,existing,946.2723981948167,181,122,261,185,existing,749.6015469939236,181,128,261,461,existing,1042.0628771016454,181,119,261,246,existing,1002.0307636411953
182,182,110,263,239,existing,590.3411228182226,182,110,263,263,existing,0.0,182,110,263,263,allocated,0.0,182,126,263,691,existing,621.4038202499984,182,124,263,619,existing,691.1625294336598,182,125,263,619,existing,691.1625294336598,182,123,263,39,existing,742.8990827545738,182,119,263,246,existing,1059.2603175286247,182,128,263,461,existing,1099.2924309890748,182,120,263,635,existing,1226.4028233347258,182,117,263,546,existing,1257.9943480077513,182,122,263,185,existing,1586.9036477921713,182,116,263,184,existing,1347.688920985536
183,183,39,264,301,allocated,684.0036749623348,183,39,264,335,existing,796.0233445250235,183,39,264,301,allocated,684.0036749623348,183,119,264,246,existing,910.639649792708,183,128,264,461,existing,1031.3187223346645,183,120,264,635,existing,1275.2505230357217,183,116,264,184,existing,1220.8153318960156,183,122,264,185,existing,1460.0300587026509,183,121,264,185,existing,1460.0300587026509,183,118,264,154,existing,1450.1938926133064,183,117,264,546,existing,1306.842047708747,183,126,264,691,existing,1931.9276322168353,183,127,264,174,existing,1910.2310161794553
184,184,39,265,301,allocated,635.1543243266133,184,39,265,335,existing,747.1739938893019,184,39,265,301,allocated,635.1543243266133,184,119,265,246,existing,959.4890004284298,184,128,265,461,existing,1021.3413417811889,184,120,265,635,existing,1324.0998736714432,184,116,265,184,existing,1171.965981260294,184,122,265,185,existing,1411.1807080669296,184,118,265,154,existing,1401.3445419775846,184,117,265,546,existing,1355.6913983444688,184,121,265,185,existing,1411.1807080669296,184,126,265,691,existing,1980.776982852557,184,127,265,174,existing,1861.3816655437336
185,185,1,266,12,allocated,868.1089410306097,185,1,266,449,existing,618.708694492155,185,1,266,528,allocated,450.4439113172195,185,33,266,247,allocated,640.988896196648,185,127,266,174,existing,1351.8375467107999,185,120,266,635,existing,1458.682923519155,185,117,266,546,existing,1433.6114962587476,185,75,266,595,allocated,1610.0638013512064,185,116,266,184,existing,1654.7156970175101,185,122,266,185,existing,1577.384677527515,185,121,266,185,existing,1577.384677527515,185,118,266,154,existing,1676.9420632496067,185,78,266,604,allocated,1727.6367698741528
186,186,113,267,343,existing,668.6729664903061,186,113,267,618,existing,196.20023937916767,186,113,267,618,allocated,196.20023937916767,186,123,267,39,existing,931.7359960317733,186,126,267,691,existing,994.2761502869528,186,125,267,619,existing,1064.0348594706143,186,124,267,619,existing,1064.0348594706143,186,128,267,461,existing,1158.0971621892854,186,119,267,246,existing,1118.0650487288353,186,120,267,635,existing,1282.5732534188112,186,117,267,546,existing,1314.1647780918365,186,121,267,185,existing,1643.074077876257,186,116,267,184,existing,1403.8593510696217
187,187,113,268,343,existing,814.2763950200493,187,113,268,618,existing,341.803667908911,187,113,268,618,allocated,341.803667908911,187,123,268,39,existing,1073.5010262856376,187,126,268,691,existing,1136.041180540817,187,124,268,619,existing,1205.7998897244786,187,125,268,619,existing,1205.7998897244786,187,119,268,246,existing,1263.6684772585786,187,128,268,461,existing,1303.7005907190287,187,120,268,635,existing,1428.1766819485545,187,117,268,546,existing,1459.7682066215798,187,122,268,185,existing,1788.6775064060002,187,116,268,184,existing,1549.462779599365
188,188,112,269,691,existing,782.7630406596104,188,112,269,618,existing,15.312870248174711,188,112,269,618,allocated,15.312870248174711,188,123,269,39,existing,720.2228864044309,188,126,269,691,existing,782.7630406596104,188,125,269,619,existing,852.5217498432719,188,124,269,619,existing,852.5217498432719,188,117,269,546,existing,1525.677887719179,188,128,269,461,existing,1369.6102718166278,188,119,269,246,existing,1329.5781583561775,188,120,269,635,existing,1494.0863630461536,188,122,269,185,existing,1854.5871875035994,188,116,269,184,existing,1615.372460696964
189,189,112,270,691,existing,857.010050145115,189,112,270,618,existing,89.55987973367922,189,112,270,618,allocated,89.55987973367922,189,123,270,39,existing,794.4698958899354,189,126,270,691,existing,857.010050145115,189,125,270,619,existing,926.7687593287765,189,124,270,619,existing,926.7687593287765,189,120,270,635,existing,1568.333372531658,189,119,270,246,existing,1403.8251678416823,189,128,270,461,existing,1443.8572813021324,189,117,270,546,existing,1599.9248972046835,189,116,270,184,existing,1689.6194701824684,189,121,270,185,existing,1928.834196989104
190,190,1,279,12,allocated,519.5772356328475,190,1,279,12,existing,519.5772356328475,190,1,279,12,allocated,519.5772356328475,190,117,279,546,existing,1276.55458360831,190,120,279,635,existing,1293.5466641498094,190,33,279,247,allocated,1637.8905693934637,190,116,279,184,existing,1497.6587843670725,190,119,279,246,existing,1658.1575373928229,190,122,279,185,existing,1736.873511173708,190,128,279,461,existing,1698.189650853273,190,121,279,185,existing,1736.873511173708,190,126,279,691,existing,2038.8066063106583,190,118,279,154,existing,1970.8041396334354
191,191,1,280,12,allocated,460.5896777120405,191,1,280,12,existing,460.5896777120405,191,1,280,12,allocated,460.5896777120405,191,117,280,546,existing,1219.9266009720668,191,120,280,635,existing,1236.9186815135663,191,33,280,247,allocated,1578.9030114726565,191,116,280,184,existing,1441.0308017308296,191,119,280,246,existing,1601.52955475658,191,121,280,185,existing,1680.245528537465,191,122,280,185,existing,1680.245528537465,191,128,280,461,existing,1641.56166821703,191,118,280,154,existing,1914.1761569971925,191,126,280,691,existing,1982.1786236744153
192,192,114,281,342,existing,443.7171393459203,192,114,281,767,existing,485.89269639550537,192,114,281,281,allocated,0.0,192,119,281,246,existing,90.2507593029955,192,128,281,461,existing,299.668427804167,192,117,281,546,existing,486.45315721903455,192,120,281,635,existing,454.8616325460091,192,116,281,184,existing,576.1477301968195,192,118,281,154,existing,1049.2930854631823,192,122,281,185,existing,815.3624570034548,192,121,281,185,existing,815.3624570034548,192,126,281,691,existing,1358.4241072898935,192,124,281,619,existing,1428.182816473555
193,193,115,283,604,existing,724.5909626834056,193,115,283,556,allocated,364.5190630840892,193,115,283,556,allocated,364.5190630840892,193,75,283,595,allocated,607.0179941604592,193,78,283,604,allocated,724.5909626834056,193,118,283,154,existing,1203.6852311524729,193,127,283,174,existing,834.6720186992225,193,116,283,184,existing,1676.830586418836,193,33,283,247,allocated,1370.4070192259685,193,122,283,185,existing,1437.6158596122004,193,121,283,185,existing,1437.6158596122004,193,120,283,635,existing,1910.7216156155105,193,117,283,546,existing,1897.9347871775985
194,194,115,284,604,existing,601.5521794334968,194,115,284,556,allocated,487.557846333998,194,115,284,595,allocated,483.9792109105505,194,75,284,595,allocated,483.9792109105505,194,78,284,604,allocated,601.5521794334968,194,127,284,174,existing,957.7108019491312,194,33,284,247,allocated,1299.254848381651,194,121,284,185,existing,1560.654642862109,194,118,284,154,existing,1326.7240144023815,194,122,284,185,existing,1560.654642862109,194,116,284,184,existing,1799.8693696687446,194,117,284,546,existing,1956.135304512473,194,120,284,635,existing,1987.7268291854987
195,195,82,286,647,allocated,694.8596555749834,195,82,286,556,allocated,179.9078509547315,195,82,286,556,allocated,179.9078509547315,195,127,286,174,existing,650.0608065698647,195,75,286,595,allocated,795.7885446925808,195,118,286,154,existing,1019.0740190231152,195,78,286,604,allocated,913.3615132155271,195,116,286,184,existing,1492.219374289478,195,33,286,247,allocated,1045.3175297902983,195,122,286,185,existing,1253.0046474828428,195,121,286,185,existing,1253.0046474828428,195,120,286,635,existing,1726.1104034861528,195,117,286,546,existing,1702.1979859211203
196,196,39,287,301,allocated,531.8039768686209,196,39,287,121,existing,701.3291522800289,196,39,287,301,allocated,531.8039768686209,196,128,287,461,existing,768.9892960415644,196,119,287,246,existing,791.0639072423864,196,116,287,184,existing,1068.6156338023018,196,120,287,635,existing,1155.6747804853999,196,118,287,154,existing,1322.3998116806038,196,117,287,546,existing,1187.2663051584254,196,121,287,185,existing,1307.830360608937,196,122,287,185,existing,1307.830360608937,196,126,287,691,existing,1918.3230779816608,196,127,287,174,existing,1782.4369352467525
197,197,39,288,301,allocated,447.3469534084637,197,39,288,121,existing,616.8721288198717,197,39,288,301,allocated,447.3469534084637,197,128,288,461,existing,684.5322725814073,197,119,288,246,existing,706.6068837822293,197,116,288,184,existing,984.1586103421446,197,120,288,635,existing,1071.2177570252427,197,122,288,185,existing,1223.37333714878,197,121,288,185,existing,1223.37333714878,197,118,288,154,existing,1237.9427882204463,197,117,288,546,existing,1102.8092816982683,197,127,288,174,existing,1697.979911786595,197,126,288,691,existing,1833.8660545215039
198,198,115,291,604,existing,769.8527361193205,198,115,291,201,existing,297.63238132619256,198,115,291,201,allocated,297.63238132619256,198,78,291,604,allocated,769.8527361193205,198,75,291,595,allocated,887.4257046422667,198,127,291,174,existing,1612.0127485942917,198,33,291,247,allocated,1168.7671135240043,198,120,291,635,existing,1900.4529242042108,198,118,291,154,existing,1940.8485241595704,198,117,291,546,existing,1868.8613995311853,198,122,291,185,existing,2012.6345807999523,198,116,291,184,existing,2089.965600289948,198,121,291,185,existing,2012.6345807999523
199,199,115,292,604,existing,687.0437490830282,199,115,292,201,existing,214.82339428990028,199,115,292,201,allocated,214.82339428990028,199,78,292,604,allocated,687.0437490830282,199,75,292,595,allocated,804.6167176059745,199,33,292,247,allocated,1085.958126487712,199,127,292,174,existing,1529.2037615579993,199,120,292,635,existing,1817.6439371679185,199,121,292,185,existing,1929.8255937636602,199,117,292,546,existing,1786.052412494893,199,118,292,154,existing,1858.039537123278,199,116,292,184,existing,2007.1566132536557,199,122,292,185,existing,1929.8255937636602
200,200,114,293,342,existing,870.726525614697,200,114,293,121,existing,259.1067480201676,200,114,293,293,allocated,0.0,200,119,293,246,existing,565.0037741011761,200,128,293,461,existing,774.4214426023475,200,120,293,635,existing,929.6146473441896,200,117,293,546,existing,961.2061720172151,200,124,293,619,existing,1048.6075806621877,200,116,293,184,existing,1050.900744995,200,125,293,619,existing,1048.6075806621877,200,126,293,691,existing,978.8488714785263,200,122,293,185,existing,1290.1154718016355,200,121,293,185,existing,1290.1154718016355
201,201,114,294,342,existing,924.6398317323417,201,114,294,121,existing,205.1934419025228,201,114,294,293,allocated,53.913306117644765,201,119,294,246,existing,618.9170802188208,201,128,294,461,existing,828.3347487199923,201,120,294,635,existing,983.5279534618344,201,117,294,546,existing,1015.1194781348598,201,126,294,691,existing,1032.7621775961711,201,125,294,619,existing,1102.5208867798324,201,124,294,619,existing,1102.5208867798324,201,116,294,184,existing,1104.8140511126446,201,122,294,185,existing,1344.02877791928,201,121,294,185,existing,1344.02877791928
202,202,112,295,691,existing,873.2147072908222,202,112,295,691,allocated,873.2147072908222,202,112,295,340,allocated,573.5592746830816,202,124,295,619,existing,803.4559981071608,202,125,295,619,existing,803.4559981071608,202,126,295,691,existing,873.2147072908222,202,123,295,39,existing,1280.2971725856958,202,128,295,461,existing,1516.8517142264695,202,117,295,546,existing,1701.4356935810965,202,120,295,635,existing,1669.844168908071,202,119,295,246,existing,1323.9962266820678,202,116,295,184,existing,1791.1302665588812,202,121,295,185,existing,2030.3449933655165
203,203,112,296,691,existing,905.1880140760484,203,112,296,691,allocated,905.1880140760484,203,112,296,340,allocated,605.5325814683079,203,124,296,619,existing,835.429304892387,203,125,296,619,existing,835.429304892387,203,126,296,691,existing,905.1880140760484,203,123,296,39,existing,1312.270479370922,203,119,296,246,existing,1355.969533467294,203,128,296,461,existing,1548.8250210116958,203,120,296,635,existing,1701.8174756932972,203,117,296,546,existing,1733.4090003663227,203,122,296,185,existing,2062.3183001507427,203,116,296,184,existing,1823.1035733441074
204,204,1,299,12,allocated,504.33861831299635,204,1,299,12,existing,504.33861831299635,204,1,299,12,allocated,504.33861831299635,204,117,299,546,existing,1032.2899869142097,204,120,299,635,existing,1049.2820674557092,204,116,299,184,existing,1253.3941876729725,204,122,299,185,existing,1352.2256554189298,204,121,299,185,existing,1352.2256554189298,204,119,299,246,existing,1413.892940698723,204,33,299,247,allocated,1433.7339595156827,204,128,299,461,existing,1453.925054159173,204,118,299,154,existing,1548.8965066198227,204,126,299,691,existing,1828.8718333946365
205,205,1,300,12,allocated,588.3164228087979,205,1,300,12,existing,588.3164228087979,205,1,300,12,allocated,588.3164228087979,205,117,300,546,existing,1116.2677914100113,205,120,300,635,existing,1133.2598719515108,205,121,300,185,existing,1268.2478509231282,205,122,300,185,existing,1268.2478509231282,205,116,300,184,existing,1337.371992168774,205,119,300,246,existing,1497.8707451945245,205,118,300,154,existing,1464.9187021240211,205,33,300,247,allocated,1349.7561550198811,205,128,300,461,existing,1537.9028586549746,205,127,300,174,existing,1754.6970277728296
206,206,39,301,301,allocated,0.0,206,39,301,335,existing,253.55042313139012,206,39,301,301,allocated,0.0,206,116,301,184,existing,536.8116569336809,206,128,301,461,existing,664.6713449698142,206,117,301,546,existing,757.9158576924436,206,120,301,635,existing,737.5333712786233,206,122,301,185,existing,776.0263837403162,206,118,301,154,existing,790.5958348119827,206,121,301,185,existing,776.0263837403162,206,119,301,246,existing,874.0890134709857,206,33,301,247,allocated,1759.1734028609599,206,127,301,174,existing,1250.6329583781317
207,207,39,302,301,allocated,83.70728185798743,207,39,302,335,existing,169.8431412734027,207,39,302,301,allocated,83.70728185798743,207,116,302,184,existing,453.1043750756935,207,120,302,635,existing,653.826089420636,207,128,302,461,existing,666.9732900186931,207,117,302,546,existing,674.2085758344562,207,122,302,185,existing,692.3191018823288,207,121,302,185,existing,692.3191018823288,207,119,302,246,existing,876.3909585198646,207,118,302,154,existing,706.8885529539953,207,33,302,247,allocated,1675.4661210029724,207,127,302,174,existing,1166.925676520144
208,208,108,303,331,existing,786.7827899547351,208,108,303,547,allocated,668.4540570279787,208,108,303,260,allocated,616.0796792779208,208,117,303,546,existing,918.7355081116929,208,120,303,635,existing,935.7275886531924,208,122,303,185,existing,1066.963163663537,208,121,303,185,existing,1066.963163663537,208,116,303,184,existing,1139.8397088704555,208,119,303,246,existing,1300.338461896206,208,33,303,247,allocated,1148.4714677602901,208,118,303,154,existing,1263.63401486443,208,127,303,174,existing,1553.4123405132384,208,128,303,461,existing,1340.370575356656
209,209,1,304,12,allocated,710.9960896645833,209,1,304,12,existing,710.9960896645833,209,1,304,260,allocated,705.3524957792848,209,117,304,546,existing,1008.0083246130569,209,120,304,635,existing,1025.0004051545563,209,122,304,185,existing,1156.2359801649009,209,33,304,247,allocated,1074.6714145612468,209,119,304,246,existing,1389.61127839757,209,121,304,185,existing,1156.2359801649009,209,118,304,154,existing,1352.906831365794,209,116,304,184,existing,1229.1125253718196,209,127,304,174,existing,1642.6851570146025,209,128,304,461,existing,1429.64339185802
210,210,1,305,12,allocated,447.14961295482726,210,1,305,12,existing,447.14961295482726,210,1,305,12,allocated,447.14961295482726,210,117,305,546,existing,1206.4865362148535,210,120,305,635,existing,1223.478616756353,210,116,305,184,existing,1427.5907369736165,210,33,305,247,allocated,1426.7875377628134,210,122,305,185,existing,1666.8054637802516,210,119,305,246,existing,1588.0894899993668,210,128,305,461,existing,1628.121603459817,210,121,305,185,existing,1666.8054637802516,210,126,305,691,existing,1968.738558917202,210,118,305,154,existing,1900.7360922399794
211,211,112,306,691,existing,567.9252596209858,211,112,306,691,allocated,567.9252596209858,211,112,306,691,allocated,567.9252596209858,211,126,306,691,existing,567.9252596209858,211,125,306,619,existing,637.6839688046472,211,124,306,619,existing,637.6839688046472,211,123,306,39,existing,974.0561566017959,211,128,306,461,existing,1860.7748031114768,211,119,306,246,existing,1667.9193155670748,211,120,306,635,existing,2013.7672577930782,211,117,306,546,existing,2045.3587824661038,211,116,306,184,existing,2135.053355443889,211,121,306,185,existing,2374.268082250524
212,212,112,307,691,existing,492.5244720320828,212,112,307,691,allocated,492.5244720320828,212,112,307,691,existing,492.5244720320828,212,126,307,691,existing,492.5244720320828,212,125,307,619,existing,562.2831812157442,212,124,307,619,existing,562.2831812157442,212,123,307,39,existing,898.6553690128928,212,119,307,246,existing,1743.320103155978,212,128,307,461,existing,1800.7299334794309,212,120,307,635,existing,1953.7223881610323,212,117,307,546,existing,1985.3139128340579,212,121,307,185,existing,2314.223212618478,212,116,307,184,existing,2075.0084858118425
213,213,115,308,604,existing,879.6258666026363,213,115,308,201,existing,1079.200984449431,213,115,308,595,allocated,762.05289807969,213,75,308,595,allocated,762.05289807969,213,78,308,604,allocated,879.6258666026363,213,127,308,174,existing,2127.8021071408552,213,33,308,247,allocated,1731.1278032342482,213,117,308,546,existing,2431.222089241429,213,121,308,185,existing,2574.9952705101964,213,118,308,154,existing,2496.8153195941054,213,120,308,635,existing,2462.8136139144544,213,122,308,185,existing,2574.9952705101964,213,116,308,184,existing,2652.326290000192
214,214,115,309,604,existing,1230.7457941695332,214,115,309,201,existing,1430.320912016328,214,115,309,595,allocated,1113.172825646587,214,75,309,595,allocated,1113.172825646587,214,78,309,604,allocated,1230.7457941695332,214,33,309,247,allocated,2082.2477308011453,214,127,309,174,existing,2478.922034707752,214,121,309,185,existing,2926.1151980770933,214,118,309,154,existing,2847.9352471610023,214,117,309,546,existing,2782.3420168083258,214,120,309,635,existing,2813.9335414813513,214,116,309,184,existing,3003.4462175670888,214,122,309,185,existing,2926.1151980770933
215,215,112,310,691,existing,755.8082540068624,215,112,310,691,allocated,755.8082540068624,215,112,310,340,allocated,546.0190623549756,215,126,310,691,existing,755.8082540068624,215,125,310,619,existing,775.9157857790548,215,124,310,619,existing,775.9157857790548,215,123,310,39,existing,1161.9391509876725,215,117,310,546,existing,1673.8954812529905,215,120,310,635,existing,1642.303956579965,215,128,310,461,existing,1489.3115018983635,215,119,310,246,existing,1296.4560143539618,215,116,310,184,existing,1763.5900542307752,215,121,310,185,existing,2002.8047810374105
216,216,39,312,301,allocated,772.9634790966226,216,39,312,121,existing,555.3009363850495,216,39,312,293,allocated,567.3601059469199,216,119,312,246,existing,889.4697257276098,216,128,312,461,existing,1010.1487982695661,216,120,312,635,existing,1254.0805989706232,216,117,312,546,existing,1285.6721236436488,216,116,312,184,existing,1309.7751360303032,216,121,312,185,existing,1548.9898628369388,216,126,312,691,existing,1546.2089774254464,216,122,312,185,existing,1548.9898628369388,216,118,312,154,existing,1563.5593139086054,216,124,312,619,existing,1615.9676866091077
217,217,39,313,301,allocated,731.8157840856928,217,39,313,121,existing,514.1532413741197,217,39,313,293,allocated,526.2124109359901,217,119,313,246,existing,848.32203071668,217,128,313,461,existing,969.0011032586364,217,117,313,546,existing,1244.524428632719,217,120,313,635,existing,1212.9329039596937,217,116,313,184,existing,1268.6274410193737,217,126,313,691,existing,1505.0612824145164,217,122,313,185,existing,1507.8421678260092,217,121,313,185,existing,1507.8421678260092,217,125,313,619,existing,1574.819991598178,217,118,313,154,existing,1522.4116188976755
218,218,39,315,301,allocated,1108.1408409632559,218,39,315,121,existing,88.2577001646788,218,39,315,314,allocated,59.26603884121397,218,119,315,246,existing,912.3682222860225,218,128,315,461,existing,1121.785890787194,218,117,315,546,existing,1308.5706202020617,218,120,315,635,existing,1276.9790955290362,218,126,315,691,existing,1326.2133196633727,218,116,315,184,existing,1398.2651931798464,218,125,315,619,existing,1395.972028847034,218,124,315,619,existing,1395.972028847034,218,121,315,185,existing,1637.479919986482,218,122,315,185,existing,1637.479919986482
219,219,112,316,691,existing,838.3897432992947,219,112,316,691,allocated,838.3897432992947,219,112,316,340,allocated,538.734310691554,219,125,316,619,existing,768.6310341156333,219,124,316,619,existing,768.6310341156333,219,123,316,39,existing,1245.4722085941683,219,126,316,691,existing,838.3897432992947,219,128,316,461,existing,1482.026750234942,219,117,316,546,existing,1666.610729589569,219,119,316,246,existing,1289.17126269054,219,120,316,635,existing,1635.0192049165435,219,122,316,185,existing,1995.520029373989,219,116,316,184,existing,1756.3053025673537
220,220,82,317,647,allocated,201.60751140125413,220,82,317,449,existing,447.98939946257576,220,82,317,491,allocated,91.3497589533228,220,33,317,247,allocated,195.5267262236335,220,127,317,174,existing,555.5624014067462,220,120,317,635,existing,837.3223436179082,220,117,317,546,existing,805.7308189448827,220,121,317,185,existing,949.5040002136501,220,75,317,595,allocated,863.4383722168565,220,118,317,154,existing,880.666917945553,220,122,317,185,existing,949.5040002136501,220,116,317,184,existing,1026.8350197036455,220,78,317,604,allocated,981.0113407398028
221,221,112,321,691,existing,645.07524603817,221,112,321,691,allocated,645.07524603817,221,112,321,691,existing,645.07524603817,221,126,321,691,existing,645.07524603817,221,125,321,619,existing,714.8339552218315,221,124,321,619,existing,714.8339552218315,221,123,321,39,existing,1051.2061430189801,221,119,321,246,existing,1913.248594025068,221,128,321,461,existing,1953.2807074855182,221,117,321,546,existing,2137.864686840145,221,120,321,635,existing,2106.2731621671196,221,116,321,184,existing,2227.55925981793,221,121,321,185,existing,2466.773986624565
222,222,112,325,691,existing,785.2752483019393,222,112,325,691,allocated,785.2752483019393,222,112,325,340,allocated,485.6198156941988,222,124,325,619,existing,715.5165391182779,222,125,325,619,existing,715.5165391182779,222,123,325,39,existing,1192.357713596813,222,126,325,691,existing,785.2752483019393,222,120,325,635,existing,1581.9047099191882,222,128,325,461,existing,1428.9122552375866,222,117,325,546,existing,1613.4962345922138,222,119,325,246,existing,1236.056767693185,222,122,325,185,existing,1942.405534376634,222,116,325,184,existing,1703.1908075699985
223,223,108,331,331,existing,0.0,223,108,331,547,allocated,155.3162767001283,223,108,331,331,allocated,0.0,223,121,331,185,existing,314.2199665189475,223,122,331,185,existing,314.2199665189475,223,117,331,546,existing,410.05220206691934,223,120,331,635,existing,441.64372673994484,223,119,331,246,existing,806.2545999829584,223,128,331,461,existing,846.2867134434086,223,118,331,154,existing,476.8512249096949,223,116,331,184,existing,553.4346933255829,223,127,331,174,existing,992.2593513665511,223,33,331,247,allocated,864.8503527284815
224,224,39,336,301,allocated,230.5532273818815,224,39,336,335,existing,22.99719574950861,224,39,336,335,allocated,22.99719574950861,224,116,336,184,existing,599.9503205995876,224,118,336,154,existing,631.1733523387742,224,128,336,461,existing,813.8192355425871,224,120,336,635,existing,800.67203494453,224,119,336,246,existing,1023.2369040437586,224,121,336,185,existing,839.1650474062229,224,117,336,546,existing,821.0545213583504,224,122,336,185,existing,839.1650474062229,224,33,336,247,allocated,1704.4180221356755,224,127,336,174,existing,1091.210475904923
225,225,39,337,301,allocated,252.83030484052173,225,39,337,335,existing,45.274273208148834,225,39,337,335,allocated,45.274273208148834,225,116,337,184,existing,580.2339642583621,225,118,337,154,existing,608.896274880134,225,120,337,635,existing,814.1249934550366,225,117,337,546,existing,801.3381650171249,225,122,337,185,existing,819.4486910649974,225,128,337,461,existing,828.1093017001925,225,119,337,246,existing,1037.526970201364,225,121,337,185,existing,819.4486910649974,225,127,337,174,existing,1068.9333984462828,225,33,337,247,allocated,1682.1409446770353
226,226,112,339,691,existing,898.1752503084585,226,112,339,197,existing,529.290677728954,226,112,339,340,allocated,61.471416855507435,226,119,339,246,existing,811.9083688544936,226,125,339,619,existing,828.4165411247972,226,124,339,619,existing,828.4165411247972,226,126,339,691,existing,898.1752503084585,226,117,339,546,existing,1208.1107667705328,226,120,339,635,existing,1176.5192420975072,226,116,339,184,existing,1297.8053397483175,226,128,339,461,existing,1021.326037355665,226,123,339,39,existing,1305.2577156033321,226,121,339,185,existing,1537.0200665549528
227,227,112,340,691,existing,836.7038334529512,227,112,340,197,existing,467.81926087344664,227,112,340,340,allocated,0.0,227,119,340,246,existing,750.4369519989862,227,124,340,619,existing,766.9451242692899,227,126,340,691,existing,836.7038334529512,227,125,340,619,existing,766.9451242692899,227,116,340,184,existing,1236.33392289281,227,120,340,635,existing,1115.0478252419998,227,128,340,461,existing,959.8546205001576,227,117,340,546,existing,1146.6393499150254,227,123,340,39,existing,1243.7862987478247,227,122,340,185,existing,1475.5486496994454
228,228,114,341,342,existing,26.972196629914535,228,114,341,767,existing,439.1080207407531,228,114,341,341,allocated,0.0,228,119,341,246,existing,326.4941834130102,228,128,341,461,existing,366.52629687346035,228,117,341,546,existing,522.5939127760115,228,120,341,635,existing,491.00238810298606,228,116,341,184,existing,612.2884857537964,228,126,341,691,existing,992.8828864468389,228,122,341,185,existing,851.5032125604317,228,121,341,185,existing,851.5032125604317,228,124,341,619,existing,1062.6415956305002,228,125,341,619,existing,1062.6415956305002
229,229,113,343,343,existing,0.0,229,113,343,767,existing,562.0059195662723,229,113,343,726,allocated,99.60665997480973,229,119,343,246,existing,449.39208223852927,229,128,343,461,existing,489.4241956989795,229,117,343,546,existing,645.4918116015306,229,120,343,635,existing,613.9002869285051,229,122,343,185,existing,974.4011113859509,229,126,343,691,existing,937.2493693831263,229,116,343,184,existing,735.1863845793156,229,121,343,185,existing,974.4011113859509,229,124,343,619,existing,1007.0080785667877,229,125,343,619,existing,1007.0080785667877
230,230,1,346,12,allocated,706.1605293889014,230,1,346,12,existing,706.1605293889014,230,1,346,12,allocated,706.1605293889014,230,33,346,247,allocated,1314.620239577746,230,117,346,546,existing,1567.3406264676903,230,120,346,635,existing,1584.3327070091898,230,116,346,184,existing,1788.444827226453,230,122,346,185,existing,2027.6595540330884,230,119,346,246,existing,1948.9435802522034,230,128,346,461,existing,1988.9756937126535,230,127,346,174,existing,2025.4688900918977,230,121,346,185,existing,2027.6595540330884,230,118,346,154,existing,2261.5901824928155
231,231,1,347,12,allocated,569.8099322631844,231,1,347,12,existing,569.8099322631844,231,1,347,12,allocated,569.8099322631844,231,117,347,546,existing,1398.500821131222,231,33,347,247,allocated,1400.3287913135014,231,116,347,184,existing,1619.6050218899848,231,120,347,635,existing,1415.4929016727215,231,119,347,246,existing,1780.1037749157351,231,122,347,185,existing,1858.81974869662,231,121,347,185,existing,1858.81974869662,231,128,347,461,existing,1820.1358883761852,231,127,347,174,existing,2111.177441827653,231,118,347,154,existing,2092.750377156348
232,232,1,348,12,allocated,645.3542325991596,232,1,348,618,existing,616.7070052440433,232,1,348,618,allocated,616.7070052440433,232,120,348,635,existing,1173.9794982410442,232,117,348,546,existing,1192.2924009907542,232,116,348,184,existing,1407.8705274377187,232,123,348,39,existing,1348.4043636207698,232,124,348,619,existing,1480.703227059611,232,125,348,619,existing,1480.703227059611,232,119,348,246,existing,1455.6511279904678,232,126,348,691,existing,1410.9445178759495,232,128,348,461,existing,1495.683241450918,232,121,348,185,existing,1647.085254244354
233,233,1,349,12,allocated,533.0875825755813,233,1,349,12,existing,533.0875825755813,233,1,349,12,allocated,533.0875825755813,233,120,349,635,existing,1061.712848217466,233,117,349,546,existing,1080.025750967176,233,116,349,184,existing,1295.6038774141405,233,119,349,246,existing,1426.3237214604796,233,126,349,691,existing,1523.2111678995277,233,121,349,185,existing,1534.8186042207758,233,123,349,39,existing,1460.671013644348,233,128,349,461,existing,1466.3558349209297,233,124,349,619,existing,1592.9698770831892,233,122,349,185,existing,1534.8186042207758
234,234,1,351,12,allocated,787.4114535638715,234,1,351,449,existing,533.9201125455728,234,1,351,528,allocated,365.65532937063733,234,33,351,247,allocated,556.200314250066,234,127,351,174,existing,1267.0489647642178,234,117,351,546,existing,1515.1523698296564,234,75,351,595,allocated,1525.2752194046243,234,120,351,635,existing,1543.4715054657372,234,118,351,154,existing,1592.1534813030246,234,78,351,604,allocated,1642.8481879275707,234,121,351,185,existing,1658.925551098424,234,122,351,185,existing,1658.925551098424,234,116,351,184,existing,1736.2565705884192
235,235,115,352,604,existing,344.8749733816269,235,115,352,201,existing,360.95892006085586,235,115,352,604,allocated,344.8749733816269,235,78,352,604,allocated,344.8749733816269,235,75,352,595,allocated,462.4479419045732,235,127,352,174,existing,1828.1971509657383,235,33,352,247,allocated,1431.5228470591314,235,121,352,185,existing,2275.39031433508,235,117,352,546,existing,2131.6171330663124,235,120,352,635,existing,2163.208657739338,235,118,352,154,existing,2197.210363418989,235,116,352,184,existing,2352.721333825075,235,122,352,185,existing,2275.39031433508
236,236,115,353,604,existing,527.1113852661736,236,115,353,201,existing,400.41857633195576,236,115,353,201,allocated,400.41857633195576,236,78,353,604,allocated,527.1113852661736,236,75,353,595,allocated,644.68435378912,236,33,353,247,allocated,1577.7314149135816,236,127,353,174,existing,2010.433562850285,236,117,353,546,existing,2277.8257009207628,236,118,353,154,existing,2349.8128255491474,236,122,353,185,existing,2421.59888218953,236,120,353,635,existing,2309.4172255937883,236,116,353,184,existing,2498.9299016795253,236,121,353,185,existing,2421.59888218953
237,237,115,354,604,existing,797.8031184372064,237,115,354,201,existing,325.58276364407857,237,115,354,201,allocated,325.58276364407857,237,78,354,604,allocated,797.8031184372064,237,75,354,595,allocated,915.3760869601527,237,127,354,174,existing,1858.1796332741633,237,33,354,247,allocated,1414.933998203876,237,118,354,154,existing,2187.015408839442,237,117,354,546,existing,2115.028284211057,237,120,354,635,existing,2146.6198088840824,237,121,354,185,existing,2258.8014654798244,237,116,354,184,existing,2336.13248496982,237,122,354,185,existing,2258.8014654798244
238,238,115,355,604,existing,672.7656446718362,238,115,355,201,existing,200.54528987870827,238,115,355,201,allocated,200.54528987870827,238,78,355,604,allocated,672.7656446718362,238,75,355,595,allocated,790.3386131947825,238,33,355,247,allocated,1289.8965244385058,238,127,355,174,existing,1733.1421595087932,238,118,355,154,existing,2061.977935074072,238,117,355,546,existing,1989.9908104456867,238,120,355,635,existing,2021.5823351187123,238,121,355,185,existing,2133.7639917144543,238,116,355,184,existing,2211.0950112044493,238,122,355,185,existing,2133.7639917144543
239,239,39,356,301,allocated,772.2995910104971,239,39,356,121,existing,791.0675326565861,239,39,356,301,allocated,772.2995910104971,239,119,356,246,existing,998.9355658408704,239,128,356,461,existing,1119.6146383828268,239,120,356,635,existing,1363.546439083884,239,116,356,184,existing,1309.1112479441779,239,122,356,185,existing,1548.3259747508132,239,117,356,546,existing,1395.1379637569094,239,118,356,154,existing,1538.4898086614687,239,121,356,185,existing,1548.3259747508132,239,125,356,619,existing,1913.3904253523344,239,126,356,691,existing,1843.631716168673
240,240,39,357,301,allocated,835.3217657035805,240,39,357,121,existing,728.0453579635027,240,39,357,293,allocated,801.7606699970634,240,119,357,246,existing,1061.9577405339537,240,128,357,461,existing,1182.6368130759101,240,116,357,184,existing,1372.1334226372612,240,120,357,635,existing,1426.5686137769674,240,122,357,185,existing,1611.3481494438965,240,118,357,154,existing,1601.511983354552,240,117,357,546,existing,1458.1601384499927,240,121,357,185,existing,1611.3481494438965,240,125,357,619,existing,1850.368250659251,240,126,357,691,existing,1780.6095414755896
241,241,1,358,12,allocated,450.3406880575555,241,1,358,12,existing,450.3406880575555,241,1,358,12,allocated,450.3406880575555,241,117,358,546,existing,978.2920566587688,241,120,358,635,existing,995.2841372002683,241,33,358,247,allocated,1173.1714700992868,241,116,358,184,existing,1199.3962574175316,241,119,358,246,existing,1359.895010443282,241,122,358,185,existing,1422.081696803006,241,128,358,461,existing,1399.927123903732,241,121,358,185,existing,1422.081696803006,241,126,358,691,existing,1774.8739031391956,241,118,358,154,existing,1618.752548003899
242,242,1,359,12,allocated,632.5135741456279,242,1,359,12,existing,632.5135741456279,242,1,359,12,allocated,632.5135741456279,242,33,359,247,allocated,990.9985840112143,242,117,359,546,existing,1091.6811551630894,242,120,359,635,existing,1108.673235704589,242,121,359,185,existing,1239.9088107149337,242,122,359,185,existing,1239.9088107149337,242,118,359,154,existing,1436.5796619158266,242,116,359,184,existing,1312.7853559218522,242,119,359,246,existing,1473.2841089476026,242,128,359,461,existing,1513.3162224080527,242,127,359,174,existing,1701.847234525366
243,243,113,360,343,existing,543.1928775732886,243,113,360,263,existing,577.566441081691,243,113,360,631,allocated,239.06266754007848,243,119,360,246,existing,821.2635163307453,243,128,360,461,existing,861.2956297911956,243,120,360,635,existing,914.8439620298745,243,117,360,546,existing,946.4354867029,243,124,360,619,existing,1268.7289705153507,243,116,360,184,existing,1036.1300596806848,243,125,360,619,existing,1268.7289705153507,243,126,360,691,existing,1198.9702613316892,243,122,360,185,existing,1275.34478648732,243,121,360,185,existing,1275.34478648732
244,244,1,375,12,allocated,375.4300217923464,244,1,375,12,existing,375.4300217923464,244,1,375,12,allocated,375.4300217923464,244,120,375,635,existing,869.7254636561529,244,117,375,546,existing,888.0383664058629,244,119,375,246,existing,1046.515746687233,244,128,375,461,existing,1086.5478601476832,244,122,375,185,existing,1342.831219659463,244,121,375,185,existing,1342.831219659463,244,116,375,184,existing,1103.6164928528274,244,126,375,691,existing,1424.2224916881771,244,124,375,619,existing,1493.9812008718386,244,125,375,619,existing,1493.9812008718386
245,245,114,382,342,existing,1129.2761613754346,245,114,382,121,existing,257.38278310476244,245,114,382,293,allocated,258.5496357607377,245,119,382,246,existing,823.5534098619139,245,128,382,461,existing,1032.9710783630853,245,117,382,546,existing,1219.7558077779531,245,120,382,635,existing,1188.1642831049276,245,126,382,691,existing,1237.398507239264,245,116,382,184,existing,1309.4503807557378,245,125,382,619,existing,1307.1572164229256,245,124,382,619,existing,1307.1572164229256,245,121,382,185,existing,1548.6651075623731,245,122,382,185,existing,1548.6651075623731
246,246,115,384,604,existing,577.4444919438616,246,115,384,201,existing,552.9292964523402,246,115,384,201,allocated,552.9292964523402,246,78,384,604,allocated,577.4444919438616,246,75,384,595,allocated,695.017460466808,246,33,384,247,allocated,1664.0923656213663,246,127,384,174,existing,2060.766669527973,246,117,384,546,existing,2364.186651628547,246,118,384,154,existing,2429.7798819812238,246,120,384,635,existing,2395.778176301573,246,122,384,185,existing,2507.9598328973143,246,116,384,184,existing,2585.2908523873098,246,121,384,185,existing,2507.9598328973143
247,247,115,388,604,existing,431.6594510306365,247,115,388,201,existing,453.271735155029,247,115,388,604,allocated,431.6594510306365,247,78,388,604,allocated,431.6594510306365,247,75,388,595,allocated,549.2324195535829,247,127,388,174,existing,1914.981628614748,247,33,388,247,allocated,1518.307324708141,247,121,388,185,existing,2362.1747919840896,247,120,388,635,existing,2249.9931353883476,247,117,388,546,existing,2218.401610715322,247,118,388,154,existing,2283.9948410679985,247,122,388,185,existing,2362.1747919840896,247,116,388,184,existing,2439.505811474085
248,248,82,391,647,allocated,624.8248060883031,248,82,391,449,existing,285.39503720175344,248,82,391,528,allocated,117.13025402681798,248,33,391,247,allocated,274.36693187298835,248,127,391,174,existing,1018.5238894203984,248,75,391,595,allocated,1243.4418370275466,248,117,391,546,existing,1266.6272944858372,248,118,391,154,existing,1343.6284059592053,248,121,391,185,existing,1410.4004757546045,248,78,391,604,allocated,1361.014805550493,248,120,391,635,existing,1298.2188191588625,248,122,391,185,existing,1410.4004757546045,248,116,391,184,existing,1487.7314952446
249,249,82,392,647,allocated,927.8981068955462,249,82,392,556,allocated,272.4680249689816,249,82,392,671,allocated,100.81838622434472,249,127,392,174,existing,197.68493064615157,249,118,392,154,existing,713.0930571030076,249,33,392,247,allocated,942.0938248777743,249,122,392,185,existing,947.0236855627352,249,75,392,595,allocated,1168.0642784150136,249,78,392,604,allocated,1285.6372469379598,249,121,392,185,existing,947.0236855627352,249,116,392,184,existing,1186.2384123693705,249,120,392,635,existing,1420.1294415660452,249,117,392,546,existing,1407.3426131281333
250,250,82,393,647,allocated,447.1201645680268,250,82,393,449,existing,456.5360268659447,250,82,393,247,allocated,97.72625881158054,250,33,393,247,allocated,97.72625881158054,250,127,393,174,existing,841.0711845843346,250,75,393,595,allocated,1065.7371955072704,250,117,393,546,existing,1097.9198355212282,250,118,393,154,existing,1169.9069601496133,250,121,393,185,existing,1241.6930167899955,250,78,393,604,allocated,1183.3101640302168,250,120,393,635,existing,1129.5113601942537,250,116,393,184,existing,1319.024036279991,250,122,393,185,existing,1241.6930167899955
251,251,39,394,301,allocated,425.17898269358454,251,39,394,121,existing,594.7041581049925,251,39,394,301,allocated,425.17898269358454,251,128,394,461,existing,662.3643018665281,251,119,394,246,existing,684.4389130673501,251,116,394,184,existing,961.9906396272654,251,120,394,635,existing,1049.0497863103635,251,121,394,185,existing,1201.2053664339007,251,118,394,154,existing,1215.7748175055672,251,117,394,546,existing,1080.641310983389,251,122,394,185,existing,1201.2053664339007,251,126,394,691,existing,1811.6980838066247,251,127,394,174,existing,1675.8119410717159
252,252,39,395,301,allocated,327.63167822565447,252,39,395,335,existing,579.2812681247273,252,39,395,301,allocated,327.63167822565447,252,128,395,461,existing,564.816997398598,252,119,395,246,existing,586.8916085994199,252,120,395,635,existing,951.5024818424336,252,116,395,184,existing,864.4433351593353,252,117,395,546,existing,983.0940065154589,252,121,395,185,existing,1103.6580619659708,252,122,395,185,existing,1103.6580619659708,252,118,395,154,existing,1118.2275130376372,252,127,395,174,existing,1578.2646366037861,252,126,395,691,existing,1855.064956586318
253,253,39,396,301,allocated,529.4141459094093,253,39,396,335,existing,321.85811427703635,253,39,396,202,allocated,188.76031486151413,253,118,396,154,existing,332.3124338112464,253,121,396,185,existing,566.243062270974,253,116,396,184,existing,672.4110218663112,253,122,396,185,existing,566.243062270974,253,120,396,635,existing,906.3020510629857,253,127,396,174,existing,792.3495573773953,253,128,396,461,existing,920.2863593081416,253,117,396,546,existing,893.515222625074,253,33,396,247,allocated,1405.5571036081476,253,119,396,246,existing,1129.7040278093132
254,254,115,397,604,existing,747.1088664483214,254,115,397,201,existing,946.683984295116,254,115,397,595,allocated,629.535897925375,254,75,397,595,allocated,629.535897925375,254,78,397,604,allocated,747.1088664483214,254,127,397,174,existing,1995.28510698654,254,33,397,247,allocated,1598.6108030799332,254,117,397,546,existing,2298.705089087114,254,118,397,154,existing,2364.2983194397907,254,121,397,185,existing,2442.4782703558817,254,120,397,635,existing,2330.2966137601397,254,122,397,185,existing,2442.4782703558817,254,116,397,184,existing,2519.809289845877
255,255,115,398,604,existing,830.1257214981943,255,115,398,201,existing,1029.700839344989,255,115,398,595,allocated,712.5527529752479,255,75,398,595,allocated,712.5527529752479,255,78,398,604,allocated,830.1257214981943,255,33,398,247,allocated,1681.6276581298062,255,127,398,174,existing,2078.301962036413,255,120,398,635,existing,2413.3134688100126,255,117,398,546,existing,2381.721944136987,255,118,398,154,existing,2447.3151744896636,255,122,398,185,existing,2525.4951254057546,255,116,398,184,existing,2602.82614489575,255,121,398,185,existing,2525.4951254057546
256,256,109,399,718,existing,407.00013159663524,256,109,399,547,allocated,640.5209677333414,256,109,399,153,allocated,109.4346054287307,256,118,399,154,existing,210.51574473394325,256,122,399,185,existing,242.2840945832458,256,116,399,184,existing,481.4988213898812,256,121,399,185,existing,242.2840945832458,256,120,399,635,existing,715.3898505865557,256,128,399,461,existing,806.5321828714166,256,117,399,546,existing,702.6030221486438,256,127,399,174,existing,725.9238711907992,256,33,399,247,allocated,1283.7604145308446,256,119,399,246,existing,967.3957922837051
257,257,115,400,604,existing,967.4649325863277,257,115,400,201,existing,942.9497370948061,257,115,400,201,allocated,942.9497370948061,257,75,400,595,allocated,960.6561702340214,257,78,400,604,allocated,967.4649325863277,257,33,400,247,allocated,1929.7310753885795,257,127,400,174,existing,2326.4053792951863,257,121,400,185,existing,2773.598542664528,257,120,400,635,existing,2661.416886068786,257,117,400,546,existing,2629.8253613957604,257,118,400,154,existing,2695.418591748437,257,116,400,184,existing,2850.9295621545234,257,122,400,185,existing,2773.598542664528
258,258,115,401,604,existing,619.3449369432018,258,115,401,712,existing,401.2232595647955,258,115,401,521,allocated,371.49316686114,258,75,401,595,allocated,501.77196842025546,258,78,401,604,allocated,619.3449369432018,258,33,401,247,allocated,929.0061414865453,258,127,401,174,existing,1372.2517765568327,258,118,401,154,existing,1701.0875521221114,258,117,401,546,existing,1629.1004274937263,258,120,401,635,existing,1660.691952166752,258,121,401,185,existing,1772.8736087624936,258,122,401,185,existing,1772.8736087624936,258,116,401,184,existing,1850.2046282524889
259,259,115,402,604,existing,743.781972701057,259,115,402,556,allocated,269.3872492679213,259,115,402,556,allocated,269.3872492679213,259,75,402,595,allocated,626.2090041781107,259,127,402,174,existing,739.5402048830545,259,118,402,154,existing,1108.5534173363048,259,78,402,604,allocated,743.781972701057,259,116,402,184,existing,1581.6987726026678,259,33,402,247,allocated,1162.6677793290876,259,122,402,185,existing,1342.4840457960327,259,121,402,185,existing,1342.4840457960327,259,117,402,546,existing,1802.8029733614305,259,120,402,635,existing,1815.5898017993425
260,260,115,403,604,existing,702.2668404175383,260,115,403,556,allocated,310.90238155144,260,115,403,556,allocated,310.90238155144,260,75,403,595,allocated,584.693871894592,260,78,403,604,allocated,702.2668404175383,260,33,403,247,allocated,1121.1526470455688,260,127,403,174,existing,781.0553371665732,260,116,403,184,existing,1623.2139048861866,260,121,403,185,existing,1383.9991780795513,260,118,403,154,existing,1150.0685496198237,260,122,403,185,existing,1383.9991780795513,260,117,403,546,existing,1778.0331031763908,260,120,403,635,existing,1809.6246278494164
261,261,115,404,604,existing,465.14152025694307,261,115,404,712,existing,247.01984287853685,261,115,404,595,allocated,347.56855173399674,261,75,404,595,allocated,347.56855173399674,261,78,404,604,allocated,465.14152025694307,261,127,404,174,existing,1347.707039458515,261,33,404,247,allocated,904.4614043882277,261,121,404,185,existing,1748.328871664176,261,120,404,635,existing,1636.1472150684342,261,118,404,154,existing,1676.5428150237938,261,117,404,546,existing,1604.5556903954086,261,122,404,185,existing,1748.328871664176,261,116,404,184,existing,1825.6598911541714
262,262,115,405,604,existing,509.21877752992697,262,115,405,712,existing,291.09710015152075,262,115,405,595,allocated,391.64580900698064,262,75,405,595,allocated,391.64580900698064,262,78,405,604,allocated,509.21877752992697,262,33,405,247,allocated,948.5386616612116,262,127,405,174,existing,1391.784296731499,262,120,405,635,existing,1680.224472341418,262,118,405,154,existing,1720.6200722967776,262,117,405,546,existing,1648.6329476683925,262,121,405,185,existing,1792.4061289371598,262,116,405,184,existing,1869.7371484271553,262,122,405,185,existing,1792.4061289371598
263,263,107,406,699,existing,355.18706084564184,263,107,406,767,existing,64.18228304485368,263,107,406,141,allocated,154.4817246698494,263,120,406,635,existing,260.0868410965775,263,117,406,546,existing,289.10914387394695,263,128,406,461,existing,371.49176750810636,263,119,406,246,existing,331.4596540476562,263,118,406,154,existing,967.123225559615,263,121,406,185,existing,733.1925970998874,263,122,406,185,existing,733.1925970998874,263,116,406,184,existing,493.977870293252,263,126,406,691,existing,1345.121265721863,263,33,406,247,allocated,1245.2318298114083
264,264,107,407,699,existing,398.11656112969604,264,107,407,767,existing,21.25278276079946,264,107,407,141,allocated,197.41122495390363,264,120,407,635,existing,303.0163413806317,264,117,407,546,existing,332.03864415800115,264,128,407,461,existing,414.42126779216056,264,119,407,246,existing,374.3891543317104,264,118,407,154,existing,1010.0527258436691,264,116,407,184,existing,536.9073705773062,264,122,407,185,existing,776.1220973839415,264,121,407,185,existing,776.1220973839415,264,33,407,247,allocated,1288.1613300954623,264,126,407,691,existing,1388.0507660059175
265,265,114,410,342,existing,354.6652464952806,265,114,410,263,existing,584.013760721283,265,114,410,638,allocated,42.544802087465754,265,119,410,246,existing,632.5988820304606,265,128,410,461,existing,672.6309954909107,265,126,410,691,existing,792.9267911795564,265,120,410,635,existing,825.6234501725122,265,124,410,619,existing,862.6855003632178,265,117,410,546,existing,857.2149748455377,265,125,410,619,existing,862.6855003632178,265,116,410,184,existing,946.9095478233226,265,123,410,39,existing,1182.2602917324195,265,122,410,185,existing,1186.1242746299579
266,266,114,411,342,existing,275.9890838837211,266,114,411,263,existing,505.33759810972356,266,114,411,638,allocated,121.22096469902522,266,119,411,246,existing,553.9227194189011,266,128,411,461,existing,593.9548328793512,266,126,411,691,existing,714.250628567997,266,120,411,635,existing,746.9472875609528,266,116,411,184,existing,868.2333852117631,266,125,411,619,existing,784.0093377516583,266,117,411,546,existing,778.5388122339782,266,124,411,619,existing,784.0093377516583,266,121,411,185,existing,1107.4481120183984,266,123,411,39,existing,1103.5841291208599
267,267,114,412,342,existing,452.7188805650384,267,114,412,263,existing,682.0673947910408,267,114,412,412,allocated,0.0,267,119,412,246,existing,730.6525161002183,267,128,412,461,existing,770.6846295606686,267,126,412,691,existing,890.9804252493142,267,120,412,635,existing,923.67708424227,267,124,412,619,existing,960.7391344329756,267,117,412,546,existing,955.2686089152954,267,116,412,184,existing,1044.9631818930802,267,125,412,619,existing,960.7391344329756,267,123,412,39,existing,1280.3139258021774,267,122,412,185,existing,1284.1779086997158
268,268,114,413,342,existing,508.3414399571525,268,114,413,263,existing,737.6899541831549,268,114,413,412,allocated,55.622559392114056,268,119,413,246,existing,786.2750754923325,268,128,413,461,existing,826.3071889527826,268,126,413,691,existing,946.6029846414283,268,120,413,635,existing,979.2996436343841,268,116,413,184,existing,1100.5857412851944,268,124,413,619,existing,1016.3616938250897,268,117,413,546,existing,1010.8911683074095,268,125,413,619,existing,1016.3616938250897,268,123,413,39,existing,1335.9364851942914,268,122,413,185,existing,1339.8004680918298
269,269,82,414,647,allocated,892.6368607152532,269,82,414,556,allocated,237.2067787886886,269,82,414,671,allocated,65.55714004405174,269,127,414,174,existing,232.94617682644457,269,118,414,154,existing,748.3543032833006,269,121,414,185,existing,982.2849317430282,269,33,414,247,allocated,977.3550710580673,269,116,414,184,existing,1221.4996585496635,269,122,414,185,existing,982.2849317430282,269,75,414,595,allocated,1132.8030322347206,269,78,414,604,allocated,1250.376000757667,269,120,414,635,existing,1455.3906877463382,269,117,414,546,existing,1442.6038593084263
270,270,1,416,12,allocated,574.2154204797023,270,1,416,12,existing,574.2154204797023,270,1,416,469,allocated,490.6697223880024,270,120,416,635,existing,688.7802235586196,270,117,416,546,existing,707.0931263083296,270,119,416,246,existing,910.7099865602515,270,116,416,184,existing,922.6712527552941,270,128,416,461,existing,950.7421000207016,270,121,416,185,existing,1161.8859795619296,270,122,416,185,existing,1161.8859795619296,270,118,416,154,existing,1395.816608021657,270,126,416,691,existing,1548.4361440782623,270,125,416,619,existing,1618.1948532619238
271,271,1,417,12,allocated,512.3604977981945,271,1,417,12,existing,512.3604977981945,271,1,417,12,allocated,512.3604977981945,271,120,417,635,existing,750.6351462401274,271,117,417,546,existing,768.9480489898374,271,116,417,184,existing,984.526175436802,271,119,417,246,existing,972.5649092417593,271,122,417,185,existing,1223.7409022434374,271,121,417,185,existing,1223.7409022434374,271,128,417,461,existing,1012.5970227022094,271,118,417,154,existing,1457.6715307031648,271,126,417,691,existing,1561.1529676940252,271,124,417,619,existing,1630.9116768776867
272,272,1,418,12,allocated,431.1368115098049,272,1,418,12,existing,431.1368115098049,272,1,418,12,allocated,431.1368115098049,272,120,418,635,existing,831.8588325285169,272,117,418,546,existing,850.171735278227,272,116,418,184,existing,1065.7498617251915,272,119,418,246,existing,1053.788595530149,272,122,418,185,existing,1304.9645885318268,272,126,418,691,existing,1479.9292814056357,272,128,418,461,existing,1093.820708990599,272,121,418,185,existing,1304.9645885318268,272,125,418,619,existing,1549.6879905892972,272,118,418,154,existing,1538.8952169915542
273,273,1,419,12,allocated,447.0192398283918,273,1,419,12,existing,447.0192398283918,273,1,419,12,allocated,447.0192398283918,273,33,419,247,allocated,743.9544886504162,273,117,419,546,existing,1444.4971954386076,273,127,419,174,existing,1454.803139164568,273,120,419,635,existing,1461.489275980107,273,119,419,246,existing,1826.1001492231208,273,75,419,595,allocated,1713.0293938049745,273,116,419,184,existing,1665.6013961973704,273,118,419,154,existing,1779.9076557033748,273,122,419,185,existing,1826.728101467056,273,121,419,185,existing,1826.728101467056
274,274,115,421,604,existing,733.4619432736176,274,115,421,201,existing,261.24158848048967,274,115,421,201,allocated,261.24158848048967,274,78,421,604,allocated,733.4619432736176,274,75,421,595,allocated,851.0349117965638,274,127,421,174,existing,1793.8384581105745,274,33,421,247,allocated,1350.5928230402872,274,120,421,635,existing,2082.278633720494,274,121,421,185,existing,2194.460290316236,274,117,421,546,existing,2050.6871090474683,274,118,421,154,existing,2122.6742336758534,274,122,421,185,existing,2194.460290316236,274,116,421,184,existing,2271.791309806231
275,275,109,428,718,existing,605.7832165915329,275,109,428,227,existing,599.2730492335681,275,109,428,428,allocated,0.0,275,118,428,154,existing,207.13655111841575,275,127,428,174,existing,350.21031431175663,275,121,428,185,existing,441.0671795781434,275,122,428,185,existing,441.0671795781434,275,128,428,461,existing,932.6807213018902,275,116,428,184,existing,680.2819063847787,275,120,428,635,existing,914.1729355814533,275,117,428,546,existing,901.3861071435414,275,33,428,247,allocated,975.5325479960329,275,119,428,246,existing,1142.0983898030618
276,276,1,429,12,allocated,119.07051617509477,276,1,429,12,existing,119.07051617509477,276,1,429,12,allocated,119.07051617509477,276,117,429,546,existing,878.4074394351211,276,120,429,635,existing,895.3995199766206,276,116,429,184,existing,1099.511640193884,276,119,429,246,existing,1260.0103932196344,276,128,429,461,existing,1300.0425066800844,276,121,429,185,existing,1338.726367000519,276,122,429,185,existing,1338.726367000519,276,33,429,247,allocated,1310.0442446539028,276,126,429,691,existing,1640.6594621374695,276,118,429,154,existing,1572.656995460247
277,277,1,430,12,allocated,416.3291134416367,277,1,430,12,existing,416.3291134416367,277,1,430,12,allocated,416.3291134416367,277,117,430,546,existing,979.8378902783461,277,120,430,635,existing,996.8299708198456,277,116,430,184,existing,1200.9420910371089,277,119,430,246,existing,1361.4408440628592,277,128,430,461,existing,1401.4729575233093,277,33,430,247,allocated,1605.8720928249727,277,122,430,185,existing,1440.1568178437442,277,121,430,185,existing,1440.1568178437442,277,118,430,154,existing,1674.0874463034718,277,126,430,691,existing,1742.0899129806946
278,278,1,431,12,allocated,456.7332943871831,278,1,431,12,existing,456.7332943871831,278,1,431,12,allocated,456.7332943871831,278,117,431,546,existing,1020.2420712238925,278,120,431,635,existing,1037.234151765392,278,116,431,184,existing,1241.3462719826553,278,119,431,246,existing,1401.8450250084056,278,33,431,247,allocated,1646.276273770519,278,121,431,185,existing,1480.5609987892906,278,128,431,461,existing,1441.8771384688557,278,122,431,185,existing,1480.5609987892906,278,118,431,154,existing,1714.4916272490182,278,126,431,691,existing,1782.494093926241
279,279,108,432,331,existing,448.34411604596716,279,108,432,547,allocated,293.02783934583886,279,108,432,432,allocated,0.0,279,117,432,546,existing,445.2293241191074,279,120,432,635,existing,462.2214046606069,279,122,432,185,existing,691.5369459813973,279,116,432,184,existing,666.3335248778702,279,119,432,246,existing,826.8322779036205,279,118,432,154,existing,925.195340955662,279,128,432,461,existing,866.8643913640706,279,121,432,185,existing,691.5369459813973,279,33,432,247,allocated,993.4413770746279,279,127,432,174,existing,1398.3822498275763
280,280,110,434,239,existing,763.4807179417782,280,110,434,197,existing,108.69489117722874,280,110,434,587,allocated,63.501628838112396,280,119,434,246,existing,770.6759928337831,280,126,434,691,existing,794.5434153735539,280,124,434,619,existing,864.3021245572153,280,128,434,461,existing,810.7081062942332,280,117,434,546,existing,995.2920856488602,280,120,434,635,existing,963.7005609758346,280,116,434,184,existing,1084.9866586266448,280,125,434,619,existing,864.3021245572153,280,121,434,185,existing,1324.2013854332804,280,123,434,39,existing,1183.876915926417
281,281,110,435,239,existing,796.9512263475136,281,110,435,197,existing,142.16539958296423,281,110,435,587,allocated,96.97213724384787,281,119,435,246,existing,804.1465012395186,281,126,435,691,existing,828.0139237792894,281,125,435,619,existing,897.7726329629508,281,128,435,461,existing,844.1786146999686,281,117,435,546,existing,1028.7625940545956,281,116,435,184,existing,1118.4571670323803,281,120,435,635,existing,997.1710693815701,281,124,435,619,existing,897.7726329629508,281,122,435,185,existing,1357.6718938390159,281,123,435,39,existing,1217.3474243321525
282,282,112,438,691,existing,961.1449367531885,282,112,438,618,existing,193.69476634175277,282,112,438,618,allocated,193.69476634175277,282,123,438,39,existing,898.604782498009,282,126,438,691,existing,961.1449367531885,282,124,438,619,existing,1030.90364593685,282,125,438,619,existing,1030.90364593685,282,117,438,546,existing,1634.6644504092087,282,119,438,246,existing,1438.5647210462073,282,128,438,461,existing,1478.5968345066576,282,120,438,635,existing,1603.0729257361832,282,116,438,184,existing,1724.3590233869936,282,122,438,185,existing,1963.5737501936292
283,283,115,439,604,existing,85.22377388599438,283,115,439,712,existing,365.39314951200635,283,115,439,604,allocated,85.22377388599438,283,78,439,604,allocated,85.22377388599438,283,75,439,595,allocated,202.7967424089407,283,127,439,174,existing,1568.545951470106,283,33,439,247,allocated,1171.871647563499,283,122,439,185,existing,2015.7391148394472,283,120,439,635,existing,1903.5574582437055,283,118,439,154,existing,1937.5591639233562,283,117,439,546,existing,1871.96593357068,283,116,439,184,existing,2093.0701343294427,283,121,439,185,existing,2015.7391148394472
284,284,115,440,604,existing,228.73568247303453,284,115,440,712,existing,508.90505809904647,284,115,440,604,allocated,228.73568247303453,284,78,440,604,allocated,228.73568247303453,284,75,440,595,allocated,346.3086509959809,284,33,440,247,allocated,1315.383556150539,284,127,440,174,existing,1712.0578600571462,284,120,440,635,existing,2047.0693668307456,284,117,440,546,existing,2015.47784215772,284,118,440,154,existing,2081.0710725103963,284,122,440,185,existing,2159.2510234264873,284,116,440,184,existing,2236.582042916483,284,121,440,185,existing,2159.2510234264873
285,285,82,441,647,allocated,928.1992881293655,285,82,441,556,allocated,649.4288683342983,285,82,441,6,allocated,238.81924299283833,285,127,441,174,existing,179.2759127191652,285,118,441,154,existing,694.6840391760212,285,122,441,185,existing,928.6146676357489,285,33,441,247,allocated,923.6848069507878,285,120,441,635,existing,1401.7204236390587,285,116,441,184,existing,1167.8293944423842,285,117,441,546,existing,1388.9335952011468,285,121,441,185,existing,928.6146676357489,285,75,441,595,allocated,1545.0251217803302,285,128,441,461,existing,1425.8587422471248
286,286,108,442,331,existing,530.5358144497752,286,108,442,547,allocated,375.21953774964686,286,108,442,432,allocated,82.19169840380798,286,117,442,546,existing,527.4210225229153,286,120,442,635,existing,544.4131030644148,286,122,442,185,existing,773.7286443852053,286,116,442,184,existing,748.5252232816782,286,121,442,185,existing,773.7286443852053,286,119,442,246,existing,909.0239763074285,286,118,442,154,existing,1007.38703935947,286,128,442,461,existing,949.0560897678786,286,127,442,174,existing,1480.5739482313843,286,33,442,247,allocated,1075.6330754784358
287,287,108,444,331,existing,475.7701288172206,287,108,444,547,allocated,320.4538521170923,287,108,444,432,allocated,27.426012771253482,287,117,444,546,existing,472.65533689036084,287,120,444,635,existing,489.64741743186033,287,116,444,184,existing,693.7595376491237,287,122,444,185,existing,718.9629587526507,287,128,444,461,existing,894.290404135324,287,119,444,246,existing,854.2582906748739,287,118,444,154,existing,952.6213537269155,287,121,444,185,existing,718.9629587526507,287,33,444,247,allocated,1020.8673898458813,287,127,444,174,existing,1425.8082625988297
288,288,109,451,718,existing,74.12788278165041,288,109,451,547,allocated,307.6487189183565,288,109,451,179,allocated,30.9852644498575,288,121,451,185,existing,161.88752430071926,288,122,451,185,existing,161.88752430071926,288,118,451,154,existing,324.5187826914667,288,116,451,184,existing,401.1022511073546,288,127,451,174,existing,839.9269091483227,288,117,451,546,existing,562.3846442851476,288,120,451,635,existing,593.976168958173,288,128,451,461,existing,726.13561258889,288,119,451,246,existing,886.9992220011786,288,33,451,247,allocated,1017.1827949467099
289,289,82,453,647,allocated,228.0164490051601,289,82,453,556,allocated,615.9470270447428,289,82,453,656,allocated,214.2419343268369,289,33,453,247,allocated,395.62460265553773,289,127,453,174,existing,520.9069264050403,289,75,453,595,allocated,893.4152217720807,289,118,453,154,existing,849.7427019703191,289,122,453,185,existing,1083.6733304300467,289,117,453,546,existing,1047.7606158922,289,78,453,604,allocated,1010.988190295027,289,120,453,635,existing,1079.3521405652255,289,116,453,184,existing,1268.8648166509627,289,121,453,185,existing,1083.6733304300467
290,290,82,454,647,allocated,113.2597796711924,290,82,454,449,existing,582.3230269230608,290,82,454,647,allocated,113.2597796711924,290,33,454,247,allocated,284.87535796802246,290,127,454,174,existing,635.6635957390079,290,75,454,595,allocated,778.658552438113,290,78,454,604,allocated,896.2315209610593,290,120,454,635,existing,973.34733877187,290,122,454,185,existing,1085.528995367612,290,117,454,546,existing,941.7558140988444,290,118,454,154,existing,964.4993713042866,290,121,454,185,existing,1085.528995367612,290,116,454,184,existing,1162.8600148576072
291,291,82,457,647,allocated,365.4927470189899,291,82,457,556,allocated,289.9373349075748,291,82,457,656,allocated,134.7675705675293,291,127,457,174,existing,431.2388067749161,291,33,457,247,allocated,715.9506212343047,291,75,457,595,allocated,982.3390333500274,291,118,457,154,existing,763.69968939055,291,116,457,184,existing,1236.8450446569132,291,78,457,604,allocated,1099.9120018729736,291,122,457,185,existing,997.6303178502777,291,121,457,185,existing,997.6303178502777,291,117,457,546,existing,1372.8310773651267,291,120,457,635,existing,1404.4226020381523
292,292,39,458,301,allocated,249.31202714208854,292,39,458,227,existing,88.14577377640543,292,39,458,226,allocated,42.86177949960495,292,116,458,184,existing,287.4996297915924,292,120,458,635,existing,488.22134413653487,292,117,458,546,existing,508.60383055035516,292,128,458,461,existing,501.3685447345919,292,119,458,246,existing,710.7862132357634,292,118,458,154,existing,541.2838076698941,292,122,458,185,existing,526.7143565982277,292,121,458,185,existing,526.7143565982277,292,127,458,174,existing,1001.3209312360431,292,33,458,247,allocated,1509.8613757188714
293,293,39,459,301,allocated,271.5881839040346,293,39,459,227,existing,70.37276200974814,293,39,459,226,allocated,25.08876773294767,293,116,459,184,existing,269.7266180249351,293,120,459,635,existing,465.9451873745888,293,117,459,546,existing,488.09146153544776,293,128,459,461,existing,479.09238797264584,293,119,459,246,existing,688.5100564738173,293,121,459,185,existing,508.9413448315704,293,118,459,154,existing,523.5107959032368,293,122,459,185,existing,508.9413448315704,293,127,459,174,existing,983.5479194693858,293,33,459,247,allocated,1489.349006703964
294,294,114,461,342,existing,393.4984935033749,294,114,461,767,existing,435.67405055296,294,114,461,461,existing,0.0,294,128,461,461,existing,0.0,294,119,461,246,existing,209.41766850117148,294,120,461,635,existing,404.64298670346375,294,116,461,184,existing,325.0333614815354,294,122,461,185,existing,564.2480882881707,294,121,461,185,existing,564.2480882881707,294,117,461,546,existing,436.2345113764892,294,118,461,154,existing,786.5457059618109,294,127,461,174,existing,1246.5828295279598,294,126,461,691,existing,1308.2054614473482
295,295,115,462,604,existing,773.5426948078191,295,115,462,556,allocated,413.4707952085027,295,115,462,556,allocated,413.4707952085027,295,75,462,595,allocated,655.9697262848726,295,78,462,604,allocated,773.5426948078191,295,127,462,174,existing,883.6237508236359,295,118,462,154,existing,1252.6369632768863,295,122,462,185,existing,1486.5675917366138,295,33,462,247,allocated,1419.358751350382,295,121,462,185,existing,1486.5675917366138,295,116,462,184,existing,1725.7823185432494,295,120,462,635,existing,1959.6733477399239,295,117,462,546,existing,1946.886519302012
296,296,110,464,239,existing,429.782736764826,296,110,464,263,existing,251.93240373832828,296,110,464,549,allocated,181.529192320231,296,126,464,691,existing,460.84543419660173,296,124,464,619,existing,530.6041433802632,296,125,464,619,existing,530.6041433802632,296,119,464,246,existing,807.3279137902964,296,123,464,39,existing,850.1789347494648,296,117,464,546,existing,1031.9440066053735,296,128,464,461,existing,847.3600272507465,296,120,464,635,existing,1000.3524819323479,296,121,464,185,existing,1360.8533063897935,296,116,464,184,existing,1121.6385795831582
297,297,115,465,604,existing,682.8885233663423,297,115,465,556,allocated,884.8069718679342,297,115,465,595,allocated,565.315554843396,297,75,465,595,allocated,565.315554843396,297,78,465,604,allocated,682.8885233663423,297,33,465,247,allocated,1532.130377928535,297,127,465,174,existing,1354.9599274830673,297,122,465,185,existing,1957.9037683960455,297,118,465,154,existing,1723.9731399363177,297,121,465,185,existing,1957.9037683960455,297,117,465,546,existing,2189.010834059357,297,116,465,184,existing,2197.1184952026806,297,120,465,635,existing,2220.6023587323825
298,298,115,466,604,existing,643.099077482492,298,115,466,712,existing,923.268453108504,298,115,466,595,allocated,525.5261089595458,298,75,466,595,allocated,525.5261089595458,298,78,466,604,allocated,643.099077482492,298,127,466,174,existing,1394.7493733669173,298,33,466,247,allocated,1492.3409320446847,298,118,466,154,existing,1763.7625858201677,298,117,466,546,existing,2149.221388175507,298,121,466,185,existing,1997.6932142798955,298,122,466,185,existing,1997.6932142798955,298,116,466,184,existing,2236.9079410865306,298,120,466,635,existing,2180.8129128485325
299,299,115,468,604,existing,664.1984998261275,299,115,468,556,allocated,557.4154989644684,299,115,468,595,allocated,546.6255313031812,299,75,468,595,allocated,546.6255313031812,299,78,468,604,allocated,664.1984998261275,299,127,468,174,existing,1027.5684545796016,299,118,468,154,existing,1396.5816670328518,299,122,468,185,existing,1630.5122954925796,299,33,468,247,allocated,1496.3074790057433,299,116,468,184,existing,1869.7270222992147,299,121,468,185,existing,1630.5122954925796,299,120,468,635,existing,2103.6180514958896,299,117,468,546,existing,2090.8312230579777
300,300,1,470,12,allocated,328.4472479804969,300,1,470,12,existing,328.4472479804969,300,1,470,12,allocated,328.4472479804969,300,120,470,635,existing,822.7426898443034,300,117,470,546,existing,841.0555925940134,300,119,470,246,existing,1093.4985204990826,300,116,470,184,existing,1056.633719040978,300,121,470,185,existing,1295.8484458476132,300,126,470,691,existing,1471.2052655000266,300,128,470,461,existing,1133.5306339595327,300,122,470,185,existing,1295.8484458476132,300,118,470,154,existing,1529.779074307341,300,33,470,247,allocated,1482.4328191283369
301,301,115,476,604,existing,807.110446578132,301,115,476,556,allocated,447.03854697881576,301,115,476,556,allocated,447.03854697881576,301,75,476,595,allocated,689.5374780551858,301,78,476,604,allocated,807.110446578132,301,118,476,154,existing,1286.2047150471994,301,127,476,174,existing,917.1915025939489,301,122,476,185,existing,1520.135343506927,301,116,476,184,existing,1759.3500703135624,301,33,476,247,allocated,1452.926503120695,301,121,476,185,existing,1520.135343506927,301,117,476,546,existing,1980.454271072325,301,120,476,635,existing,1993.2410995102368
302,302,115,477,604,existing,501.4765243316101,302,115,477,556,allocated,662.7665023854246,302,115,477,595,allocated,383.9035558086638,302,75,477,595,allocated,383.9035558086638,302,78,477,604,allocated,501.4765243316101,302,33,477,247,allocated,1333.585503511226,302,127,477,174,existing,1132.9194580005578,302,118,477,154,existing,1501.932670453808,302,121,477,185,existing,1735.8632989135358,302,116,477,184,existing,1975.078025720171,302,122,477,185,existing,1735.8632989135358,302,120,477,635,existing,2022.0574843150737,302,117,477,546,existing,1990.4659596420481
303,303,115,478,604,existing,551.5754240784914,303,115,478,556,allocated,670.0385747121045,303,115,478,595,allocated,434.00245555554505,303,75,478,595,allocated,434.00245555554505,303,78,478,604,allocated,551.5754240784914,303,33,478,247,allocated,1383.6844032581073,303,127,478,174,existing,1140.1915303272376,303,118,478,154,existing,1509.204742780488,303,116,478,184,existing,1982.3500980468511,303,121,478,185,existing,1743.1353712402156,303,122,478,185,existing,1743.1353712402156,303,120,478,635,existing,2072.1563840619547,303,117,478,546,existing,2040.5648593889293
304,304,115,479,604,existing,632.5512082333746,304,115,479,556,allocated,380.6180137356037,304,115,479,556,allocated,380.6180137356037,304,75,479,595,allocated,514.9782397104283,304,78,479,604,allocated,632.5512082333746,304,33,479,247,allocated,1051.437014861405,304,127,479,174,existing,850.7709693507369,304,118,479,154,existing,1219.7841818039874,304,116,479,184,existing,1692.9295370703503,304,121,479,185,existing,1453.714810263715,304,122,479,185,existing,1453.714810263715,304,120,479,635,existing,1739.9089956652526,304,117,479,546,existing,1708.317470992227
305,305,115,480,604,existing,219.0931021471882,305,115,480,712,existing,499.26247777320015,305,115,480,595,allocated,101.52013362424186,305,75,480,595,allocated,101.52013362424186,305,78,480,604,allocated,219.0931021471882,305,127,480,174,existing,1415.3028801849796,305,33,480,247,allocated,1068.3349567093808,305,122,480,185,existing,1868.9885941089703,305,118,480,154,existing,1784.3160926382302,305,120,480,635,existing,1756.8069375132284,305,117,480,546,existing,1725.2154128402028,305,116,480,184,existing,1946.3196135989656,305,121,480,185,existing,1868.9885941089703
306,306,115,481,604,existing,352.6035982463834,306,115,481,712,existing,632.7729738723954,306,115,481,595,allocated,235.03062972343707,306,75,481,595,allocated,235.03062972343707,306,78,481,604,allocated,352.6035982463834,306,127,481,174,existing,1473.9488121031127,306,33,481,247,allocated,1201.845452808576,306,121,481,185,existing,2002.4990902081654,306,120,481,635,existing,1890.3174336124234,306,118,481,154,existing,1842.9620245563628,306,117,481,546,existing,1858.7259089393979,306,122,481,185,existing,2002.4990902081654,306,116,481,184,existing,2079.830109698161
307,307,115,482,604,existing,209.44507642912967,307,115,482,712,existing,489.6144520551416,307,115,482,595,allocated,91.87210790618333,307,75,482,595,allocated,91.87210790618333,307,78,482,604,allocated,209.44507642912967,307,127,482,174,existing,1273.8771011549818,307,33,482,247,allocated,923.984539076052,307,122,482,185,existing,1724.6381764756416,307,118,482,154,existing,1642.8903136082322,307,117,482,546,existing,1580.864995206874,307,120,482,635,existing,1612.4565198798996,307,121,482,185,existing,1724.6381764756416,307,116,482,184,existing,1801.9691959656368
308,308,115,483,604,existing,142.09388047149454,308,115,483,712,existing,422.26325609750654,308,115,483,595,allocated,24.520911948548203,308,75,483,595,allocated,24.520911948548203,308,78,483,604,allocated,142.09388047149454,308,33,483,247,allocated,991.3357350336871,308,127,483,174,existing,1341.228297112617,308,117,483,546,existing,1648.2161911645092,308,120,483,635,existing,1679.8077158375347,308,121,483,185,existing,1791.9893724332767,308,118,483,154,existing,1710.2415095658673,308,122,483,185,existing,1791.9893724332767,308,116,483,184,existing,1869.320391923272
309,309,109,484,718,existing,164.05838521471478,309,109,484,547,allocated,397.57922135142087,309,109,484,179,allocated,58.945237983206866,309,121,484,185,existing,251.81802673378363,309,122,484,185,existing,251.81802673378363,309,116,484,184,existing,491.032753540419,309,118,484,154,existing,414.44928512453106,309,117,484,546,existing,652.315146718212,309,127,484,174,existing,929.8574115813872,309,128,484,461,existing,816.0661150219544,309,120,484,635,existing,683.9066713912374,309,33,484,247,allocated,1107.1132973797742,309,119,484,246,existing,976.9297244342429
310,310,109,485,718,existing,214.45767034737466,310,109,485,547,allocated,447.97850648408075,310,109,485,179,allocated,109.34452311586675,310,122,485,185,existing,302.21731186644354,310,121,485,185,existing,302.21731186644354,310,116,485,184,existing,541.4320386730789,310,118,485,154,existing,464.84857025719094,310,120,485,635,existing,734.3059565238973,310,127,485,174,existing,980.2566967140469,310,128,485,461,existing,866.4654001546141,310,117,485,546,existing,702.7144318508718,310,33,485,247,allocated,1157.5125825124342,310,119,485,246,existing,1027.3290095669026
311,311,109,486,718,existing,230.91765230140038,311,109,486,547,allocated,464.4384884381065,311,109,486,179,allocated,125.80450506989249,311,122,486,185,existing,318.67729382046923,311,121,486,185,existing,318.67729382046923,311,118,486,154,existing,481.3085522112167,311,116,486,184,existing,557.8920206271046,311,127,486,174,existing,996.7166786680727,311,128,486,461,existing,882.92538210864,311,120,486,635,existing,750.765938477923,311,117,486,546,existing,719.1744138048975,311,33,486,247,allocated,1173.97256446646,311,119,486,246,existing,1043.7889915209284
312,312,39,487,301,allocated,310.78555890103786,312,39,487,335,existing,564.3359820324279,312,39,487,717,allocated,164.90549636189817,312,128,487,461,existing,353.88578606877627,312,119,487,246,existing,563.3034545699478,312,116,487,184,existing,678.9191475503117,312,120,487,635,existing,758.52877277224,312,117,487,546,existing,790.1202974452655,312,121,487,185,existing,918.133874356947,312,118,487,154,existing,1101.3813937130205,312,122,487,185,existing,918.133874356947,312,127,487,174,existing,1561.4185172791695,312,126,487,691,existing,1662.0912475161247
313,313,39,488,301,allocated,359.9478410112787,313,39,488,335,existing,613.4982641426687,313,39,488,717,allocated,115.74321425165736,313,128,488,461,existing,304.72350395853545,313,119,488,246,existing,514.1411724597069,313,116,488,184,existing,629.7568654400708,313,120,488,635,existing,709.3664906619991,313,117,488,546,existing,740.9580153350246,313,122,488,185,existing,868.9715922467061,313,118,488,154,existing,1091.2692099203464,313,121,488,185,existing,868.9715922467061,313,127,488,174,existing,1551.306333486495,313,126,488,691,existing,1612.928965405884
314,314,108,489,331,existing,75.6201110308524,314,108,489,547,allocated,230.9363877309807,314,108,489,331,allocated,75.6201110308524,314,121,489,185,existing,389.8400775497999,314,122,489,185,existing,389.8400775497999,314,117,489,546,existing,485.67231309777173,314,120,489,635,existing,517.2638377707972,314,128,489,461,existing,921.9068244742609,314,118,489,154,existing,552.4713359405473,314,119,489,246,existing,881.8747110138108,314,116,489,184,existing,629.0548043564353,314,127,489,174,existing,1067.8794623974034,314,33,489,247,allocated,940.470463759334
315,315,108,490,331,existing,34.522460527204,315,108,490,547,allocated,189.8387372273323,315,108,490,331,allocated,34.522460527204,315,122,490,185,existing,348.74242704615153,315,121,490,185,existing,348.74242704615153,315,117,490,546,existing,444.5746625941233,315,120,490,635,existing,476.16618726714887,315,119,490,246,existing,840.7770605101625,315,116,490,184,existing,587.9571538527869,315,128,490,461,existing,880.8091739706126,315,118,490,154,existing,511.3736854368989,315,33,490,247,allocated,899.3728132556855,315,127,490,174,existing,1026.781811893755
316,316,82,491,647,allocated,292.95727035457696,316,82,491,547,allocated,459.64513462476884,316,82,491,491,allocated,0.0,316,33,491,247,allocated,286.8764851769563,316,127,491,174,existing,646.912160360069,316,120,491,635,existing,745.9725846645854,316,117,491,546,existing,714.3810599915598,316,118,491,154,existing,789.3171589922304,316,121,491,185,existing,858.1542412603272,316,122,491,185,existing,858.1542412603272,316,116,491,184,existing,935.4852607503227,316,78,491,604,allocated,1072.3610996931257,316,75,491,595,allocated,954.7881311701793
317,317,114,492,342,existing,689.2828046455343,317,114,492,767,existing,731.4583616951193,317,114,492,281,allocated,318.8905909352166,317,119,492,246,existing,335.81642460260946,317,128,492,461,existing,545.2340931037809,317,120,492,635,existing,700.427297845623,317,117,492,546,existing,732.0188225186484,317,122,492,185,existing,1060.928122303069,317,121,492,185,existing,1060.928122303069,317,116,492,184,existing,821.7133954964335,317,118,492,154,existing,1294.8587507627963,317,124,492,619,existing,1673.7484817731688,317,126,492,691,existing,1603.9897725895075
318,318,107,494,699,existing,304.7459731111056,318,107,494,547,allocated,447.3895981873328,318,107,494,494,allocated,0.0,318,117,494,546,existing,192.65367282054177,318,120,494,635,existing,209.64575336204126,318,116,494,184,existing,413.75787357930454,318,119,494,246,existing,574.2566266050549,318,128,494,461,existing,614.288740065505,318,122,494,185,existing,652.9726003859399,318,121,494,185,existing,652.9726003859399,318,118,494,154,existing,886.9032288456675,318,33,494,247,allocated,1148.776358758003,318,127,494,174,existing,1402.3113553025235
319,319,114,496,342,existing,404.4316748239418,319,114,496,767,existing,650.5169952393858,319,114,496,140,allocated,352.8251319778622,319,119,496,246,existing,608.8309169024895,319,128,496,461,existing,648.8630303629396,319,117,496,546,existing,734.0028872746442,319,120,496,635,existing,702.4113626016187,319,121,496,185,existing,1062.9121870590643,319,122,496,185,existing,1062.9121870590643,319,118,496,154,existing,1296.8428155187921,319,116,496,184,existing,823.6974602524291,319,126,496,691,existing,1370.342364640866,319,124,496,619,existing,1440.1010738245275
320,320,113,499,343,existing,298.9583314597081,320,113,499,263,existing,380.80858670831896,320,113,499,549,allocated,36.07529141150456,320,126,499,691,existing,638.2910379234182,320,125,499,619,existing,708.0497471070796,320,119,499,246,existing,748.3504136982374,320,124,499,619,existing,708.0497471070796,320,123,499,39,existing,979.0551177194554,320,128,499,461,existing,788.3825271586875,320,117,499,546,existing,944.4501430612388,320,120,499,635,existing,912.8586183882132,320,122,499,185,existing,1273.359442845659,320,116,499,184,existing,1034.1447160390237
321,321,113,500,343,existing,397.69825988791706,321,113,500,263,existing,479.5485151365279,321,113,500,549,allocated,134.81521983971348,321,126,500,691,existing,737.0309663516271,321,125,500,619,existing,806.7896755352884,321,124,500,619,existing,806.7896755352884,321,119,500,246,existing,847.0903421264463,321,117,500,546,existing,1043.1900714894477,321,120,500,635,existing,1011.5985468164222,321,123,500,39,existing,1077.7950461476644,321,128,500,461,existing,887.1224555868964,321,122,500,185,existing,1372.099371273868,321,116,500,184,existing,1132.8846444672326
322,322,39,501,301,allocated,764.5633724105126,322,39,501,121,existing,255.3197683880645,322,39,501,314,allocated,402.8435073939572,322,119,501,246,existing,881.0696190414998,322,128,501,461,existing,1001.7486915834561,322,120,501,635,existing,1245.6804922845133,322,117,501,546,existing,1277.2720169575389,322,116,501,184,existing,1301.3750293441933,322,122,501,185,existing,1540.5897561508286,322,126,501,691,existing,1493.2753878867584,322,121,501,185,existing,1540.5897561508286,322,124,501,619,existing,1563.0340970704199,322,118,501,154,existing,1555.1592072224953
323,323,108,502,331,existing,147.84001834169527,323,108,502,547,allocated,303.15629504182357,323,108,502,331,allocated,147.84001834169527,323,122,502,185,existing,462.05998486064277,323,121,502,185,existing,462.05998486064277,323,120,502,635,existing,589.4837450816401,323,117,502,546,existing,557.8922204086145,323,116,502,184,existing,701.2747116672781,323,128,502,461,existing,994.1267317851039,323,118,502,154,existing,624.6912432513902,323,119,502,246,existing,954.0946183246538,323,33,502,247,allocated,1012.6903710701768,323,127,502,174,existing,1140.0993697082463
324,324,113,504,343,existing,409.53680889414244,324,113,504,263,existing,443.9103724025449,324,113,504,631,allocated,105.40659886093235,324,119,504,246,existing,825.3465144798569,324,128,504,461,existing,865.3786279403071,324,117,504,546,existing,1021.4462438428582,324,120,504,635,existing,989.8547191698327,324,125,504,619,existing,1135.0729018362047,324,124,504,619,existing,1135.0729018362047,324,126,504,691,existing,1065.3141926525432,324,116,504,184,existing,1111.140816820643,324,123,504,39,existing,1186.8094551571187,324,121,504,185,existing,1350.3555436272786
325,325,39,505,301,allocated,755.9612537668519,325,39,505,121,existing,538.2987110552788,325,39,505,314,allocated,685.8224500611715,325,119,505,246,existing,872.4675003978391,325,128,505,461,existing,993.1465729397954,325,120,505,635,existing,1237.0783736408528,325,117,505,546,existing,1268.669898313878,325,118,505,154,existing,1546.5570885788347,325,121,505,185,existing,1531.987637507168,325,122,505,185,existing,1531.987637507168,325,116,505,184,existing,1292.7729107005325,325,126,505,691,existing,1744.385488183189,325,124,505,619,existing,1814.1441973668502
326,326,39,506,301,allocated,655.940014782857,326,39,506,121,existing,438.2774720712839,326,39,506,314,allocated,585.8012110771766,326,119,506,246,existing,772.4462614138442,326,128,506,461,existing,893.1253339558006,326,117,506,546,existing,1168.6486593298832,326,120,506,635,existing,1137.0571346568577,326,116,506,184,existing,1192.7516717165377,326,122,506,185,existing,1431.9663985231732,326,118,506,154,existing,1446.5358495948399,326,121,506,185,existing,1431.9663985231732,326,125,506,619,existing,1725.0301069565776,326,126,506,691,existing,1655.2713977729163
327,327,39,507,301,allocated,832.7225505747633,327,39,507,121,existing,615.0600078631903,327,39,507,293,allocated,688.775319896751,327,119,507,246,existing,949.2287972057507,327,128,507,461,existing,1069.9078697477069,327,120,507,635,existing,1313.839670448764,327,117,507,546,existing,1345.4311951217896,327,122,507,185,existing,1608.7489343150796,327,121,507,185,existing,1608.7489343150796,327,118,507,154,existing,1623.318385386746,327,116,507,184,existing,1369.534207508444,327,125,507,619,existing,1737.3829005589387,327,126,507,691,existing,1667.6241913752774
328,328,39,508,301,allocated,293.4232928422106,328,39,508,335,existing,405.4429624048993,328,39,508,301,allocated,293.4232928422106,328,128,508,461,existing,738.6553031184259,328,119,508,246,existing,760.7299143192479,328,120,508,635,existing,1030.956664120834,328,116,508,184,existing,830.2349497758916,328,117,508,546,existing,1051.3391505346544,328,122,508,185,existing,1069.449676582527,328,121,508,185,existing,1069.449676582527,328,118,508,154,existing,1059.613510493182,328,126,508,691,existing,2028.903262306146,328,127,508,174,existing,1519.650634059331
329,329,114,509,342,existing,747.8967118179078,329,114,509,197,existing,202.6662133326497,329,114,509,196,allocated,22.164748064496095,329,119,509,246,existing,504.3690271196551,329,128,509,461,existing,693.6214335592997,329,117,509,546,existing,878.2054129139266,329,120,509,635,existing,846.6138882409011,329,116,509,184,existing,967.8999858917115,329,124,509,619,existing,958.2734467126362,329,125,509,619,existing,958.2734467126362,329,126,509,691,existing,888.5147375289748,329,121,509,185,existing,1207.114712698347,329,122,509,185,existing,1207.114712698347
330,330,112,511,691,existing,418.6030725762657,330,112,511,691,allocated,418.6030725762657,330,112,511,340,allocated,418.1007608766855,330,124,511,619,existing,348.8443633926043,330,125,511,619,existing,348.8443633926043,330,123,511,39,existing,825.6855378711393,330,126,511,691,existing,418.6030725762657,330,119,511,246,existing,1168.5377128756718,330,128,511,461,existing,1361.3932004200733,330,120,511,635,existing,1514.385655101675,330,117,511,546,existing,1545.9771797747005,330,116,511,184,existing,1635.6717527524852,330,121,511,185,existing,1874.8864795591207
331,331,112,512,691,existing,386.9103020380433,331,112,512,691,allocated,386.9103020380433,331,112,512,691,allocated,386.9103020380433,331,124,512,619,existing,317.151592854382,331,125,512,619,existing,317.151592854382,331,123,512,39,existing,793.992767332917,331,126,512,691,existing,386.9103020380433,331,120,512,635,existing,1574.983629861799,331,117,512,546,existing,1606.5751545348246,331,119,512,246,existing,1229.1356876357959,331,128,512,461,existing,1421.9911751801974,331,121,512,185,existing,1935.4844543192448,331,116,512,184,existing,1696.2697275126093
332,332,112,513,691,existing,153.3061804341566,332,112,513,691,allocated,153.3061804341566,332,112,513,691,existing,153.3061804341566,332,125,513,619,existing,83.5474712504952,332,124,513,619,existing,83.5474712504952,332,123,513,39,existing,560.3886457290303,332,126,513,691,existing,153.3061804341566,332,120,513,635,existing,1614.5040965631065,332,128,513,461,existing,1461.5116418815048,332,117,513,546,existing,1646.0956212361318,332,119,513,246,existing,1421.4795284210547,332,121,513,185,existing,1975.004921020552,332,116,513,184,existing,1735.7901942139167
333,333,112,514,691,existing,232.63654151138567,333,112,514,691,allocated,232.63654151138567,333,112,514,691,existing,232.63654151138567,333,124,514,619,existing,162.8778323277243,333,125,514,619,existing,162.8778323277243,333,123,514,39,existing,639.7190068062594,333,126,514,691,existing,232.63654151138567,333,119,514,246,existing,1383.4094481624534,333,120,514,635,existing,1693.8344576403356,333,128,514,461,existing,1540.842002958734,333,117,514,546,existing,1725.425982313361,333,122,514,185,existing,2054.335282097781,333,116,514,184,existing,1815.1205552911458
334,334,112,515,691,existing,367.584484645937,334,112,515,691,allocated,367.584484645937,334,112,515,691,allocated,367.584484645937,334,125,515,619,existing,297.8257754622756,334,124,515,619,existing,297.8257754622756,334,126,515,691,existing,367.584484645937,334,123,515,39,existing,774.6669499408106,334,120,515,635,existing,1594.3094472539055,334,119,515,246,existing,1248.4615050279021,334,128,515,461,existing,1441.316992572304,334,117,515,546,existing,1625.900971926931,334,116,515,184,existing,1715.5955449047158,334,121,515,185,existing,1954.810271711351
335,335,113,516,343,existing,901.3358843953472,335,113,516,618,existing,281.5315207540836,335,113,516,618,allocated,281.5315207540836,335,123,516,39,existing,986.4415369103398,335,126,516,691,existing,1048.9816911655194,335,124,516,619,existing,1118.7404003491808,335,125,516,619,existing,1118.7404003491808,335,119,516,246,existing,1350.7279666338763,335,120,516,635,existing,1515.2361713238524,335,117,516,546,existing,1546.8276959968778,335,128,516,461,existing,1390.7600800943267,335,116,516,184,existing,1636.522268974663,335,121,516,185,existing,1875.7369957812982
336,336,1,517,12,allocated,768.356214018351,336,1,517,12,existing,768.356214018351,336,1,517,12,allocated,768.356214018351,336,33,517,247,allocated,1065.2914628403755,336,117,517,546,existing,1765.8341696285668,336,120,517,635,existing,1782.8262501700663,336,127,517,174,existing,1776.140113354527,336,75,517,595,allocated,2034.3663679949336,336,118,517,154,existing,2101.244629893334,336,116,517,184,existing,1986.9383703873295,336,119,517,246,existing,2147.43712341308,336,122,517,185,existing,2148.065075657015,336,121,517,185,existing,2148.065075657015
337,337,115,518,604,existing,845.4854683700644,337,115,518,201,existing,373.26511357693647,337,115,518,201,allocated,373.26511357693647,337,78,518,604,allocated,845.4854683700644,337,75,518,595,allocated,963.0584368930107,337,33,518,247,allocated,1462.616348136734,337,127,518,174,existing,1905.8619832070212,337,118,518,154,existing,2234.6977587723,337,121,518,185,existing,2306.4838154126824,337,120,518,635,existing,2194.3021588169404,337,117,518,546,existing,2162.710634143915,337,122,518,185,existing,2306.4838154126824,337,116,518,184,existing,2383.814834902678
338,338,1,520,12,allocated,419.04509916077893,338,1,520,12,existing,419.04509916077893,338,1,520,12,allocated,419.04509916077893,338,117,520,546,existing,1178.3820224208052,338,120,520,635,existing,1195.3741029623047,338,33,520,247,allocated,1544.901696942757,338,116,520,184,existing,1399.486223179568,338,122,520,185,existing,1638.7009499862033,338,128,520,461,existing,1600.0170896657685,338,121,520,185,existing,1638.7009499862033,338,119,520,246,existing,1559.9849762053184,338,126,520,691,existing,1940.6340451231538,338,118,520,154,existing,1872.631578445931
339,339,82,521,647,allocated,606.8075896793848,339,82,521,712,existing,618.5002106287059,339,82,521,521,allocated,0.0,339,33,521,247,allocated,557.5129746254053,339,75,521,595,allocated,570.2789763511679,339,78,521,604,allocated,687.8519448741142,339,127,521,174,existing,1000.7586096956926,339,120,521,635,existing,1289.1987853056116,339,117,521,546,existing,1257.607260632586,339,118,521,154,existing,1329.5943852609714,339,122,521,185,existing,1401.3804419013536,339,121,521,185,existing,1401.3804419013536,339,116,521,184,existing,1478.711461391349
340,340,82,522,647,allocated,647.6932482698106,340,82,522,712,existing,577.6145520382802,340,82,522,521,allocated,40.88565859042574,340,33,522,247,allocated,598.3986332158311,340,75,522,595,allocated,611.1646349415936,340,78,522,604,allocated,728.7376034645399,340,127,522,174,existing,1041.6442682861184,340,118,522,154,existing,1370.480043851397,340,122,522,185,existing,1442.2661004917793,340,117,522,546,existing,1298.492919223012,340,120,522,635,existing,1330.0844438960376,340,121,522,185,existing,1442.2661004917793,340,116,522,184,existing,1519.5971199817748
341,341,112,523,691,existing,276.0772694630562,341,112,523,691,allocated,276.0772694630562,341,112,523,691,existing,276.0772694630562,341,125,523,619,existing,206.31856027939483,341,124,523,619,existing,206.31856027939483,341,123,523,39,existing,683.1597347579299,341,126,523,691,existing,276.0772694630562,341,128,523,461,existing,1503.9190035332829,341,120,523,635,existing,1656.9114582148845,341,119,523,246,existing,1311.0635159888811,341,117,523,546,existing,1688.50298288791,341,116,523,184,existing,1778.1975558656948,341,121,523,185,existing,2017.41228267233
342,342,115,524,604,existing,626.1711456258538,342,115,524,712,existing,346.0017699998419,342,115,524,201,allocated,347.30142332735664,342,78,524,604,allocated,626.1711456258538,342,75,524,595,allocated,743.7441141488002,342,33,524,247,allocated,987.3271419756142,342,127,524,174,existing,1430.5727770459016,342,117,524,546,existing,1687.4214279827952,342,118,524,154,existing,1759.4085526111803,342,121,524,185,existing,1831.1946092515625,342,120,524,635,existing,1719.0129526558208,342,122,524,185,existing,1831.1946092515625,342,116,524,184,existing,1908.5256287415577
343,343,115,525,604,existing,547.5132822651814,343,115,525,712,existing,267.34390663916946,343,115,525,201,allocated,268.6435599666842,343,78,525,604,allocated,547.5132822651814,343,75,525,595,allocated,665.0862507881277,343,33,525,247,allocated,908.6692786149417,343,127,525,174,existing,1351.914913685229,343,117,525,546,existing,1608.7635646221227,343,122,525,185,existing,1752.53674589089,343,120,525,635,existing,1640.3550892951482,343,118,525,154,existing,1680.7506892505078,343,116,525,184,existing,1829.8677653808854,343,121,525,185,existing,1752.53674589089
344,344,1,527,12,allocated,682.654383774712,344,1,527,449,existing,607.0243860236711,344,1,527,213,allocated,305.11363156007303,344,33,527,247,allocated,597.3985007987055,344,127,527,174,existing,1340.153238242316,344,75,527,595,allocated,1566.4734059532639,344,117,527,546,existing,1568.3050192760368,344,120,527,635,existing,1593.3764465364443,344,78,527,604,allocated,1684.0463744762103,344,122,527,185,existing,1712.078200544804,344,118,527,154,existing,1665.257754781123,344,121,527,185,existing,1712.078200544804,344,116,527,184,existing,1789.4092200347995
345,345,1,529,12,allocated,741.3818748969369,345,1,529,449,existing,475.07701564688216,345,1,529,213,allocated,171.7640410794845,345,33,529,247,allocated,464.048910318117,345,127,529,174,existing,1208.2058678655271,345,75,529,595,allocated,1433.1238154726752,345,117,529,546,existing,1456.309272930966,345,118,529,154,existing,1533.310384404334,345,120,529,635,existing,1487.9007976039914,345,78,529,604,allocated,1550.6967839956217,345,121,529,185,existing,1600.082454199733,345,122,529,185,existing,1600.082454199733,345,116,529,184,existing,1677.4134736897286
346,346,1,530,12,allocated,813.83931114156,346,1,530,449,existing,557.3147610397941,346,1,530,213,allocated,254.00178647239645,346,33,530,247,allocated,546.286655711029,346,127,530,174,existing,1290.4436132584392,346,75,530,595,allocated,1515.3615608655873,346,117,530,546,existing,1538.5470183238779,346,118,530,154,existing,1615.548129797246,346,78,530,604,allocated,1632.9345293885337,346,120,530,635,existing,1570.1385429969032,346,122,530,185,existing,1682.3201995926452,346,121,530,185,existing,1682.3201995926452,346,116,530,184,existing,1759.6512190826406
347,347,1,531,12,allocated,711.0924338963068,347,1,531,449,existing,457.6010928780081,347,1,531,528,allocated,289.33630970307263,347,33,531,247,allocated,479.88129458250125,347,127,531,174,existing,1190.729945096653,347,75,531,595,allocated,1448.9561997370595,347,117,531,546,existing,1438.8333501620918,347,120,531,635,existing,1470.4248748351174,347,118,531,154,existing,1515.8344616354598,347,78,531,604,allocated,1566.529168260006,347,122,531,185,existing,1582.6065314308591,347,121,531,185,existing,1582.6065314308591,347,116,531,184,existing,1659.9375509208544
348,348,82,533,647,allocated,349.05948904116656,348,82,533,449,existing,551.6973831105722,348,82,533,247,allocated,192.88761505620806,348,33,533,247,allocated,192.88761505620806,348,127,533,174,existing,743.0105090574743,348,117,533,546,existing,999.8591599943679,348,75,533,595,allocated,967.67651998041,348,120,533,635,existing,1031.4506846673935,348,118,533,154,existing,1071.846284622753,348,78,533,604,allocated,1085.2494885033564,348,121,533,185,existing,1143.6323412631355,348,116,533,184,existing,1220.9633607531307,348,122,533,185,existing,1143.6323412631355
349,349,82,534,647,allocated,253.31487410013665,349,82,534,449,existing,455.95276816954225,349,82,534,247,allocated,97.14300011517814,349,33,534,247,allocated,97.14300011517814,349,127,534,174,existing,647.2658941164444,349,117,534,546,existing,904.114545053338,349,75,534,595,allocated,871.9319050393801,349,120,534,635,existing,935.7060697263636,349,122,534,185,existing,1047.8877263221054,349,118,534,154,existing,976.1016696817233,349,78,534,604,allocated,989.5048735623265,349,116,534,184,existing,1125.2187458121007,349,121,534,185,existing,1047.8877263221054
350,350,82,535,647,allocated,632.0320502826695,350,82,535,449,existing,453.2550538570001,350,82,535,535,allocated,0.0,350,33,535,247,allocated,281.57417606735464,350,127,535,174,existing,1025.9830702989773,350,75,535,595,allocated,1250.649081221913,350,117,535,546,existing,1282.8317212358709,350,121,535,185,existing,1426.6049025046382,350,120,535,635,existing,1314.4232459088964,350,118,535,154,existing,1354.818845864256,350,78,535,604,allocated,1368.2220497448595,350,116,535,184,existing,1503.9359219946336,350,122,535,185,existing,1426.6049025046382
351,351,82,536,647,allocated,784.2547751820756,351,82,536,449,existing,605.4777787564062,351,82,536,535,allocated,155.90197896946884,351,33,536,247,allocated,433.7969009667608,351,127,536,174,existing,1178.2057951983834,351,117,536,546,existing,1435.054446135277,351,75,536,595,allocated,1402.8718061213192,351,78,536,604,allocated,1520.4447746442656,351,122,536,185,existing,1578.8276274040445,351,120,536,635,existing,1466.6459708083025,351,118,536,154,existing,1507.041570763662,351,121,536,185,existing,1578.8276274040445,351,116,536,184,existing,1656.1586468940397
352,352,82,537,647,allocated,728.0649580208044,352,82,537,449,existing,388.6351891342547,352,82,537,528,allocated,220.37040595931927,352,33,537,247,allocated,377.60708380548965,352,127,537,174,existing,1121.7640413528998,352,75,537,595,allocated,1346.6819889600479,352,117,537,546,existing,1369.8674464183384,352,78,537,604,allocated,1464.2549574829943,352,122,537,185,existing,1513.6406276871057,352,120,537,635,existing,1401.4589710913638,352,118,537,154,existing,1446.8685578917066,352,116,537,184,existing,1590.9716471771012,352,121,537,185,existing,1513.6406276871057
353,353,115,538,604,existing,1179.86277130165,353,115,538,201,existing,1155.3475758101283,353,115,538,539,allocated,397.2383194018046,353,78,538,604,allocated,1179.86277130165,353,75,538,595,allocated,1291.376167659574,353,127,538,174,existing,2657.125376720739,353,33,538,247,allocated,1942.726947297279,353,121,538,185,existing,3057.4066470433777,353,117,538,546,existing,2913.63346577461,353,118,538,154,existing,3010.5862012796965,353,120,538,635,existing,2938.7048930350184,353,116,538,184,existing,3134.737666533373,353,122,538,185,existing,3057.4066470433777
354,354,115,539,604,existing,1577.1010907034542,354,115,539,201,existing,1552.585895211933,354,115,539,539,allocated,0.0,354,78,539,604,allocated,1577.1010907034542,354,75,539,595,allocated,1688.6144870613784,354,33,539,247,allocated,2339.9652666990833,354,127,539,174,existing,3054.3636961225434,354,121,539,185,existing,3454.644966445182,354,117,539,546,existing,3310.8717851764145,354,118,539,154,existing,3407.8245206815013,354,120,539,635,existing,3335.9432124368227,354,122,539,185,existing,3454.644966445182,354,116,539,184,existing,3531.9759859351775
355,355,115,540,604,existing,305.1366769965315,355,115,540,201,existing,178.44386806231364,355,115,540,201,allocated,178.44386806231364,355,78,540,604,allocated,305.1366769965315,355,75,540,595,allocated,422.7096455194778,355,127,540,174,existing,1788.4588545806428,355,33,540,247,allocated,1355.7567066439397,355,120,540,635,existing,2087.442517324146,355,122,540,185,existing,2199.624173919888,355,117,540,546,existing,2055.8509926511206,355,118,540,154,existing,2127.8381172795057,355,116,540,184,existing,2276.955193409883,355,121,540,185,existing,2199.624173919888
356,356,115,541,604,existing,414.4307000424777,356,115,541,201,existing,287.7378911082599,356,115,541,201,allocated,287.7378911082599,356,78,541,604,allocated,414.4307000424777,356,75,541,595,allocated,532.003668565424,356,33,541,247,allocated,1465.0507296898859,356,127,541,174,existing,1897.752877626589,356,120,541,635,existing,2196.7365403700924,356,122,541,185,existing,2308.9181969658343,356,117,541,546,existing,2165.145015697067,356,118,541,154,existing,2237.132140325452,356,121,541,185,existing,2308.9181969658343,356,116,541,184,existing,2386.2492164558294
357,357,39,543,301,allocated,205.22421274581473,357,39,543,335,existing,458.7746358772048,357,39,543,301,allocated,205.22421274581473,357,128,543,461,existing,459.4471322239994,357,119,543,246,existing,668.8648007251709,357,120,543,635,existing,864.0901189274631,357,116,543,184,existing,742.0358696794956,357,117,543,546,existing,895.6816436004885,357,118,543,154,existing,995.8200475577975,357,122,543,185,existing,981.2505964861309,357,121,543,185,existing,981.2505964861309,357,126,543,691,existing,1767.6525936713479,357,127,543,174,existing,1455.8571711239463
358,358,39,544,301,allocated,941.9798047428336,358,39,544,121,existing,314.8815376228741,358,39,544,293,allocated,316.04839027884935,358,119,544,246,existing,881.0521643800255,358,128,544,461,existing,1090.469832881197,358,117,544,546,existing,1277.2545622960647,358,120,544,635,existing,1245.6630376230391,358,116,544,184,existing,1366.9491352738494,358,126,544,691,existing,1294.8972617573759,358,124,544,619,existing,1364.6559709410371,358,125,544,619,existing,1364.6559709410371,358,122,544,185,existing,1606.1638620804847,358,121,544,185,existing,1606.1638620804847
359,359,39,545,301,allocated,877.1327866155094,359,39,545,121,existing,379.7285557501982,359,39,545,293,allocated,380.8954084061735,359,119,545,246,existing,945.8991825073497,359,128,545,461,existing,1114.318105788453,359,117,545,546,existing,1342.101580423389,359,120,545,635,existing,1310.5100557503633,359,125,545,619,existing,1429.5029890683613,359,116,545,184,existing,1413.94444354919,359,124,545,619,existing,1429.5029890683613,359,126,545,691,existing,1359.7442798846998,359,121,545,185,existing,1653.1591703558256,359,122,545,185,existing,1653.1591703558256
360,360,1,550,12,allocated,628.5666817353446,360,1,550,12,existing,628.5666817353446,360,1,550,631,allocated,490.05061778554796,360,120,550,635,existing,690.5728063760698,360,117,550,546,existing,708.8857091257798,360,119,550,246,existing,912.5025693777018,360,116,550,184,existing,924.4638355727445,360,128,550,461,existing,952.5346828381519,360,118,550,154,existing,1397.6091908391072,360,122,550,185,existing,1163.6785623793799,360,121,550,185,existing,1163.6785623793799,360,124,550,619,existing,1519.7169207608204,360,126,550,691,existing,1449.9582115771589
361,361,1,551,12,allocated,622.5580953215288,361,1,551,12,existing,622.5580953215288,361,1,551,469,allocated,442.32704754617583,361,120,551,635,existing,640.437548716793,361,117,551,546,existing,658.750451466503,361,116,551,184,existing,874.3285779134676,361,119,551,246,existing,862.367311718425,361,122,551,185,existing,1113.543304720103,361,121,551,185,existing,1113.543304720103,361,128,551,461,existing,902.399425178875,361,118,551,154,existing,1347.4739331798303,361,125,551,619,existing,1569.8521784200973,361,126,551,691,existing,1500.0934692364358
362,362,112,553,691,existing,562.1168580011466,362,112,553,618,existing,235.95905290663856,362,112,553,554,allocated,204.80153792753865,362,123,553,39,existing,499.57670374596705,362,126,553,691,existing,562.1168580011466,362,124,553,619,existing,631.875567184808,362,125,553,619,existing,631.875567184808,362,119,553,246,existing,1302.5826965372314,362,128,553,461,existing,1342.6148099976815,362,120,553,635,existing,1469.7252023433325,362,117,553,546,existing,1501.316727016358,362,116,553,184,existing,1591.0112999941427,362,121,553,185,existing,1830.226026800778
363,363,112,554,691,existing,766.9183959286852,363,112,554,618,existing,31.157514979099908,363,112,554,554,allocated,0.0,363,123,554,39,existing,704.3782416735057,363,126,554,691,existing,766.9183959286852,363,124,554,619,existing,836.6771051123467,363,125,554,619,existing,836.6771051123467,363,128,554,461,existing,1385.454916547553,363,120,554,635,existing,1509.9310077770788,363,117,554,546,existing,1541.522532450104,363,119,554,246,existing,1345.4228030871027,363,121,554,185,existing,1870.4318322345246,363,116,554,184,existing,1631.2171054278892
364,364,1,558,12,allocated,781.3898980865879,364,1,558,12,existing,781.3898980865879,364,1,558,12,allocated,781.3898980865879,364,33,558,247,allocated,1078.3251469086124,364,117,558,546,existing,1778.8678536968036,364,120,558,635,existing,1795.8599342383031,364,127,558,174,existing,1789.1737974227642,364,119,558,246,existing,2160.470807481317,364,75,558,595,allocated,2047.4000520631707,364,116,558,184,existing,1999.9720544555664,364,118,558,154,existing,2114.2783139615713,364,121,558,185,existing,2161.0987597252524,364,122,558,185,existing,2161.0987597252524
365,365,1,559,12,allocated,698.009894949204,365,1,559,618,existing,656.9154449786048,365,1,559,618,allocated,656.9154449786048,365,120,559,635,existing,1226.6351605910886,365,117,559,546,existing,1244.9480633407986,365,123,559,39,existing,1392.4512016312103,365,119,559,246,existing,1402.9954656404234,365,126,559,691,existing,1454.99135588639,365,116,559,184,existing,1460.526189787763,365,124,559,619,existing,1524.7500650700515,365,128,559,461,existing,1443.027579100874,365,121,559,185,existing,1699.7409165943986,365,125,559,619,existing,1524.7500650700515
366,366,115,560,604,existing,914.0964756876422,366,115,560,201,existing,441.8761208945143,366,115,560,201,allocated,441.8761208945143,366,78,560,604,allocated,914.0964756876422,366,75,560,595,allocated,1031.6694442105886,366,33,560,247,allocated,1313.010853092326,366,127,560,174,existing,1756.2564881626133,366,118,560,154,existing,2085.0922637278923,366,117,560,546,existing,2013.105139099507,366,120,560,635,existing,2044.6966637725325,366,121,560,185,existing,2156.878320368274,366,122,560,185,existing,2156.878320368274,366,116,560,184,existing,2234.2093398582697
367,367,115,561,604,existing,885.5215104344812,367,115,561,201,existing,413.3011556413533,367,115,561,201,allocated,413.3011556413533,367,78,561,604,allocated,885.5215104344812,367,75,561,595,allocated,1003.0944789574276,367,127,561,174,existing,1831.0830762866206,367,33,561,247,allocated,1387.8374412163332,367,122,561,185,existing,2231.7049084922814,367,118,561,154,existing,2159.9188518518995,367,117,561,546,existing,2087.931727223514,367,120,561,635,existing,2119.5232518965395,367,121,561,185,existing,2231.7049084922814,367,116,561,184,existing,2309.035927982277
368,368,1,562,12,allocated,562.6726992668509,368,1,562,12,existing,562.6726992668509,368,1,562,12,allocated,562.6726992668509,368,117,562,546,existing,1322.0096225268771,368,120,562,635,existing,1339.0017030683766,368,116,562,184,existing,1543.11382328564,368,33,562,247,allocated,1476.8199899178462,368,122,562,185,existing,1782.3285500922752,368,121,562,185,existing,1782.3285500922752,368,128,562,461,existing,1743.6446897718404,368,119,562,246,existing,1703.6125763113903,368,118,562,154,existing,2016.2591785520028,368,126,562,691,existing,2084.261645229226
369,369,1,563,12,allocated,642.8297394742152,369,1,563,12,existing,642.8297394742152,369,1,563,12,allocated,642.8297394742152,369,117,563,546,existing,1402.1666627342415,369,120,563,635,existing,1419.158743275741,369,116,563,184,existing,1623.2708634930043,369,33,563,247,allocated,1479.7942033111945,369,128,563,461,existing,1823.8017299792048,369,122,563,185,existing,1862.4855902996396,369,121,563,185,existing,1862.4855902996396,369,119,563,246,existing,1783.7696165187547,369,126,563,691,existing,2164.41868543659,369,118,563,154,existing,2096.4162187593674
370,370,112,564,691,existing,387.5695587621135,370,112,564,691,allocated,387.5695587621135,370,112,564,691,existing,387.5695587621135,370,126,564,691,existing,387.5695587621135,370,124,564,619,existing,457.3282679457749,370,125,564,619,existing,457.3282679457749,370,123,564,39,existing,793.7004557429235,370,117,564,546,existing,1880.3589995640887,370,119,564,246,existing,1655.7429067490116,370,128,564,461,existing,1695.7750202094617,370,120,564,635,existing,1848.767474891063,370,122,564,185,existing,2209.2682993485087,370,116,564,184,existing,1970.0535725418733
371,371,82,565,647,allocated,808.1341123759285,371,82,565,556,allocated,173.78178673564412,371,82,565,556,allocated,173.78178673564412,371,127,565,174,existing,643.9347423507772,371,75,565,595,allocated,721.8144667103879,371,118,565,154,existing,1012.9479548040276,371,78,565,604,allocated,839.3874352333343,371,116,565,184,existing,1486.0933100703905,371,121,565,185,existing,1246.8785832637554,371,122,565,185,existing,1246.8785832637554,371,33,565,247,allocated,1158.591986591243,371,120,565,635,existing,1719.9843392670653,371,117,565,546,existing,1707.1975108291533
372,372,115,566,604,existing,771.751503016954,372,115,566,556,allocated,241.41771895202436,372,115,566,556,allocated,241.41771895202436,372,75,566,595,allocated,654.1785344940076,372,127,566,174,existing,711.5706745671575,372,118,566,154,existing,1080.583887020408,372,78,566,604,allocated,771.751503016954,372,33,566,247,allocated,1190.6373096449845,372,121,566,185,existing,1314.5145154801357,372,116,566,184,existing,1553.7292422867708,372,122,566,185,existing,1314.5145154801357,372,120,566,635,existing,1787.6202714834455,372,117,566,546,existing,1774.8334430455336
373,373,109,567,718,existing,624.4258961877068,373,109,567,556,allocated,613.3869373537939,373,109,567,567,allocated,0.0,373,118,567,154,existing,225.77923071458966,373,127,567,174,existing,289.6288957422664,373,122,567,185,existing,459.7098591743173,373,121,567,185,existing,459.7098591743173,373,120,567,635,existing,932.8156151776273,373,116,567,184,existing,698.9245859809527,373,33,567,247,allocated,847.4654390823116,373,117,567,546,existing,920.0287867397153,373,119,567,246,existing,1184.8215568747767,373,128,567,461,existing,1012.3249366764005
374,374,39,568,301,allocated,209.65082372375198,374,39,568,227,existing,127.80697719474198,374,39,568,226,allocated,82.52298291794149,374,116,568,184,existing,327.1608332099289,374,120,568,635,existing,527.8825475548715,374,128,568,461,existing,541.0297481529285,374,117,568,546,existing,548.2650339686917,374,118,568,154,existing,580.9450110882307,374,119,568,246,existing,750.4474166540999,374,121,568,185,existing,566.3755600165642,374,122,568,185,existing,566.3755600165642,374,33,568,247,allocated,1549.522579137208,374,127,568,174,existing,1040.9821346543795
375,375,39,569,301,allocated,532.0224659488943,375,39,569,121,existing,545.7275084791582,375,39,569,301,allocated,532.0224659488943,375,119,569,246,existing,648.5287125798815,375,128,569,461,existing,769.2077851218378,375,120,569,635,existing,1013.139585822895,375,117,569,546,existing,1044.7311104959206,375,118,569,154,existing,1322.618300760877,375,116,569,184,existing,1068.834122882575,375,121,569,185,existing,1308.0488496892103,375,122,569,185,existing,1308.0488496892103,375,126,569,691,existing,1762.7214341807903,375,127,569,174,existing,1782.6554243270257
376,376,39,570,301,allocated,115.12533279130237,376,39,570,335,existing,368.6757559226925,376,39,570,301,allocated,115.12533279130237,376,128,570,461,existing,561.0388999180088,376,116,570,184,existing,651.9369897249833,376,120,570,635,existing,852.6587040699258,376,119,570,246,existing,770.4565684191804,376,121,570,185,existing,891.1517165316186,376,117,570,546,existing,873.0411904837459,376,118,570,154,existing,905.721167603285,376,122,570,185,existing,891.1517165316186,376,126,570,691,existing,1869.2443613653572,376,127,570,174,existing,1365.758291169434
377,377,82,572,647,allocated,450.61653521897847,377,82,572,556,allocated,204.8135467075862,377,82,572,21,allocated,127.8630635599153,377,127,572,174,existing,346.11501857492755,377,118,572,154,existing,678.5759011905616,377,122,572,185,existing,912.5065296502892,377,33,572,247,allocated,801.0744094342933,377,78,572,604,allocated,1185.0357900729623,377,121,572,185,existing,912.5065296502892,377,75,572,595,allocated,1067.4628215500159,377,116,572,184,existing,1151.7212564569245,377,120,572,635,existing,1385.612285653599,377,117,572,546,existing,1372.825457215687
378,378,39,573,301,allocated,317.72243309835125,378,39,573,227,existing,105.33053916390786,378,39,573,226,allocated,60.04654488710737,378,116,573,184,existing,304.68439517909485,378,117,573,546,existing,525.7885959378576,378,121,573,185,existing,543.8991219857302,378,120,573,635,existing,538.5754243757693,378,119,573,246,existing,761.9774011220968,378,128,573,461,existing,552.5597326209253,378,122,573,185,existing,543.8991219857302,378,118,573,154,existing,558.4685730573966,378,127,573,174,existing,1018.5056966235454,378,33,573,247,allocated,1527.0461411063739
379,379,39,574,301,allocated,274.92484742646866,379,39,574,227,existing,62.53295349202527,379,39,574,226,allocated,17.24895921522479,379,116,574,184,existing,261.8868095072122,379,117,574,546,existing,482.99101026597504,379,120,574,635,existing,495.77783870388674,379,121,574,185,existing,501.10153631384753,379,122,574,185,existing,501.10153631384753,379,119,574,246,existing,719.1798154502142,379,118,574,154,existing,515.670987385514,379,128,574,461,existing,509.76214694904263,379,33,574,247,allocated,1484.2485554344912,379,127,574,174,existing,975.7081109516629
380,380,114,575,342,existing,617.5475626274945,380,114,575,12,existing,677.8202864104862,380,114,575,469,allocated,326.5749581089572,380,120,575,635,existing,524.6854592795743,380,117,575,546,existing,542.9983620292843,380,119,575,246,existing,821.9468047060421,380,116,575,184,existing,758.576488476249,380,118,575,154,existing,1231.7218437426118,380,122,575,185,existing,997.7912152828843,380,121,575,185,existing,997.7912152828843,380,128,575,461,existing,861.9789181664922,380,33,575,247,allocated,1479.3318342916627,380,126,575,691,existing,1583.4582524444186
381,381,107,576,699,existing,527.9717138881767,381,107,576,12,existing,586.0063212700244,381,107,576,469,allocated,234.76099296849534,381,120,576,635,existing,432.87149413911243,381,117,576,546,existing,451.18439688882245,381,116,576,184,existing,666.762523335787,381,119,576,246,existing,797.4823673821261,381,128,576,461,existing,837.5144808425762,381,118,576,154,existing,1139.90787860215,381,122,576,185,existing,905.9772501424223,381,121,576,185,existing,905.9772501424223,381,127,576,174,existing,1655.316005059006,381,33,576,247,allocated,1387.517869151201
382,382,115,577,604,existing,827.6041538761814,382,115,577,201,existing,803.0889583846599,382,115,577,539,allocated,749.496936827273,382,78,577,604,allocated,827.6041538761814,382,75,577,595,allocated,939.1175502341056,382,33,577,247,allocated,1908.1924553886638,382,127,577,174,existing,2304.8667592952706,382,122,577,185,existing,2752.0599226646123,382,117,577,546,existing,2608.2867413958447,382,118,577,154,existing,2673.8799717485213,382,120,577,635,existing,2639.8782660688703,382,121,577,185,existing,2752.0599226646123,382,116,577,184,existing,2829.3909421546077
383,383,115,578,604,existing,908.4102283377601,383,115,578,201,existing,883.8950328462387,383,115,578,539,allocated,830.3030112888518,383,78,578,604,allocated,908.4102283377601,383,75,578,595,allocated,1019.9236246956843,383,127,578,174,existing,2385.6728337568493,383,33,578,247,allocated,1988.9985298502424,383,121,578,185,existing,2832.865997126191,383,117,578,546,existing,2689.0928158574234,383,120,578,635,existing,2720.684340530449,383,118,578,154,existing,2754.6860462101,383,122,578,185,existing,2832.865997126191,383,116,578,184,existing,2910.1970166161864
384,384,1,579,12,allocated,912.086405560171,384,1,579,449,existing,662.6861590217162,384,1,579,528,allocated,494.42137584678073,384,33,579,247,allocated,684.9663607262094,384,127,579,174,existing,1395.8150112403612,384,117,579,546,existing,1477.588960788309,384,120,579,635,existing,1502.6603880487164,384,116,579,184,existing,1698.6931615470717,384,121,579,185,existing,1621.3621420570762,384,122,579,185,existing,1621.3621420570762,384,75,579,595,allocated,1654.0412658807677,384,78,579,604,allocated,1771.6142344037141,384,118,579,154,existing,1720.919527779168
385,385,1,580,12,allocated,416.72051397491816,385,1,580,12,existing,416.72051397491816,385,1,580,12,allocated,416.72051397491816,385,117,580,546,existing,944.6718825761315,385,120,580,635,existing,961.6639631176309,385,119,580,246,existing,1326.2748363606447,385,116,580,184,existing,1165.7760833348943,385,33,580,247,allocated,1368.946990250912,385,121,580,185,existing,1404.9908101415294,385,122,580,185,existing,1404.9908101415294,385,128,580,461,existing,1366.3069498210948,385,126,580,691,existing,1741.2537290565583,385,118,580,154,existing,1636.5146109579011
386,386,1,581,12,allocated,333.0696022741228,386,1,581,12,existing,333.0696022741228,386,1,581,12,allocated,333.0696022741228,386,117,581,546,existing,861.0209708753362,386,120,581,635,existing,878.0130514168357,386,119,581,246,existing,1242.6239246598493,386,116,581,184,existing,1082.125171634099,386,122,581,185,existing,1321.3398984407343,386,121,581,185,existing,1321.3398984407343,386,33,581,247,allocated,1290.4425558827195,386,128,581,461,existing,1282.6560381202994,386,118,581,154,existing,1555.2705269004618,386,126,581,691,existing,1657.602817355763
387,387,114,583,342,existing,818.5654290441798,387,114,583,197,existing,235.3376252415827,387,114,583,510,allocated,188.3186171417545,387,119,583,246,existing,724.2580373251214,387,128,583,461,existing,764.2901507855717,387,126,583,691,existing,921.1861494379079,387,120,583,635,existing,917.2826054671731,387,117,583,546,existing,948.8741301401985,387,124,583,619,existing,990.9448586215693,387,116,583,184,existing,1038.5687031179834,387,125,583,619,existing,990.9448586215693,387,122,583,185,existing,1277.7834299246188,387,121,583,185,existing,1277.7834299246188
388,388,112,584,691,existing,386.3699652564352,388,112,584,691,allocated,386.3699652564352,388,112,584,711,allocated,383.30535869235456,388,123,584,39,existing,201.7820715279363,388,126,584,691,existing,386.3699652564352,388,125,584,619,existing,456.1286744400966,388,124,584,619,existing,456.1286744400966,388,117,584,546,existing,1825.8071811197467,388,128,584,461,existing,1667.1052641010701,388,120,584,635,existing,1794.2156564467211,388,119,584,246,existing,1627.07315064062,388,116,584,184,existing,1915.5017540975314,388,122,584,185,existing,2154.716480904167
389,389,112,585,691,existing,430.7164796801403,389,112,585,691,allocated,430.7164796801403,389,112,585,711,allocated,427.6518731160597,389,123,585,39,existing,157.43555710423118,389,126,585,691,existing,430.7164796801403,389,124,585,619,existing,500.4751888638017,389,125,585,619,existing,500.4751888638017,389,117,585,546,existing,1870.1536955434517,389,120,585,635,existing,1838.5621708704261,389,128,585,461,existing,1711.4517785247754,389,119,585,246,existing,1671.4196650643253,389,116,585,184,existing,1959.8482685212364,389,122,585,185,existing,2199.0629953278717
390,390,112,586,691,existing,325.3660928286886,390,112,586,691,allocated,325.3660928286886,390,112,586,691,allocated,325.3660928286886,390,124,586,619,existing,255.6073836450272,390,125,586,619,existing,255.6073836450272,390,126,586,691,existing,325.3660928286886,390,123,586,39,existing,732.4485581235622,390,120,586,635,existing,1607.622634849252,390,117,586,546,existing,1639.2141595222777,390,119,586,246,existing,1261.774692623249,390,128,586,461,existing,1454.6301801676505,390,116,586,184,existing,1728.9087325000623,390,122,586,185,existing,1968.123459306698
391,391,110,587,239,existing,826.9823467798906,391,110,587,197,existing,172.19652001534115,391,110,587,587,allocated,0.0,391,119,587,246,existing,834.1776216718954,391,126,587,691,existing,858.0450442116663,391,125,587,619,existing,927.8037533953277,391,128,587,461,existing,874.2097351323456,391,120,587,635,existing,1027.2021898139471,391,116,587,184,existing,1148.4882874647574,391,124,587,619,existing,927.8037533953277,391,117,587,546,existing,1058.7937144869725,391,123,587,39,existing,1247.3785447645294,391,122,587,185,existing,1387.703014271393
392,392,82,588,647,allocated,574.6969243746095,392,82,588,449,existing,395.91992794894014,392,82,588,535,allocated,57.33512590806,392,33,588,247,allocated,224.23905015929466,392,127,588,174,existing,968.6479443909172,392,75,588,595,allocated,1193.313955313853,392,117,588,546,existing,1225.4965953278108,392,78,588,604,allocated,1310.8869238367995,392,120,588,635,existing,1257.0881200008364,392,121,588,185,existing,1369.2697765965781,392,118,588,154,existing,1297.483719956196,392,116,588,184,existing,1446.6007960865736,392,122,588,185,existing,1369.2697765965781
393,393,82,589,647,allocated,731.3087974683236,393,82,589,449,existing,552.5318010426544,393,82,589,535,allocated,208.8479566832208,393,33,589,247,allocated,380.8509232530089,393,127,589,174,existing,1125.2598174846314,393,75,589,595,allocated,1349.9258284075672,393,117,589,546,existing,1382.108468421525,393,122,589,185,existing,1525.8816496902923,393,120,589,635,existing,1413.6999930945506,393,78,589,604,allocated,1467.4987969305137,393,118,589,154,existing,1454.0955930499101,393,121,589,185,existing,1525.8816496902923,393,116,589,184,existing,1603.2126691802878
394,394,114,590,342,existing,822.3249708298587,394,114,590,12,existing,882.5976946128505,394,114,590,469,allocated,531.3523663113215,394,120,590,635,existing,729.4628674819385,394,117,590,546,existing,747.7757702316485,394,119,590,246,existing,1026.7242129084063,394,116,590,184,existing,963.3538966786131,394,128,590,461,existing,1066.7563263688564,394,122,590,185,existing,1202.5686234852483,394,121,590,185,existing,1202.5686234852483,394,118,590,154,existing,1436.499251944976,394,126,590,691,existing,1788.235660646783,394,33,590,247,allocated,1684.109242494027
395,395,82,591,647,allocated,277.7257246103668,395,82,591,556,allocated,566.2377514395359,395,82,591,656,allocated,164.53265872163018,395,33,591,247,allocated,445.3338782607444,395,127,591,174,existing,570.616202010247,395,118,591,154,existing,899.4519775755257,395,75,591,595,allocated,934.4404224002354,395,78,591,604,allocated,1052.0133909231818,395,121,591,185,existing,1133.3826060352535,395,120,591,635,existing,1129.061416170432,395,117,591,546,existing,1097.4698914974067,395,116,591,184,existing,1318.5740922561695,395,122,591,185,existing,1133.3826060352535
396,396,114,592,342,existing,804.809018290849,396,114,592,197,existing,168.86925743922106,396,114,592,587,allocated,123.6759951001047,396,119,592,246,existing,710.5016265717907,396,128,592,461,existing,750.5337400322409,396,120,592,635,existing,903.5261947138423,396,126,592,691,existing,854.7177816355463,396,125,592,619,existing,924.4764908192077,396,117,592,546,existing,935.1177193868677,396,116,592,184,existing,1024.8122923646526,396,124,592,619,existing,924.4764908192077,396,123,592,39,existing,1244.0512821884092,396,122,592,185,existing,1264.027019171288
397,397,108,594,331,existing,308.12997019528814,397,108,594,547,allocated,189.80123726853165,397,108,594,594,allocated,0.0,397,117,594,546,existing,444.5371626353227,397,120,594,635,existing,476.12868730834816,397,33,594,247,allocated,557.959865585697,397,122,594,185,existing,588.31034390409,397,119,594,246,existing,840.7395605513618,397,116,594,184,existing,665.6413633940855,397,118,594,154,existing,784.981195104983,397,121,594,185,existing,588.31034390409,397,127,594,174,existing,962.9007383386454,397,128,594,461,existing,880.7716740118119
398,398,107,596,699,existing,287.0934814655009,398,107,596,767,existing,451.3280343723573,398,107,596,494,allocated,17.65249164560476,398,120,596,635,existing,191.9932617164365,398,117,596,546,existing,210.30616446614653,398,116,596,184,existing,425.88429091311104,398,119,596,246,existing,556.6041349594501,398,122,596,185,existing,665.0990177197464,398,128,596,461,existing,596.6362484199003,398,121,596,185,existing,665.0990177197464,398,118,596,154,existing,899.029646179474,398,33,596,247,allocated,1166.4288504036076,398,127,596,174,existing,1414.4377726363302
399,399,107,597,699,existing,508.3670846037274,399,107,597,12,existing,605.4888960353438,399,107,597,469,allocated,215.15636368404594,399,120,597,635,existing,413.266864854663,399,117,597,546,existing,431.57976760437305,399,119,597,246,existing,777.8777380976767,399,116,597,184,existing,647.1578940513376,399,118,597,154,existing,1120.3032493177006,399,128,597,461,existing,817.9098515581268,399,121,597,185,existing,886.372620857973,399,122,597,185,existing,886.372620857973,399,33,597,247,allocated,1367.9132398667516,399,127,597,174,existing,1635.7113757745567
400,400,114,598,342,existing,800.0912835354666,400,114,598,197,existing,216.33937456661494,400,114,598,196,allocated,31.319003782329595,400,119,598,246,existing,494.3685320219457,400,128,598,461,existing,703.7862005231171,400,120,598,635,existing,858.9794052649593,400,117,598,546,existing,890.5709299379847,400,126,598,691,existing,908.213629399296,400,124,598,619,existing,977.9723385829573,400,125,598,619,existing,977.9723385829573,400,116,598,184,existing,980.2655029157696,400,122,598,185,existing,1219.480229722405,400,121,598,185,existing,1219.480229722405
401,401,112,599,691,existing,834.1179101587708,401,112,599,197,existing,415.11255199805805,401,112,599,340,allocated,52.706708875388586,401,119,599,246,existing,755.779717018048,401,124,599,619,existing,764.3592009751094,401,126,599,691,existing,834.1179101587708,401,125,599,619,existing,764.3592009751094,401,117,599,546,existing,1130.4623421921954,401,128,599,461,existing,945.8783628375684,401,116,599,184,existing,1220.15691516998,401,120,599,635,existing,1098.8708175191698,401,123,599,39,existing,1241.2003754536445,401,122,599,185,existing,1459.3716419766156
402,402,109,600,718,existing,740.727384086395,402,109,600,556,allocated,535.5923901580685,402,109,600,600,allocated,0.0,402,127,600,174,existing,178.95794073120734,402,118,600,154,existing,342.0807186132778,402,121,600,185,existing,576.0113470730055,402,122,600,185,existing,576.0113470730055,402,33,600,247,allocated,804.2801744154838,402,120,600,635,existing,1049.1171030763153,402,116,600,184,existing,815.2260738796408,402,117,600,546,existing,1036.3302746384034,402,119,600,246,existing,1277.0425572979238,402,128,600,461,existing,1067.6248887967522
403,403,1,602,12,allocated,478.00657700870715,403,1,602,12,existing,478.00657700870715,403,1,602,631,allocated,383.5894219102331,403,120,602,635,existing,1006.6318426505919,403,117,602,546,existing,1024.9447454003018,403,119,602,246,existing,1103.5293375291576,403,128,602,461,existing,1143.561450989608,403,116,602,184,existing,1240.5228718472663,403,125,602,619,existing,1413.2557248855055,403,124,602,619,existing,1413.2557248855055,403,126,602,691,existing,1343.497015701844,403,121,602,185,existing,1479.7375986539018,403,123,602,39,existing,1415.0268848275946
404,404,109,603,718,existing,444.1552873330869,404,109,603,547,allocated,677.6761234697931,404,109,603,153,allocated,146.58976116518238,404,118,603,154,existing,247.67090047039494,404,122,603,185,existing,279.43925031969746,404,121,603,185,existing,279.43925031969746,404,116,603,184,existing,518.6539771263328,404,128,603,461,existing,843.6873386078682,404,127,603,174,existing,763.0790269272509,404,117,603,546,existing,739.7581778850955,404,120,603,635,existing,752.5450063230073,404,119,603,246,existing,1004.5509480201567,404,33,603,247,allocated,1320.915570267296
405,405,115,604,604,existing,0.0,405,115,604,712,existing,280.16937562601197,405,115,604,604,allocated,0.0,405,78,604,604,allocated,0.0,405,75,604,595,allocated,117.57296852294634,405,33,604,247,allocated,1086.6478736775045,405,127,604,174,existing,1483.3221775841116,405,120,604,635,existing,1818.333684357711,405,117,604,546,existing,1786.7421596846855,405,118,604,154,existing,1852.3353900373618,405,121,604,185,existing,1930.5153409534528,405,122,604,185,existing,1930.5153409534528,405,116,604,184,existing,2007.8463604434482
406,406,115,605,604,existing,111.61809996130393,406,115,605,712,existing,168.55127566470804,406,115,605,604,allocated,111.61809996130393,406,78,605,604,allocated,111.61809996130393,406,75,605,595,allocated,229.19106848425025,406,33,605,247,allocated,1198.2659736388084,406,127,605,174,existing,1594.9402775454155,406,121,605,185,existing,2042.1334409147566,406,118,605,154,existing,1963.9534899986656,406,120,605,635,existing,1929.951784319015,406,117,605,546,existing,1898.3602596459893,406,122,605,185,existing,2042.1334409147566,406,116,605,184,existing,2119.464460404752
407,407,82,606,647,allocated,361.5685902528475,407,82,606,556,allocated,503.9478653303238,407,82,606,656,allocated,80.6897930791495,407,33,606,247,allocated,529.1767439032251,407,127,606,174,existing,645.2493371976652,407,75,606,595,allocated,1018.2832880427161,407,118,606,154,existing,977.7102198132991,407,121,606,185,existing,1211.6408482730267,407,122,606,185,existing,1211.6408482730267,407,78,606,604,allocated,1135.8562565656625,407,117,606,546,existing,1181.3127571398873,407,116,606,184,existing,1402.4169578986503,407,120,606,635,existing,1212.9042818129128
408,408,115,607,604,existing,531.2815613442049,408,115,607,712,existing,313.1598839657986,408,115,607,595,allocated,413.70859282125855,408,75,607,595,allocated,413.70859282125855,408,78,607,604,allocated,531.2815613442049,408,33,607,247,allocated,970.6014454754895,408,127,607,174,existing,1413.8470805457769,408,121,607,185,existing,1814.468912751438,408,120,607,635,existing,1702.287256155696,408,118,607,154,existing,1742.6828561110556,408,117,607,546,existing,1670.6957314826705,408,122,607,185,existing,1814.468912751438,408,116,607,184,existing,1891.7999322414332
409,409,1,608,12,allocated,341.8525344013227,409,1,608,12,existing,341.8525344013227,409,1,608,12,allocated,341.8525344013227,409,120,608,635,existing,870.4778000432075,409,117,608,546,existing,888.7907027929175,409,116,608,184,existing,1104.368829239882,409,119,608,246,existing,1223.8579635315925,409,121,608,185,existing,1343.5835560465175,409,128,608,461,existing,1263.8900769920429,409,126,608,691,existing,1463.825641704279,409,122,608,185,existing,1343.5835560465175,409,125,608,619,existing,1533.5843508879404,409,33,608,247,allocated,1530.167929327241
410,410,1,609,12,allocated,521.0406872893327,410,1,609,12,existing,521.0406872893327,410,1,609,12,allocated,521.0406872893327,410,120,609,635,existing,1049.6659529312174,410,117,609,546,existing,1067.9788556809276,410,116,609,184,existing,1283.556982127892,410,119,609,246,existing,1403.0461164196026,410,122,609,185,existing,1522.7717089345274,410,121,609,185,existing,1522.7717089345274,410,123,609,39,existing,1512.0795648144085,410,128,609,461,existing,1443.0782298800527,410,125,609,619,existing,1644.3784282532497,410,126,609,691,existing,1574.6197190695882
411,411,1,611,12,allocated,217.56713937500632,411,1,611,12,existing,217.56713937500632,411,1,611,12,allocated,217.56713937500632,411,117,611,546,existing,779.9108162352095,411,120,611,635,existing,796.902896776709,411,119,611,246,existing,1161.5137700197226,411,116,611,184,existing,1001.0150169939723,411,121,611,185,existing,1240.2297438006076,411,122,611,185,existing,1240.2297438006076,411,33,611,247,allocated,1405.945018781836,411,128,611,461,existing,1201.5458834801727,411,126,611,691,existing,1542.162838937558,411,118,611,154,existing,1474.1603722603352
412,412,113,612,343,existing,521.7633697452741,412,113,612,263,existing,556.1369332536765,412,113,612,631,allocated,217.63315971206396,412,119,612,246,existing,937.5730753309884,412,128,612,461,existing,977.6051887914386,412,117,612,546,existing,1129.1273932004842,412,120,612,635,existing,1102.0812800209644,412,126,612,691,existing,1177.5407535036748,412,116,612,184,existing,1223.3673776717746,412,124,612,619,existing,1247.2994626873362,412,125,612,619,existing,1247.2994626873362,412,122,612,185,existing,1462.5821044784102,412,123,612,39,existing,1299.0360160082503
413,413,1,613,12,allocated,335.07650763397,413,1,613,12,existing,335.07650763397,413,1,613,12,allocated,335.07650763397,413,117,613,546,existing,898.5852844706794,413,120,613,635,existing,915.5773650121789,413,116,613,184,existing,1119.6894852294422,413,119,613,246,existing,1280.1882382551926,413,122,613,185,existing,1358.9042120360775,413,128,613,461,existing,1320.2203517156427,413,33,613,247,allocated,1524.619487017306,413,121,613,185,existing,1358.9042120360775,413,126,613,691,existing,1660.837307173028,413,118,613,154,existing,1592.834840495805
414,414,112,619,691,existing,69.75870918366138,414,112,619,691,allocated,69.75870918366138,414,112,619,691,existing,69.75870918366138,414,125,619,619,existing,0.0,414,124,619,619,existing,0.0,414,126,619,691,existing,69.75870918366138,414,123,619,39,existing,476.84117447853504,414,119,619,246,existing,1337.9320571705593,414,120,619,635,existing,1530.956625312611,414,117,619,546,existing,1562.5481499856364,414,128,619,461,existing,1377.9641706310097,414,116,619,184,existing,1652.2427229634213,414,121,619,185,existing,1891.4574497700569
415,415,1,620,12,allocated,318.8784355048041,415,1,620,12,existing,318.8784355048041,415,1,620,12,allocated,318.8784355048041,415,120,620,635,existing,847.5037011466887,415,117,620,546,existing,865.8166038963988,415,119,620,246,existing,1200.883864635074,415,116,620,184,existing,1081.3947303433633,415,128,620,461,existing,1240.9159780955242,415,122,620,185,existing,1320.609457149999,415,126,620,691,existing,1440.8515428077603,415,121,620,185,existing,1320.609457149999,415,125,620,619,existing,1510.6102519914218,415,33,620,247,allocated,1507.1938304307223
416,416,1,621,12,allocated,246.29964642790924,416,1,621,12,existing,246.29964642790924,416,1,621,12,allocated,246.29964642790924,416,120,621,635,existing,774.924912069794,416,117,621,546,existing,793.237814819504,416,119,621,246,existing,1139.5357853128075,416,116,621,184,existing,1008.8159412664686,416,33,621,247,allocated,1434.6150413538273,416,128,621,461,existing,1179.5678987732576,416,121,621,185,existing,1248.030668073104,416,122,621,185,existing,1248.030668073104,416,118,621,154,existing,1481.9612965328315,416,126,621,691,existing,1513.430331884655
417,417,115,622,604,existing,658.2480842827775,417,115,622,201,existing,857.8232021295722,417,115,622,595,allocated,540.6751157598312,417,75,622,595,allocated,540.6751157598312,417,78,622,604,allocated,658.2480842827775,417,33,622,247,allocated,1509.7500209143896,417,127,622,174,existing,1906.4243248209964,417,117,622,546,existing,2209.84430692157,417,118,622,154,existing,2275.437537274247,417,120,622,635,existing,2241.4358315945956,417,122,622,185,existing,2353.6174881903376,417,116,622,184,existing,2430.948507680333,417,121,622,185,existing,2353.6174881903376
418,418,115,623,604,existing,718.428057485902,418,115,623,201,existing,918.0031753326966,418,115,623,595,allocated,600.8550889629556,418,75,623,595,allocated,600.8550889629556,418,78,623,604,allocated,718.428057485902,418,127,623,174,existing,1966.604298024121,418,33,623,247,allocated,1569.9299941175138,418,118,623,154,existing,2335.617510477371,418,120,623,635,existing,2301.6158047977206,418,122,623,185,existing,2413.797461393462,418,117,623,546,existing,2270.024280124695,418,116,623,184,existing,2491.1284808834575,418,121,623,185,existing,2413.797461393462
419,419,115,624,604,existing,167.98731990163787,419,115,624,712,existing,448.15669552764984,419,115,624,604,allocated,167.98731990163787,419,78,624,604,allocated,167.98731990163787,419,75,624,595,allocated,285.5602884245842,419,33,624,247,allocated,1254.6351935791424,419,127,624,174,existing,1651.3094974857495,419,118,624,154,existing,2020.3227099389997,419,117,624,546,existing,1954.7294795863234,419,122,624,185,existing,2098.5026608550907,419,120,624,635,existing,1986.321004259349,419,121,624,185,existing,2098.5026608550907,419,116,624,184,existing,2175.833680345086
420,420,115,625,604,existing,571.708094861307,420,115,625,201,existing,99.48774006817912,420,115,625,201,allocated,99.48774006817912,420,78,625,604,allocated,571.708094861307,420,75,625,595,allocated,689.2810633842533,420,127,625,174,existing,1632.0846096982639,420,33,625,247,allocated,1188.8389746279765,420,122,625,185,existing,2032.706441903925,420,120,625,635,existing,1920.524785308183,420,118,625,154,existing,1960.9203852635426,420,117,625,546,existing,1888.9332606351575,420,121,625,185,existing,2032.706441903925,420,116,625,184,existing,2110.0374613939202
421,421,82,626,647,allocated,969.130921669253,421,82,626,556,allocated,313.70083974268846,421,82,626,168,allocated,128.79490445109755,421,127,626,174,existing,309.44023778044436,421,118,626,154,existing,824.8483642373003,421,121,626,185,existing,1058.7789926970281,421,33,626,247,allocated,1053.849132012067,421,75,626,595,allocated,1209.2970931887205,421,78,626,604,allocated,1326.8700617116667,421,122,626,185,existing,1058.7789926970281,421,116,626,184,existing,1297.9937195036632,421,120,626,635,existing,1531.884748700338,421,117,626,546,existing,1519.097920262426
422,422,107,629,699,existing,563.6802162701222,422,107,629,12,existing,622.6646826017623,422,107,629,469,allocated,232.33215025046428,422,117,629,546,existing,451.5879159795584,422,120,629,635,existing,468.57999652105786,422,116,629,184,existing,672.6921167383213,422,119,629,246,existing,833.1908697640715,422,122,629,185,existing,911.9068435449566,422,118,629,154,existing,1145.837472004684,422,121,629,185,existing,911.9068435449566,422,128,629,461,existing,873.2229832245216,422,127,629,174,existing,1661.24559846154,422,33,629,247,allocated,1385.0890264331701
423,423,115,630,604,existing,973.58886750803,423,115,630,201,existing,949.0736720165086,423,115,630,539,allocated,895.4816504591217,423,78,630,604,allocated,973.58886750803,423,75,630,595,allocated,1085.1022638659542,423,127,630,174,existing,2450.851472927119,423,33,630,247,allocated,2054.1771690205123,423,117,630,546,existing,2754.2714550276933,423,122,630,185,existing,2898.044636296461,423,120,630,635,existing,2785.862979700719,423,118,630,154,existing,2819.86468538037,423,116,630,184,existing,2975.3756557864563,423,121,630,185,existing,2898.044636296461
424,424,113,632,343,existing,391.4482559363554,424,113,632,263,existing,425.8218194447578,424,113,632,631,allocated,87.31804590314525,424,119,632,246,existing,840.8403381748847,424,128,632,461,existing,880.8724516353349,424,117,632,546,existing,1036.9400675378859,424,120,632,635,existing,1005.3485428648605,424,116,632,184,existing,1126.634640515671,424,126,632,691,existing,1047.2256396947562,424,125,632,619,existing,1116.9843488784174,424,124,632,619,existing,1116.9843488784174,424,122,632,185,existing,1365.8493673223063,424,123,632,39,existing,1168.7209021993317
425,425,115,633,604,existing,754.9371255641285,425,115,633,201,existing,282.71677077100054,425,115,633,201,allocated,282.71677077100054,425,78,633,604,allocated,754.9371255641285,425,75,633,595,allocated,872.5100940870748,425,127,633,174,existing,1461.310385076899,425,33,633,247,allocated,1018.0647500066117,425,120,633,635,existing,1749.750560686818,425,122,633,185,existing,1861.93221728256,425,117,633,546,existing,1718.1590360137925,425,118,633,154,existing,1790.1461606421776,425,121,633,185,existing,1861.93221728256,425,116,633,184,existing,1939.2632367725555
426,426,107,636,699,existing,439.4415582149057,426,107,636,767,existing,62.577779846009136,426,107,636,141,allocated,238.7362220391133,426,120,636,635,existing,344.3413384658413,426,117,636,546,existing,373.36364124321085,426,128,636,461,existing,455.74626487737027,426,119,636,246,existing,415.7141514169201,426,121,636,185,existing,817.4470944691512,426,122,636,185,existing,817.4470944691512,426,118,636,154,existing,1051.377722928879,426,116,636,184,existing,578.2323676625159,426,126,636,691,existing,1429.375763091127,426,33,636,247,allocated,1329.486327180672
427,427,107,637,699,existing,459.98535673770965,427,107,637,767,existing,83.12157836881312,427,107,637,141,allocated,259.2800205619173,427,120,637,635,existing,364.8851369886453,427,117,637,546,existing,393.9074397660148,427,119,637,246,existing,436.2579499397241,427,128,637,461,existing,476.29006340017423,427,116,637,184,existing,598.7761661853199,427,121,637,185,existing,837.9908929919552,427,118,637,154,existing,1071.9215214516828,427,122,637,185,existing,837.9908929919552,427,126,637,691,existing,1449.919561613931,427,33,637,247,allocated,1350.0301257034762
428,428,114,638,342,existing,397.21004858274637,428,114,638,263,existing,626.5585628087488,428,114,638,638,allocated,0.0,428,119,638,246,existing,675.1436841179263,428,128,638,461,existing,715.1757975783764,428,120,638,635,existing,868.168252259978,428,126,638,691,existing,835.4715932670222,428,116,638,184,existing,989.4543499107883,428,124,638,619,existing,905.2303024506836,428,125,638,619,existing,905.2303024506836,428,117,638,546,existing,899.7597769330034,428,123,638,39,existing,1224.8050938198853,428,121,638,185,existing,1228.6690767174236
429,429,112,639,691,existing,245.83509384097667,429,112,639,691,allocated,245.83509384097667,429,112,639,691,allocated,245.83509384097667,429,126,639,691,existing,245.83509384097667,429,124,639,619,existing,315.5938030246381,429,125,639,619,existing,315.5938030246381,429,123,639,39,existing,651.9659908217867,429,117,639,546,existing,1738.6245346429519,429,120,639,635,existing,1707.0330099699263,429,119,639,246,existing,1514.0084418278748,429,128,639,461,existing,1554.0405552883249,429,116,639,184,existing,1828.3191076207365,429,121,639,185,existing,2067.533834427372
430,430,112,640,691,existing,380.62966379446283,430,112,640,691,allocated,380.62966379446283,430,112,640,691,existing,380.62966379446283,430,126,640,691,existing,380.62966379446283,430,124,640,619,existing,450.3883729781242,430,125,640,619,existing,450.3883729781242,430,123,640,39,existing,786.7605607752729,430,120,640,635,existing,1841.8275799234125,430,117,640,546,existing,1873.419104596438,430,128,640,461,existing,1688.835125241811,430,119,640,246,existing,1648.803011781361,430,116,640,184,existing,1963.1136775742227,430,121,640,185,existing,2202.328404380858
431,431,115,642,604,existing,493.51738573823,431,115,642,556,allocated,520.4010535605828,431,115,642,595,allocated,375.9444172152837,431,75,642,595,allocated,375.9444172152837,431,78,642,604,allocated,493.51738573823,431,33,642,247,allocated,1191.2200546863842,431,127,642,174,existing,990.554009175716,431,116,642,184,existing,1832.7125768953292,431,121,642,185,existing,1593.4978500886941,431,122,642,185,existing,1593.4978500886941,431,118,642,154,existing,1359.5672216289663,431,120,642,635,existing,1879.6920354902318,431,117,642,546,existing,1848.1005108172062
432,432,112,643,691,existing,641.131100927018,432,112,643,691,allocated,641.131100927018,432,112,643,691,allocated,641.131100927018,432,126,643,691,existing,641.131100927018,432,124,643,619,existing,710.8898101106793,432,123,643,39,existing,1047.2619979078281,432,125,643,619,existing,710.8898101106793,432,120,643,635,existing,1756.9811096598096,432,128,643,461,existing,1603.9886549782082,432,119,643,246,existing,1411.1331674338062,432,117,643,546,existing,1788.5726343328352,432,121,643,185,existing,2117.481934117255,432,116,643,184,existing,1878.2672073106198
433,433,82,646,647,allocated,172.319068306144,433,82,646,556,allocated,483.1110136204207,433,82,646,647,allocated,172.319068306144,433,33,646,247,allocated,522.7769425214587,433,127,646,174,existing,624.4124854877621,433,78,646,604,allocated,931.054751860148,433,75,646,595,allocated,813.4817833372017,433,118,646,154,existing,956.8733681033962,433,122,646,185,existing,1190.8039965631237,433,121,646,185,existing,1190.8039965631237,433,117,646,546,existing,1179.6573986522808,433,116,646,184,existing,1400.7615994110436,433,120,646,635,existing,1211.2489233253064
434,434,82,647,647,allocated,0.0,434,82,647,449,existing,647.9055431703531,434,82,647,647,allocated,0.0,434,33,647,247,allocated,350.4578742153148,434,75,647,595,allocated,665.3987727669206,434,127,647,174,existing,748.9233754102003,434,78,647,604,allocated,782.9717412898669,434,120,647,635,existing,1038.9298550191625,434,118,647,154,existing,1077.759150975479,434,117,647,546,existing,1007.3383303461368,434,122,647,185,existing,1151.1115116149044,434,116,647,184,existing,1228.4425311048994,434,121,647,185,existing,1151.1115116149044
435,435,115,648,604,existing,441.3593739381063,435,115,648,712,existing,721.5287495641182,435,115,648,595,allocated,323.78640541515995,435,75,648,595,allocated,323.78640541515995,435,78,648,604,allocated,441.3593739381063,435,33,648,247,allocated,1292.8613105697182,435,127,648,174,existing,1689.535614476325,435,117,648,546,existing,1992.955596576899,435,118,648,154,existing,2058.5488269295756,435,121,648,185,existing,2136.7287778456666,435,120,648,635,existing,2024.5471212499247,435,122,648,185,existing,2136.7287778456666,435,116,648,184,existing,2214.0597973356616
436,436,108,650,331,existing,570.6420728847006,436,108,650,547,allocated,415.32579618457225,436,108,650,650,allocated,0.0,436,117,650,546,existing,567.5272809578407,436,120,650,635,existing,584.5193614993402,436,116,650,184,existing,788.6314817166036,436,122,650,185,existing,813.8349028201307,436,128,650,461,existing,989.162348202804,436,119,650,246,existing,949.1302347423539,436,121,650,185,existing,813.8349028201307,436,118,650,154,existing,1047.4932977943954,436,33,650,247,allocated,1115.7393339133614,436,127,650,174,existing,1520.6802066663097
437,437,39,651,301,allocated,618.7728417550751,437,39,651,121,existing,401.110299043502,437,39,651,314,allocated,548.6340380493947,437,119,651,246,existing,735.2790883860623,437,128,651,461,existing,855.9581609280186,437,117,651,546,existing,1131.4814863021013,437,120,651,635,existing,1099.889961629076,437,116,651,184,existing,1155.584498688756,437,122,651,185,existing,1394.7992254953915,437,121,651,185,existing,1394.7992254953915,437,118,651,154,existing,1409.3686765670577,437,124,651,619,existing,1687.8629339287957,437,126,651,691,existing,1618.1042247451342
438,438,82,655,647,allocated,314.0777664196377,438,82,655,449,existing,603.9578789954153,438,82,655,491,allocated,247.3182384861624,438,33,655,247,allocated,309.56328524106004,438,127,655,174,existing,434.8456089905626,438,117,655,546,existing,961.6992984777223,438,118,655,154,existing,763.6813845558413,438,121,655,185,existing,997.612013015569,438,122,655,185,existing,997.612013015569,438,120,655,635,existing,993.2908231507478,438,75,655,595,allocated,977.4749312342831,438,78,655,604,allocated,1095.0478997572293,438,116,655,184,existing,1182.803499236485
439,439,82,656,647,allocated,442.25838333199704,439,82,656,556,allocated,424.70490547510406,439,82,656,656,allocated,0.0,439,127,656,174,existing,566.0063773424454,439,33,656,247,allocated,609.8665369823746,439,75,656,595,allocated,1098.9730811218656,439,118,656,154,existing,898.4672599580795,439,121,656,185,existing,1132.397888417807,439,122,656,185,existing,1132.397888417807,439,117,656,546,existing,1262.002550219037,439,78,656,604,allocated,1216.546049644812,439,120,656,635,existing,1293.5940748920623,439,116,656,184,existing,1371.6126152244424
440,440,39,657,301,allocated,406.2837553076697,440,39,657,227,existing,68.82595438917575,440,39,657,226,allocated,114.10994866597622,440,116,657,184,existing,358.7477989579636,440,118,657,154,existing,384.312079504313,440,117,657,546,existing,579.8519997167264,440,120,657,635,existing,592.6388281546382,440,119,657,246,existing,816.0408049009656,440,122,657,185,existing,597.9625257645989,440,121,657,185,existing,597.9625257645989,440,128,657,461,existing,606.623136399794,440,33,657,247,allocated,1457.5567493012143,440,127,657,174,existing,844.3492030704618
441,441,39,658,301,allocated,437.776942447985,441,39,658,227,existing,100.31914152949105,441,39,658,226,allocated,145.6031358062915,441,118,658,154,existing,352.8188923639977,441,116,658,184,existing,390.2409860982789,441,122,658,185,existing,586.7495208237253,441,121,658,185,existing,586.7495208237253,441,120,658,635,existing,624.1320152949535,441,128,658,461,existing,638.1163235401093,441,127,658,174,existing,812.8560159301466,441,117,658,546,existing,611.3451868570417,441,119,658,246,existing,847.5339920412808,441,33,658,247,allocated,1426.063562160899
442,442,1,659,12,allocated,495.33794708168733,442,1,659,12,existing,495.33794708168733,442,1,659,12,allocated,495.33794708168733,442,117,659,546,existing,1023.2893156829007,442,120,659,635,existing,1040.2813962244002,442,122,659,185,existing,1361.226326650239,442,116,659,184,existing,1244.3935164416635,442,33,659,247,allocated,1442.734630746992,442,128,659,461,existing,1444.924382927864,442,121,659,185,existing,1361.226326650239,442,119,659,246,existing,1404.8922694674138,442,126,659,691,existing,1819.8711621633274,442,118,659,154,existing,1557.8971778511318
443,443,114,660,342,existing,476.0379373181476,443,114,660,767,existing,518.2134943677327,443,114,660,281,allocated,32.32079797222734,443,119,660,246,existing,122.57155727522286,443,128,660,461,existing,331.98922577639433,443,117,660,546,existing,518.7739551912618,443,120,660,635,existing,487.1824305182364,443,116,660,184,existing,608.4685281690469,443,118,660,154,existing,1081.6138834354097,443,122,660,185,existing,847.6832549756822,443,121,660,185,existing,847.6832549756822,443,126,660,691,existing,1390.744905262121,443,124,660,619,existing,1460.5036144457822
444,444,39,661,301,allocated,472.67002050766376,444,39,661,335,existing,724.3196104067365,444,39,661,717,allocated,230.7983654097106,444,128,661,461,existing,419.7786551165887,444,119,661,246,existing,441.85326631741066,444,116,661,184,existing,744.812016598124,444,120,661,635,existing,806.4641395604242,444,122,661,185,existing,984.0267434047594,444,121,661,185,existing,984.0267434047594,444,118,661,154,existing,1206.3243610783995,444,117,661,546,existing,838.0556642334496,444,126,661,691,existing,1710.0266143043086,444,127,661,174,existing,1666.3614846445482
445,445,112,662,691,existing,311.9981845770966,445,112,662,691,allocated,311.9981845770966,445,112,662,711,allocated,308.93357801301596,445,123,662,39,existing,249.45803032191702,445,126,662,691,existing,311.9981845770966,445,124,662,619,existing,381.756893760758,445,125,662,619,existing,381.756893760758,445,117,662,546,existing,1751.435400440408,445,119,662,246,existing,1552.7013699612814,445,128,662,461,existing,1592.7334834217315,445,120,662,635,existing,1719.8438757673825,445,116,662,184,existing,1841.1299734181928,445,122,662,185,existing,2080.344700224828
446,446,39,664,301,allocated,559.75180844979,446,39,664,335,existing,307.3235698734314,446,39,664,335,allocated,307.3235698734314,446,118,664,154,existing,516.0141150418742,446,122,664,185,existing,749.9447435016018,446,121,664,185,existing,749.9447435016018,446,116,664,184,existing,856.1127030969391,446,117,664,546,existing,1077.216903855702,446,120,664,635,existing,1090.0037322936137,446,128,664,461,existing,1103.9880405387694,446,127,664,174,existing,976.051238608023,446,33,664,247,allocated,1589.2587848387755,446,119,664,246,existing,1313.405709039941
447,447,108,666,331,existing,374.93249510482997,447,108,666,547,allocated,256.60376217807345,447,108,666,594,allocated,66.8025249095418,447,33,666,247,allocated,491.1573406761552,447,117,666,546,existing,511.33968754486455,447,120,666,635,existing,542.93121221789,447,121,666,185,existing,655.1128688136318,447,118,666,154,existing,851.7837200145249,447,116,666,184,existing,732.4438883036273,447,122,666,185,existing,655.1128688136318,447,127,666,174,existing,896.0982134291036,447,119,666,246,existing,907.5420854609035,447,128,666,461,existing,947.5741989213537
448,448,108,667,331,existing,416.4264714280402,448,108,667,547,allocated,298.0977385012837,448,108,667,776,allocated,69.97385032244817,448,33,667,247,allocated,532.6513169993655,448,117,667,546,existing,552.8336638680747,448,121,667,185,existing,696.606845136842,448,120,667,635,existing,584.4251885411002,448,127,667,174,existing,937.5921897523137,448,122,667,185,existing,696.606845136842,448,118,667,154,existing,893.277696337735,448,116,667,184,existing,773.9378646268375,448,128,667,461,existing,989.0681752445639,448,119,667,246,existing,949.0360617841137
449,449,39,668,301,allocated,536.0231816028158,449,39,668,335,existing,283.59494302645726,449,39,668,335,allocated,283.59494302645726,449,118,668,154,existing,539.7427418888484,449,121,668,185,existing,773.673370348576,449,116,668,184,existing,848.0078423416425,449,122,668,185,existing,773.673370348576,449,127,668,174,existing,999.7798654549972,449,117,668,546,existing,1069.1120431004053,449,120,668,635,existing,1081.898871538317,449,128,668,461,existing,1095.8831797834728,449,33,668,247,allocated,1612.9874116857495,449,119,668,246,existing,1305.3008482846444
450,450,107,669,699,existing,149.90259934146457,450,107,669,227,existing,279.6471623220324,450,107,669,694,allocated,35.96561799305369,450,116,669,184,existing,66.88334179294941,450,120,669,635,existing,245.00281909052893,450,117,669,546,existing,267.1490932513879,450,128,669,461,existing,258.150019688586,450,121,669,185,existing,306.0980685995848,450,119,669,246,existing,467.56768818975746,450,118,669,154,existing,528.3956862732249,450,122,669,185,existing,306.0980685995848,450,127,669,174,existing,988.4328098393737,450,33,669,247,allocated,1268.406638419904
451,451,108,673,331,existing,280.1422740082448,451,108,673,547,allocated,161.81354108148835,451,108,673,547,allocated,161.81354108148835,451,117,673,546,existing,416.54946644827936,451,120,673,635,existing,448.14099112130486,451,121,673,185,existing,560.3226477170467,451,122,673,185,existing,560.3226477170467,451,119,673,246,existing,812.7518643643184,451,33,673,247,allocated,824.8620783865213,451,118,673,154,existing,756.9934989179396,451,116,673,184,existing,637.6536672070422,451,127,673,174,existing,1229.8029511394698,451,128,673,461,existing,852.7839778247686
452,452,1,674,12,allocated,495.9251752358963,452,1,674,12,existing,495.9251752358963,452,1,674,631,allocated,303.8972092850572,452,119,674,246,existing,1023.8371249039817,452,120,674,635,existing,1024.550440877781,452,117,674,546,existing,1042.863343627491,452,128,674,461,existing,1063.869238364432,452,124,674,619,existing,1333.5635122603296,452,126,674,691,existing,1263.8048030766681,452,116,674,184,existing,1258.4414700744555,452,125,674,619,existing,1333.5635122603296,452,121,674,185,existing,1497.656196881091,452,123,674,39,existing,1385.3000655812436
453,453,1,675,12,allocated,447.1197698097138,453,1,675,12,existing,447.1197698097138,453,1,675,631,allocated,352.70261471123973,453,120,675,635,existing,975.7450354515985,453,117,675,546,existing,994.0579382013085,453,128,675,461,existing,1112.6746437906145,453,119,675,246,existing,1072.6425303301642,453,126,675,691,existing,1312.6102085028506,453,116,675,184,existing,1209.6360646482728,453,124,675,619,existing,1382.368917686512,453,125,675,619,existing,1382.368917686512,453,123,675,39,existing,1434.105471007426,453,121,675,185,existing,1448.8507914549082
454,454,82,678,647,allocated,191.23501892810322,454,82,678,556,allocated,464.1950629984615,454,82,678,647,allocated,191.23501892810322,454,33,678,247,allocated,541.692893143418,454,127,678,174,existing,605.4965348658028,454,118,678,154,existing,937.9574174814368,454,75,678,595,allocated,832.397733959161,454,78,678,604,allocated,949.9707024821073,454,122,678,185,existing,1171.8880459411644,454,117,678,546,existing,1198.57334927424,454,121,678,185,existing,1171.8880459411644,454,116,678,184,existing,1411.1027727478,454,120,678,635,existing,1230.1648739472655
455,455,112,679,691,existing,526.7165124506716,455,112,679,618,existing,271.3593984571135,455,112,679,554,allocated,240.2018834780136,455,123,679,39,existing,464.17635819549207,455,126,679,691,existing,526.7165124506716,455,124,679,619,existing,596.4752216343331,455,125,679,619,existing,596.4752216343331,455,120,679,635,existing,1505.1255478938074,455,128,679,461,existing,1378.0151555481566,455,117,679,546,existing,1536.717072566833,455,119,679,246,existing,1337.9830420877065,455,116,679,184,existing,1626.4116455446176,455,121,679,185,existing,1865.626372351253
456,456,39,680,301,allocated,466.5740840373958,456,39,680,227,existing,129.11628311890183,456,39,680,155,allocated,155.36457167897387,456,118,680,154,existing,324.0217507745869,456,116,680,184,existing,406.91117323682784,456,122,680,185,existing,557.9523792343145,456,121,680,185,existing,557.9523792343145,456,117,680,546,existing,628.0153739955905,456,127,680,174,existing,784.0588743407358,456,128,680,461,existing,654.7865106786583,456,120,680,635,existing,640.8022024335023,456,33,680,247,allocated,1397.2664205714882,456,119,680,246,existing,864.2041791798297
457,457,39,681,301,allocated,503.08904913415654,457,39,681,121,existing,516.7940916644205,457,39,681,301,allocated,503.08904913415654,457,119,681,246,existing,619.5952957651438,457,128,681,461,existing,740.2743683071001,457,117,681,546,existing,1015.7976936811829,457,120,681,635,existing,984.2061690081573,457,116,681,184,existing,1039.9007060678373,457,121,681,185,existing,1279.1154328744728,457,118,681,154,existing,1293.6848839461393,457,122,681,185,existing,1279.1154328744728,457,126,681,691,existing,1733.7880173660528,457,127,681,174,existing,1753.7220075122882
458,458,115,683,604,existing,1244.968269301579,458,115,683,201,existing,1220.4530738100575,458,115,683,539,allocated,1166.8610522526708,458,78,683,604,allocated,1244.968269301579,458,75,683,595,allocated,1299.6526850659905,458,127,683,174,existing,2665.4018941271556,458,33,683,247,allocated,2268.727590220549,458,122,683,185,existing,3112.595057496497,458,118,683,154,existing,3034.415106580406,458,120,683,635,existing,3000.413400900755,458,117,683,546,existing,2968.8218762277293,458,121,683,185,existing,3112.595057496497,458,116,683,184,existing,3189.9260769864923
459,459,82,684,647,allocated,1022.591901839456,459,82,684,556,allocated,367.1618199128914,459,82,684,171,allocated,92.63158381411327,459,127,684,174,existing,362.9012179506473,459,118,684,154,existing,878.3093444075034,459,33,684,247,allocated,1107.3101121822701,459,121,684,185,existing,1112.239972867231,459,116,684,184,existing,1351.4546996738663,459,78,684,604,allocated,1380.3310418818696,459,75,684,595,allocated,1262.7580733589234,459,122,684,185,existing,1112.239972867231,459,117,684,546,existing,1572.558900432629,459,120,684,635,existing,1585.3457288705408
460,460,39,686,301,allocated,100.87811563920968,460,39,686,335,existing,354.42853877059974,460,39,686,301,allocated,100.87811563920968,460,128,686,461,existing,563.7932293306045,460,116,686,184,existing,637.6897725728905,460,119,686,246,existing,773.210897831776,460,120,686,635,existing,838.411486917833,460,121,686,185,existing,876.9044993795259,460,118,686,154,existing,891.4739504511924,460,117,686,546,existing,858.7939733316533,460,122,686,185,existing,876.9044993795259,460,33,686,247,allocated,1860.0515185001695,460,127,686,174,existing,1351.5110740173413
461,461,112,687,691,existing,484.89510332689076,461,112,687,691,allocated,484.89510332689076,461,112,687,711,allocated,481.8304967628101,461,123,687,39,existing,103.25693345748076,461,126,687,691,existing,484.89510332689076,461,125,687,619,existing,554.6538125105521,461,124,687,619,existing,554.6538125105521,461,120,687,635,existing,1892.7407945171767,461,119,687,246,existing,1725.5982887110756,461,128,687,461,existing,1765.6304021715257,461,117,687,546,existing,1924.3323191902023,461,122,687,185,existing,2253.2416189746223,461,116,687,184,existing,2014.026892167987
462,462,82,688,647,allocated,736.1423834817226,462,82,688,556,allocated,80.71230155515794,462,82,688,556,allocated,80.71230155515794,462,127,688,174,existing,550.8652571702911,462,75,688,595,allocated,814.8839518908741,462,78,688,604,allocated,932.4569204138204,462,118,688,154,existing,919.8784696235416,462,116,688,184,existing,1393.0238248899045,462,122,688,185,existing,1153.8090980832692,462,33,688,247,allocated,1086.6002576970373,462,121,688,185,existing,1153.8090980832692,462,117,688,546,existing,1614.128025648667,462,120,688,635,existing,1626.914854086579
463,463,112,689,691,existing,529.7124193144316,463,112,689,691,allocated,529.7124193144316,463,112,689,711,allocated,526.647812750351,463,123,689,39,existing,148.07424944502162,463,126,689,691,existing,529.7124193144316,463,125,689,619,existing,599.4711284980931,463,124,689,619,existing,599.4711284980931,463,128,689,461,existing,1810.4477181590667,463,120,689,635,existing,1937.5581105047177,463,117,689,546,existing,1969.1496351777432,463,119,689,246,existing,1770.4156046986166,463,122,689,185,existing,2298.058934962163,463,116,689,184,existing,2058.844208155528
464,464,115,690,604,existing,800.1598409947949,464,115,690,201,existing,775.6446455032734,464,115,690,201,allocated,775.6446455032734,464,78,690,604,allocated,800.1598409947949,464,75,690,595,allocated,911.6732373527191,464,127,690,174,existing,2277.4224464138842,464,33,690,247,allocated,1880.7481425072774,464,118,690,154,existing,2646.435658867135,464,117,690,546,existing,2580.8424285144583,464,122,690,185,existing,2724.6156097832254,464,120,690,635,existing,2612.433953187484,464,121,690,185,existing,2724.6156097832254,464,116,690,184,existing,2801.946629273221
465,465,113,692,343,existing,651.5954897728825,465,113,692,618,existing,213.27771609659118,465,113,692,618,allocated,213.27771609659118,465,123,692,39,existing,948.8134727491968,465,126,692,691,existing,1011.3536270043763,465,124,692,619,existing,1081.1123361880377,465,125,692,619,existing,1081.1123361880377,465,120,692,635,existing,1265.4957767013875,465,128,692,461,existing,1141.019685471862,465,119,692,246,existing,1100.9875720114119,465,117,692,546,existing,1297.087301374413,465,116,692,184,existing,1386.781874352198,465,122,692,185,existing,1625.9966011588335
466,466,110,695,239,existing,607.7545703998608,466,110,695,263,existing,17.413447581638145,466,110,695,263,allocated,17.413447581638145,466,126,695,691,existing,638.8172678316365,466,124,695,619,existing,708.5759770152979,466,125,695,619,existing,708.5759770152979,466,123,695,39,existing,760.3125303362119,466,117,695,546,existing,1245.7204360919036,466,119,695,246,existing,1047.7179216005434,466,128,695,461,existing,1087.7500350609935,466,120,695,635,existing,1214.128911418878,466,116,695,184,existing,1335.4150090696883,466,122,695,185,existing,1574.6297358763236
467,467,115,697,604,existing,134.34904919973255,467,115,697,712,existing,414.51842482574455,467,115,697,595,allocated,16.7760806767862,467,75,697,595,allocated,16.7760806767862,467,78,697,604,allocated,134.34904919973255,467,33,697,247,allocated,985.8509858313445,467,127,697,174,existing,1382.5252897379514,467,117,697,546,existing,1685.9452718385255,467,122,697,185,existing,1829.7184531072928,467,120,697,635,existing,1717.536796511551,467,118,697,154,existing,1751.5385021912018,467,116,697,184,existing,1907.049472597288,467,121,697,185,existing,1829.7184531072928
468,468,39,698,301,allocated,275.4840702089234,468,39,698,335,existing,23.055831632564807,468,39,698,335,allocated,23.055831632564807,468,116,698,184,existing,602.8877296267638,468,118,698,154,existing,631.5500402485355,468,120,698,635,existing,836.7787588234382,468,117,698,546,existing,823.9919303855264,468,128,698,461,existing,850.7630670685942,468,121,698,185,existing,842.1024564333991,468,122,698,185,existing,842.1024564333991,468,119,698,246,existing,1060.1807355697656,468,127,698,174,existing,1091.5871638146843,468,33,698,247,allocated,1704.7947100454367
469,469,107,701,699,existing,545.4938293781731,469,107,701,12,existing,564.0764265226065,469,107,701,469,allocated,214.14576335851524,469,117,701,546,existing,433.40152908760933,469,120,701,635,existing,450.3936096291088,469,116,701,184,existing,654.5057298463721,469,119,701,246,existing,815.0044828721225,469,121,701,185,existing,893.7204566530074,469,128,701,461,existing,855.0365963325726,469,122,701,185,existing,893.7204566530074,469,118,701,154,existing,1127.651085112735,469,33,701,247,allocated,1366.9026395412207,469,127,701,174,existing,1643.059211569591
470,470,82,706,647,allocated,178.2693296964677,470,82,706,449,existing,469.63621347388533,470,82,706,491,allocated,114.68794065810921,470,33,706,247,allocated,172.1885445188471,470,127,706,174,existing,572.2203497127755,470,75,706,595,allocated,840.1001905120701,470,117,706,546,existing,829.0690006496691,470,122,706,185,existing,972.8421819184365,470,78,706,604,allocated,957.6731590350164,470,120,706,635,existing,860.6605253226946,470,118,706,154,existing,901.0561252780542,470,121,706,185,existing,972.8421819184365,470,116,706,184,existing,1050.1732014084319
471,471,1,708,12,allocated,262.8485624241893,471,1,708,12,existing,262.8485624241893,471,1,708,12,allocated,262.8485624241893,471,120,708,635,existing,757.1440042879958,471,117,708,546,existing,775.4569070377058,471,119,708,246,existing,1121.7548775310095,471,116,708,184,existing,991.0350334846704,471,128,708,461,existing,1161.7869909914596,471,33,708,247,allocated,1416.8341335720293,471,121,708,185,existing,1230.2497602913058,471,122,708,185,existing,1230.2497602913058,471,118,708,154,existing,1464.1803887510332,471,126,708,691,existing,1531.2112396664534
472,472,115,709,604,existing,845.1402154039001,472,115,709,201,existing,820.6250199123787,472,115,709,539,allocated,731.9608752995542,472,78,709,604,allocated,845.1402154039001,472,75,709,595,allocated,956.6536117618243,472,33,709,247,allocated,1925.7285169163824,472,127,709,174,existing,2322.4028208229893,472,118,709,154,existing,2691.41603327624,472,122,709,185,existing,2769.595984192331,472,117,709,546,existing,2625.8228029235634,472,120,709,635,existing,2657.414327596589,472,121,709,185,existing,2769.595984192331,472,116,709,184,existing,2846.9270036823264
473,473,115,712,604,existing,280.16937562601197,473,115,712,712,existing,0.0,473,115,712,201,allocated,280.0125831889443,473,78,712,604,allocated,280.16937562601197,473,75,712,595,allocated,397.7423441489583,473,127,712,174,existing,1506.4561700476174,473,33,712,247,allocated,1063.21053497733,473,118,712,154,existing,1835.2919456128961,473,121,712,185,existing,1907.0780022532786,473,120,712,635,existing,1794.8963456575366,473,117,712,546,existing,1763.304820984511,473,116,712,184,existing,1984.4090217432738,473,122,712,185,existing,1907.0780022532786
474,474,112,715,691,existing,225.22908996145958,474,112,715,691,allocated,225.22908996145958,474,112,715,691,allocated,225.22908996145958,474,126,715,691,existing,225.22908996145958,474,125,715,619,existing,294.98779914512096,474,123,715,39,existing,631.3599869422696,474,124,715,619,existing,294.98779914512096,474,128,715,461,existing,1533.4345514088077,474,117,715,546,existing,1718.0185307634347,474,119,715,246,existing,1493.4024379483576,474,120,715,635,existing,1686.4270060904091,474,122,715,185,existing,2046.9278305478547,474,116,715,184,existing,1807.7131037412194
475,475,115,716,604,existing,581.1127070887316,475,115,716,556,allocated,775.2867476456313,475,115,716,595,allocated,463.5397385657852,475,75,716,595,allocated,463.5397385657852,475,78,716,604,allocated,581.1127070887316,475,127,716,174,existing,1245.4397032607644,475,33,716,247,allocated,1430.3545616509243,475,121,716,185,existing,1848.3835441737424,475,122,716,185,existing,1848.3835441737424,475,117,716,546,existing,2087.235017781746,475,118,716,154,existing,1614.4529157140148,475,120,716,635,existing,2118.8265424547717,475,116,716,184,existing,2087.598270980378
476,476,39,717,301,allocated,255.69751449911837,476,39,717,335,existing,509.2479376305085,476,39,717,717,allocated,0.0,476,128,717,461,existing,420.4667182101928,476,119,717,246,existing,629.8843867113643,476,120,717,635,existing,825.1097049136565,476,116,717,184,existing,745.5000796917282,476,122,717,185,existing,984.7148064983635,476,118,717,154,existing,1046.293349311101,476,121,717,185,existing,984.7148064983635,476,117,717,546,existing,856.701229586682,476,126,717,691,existing,1728.6721796575412,476,127,717,174,existing,1506.33047287725
477,477,109,718,718,existing,0.0,477,109,718,547,allocated,233.52083613670612,477,109,718,718,allocated,0.0,477,122,718,185,existing,236.01540708236968,477,121,718,185,existing,236.01540708236968,477,116,718,184,existing,475.23013388900506,477,118,718,154,existing,398.6466654731171,477,119,718,246,existing,884.4591594195363,477,117,718,546,existing,488.25676150349716,477,120,718,635,existing,519.8482861765226,477,128,718,461,existing,800.2634953705403,477,127,718,174,existing,914.0547919299731,477,33,718,247,allocated,943.0549121650595
478,478,109,719,718,existing,31.598628392487637,478,109,719,547,allocated,265.11946452919375,478,109,719,718,allocated,31.598628392487637,478,121,719,185,existing,267.6140354748573,478,122,719,185,existing,267.6140354748573,478,118,719,154,existing,430.2452938656047,478,116,719,184,existing,506.8287622814927,478,120,719,635,existing,551.4469145690102,478,128,719,461,existing,831.862123763028,478,119,719,246,existing,916.0577878120239,478,117,719,546,existing,519.8553898959848,478,127,719,174,existing,945.6534203224608,478,33,719,247,allocated,974.6535405575471
479,479,109,720,718,existing,73.13258590971407,479,109,720,547,allocated,306.6534220464202,479,109,720,718,allocated,73.13258590971407,479,122,720,185,existing,309.14799299208374,479,121,720,185,existing,309.14799299208374,479,118,720,154,existing,471.77925138283115,479,116,720,184,existing,548.3627197987191,479,128,720,461,existing,873.3960812802544,479,120,720,635,existing,592.9808720862367,479,119,720,246,existing,957.5917453292503,479,117,720,546,existing,561.3893474132112,479,127,720,174,existing,987.1873778396873,479,33,720,247,allocated,1016.1874980747735
480,480,82,721,647,allocated,585.8592210986152,480,82,721,449,existing,246.42945221206554,480,82,721,722,allocated,31.600196101641462,480,33,721,247,allocated,235.40134688330045,480,127,721,174,existing,979.5583044307105,480,75,721,595,allocated,1204.4762520378586,480,117,721,546,existing,1227.6617094961493,480,118,721,154,existing,1304.6628209695173,480,121,721,185,existing,1371.4348907649166,480,78,721,604,allocated,1322.049220560805,480,120,721,635,existing,1259.2532341691747,480,116,721,184,existing,1448.765910254912,480,122,721,185,existing,1371.4348907649166
481,481,82,722,647,allocated,617.4594172002567,481,82,722,449,existing,278.029648313707,481,82,722,722,allocated,0.0,481,33,722,247,allocated,267.0015429849419,481,127,722,174,existing,1011.1585005323519,481,117,722,546,existing,1259.2619055977907,481,75,722,595,allocated,1236.0764481395,481,120,722,635,existing,1290.853430270816,481,121,722,185,existing,1403.035086866558,481,118,722,154,existing,1336.2630170711589,481,78,722,604,allocated,1353.6494166624464,481,116,722,184,existing,1480.3661063565532,481,122,722,185,existing,1403.035086866558
482,482,82,723,647,allocated,638.740263153773,482,82,723,449,existing,299.31049426722325,482,82,723,723,allocated,0.0,482,33,723,247,allocated,288.28238893845815,482,127,723,174,existing,1032.439346485868,482,75,723,595,allocated,1257.3572940930164,482,117,723,546,existing,1280.542751551307,482,78,723,604,allocated,1374.9302626159629,482,122,723,185,existing,1424.3159328200743,482,120,723,635,existing,1312.1342762243326,482,118,723,154,existing,1357.543863024675,482,121,723,185,existing,1424.3159328200743,482,116,723,184,existing,1501.6469523100695
483,483,113,725,343,existing,322.153503560325,483,113,725,263,existing,555.2469564542566,483,113,725,549,allocated,210.51366115744227,483,119,725,246,existing,771.5455857988543,483,128,725,461,existing,811.5776992593044,483,125,725,619,existing,882.4881168530173,483,126,725,691,existing,812.7294076693559,483,117,725,546,existing,967.6453151618557,483,120,725,635,existing,936.0537904888301,483,124,725,619,existing,882.4881168530173,483,116,725,184,existing,1057.3398881396406,483,121,725,185,existing,1296.554614946276,483,123,725,39,existing,1153.4934874653932
484,484,113,726,343,existing,99.60665997480973,484,113,726,263,existing,580.1602581932174,484,113,726,726,allocated,0.0,484,119,726,246,existing,548.998742213339,484,128,726,461,existing,589.0308556737891,484,120,726,635,existing,713.5069469033149,484,117,726,546,existing,745.0984715763403,484,116,726,184,existing,834.7930445541252,484,126,726,691,existing,837.6427094083166,484,124,726,619,existing,907.401418591978,484,125,726,619,existing,907.401418591978,484,121,726,185,existing,1074.0077713607607,484,122,726,185,existing,1074.0077713607607
485,485,113,727,343,existing,148.70881455230028,485,113,727,263,existing,668.5612608288129,485,113,727,726,allocated,248.31547452711,485,119,727,246,existing,598.1008967908296,485,128,727,461,existing,638.1330102512798,485,117,727,546,existing,794.2006261538309,485,120,727,635,existing,762.6091014808054,485,126,727,691,existing,1085.9581839354266,485,121,727,185,existing,1123.1099259382513,485,122,727,185,existing,1123.1099259382513,485,116,727,184,existing,883.8951991316159,485,125,727,619,existing,1155.7168931190881,485,124,727,619,existing,1155.7168931190881
486,486,114,731,342,existing,724.2868091202149,486,114,731,121,existing,765.5689583522742,486,114,731,281,allocated,353.8945954098972,486,119,731,246,existing,370.82042907729004,486,128,731,461,existing,580.2380975784614,486,117,731,546,existing,767.0228269933291,486,120,731,635,existing,735.4313023203036,486,121,731,185,existing,1095.9321267777493,486,118,731,154,existing,1329.862755237477,486,122,731,185,existing,1095.9321267777493,486,116,731,184,existing,856.717399971114,486,126,731,691,existing,1638.9937770641882,486,124,731,619,existing,1708.7524862478494
487,487,39,732,301,allocated,421.1102421634676,487,39,732,335,existing,674.6606652948576,487,39,732,717,allocated,176.90561540384627,487,128,732,461,existing,243.56110280634655,487,119,732,246,existing,452.97877130751806,487,116,732,184,existing,568.5944642878819,487,120,732,635,existing,648.2040895098103,487,118,732,154,existing,1030.1068087681574,487,121,732,185,existing,807.8091910945172,487,122,732,185,existing,807.8091910945172,487,117,732,546,existing,679.7956141828357,487,126,732,691,existing,1551.766564253695,487,127,732,174,existing,1490.143932334306
488,488,112,733,691,existing,706.3511400303038,488,112,733,691,allocated,706.3511400303038,488,112,733,340,allocated,406.69570742256315,488,125,733,619,existing,636.5924308466424,488,124,733,619,existing,636.5924308466424,488,123,733,39,existing,1113.4336053251773,488,126,733,691,existing,706.3511400303038,488,117,733,546,existing,1534.5721263205783,488,119,733,246,existing,1157.1326594215493,488,128,733,461,existing,1349.988146965951,488,120,733,635,existing,1502.9806016475527,488,116,733,184,existing,1624.266699298363,488,122,733,185,existing,1863.4814261049983
489,489,112,734,691,existing,860.3623815827393,489,112,734,691,allocated,860.3623815827393,489,112,734,340,allocated,560.7069489749987,489,125,734,619,existing,790.6036723990779,489,124,734,619,existing,790.6036723990779,489,123,734,39,existing,1267.444846877613,489,126,734,691,existing,860.3623815827393,489,117,734,546,existing,1688.583367873014,489,128,734,461,existing,1503.9993885183867,489,120,734,635,existing,1656.9918431999884,489,119,734,246,existing,1311.143900973985,489,121,734,185,existing,2017.492667657434,489,116,734,184,existing,1778.2779408507986
490,490,110,736,239,existing,759.3626683825439,490,110,736,197,existing,104.57684161799446,490,110,736,587,allocated,151.13562632860015,490,119,736,246,existing,776.6409001011258,490,126,736,691,existing,790.4253658143197,490,124,736,619,existing,860.184074997981,490,125,736,619,existing,860.184074997981,490,128,736,461,existing,898.342103784721,490,117,736,546,existing,1082.9260831393478,490,116,736,184,existing,1172.6206561171327,490,120,736,635,existing,1051.3345584663225,490,122,736,185,existing,1411.8353829237683,490,123,736,39,existing,1179.7588663671827
491,491,110,737,239,existing,798.6996400539181,491,110,737,197,existing,143.91381328936862,491,110,737,587,allocated,98.72055095025226,491,119,737,246,existing,735.4570707216432,491,128,737,461,existing,775.4891841820934,491,125,737,619,existing,899.5210466693552,491,126,737,691,existing,829.7623374856938,491,124,737,619,existing,899.5210466693552,491,120,737,635,existing,928.4816388636948,491,117,737,546,existing,960.0731635367202,491,116,737,184,existing,1049.767736514505,491,122,737,185,existing,1288.9824633211406,491,123,737,39,existing,1219.0958380385568
492,492,1,738,12,allocated,558.7472906807097,492,1,738,12,existing,558.7472906807097,492,1,738,12,allocated,558.7472906807097,492,120,738,635,existing,1087.3725563225944,492,117,738,546,existing,1105.6854590723044,492,116,738,184,existing,1321.2635855192689,492,119,738,246,existing,1451.983429565608,492,122,738,185,existing,1560.4783123259044,492,123,738,39,existing,1486.3307217494767,492,128,738,461,existing,1492.0155430260581,492,126,738,691,existing,1548.870876004656,492,121,738,185,existing,1560.4783123259044,492,125,738,619,existing,1618.6295851883176
493,493,1,739,12,allocated,666.1353508720097,493,1,739,12,existing,666.1353508720097,493,1,739,12,allocated,666.1353508720097,493,120,739,635,existing,1194.7606165138943,493,117,739,546,existing,1213.0735192636043,493,116,739,184,existing,1428.6516457105688,493,123,739,39,existing,1464.954076190742,493,126,739,691,existing,1527.4942304459214,493,124,739,619,existing,1597.2529396295827,493,125,739,619,existing,1597.2529396295827,493,119,739,246,existing,1559.371489756908,493,128,739,461,existing,1599.403603217358,493,121,739,185,existing,1667.8663725172044
494,494,1,740,12,allocated,575.4927532434251,494,1,740,12,existing,575.4927532434251,494,1,740,12,allocated,575.4927532434251,494,33,740,247,allocated,872.4280020654496,494,117,740,546,existing,1572.9707088536409,494,120,740,635,existing,1589.9627893951404,494,127,740,174,existing,1583.2766525796012,494,116,740,184,existing,1794.0749096124036,494,118,740,154,existing,1908.381169118408,494,119,740,246,existing,1954.573662638154,494,75,740,595,allocated,1841.5029072200077,494,122,740,185,existing,1955.2016148820892,494,121,740,185,existing,1955.2016148820892
495,495,112,741,691,existing,273.5142269844582,495,112,741,691,allocated,273.5142269844582,495,112,741,691,allocated,273.5142269844582,495,124,741,619,existing,203.75551780079687,495,125,741,619,existing,203.75551780079687,495,123,741,39,existing,680.5966922793318,495,126,741,691,existing,273.5142269844582,495,117,741,546,existing,1719.9712295884096,495,119,741,246,existing,1342.531762689381,495,128,741,461,existing,1535.3872502337827,495,120,741,635,existing,1688.379704915384,495,116,741,184,existing,1809.6658025661943,495,122,741,185,existing,2048.8805293728296
496,496,115,742,604,existing,233.74829918980808,496,115,742,201,existing,249.83224586903705,496,115,742,604,allocated,233.74829918980808,496,78,742,604,allocated,233.74829918980808,496,75,742,595,allocated,351.32126771275443,496,127,742,174,existing,1717.0704767739194,496,33,742,247,allocated,1320.3961728673125,496,117,742,546,existing,2020.4904588744935,496,122,742,185,existing,2164.263640143261,496,120,742,635,existing,2052.081983547519,496,118,742,154,existing,2086.08368922717,496,121,742,185,existing,2164.263640143261,496,116,742,184,existing,2241.594659633256
497,497,115,743,604,existing,893.2713899607098,497,115,743,201,existing,1032.3867783607748,497,115,743,595,allocated,775.6984214377635,497,75,743,595,allocated,775.6984214377635,497,78,743,604,allocated,893.2713899607098,497,127,743,174,existing,2141.4476304989284,497,33,743,247,allocated,1744.7733265923216,497,120,743,635,existing,2476.459137272528,497,122,743,185,existing,2588.64079386827,497,118,743,154,existing,2510.460842952179,497,117,743,546,existing,2444.8676125995025,497,116,743,184,existing,2665.9718133582655,497,121,743,185,existing,2588.64079386827
498,498,115,744,604,existing,815.346179844636,498,115,744,201,existing,519.6403295831244,498,115,744,748,allocated,105.48648355154063,498,33,744,247,allocated,781.1411911944879,498,75,744,595,allocated,789.9417288713136,498,127,744,174,existing,1224.3868262647752,498,78,744,604,allocated,815.346179844636,498,120,744,635,existing,1512.8270018746944,498,121,744,185,existing,1625.008658470436,498,118,744,154,existing,1553.222601830054,498,117,744,546,existing,1481.2354772016688,498,122,744,185,existing,1625.008658470436,498,116,744,184,existing,1702.3396779604316
499,499,114,745,342,existing,526.9684617157264,499,114,745,12,existing,753.5577032456796,499,114,745,469,allocated,417.15405902072524,499,120,745,635,existing,615.2645601913423,499,117,745,546,existing,633.5774629410523,499,128,745,461,existing,771.3998172547242,499,119,745,246,existing,731.3677037942741,499,116,745,184,existing,849.1555893880169,499,118,745,154,existing,1322.3009446543797,499,122,745,185,existing,1088.3703161946523,499,121,745,185,existing,1088.3703161946523,499,126,745,691,existing,1492.8791515326507,499,125,745,619,existing,1562.6378607163122
500,500,1,746,12,allocated,505.64440520329293,500,1,746,12,existing,505.64440520329293,500,1,746,12,allocated,505.64440520329293,500,117,746,546,existing,1033.5957738045063,500,120,746,635,existing,1050.5878543460058,500,116,746,184,existing,1254.699974563269,500,33,746,247,allocated,1280.0230990225373,500,122,746,185,existing,1361.5876646261913,500,128,746,461,existing,1455.2308410494695,500,119,746,246,existing,1415.1987275890194,500,121,746,185,existing,1361.5876646261913,500,118,746,154,existing,1558.2585158270842,500,126,746,691,existing,1830.177620284933
501,501,114,747,342,existing,492.7722624835371,501,114,747,767,existing,534.9478195331221,501,114,747,281,allocated,49.055123137616754,501,119,747,246,existing,139.30588244061227,501,128,747,461,existing,348.72355094178374,501,117,747,546,existing,535.5082803566513,501,120,747,635,existing,503.91675568362587,501,118,747,154,existing,1098.3482086007994,501,121,747,185,existing,864.4175801410717,501,122,747,185,existing,864.4175801410717,501,116,747,184,existing,625.2028533344363,501,126,747,691,existing,1407.4792304275104,501,125,747,619,existing,1477.237939611172
502,502,82,748,647,allocated,724.9493226969267,502,82,748,201,existing,625.1268131346651,502,82,748,748,allocated,0.0,502,33,748,247,allocated,675.6547076429472,502,75,748,595,allocated,688.4207093687098,502,127,748,174,existing,1118.9003427132345,502,78,748,604,allocated,805.9936778916561,502,120,748,635,existing,1407.3405183231537,502,118,748,154,existing,1447.7361182785132,502,121,748,185,existing,1519.5221749188954,502,117,748,546,existing,1375.748993650128,502,122,748,185,existing,1519.5221749188954,502,116,748,184,existing,1596.8531944088909
503,503,108,749,331,existing,814.3873308600769,503,108,749,547,allocated,696.0585979333204,503,108,749,469,allocated,503.8670550088202,503,117,749,546,existing,723.1228207379143,503,120,749,635,existing,740.1149012794137,503,116,749,184,existing,944.227021496677,503,122,749,185,existing,1094.5677045688788,503,121,749,185,existing,1094.5677045688788,503,119,749,246,existing,1104.7257745224274,503,128,749,461,existing,1144.7578879828775,503,33,749,247,allocated,1176.076008665632,503,127,749,174,existing,1581.0168814185802,503,118,749,154,existing,1291.2385557697717
504,504,112,751,691,existing,324.8738831127826,504,112,751,691,allocated,324.8738831127826,504,112,751,691,allocated,324.8738831127826,504,126,751,691,existing,324.8738831127826,504,124,751,619,existing,394.632592296444,504,123,751,39,existing,731.0047800935927,504,125,751,619,existing,394.632592296444,504,120,751,635,existing,1786.0717992417322,504,117,751,546,existing,1817.6633239147577,504,128,751,461,existing,1633.0793445601307,504,119,751,246,existing,1593.0472310996806,504,121,751,185,existing,2146.5726236991777,504,116,751,184,existing,1907.3578968925424
505,505,39,753,301,allocated,370.6815789865494,505,39,753,335,existing,118.25334041019082,505,39,753,335,allocated,118.25334041019082,505,116,753,184,existing,698.0852384043898,505,118,753,154,existing,705.0843445051148,505,120,753,635,existing,931.9762676010643,505,117,753,546,existing,919.1894391631524,505,119,753,246,existing,1155.3782443473915,505,121,753,185,existing,937.2999652110251,505,128,753,461,existing,945.9605758462202,505,122,753,185,existing,937.2999652110251,505,33,753,247,allocated,1778.329014302016,505,127,753,174,existing,1165.1214680712637
506,506,109,754,718,existing,721.5823567120207,506,109,754,556,allocated,516.23047682948,506,109,754,567,allocated,97.15646052431387,506,127,754,174,existing,192.47243521795252,506,118,754,154,existing,322.93569123890353,506,122,754,185,existing,556.8663196986312,506,121,754,185,existing,556.8663196986312,506,33,754,247,allocated,750.3089785579978,506,120,754,635,existing,1029.972075701941,506,116,754,184,existing,796.0810465052665,506,117,754,546,existing,1017.1852472640292,506,128,754,461,existing,1109.4813972007144,506,119,754,246,existing,1281.9780173990905
507,507,1,755,12,allocated,603.8932846942299,507,1,755,12,existing,603.8932846942299,507,1,755,12,allocated,603.8932846942299,507,117,755,546,existing,1192.2385345469274,507,120,755,635,existing,1209.230615088427,507,116,755,184,existing,1413.34273530569,507,119,755,246,existing,1573.8414883314404,507,122,755,185,existing,1652.5574621123255,507,128,755,461,existing,1613.8736017918905,507,121,755,185,existing,1652.5574621123255,507,33,755,247,allocated,1722.206618454846,507,118,755,154,existing,1886.488090572053,507,126,755,691,existing,1954.4905572492758
508,508,1,756,12,allocated,704.499138451998,508,1,756,12,existing,704.499138451998,508,1,756,12,allocated,704.499138451998,508,33,756,247,allocated,1418.1248043334117,508,117,756,546,existing,1463.8360617120243,508,116,756,184,existing,1684.940262470787,508,120,756,635,existing,1480.8281422535238,508,128,756,461,existing,1885.4711289569875,508,119,756,246,existing,1845.4390154965374,508,122,756,185,existing,1924.1549892774224,508,121,756,185,existing,1924.1549892774224,508,118,756,154,existing,2158.0856177371497,508,127,756,174,existing,2128.9734548475635
509,509,39,757,301,allocated,889.9102233802396,509,39,757,121,existing,673.4569002868437,509,39,757,293,allocated,747.1722123204044,509,119,757,246,existing,1007.6256896294042,509,128,757,461,existing,1128.3047621713604,509,117,757,546,existing,1403.8280875454432,509,120,757,635,existing,1372.2365628724178,509,122,757,185,existing,1665.936607120556,509,118,757,154,existing,1656.100441031211,509,116,757,184,existing,1426.7218803139203,509,121,757,185,existing,1665.936607120556,509,126,757,691,existing,1726.0210837989307,509,125,757,619,existing,1795.779792982592
510,510,111,758,239,existing,722.5224936406119,510,111,758,263,existing,360.98704973762204,510,111,758,758,allocated,0.0,510,126,758,691,existing,753.5851910723876,510,124,758,619,existing,823.343900256049,510,123,758,39,existing,1094.3492708684248,510,125,758,619,existing,823.343900256049,510,128,758,461,existing,1180.2586641314515,510,119,758,246,existing,1140.2265506710014,510,117,758,546,existing,1338.2290651623616,510,120,758,635,existing,1306.637540489336,510,122,758,185,existing,1667.1383649467816,510,116,758,184,existing,1427.9236381401463
511,511,107,759,699,existing,636.7205050736591,511,107,759,12,existing,695.7049714052989,511,107,759,469,allocated,305.37243905400106,511,117,759,546,existing,524.6282047830952,511,120,759,635,existing,541.6202853245946,511,116,759,184,existing,745.7324055418579,511,119,759,246,existing,906.2311585676083,511,118,759,154,existing,1218.877760808221,511,121,759,185,existing,984.9471323484933,511,128,759,461,existing,946.2632720280584,511,122,759,185,existing,984.9471323484933,511,127,759,174,existing,1734.285887265077,511,33,759,247,allocated,1374.5706246204509
512,512,107,760,699,existing,683.1081561397245,512,107,760,12,existing,742.0926224713644,512,107,760,469,allocated,351.7600901200666,512,117,760,546,existing,571.0158558491606,512,120,760,635,existing,588.0079363906601,512,116,760,184,existing,792.1200566079234,512,119,760,246,existing,952.6188096336738,512,128,760,461,existing,992.6509230941239,512,121,760,185,existing,1031.3347834145588,512,118,760,154,existing,1265.2654118742864,512,122,760,185,existing,1031.3347834145588,512,127,760,174,existing,1733.1238463073337,512,33,760,247,allocated,1328.1829735543854
513,513,1,761,12,allocated,749.6979804779212,513,1,761,618,existing,627.7223864270601,513,1,761,618,allocated,627.7223864270601,513,120,761,635,existing,1278.3232461198058,513,117,761,546,existing,1296.636148869516,513,126,761,691,existing,1421.9598990589661,513,123,761,39,existing,1359.4197448037867,513,119,761,246,existing,1521.0287692774732,513,124,761,619,existing,1491.7186082426276,513,116,761,184,existing,1512.2142753164806,513,125,761,619,existing,1491.7186082426276,513,121,761,185,existing,1751.4290021231159,513,128,761,461,existing,1561.0608827379233
514,514,115,762,604,existing,490.1458353202143,514,115,762,712,existing,770.3152109462262,514,115,762,595,allocated,372.572866797268,514,75,762,595,allocated,372.572866797268,514,78,762,604,allocated,490.1458353202143,514,127,762,174,existing,1547.702615529195,514,33,762,247,allocated,1339.387689882407,514,117,762,546,existing,1996.268146013229,514,120,762,635,existing,2027.8596706862545,514,122,762,185,existing,2140.0413272819965,514,118,762,154,existing,1916.7158279824457,514,116,762,184,existing,2217.372346771992,514,121,762,185,existing,2140.0413272819965
515,515,1,763,12,allocated,1060.1474910117188,515,1,763,449,existing,1017.6166709930013,515,1,763,216,allocated,71.47164717126248,515,33,763,247,allocated,1039.8968726974945,515,127,763,174,existing,1750.7455232116463,515,117,763,546,existing,1978.897304245367,515,120,763,635,existing,2003.9687315057745,515,122,763,185,existing,2122.6704855141343,515,75,763,595,allocated,2008.9717778520526,515,121,763,185,existing,2122.6704855141343,515,118,763,154,existing,2075.850039750453,515,116,763,184,existing,2200.0015050041297,515,78,763,604,allocated,2126.544746374999
516,516,39,764,301,allocated,441.95202462658096,516,39,764,335,existing,189.52378605022238,516,39,764,335,allocated,189.52378605022238,516,116,764,184,existing,769.3556840444213,516,118,764,154,existing,776.3547901451464,516,120,764,635,existing,1003.2467132410958,516,117,764,546,existing,990.459884803184,516,128,764,461,existing,1017.2310214862517,516,121,764,185,existing,1008.5704108510566,516,119,764,246,existing,1226.648689987423,516,122,764,185,existing,1008.5704108510566,516,127,764,174,existing,1236.3919137112953,516,33,764,247,allocated,1849.5994599420476
517,517,115,765,604,existing,613.5280767836553,517,115,765,201,existing,486.8352678494374,517,115,765,201,allocated,486.8352678494374,517,78,765,604,allocated,613.5280767836553,517,75,765,595,allocated,731.1010453066016,517,33,765,247,allocated,1664.1481064310633,517,127,765,174,existing,2096.8502543677664,517,118,765,154,existing,2436.2295170666293,517,117,765,546,existing,2364.242392438244,517,121,765,185,existing,2508.0155737070118,517,120,765,635,existing,2395.83391711127,517,122,765,185,existing,2508.0155737070118,517,116,765,184,existing,2585.3465931970068
518,518,107,766,699,existing,376.82008495698295,518,107,766,767,existing,85.81530715619482,518,107,766,141,allocated,176.11474878119054,518,120,766,635,existing,281.7198652079186,518,117,766,546,existing,310.7421679852881,518,119,766,246,existing,353.0926781589974,518,128,766,461,existing,393.1247916194475,518,118,766,154,existing,988.7562496709561,518,121,766,185,existing,754.8256212112285,518,122,766,185,existing,754.8256212112285,518,116,766,184,existing,515.6108944045932,518,126,766,691,existing,1366.7542898332042,518,33,766,247,allocated,1266.8648539227493
519,519,107,767,699,existing,419.3693438904955,519,107,767,767,existing,0.0,519,107,767,141,allocated,218.66400771470308,519,120,767,635,existing,324.2691241414311,519,117,767,546,existing,353.2914269188006,519,128,767,461,existing,435.67405055296,519,119,767,246,existing,395.6419370925099,519,116,767,184,existing,558.1601533381057,519,121,767,185,existing,797.374880144741,519,122,767,185,existing,797.374880144741,519,118,767,154,existing,1031.3055086044687,519,126,767,691,existing,1409.3035487667166,519,33,767,247,allocated,1309.414112856262
520,520,110,772,239,existing,526.3161285474284,520,110,772,197,existing,134.49542885347682,520,110,772,729,allocated,70.21229858976793,520,126,772,691,existing,557.3788259792042,520,124,772,619,existing,627.1375351628656,520,119,772,246,existing,841.5306693057817,520,125,772,619,existing,627.1375351628656,520,128,772,461,existing,1005.9645123001653,520,117,772,546,existing,1190.548491654792,520,123,772,39,existing,946.7123265320672,520,120,772,635,existing,1158.9569669817668,520,116,772,184,existing,1280.243064632577,520,121,772,185,existing,1519.4577914392125
521,521,82,773,647,allocated,662.1585526436345,521,82,773,712,existing,673.8511735929555,521,82,773,521,allocated,55.350962964249646,521,33,773,247,allocated,612.8639375896549,521,75,773,595,allocated,625.6299393154176,521,78,773,604,allocated,743.2029078383639,521,127,773,174,existing,1056.1095726599424,521,120,773,635,existing,1344.5497482698615,521,118,773,154,existing,1384.945348225221,521,121,773,185,existing,1456.7314048656033,521,117,773,546,existing,1312.958223596836,521,122,773,185,existing,1456.7314048656033,521,116,773,184,existing,1534.0624243555985
522,522,114,774,342,existing,855.9998584225666,522,114,774,197,existing,272.77205461996965,522,114,774,510,allocated,225.75304652014142,522,119,774,246,existing,761.6924667035083,522,128,774,461,existing,801.7245801639585,522,120,774,635,existing,954.71703484556,522,126,774,691,existing,958.6205788162948,522,117,774,546,existing,986.3085595185854,522,116,774,184,existing,1076.0031324963702,522,124,774,619,existing,1028.3792879999562,522,125,774,619,existing,1028.3792879999562,522,122,774,185,existing,1315.2178593030058,522,121,774,185,existing,1315.2178593030058
523,523,115,775,604,existing,496.14696219290386,523,115,775,712,existing,776.3163378189158,523,115,775,595,allocated,378.5739936699575,523,75,775,595,allocated,378.5739936699575,523,78,775,604,allocated,496.14696219290386,523,127,775,174,existing,1744.3232027311228,523,33,775,247,allocated,1347.6488988245158,523,117,775,546,existing,2047.7431848316967,523,120,775,635,existing,2079.334709504722,523,121,775,185,existing,2191.516366100464,523,118,775,154,existing,2113.336415184373,523,122,775,185,existing,2191.516366100464,523,116,775,184,existing,2268.8473855904595
524,524,108,776,331,existing,486.4003217504884,524,108,776,547,allocated,368.0715888237319,524,108,776,776,allocated,0.0,524,33,776,247,allocated,602.6251673218136,524,117,776,546,existing,622.8075141905229,524,122,776,185,existing,766.5806954592902,524,120,776,635,existing,654.3990388635483,524,118,776,154,existing,963.2515466601833,524,127,776,174,existing,1007.566040074762,524,121,776,185,existing,766.5806954592902,524,116,776,184,existing,843.9117149492856,524,128,776,461,existing,1059.0420255670122,524,119,776,246,existing,1019.0099121065618
525,525,82,777,647,allocated,841.3049569573104,525,82,777,556,allocated,185.8748750307459,525,82,777,752,allocated,133.88984982756227,525,127,777,174,existing,650.2196401261633,525,118,777,154,existing,1025.0410430991294,525,75,777,595,allocated,1081.471128476778,525,33,777,247,allocated,1191.7628311726255,525,121,777,185,existing,1258.971671558857,525,122,777,185,existing,1258.971671558857,525,116,777,184,existing,1498.1863983654926,525,78,777,604,allocated,1199.0440969997244,525,117,777,546,existing,1719.290599124255,525,120,777,635,existing,1732.077427562167
526,526,82,778,647,allocated,1024.5782383345618,526,82,778,556,allocated,369.1481564079971,526,82,778,168,allocated,73.34758778578896,526,127,778,174,existing,364.8875544457529,526,118,778,154,existing,880.2956809026089,526,121,778,185,existing,1114.2263093623365,526,33,778,247,allocated,1109.2964486773756,526,75,778,595,allocated,1264.744409854029,526,116,778,184,existing,1353.441036168972,526,78,778,604,allocated,1382.3173783769753,526,122,778,185,existing,1114.2263093623365,526,117,778,546,existing,1574.5452369277345,526,120,778,635,existing,1587.3320653656465
527,527,109,781,718,existing,192.6386859398172,527,109,781,547,allocated,426.15952207652333,527,109,781,179,allocated,87.52553870830928,527,122,781,185,existing,280.39832745888606,527,121,781,185,existing,280.39832745888606,527,118,781,154,existing,443.02958584963346,527,116,781,184,existing,519.6130542655214,527,120,781,635,existing,712.4869721163398,527,127,781,174,existing,958.4377123064896,527,117,781,546,existing,680.8954474433144,527,128,781,461,existing,844.6464157470568,527,119,781,246,existing,1005.5100251593453,527,33,781,247,allocated,1135.6935981048766
528,528,114,782,342,existing,555.6801172238713,528,114,782,767,existing,597.8556742734563,528,114,782,782,allocated,0.0,528,119,782,246,existing,202.21373718094657,528,128,782,461,existing,411.63140568211804,528,117,782,546,existing,598.4161350969855,528,120,782,635,existing,566.82461042396,528,116,782,184,existing,688.1107080747705,528,118,782,154,existing,1161.2560633411335,528,122,782,185,existing,927.3254348814058,528,121,782,185,existing,927.3254348814058,528,126,782,691,existing,1424.298304302455,528,125,782,619,existing,1494.0570134861164
529,529,109,784,718,existing,151.1470590136418,529,109,784,547,allocated,383.8834183715684,529,109,784,718,allocated,151.1470590136418,529,121,784,185,existing,387.1624660960115,529,122,784,185,existing,387.1624660960115,529,116,784,184,existing,626.3771929026469,529,118,784,154,existing,549.793724486759,529,117,784,546,existing,638.6193437383595,529,128,784,461,existing,951.4105543841822,529,120,784,635,existing,670.2108684113849,529,119,784,246,existing,1034.8217416543985,529,33,784,247,allocated,1093.4174943999217,529,127,784,174,existing,1065.201850943615
530,530,82,787,647,allocated,826.1287811586166,530,82,787,556,allocated,170.69869923205192,530,82,787,752,allocated,151.1017585175721,530,127,787,174,existing,635.0434643274692,530,118,787,154,existing,1009.8648673004357,530,33,787,247,allocated,1176.5866553739315,530,75,787,595,allocated,1066.294952678084,530,121,787,185,existing,1243.7954957601632,530,122,787,185,existing,1243.7954957601632,530,78,787,604,allocated,1183.8679212010302,530,116,787,184,existing,1483.0102225667986,530,120,787,635,existing,1716.9012517634733,530,117,787,546,existing,1704.1144233255613
531,531,115,789,604,existing,903.0838660000381,531,115,789,201,existing,431.90264342772224,531,115,789,748,allocated,193.22416970694286,531,33,789,247,allocated,868.87887734989,531,75,789,595,allocated,877.6794150267158,531,78,789,604,allocated,903.0838660000381,531,127,789,174,existing,1312.1245124201773,531,122,789,185,existing,1712.7463446258382,531,118,789,154,existing,1640.960287985456,531,117,789,546,existing,1568.973163357071,531,120,789,635,existing,1600.5646880300965,531,116,789,184,existing,1790.0773641158337,531,121,789,185,existing,1712.7463446258382
532,532,114,790,342,existing,579.8817714150765,532,114,790,12,existing,700.6443935463295,532,114,790,469,allocated,364.2407493213751,532,120,790,635,existing,562.3512504919922,532,117,790,546,existing,580.6641532417023,532,119,790,246,existing,784.2810134936242,532,116,790,184,existing,796.2422796886668,532,122,790,185,existing,1035.4570064953023,532,128,790,461,existing,824.3131269540743,532,121,790,185,existing,1035.4570064953023,532,118,790,154,existing,1269.3876349550296,532,126,790,691,existing,1545.7924612320007,532,33,790,247,allocated,1516.9976255040806
533,533,115,791,604,existing,669.1136723501897,533,115,791,712,existing,388.9442967241777,533,115,791,201,allocated,390.2439500516925,533,78,791,604,allocated,669.1136723501897,533,75,791,595,allocated,786.686640873136,533,33,791,247,allocated,1030.26966869995,533,127,791,174,existing,1473.5153037702373,533,122,791,185,existing,1874.1371359758982,533,120,791,635,existing,1761.9554793801565,533,118,791,154,existing,1802.351079335516,533,117,791,546,existing,1730.363954707131,533,116,791,184,existing,1951.4681554658937,533,121,791,185,existing,1874.1371359758982
534,534,115,792,604,existing,476.8422714789043,534,115,792,712,existing,196.67289585289234,534,115,792,201,allocated,197.9725491804071,534,78,792,604,allocated,476.8422714789043,534,75,792,595,allocated,594.4152400018506,534,127,792,174,existing,1422.5859244715061,534,33,792,247,allocated,979.3402894012188,534,118,792,154,existing,1751.4217000367848,534,122,792,185,existing,1823.2077566771673,534,120,792,635,existing,1711.0261000814253,534,117,792,546,existing,1679.4345754083997,534,116,792,184,existing,1900.5387761671625,534,121,792,185,existing,1823.2077566771673
535,535,1,794,12,allocated,755.3611531208752,535,1,794,12,existing,755.3611531208752,535,1,794,12,allocated,755.3611531208752,535,33,794,247,allocated,1367.2627896645345,535,117,794,546,existing,1514.6980763809015,535,116,794,184,existing,1735.8022771396643,535,120,794,635,existing,1531.690156922401,535,119,794,246,existing,1896.3010301654147,535,128,794,461,existing,1936.3331436258647,535,121,794,185,existing,1975.0170039462996,535,122,794,185,existing,1975.0170039462996,535,118,794,154,existing,2208.947632406027,535,127,794,174,existing,2078.1114401786863
536,536,114,795,342,existing,768.9641409704618,536,114,795,12,existing,995.553382500415,536,114,795,469,allocated,659.1497382754605,536,120,795,635,existing,857.2602394460777,536,117,795,546,existing,875.5731421957877,536,119,795,246,existing,973.3633830490095,536,128,795,461,existing,1013.3954965094596,536,121,795,185,existing,1330.3659954493878,536,122,795,185,existing,1330.3659954493878,536,118,795,154,existing,1564.2966239091152,536,116,795,184,existing,1091.1512686427523,536,126,795,691,existing,1734.874830787386,536,124,795,619,existing,1804.6335399710474
537,537,115,796,604,existing,841.860810904597,537,115,796,201,existing,369.640456111469,537,115,796,201,allocated,369.640456111469,537,78,796,604,allocated,841.860810904597,537,75,796,595,allocated,959.4337794275433,537,127,796,174,existing,1902.2373257415538,537,33,796,247,allocated,1458.9916906712665,537,117,796,546,existing,2159.0859766784474,537,120,796,635,existing,2190.677501351473,537,118,796,154,existing,2231.0731013068325,537,122,796,185,existing,2302.859157947215,537,121,796,185,existing,2302.859157947215,537,116,796,184,existing,2380.1901774372104
