,assign_from_var_id_grocery,assign_to_var_id_grocery,assign_from_node_id_grocery,assign_to_node_id_grocery,assign_type_grocery,dist_grocery,assign_from_var_id_school,assign_to_var_id_school,assign_from_node_id_school,assign_to_node_id_school,assign_type_school,dist_school,0_assign_from_var_id_restaurant,0_assign_to_var_id_restaurant,0_assign_from_node_id_restaurant,0_assign_to_node_id_restaurant,0_assign_type_restaurant,0_dist_restaurant,1_assign_from_var_id_restaurant,1_assign_to_var_id_restaurant,1_assign_from_node_id_restaurant,1_assign_to_node_id_restaurant,1_assign_type_restaurant,1_dist_restaurant,2_assign_from_var_id_restaurant,2_assign_to_var_id_restaurant,2_assign_from_node_id_restaurant,2_assign_to_node_id_restaurant,2_assign_type_restaurant,2_dist_restaurant,3_assign_from_var_id_restaurant,3_assign_to_var_id_restaurant,3_assign_from_node_id_restaurant,3_assign_to_node_id_restaurant,3_assign_type_restaurant,3_dist_restaurant,4_assign_from_var_id_restaurant,4_assign_to_var_id_restaurant,4_assign_from_node_id_restaurant,4_assign_to_node_id_restaurant,4_assign_type_restaurant,4_dist_restaurant,5_assign_from_var_id_restaurant,5_assign_to_var_id_restaurant,5_assign_from_node_id_restaurant,5_assign_to_node_id_restaurant,5_assign_type_restaurant,5_dist_restaurant,6_assign_from_var_id_restaurant,6_assign_to_var_id_restaurant,6_assign_from_node_id_restaurant,6_assign_to_node_id_restaurant,6_assign_type_restaurant,6_dist_restaurant,7_assign_from_var_id_restaurant,7_assign_to_var_id_restaurant,7_assign_from_node_id_restaurant,7_assign_to_node_id_restaurant,7_assign_type_restaurant,7_dist_restaurant,8_assign_from_var_id_restaurant,8_assign_to_var_id_restaurant,8_assign_from_node_id_restaurant,8_assign_to_node_id_restaurant,8_assign_type_restaurant,8_dist_restaurant
0,0,67,2,584,existing,554.629878698989,0,67,2,353,existing,668.9798975886247,0,70,2,101,existing,840.4546881066937,0,21,2,332,allocated,968.9241396734446,0,72,2,12,existing,1470.3765544512485,0,74,2,308,existing,1488.3301537348011,0,73,2,498,existing,2005.3595643331466,0,17,2,314,allocated,1916.9578064355997,0,69,2,331,existing,1494.3653934106064,0,71,2,164,existing,1551.5087878432382,0,49,2,687,allocated,2050.716524383748
1,1,66,4,570,existing,493.6301258043151,1,66,4,327,existing,730.6540047685332,1,21,4,332,allocated,465.5017365133655,1,71,4,164,existing,891.9139523877161,1,72,4,12,existing,971.5133276671282,1,69,4,331,existing,912.4323791961256,1,70,4,101,existing,1470.276487132695,1,74,4,308,existing,988.2112697033399,1,17,4,314,allocated,1137.6924482652507,1,49,4,687,allocated,1271.4511662133991,1,73,4,498,existing,1505.2406803016852
2,2,66,5,570,existing,524.5529320935628,2,66,5,327,existing,701.600473692277,2,21,5,332,allocated,496.4245428026132,2,69,5,331,existing,881.5095729068778,2,71,5,164,existing,922.8367586769639,2,72,5,12,existing,1002.436133956376,2,74,5,308,existing,1019.1340759925877,2,70,5,101,existing,1501.1992934219427,2,17,5,314,allocated,1106.769641976003,2,49,5,687,allocated,1240.5283599241513,2,73,5,498,existing,1536.163486590933
3,3,68,11,642,existing,651.2902200781691,3,68,11,276,existing,548.3089256339244,3,70,11,101,existing,968.4278483795615,3,21,11,332,allocated,1081.1544518487701,3,69,11,331,existing,1537.4794397757512,3,72,11,12,existing,1587.166043002533,3,74,11,308,existing,1605.1196422860855,3,17,11,314,allocated,2029.1881186109254,3,71,11,164,existing,1668.2982763945229,3,73,11,498,existing,2122.1490528844306,3,49,11,687,allocated,2162.9468365590737
4,4,54,16,419,existing,426.8144316223465,4,54,16,498,allocated,628.2326569992028,4,71,16,164,existing,286.5682940553802,4,74,16,308,existing,351.7849460662956,4,72,16,12,existing,367.70052744737,4,73,16,498,existing,628.2326569992028,4,17,16,314,allocated,1159.165351981833,4,21,16,332,allocated,873.7121186011327,4,70,16,101,existing,1485.4429557221358,4,49,16,687,allocated,1080.8713174306129,4,69,16,331,existing,1596.2115790681955
5,5,57,17,498,existing,508.23484586151517,5,57,17,498,allocated,508.23484586151517,5,71,17,164,existing,406.5661051930679,5,74,17,308,existing,471.78275720398335,5,73,17,498,existing,508.23484586151517,5,72,17,12,existing,487.69833858505774,5,70,17,101,existing,1605.4407668598235,5,21,17,332,allocated,993.7099297388205,5,49,17,687,allocated,960.8735062929252,5,17,17,314,allocated,1073.0341227016304,5,69,17,331,existing,1716.2093902058832
6,6,61,18,162,existing,555.0564046138884,6,61,18,568,existing,259.1874363556987,6,49,18,687,allocated,530.690310031273,6,17,18,314,allocated,664.4490279794213,6,71,18,164,existing,824.6713826298767,6,74,18,308,existing,889.8880346407921,6,21,18,332,allocated,1205.8800391602974,6,72,18,12,existing,905.8036160218664,6,73,18,498,existing,1182.4482407472772,6,69,18,331,existing,1428.964689649739,6,70,18,101,existing,1851.8096361725861
7,7,61,19,162,existing,502.7759038358338,7,61,19,568,existing,206.9069355776441,7,49,19,687,allocated,478.40980925321844,7,17,19,314,allocated,612.1685272013667,7,74,19,308,existing,837.6075338627375,7,71,19,164,existing,772.3908818518221,7,72,19,12,existing,853.5231152438118,7,21,19,332,allocated,1153.5995383822428,7,73,19,498,existing,1130.1677399692226,7,69,19,331,existing,1376.6841888716845,7,70,19,101,existing,1799.5291353945317
8,8,46,20,611,allocated,493.1692789281422,8,46,20,529,existing,628.9463957738208,8,73,20,498,existing,1345.2011953986676,8,74,20,308,existing,1862.230605997013,8,49,20,687,allocated,1890.7378325498887,8,72,20,12,existing,1880.1842052805657,8,69,20,331,existing,2789.012212168355,8,71,20,164,existing,1961.3164386725555,8,17,20,314,allocated,2024.496550498037,8,21,20,332,allocated,2386.1957964343283,8,70,20,101,existing,2997.9266335553316
9,9,46,21,611,allocated,612.111879766715,9,46,21,529,existing,747.8889966123936,9,73,21,498,existing,1464.1437962372404,9,74,21,308,existing,1981.173206835586,9,49,21,687,allocated,2009.6804333884616,9,72,21,12,existing,1999.1268061191386,9,69,21,331,existing,2907.9548130069275,9,71,21,164,existing,2080.2590395111283,9,17,21,314,allocated,2143.43915133661,9,21,21,332,allocated,2505.138397272901,9,70,21,101,existing,3116.869234393904
10,10,62,22,184,existing,596.8933422035045,10,62,22,464,existing,318.33521452473667,10,17,22,314,allocated,716.1991704728465,10,69,22,331,existing,844.2693162634813,10,21,22,332,allocated,1437.0855357100745,10,49,22,687,allocated,849.9578884209948,10,74,22,308,existing,1683.0846772572459,10,73,22,498,existing,2200.114087855591,10,72,22,12,existing,1667.9195933336118,10,71,22,164,existing,1586.787359941622,10,70,22,101,existing,2293.31004076605
11,11,8,23,114,allocated,511.04524990789366,11,8,23,464,existing,520.3404538294992,11,17,23,314,allocated,522.1780360226957,11,69,23,331,existing,650.2481818133306,11,21,23,332,allocated,1243.0644012599237,11,49,23,687,allocated,655.9367539708439,11,72,23,12,existing,1473.898458883461,11,73,23,498,existing,2006.0929534054403,11,71,23,164,existing,1392.7662254914712,11,74,23,308,existing,1489.063542807095,11,70,23,101,existing,2099.288906315899
12,12,52,24,382,existing,408.5365708892186,12,52,24,276,existing,586.3557069225644,12,21,24,332,allocated,1146.7132412671585,12,70,24,101,existing,1525.9864121422183,12,69,24,331,existing,1603.0382291941396,12,72,24,12,existing,1652.7248324209213,12,74,24,308,existing,1670.678431704474,12,17,24,314,allocated,2094.746908029314,12,71,24,164,existing,1733.8570658129113,12,73,24,498,existing,2187.7078423028192,12,49,24,687,allocated,2228.505625977462
13,13,52,25,382,existing,280.0722579227483,13,52,25,276,existing,714.8200198890347,13,21,25,332,allocated,1018.2489283006882,13,69,25,331,existing,1474.5739162276693,13,74,25,308,existing,1542.2141187380037,13,72,25,12,existing,1524.260519454451,13,17,25,314,allocated,1966.2825950628435,13,70,25,101,existing,1654.4507251086889,13,73,25,498,existing,2059.2435293363487,13,71,25,164,existing,1605.392752846441,13,49,25,687,allocated,2100.041313010992
14,14,52,26,382,existing,458.80762570562376,14,52,26,276,existing,419.45488682224845,14,21,26,332,allocated,1196.9842960835638,14,70,26,101,existing,1359.0855920419026,14,69,26,331,existing,1653.3092840105448,14,72,26,12,existing,1702.9958872373265,14,74,26,308,existing,1720.9494865208792,14,17,26,314,allocated,2145.017962845719,14,71,26,164,existing,1784.1281206293165,14,73,26,498,existing,2237.9788971192243,14,49,26,687,allocated,2278.7766807938674
15,15,52,27,382,existing,463.68032146852664,15,52,27,276,existing,531.2119563432564,15,21,27,332,allocated,1201.8569918464666,15,70,27,101,existing,1470.8426615629105,15,69,27,331,existing,1658.1819797734477,15,72,27,12,existing,1707.8685830002294,15,74,27,308,existing,1725.822182283782,15,17,27,314,allocated,2149.890658608622,15,71,27,164,existing,1789.0008163922193,15,73,27,498,existing,2242.851592882127,15,49,27,687,allocated,2283.64937655677
16,16,52,28,382,existing,620.5976191818534,16,52,28,276,existing,454.9562462039245,16,21,28,332,allocated,1358.7742895597933,16,69,28,331,existing,1815.0992774867743,16,70,28,101,existing,1870.4807163098806,16,72,28,12,existing,1864.785880713556,16,17,28,314,allocated,2306.8079563219485,16,73,28,498,existing,2399.7688905954537,16,74,28,308,existing,1882.7394799971087,16,71,28,164,existing,1945.918114105546,16,49,28,687,allocated,2440.566674270097
17,17,52,29,382,existing,494.8268112859156,17,52,29,276,existing,580.7270540998622,17,21,29,332,allocated,1233.0034816638554,17,69,29,331,existing,1689.3284695908364,17,72,29,12,existing,1739.0150728176181,17,74,29,308,existing,1756.9686721011708,17,17,29,314,allocated,2181.037148426011,17,70,29,101,existing,1882.131540692415,17,73,29,498,existing,2273.998082699516,17,71,29,164,existing,1820.1473062096084,17,49,29,687,allocated,2314.7958663741592
18,18,57,30,498,existing,339.2958129630879,18,57,30,498,allocated,339.2958129630879,18,73,30,498,existing,339.2958129630879,18,74,30,308,existing,856.3252235614332,18,71,30,164,existing,955.4110562369756,18,72,30,12,existing,874.2788228449858,18,70,30,101,existing,1992.0212511197515,18,21,30,332,allocated,1380.2904139987484,18,49,30,687,allocated,1592.625650998582,18,17,30,314,allocated,1726.3843689467303,18,69,30,331,existing,2236.978969360457
19,19,57,31,498,existing,255.78494942622223,19,57,31,498,allocated,255.78494942622223,19,73,31,498,existing,255.78494942622223,19,74,31,308,existing,772.8143600245676,19,71,31,164,existing,871.90019270011,19,72,31,12,existing,790.7679593081202,19,70,31,101,existing,1908.5103875828859,19,21,31,332,allocated,1296.7795504618828,19,49,31,687,allocated,1540.6454305134205,19,17,31,314,allocated,1674.4041484615689,19,69,31,331,existing,2153.4681058235915
20,20,60,32,365,existing,544.20308269933,20,60,32,327,existing,517.1997883842257,20,21,32,332,allocated,556.3483255844394,20,69,32,331,existing,854.0475411169275,20,71,32,164,existing,934.1126734478938,20,17,32,314,allocated,967.7902163486126,20,73,32,498,existing,1547.439401361863,20,49,32,687,allocated,1101.5489342967608,20,74,32,308,existing,1030.4099907635177,20,72,32,12,existing,1015.2449068398836,20,70,32,101,existing,1561.123076203769
21,21,60,33,365,existing,622.6724094583806,21,60,33,327,existing,595.6691151432761,21,21,33,332,allocated,602.3559013516139,21,69,33,331,existing,775.5782143578772,21,17,33,314,allocated,1000.8382834270024,21,71,33,164,existing,1012.5820002069443,21,49,33,687,allocated,1134.5970013751507,21,72,33,12,existing,1093.714233598934,21,74,33,308,existing,1108.8793175225683,21,70,33,101,existing,1607.1306519709433,21,73,33,498,existing,1625.9087281209136
22,22,57,34,498,existing,179.24639126041194,22,57,34,498,allocated,179.24639126041194,22,73,34,498,existing,179.24639126041194,22,74,34,308,existing,337.7830193379334,22,72,34,12,existing,355.73661862148606,22,71,34,164,existing,436.8688520134759,22,17,34,314,allocated,1313.0499194067079,22,70,34,101,existing,1473.479046896252,22,49,34,687,allocated,1206.355708943069,22,21,34,332,allocated,861.7482097752488,22,69,34,331,existing,1718.4367651369575
23,23,57,35,498,existing,329.4556982395163,23,57,35,498,allocated,329.4556982395163,23,73,35,498,existing,329.4556982395163,23,74,35,308,existing,487.99232631703774,23,72,35,12,existing,505.9459256005904,23,71,35,164,existing,585.3452528150667,23,17,35,314,allocated,1168.30701837267,23,49,35,687,allocated,1056.1464019639645,23,70,35,101,existing,1623.6883538753564,23,21,35,332,allocated,1011.9575167543533,23,69,35,331,existing,1860.3392060503272
24,24,59,36,314,existing,757.1651727230922,24,59,36,327,existing,774.4827383170386,24,69,36,331,existing,689.6611098034107,24,17,36,314,allocated,757.1651727230922,24,49,36,687,allocated,890.9238906712404,24,21,36,332,allocated,883.077904736534,24,71,36,164,existing,1293.3040035918646,24,72,36,12,existing,1374.4362369838543,24,70,36,101,existing,1887.8526553558636,24,74,36,308,existing,1389.6013209074883,24,73,36,498,existing,1906.6307315058336
25,25,59,37,314,existing,666.3598841037251,25,59,37,327,existing,683.6774496976717,25,69,37,331,existing,598.8558211840437,25,17,37,314,allocated,666.3598841037251,25,49,37,687,allocated,800.1186020518734,25,21,37,332,allocated,973.8831933559011,25,70,37,101,existing,1978.6579439752306,25,74,37,308,existing,1463.9953675143065,25,71,37,164,existing,1367.6980501986827,25,72,37,12,existing,1448.8302835906725,25,73,37,498,existing,1981.0247781126518
26,26,65,38,306,existing,511.8071268951591,26,65,38,529,existing,813.3780447753065,26,73,38,498,existing,996.35295009839,26,74,38,308,existing,1513.3823606967353,26,72,38,12,existing,1531.335959980288,26,71,38,164,existing,1612.4681933722777,26,17,38,314,allocated,2208.9281994995226,26,21,38,332,allocated,2037.3475511340507,26,70,38,101,existing,2649.078388255054,26,49,38,687,allocated,2075.1694815513742,26,69,38,331,existing,2894.0361064957597
27,27,65,39,306,existing,441.825857028467,27,65,39,529,existing,743.3967749086144,27,73,39,498,existing,926.3716802316978,27,74,39,308,existing,1443.4010908300434,27,71,39,164,existing,1542.4869235055858,27,72,39,12,existing,1461.354690113596,27,70,39,101,existing,2579.0971183883617,27,21,39,332,allocated,1967.3662812673585,27,49,39,687,allocated,2005.1882116846823,27,17,39,314,allocated,2138.9469296328307,27,69,39,331,existing,2824.0548366290673
28,28,36,40,495,allocated,482.51289251093596,28,36,40,184,allocated,648.9036058864691,28,17,40,314,allocated,892.9446197803345,28,49,40,687,allocated,958.6310480451282,28,69,40,331,existing,1649.4339396586408,28,73,40,498,existing,1583.3078236454853,28,21,40,332,allocated,1840.9782865424897,28,71,40,164,existing,1680.3187940514927,28,74,40,308,existing,1745.535446062408,28,72,40,12,existing,1761.4510274434824,28,70,40,101,existing,2488.347416192591
29,29,36,41,495,allocated,419.41495066370544,29,36,41,184,allocated,585.8056640392385,29,17,41,314,allocated,829.8466779331039,29,49,41,687,allocated,895.5331061978976,29,69,41,331,existing,1586.3359978114104,29,73,41,498,existing,1646.405765492716,29,72,41,12,existing,1743.9960844396803,29,21,41,332,allocated,1777.8803446952593,29,71,41,164,existing,1662.8638510476906,29,74,41,308,existing,1752.0433440303075,29,70,41,101,existing,2425.2494743453603
30,30,67,42,584,existing,76.74638736764547,30,67,42,353,existing,191.0964062572811,30,21,42,332,allocated,491.04064834210106,30,70,42,101,existing,667.2268770125193,30,74,42,308,existing,1010.4466624034576,30,72,42,12,existing,992.493063119905,30,71,42,164,existing,1073.6252965118947,30,73,42,498,existing,1527.476073001803,30,17,42,314,allocated,1439.0743151042561,30,69,42,331,existing,1147.8918121078607,30,49,42,687,allocated,1572.8330330524045
31,31,55,44,570,existing,468.9053531150141,31,55,44,327,existing,571.6725826940092,31,21,44,332,allocated,440.77696382406447,31,71,44,164,existing,867.1891796984152,31,74,44,308,existing,963.486497014039,31,72,44,12,existing,946.7885549778273,31,70,44,101,existing,1445.5517144433938,31,69,44,331,existing,969.6189028773026,31,17,44,314,allocated,1022.2630106583961,31,49,44,687,allocated,1156.0217286065445,31,73,44,498,existing,1480.5159076123841
32,32,51,45,570,existing,520.3240742076968,32,51,45,327,existing,581.3524290519181,32,21,45,332,allocated,492.1956849167471,32,69,45,331,existing,918.2001817846199,32,72,45,12,existing,998.20727607051,32,71,45,164,existing,918.6079007910978,32,74,45,308,existing,1014.9052181067216,32,17,45,314,allocated,1031.942857016305,32,70,45,101,existing,1496.9704355360766,32,49,45,687,allocated,1165.7015749644534,32,73,45,498,existing,1531.9346287050669
33,33,46,46,611,allocated,722.338922472371,33,46,46,138,existing,615.5739269839814,33,49,46,687,allocated,781.3067023161176,33,73,46,498,existing,867.5678853313447,33,71,46,164,existing,1179.349660100985,33,17,46,314,allocated,915.0654202642659,33,69,46,331,existing,1679.5810819345836,33,21,46,332,allocated,1646.965963817632,33,74,46,308,existing,1244.5663121119003,33,72,46,12,existing,1260.4818934929747,33,70,46,101,existing,2292.8955608299207
34,34,61,47,162,existing,739.003520613337,34,61,47,138,existing,548.9046506985854,34,49,47,687,allocated,714.6374260307216,34,17,47,314,allocated,848.39614397887,34,71,47,164,existing,1112.6803838155888,34,73,47,498,existing,934.2371616167408,34,21,47,332,allocated,1580.2966875322359,34,74,47,308,existing,1177.8970358265042,34,69,47,331,existing,1612.9118056491875,34,72,47,12,existing,1193.8126172075786,34,70,47,101,existing,2226.226284544525
35,35,36,48,495,allocated,753.970971561328,35,36,48,184,allocated,920.3616849368613,35,17,48,314,allocated,1164.4026988307266,35,49,48,687,allocated,1230.0891270955203,35,73,48,498,existing,1644.6254783159782,35,69,48,331,existing,1920.892018709033,35,72,48,12,existing,2078.552105337303,35,21,48,332,allocated,2112.436365592882,35,71,48,164,existing,1997.4198719453132,35,74,48,308,existing,2086.59936492793,35,70,48,101,existing,2759.805495242983
36,36,36,49,495,allocated,660.2932445564909,36,36,49,184,allocated,826.6839579320241,36,17,49,314,allocated,1070.7249718258895,36,49,49,687,allocated,1136.4114000906832,36,69,49,331,existing,1827.2142917041958,36,73,49,498,existing,1719.0520880971399,36,74,49,308,existing,1992.921637923093,36,72,49,12,existing,1984.8743783324658,36,71,49,164,existing,1903.742144940476,36,21,49,332,allocated,2018.7586385880447,36,70,49,101,existing,2666.127768238146
37,37,63,50,184,existing,140.83983351747494,37,63,50,464,existing,137.71829416129285,37,17,50,314,allocated,751.5971530384971,37,49,50,687,allocated,868.9932236055139,37,69,50,331,existing,1249.5951640565495,37,71,50,164,existing,1636.3239684553068,37,73,50,498,existing,2184.788029033288,37,72,50,12,existing,1717.4562018472966,37,21,50,332,allocated,1699.6308198006523,37,74,50,308,existing,1725.5034614379238,37,70,50,101,existing,2346.999949450754
38,38,63,51,184,existing,315.6017973269984,38,63,51,464,existing,312.4802579708163,38,17,51,314,allocated,926.3591168480207,38,49,51,687,allocated,1043.7551874150374,38,69,51,331,existing,1074.833200247026,38,21,51,332,allocated,1667.6494196936192,38,74,51,308,existing,1900.2654252474472,38,73,51,498,existing,2359.549992842811,38,72,51,12,existing,1892.2181656568202,38,71,51,164,existing,1811.0859322648305,38,70,51,101,existing,2521.761913260277
39,39,60,52,365,existing,802.9590825231871,39,60,52,327,existing,775.9557882080828,39,69,52,331,existing,595.2915412930705,39,21,52,332,allocated,782.6425744164205,39,49,52,687,allocated,954.310328310344,39,17,52,314,allocated,820.5516103621958,39,70,52,101,existing,1787.4173250357499,39,71,52,164,existing,1192.868673271751,39,74,52,308,existing,1289.1659905873748,39,72,52,12,existing,1274.0009066637408,39,73,52,498,existing,1806.1954011857201
40,40,46,53,611,allocated,315.01618153291327,40,46,53,529,existing,450.7932983785919,40,73,53,498,existing,1167.0480980034388,40,74,53,308,existing,1684.0775086017843,40,49,53,687,allocated,1712.5847351546597,40,72,53,12,existing,1702.031107885337,40,69,53,331,existing,2610.859114773126,40,71,53,164,existing,1783.1633412773267,40,17,53,314,allocated,1846.343453102808,40,21,53,332,allocated,2208.0426990390993,40,70,53,101,existing,2819.7735361601026
41,41,46,54,611,allocated,384.2320304353923,41,46,54,529,existing,520.0091472810709,41,73,54,498,existing,1236.2639469059177,41,74,54,308,existing,1753.2933575042632,41,72,54,12,existing,1771.2469567878159,41,49,54,687,allocated,1781.8005840571386,41,69,54,331,existing,2680.0749636756045,41,71,54,164,existing,1852.3791901798056,41,17,54,314,allocated,1915.559302005287,41,21,54,332,allocated,2277.2585479415784,41,70,54,101,existing,2888.9893850625817
42,42,46,55,611,allocated,332.22636046995143,42,46,55,529,existing,468.00347731563,42,73,55,498,existing,1184.258276940477,42,74,55,308,existing,1701.2876875388224,42,72,55,12,existing,1719.241286822375,42,49,55,687,allocated,1729.7949140916978,42,69,55,331,existing,2628.069293710164,42,71,55,164,existing,1800.3735202143648,42,17,55,314,allocated,1863.5536320398462,42,21,55,332,allocated,2225.2528779761374,42,70,55,101,existing,2836.9837150971407
43,43,46,56,611,allocated,391.41643811109816,43,46,56,529,existing,527.1935549567768,43,73,56,498,existing,1243.4483545816238,43,74,56,308,existing,1760.477765179969,43,49,56,687,allocated,1788.9849917328447,43,72,56,12,existing,1778.4313644635217,43,69,56,331,existing,2687.2593713513106,43,71,56,164,existing,1859.5635978555115,43,17,56,314,allocated,1922.743709680993,43,21,56,332,allocated,2284.4429556172845,43,70,56,101,existing,2896.1737927382874
44,44,67,57,584,existing,590.8173918554647,44,67,57,276,existing,660.4729995833459,44,70,57,101,existing,876.6422012631693,44,21,57,332,allocated,1005.1116528299203,44,74,57,308,existing,1524.5176668912768,44,72,57,12,existing,1506.5640676077242,44,73,57,498,existing,2041.5470774896223,44,17,57,314,allocated,1953.1453195920753,44,69,57,331,existing,1525.8521294549712,44,71,57,164,existing,1587.696300999714,44,49,57,687,allocated,2086.9040375402237
45,45,67,58,584,existing,621.3355358802978,45,67,58,276,existing,629.9548555585127,45,70,58,101,existing,907.1603452880025,45,21,58,332,allocated,1035.6297968547535,45,69,58,331,existing,1495.333985430138,45,72,58,12,existing,1537.0822116325571,45,74,58,308,existing,1555.0358109161098,45,17,58,314,allocated,1983.6634636169088,45,71,58,164,existing,1618.2144450245469,45,73,58,498,existing,2072.0652215144555,45,49,58,687,allocated,2117.422181565057
46,46,57,61,498,existing,134.82685685094128,46,57,61,498,allocated,134.82685685094128,46,73,61,498,existing,134.82685685094128,46,74,61,308,existing,594.0747040975408,46,71,61,164,existing,693.1605367730833,46,72,61,12,existing,612.0283033810935,46,49,61,687,allocated,1288.3693553994385,46,70,61,101,existing,1729.7707316558594,46,21,61,332,allocated,1118.0398945348563,46,17,61,314,allocated,1400.529971808144,46,69,61,331,existing,1974.728449896565
47,47,57,62,498,existing,114.09505266756501,47,57,62,498,allocated,114.09505266756501,47,73,62,498,existing,114.09505266756501,47,74,62,308,existing,573.3428999141646,47,72,62,12,existing,591.2964991977173,47,71,62,164,existing,672.4287325897071,47,17,62,314,allocated,1421.2617759915202,47,70,62,101,existing,1709.038927472483,47,21,62,332,allocated,1097.3080903514801,47,49,62,687,allocated,1309.1011595828147,47,69,62,331,existing,1953.9966457131889
48,48,8,63,114,allocated,546.700925175329,48,8,63,687,existing,1125.1982291089632,48,17,63,314,allocated,991.439511160815,48,69,63,331,existing,1119.5096569514499,48,21,63,332,allocated,1712.325876398043,48,49,63,687,allocated,1125.1982291089632,48,72,63,12,existing,1943.1599340215803,48,73,63,498,existing,2475.3544285435596,48,74,63,308,existing,1958.3250179452143,48,71,63,164,existing,1862.0277006295905,48,70,63,101,existing,2568.5503814540184
49,49,8,64,114,allocated,476.98601910991965,49,8,64,687,existing,1055.4833230435538,49,17,64,314,allocated,921.7246050954056,49,69,64,331,existing,1049.7947508860404,49,49,64,687,allocated,1055.4833230435538,49,21,64,332,allocated,1642.6109703326338,49,73,64,498,existing,2405.63952247815,49,72,64,12,existing,1873.4450279561709,49,71,64,164,existing,1792.3127945641813,49,74,64,308,existing,1888.610111879805,49,70,64,101,existing,2498.8354753886088
50,50,8,65,114,allocated,421.20076580358733,50,8,65,687,existing,999.6980697372215,50,17,65,314,allocated,865.9393517890733,50,69,65,331,existing,994.0094975797081,50,21,65,332,allocated,1586.8257170263014,50,49,65,687,allocated,999.6980697372215,50,73,65,498,existing,2349.8542691718176,50,72,65,12,existing,1817.6597746498385,50,71,65,164,existing,1736.527541257849,50,74,65,308,existing,1832.8248585734725,50,70,65,101,existing,2443.0502220822764
51,51,67,66,584,existing,771.59487178677,51,67,66,276,existing,824.421046192764,51,70,66,101,existing,857.8385012170718,51,21,66,332,allocated,1185.8891327612257,51,74,66,308,existing,1705.295146822582,51,72,66,12,existing,1687.3415475390293,51,73,66,498,existing,2222.3245574209277,51,17,66,314,allocated,2133.922799523381,51,69,66,331,existing,1706.6296093862766,51,71,66,164,existing,1768.473780931019,51,49,66,687,allocated,2267.6815174715293
52,52,67,67,584,existing,702.9925348487935,52,67,67,276,existing,755.8187092547876,52,70,67,101,existing,789.2361642790953,52,21,67,332,allocated,1117.2867958232491,52,74,67,308,existing,1636.6928098846056,52,72,67,12,existing,1618.739210601053,52,17,67,314,allocated,2065.3204625854046,52,69,67,331,existing,1638.0272724483,52,71,67,164,existing,1699.8714439930427,52,73,67,498,existing,2153.7222204829513,52,49,67,687,allocated,2199.079180533553
53,53,67,68,584,existing,566.1997380762325,53,67,68,353,existing,298.356944451306,53,21,68,332,allocated,662.0193937696334,53,70,68,101,existing,1094.5508783783707,53,72,68,12,existing,1168.0309849233963,53,69,68,331,existing,1118.3443816966146,53,17,68,314,allocated,1610.0530605317886,53,71,68,164,existing,1249.163218315386,53,73,68,498,existing,1703.0139948052943,53,74,68,308,existing,1185.984584206949,53,49,68,687,allocated,1743.811778479937
54,54,68,70,642,existing,718.4738428634254,54,68,70,276,existing,526.7873761079518,54,21,70,332,allocated,1551.9425616257163,54,70,70,101,existing,1942.311846213908,54,69,70,331,existing,2008.2675495526973,54,72,70,12,existing,2057.954152779479,54,73,70,498,existing,2592.937162661377,54,17,70,314,allocated,2499.9762283878717,54,71,70,164,existing,2139.086386171469,54,74,70,308,existing,2075.9077520630317,54,49,70,687,allocated,2633.7349463360197
55,55,68,71,642,existing,681.9132946741307,55,68,71,276,existing,490.2268279186572,55,21,71,332,allocated,1510.371006790493,55,70,71,101,existing,1905.7512980246133,55,72,71,12,existing,2016.3825979442558,55,69,71,331,existing,1966.6959947174742,55,74,71,308,existing,2034.3361972278085,55,17,71,314,allocated,2458.4046735526485,55,71,71,164,existing,2097.514831336246,55,73,71,498,existing,2551.365607826154,55,49,71,687,allocated,2592.163391500797
56,56,67,72,584,existing,769.7972942766075,56,67,72,353,existing,501.954500651681,56,21,72,332,allocated,865.6169499700084,56,70,72,101,existing,1233.040478064252,56,72,72,12,existing,1371.6285411237711,56,69,72,331,existing,1321.9419378969897,56,17,72,314,allocated,1813.6506167321636,56,71,72,164,existing,1452.760774515761,56,73,72,498,existing,1906.611551005669,56,74,72,308,existing,1389.5821404073238,56,49,72,687,allocated,1947.409334680312
57,57,67,73,584,existing,687.6211591117715,57,67,73,353,existing,419.77836548684485,57,21,73,332,allocated,783.4408148051723,57,70,73,101,existing,1215.9722994139097,57,72,73,12,existing,1289.452405958935,57,69,73,331,existing,1239.7658027321534,57,17,73,314,allocated,1731.4744815673275,57,71,73,164,existing,1370.584639350925,57,73,73,498,existing,1824.435415840833,57,74,73,308,existing,1307.4060052424877,57,49,73,687,allocated,1865.233199515476
58,58,67,74,584,existing,613.1938496863866,58,67,74,353,existing,345.35105606146,58,21,74,332,allocated,709.0135053797874,58,70,74,101,existing,1141.5449899885248,58,72,74,12,existing,1215.0250965335501,58,69,74,331,existing,1165.3384933067687,58,17,74,314,allocated,1657.0471721419426,58,71,74,164,existing,1296.1573299255401,58,73,74,498,existing,1750.008106415448,58,74,74,308,existing,1232.9786958171028,58,49,74,687,allocated,1790.805890090091
59,59,68,77,642,existing,462.57538874656143,59,68,77,276,existing,617.3226496956569,59,70,77,101,existing,1748.297045792443,59,21,77,332,allocated,2078.714426769372,59,69,77,331,existing,2535.039414696353,59,72,77,12,existing,2584.726017923135,59,74,77,308,existing,2602.6796172066875,59,17,77,314,allocated,3026.748093531527,59,71,77,164,existing,2665.858251315125,59,73,77,498,existing,3119.7090278050327,59,49,77,687,allocated,3160.506811479676
60,60,46,78,611,allocated,425.55517839133324,60,46,78,529,existing,561.3322952370119,60,73,78,498,existing,1108.4361599033004,60,74,78,308,existing,1625.4655705016457,60,71,78,164,existing,1724.5514031771881,60,72,78,12,existing,1643.4191697851984,60,21,78,332,allocated,2149.430760938961,60,69,78,331,existing,2721.398111631546,60,49,78,687,allocated,1823.1237320130797,60,17,78,314,allocated,1956.882449961228,60,70,78,101,existing,2761.1615980599645
61,61,60,80,365,existing,35.26430728740536,61,60,80,327,existing,263.9139504167862,61,21,80,332,allocated,270.40482585267716,61,71,80,164,existing,425.1738980359691,61,74,80,308,existing,521.471215351593,61,72,80,12,existing,506.30613142795886,61,73,80,498,existing,1038.5006259499382,61,69,80,331,existing,890.841911803544,61,49,80,687,allocated,811.3875588576265,61,17,80,314,allocated,677.6288409094781,61,70,80,101,existing,1131.6965788603966
62,62,65,81,306,existing,429.64382508864605,62,65,81,529,existing,697.287466809147,62,73,81,498,existing,1413.542266433994,62,74,81,308,existing,1930.5716770323393,62,49,81,687,allocated,1959.078903585215,62,72,81,12,existing,1948.525276315892,62,69,81,331,existing,2857.353283203681,62,71,81,164,existing,2029.6575097078817,62,17,81,314,allocated,2092.8376215333633,62,21,81,332,allocated,2454.5368674696547,62,70,81,101,existing,3066.2677045906576
63,63,36,82,495,allocated,666.1628726812274,63,36,82,138,existing,634.5763471272569,63,49,82,687,allocated,800.3091224593932,63,17,82,314,allocated,934.0678404075416,63,73,82,498,existing,1399.6578434751939,63,71,82,164,existing,1496.6688138812012,63,74,82,308,existing,1561.8854658921166,63,69,82,331,existing,1697.196315070888,63,21,82,332,allocated,1877.877470411622,63,72,82,12,existing,1577.801047273191,63,70,82,101,existing,2523.8070674239107
64,64,36,83,495,allocated,556.6489868922346,64,36,83,184,allocated,723.0397002677678,64,49,83,687,allocated,909.823008248386,64,17,83,314,allocated,967.0807141616331,64,73,83,498,existing,1509.1717292641865,64,71,83,164,existing,1606.182699670194,64,74,83,308,existing,1671.3993516811095,64,69,83,331,existing,1723.5700340399394,64,21,83,332,allocated,1915.1143809237883,64,72,83,12,existing,1687.3149330621839,64,70,83,101,existing,2562.48351057389
65,65,52,84,382,existing,367.0210938353613,65,52,84,353,existing,709.8935341417576,65,21,84,332,allocated,799.176967519478,65,69,84,331,existing,1255.501955446459,65,72,84,12,existing,1305.1885586732408,65,74,84,308,existing,1323.1421579567934,65,17,84,314,allocated,1747.2106342816332,65,71,84,164,existing,1386.3207920652308,65,73,84,498,existing,1840.1715685551387,65,70,84,101,existing,1392.2277845953352,65,49,84,687,allocated,1880.9693522297816
66,66,52,85,382,existing,277.0969100243967,66,52,85,353,existing,689.3316267029678,66,21,85,332,allocated,704.313774926338,66,69,85,331,existing,1160.6387628533193,66,72,85,12,existing,1210.325366080101,66,74,85,308,existing,1228.2789653636537,66,73,85,498,existing,1745.308375961999,66,17,85,314,allocated,1652.3474416884933,66,71,85,164,existing,1291.4575994720908,66,70,85,101,existing,1487.0909771884749,66,49,85,687,allocated,1786.1061596366417
67,67,51,86,570,existing,281.66438870954914,67,51,86,327,existing,384.4316182885442,67,21,86,332,allocated,253.53599941859954,67,71,86,164,existing,679.9482152929502,67,72,86,12,existing,759.5475905723624,67,74,86,308,existing,776.2455326085741,67,70,86,101,existing,1258.310750037929,67,49,86,687,allocated,968.7807642010793,67,17,86,314,allocated,835.022046252931,67,69,86,331,existing,873.9730853694663,67,73,86,498,existing,1293.2749432069195
68,68,60,87,365,existing,320.40118105894607,68,60,87,327,existing,293.3978867438417,68,21,87,332,allocated,344.56973096330205,68,71,87,164,existing,710.3107718075098,68,72,87,12,existing,791.4430051994996,68,17,87,314,allocated,743.9883147082285,68,74,87,308,existing,806.6080891231336,68,73,87,498,existing,1323.637499721479,68,69,87,331,existing,965.0068169141688,68,49,87,687,allocated,877.7470326563767,68,70,87,101,existing,1349.3444815826315
69,69,52,88,382,existing,719.7627457188062,69,52,88,353,existing,564.0069921732198,69,21,88,332,allocated,927.6694414915472,69,70,88,101,existing,1170.9879865427133,69,69,88,331,existing,1383.9944294185284,69,72,88,12,existing,1433.68103264531,69,74,88,308,existing,1451.6346319288627,69,17,88,314,allocated,1875.7031082537023,69,71,88,164,existing,1514.8132660372999,69,73,88,498,existing,1968.664042527208,69,49,88,687,allocated,2009.4618262018507
70,70,52,89,382,existing,654.0118188033947,70,52,89,276,existing,581.6921793762633,70,21,89,332,allocated,993.4203684069587,70,70,89,101,existing,1105.2370596273017,70,69,89,331,existing,1449.7453563339398,70,72,89,12,existing,1499.4319595607215,70,74,89,308,existing,1517.385558844274,70,17,89,314,allocated,1941.454035169114,70,71,89,164,existing,1580.5641929527114,70,73,89,498,existing,2034.4149694426194,70,49,89,687,allocated,2075.2127531172623
71,71,64,90,542,existing,119.60634697219163,71,64,90,101,allocated,536.3373069595751,71,70,90,101,existing,536.3373069595751,71,21,90,332,allocated,1541.1120575789046,71,74,90,308,existing,1672.0333345178935,71,72,90,12,existing,1654.079735234341,71,71,90,164,existing,1735.2119686263306,71,49,90,687,allocated,2265.49882131998,71,17,90,314,allocated,2131.7401033718315,71,73,90,498,existing,2189.062745116239,71,69,90,331,existing,2351.455996079955
72,72,46,92,611,allocated,389.84247972816024,72,46,92,529,existing,525.6195965738389,72,73,92,498,existing,850.960206176602,72,74,92,308,existing,1367.9896167749475,72,71,92,164,existing,1467.07544945049,72,72,92,12,existing,1385.9432160585002,72,70,92,101,existing,2503.685644333266,72,49,92,687,allocated,1807.785720193217,72,17,92,314,allocated,1941.5444381413654,72,21,92,332,allocated,1891.9548072122625,72,69,92,331,existing,2706.060099811683
73,73,46,93,611,allocated,295.8792584078592,73,46,93,529,existing,431.6563752535378,73,73,93,498,existing,944.9234274969031,73,74,93,308,existing,1461.9528380952484,73,72,93,12,existing,1479.906437378801,73,71,93,164,existing,1561.0386707707908,73,70,93,101,existing,2597.648865653567,73,49,93,687,allocated,1713.8224988729157,73,17,93,314,allocated,1847.5812168210641,73,21,93,332,allocated,1985.9180285325638,73,69,93,331,existing,2612.0968784913816
74,74,8,95,114,allocated,420.92944448191747,74,8,95,464,existing,1173.998200454077,74,17,95,314,allocated,1454.1527304125068,74,69,95,331,existing,1582.2228762031416,74,21,95,332,allocated,2175.039095649735,74,49,95,687,allocated,1587.911448360655,74,73,95,498,existing,2938.067647795251,74,71,95,164,existing,2324.7409198812825,74,74,95,308,existing,2421.0382371969063,74,72,95,12,existing,2405.873153273272,74,70,95,101,existing,3031.26360070571
75,75,68,98,642,existing,573.9110221007556,75,68,98,276,existing,470.929727656511,75,70,98,101,existing,1045.807046356975,75,21,98,332,allocated,1158.5336498261836,75,69,98,331,existing,1614.8586377531647,75,72,98,12,existing,1664.5452409799464,75,74,98,308,existing,1682.498840263499,75,17,98,314,allocated,2106.567316588339,75,71,98,164,existing,1745.6774743719361,75,73,98,498,existing,2199.5282508618443,75,49,98,687,allocated,2240.3260345364874
76,76,64,101,542,existing,416.7309599873835,76,64,101,101,allocated,0.0,76,70,101,101,existing,0.0,76,21,101,332,allocated,1004.7747506193294,76,72,101,12,existing,1117.7424282747659,76,74,101,308,existing,1135.6960275583185,76,71,101,164,existing,1198.8746616667556,76,49,101,687,allocated,1729.161514360405,76,17,101,314,allocated,1595.4027964122565,76,73,101,498,existing,1652.7254381566638,76,69,101,331,existing,1815.1186891203802
77,77,67,102,584,existing,497.23015340857063,77,67,102,101,allocated,138.72337384164288,77,70,102,101,existing,138.72337384164288,77,21,102,332,allocated,911.5244143830262,77,74,102,308,existing,1274.4194013999613,77,72,102,12,existing,1256.4658021164087,77,71,102,164,existing,1337.5980355083984,77,17,102,314,allocated,1734.1261702538993,77,73,102,498,existing,1791.4488119983066,77,69,102,331,existing,1692.8318484508118,77,49,102,687,allocated,1867.8848882020477
78,78,62,103,184,existing,335.7209670242636,78,62,103,184,allocated,335.7209670242636,78,17,103,314,allocated,935.1540035186229,78,49,103,687,allocated,1000.8404317834165,78,69,103,331,existing,1691.6433233969292,78,71,103,164,existing,1768.1711766332096,78,72,103,12,existing,1849.3034100251994,78,74,103,308,existing,1857.3506696158263,78,73,103,498,existing,2247.8508215993343,78,21,103,332,allocated,1883.1876702807783,78,70,103,101,existing,2530.5567999308796
79,79,62,104,184,existing,292.94278661771676,79,62,104,184,allocated,292.94278661771676,79,17,104,314,allocated,892.3758231120761,79,49,104,687,allocated,958.0622513768698,79,71,104,164,existing,1725.3929962266627,79,69,104,331,existing,1648.8651429903825,79,72,104,12,existing,1806.5252296186525,79,74,104,308,existing,1814.5724892092796,79,73,104,498,existing,2273.8570568046434,79,21,104,332,allocated,1840.4094898742312,79,70,104,101,existing,2487.7786195243325
80,80,57,105,498,existing,398.7403438371779,80,57,105,498,allocated,398.7403438371779,80,73,105,498,existing,398.7403438371779,80,74,105,308,existing,915.7697544355232,80,71,105,164,existing,1014.8555871110656,80,72,105,12,existing,933.7233537190758,80,70,105,101,existing,2051.4657819938416,80,17,105,314,allocated,1531.4487540506132,80,21,105,332,allocated,1439.7349448728385,80,49,105,687,allocated,1397.6900361024648,80,69,105,331,existing,2295.964415720931
81,81,57,106,498,existing,365.041530192631,81,57,106,498,allocated,365.041530192631,81,73,106,498,existing,365.041530192631,81,74,106,308,existing,523.5781582701525,81,71,106,164,existing,549.7594208619521,81,72,106,12,existing,541.5317575537051,81,49,106,687,allocated,1020.5605700108499,81,70,106,101,existing,1659.274185828471,81,21,106,332,allocated,1047.5433487074679,81,17,106,314,allocated,1132.7211864195551,81,69,106,331,existing,1824.7533740972124
82,82,57,107,498,existing,384.2219324834684,82,57,107,498,allocated,384.2219324834684,82,73,107,498,existing,384.2219324834684,82,74,107,308,existing,542.7585605609898,82,71,107,164,existing,566.8937962699716,82,72,107,12,existing,560.7121598445425,82,49,107,687,allocated,1010.0659270915,82,70,107,101,existing,1678.4545881193085,82,21,107,332,allocated,1066.7237509983054,82,17,107,314,allocated,1130.6974313516137,82,69,107,331,existing,1837.8473510034003
83,83,54,110,419,existing,228.9386771204122,83,54,110,568,existing,476.7914067207322,83,71,110,164,existing,88.6925395534459,83,74,110,308,existing,153.90919156436127,83,72,110,12,existing,169.8247729454357,83,21,110,332,allocated,637.9668496399088,83,17,110,314,allocated,821.357708504413,83,73,110,498,existing,670.9386021627066,83,49,110,687,allocated,902.0461924809905,83,69,110,331,existing,1258.4039355907755,83,70,110,101,existing,1282.6531834534492
84,84,60,111,365,existing,295.0174352608981,84,60,111,568,existing,405.6192170847563,84,71,111,164,existing,159.86472918942172,84,74,111,308,existing,225.08138120033712,84,72,111,12,existing,240.99696258141154,84,21,111,332,allocated,566.794660003933,84,49,111,687,allocated,830.8740028450147,84,73,111,498,existing,742.1107917986824,84,69,111,331,existing,1187.2317459547996,84,17,111,314,allocated,750.1855188684373,84,70,111,101,existing,1211.4809938174735
85,85,60,112,365,existing,160.55715203377582,85,60,112,327,existing,133.55385771867148,85,21,112,332,allocated,400.76491855079195,85,71,112,164,existing,550.4667427823396,85,17,112,314,allocated,584.1442856830583,85,72,112,12,existing,631.5989761743293,85,73,112,498,existing,1163.7934706963088,85,74,112,308,existing,646.7640600979635,85,69,112,331,existing,1021.2020045016586,85,49,112,687,allocated,717.9030036312066,85,70,112,101,existing,1256.989423606767
86,86,60,113,365,existing,207.41738600209797,86,60,113,327,existing,86.69362375034936,86,21,113,332,allocated,447.62515251911407,86,17,113,314,allocated,537.2840517147362,86,71,113,164,existing,597.3269767506617,86,49,113,687,allocated,671.0427696628844,86,72,113,12,existing,678.4592101426515,86,73,113,498,existing,1210.6537046646308,86,69,113,331,existing,1033.3717640298678,86,74,113,308,existing,693.6242940662855,86,70,113,101,existing,1303.8496575750894
87,87,46,116,611,allocated,336.5101671170914,87,46,116,529,existing,200.7330502714128,87,73,116,498,existing,662.889426627418,87,74,116,308,existing,1179.9188372257634,87,49,116,687,allocated,1269.0320373342518,87,72,116,12,existing,1197.872436509316,87,17,116,314,allocated,1402.7907552824001,87,71,116,164,existing,1279.0046699013058,87,69,116,331,existing,2167.306416952718,87,21,116,332,allocated,1703.8840276630785,87,70,116,101,existing,2315.614864784082
88,88,46,117,611,allocated,115.98090334083543,88,46,117,529,existing,251.75802018651402,88,73,117,498,existing,890.3814436582654,88,74,117,308,existing,1407.4108542566107,88,72,117,12,existing,1425.3644535401634,88,49,117,687,allocated,1422.9375638919034,88,71,117,164,existing,1506.4966869321531,88,21,117,332,allocated,1931.376044693926,88,17,117,314,allocated,1556.6962818400518,88,69,117,331,existing,2321.2119435103696,88,70,117,101,existing,2543.1068818149292
89,89,66,118,570,existing,492.6345575706366,89,66,118,353,existing,564.6130187685578,89,69,118,331,existing,392.18238708202176,89,21,118,332,allocated,464.5061682796869,89,71,118,164,existing,923.8334227574912,89,72,118,12,existing,970.5177594334498,89,74,118,308,existing,988.4713587170024,89,49,118,687,allocated,1290.4567667004876,89,17,118,314,allocated,1156.6980487523394,89,70,118,101,existing,1422.9363020383582,89,73,118,498,existing,1505.5007693153477
90,90,51,119,570,existing,565.060927271213,90,51,119,353,existing,637.0393884691342,90,69,119,331,existing,319.75601738144536,90,21,119,332,allocated,536.9325379802633,90,71,119,164,existing,996.2597924580676,90,72,119,12,existing,1042.9441291340263,90,17,119,314,allocated,1084.271679051763,90,74,119,308,existing,1060.897728417579,90,70,119,101,existing,1495.3626717389348,90,49,119,687,allocated,1218.0303969999113,90,73,119,498,existing,1577.9271390159242
91,91,46,120,611,allocated,414.3593050735541,91,46,120,529,existing,278.58218822787546,91,73,120,498,existing,683.2585211648344,91,74,120,308,existing,1200.2879317631796,91,71,120,164,existing,1299.373764438722,91,72,120,12,existing,1218.2415310467322,91,70,120,101,existing,2335.9839593214983,91,21,120,332,allocated,1724.253122200495,91,17,120,314,allocated,1750.0544593469208,91,49,120,687,allocated,1616.2957413987724,91,69,120,331,existing,2514.5701210172383
92,92,46,121,611,allocated,359.2906844493995,92,46,121,529,existing,223.51356760372093,92,73,121,498,existing,738.3271417889889,92,74,121,308,existing,1255.3565523873342,92,71,121,164,existing,1354.4423850628766,92,72,121,12,existing,1273.3101516708869,92,21,121,332,allocated,1779.3217428246496,92,17,121,314,allocated,1694.9858387227662,92,49,121,687,allocated,1561.2271207746178,92,70,121,101,existing,2391.0525799456527,92,69,121,331,existing,2459.501500393084
93,93,46,122,611,allocated,299.86067462035135,93,46,122,529,existing,164.08355777467276,93,73,122,498,existing,710.5900889433847,93,74,122,308,existing,1227.61949954173,93,71,122,164,existing,1326.7053322172724,93,72,122,12,existing,1245.5730988252826,93,70,122,101,existing,2363.3155271000483,93,49,122,687,allocated,1501.7971109455698,93,17,122,314,allocated,1635.5558288937182,93,21,122,332,allocated,1751.5846899790452,93,69,122,331,existing,2400.0714905640357
94,94,58,123,306,existing,412.1583377535318,94,58,123,529,existing,704.3825218708687,94,73,123,498,existing,1420.6373214957155,94,74,123,308,existing,1937.666732094061,94,49,123,687,allocated,1966.1739586469366,94,72,123,12,existing,1955.6203313776136,94,69,123,331,existing,2864.4483382654025,94,71,123,164,existing,2036.7525647696034,94,17,123,314,allocated,2099.932676595085,94,21,123,332,allocated,2461.631922531376,94,70,123,101,existing,3073.3627596523793
95,95,46,124,611,allocated,400.44533502579037,95,46,124,529,existing,536.2224518714689,95,73,124,498,existing,1252.4772514963158,95,74,124,308,existing,1769.5066620946614,95,72,124,12,existing,1787.460261378214,95,49,124,687,allocated,1798.0138886475368,95,69,124,331,existing,2696.288268266003,95,71,124,164,existing,1868.5924947702038,95,17,124,314,allocated,1931.7726065956851,95,21,124,332,allocated,2293.4718525319763,95,70,124,101,existing,2905.2026896529796
96,96,46,125,611,allocated,360.44822111161085,96,46,125,529,existing,496.2253379572894,96,73,125,498,existing,1112.1863846870945,96,74,125,308,existing,1629.21579528544,96,72,125,12,existing,1647.1693945689926,96,71,125,164,existing,1728.3016279609824,96,49,125,687,allocated,1778.3914615766676,96,17,125,314,allocated,1912.150179524816,96,21,125,332,allocated,2153.180985722755,96,69,125,331,existing,2676.6658411951335,96,70,125,101,existing,2764.9118228437583
97,97,46,126,611,allocated,287.8141907258634,97,46,126,529,existing,423.59130757154196,97,73,126,498,existing,1138.771761711353,97,74,126,308,existing,1655.8011723096984,97,49,126,687,allocated,1705.75743119092,97,72,126,12,existing,1673.754771593251,97,71,126,164,existing,1754.8870049852408,97,69,126,331,existing,2604.031810809386,97,17,126,314,allocated,1839.5161491390684,97,21,126,332,allocated,2179.7663627470138,97,70,126,101,existing,2791.4971998680167
98,98,58,127,306,existing,375.34674822077295,98,58,127,529,existing,802.0591157065141,98,73,127,498,existing,806.3526069378697,98,74,127,308,existing,1323.382017536215,98,72,127,12,existing,1341.3356168197677,98,71,127,164,existing,1422.4678502117574,98,70,127,101,existing,2459.0780450945335,98,21,127,332,allocated,1847.3472079735302,98,17,127,314,allocated,2217.9839572740407,98,49,127,687,allocated,2084.2252393258923,98,69,127,331,existing,2704.035763335239
99,99,65,128,306,existing,449.96726548186155,99,65,128,529,existing,727.4385984454256,99,73,128,498,existing,880.9731241989583,99,74,128,308,existing,1398.0025347973037,99,71,128,164,existing,1497.0883674728461,99,72,128,12,existing,1415.9561340808564,99,70,128,101,existing,2533.698562355622,99,21,128,332,allocated,1921.967725234619,99,49,128,687,allocated,2009.6047220648036,99,17,128,314,allocated,2143.3634400129517,99,69,128,331,existing,2778.656280596328
100,100,46,129,611,allocated,421.07334881517033,100,46,129,529,existing,285.29623196949177,100,73,129,498,existing,611.9615243034699,100,74,129,308,existing,1128.9909349018153,100,49,129,687,allocated,1199.5995174366033,100,72,129,12,existing,1146.944534185368,100,71,129,164,existing,1220.610002184544,100,69,129,331,existing,2097.8738970550694,100,17,129,314,allocated,1333.3582353847517,100,21,129,332,allocated,1652.9561253391303,100,70,129,101,existing,2264.6869624601336
101,101,46,130,611,allocated,368.4003447058504,101,46,130,529,existing,343.683008576496,101,73,130,498,existing,670.3483009104741,101,74,130,308,existing,1187.3777115088194,101,49,130,687,allocated,1257.9862940436074,101,72,130,12,existing,1205.331310792372,101,71,130,164,existing,1278.9967787915484,101,69,130,331,existing,2156.2606736620733,101,17,130,314,allocated,1391.7450119917557,101,21,130,332,allocated,1711.3429019461346,101,70,130,101,existing,2323.073739067138
102,102,61,131,162,existing,720.636142428018,102,61,131,138,existing,578.2704462897594,102,49,131,687,allocated,744.0032216218956,102,17,131,314,allocated,877.761939570044,102,73,131,498,existing,1343.3519426376963,102,71,131,164,existing,1440.3629130437039,102,74,131,308,existing,1505.5795650546193,102,69,131,331,existing,1640.8904142333904,102,21,131,332,allocated,1821.5715695741246,102,72,131,12,existing,1521.4951464356936,102,70,131,101,existing,2467.501166586413
103,103,61,132,162,existing,629.9524048706893,103,61,132,138,existing,487.5867087324307,103,49,132,687,allocated,653.3194840645668,103,17,132,314,allocated,787.0782020127151,103,73,132,498,existing,1252.6682050803674,103,71,132,164,existing,1349.679175486375,103,74,132,308,existing,1414.8958274972904,103,69,132,331,existing,1550.2066766760618,103,21,132,332,allocated,1730.8878320167958,103,72,132,12,existing,1430.8114088783648,103,70,132,101,existing,2376.8174290290845
104,104,57,133,498,existing,218.85196459861217,104,57,133,498,allocated,218.85196459861217,104,73,133,498,existing,218.85196459861217,104,74,133,308,existing,678.0998118452117,104,71,133,164,existing,733.5430985028701,104,72,133,12,existing,696.0534111287643,104,70,133,101,existing,1813.7958394035302,104,21,133,332,allocated,1202.065002282527,104,17,133,314,allocated,1316.504864060473,104,49,133,687,allocated,1204.3442476517675,104,69,133,331,existing,2008.5370517381302
105,105,57,134,498,existing,265.6473356237348,105,57,134,498,allocated,265.6473356237348,105,73,134,498,existing,265.6473356237348,105,74,134,308,existing,724.8951828703343,105,72,134,12,existing,742.848782153887,105,71,134,164,existing,780.3384695279926,105,49,134,687,allocated,1251.1396186768902,105,70,134,101,existing,1860.5912104286526,105,21,134,332,allocated,1248.8603733076498,105,17,134,314,allocated,1363.3002350855957,105,69,134,331,existing,2055.332422763253
106,106,61,137,162,existing,255.34074416611628,106,61,137,138,existing,65.2418742513648,106,49,137,687,allocated,230.97464958350093,106,17,137,314,allocated,364.73336753164926,106,74,137,308,existing,991.7990698564936,106,71,137,164,existing,926.5824178455782,106,73,137,498,existing,1243.7006041208256,106,21,137,332,allocated,1307.791074375999,106,69,137,331,existing,1129.249029201967,106,72,137,12,existing,1007.714651237568,106,70,137,101,existing,1953.7206713882874
107,107,53,139,630,existing,573.8313412140723,107,53,139,568,existing,472.72614712986945,107,71,139,164,existing,469.65767293335114,107,74,139,308,existing,534.8743249442665,107,73,139,498,existing,625.6539498674406,107,72,139,12,existing,550.789906325341,107,21,139,332,allocated,943.7038684715362,107,17,139,314,allocated,872.1087667447455,107,49,139,687,allocated,759.9481503360403,107,69,139,331,existing,1564.140954422403,107,70,139,101,existing,1588.3902022850766
108,108,53,140,630,existing,519.367739852431,108,53,140,568,existing,418.26254576822816,108,71,140,164,existing,426.0148728794206,108,74,140,308,existing,491.23152489033595,108,73,140,498,existing,680.117551229082,108,72,140,12,existing,507.1471062714104,108,21,140,332,allocated,889.240267109895,108,17,140,314,allocated,817.6451653831043,108,49,140,687,allocated,705.4845489743989,108,69,140,331,existing,1509.6773530607616,108,70,140,101,existing,1533.9266009234354
109,109,53,141,630,existing,500.3968614156562,109,53,141,568,existing,392.00018173741887,109,71,141,164,existing,441.13460994507835,109,74,141,308,existing,506.3512619559938,109,49,141,687,allocated,678.042782686216,109,72,141,12,existing,522.2668433370682,109,21,141,332,allocated,885.3871206472494,109,17,141,314,allocated,798.6742869463295,109,73,141,498,existing,707.559317517265,109,69,141,331,existing,1505.824206598116,109,70,141,101,existing,1530.07345446079
110,110,53,142,630,existing,389.5176003833129,110,53,142,568,existing,288.4124062991101,110,71,142,164,existing,390.0270267984675,110,74,142,308,existing,455.2436788093829,110,17,142,314,allocated,687.7950259139861,110,72,142,12,existing,471.1592601904573,110,73,142,498,existing,818.4385785496082,110,21,142,332,allocated,774.5078596149061,110,49,142,687,allocated,750.7537021110124,110,69,142,331,existing,1394.9449455657727,110,70,142,101,existing,1419.1941934284466
111,111,46,143,611,allocated,430.44508675787534,111,46,143,529,existing,566.2222036035539,111,73,143,498,existing,1042.18951904083,111,74,143,308,existing,1559.2189296391753,111,72,143,12,existing,1577.172528922728,111,71,143,164,existing,1658.3047623147177,111,70,143,101,existing,2694.914957197494,111,49,143,687,allocated,1848.388327222932,111,17,143,314,allocated,1982.1470451710804,111,21,143,332,allocated,2083.1841200764907,111,69,143,331,existing,2746.662706841398
112,112,46,144,611,allocated,548.4884348589276,112,46,144,529,existing,412.711318013249,112,73,144,498,existing,598.243206040107,112,49,144,687,allocated,1057.0537695924156,112,72,144,12,existing,1075.4446525702592,112,74,144,308,existing,1057.4910532867066,112,69,144,331,existing,1955.3281492108817,112,71,144,164,existing,1112.9343399443649,112,17,144,314,allocated,1190.812487540564,112,21,144,332,allocated,1581.456243724022,112,70,144,101,existing,2193.187080845025
113,113,46,145,611,allocated,572.2427098878444,113,46,145,529,existing,572.2320787145122,113,73,145,498,existing,757.7639667413703,113,49,145,687,allocated,933.4603553082488,113,74,145,308,existing,1217.0118139879696,113,17,145,314,allocated,1067.2190732563972,113,21,145,332,allocated,1740.977004425285,113,71,145,164,existing,1272.4551006456281,113,72,145,12,existing,1234.9654132715223,113,69,145,331,existing,1831.7347349267147,113,70,145,101,existing,2352.7078415462884
114,114,46,146,611,allocated,473.51881347804067,114,46,146,529,existing,337.7416966323621,114,73,146,498,existing,544.3853978401692,114,74,146,308,existing,1061.4148084385145,114,72,146,12,existing,1079.368407722067,114,71,146,164,existing,1160.5006411140569,114,69,146,331,existing,2150.3193617179395,114,49,146,687,allocated,1252.0449820994736,114,17,146,314,allocated,1385.803700047622,114,21,146,332,allocated,1585.3799988758296,114,70,146,101,existing,2197.110835996833
115,115,46,147,611,allocated,1005.6097717048322,115,46,147,138,existing,1005.457964139744,115,49,147,687,allocated,1171.19073947188,115,73,147,498,existing,1278.8908532893945,115,17,147,314,allocated,1304.9494574200285,115,71,147,164,existing,1727.4258046109176,115,21,147,332,allocated,2195.0421083275646,115,74,147,308,existing,1738.138700535994,115,72,147,12,existing,1756.0922998195467,115,69,147,331,existing,2069.465119090346,115,70,147,101,existing,2840.9717053398535
116,116,46,148,611,allocated,1133.1625207656284,116,46,148,138,existing,1133.01071320054,116,49,148,687,allocated,1298.743488532676,116,73,148,498,existing,1406.4436023501908,116,71,148,164,existing,1854.9785536717136,116,17,148,314,allocated,1432.5022064808245,116,21,148,332,allocated,2322.5948573883607,116,72,148,12,existing,1883.645048880343,116,74,148,308,existing,1865.6914495967903,116,69,148,331,existing,2197.017868151142,116,70,148,101,existing,2968.5244544006496
117,117,57,149,498,existing,437.0107071251736,117,57,149,498,allocated,437.0107071251736,117,73,149,498,existing,437.0107071251736,117,74,149,308,existing,896.2585543717731,117,71,149,164,existing,921.8073844110987,117,72,149,12,existing,914.2121536553258,117,70,149,101,existing,2031.9545819300915,117,17,149,314,allocated,1345.622598470437,117,49,149,687,allocated,1211.8638805222886,117,21,149,332,allocated,1420.2237448090887,117,69,149,331,existing,2110.1382601407545
118,118,46,150,611,allocated,567.0609171190711,118,46,150,529,existing,431.2838002733924,118,73,150,498,existing,610.3933003151901,118,49,150,687,allocated,1038.4812873322721,118,74,150,308,existing,1069.6411475617897,118,72,150,12,existing,1087.5947468453423,118,21,150,332,allocated,1593.606337999105,118,71,150,164,existing,1095.189977601115,118,17,150,314,allocated,1172.2400052804205,118,69,150,331,existing,1936.755666950738,118,70,150,101,existing,2205.337175120108
119,119,61,151,162,existing,598.7243365081488,119,61,151,138,existing,456.3586403698902,119,49,151,687,allocated,622.0914157020263,119,17,151,314,allocated,755.8501336501747,119,71,151,164,existing,1318.4511071238346,119,73,151,498,existing,1253.9748419952352,119,21,151,332,allocated,1699.6597636542554,119,74,151,308,existing,1383.66775913475,119,69,151,331,existing,1518.9786083135214,119,72,151,12,existing,1399.5833405158244,119,70,151,101,existing,2345.589360666544
120,120,61,152,162,existing,623.7165027081058,120,61,152,138,existing,481.3508065698473,120,49,152,687,allocated,647.0835819019834,120,17,152,314,allocated,780.8422998501318,120,71,152,164,existing,1343.4432733237913,120,73,152,498,existing,1401.4266925851146,120,21,152,332,allocated,1724.6519298542125,120,69,152,331,existing,1543.9707745134783,120,74,152,308,existing,1408.6599253347067,120,72,152,12,existing,1424.575506715781,120,70,152,101,existing,2370.581526866501
121,121,57,153,498,existing,472.15493038498136,121,57,153,498,allocated,472.15493038498136,121,73,153,498,existing,472.15493038498136,121,74,153,308,existing,708.9571300404311,121,71,153,164,existing,733.0923657494129,121,72,153,12,existing,726.9107293239838,121,70,153,101,existing,1844.6531575987497,121,49,153,687,allocated,1176.2644965709414,121,21,153,332,allocated,1232.9223204777468,121,17,153,314,allocated,1296.896000831055,121,69,153,331,existing,2004.0459204828417
122,122,57,154,498,existing,411.3184683008498,122,57,154,498,allocated,411.3184683008498,122,73,154,498,existing,411.3184683008498,122,74,154,308,existing,769.7935921245628,122,71,154,164,existing,793.9288278335446,122,72,154,12,existing,787.7471914081154,122,70,154,101,existing,1905.4896196828813,122,49,154,687,allocated,1237.1009586550729,122,21,154,332,allocated,1293.7587825618782,122,17,154,314,allocated,1357.7324629151865,122,69,154,331,existing,2064.8823825669733
123,123,61,155,162,existing,547.2334499055565,123,61,155,138,existing,404.86775376729787,123,49,155,687,allocated,570.6005290994341,123,17,155,314,allocated,704.3592470475824,123,71,155,164,existing,1266.9602205212423,123,73,155,498,existing,1169.9492501152347,123,21,155,332,allocated,1648.168877051663,123,74,155,308,existing,1332.1768725321576,123,69,155,331,existing,1467.487721710929,123,72,155,12,existing,1348.092453913232,123,70,155,101,existing,2294.0984740639515
124,124,63,156,184,existing,815.780123323687,124,63,156,184,allocated,815.780123323687,124,17,156,314,allocated,1415.2131598180463,124,49,156,687,allocated,1480.8995880828402,124,73,156,498,existing,1863.4727447498872,124,69,156,331,existing,2171.702479696353,124,21,156,332,allocated,2363.2468265802017,124,72,156,12,existing,2329.362566324623,124,74,156,308,existing,2322.7205919964867,124,71,156,164,existing,2248.2303329326332,124,70,156,101,existing,3010.615956230303
125,125,63,157,184,existing,543.8495068885594,125,63,157,184,allocated,543.8495068885594,125,17,157,314,allocated,1143.282543382919,125,49,157,687,allocated,1208.9689716477124,125,71,157,164,existing,1976.2997164975054,125,69,157,331,existing,1899.771863261225,125,21,157,332,allocated,2091.3162101450744,125,74,157,308,existing,2065.4792094801223,125,72,157,12,existing,2057.431949889495,125,73,157,498,existing,2129.3956800008114,125,70,157,101,existing,2738.6853397951754
126,126,46,158,611,allocated,170.62964890101955,126,46,158,529,existing,306.40676574669817,126,73,158,498,existing,1170.029242645529,126,49,158,687,allocated,1271.435764904133,126,17,158,314,allocated,1405.1944828522815,126,74,158,308,existing,1687.0586532438742,126,71,158,164,existing,1786.1444859194166,126,21,158,332,allocated,2211.0238436811896,126,72,158,12,existing,1705.0122525274269,126,69,158,331,existing,2169.710144522599,126,70,158,101,existing,2822.754680802193
127,127,46,159,611,allocated,219.21066977114444,127,46,159,529,existing,354.98778661682303,127,73,159,498,existing,1218.610263515654,127,49,159,687,allocated,1222.854744034008,127,74,159,308,existing,1735.6396741139993,127,17,159,314,allocated,1356.6134619821564,127,69,159,331,existing,2121.129123652474,127,21,159,332,allocated,2246.706112889693,127,72,159,12,existing,1753.593273397552,127,71,159,164,existing,1779.0898091730455,127,70,159,101,existing,2871.3357016723176
128,128,57,160,498,existing,466.4817198860355,128,57,160,498,allocated,466.4817198860355,128,71,160,164,existing,448.3192311685476,128,73,160,498,existing,466.4817198860355,128,72,160,12,existing,529.4514645605375,128,74,160,308,existing,513.5358831794631,128,70,160,101,existing,1647.1938928353031,128,17,160,314,allocated,1031.2809967261508,128,49,160,687,allocated,919.1203803174453,128,21,160,332,allocated,1035.4630557143003,128,69,160,331,existing,1723.3131844038082
129,129,54,161,419,existing,561.6837670106866,129,54,161,568,existing,520.9461906195004,129,71,161,164,existing,421.43762944372025,129,74,161,308,existing,486.6542814546357,129,72,161,12,existing,502.56986283571007,129,73,161,498,existing,577.4339063778098,129,21,161,332,allocated,991.9239119611672,129,17,161,314,allocated,920.3288102343764,129,69,161,331,existing,1612.3609979120338,129,49,161,687,allocated,808.1681938256711,129,70,161,101,existing,1620.3122911104758
130,130,61,162,162,existing,0.0,130,61,162,138,existing,190.09886991475148,130,17,162,314,allocated,163.76495192706608,130,49,162,687,allocated,229.45138019185976,130,71,162,164,existing,996.7821250416529,130,69,162,331,existing,920.2542718053725,130,72,162,12,existing,1077.9143584336425,130,21,162,332,allocated,1111.7986186892213,130,73,162,498,existing,1409.9681947860963,130,74,162,308,existing,1085.9616180242695,130,70,162,101,existing,1759.1677483393223
131,131,67,166,584,existing,294.50139489168464,131,67,166,101,allocated,295.9790947531892,131,70,166,101,existing,295.9790947531892,131,21,166,332,allocated,708.7956558661402,131,72,166,12,existing,1087.4103556457108,131,74,166,308,existing,1105.3639549292634,131,69,166,331,existing,1519.139594367191,131,71,166,164,existing,1168.5425890377005,131,73,166,498,existing,1622.3933655276087,131,17,166,314,allocated,1565.0707237832012,131,49,166,687,allocated,1698.8294417313496
132,132,66,168,570,existing,127.65846103321297,132,66,168,327,existing,396.7602901755415,132,21,168,332,allocated,155.78685032416263,132,71,168,164,existing,524.5927585414435,132,72,168,12,existing,605.5416628960262,132,74,168,308,existing,623.4952621795788,132,73,168,498,existing,1140.524672777924,132,17,168,314,allocated,810.4751806682334,132,49,168,687,allocated,944.2338986163818,132,69,168,331,existing,1012.4754056858712,132,70,168,101,existing,1156.9827758359356
133,133,67,169,584,existing,540.0659523325459,133,67,169,101,allocated,221.07145292365473,133,70,169,101,existing,221.07145292365473,133,21,169,332,allocated,954.3602133070015,133,74,169,308,existing,1356.7674804819733,133,72,169,12,existing,1338.8138811984206,133,71,169,164,existing,1419.9461145904104,133,17,169,314,allocated,1816.4742493359113,133,73,169,498,existing,1873.7968910803188,133,69,169,331,existing,1611.211377072761,133,49,169,687,allocated,1950.2329672840597
134,134,67,170,584,existing,745.1421975015278,134,67,170,101,allocated,518.4487143914138,134,70,170,101,existing,518.4487143914138,134,21,170,332,allocated,1159.4364584759835,134,72,170,12,existing,1636.1911426661795,134,74,170,308,existing,1654.1447419497322,134,69,170,331,existing,1684.8777122131453,134,17,170,314,allocated,2107.4701252381387,134,73,170,498,existing,2171.1741525480775,134,71,170,164,existing,1717.3233760581693,134,49,170,687,allocated,2241.228843186287
135,135,52,171,382,existing,686.650366166836,135,52,171,276,existing,575.7707981643746,135,21,171,332,allocated,1424.8270365447759,135,69,171,331,existing,1881.152024471757,135,74,171,308,existing,1948.7922269820913,135,72,171,12,existing,1930.8386276985386,135,70,171,101,existing,1991.2952682703308,135,73,171,498,existing,2465.821637580437,135,17,171,314,allocated,2372.860703306931,135,71,171,164,existing,2011.9708610905286,135,49,171,687,allocated,2506.6194212550795
136,136,68,172,642,existing,484.9691704087532,136,68,172,276,existing,594.928868033465,136,70,172,101,existing,1770.6908274546347,136,21,172,332,allocated,2056.32064510718,136,69,172,331,existing,2512.6456330341616,136,72,172,12,existing,2562.3322362609433,136,74,172,308,existing,2580.285835544496,136,17,172,314,allocated,3004.3543118693356,136,71,172,164,existing,2643.464469652933,136,73,172,498,existing,3097.315246142841,136,49,172,687,allocated,3138.113029817484
137,137,59,174,314,existing,561.9445576263747,137,59,174,327,existing,609.9936517222691,137,69,174,331,existing,336.68448855724944,137,17,174,314,allocated,561.9445576263747,137,49,174,687,allocated,695.703275574523,137,21,174,332,allocated,1041.2496271522416,137,73,174,498,existing,1907.3409801372493,137,72,174,12,existing,1375.14648561527,137,74,174,308,existing,1390.311569538904,137,71,174,164,existing,1294.0142522232802,137,70,174,101,existing,2000.5369330477079
138,138,59,175,314,existing,494.88786536972145,138,59,175,687,existing,628.6465833178697,138,69,175,331,existing,269.62779630059623,138,17,175,314,allocated,494.88786536972145,138,21,175,332,allocated,1108.3063194088948,138,49,175,687,allocated,628.6465833178697,138,72,175,12,existing,1442.2031778719231,138,74,175,308,existing,1457.368261795557,138,73,175,498,existing,1974.3976723939022,138,71,175,164,existing,1361.0709444799334,138,70,175,101,existing,2067.593625304361
139,139,61,178,162,existing,336.4981522495042,139,61,178,138,existing,194.13245611124557,139,49,178,687,allocated,359.86523144338173,139,17,178,314,allocated,493.62394939153006,139,74,178,308,existing,1121.4415748761053,139,71,178,164,existing,1056.22492286519,139,21,178,332,allocated,1437.4335793956106,139,73,178,498,existing,1414.0017809825904,139,69,178,331,existing,1256.7524240548767,139,72,178,12,existing,1137.3571562571797,139,70,178,101,existing,2083.3631764078996
140,140,61,179,162,existing,247.80020074063594,140,61,179,138,existing,105.43450460237736,140,49,179,687,allocated,271.1672799345135,140,17,179,314,allocated,404.9259978826618,140,74,179,308,existing,1032.743623367237,140,71,179,164,existing,967.5269713563216,140,21,179,332,allocated,1348.7356278867423,140,73,179,498,existing,1325.303829473722,140,69,179,331,existing,1168.0544725460084,140,72,179,12,existing,1048.6592047483114,140,70,179,101,existing,1994.6652248990313
141,141,36,180,495,allocated,1035.5063104221476,141,36,180,184,allocated,1201.8970237976807,141,49,180,687,allocated,1439.318588244425,141,17,180,314,allocated,1445.938037691546,141,71,180,164,existing,1995.5536533834625,141,73,180,498,existing,1547.0187020619396,141,72,180,12,existing,2024.2201485920918,141,21,180,332,allocated,2393.9717044537015,141,69,180,331,existing,2202.4273575698526,141,74,180,308,existing,2006.2665493085392,141,70,180,101,existing,3041.3408341038025
142,142,36,181,495,allocated,912.8758654164317,142,36,181,184,allocated,1079.266578791965,142,17,181,314,allocated,1323.3075926858303,142,49,181,687,allocated,1388.994020950624,142,73,181,498,existing,1650.6473329053924,142,69,181,331,existing,2079.7969125641366,142,71,181,164,existing,2099.1822842269153,142,72,181,12,existing,2127.8487794355447,142,74,181,308,existing,2109.895180151992,142,21,181,332,allocated,2271.3412594479855,142,70,181,101,existing,2918.710389098087
143,143,46,182,611,allocated,732.7702469842593,143,46,182,529,existing,596.9931301385807,143,73,182,498,existing,776.1026301803784,143,71,182,164,existing,940.2075244793449,143,74,182,308,existing,1005.4241764902603,143,72,182,12,existing,1021.3397578713347,143,17,182,314,allocated,1203.0765282784985,143,49,182,687,allocated,1069.31781033035,143,69,182,331,existing,1967.5921899488162,143,21,182,332,allocated,1527.3513490250975,143,70,182,101,existing,2139.0821861461004
144,144,57,183,498,existing,785.9315235745989,144,57,183,529,existing,662.7028392519236,144,73,183,498,existing,785.9315235745989,144,71,183,164,existing,874.497815366002,144,74,183,308,existing,939.7144673769174,144,72,183,12,existing,955.6300487579917,144,49,183,687,allocated,1003.6081012170072,144,17,183,314,allocated,1137.3668191651554,144,69,183,331,existing,1901.8824808354732,144,21,183,332,allocated,1461.6416399117545,144,70,183,101,existing,2073.3724770327576
145,145,63,184,184,existing,0.0,145,63,184,184,allocated,0.0,145,17,184,314,allocated,610.7573195210223,145,49,184,687,allocated,728.153390088039,145,71,184,164,existing,1495.484134937832,145,69,184,331,existing,1366.286462223827,145,74,184,308,existing,1584.6636279204488,145,21,184,332,allocated,1558.7909862831775,145,72,184,12,existing,1576.6163683298219,145,73,184,498,existing,2043.9481955158128,145,70,184,101,existing,2206.1601159332786
146,146,36,186,495,allocated,630.5179568747157,146,36,186,184,allocated,796.9086702502489,146,17,186,314,allocated,1040.9496841441141,146,49,186,687,allocated,1106.6361124089078,146,73,186,498,existing,1748.827375778915,146,69,186,331,existing,1797.4390040224205,146,71,186,164,existing,1873.9668572587007,146,72,186,12,existing,1955.0990906506904,146,21,186,332,allocated,1988.9833509062694,146,74,186,308,existing,1963.1463502413176,146,70,186,101,existing,2636.3524805563707
147,147,61,187,162,existing,607.5805164068896,147,61,187,138,existing,417.48164649213817,147,49,187,687,allocated,583.2144218242743,147,17,187,314,allocated,716.9731397724227,147,71,187,164,existing,897.6782073973995,147,74,187,308,existing,962.8948594083149,147,21,187,332,allocated,1341.9307180995704,147,72,187,12,existing,978.8104407893893,147,73,187,498,existing,1088.8687407616248,147,69,187,331,existing,1481.4888014427402,147,70,187,101,existing,1986.617051913111
148,148,61,188,162,existing,582.5961335722218,148,61,188,138,existing,392.49726365747034,148,49,188,687,allocated,558.2300389896064,148,17,188,314,allocated,691.9887569377547,148,71,188,164,existing,983.4803380231356,148,73,188,498,existing,1003.0666101358888,148,74,188,308,existing,1048.696990034051,148,21,188,332,allocated,1410.5900234451794,148,72,188,12,existing,1064.6125714151253,148,69,188,331,existing,1456.5044186080725,148,70,188,101,existing,2056.519620457468
149,149,62,189,184,existing,384.2583577239073,149,62,189,184,allocated,384.2583577239073,149,17,189,314,allocated,983.6913942182666,149,49,189,687,allocated,1049.3778224830603,149,71,189,164,existing,1816.7085673328534,149,69,189,331,existing,1740.180714096573,149,72,189,12,existing,1897.8408007248431,149,74,189,308,existing,1905.88806031547,149,73,189,498,existing,2199.313430899691,149,21,189,332,allocated,1931.725060980422,149,70,189,101,existing,2579.0941906305234
150,150,57,190,498,existing,624.4544357077077,150,57,190,498,allocated,624.4544357077077,150,73,190,498,existing,624.4544357077077,150,74,190,308,existing,982.9295595314206,150,71,190,164,existing,1007.0647952404024,150,72,190,12,existing,1000.8831588149733,150,21,190,332,allocated,1506.894749968736,150,70,190,101,existing,2118.625587089739,150,49,190,687,allocated,1411.2420411964995,150,17,190,314,allocated,1545.0007591446479,150,69,190,331,existing,2278.018349973831
151,151,57,191,498,existing,616.6832264356741,151,57,191,498,allocated,616.6832264356741,151,73,191,498,existing,616.6832264356741,151,74,191,308,existing,1002.6352008951308,151,71,191,164,existing,1026.7704366041125,151,72,191,12,existing,1020.5888001786834,151,70,191,101,existing,2138.331228453449,151,17,191,314,allocated,1525.2951177809377,151,49,191,687,allocated,1391.5363998327894,151,21,191,332,allocated,1526.6003913324462,151,69,191,331,existing,2289.8107794512553
152,152,61,192,162,existing,456.154091997853,152,61,192,568,existing,160.28512373966333,152,49,192,687,allocated,431.78799741523767,152,17,192,314,allocated,565.546715363386,152,74,192,308,existing,790.9857220247568,152,71,192,164,existing,725.7690700138414,152,72,192,12,existing,806.9013034058312,152,21,192,332,allocated,1106.9777265442622,152,73,192,498,existing,1083.545928131242,152,69,192,331,existing,1330.0623770337038,152,70,192,101,existing,1752.907323556551
153,153,61,193,162,existing,367.5689643345787,153,61,193,138,existing,177.47009441982726,153,49,193,687,allocated,343.20286975196336,153,17,193,314,allocated,476.9615877001117,153,74,193,308,existing,879.5708496880311,153,71,193,164,existing,814.3541976771157,153,69,193,331,existing,1241.4772493704295,153,21,193,332,allocated,1195.5628542075365,153,73,193,498,existing,1131.4723839523633,153,72,193,12,existing,895.4864310691055,153,70,193,101,existing,1841.492451219825
154,154,67,194,584,existing,400.6735845197146,154,67,194,353,existing,515.0236034093502,154,70,194,101,existing,642.2918456943183,154,21,194,332,allocated,814.9678454941702,154,72,194,12,existing,1316.4202602719743,154,74,194,308,existing,1334.373859555527,154,73,194,498,existing,1851.4032701538722,154,17,194,314,allocated,1763.0015122563254,154,69,194,331,existing,1340.409099231332,154,71,194,164,existing,1397.552493663964,154,49,194,687,allocated,1896.7602302044738
155,155,67,195,584,existing,345.7121154064076,155,67,195,353,existing,460.0621342960432,155,70,195,101,existing,697.2533148076253,155,21,195,332,allocated,760.0063763808632,155,72,195,12,existing,1261.458791158667,155,74,195,308,existing,1279.4123904422197,155,69,195,331,existing,1285.4476301180248,155,17,195,314,allocated,1708.0400431430185,155,71,195,164,existing,1342.5910245506568,155,73,195,498,existing,1796.4418010405652,155,49,195,687,allocated,1841.7987610911669
156,156,60,196,365,existing,343.55797303348714,156,60,196,568,existing,334.62958131409465,156,71,196,164,existing,244.82343860991898,156,74,196,308,existing,310.04009062083435,156,72,196,12,existing,325.9556720019088,156,21,196,332,allocated,615.335197776522,156,69,196,331,existing,1235.7722837273886,156,73,196,498,existing,827.0695012191798,156,17,196,314,allocated,679.3131057179937,156,49,196,687,allocated,757.9054729701726,156,70,196,101,existing,1260.0215315900625
157,157,53,197,630,existing,307.4454494360137,157,53,197,568,existing,385.2683821455444,157,71,197,164,existing,318.4136693612257,157,74,197,308,existing,383.6303213721411,157,17,197,314,allocated,605.722874966687,157,72,197,12,existing,399.5459027532155,157,21,197,332,allocated,688.9254285278288,157,73,197,498,existing,900.6597319704864,157,69,197,331,existing,1309.3625144786954,157,49,197,687,allocated,684.3152422188658,157,70,197,101,existing,1333.6117623413693
158,158,53,198,630,existing,214.8815434759189,158,53,198,568,existing,113.77634939171612,158,71,198,164,existing,451.70759688246187,158,17,198,314,allocated,513.1589690065921,158,74,198,308,existing,516.9242488933772,158,72,198,12,existing,532.8398302744517,158,49,198,687,allocated,576.1176452036185,158,73,198,498,existing,984.603747605594,158,69,198,331,existing,1277.6746306769098,158,21,198,332,allocated,832.9162534128826,158,70,198,101,existing,1478.8458504251714
159,159,53,199,630,existing,125.41748007905215,159,53,199,568,existing,203.2404127885829,159,17,199,314,allocated,423.6949056097254,159,71,199,164,existing,500.4416387181872,159,74,199,308,existing,565.6582907291026,159,49,199,687,allocated,502.2872728619043,159,72,199,12,existing,581.573872110177,159,69,199,331,existing,1188.210567280043,159,21,199,332,allocated,743.452190016016,159,73,199,498,existing,1074.0678110024608,159,70,199,101,existing,1389.3817870283046
160,160,67,200,584,existing,436.28772937504874,160,67,200,353,existing,550.6377482646844,160,70,200,101,existing,606.6777008389843,160,21,200,332,allocated,850.5819903495044,160,74,200,308,existing,1369.9880044108609,160,72,200,12,existing,1352.0344051273082,160,69,200,331,existing,1376.023244086666,160,73,200,498,existing,1887.0174150092062,160,17,200,314,allocated,1798.6156571116594,160,71,200,164,existing,1433.166638519298,160,49,200,687,allocated,1932.3743750598078
161,161,62,201,184,existing,388.83142348364584,161,62,201,464,existing,385.70988412746374,161,17,201,314,allocated,999.588743004668,161,49,201,687,allocated,1116.9848135716848,161,69,201,331,existing,1148.0628264036736,161,21,201,332,allocated,1740.8790458502667,161,71,201,164,existing,1884.3155584214778,161,72,201,12,existing,1965.4477918134676,161,73,201,498,existing,2432.7796189994588,161,74,201,308,existing,1973.4950514040945,161,70,201,101,existing,2594.9915394169248
162,162,8,202,114,allocated,365.9494939319847,162,8,202,464,existing,458.295129009037,162,17,202,314,allocated,1072.1739878862413,162,49,202,687,allocated,1189.570058453258,162,69,202,331,existing,1220.6480712852467,162,21,202,332,allocated,1813.4642907318398,162,73,202,498,existing,2505.364863881032,162,72,202,12,existing,2038.033036695041,162,74,202,308,existing,2046.0802962856678,162,71,202,164,existing,1956.9008033030511,162,70,202,101,existing,2667.576784298498
163,163,36,203,495,allocated,771.1485929864643,163,36,203,184,allocated,937.5393063619974,163,17,203,314,allocated,1181.5803202558627,163,49,203,687,allocated,1247.2667485206566,163,73,203,498,existing,1608.1967396671664,163,69,203,331,existing,1938.0696401341693,163,74,203,308,existing,2067.444586913766,163,72,203,12,existing,2085.398186197319,163,21,203,332,allocated,2129.613987018018,163,71,203,164,existing,2014.5974933704492,163,70,203,101,existing,2776.9831166681192
164,164,36,204,495,allocated,721.9075530309137,164,36,204,184,allocated,888.2982664064468,164,17,204,314,allocated,1132.3392803003123,164,49,204,687,allocated,1198.025708565106,164,69,204,331,existing,1888.8286001786187,164,73,204,498,existing,1657.437779622717,164,72,204,12,existing,2046.4886868068886,164,21,204,332,allocated,2080.3729470624676,164,74,204,308,existing,2054.5359463975155,164,71,204,164,existing,1965.3564534148989,164,70,204,101,existing,2727.7420767125686
165,165,46,205,611,allocated,1003.8986291123757,165,46,205,138,existing,1003.7468215472875,165,49,205,687,allocated,1169.4795968794238,165,73,205,498,existing,1277.1797106969382,165,17,205,314,allocated,1303.2383148275721,165,71,205,164,existing,1725.7146620184612,165,21,205,332,allocated,2193.3309657351083,165,74,205,308,existing,1736.4275579435377,165,72,205,12,existing,1754.3811572270904,165,69,205,331,existing,2067.7539764978897,165,70,205,101,existing,2839.260562747397
166,166,46,206,611,allocated,1059.6014492856207,166,46,206,138,existing,1059.4496417205328,166,49,206,687,allocated,1225.1824170526688,166,73,206,498,existing,1332.8825308701832,166,17,206,314,allocated,1358.9411350008172,166,71,206,164,existing,1781.4174821917063,166,21,206,332,allocated,2249.0337859083534,166,74,206,308,existing,1792.1303781167828,166,72,206,12,existing,1810.0839774003355,166,69,206,331,existing,2123.4567966711347,166,70,206,101,existing,2894.9633829206423
167,167,61,207,162,existing,471.2594748621227,167,61,207,138,existing,281.16060494737127,167,49,207,687,allocated,446.89338027950737,167,17,207,314,allocated,580.6520982276556,167,74,207,308,existing,826.573817863548,167,71,207,164,existing,761.3571658526326,167,72,207,12,existing,842.4893992446224,167,21,207,332,allocated,1205.6096765548034,167,73,207,498,existing,1027.7818734248192,167,69,207,331,existing,1345.1677598979734,167,70,207,101,existing,1850.296010368344
168,168,61,208,162,existing,515.8478352416632,168,61,208,138,existing,325.74896532691184,168,49,208,687,allocated,491.48174065904794,168,17,208,314,allocated,625.2404586071963,168,74,208,308,existing,871.1621782430886,168,71,208,164,existing,805.9455262321733,168,72,208,12,existing,887.077759624163,168,21,208,332,allocated,1250.1980369343441,168,73,208,498,existing,1072.3702338043597,168,69,208,331,existing,1389.756120277514,168,70,208,101,existing,1894.8843707478845
169,169,58,209,306,existing,694.0484687186154,169,58,209,529,existing,896.3651060800129,169,73,209,498,existing,1612.6199057048598,169,49,209,687,allocated,1878.5450613067308,169,17,209,314,allocated,2012.3037792548791,169,74,209,308,existing,2129.649316303205,169,71,209,164,existing,2228.7351489787475,169,69,209,331,existing,2776.819440925197,169,21,209,332,allocated,2653.6145067405205,169,72,209,12,existing,2147.6029155867577,169,70,209,101,existing,3265.3453438615234
170,170,67,210,584,existing,639.6323220795985,170,67,210,276,existing,709.2879298074797,170,70,210,101,existing,852.5963770482904,170,21,210,332,allocated,1053.9265830540542,170,74,210,308,existing,1573.3325971154104,170,72,210,12,existing,1555.3789978318578,170,73,210,498,existing,2090.3620077137557,170,17,210,314,allocated,2001.9602498162094,170,69,210,331,existing,1574.667059679105,170,71,210,164,existing,1636.5112312238475,170,49,210,687,allocated,2135.718967764358
171,171,58,211,306,existing,484.38619913824556,171,58,211,529,existing,889.2738344073817,171,73,211,498,existing,915.3920578553423,171,74,211,308,existing,1432.4214684536878,171,72,211,12,existing,1450.3750677372404,171,71,211,164,existing,1531.5073011292302,171,70,211,101,existing,2568.117496012006,171,21,211,332,allocated,1956.386658891003,171,17,211,314,allocated,2305.1986759749084,171,49,211,687,allocated,2171.43995802676,171,69,211,331,existing,2813.0752142527117
172,172,58,212,306,existing,503.180508414848,172,58,212,529,existing,870.4795251307793,172,73,212,498,existing,934.1863671319447,172,74,212,308,existing,1451.2157777302903,172,72,212,12,existing,1469.169377013843,172,71,212,164,existing,1550.3016104058327,172,70,212,101,existing,2586.911805288609,172,21,212,332,allocated,1975.1809681676054,172,49,212,687,allocated,2152.6456487501573,172,17,212,314,allocated,2286.4043666983057,172,69,212,331,existing,2831.8695235293144
173,173,46,213,611,allocated,678.0617107978668,173,46,213,529,existing,813.8388276435454,173,73,213,498,existing,1530.093627268392,173,74,213,308,existing,2047.1230378667376,173,49,213,687,allocated,2075.630264419613,173,72,213,12,existing,2065.0766371502905,173,71,213,164,existing,2146.2088705422802,173,69,213,331,existing,2973.904644038079,173,17,213,314,allocated,2209.3889823677614,173,21,213,332,allocated,2571.088228304053,173,70,213,101,existing,3182.819065425056
174,174,59,214,314,existing,570.5690492349387,174,59,214,327,existing,587.8866148288853,174,69,214,331,existing,503.0649863152574,174,17,214,314,allocated,570.5690492349387,174,49,214,687,allocated,704.327767183087,174,21,214,332,allocated,1069.6740282246874,174,73,214,498,existing,1885.2339432438655,174,72,214,12,existing,1353.0394487218862,174,74,214,308,existing,1368.2045326455202,174,71,214,164,existing,1271.9072153298964,174,70,214,101,existing,1978.429896154324
175,175,59,215,314,existing,498.4323188026266,175,59,215,327,existing,515.7498843965732,175,69,215,331,existing,430.9282558829453,175,17,215,314,allocated,498.4323188026266,175,49,215,687,allocated,632.1910367507749,175,21,215,332,allocated,1050.0686606660367,175,73,215,498,existing,1813.0972128115534,175,72,215,12,existing,1280.902718289574,175,74,215,308,existing,1296.067802213208,175,71,215,164,existing,1199.7704848975843,175,70,215,101,existing,1906.293165722012
176,176,36,216,495,allocated,895.7556361362356,176,36,216,184,allocated,1062.1463495117687,176,17,216,314,allocated,1306.1873634056342,176,49,216,687,allocated,1371.8737916704279,176,73,216,498,existing,1633.5271036251966,176,69,216,331,existing,2062.6766832839403,176,71,216,164,existing,2082.0620549467194,176,72,216,12,existing,2110.728550155349,176,74,216,308,existing,2092.774950871796,176,21,216,332,allocated,2254.2210301677896,176,70,216,101,existing,2901.5901598178907
177,177,36,217,495,allocated,820.7869325823349,177,36,217,184,allocated,987.1776459578681,177,17,217,314,allocated,1231.2186598517335,177,49,217,687,allocated,1296.9050881165272,177,73,217,498,existing,1558.5584000712959,177,69,217,331,existing,1987.7079797300398,177,74,217,308,existing,2017.8062473178954,177,21,217,332,allocated,2179.2523266138887,177,72,217,12,existing,2035.759846601448,177,71,217,164,existing,2007.0933513928187,177,70,217,101,existing,2826.62145626399
178,178,52,218,382,existing,25.385470066942887,178,52,218,353,existing,780.2217489561664,178,21,218,332,allocated,795.2038971795366,178,69,218,331,existing,1251.4323116144317,178,72,218,12,existing,1301.2154883332994,178,74,218,308,existing,1319.169087616852,178,70,218,101,existing,1638.545032225967,178,17,218,314,allocated,1743.2375639416919,178,71,218,164,existing,1382.3477217252894,178,73,218,498,existing,1836.1984982151973,178,49,218,687,allocated,1876.9962818898402
179,179,52,219,382,existing,196.06671324500263,179,52,219,276,existing,755.9288915472305,179,21,219,332,allocated,965.8851403575964,179,69,219,331,existing,1422.1135547924914,179,72,219,12,existing,1471.8967315113591,179,74,219,308,existing,1489.8503307949118,179,17,219,314,allocated,1913.9188071197518,179,70,219,101,existing,1809.2262754040266,179,71,219,164,existing,1553.0289649033489,179,73,219,498,existing,2006.879741393257,179,49,219,687,allocated,2047.6775250679002
180,180,64,220,542,existing,303.66138968588484,180,64,220,101,allocated,603.9238728006866,180,70,220,101,existing,603.9238728006866,180,21,220,332,allocated,1608.698623420016,180,74,220,308,existing,1739.619900359005,180,72,220,12,existing,1721.6663010754523,180,49,220,687,allocated,2333.0853871610916,180,71,220,164,existing,1802.798534467442,180,17,220,314,allocated,2199.3266692129428,180,73,220,498,existing,2256.6493109573503,180,69,220,331,existing,2419.0425619210664
181,181,64,221,542,existing,340.930043195548,181,64,221,101,allocated,641.1925263103498,181,70,221,101,existing,641.1925263103498,181,21,221,332,allocated,1645.9672769296792,181,74,221,308,existing,1776.8885538686682,181,72,221,12,existing,1758.9349545851155,181,49,221,687,allocated,2370.3540406707543,181,71,221,164,existing,1840.0671879771053,181,17,221,314,allocated,2236.5953227226064,181,73,221,498,existing,2293.9179644670135,181,69,221,331,existing,2456.3112154307296
182,182,67,222,584,existing,581.7142980705792,182,67,222,353,existing,313.87150444565253,182,21,222,332,allocated,677.53395376398,182,70,222,101,existing,1110.0654383727174,182,72,222,12,existing,1183.5455449177427,182,69,222,331,existing,1133.858941690961,182,17,222,314,allocated,1625.5676205261352,182,71,222,164,existing,1264.6777783097327,182,73,222,498,existing,1718.5285547996407,182,74,222,308,existing,1201.4991442012954,182,49,222,687,allocated,1759.3263384742836
183,183,68,223,642,existing,520.2930384678564,183,68,223,276,existing,516.3027301191183,183,70,223,101,existing,911.4195601565057,183,21,223,332,allocated,1356.8027749589182,183,69,223,331,existing,1833.913164529652,183,72,223,12,existing,1858.255189736722,183,74,223,308,existing,1876.2087890202747,183,17,223,314,allocated,2304.8364417210737,183,71,223,164,existing,1939.3874231287118,183,73,223,498,existing,2393.2381996186205,183,49,223,687,allocated,2438.595159669222
184,184,68,224,642,existing,614.5900650305881,184,68,224,276,existing,610.5997566818501,184,70,224,101,existing,817.1225335937739,184,21,224,332,allocated,1262.5057483961866,184,74,224,308,existing,1781.9117624575429,184,72,224,12,existing,1763.9581631739902,184,73,224,498,existing,2298.9411730558886,184,17,224,314,allocated,2210.539415158342,184,69,224,331,existing,1783.2462250212377,184,71,224,164,existing,1845.09039656598,184,49,224,687,allocated,2344.2981331064902
185,185,36,225,495,allocated,921.8962963180893,185,36,225,184,allocated,1088.2870096936224,185,17,225,314,allocated,1332.3280235874877,185,49,225,687,allocated,1349.7489225180268,185,73,225,498,existing,1457.4490363355415,185,71,225,164,existing,1905.9839876570643,185,74,225,308,existing,1916.696883582141,185,21,225,332,allocated,2280.361690349643,185,72,225,12,existing,1934.6504828656937,185,69,225,331,existing,2088.8173434657942,185,70,225,101,existing,2927.730819999744
186,186,36,226,495,allocated,975.3871633742951,186,36,226,184,allocated,1141.7778767498285,186,17,226,314,allocated,1385.8188906436937,186,49,226,687,allocated,1403.2397895742329,186,73,226,498,existing,1510.9399033917475,186,71,226,164,existing,1959.4748547132704,186,21,226,332,allocated,2333.852557405849,186,69,226,331,existing,2142.308210522,186,74,226,308,existing,1970.187750638347,186,72,226,12,existing,1988.1413499218997,186,70,226,101,existing,2981.2216870559505
187,187,68,227,642,existing,357.60801509892315,187,68,227,276,existing,165.92154834344962,187,21,227,332,allocated,1481.9020015036713,187,70,227,101,existing,1581.4460184494058,187,69,227,331,existing,1938.2269894306523,187,72,227,12,existing,1987.913592657434,187,74,227,308,existing,2005.8671919409867,187,73,227,498,existing,2522.896602539332,187,71,227,164,existing,2069.0458260494242,187,17,227,314,allocated,2429.9356682658267,187,49,227,687,allocated,2563.694386213975
188,188,68,228,642,existing,415.76547704493794,188,68,228,276,existing,224.0790102894644,188,21,228,332,allocated,1423.7445395576567,188,70,228,101,existing,1639.6034803954205,188,69,228,331,existing,1880.0695274846378,188,72,228,12,existing,1929.7561307114195,188,17,228,314,allocated,2371.778206319812,188,71,228,164,existing,2010.8883641034095,188,73,228,498,existing,2464.7391405933176,188,74,228,308,existing,1947.7097299949721,188,49,228,687,allocated,2505.5369242679603
189,189,57,229,498,existing,401.4626627698534,189,57,229,498,allocated,401.4626627698534,189,73,229,498,existing,401.4626627698534,189,74,229,308,existing,918.4920733681988,189,71,229,164,existing,1017.5779060437412,189,72,229,12,existing,936.4456726517515,189,70,229,101,existing,2054.188100926517,189,21,229,332,allocated,1442.457263805514,189,49,229,687,allocated,1530.4588011918163,189,17,229,314,allocated,1664.2175191399647,189,69,229,331,existing,2299.1458191672227
190,190,46,236,611,allocated,829.5063968240127,190,46,236,138,existing,829.3545892589245,190,49,236,687,allocated,995.0873645910606,190,73,236,498,existing,1102.7874784085752,190,17,236,314,allocated,1128.846082539209,190,71,236,164,existing,1551.322429730098,190,21,236,332,allocated,2018.9387334467451,190,74,236,308,existing,1562.0353256551748,190,72,236,12,existing,1579.9889249387275,190,69,236,331,existing,1893.3617442095265,190,70,236,101,existing,2664.868330459034
191,191,46,237,611,allocated,891.7545428977064,191,46,237,138,existing,891.6027353326182,191,49,237,687,allocated,1057.3355106647543,191,73,237,498,existing,1165.0356244822688,191,71,237,164,existing,1613.5705758037918,191,17,237,314,allocated,1191.0942286129027,191,21,237,332,allocated,2081.186879520439,191,72,237,12,existing,1642.237071012421,191,74,237,308,existing,1624.2834717288683,191,69,237,331,existing,1955.6098902832205,191,70,237,101,existing,2727.1164765327276
192,192,46,238,611,allocated,1019.0425982038525,192,46,238,138,existing,1018.8907906387644,192,49,238,687,allocated,1184.6235659709005,192,73,238,498,existing,1292.3236797884151,192,71,238,164,existing,1740.858631109938,192,17,238,314,allocated,1318.3822839190489,192,21,238,332,allocated,2208.4749348265855,192,74,238,308,existing,1751.5715270350147,192,69,238,331,existing,2082.8979455893664,192,72,238,12,existing,1769.5251263185673,192,70,238,101,existing,2854.404531838874
193,193,36,239,495,allocated,994.7097528984889,193,36,239,138,existing,1111.2026906054912,193,49,239,687,allocated,1276.935465937627,193,73,239,498,existing,1384.6355797551416,193,17,239,314,allocated,1405.1414801678875,193,71,239,164,existing,1833.1705310766645,193,69,239,331,existing,2161.630800046194,193,21,239,332,allocated,2300.786834793312,193,72,239,12,existing,1861.8370262852939,193,74,239,308,existing,1843.8834270017412,193,70,239,101,existing,2946.7164318056007
194,194,54,240,419,existing,351.97602700459134,194,54,240,568,existing,502.7956302647199,194,71,240,164,existing,211.72988943762505,194,74,240,308,existing,276.9465414485404,194,72,240,12,existing,292.86212282961486,194,21,240,332,allocated,761.004199524088,194,49,240,687,allocated,919.7695324161945,194,17,240,314,allocated,902.1782498795959,194,69,240,331,existing,1381.4412854749546,194,73,240,498,existing,793.9759520468858,194,70,240,101,existing,1405.6905333376285
195,195,54,241,419,existing,306.07954980900934,195,54,241,568,existing,456.89915306913787,195,71,241,164,existing,165.83341224204304,195,74,241,308,existing,231.05006425295844,195,21,241,332,allocated,715.1077223285059,195,72,241,12,existing,246.96564563403285,195,17,241,314,allocated,856.281772684014,195,69,241,331,existing,1335.5448082793725,195,49,241,687,allocated,919.2404488810403,195,73,241,498,existing,748.0794748513038,195,70,241,101,existing,1359.7940561420464
196,196,63,242,184,existing,788.6630658637887,196,63,242,184,allocated,788.6630658637887,196,17,242,314,allocated,1221.6774603014787,196,49,242,687,allocated,1287.3638885662724,196,73,242,498,existing,1945.3013521012688,196,69,242,331,existing,1978.166780179785,196,71,242,164,existing,2054.6946334160652,196,72,242,12,existing,2135.826866808055,196,74,242,308,existing,2143.874126398682,196,21,242,332,allocated,2169.711127063634,196,70,242,101,existing,2817.0802567137353
197,197,62,243,184,existing,847.8797565760223,197,62,243,184,allocated,847.8797565760223,197,17,243,314,allocated,1280.8941510137124,197,49,243,687,allocated,1346.580579278506,197,69,243,331,existing,2037.3834708920187,197,73,243,498,existing,1991.7674958278676,197,71,243,164,existing,2113.911324128299,197,74,243,308,existing,2203.090817110916,197,21,243,332,allocated,2228.927817775868,197,72,243,12,existing,2195.0435575202887,197,70,243,101,existing,2876.296947425969
198,198,61,244,162,existing,507.46003582206254,198,61,244,138,existing,365.094339683804,198,49,244,687,allocated,530.8271150159401,198,17,244,314,allocated,664.5858329640885,198,74,244,308,existing,1292.4034584486635,198,71,244,164,existing,1227.1868064377481,198,69,244,331,existing,1427.7143076274351,198,72,244,12,existing,1308.319039829738,198,21,244,332,allocated,1608.395462968169,198,73,244,498,existing,1584.9636645551486,198,70,244,101,existing,2254.325059980458
199,199,36,245,495,allocated,455.0436559872837,199,36,245,138,existing,432.4340144914556,199,49,245,687,allocated,598.1667898235918,199,17,245,314,allocated,731.9255077717401,199,74,245,308,existing,1359.7431332563153,199,71,245,164,existing,1294.5264812454,199,69,245,331,existing,1495.0539824350867,199,72,245,12,existing,1375.6587146373897,199,21,245,332,allocated,1675.7351377758207,199,73,245,498,existing,1586.5666668789704,199,70,245,101,existing,2321.6647347881094
200,200,46,246,611,allocated,690.9647748379127,200,46,246,529,existing,826.7418916835913,200,73,246,498,existing,1542.9966913084381,200,49,246,687,allocated,1948.1682757031524,200,74,246,308,existing,2060.0261019067834,200,72,246,12,existing,2077.979701190336,200,21,246,332,allocated,2583.991292344099,200,69,246,331,existing,2846.4426553216185,200,71,246,164,existing,2159.111934582326,200,17,246,314,allocated,2081.9269936513006,200,70,246,101,existing,3195.7221294651017
201,201,57,247,498,existing,551.7141847269885,201,57,247,498,allocated,551.7141847269885,201,73,247,498,existing,551.7141847269885,201,74,247,308,existing,910.1893085507014,201,71,247,164,existing,934.3245442596832,201,72,247,12,existing,928.1429078342541,201,49,247,687,allocated,1377.4966750812116,201,21,247,332,allocated,1434.154498988017,201,17,247,314,allocated,1498.1281793413252,201,70,247,101,existing,2045.8853361090198,201,69,247,331,existing,2205.2780989931116
202,202,36,248,495,allocated,115.24129649347721,202,36,248,184,allocated,306.9979218243023,202,17,248,314,allocated,521.6745887417296,202,49,248,687,allocated,587.3610170065233,202,71,248,164,existing,1354.6917618563166,202,69,248,331,existing,1278.163908620036,202,21,248,332,allocated,1469.7082555038849,202,74,248,308,existing,1443.8712548389333,202,72,248,12,existing,1435.8239952483063,202,73,248,498,existing,1736.9502736915106,202,70,248,101,existing,2117.077385153986
203,203,36,249,495,allocated,32.13852212208391,203,36,249,184,allocated,223.895147452909,203,17,249,314,allocated,438.57181437033626,203,49,249,687,allocated,504.25824263512993,203,71,249,164,existing,1271.588987484923,203,69,249,331,existing,1195.0611342486427,203,73,249,498,existing,1820.0530480629038,203,74,249,308,existing,1360.7684804675398,203,72,249,12,existing,1352.7212208769129,203,21,249,332,allocated,1386.6054811324914,203,70,249,101,existing,2033.9746107825927
204,204,61,250,162,existing,556.3699662143132,204,61,250,138,existing,366.2710962995617,204,49,250,687,allocated,532.0038716316978,204,17,250,314,allocated,665.7625895798462,204,73,250,498,existing,1015.9935004478561,204,71,250,164,existing,1104.5597922392592,204,74,250,308,existing,1169.7764442501746,204,69,250,331,existing,1430.278251250164,204,21,250,332,allocated,1572.1760959559062,204,72,250,12,existing,1185.692025631249,204,70,250,101,existing,2218.1056929681954
205,205,46,251,611,allocated,329.9447487500018,205,46,251,529,existing,465.72186559568036,205,49,251,687,allocated,1193.710519476563,205,73,251,498,existing,1301.4106332940773,205,71,251,164,existing,1749.9455846156004,205,17,251,314,allocated,1327.4692374247113,205,72,251,12,existing,1778.6120798242296,205,74,251,308,existing,1760.658480540677,205,21,251,332,allocated,2217.5618883322477,205,69,251,331,existing,2091.984899095029,205,70,251,101,existing,2863.491485344536
206,206,46,252,611,allocated,627.6179884717308,206,46,252,138,existing,648.7146500012857,206,49,252,687,allocated,814.4474253334218,206,73,252,498,existing,922.1475391509363,206,71,252,164,existing,1370.6824904724594,206,17,252,314,allocated,948.2061432815701,206,21,252,332,allocated,1838.2987941891063,206,74,252,308,existing,1381.3953863975357,206,69,252,331,existing,1712.7218049518879,206,72,252,12,existing,1399.3489856810884,206,70,252,101,existing,2484.2283912013954
207,207,46,253,611,allocated,626.1811363490044,207,46,253,138,existing,626.0293287839162,207,49,253,687,allocated,791.7621041160523,207,73,253,498,existing,899.4622179335668,207,71,253,164,existing,1347.9971692550898,207,17,253,314,allocated,925.5208220642007,207,21,253,332,allocated,1815.6134729717369,207,74,253,308,existing,1358.7100651801663,207,69,253,331,existing,1690.0364837345182,207,72,253,12,existing,1376.663664463719,207,70,253,101,existing,2461.543069984026
208,208,61,254,162,existing,654.316541628218,208,61,254,138,existing,464.21767171346653,208,49,254,687,allocated,629.9504470456027,208,17,254,314,allocated,763.7091649937511,208,73,254,498,existing,1061.2738750040164,208,71,254,164,existing,1186.1855121846402,208,74,254,308,existing,1251.4021641955555,208,69,254,331,existing,1528.2248266640686,208,21,254,332,allocated,1653.8018159012872,208,72,254,12,existing,1267.31774557663,208,70,254,101,existing,2299.731412913576
209,209,57,255,498,existing,497.3066552133578,209,57,255,498,allocated,497.3066552133578,209,73,255,498,existing,497.3066552133578,209,74,255,308,existing,683.8054052120547,209,71,255,164,existing,707.9406409210364,209,72,255,12,existing,701.7590044956073,209,49,255,687,allocated,1151.112771742565,209,70,255,101,existing,1819.5014327703732,209,21,255,332,allocated,1207.7705956493703,209,17,255,314,allocated,1271.7442760026786,209,69,255,331,existing,1978.8941956544652
210,210,61,256,162,existing,629.023168081053,210,61,256,138,existing,486.6574719427944,210,49,256,687,allocated,652.3902472749305,210,17,256,314,allocated,786.1489652230789,210,71,256,164,existing,1348.7499386967388,210,73,256,498,existing,1088.1595319397381,210,72,256,12,existing,1429.8821720887286,210,69,256,331,existing,1549.2774398864256,210,74,256,308,existing,1413.9665907076542,210,21,256,332,allocated,1729.9585952271595,210,70,256,101,existing,2375.888192239448
211,211,57,257,498,existing,746.00351531009,211,57,257,529,existing,702.6308475164324,211,73,257,498,existing,746.00351531009,211,71,257,164,existing,834.5698071014932,211,74,257,308,existing,899.7864591124086,211,72,257,12,existing,915.702040493483,211,49,257,687,allocated,963.6800929524984,211,69,257,331,existing,1861.9544725709643,211,17,257,314,allocated,1097.4388109006468,211,21,257,332,allocated,1421.7136316472456,211,70,257,101,existing,2033.444468768249
212,212,57,258,498,existing,665.1603972185728,212,57,258,498,allocated,665.1603972185728,212,73,258,498,existing,665.1603972185728,212,71,258,164,existing,753.726689009976,212,74,258,308,existing,818.9433410208914,212,72,258,12,existing,834.8589224019657,212,69,258,331,existing,1781.111354479447,212,49,258,687,allocated,882.8369748609812,212,17,258,314,allocated,1016.5956928091296,212,21,258,332,allocated,1340.8705135557284,212,70,258,101,existing,1952.6013506767317
213,213,46,259,611,allocated,806.2695126177823,213,46,259,138,existing,806.1177050526942,213,49,259,687,allocated,971.8504803848302,213,73,259,498,existing,1079.5505942023447,213,17,259,314,allocated,1105.6091983329786,213,71,259,164,existing,1528.0855455238677,213,21,259,332,allocated,1995.7018492405148,213,74,259,308,existing,1538.7984414489442,213,72,259,12,existing,1556.7520407324969,213,69,259,331,existing,1870.1248600032964,213,70,259,101,existing,2641.631446252804
214,214,46,260,611,allocated,884.8982308078096,214,46,260,138,existing,884.7464232427213,214,49,260,687,allocated,1050.4791985748575,214,73,260,498,existing,1158.179312392372,214,71,260,164,existing,1606.714263713895,214,17,260,314,allocated,1184.2379165230059,214,21,260,332,allocated,2074.330567430542,214,74,260,308,existing,1617.4271596389715,214,69,260,331,existing,1948.7535781933234,214,72,260,12,existing,1635.3807589225241,214,70,260,101,existing,2720.260164442831
215,215,8,261,114,allocated,86.68540824284564,215,8,261,464,existing,666.3833477293139,215,17,261,314,allocated,946.5378776877437,215,69,261,331,existing,1074.6080234783785,215,49,261,687,allocated,1080.2965956358921,215,21,261,332,allocated,1667.4242429249716,215,71,261,164,existing,1817.1260671565192,215,72,261,12,existing,1898.258300548509,215,73,261,498,existing,2430.4527950704883,215,74,261,308,existing,1913.423384472143,215,70,261,101,existing,2523.648747980947
216,216,8,262,114,allocated,59.64570082212262,216,8,262,464,existing,693.4230551500368,216,17,262,314,allocated,973.5775851084668,216,69,262,331,existing,1101.6477308991016,216,49,262,687,allocated,1107.3363030566152,216,21,262,332,allocated,1694.4639503456947,216,71,262,164,existing,1844.1657745772422,216,72,262,12,existing,1925.298007969232,216,73,262,498,existing,2457.4925024912113,216,74,262,308,existing,1940.463091892866,216,70,262,101,existing,2550.68845540167
217,217,57,263,498,existing,342.20120051501124,217,57,263,498,allocated,342.20120051501124,217,73,263,498,existing,342.20120051501124,217,74,263,308,existing,801.4490477616107,217,71,263,164,existing,856.892334419269,217,72,263,12,existing,819.4026470451633,217,70,263,101,existing,1937.1450753199292,217,21,263,332,allocated,1325.4142381989261,217,49,263,687,allocated,1306.2182264409116,217,17,263,314,allocated,1426.8497307010252,217,69,263,331,existing,2131.8862876545295
218,218,57,264,498,existing,360.22530942423464,218,57,264,498,allocated,360.22530942423464,218,73,264,498,existing,360.22530942423464,218,74,264,308,existing,819.4731566708342,218,71,264,164,existing,845.0219867101597,218,72,264,12,existing,837.4267559543869,218,70,264,101,existing,1955.1691842291525,218,21,264,332,allocated,1343.4383471081496,218,49,264,687,allocated,1288.194117531688,218,17,264,314,allocated,1408.8256217918017,218,69,264,331,existing,2115.9755414435886
219,219,62,265,184,existing,713.4667511930588,219,62,265,184,allocated,713.4667511930588,219,17,265,314,allocated,1146.4811456307489,219,49,265,687,allocated,1212.1675738955428,219,73,265,498,existing,1870.1050374305391,219,69,265,331,existing,1902.9704655090554,219,71,265,164,existing,1979.4983187453354,219,72,265,12,existing,2060.630552137325,219,74,265,308,existing,2068.6778117279523,219,21,265,332,allocated,2094.5148123929043,219,70,265,101,existing,2741.8839420430054
220,220,36,266,495,allocated,622.644856792221,220,36,266,184,allocated,789.0355701677543,220,17,266,314,allocated,1033.0765840616195,220,49,266,687,allocated,1098.7630123264132,220,73,266,498,existing,1756.7004758614098,220,69,266,331,existing,1789.5659039399259,220,72,266,12,existing,1947.2259905681958,220,21,266,332,allocated,1981.1102508237748,220,71,266,164,existing,1866.093757176206,220,74,266,308,existing,1955.273250158823,220,70,266,101,existing,2628.479380473876
221,221,46,267,611,allocated,390.1235005641137,221,46,267,529,existing,525.9006174097923,221,73,267,498,existing,1389.5230943086233,221,49,267,687,allocated,1510.2190735454362,221,74,267,308,existing,1906.5525049069686,221,17,267,314,allocated,1643.9777914935846,221,69,267,331,existing,2408.4934531639024,221,21,267,332,allocated,2430.5176953442838,221,72,267,12,existing,1924.5061041905212,221,71,267,164,existing,2005.638337582511,221,70,267,101,existing,3042.248532465287
222,222,46,268,611,allocated,313.00870216152833,222,46,268,529,existing,448.7858190072069,222,73,268,498,existing,1312.408295906038,222,49,268,687,allocated,1433.1042751428508,222,74,268,308,existing,1829.4377065043832,222,17,268,314,allocated,1566.8629930909992,222,69,268,331,existing,2331.3786547613167,222,21,268,332,allocated,2353.402896941698,222,72,268,12,existing,1847.3913057879358,222,71,268,164,existing,1928.5235391799256,222,70,268,101,existing,2965.1337340627015
223,223,67,269,584,existing,606.3278534255144,223,67,269,101,allocated,395.37037540815265,223,70,269,101,existing,395.37037540815265,223,21,269,332,allocated,1020.62211439997,223,72,269,12,existing,1439.91368351981,223,74,269,308,existing,1457.8672828033627,223,71,269,164,existing,1521.0459169117998,223,17,269,314,allocated,1917.5740516573007,223,73,269,498,existing,1974.896693401708,223,69,269,331,existing,1587.3305695174977,223,49,269,687,allocated,2051.3327696054494
224,224,67,270,584,existing,617.1737767506888,224,67,270,101,allocated,425.791653463344,224,70,270,101,existing,425.791653463344,224,21,270,332,allocated,1031.4680377251445,224,72,270,12,existing,1470.3349615750014,224,74,270,308,existing,1488.288560858554,224,71,270,164,existing,1551.4671949669912,224,17,270,314,allocated,1947.995329712492,224,73,270,498,existing,2005.3179714568996,224,69,270,331,existing,1556.9092914623063,224,49,270,687,allocated,2081.7540476606405
225,225,8,271,114,allocated,176.82516080436034,225,8,271,464,existing,576.2435951677992,225,17,271,314,allocated,856.398125126229,225,69,271,331,existing,984.4682709168638,225,49,271,687,allocated,990.1568430743773,225,21,271,332,allocated,1577.284490363457,225,71,271,164,existing,1726.9863145950046,225,72,271,12,existing,1808.1185479869941,225,73,271,498,existing,2340.3130425089735,225,74,271,308,existing,1823.2836319106282,225,70,271,101,existing,2433.5089954194323
226,226,52,272,382,existing,538.3085157564433,226,52,272,276,existing,407.3445370124822,226,21,272,332,allocated,1167.7680107707397,226,70,272,101,existing,1279.584701991083,226,69,272,331,existing,1624.092998697721,226,72,272,12,existing,1673.7796019245025,226,74,272,308,existing,1691.733201208055,226,17,272,314,allocated,2115.8016775328947,226,71,272,164,existing,1754.9118353164922,226,73,272,498,existing,2208.7626118064004,226,49,272,687,allocated,2249.560395481043
227,227,52,273,382,existing,508.6358770827894,227,52,273,276,existing,437.01717568613606,227,21,273,332,allocated,1197.4406494443938,227,70,273,101,existing,1309.2573406647368,227,69,273,331,existing,1653.7656373713749,227,72,273,12,existing,1703.4522405981565,227,74,273,308,existing,1721.4058398817092,227,17,273,314,allocated,2145.474316206549,227,71,273,164,existing,1784.5844739901463,227,73,273,498,existing,2238.4352504800545,227,49,273,687,allocated,2279.233034154697
228,228,68,274,642,existing,511.90652603540036,228,68,274,276,existing,320.2200592799269,228,70,274,101,existing,1227.7037393666508,228,21,274,332,allocated,1254.892488503295,228,72,274,12,existing,1760.9040796570578,228,69,274,331,existing,1711.2174764302763,228,71,274,164,existing,1842.0363130490477,228,73,274,498,existing,2295.8870895389555,228,74,274,308,existing,1778.8576789406104,228,17,274,314,allocated,2202.9261552654502,228,49,274,687,allocated,2336.6848732135986
229,229,68,275,642,existing,445.70686176508957,229,68,275,276,existing,254.02039500961607,229,70,275,101,existing,1161.50407509634,229,21,275,332,allocated,1321.092152773606,229,69,275,331,existing,1777.417140700587,229,72,275,12,existing,1827.1037439273687,229,74,275,308,existing,1845.0573432109213,229,17,275,314,allocated,2269.125819535761,229,71,275,164,existing,1908.2359773193584,229,73,275,498,existing,2362.0867538092666,229,49,275,687,allocated,2402.8845374839093
230,230,68,276,642,existing,191.6864667554735,230,68,276,276,existing,0.0,230,70,276,101,existing,1415.5244701059562,230,21,276,332,allocated,1575.112547783222,230,69,276,331,existing,2031.437535710203,230,72,276,12,existing,2081.1241389369848,230,74,276,308,existing,2099.0777382205374,230,17,276,314,allocated,2523.146214545377,230,71,276,164,existing,2162.2563723289745,230,73,276,498,existing,2616.1071488188827,230,49,276,687,allocated,2656.9049324935254
231,231,68,277,642,existing,703.2336936689342,231,68,277,276,existing,511.5472269134607,231,21,277,332,allocated,1737.5988306210595,231,70,277,101,existing,1927.0716970194167,231,69,277,331,existing,2193.923818548041,231,72,277,12,existing,2243.6104217748225,231,74,277,308,existing,2261.564021058375,231,17,277,314,allocated,2685.6324973832147,231,71,277,164,existing,2324.7426551668123,231,73,277,498,existing,2778.59343165672,231,49,277,687,allocated,2819.391215331363
232,232,68,278,642,existing,660.872684729138,232,68,278,276,existing,469.1862179736644,232,21,278,332,allocated,1609.5437197600036,232,70,278,101,existing,1884.7106880796205,232,69,278,331,existing,2065.8687076869846,232,72,278,12,existing,2115.5553109137663,232,17,278,314,allocated,2557.577386522159,232,74,278,308,existing,2133.508910197319,232,71,278,164,existing,2196.687544305756,232,73,278,498,existing,2650.5383207956643,232,49,278,687,allocated,2691.336104470307
233,233,57,279,498,existing,471.6290154534474,233,57,279,498,allocated,471.6290154534474,233,73,279,498,existing,471.6290154534474,233,71,279,164,existing,560.1953072448505,233,74,279,308,existing,625.4119592557659,233,72,279,12,existing,641.3275406368402,233,70,279,101,existing,1759.069968911606,233,21,279,332,allocated,1147.339131790603,233,17,279,314,allocated,1123.9989423264924,233,49,279,687,allocated,1003.3674380663789,233,69,279,331,existing,1831.1488619782792
234,234,57,280,498,existing,602.736203724484,234,57,280,498,allocated,602.736203724484,234,73,280,498,existing,602.736203724484,234,71,280,164,existing,691.3024955158871,234,74,280,308,existing,756.5191475268025,234,72,280,12,existing,772.4347289078769,234,17,280,314,allocated,1079.0198863032183,234,49,280,687,allocated,945.26116835507,234,69,280,331,existing,1843.535547973536,234,21,280,332,allocated,1278.4463200616397,234,70,280,101,existing,1890.1771571826425
235,235,61,281,162,existing,509.88299120291697,235,61,281,138,existing,367.5172950646584,235,49,281,687,allocated,533.2500703967945,235,17,281,314,allocated,667.0087883449429,235,74,281,308,existing,1294.826413829518,235,71,281,164,existing,1229.6097618186027,235,69,281,331,existing,1430.1372630082897,235,72,281,12,existing,1310.7419952105924,235,21,281,332,allocated,1610.8184183490237,235,73,281,498,existing,1515.2602040903034,235,70,281,101,existing,2256.7480153613124
236,236,61,282,162,existing,584.5510904703569,236,61,282,138,existing,442.1853943320984,236,49,282,687,allocated,607.9181696642345,236,17,282,314,allocated,741.6768876123829,236,74,282,308,existing,1369.494513096958,236,71,282,164,existing,1304.2778610860425,236,72,282,12,existing,1385.4100944780323,236,69,282,331,existing,1504.8053622757295,236,21,282,332,allocated,1685.4865176164635,236,73,282,498,existing,1440.5921048228633,236,70,282,101,existing,2331.4161146287524
237,237,46,283,611,allocated,429.04237276476704,237,46,283,529,existing,293.2652559190884,237,73,283,498,existing,570.3572209797424,237,74,283,308,existing,1087.3866315780876,237,71,283,164,existing,1186.47246425363,237,72,283,12,existing,1105.3402308616403,237,21,283,332,allocated,1611.3518220154028,237,70,283,101,existing,2223.082659136406,237,49,283,687,allocated,1361.5642429819272,237,17,283,314,allocated,1495.3229609300756,237,69,283,331,existing,2259.838622600393
238,238,64,284,542,existing,226.25454688660705,238,64,284,101,allocated,409.85066287873093,238,70,284,101,existing,409.85066287873093,238,21,284,332,allocated,1414.6254134980604,238,72,284,12,existing,1527.5930911534967,238,74,284,308,existing,1545.5466904370494,238,73,284,498,existing,2062.576101035395,238,71,284,164,existing,1608.7253245454865,238,17,284,314,allocated,2005.2534592909874,238,49,284,687,allocated,2139.012177239136,238,69,284,331,existing,2224.969351999111
239,239,64,285,542,existing,262.22386292810927,239,64,285,101,allocated,304.65474808189873,239,70,285,101,existing,304.65474808189873,239,21,285,332,allocated,1309.429498701228,239,72,285,12,existing,1422.3971763566647,239,74,285,308,existing,1440.3507756402173,239,73,285,498,existing,1957.3801862385626,239,71,285,164,existing,1503.5294097486544,239,17,285,314,allocated,1900.0575444941553,239,49,285,687,allocated,2033.8162624423037,239,69,285,331,existing,2119.7734372022787
240,240,36,286,495,allocated,291.4133425861503,240,36,286,138,existing,372.18012405729024,240,49,286,687,allocated,537.9128993894263,240,17,286,314,allocated,671.6716173375746,240,74,286,308,existing,1299.48924282215,240,71,286,164,existing,1234.2725908112345,240,72,286,12,existing,1315.4048242032243,240,69,286,331,existing,1434.8000920009213,240,73,286,498,existing,1592.049448928635,240,21,286,332,allocated,1615.4812473416553,240,70,286,101,existing,2261.410844353944
241,241,8,287,114,allocated,263.52436473777067,241,8,287,464,existing,489.54439123438885,241,17,287,314,allocated,769.6989211928187,241,69,287,331,existing,897.7690669834535,241,49,287,687,allocated,903.457639140967,241,21,287,332,allocated,1490.5852864300468,241,73,287,498,existing,2253.613838575563,241,72,287,12,existing,1721.419344053584,241,71,287,164,existing,1640.2871106615944,241,74,287,308,existing,1736.584427977218,241,70,287,101,existing,2346.809791486022
242,242,63,288,184,existing,588.0886023965314,242,63,288,184,allocated,588.0886023965314,242,17,288,314,allocated,1187.5216388908907,242,49,288,687,allocated,1253.2080671556844,242,69,288,331,existing,1944.010958769197,242,73,288,498,existing,1995.4831862270667,242,72,288,12,existing,2101.671045397467,242,21,288,332,allocated,2135.555305653046,242,74,288,308,existing,2109.7183049880946,242,71,288,164,existing,2020.5388120054772,242,70,288,101,existing,2782.924435303147
243,243,46,289,611,allocated,413.5080179149552,243,46,289,529,existing,277.73090106927657,243,73,289,498,existing,604.3961934032546,243,74,289,308,existing,1121.4256040016,243,49,289,687,allocated,1192.034186536388,243,72,289,12,existing,1139.3792032851527,243,71,289,164,existing,1213.0446712843286,243,69,289,331,existing,2090.308566154854,243,17,289,314,allocated,1325.7929044845364,243,21,289,332,allocated,1645.3907944389152,243,70,289,101,existing,2257.1216315599186
244,244,63,290,184,existing,482.14984767025993,244,63,290,464,existing,479.02830831407783,244,17,290,314,allocated,1092.907167191282,244,49,290,687,allocated,1210.303237758299,244,21,290,332,allocated,1834.197470036881,244,69,290,331,existing,1241.3812505902877,244,72,290,12,existing,2058.766216000082,244,73,290,498,existing,2526.0980431860726,244,71,290,164,existing,1977.633982608092,244,74,290,308,existing,2066.8134755907085,244,70,290,101,existing,2688.3099636035386
245,245,8,291,114,allocated,425.9304359082457,245,8,291,464,existing,584.1000409136844,245,17,291,314,allocated,1197.9788997908886,245,49,291,687,allocated,1315.3749703579056,245,21,291,332,allocated,1939.2692026364875,245,69,291,331,existing,1346.4529831898942,245,73,291,498,existing,2631.169775785679,245,71,291,164,existing,2082.7057152076986,245,72,291,12,existing,2163.8379485996884,245,74,291,308,existing,2171.885208190315,245,70,291,101,existing,2793.381696203145
246,246,36,292,495,allocated,877.8503950255194,246,36,292,184,allocated,1044.2411084010528,246,17,292,314,allocated,1288.282122294918,246,49,292,687,allocated,1353.9685505597117,246,73,292,498,existing,1501.4949376281113,246,71,292,164,existing,1950.0298889496341,246,21,292,332,allocated,2236.3157890570733,246,74,292,308,existing,1960.7427848747109,246,69,292,331,existing,2044.7714421732244,246,72,292,12,existing,1978.6963841582635,246,70,292,101,existing,2883.684918707175
247,247,57,293,498,existing,28.89078167587289,247,57,293,498,allocated,28.89078167587289,247,73,293,498,existing,28.89078167587289,247,74,293,308,existing,488.13862892247244,247,72,293,12,existing,506.0922282060251,247,71,293,164,existing,587.2244615980148,247,17,293,314,allocated,1463.4055289912467,247,49,293,687,allocated,1356.7113185276078,247,70,293,101,existing,1623.834656480791,247,21,293,332,allocated,1012.1038193597878,247,69,293,331,existing,1868.7923747214966
248,248,54,294,419,existing,378.4664231642001,248,54,294,568,existing,384.5122797139471,248,71,294,164,existing,238.22028559723378,248,74,294,308,existing,303.43693760814915,248,72,294,12,existing,319.3525189892236,248,17,294,314,allocated,783.8948993288232,248,73,294,498,existing,820.4663482064946,248,21,294,332,allocated,787.4945956836967,248,69,294,331,existing,1407.9316816345633,248,49,294,687,allocated,846.8535755258495,248,70,294,101,existing,1432.1809294972372
249,249,53,295,630,existing,405.6657308242979,249,53,295,568,existing,304.5605367400951,249,71,295,164,existing,318.17202857108583,249,74,295,308,existing,383.38868058200126,249,72,295,12,existing,399.30426196307565,249,17,295,314,allocated,703.9431563549712,249,49,295,687,allocated,766.9018325519975,249,69,295,331,existing,1395.9753440326285,249,21,295,332,allocated,775.5382580817619,249,73,295,498,existing,793.819560257215,249,70,295,101,existing,1420.2245918953024
250,250,68,296,642,existing,445.67285636598103,250,68,296,276,existing,253.9863896105075,250,21,296,332,allocated,1569.9668427707293,250,70,296,101,existing,1669.5108597164635,250,69,296,331,existing,2026.2918306977103,250,72,296,12,existing,2075.978433924492,250,17,296,314,allocated,2518.0005095328843,250,71,296,164,existing,2157.1106673164822,250,74,296,308,existing,2093.9320332080447,250,73,296,498,existing,2610.96144380639,250,49,296,687,allocated,2651.759227481033
251,251,59,297,314,existing,702.5476077855781,251,59,297,327,existing,719.8651733795247,251,69,297,331,existing,635.0435448658967,251,17,297,314,allocated,702.5476077855781,251,21,297,332,allocated,1201.6525867753267,251,49,297,687,allocated,836.3063257337263,251,71,297,164,existing,1403.8857738805357,251,72,297,12,existing,1485.0180072725254,251,74,297,308,existing,1500.1830911961597,251,73,297,498,existing,2017.212501794505,251,70,297,101,existing,2110.4084547049633
252,252,36,298,495,allocated,265.93484594684895,252,36,298,184,allocated,432.3255593223821,252,17,298,314,allocated,676.3665732162474,252,49,298,687,allocated,742.0530014810411,252,71,298,164,existing,1509.3837463308341,252,69,298,331,existing,1432.8558930945537,252,72,298,12,existing,1590.5159797228239,252,74,298,308,existing,1598.563239313451,252,73,298,498,existing,1959.9483145393817,252,21,298,332,allocated,1624.4002399784029,252,70,298,101,existing,2271.769369628504
253,253,36,299,495,allocated,364.65100273082925,253,36,299,184,allocated,531.0417161063624,253,17,299,314,allocated,775.0827300002277,253,49,299,687,allocated,840.7691582650214,253,71,299,164,existing,1608.0999031148144,253,69,299,331,existing,1531.572049878534,253,72,299,12,existing,1689.2321365068042,253,74,299,308,existing,1697.2793960974311,253,73,299,498,existing,2058.6644713233622,253,21,299,332,allocated,1723.1163967623831,253,70,299,101,existing,2370.4855264124844
254,254,68,302,642,existing,494.45353264981617,254,68,302,276,existing,302.76706589434264,254,21,302,332,allocated,1313.6721170114697,254,70,302,101,existing,1475.7734129698083,254,69,302,331,existing,1769.9971049384508,254,72,302,12,existing,1819.6837081652325,254,74,302,308,existing,1837.6373074487851,254,17,302,314,allocated,2261.7057837736247,254,71,302,164,existing,1900.8159415572222,254,73,302,498,existing,2354.6667180471304,254,49,302,687,allocated,2395.464501721773
255,255,52,303,382,existing,506.99154628341864,255,52,303,276,existing,371.2709662444536,255,21,303,332,allocated,1245.1682166613587,255,70,303,101,existing,1407.2695126196973,255,69,303,331,existing,1701.4932045883397,255,72,303,12,existing,1751.1798078151214,255,74,303,308,existing,1769.133407098674,255,17,303,314,allocated,2193.2018834235137,255,71,303,164,existing,1832.3120412071114,255,73,303,498,existing,2286.1628176970194,255,49,303,687,allocated,2326.960601371662
256,256,59,304,314,existing,318.2227579398414,256,59,304,687,existing,451.98147588798975,256,17,304,314,allocated,318.2227579398414,256,69,304,331,existing,446.29290373047627,256,21,304,332,allocated,1039.1091231770695,256,49,304,687,allocated,451.98147588798975,256,74,304,308,existing,1285.1082647242406,256,73,304,498,existing,1802.137675322586,256,72,304,12,existing,1269.9431808006066,256,71,304,164,existing,1188.810947408617,256,70,304,101,existing,1895.3336282330447
257,257,60,305,365,existing,144.17802177122854,257,60,305,327,existing,372.8276649006094,257,21,305,332,allocated,161.491111368854,257,71,305,164,existing,534.0876125197923,257,72,305,12,existing,615.219845911782,257,74,305,308,existing,630.3849298354162,257,73,305,498,existing,1147.4143404337615,257,17,305,314,allocated,786.5425553933012,257,69,305,331,existing,781.9281973197208,257,49,305,687,allocated,920.3012733414496,257,70,305,101,existing,1166.2658619881834
258,258,54,308,419,existing,239.33197024250873,258,54,308,498,allocated,517.0294105983453,258,74,308,308,existing,0.0,258,72,308,12,existing,17.95359928355266,258,73,308,498,existing,517.0294105983453,258,71,308,164,existing,99.08583267554246,258,70,308,101,existing,1135.6960275583185,258,49,308,687,allocated,1055.9553840453518,258,21,308,332,allocated,523.9651904373155,258,17,308,314,allocated,975.2669000687744,258,69,308,331,existing,1380.6537457990241
259,259,51,309,570,existing,162.71164329809744,259,51,309,327,existing,399.7355222623156,259,21,309,332,allocated,134.58325400714781,259,71,309,164,existing,560.9954698814985,259,72,309,12,existing,640.5948451609107,259,74,309,308,existing,657.2927871971224,259,17,309,314,allocated,813.4504127550074,259,69,309,331,existing,755.0203399580146,259,70,309,101,existing,1139.3580046264772,259,49,309,687,allocated,947.2091307031558,259,73,309,498,existing,1174.3221977954677
260,260,51,310,570,existing,197.92590603938743,260,51,310,327,existing,434.9497850036056,260,21,310,332,allocated,169.79751674843777,260,71,310,164,existing,596.2097326227885,260,72,310,12,existing,675.8091079022007,260,74,310,308,existing,692.5070499384123,260,70,310,101,existing,1174.5722673677672,260,49,310,687,allocated,982.4233934444458,260,69,310,331,existing,790.2346026993046,260,17,310,314,allocated,848.6646754962974,260,73,310,498,existing,1209.5364605367577
261,261,59,312,314,existing,150.69359655049743,261,59,312,687,existing,284.36948848334504,261,17,312,314,allocated,150.69359655049743,261,49,312,687,allocated,284.36948848334504,261,71,312,164,existing,1036.781003636655,261,69,312,331,existing,674.3246744761151,261,74,312,308,existing,1125.960496619272,261,21,312,332,allocated,1098.7272633126527,261,72,312,12,existing,1117.9132370286447,261,73,312,498,existing,1642.9899072176172,261,70,312,101,existing,1746.0963929627537
262,262,53,315,630,existing,32.3994950096587,262,53,315,568,existing,296.2583978579764,262,17,315,314,allocated,343.5828595277171,262,49,315,687,allocated,409.2692877925108,262,74,315,308,existing,646.686096252841,262,71,315,164,existing,557.5066032702243,262,72,315,12,existing,638.6388366622141,262,73,315,498,existing,1163.7155068511863,262,21,315,332,allocated,684.0158975665959,262,69,315,331,existing,1108.0985211980349,262,70,315,101,existing,1329.9454945788846
263,263,59,316,314,existing,34.03614484167732,263,59,316,687,existing,99.722573106471,263,17,316,314,allocated,34.03614484167732,263,49,316,687,allocated,99.722573106471,263,71,316,164,existing,867.0533179562641,263,69,316,331,existing,798.551806511995,263,74,316,308,existing,956.2328109388809,263,21,316,332,allocated,982.0698116038326,263,72,316,12,existing,948.1855513482539,263,73,316,498,existing,1473.2622215372262,263,70,316,101,existing,1629.4389412539335
264,264,60,317,365,existing,276.808349436944,264,60,317,568,existing,401.3792049106378,264,71,317,164,existing,178.07381501337585,264,74,317,308,existing,243.29046702429122,264,72,317,12,existing,259.20604840536566,264,21,317,332,allocated,548.5855741799788,264,73,317,498,existing,760.3198776226366,264,17,317,314,allocated,731.9764330444832,264,69,317,331,existing,1169.0226601308457,264,49,317,687,allocated,812.6649170210605,264,70,317,101,existing,1193.2719079935193
265,265,57,319,498,existing,740.1632285619899,265,57,319,138,existing,642.1013681854281,265,73,319,498,existing,740.1632285619899,265,49,319,687,allocated,807.8341435175643,265,74,319,308,existing,893.9461723643083,265,71,319,164,existing,828.7295203533929,265,69,319,331,existing,1706.1085231360303,265,17,319,314,allocated,941.5928614657125,265,72,319,12,existing,909.8617537453827,265,21,319,332,allocated,1415.8733448991454,265,70,319,101,existing,2027.6041820201485
266,266,61,320,162,existing,554.5414513872608,266,61,320,138,existing,412.17575524900224,266,49,320,687,allocated,577.9085305811384,266,17,320,314,allocated,711.6672485292868,266,74,320,308,existing,1339.4848740138618,266,71,320,164,existing,1274.2682220029465,266,69,320,331,existing,1474.7957231926334,266,72,320,12,existing,1355.4004553949362,266,21,320,332,allocated,1655.4768785333674,266,73,320,498,existing,1552.5017950649262,266,70,320,101,existing,2301.406475545656
267,267,36,321,495,allocated,533.7679763492669,267,36,321,138,existing,456.8352037969413,267,49,321,687,allocated,622.5679791290773,267,17,321,314,allocated,756.3266970772257,267,74,321,308,existing,1384.144322561801,267,71,321,164,existing,1318.9276705508855,267,72,321,12,existing,1400.0599039428753,267,69,321,331,existing,1519.4551717405725,267,21,321,332,allocated,1700.1363270813065,267,73,321,498,existing,1507.8423465169874,267,70,321,101,existing,2346.065924093595
268,268,68,322,642,existing,472.5839746069184,268,68,322,276,existing,280.89750785144486,268,21,322,332,allocated,1366.926041995676,268,70,322,101,existing,1696.421977957401,268,72,322,12,existing,1872.9376331494389,268,69,322,331,existing,1823.2510299226572,268,17,322,314,allocated,2314.9597087578313,268,74,322,308,existing,1890.8912324329915,268,73,322,498,existing,2407.920643031337,268,71,322,164,existing,1954.0698665414288,268,49,322,687,allocated,2448.7184267059797
269,269,52,323,382,existing,511.7137290448369,269,52,323,276,existing,397.9331504243442,269,21,323,332,allocated,1249.8903994227767,269,70,323,101,existing,1696.238109657171,269,72,323,12,existing,1755.9019905765394,269,69,323,331,existing,1706.2153873497577,269,17,323,314,allocated,2197.924066184932,269,74,323,308,existing,1773.855589860092,269,73,323,498,existing,2290.8850004584374,269,71,323,164,existing,1837.0342239685297,269,49,323,687,allocated,2331.6827841330805
270,270,53,326,630,existing,351.82327195771404,270,53,326,568,existing,250.71807787351128,270,71,326,164,existing,314.76586840066676,270,74,326,308,existing,379.9825204115822,270,17,326,314,allocated,650.1006974883874,270,72,326,12,existing,395.8981017926566,270,49,326,687,allocated,713.0593736854137,270,73,326,498,existing,847.6620191237988,270,69,326,331,existing,1342.1328851660446,270,21,326,332,allocated,721.695799215178,270,70,326,101,existing,1366.3821330287185
271,271,59,328,314,existing,216.6364311852201,271,59,328,327,existing,233.95399677916674,271,17,328,314,allocated,216.6364311852201,271,49,328,687,allocated,350.39514913336836,271,69,328,331,existing,712.7241435003518,271,21,328,332,allocated,768.2727730486303,271,72,328,12,existing,999.1068306721676,271,73,328,498,existing,1531.301325194147,271,74,328,308,existing,1014.2719145958016,271,71,328,164,existing,917.9745972801778,271,70,328,101,existing,1624.4972781046054
272,272,8,329,114,allocated,298.80538150046937,272,8,329,687,existing,877.3026854341036,272,17,329,314,allocated,743.5439674859554,272,69,329,331,existing,871.6141132765902,272,49,329,687,allocated,877.3026854341036,272,21,329,332,allocated,1464.4303327231833,272,71,329,164,existing,1614.1321569547308,272,73,329,498,existing,2227.4588848687,272,72,329,12,existing,1695.2643903467206,272,74,329,308,existing,1710.4294742703546,272,70,329,101,existing,2320.6548377791587
273,273,51,330,570,existing,789.1397908804963,273,51,330,353,existing,861.1182520784174,273,69,330,331,existing,95.67715377216207,273,21,330,332,allocated,761.0114015895467,273,49,330,687,allocated,993.9515333906281,273,17,330,314,allocated,860.1928154424799,273,70,330,101,existing,1719.441535348218,273,71,330,164,existing,1220.338656067351,273,74,330,308,existing,1284.9765920268621,273,72,330,12,existing,1267.0229927433095,273,73,330,498,existing,1802.0060026252074
274,274,59,331,314,existing,764.5156616703177,274,59,331,687,existing,898.274379618466,274,69,331,331,existing,0.0,274,17,331,314,allocated,764.5156616703177,274,49,331,687,allocated,898.274379618466,274,21,331,332,allocated,856.6885553617087,274,70,331,101,existing,1815.1186891203802,274,71,331,164,existing,1316.015809839513,274,74,331,308,existing,1380.6537457990241,274,72,331,12,existing,1362.7001465154715,274,73,331,498,existing,1897.6831563973694
275,275,51,333,570,existing,247.60137485496162,275,51,333,353,existing,254.8144526364219,275,21,333,332,allocated,219.47298556401196,275,69,333,331,existing,706.1558831451667,275,74,333,308,existing,743.4381760013275,275,72,333,12,existing,725.4845767177749,275,71,333,164,existing,806.6168101097646,275,73,333,498,existing,1260.4675865996728,275,17,333,314,allocated,1167.506652326167,275,70,333,101,existing,1113.1377359062224,275,49,333,687,allocated,1301.2653702743155
276,276,52,335,382,existing,196.68625117226904,276,52,335,353,existing,608.9209678508402,276,21,335,332,allocated,623.9031160742104,276,69,335,331,existing,1080.2281040011917,276,72,335,12,existing,1129.9147072279734,276,74,335,308,existing,1147.868306511526,276,17,335,314,allocated,1571.9367828363656,276,70,335,101,existing,1467.2442511206407,276,71,335,164,existing,1211.0469406199632,276,73,335,498,existing,1664.8977171098713,276,49,335,687,allocated,1705.695500784514
277,277,68,336,642,existing,608.2371795897486,277,68,336,101,allocated,677.484477456133,277,70,336,101,existing,677.484477456133,277,21,336,332,allocated,1229.0384826462114,277,74,336,308,existing,1748.4444967075679,277,72,336,12,existing,1730.4908974240152,277,73,336,498,existing,2265.4739073059136,277,17,336,314,allocated,2177.0721494083664,277,69,336,331,existing,1749.7789592712625,277,71,336,164,existing,1811.623130816005,277,49,336,687,allocated,2310.830867356515
278,278,68,337,642,existing,370.678206191656,278,68,337,276,existing,500.4810192517306,278,70,337,101,existing,915.0434508542256,278,21,337,332,allocated,1361.7664657352832,278,69,337,331,existing,1818.0914536622643,278,72,337,12,existing,1867.778056889046,278,74,337,308,existing,1885.7316561725986,278,17,337,314,allocated,2309.8001324974384,278,71,337,164,existing,1948.910290281036,278,73,337,498,existing,2402.761066770944,278,49,337,687,allocated,2443.558850445587
279,279,46,341,611,allocated,485.12821650092786,279,46,341,529,existing,620.9053333466064,279,73,341,498,existing,755.6744694038343,279,74,341,308,existing,1272.7038800021799,279,71,341,164,existing,1371.7897126777223,279,72,341,12,existing,1290.6574792857325,279,70,341,101,existing,2408.3999075604984,279,49,341,687,allocated,1903.0714569659845,279,17,341,314,allocated,2036.8301749141328,279,21,341,332,allocated,1796.669070439495,279,69,341,331,existing,2653.357625801204
280,280,68,347,642,existing,487.07025994381564,280,68,347,276,existing,384.088965499571,280,70,347,101,existing,1031.4355046063852,280,21,347,332,allocated,1245.3744119831235,280,69,347,331,existing,1701.6993999101048,280,72,347,12,existing,1751.3860031368863,280,74,347,308,existing,1769.339602420439,280,17,347,314,allocated,2193.408078745279,280,71,347,164,existing,1832.518236528876,280,73,347,498,existing,2286.3690130187842,280,49,347,687,allocated,2327.1667966934274
281,281,68,348,642,existing,518.3647179512164,281,68,348,276,existing,415.38342350697184,281,70,348,101,existing,1062.729962613786,281,21,348,332,allocated,1214.0799539757227,281,69,348,331,existing,1670.404941902704,281,72,348,12,existing,1720.0915451294854,281,74,348,308,existing,1738.045144413038,281,17,348,314,allocated,2162.113620737878,281,71,348,164,existing,1801.2237785214752,281,73,348,498,existing,2255.0745550113834,281,49,348,687,allocated,2295.8723386860265
282,282,46,349,611,allocated,476.15140599342897,282,46,349,529,existing,340.37428914775035,282,73,349,498,existing,650.4735232754031,282,49,349,687,allocated,1129.3907984579143,282,72,349,12,existing,1147.781681435758,282,74,349,308,existing,1129.8280821522053,282,69,349,331,existing,2027.6651780763805,282,71,349,164,existing,1185.2713688098636,282,17,349,314,allocated,1263.1495164060627,282,21,349,332,allocated,1653.7932725895207,282,70,349,101,existing,2265.5241097105236
283,283,67,351,584,existing,675.6992350126644,283,67,351,101,allocated,587.8916768802773,283,70,351,101,existing,587.8916768802773,283,21,351,332,allocated,1089.99349598712,283,72,351,12,existing,1591.445910764924,283,74,351,308,existing,1609.3995100484767,283,73,351,498,existing,2126.428920646822,283,17,351,314,allocated,2038.0271627492752,283,69,351,331,existing,1615.4347497242818,283,71,351,164,existing,1672.5781441569138,283,49,351,687,allocated,2171.7858806974236
284,284,46,354,611,allocated,649.0737098291802,284,46,354,138,existing,648.9219022640921,284,49,354,687,allocated,814.6546775962281,284,73,354,498,existing,922.3547914137426,284,71,354,164,existing,1370.8897427352656,284,17,354,314,allocated,948.4133955443765,284,21,354,332,allocated,1838.5060464519127,284,74,354,308,existing,1381.602638660342,284,69,354,331,existing,1712.9290572146942,284,72,354,12,existing,1399.5562379438948,284,70,354,101,existing,2484.435643464202
285,285,67,359,584,existing,387.5812193542242,285,67,359,353,existing,501.9312382438598,285,70,359,101,existing,739.1224187554419,285,21,359,332,allocated,801.8754803286797,285,72,359,12,existing,1303.3278951064835,285,74,359,308,existing,1321.2814943900362,285,69,359,331,existing,1327.3167340658415,285,17,359,314,allocated,1749.909147090835,285,71,359,164,existing,1384.4601284984733,285,73,359,498,existing,1838.3109049883817,285,49,359,687,allocated,1883.6678650389833
286,286,57,366,498,existing,423.1697900167363,286,57,366,498,allocated,423.1697900167363,286,73,366,498,existing,423.1697900167363,286,74,366,308,existing,882.4176372633358,286,71,366,164,existing,937.8609239209941,286,72,366,12,existing,900.3712365468884,286,70,366,101,existing,2018.1136648216543,286,21,366,332,allocated,1406.3828277006512,286,17,366,314,allocated,1365.8859035639348,286,49,366,687,allocated,1232.1271856157864,286,69,366,331,existing,2130.4015652342523
287,287,59,368,314,existing,702.0954322665743,287,59,368,687,existing,835.8541502147226,287,69,368,331,existing,62.4202294037434,287,17,368,314,allocated,702.0954322665743,287,49,368,687,allocated,835.8541502147226,287,21,368,332,allocated,919.1087847654521,287,70,368,101,existing,1877.5389185241233,287,74,368,308,existing,1443.0739752027675,287,71,368,164,existing,1378.4360392432563,287,72,368,12,existing,1425.120375919215,287,73,368,498,existing,1960.1033858011128
288,288,53,369,630,existing,566.6781156693238,288,53,369,568,existing,325.71892748375126,288,71,369,164,existing,507.41586419874596,288,74,369,308,existing,572.6325162096614,288,49,369,687,allocated,611.7615284325484,288,72,369,12,existing,588.5480975907358,288,73,369,498,existing,773.8405717709326,288,17,369,314,allocated,745.5202463806968,288,69,369,331,existing,1510.0359080510143,288,21,369,332,allocated,951.668374900917,288,70,369,101,existing,1596.3547087144575
289,289,61,370,162,existing,630.8727202249443,289,61,370,568,existing,420.04698377481634,289,71,370,164,existing,601.743920489811,289,49,370,687,allocated,606.506625642329,289,72,370,12,existing,682.8761538818007,289,74,370,308,existing,666.9605725007264,289,17,370,314,allocated,740.2653435904774,289,73,370,498,existing,868.1686280619977,289,21,370,332,allocated,1045.996431191982,289,69,370,331,existing,1504.7810052607952,289,70,370,101,existing,1690.6827650055225
290,290,61,371,162,existing,747.6284045163384,290,61,371,138,existing,557.5295346015869,290,49,371,687,allocated,723.262309933723,290,73,371,498,existing,824.7350621458311,290,71,371,164,existing,913.3013539372341,290,17,371,314,allocated,857.0210278818713,290,21,371,332,allocated,1500.4451784829866,290,74,371,308,existing,978.5180059481495,290,72,371,12,existing,994.4335873292239,290,69,371,331,existing,1621.536689552189,290,70,371,101,existing,2112.1760156039895
291,291,61,372,162,existing,643.6264476256603,291,61,372,138,existing,453.52757771090876,291,49,372,687,allocated,619.2603530430449,291,17,372,314,allocated,753.0190709911933,291,73,372,498,existing,928.7370190365091,291,71,372,164,existing,1017.3033108279122,291,69,372,331,existing,1517.534732661511,291,74,372,308,existing,1082.5199628388277,291,72,372,12,existing,1098.435544219902,291,21,372,332,allocated,1484.9196145445592,291,70,372,101,existing,2130.849211556848
292,292,52,373,382,existing,448.90763225996943,292,52,373,276,existing,483.9828203062874,292,21,373,332,allocated,1187.0843026379093,292,70,373,101,existing,1610.1884397752278,292,69,373,331,existing,1643.4092905648904,292,72,373,12,existing,1693.095893791672,292,74,373,308,existing,1711.0494930752247,292,17,373,314,allocated,2135.117969400065,292,71,373,164,existing,1774.228127183662,292,73,373,498,existing,2228.07890367357,292,49,373,687,allocated,2268.8766873482127
293,293,52,374,382,existing,277.4002721728655,293,52,374,276,existing,632.2466072963156,293,21,374,332,allocated,1015.5769425508055,293,69,374,331,existing,1471.9019304777864,293,74,374,308,existing,1539.5421329881208,293,72,374,12,existing,1521.5885337045681,293,17,374,314,allocated,1963.6106093129606,293,70,374,101,existing,1781.6957998623316,293,71,374,164,existing,1602.7207670965581,293,73,374,498,existing,2056.5715435864663,293,49,374,687,allocated,2097.369327261109
294,294,52,375,382,existing,503.69229735192994,294,52,375,276,existing,538.7674853982479,294,21,375,332,allocated,1241.8689677298698,294,70,375,101,existing,1555.4037746832673,294,69,375,331,existing,1698.193955656851,294,72,375,12,existing,1747.8805588836326,294,74,375,308,existing,1765.8341581671853,294,17,375,314,allocated,2189.902634492025,294,71,375,164,existing,1829.0127922756226,294,73,375,498,existing,2282.8635687655305,294,49,375,687,allocated,2323.6613524401737
295,295,62,376,184,existing,270.8349194461092,295,62,376,464,existing,267.7133800899271,295,17,376,314,allocated,881.5922389671314,295,49,376,687,allocated,998.9883095341481,295,71,376,164,existing,1766.3190543839412,295,69,376,331,existing,1379.5902499851836,295,72,376,12,existing,1847.451287775931,295,74,376,308,existing,1855.498547366558,295,73,376,498,existing,2314.783114961922,295,21,376,332,allocated,1829.6259057292866,295,70,376,101,existing,2476.995035379388
296,296,62,377,184,existing,305.3971156904567,296,62,377,464,existing,302.2755763342746,296,17,377,314,allocated,916.1544352114789,296,49,377,687,allocated,1033.5505057784958,296,71,377,164,existing,1800.8812506282889,296,69,377,331,existing,1414.1524462295313,296,72,377,12,existing,1882.0134840202786,296,74,377,308,existing,1890.0607436109053,296,73,377,498,existing,2349.3453112062693,296,21,377,332,allocated,1864.1881019736343,296,70,377,101,existing,2511.5572316237353
297,297,68,378,642,existing,291.8590828578207,297,68,378,276,existing,100.17261610234715,297,70,378,101,existing,1515.6970862083033,297,21,378,332,allocated,1675.285163885569,297,69,378,331,existing,2131.61015181255,297,72,378,12,existing,2181.296755039332,297,74,378,308,existing,2199.2503543228845,297,17,378,314,allocated,2623.318830647724,297,71,378,164,existing,2262.4289884313216,297,73,378,498,existing,2716.27976492123,297,49,378,687,allocated,2757.0775485958725
298,298,68,379,642,existing,585.563606985876,298,68,379,276,existing,393.8771402304025,298,70,379,101,existing,1809.4016103363588,298,21,379,332,allocated,1855.2689173041176,298,69,379,331,existing,2311.5939052310987,298,72,379,12,existing,2361.2805084578804,298,74,379,308,existing,2379.234107741433,298,17,379,314,allocated,2803.302584066273,298,71,379,164,existing,2442.41274184987,298,73,379,498,existing,2896.2635183397783,298,49,379,687,allocated,2937.061302014421
299,299,61,380,162,existing,335.8859366499232,299,61,380,138,existing,193.5202405116646,299,49,380,687,allocated,359.25301584380077,299,17,380,314,allocated,493.0117337919491,299,74,380,308,existing,1120.8293592765244,299,71,380,164,existing,1055.612707265609,299,21,380,332,allocated,1436.8213637960296,299,73,380,498,existing,1413.3895653830095,299,69,380,331,existing,1256.1402084552956,299,72,380,12,existing,1136.7449406575988,299,70,380,101,existing,2082.7509608083183
300,300,36,381,495,allocated,204.18576195883472,300,36,381,184,allocated,395.9423872896598,300,17,381,314,allocated,610.6190542070872,300,49,381,687,allocated,625.1404800167419,300,69,381,331,existing,1367.1083740853933,300,71,381,164,existing,1321.50017143855,300,21,381,332,allocated,1558.652720969242,300,74,381,308,existing,1386.7168234494654,300,73,381,498,existing,1679.2770295559505,300,72,381,12,existing,1402.6324048305398,300,70,381,101,existing,2206.0218506193432
301,301,52,382,382,existing,0.0,301,52,382,353,existing,803.2432785056541,301,21,382,332,allocated,772.0767413642533,301,69,382,331,existing,1226.0468415474886,301,72,382,12,existing,1278.088332518016,301,74,382,308,existing,1296.0419318015686,301,17,382,314,allocated,1720.1104081264084,301,70,382,101,existing,1661.5665617754544,301,71,382,164,existing,1359.220565910006,301,73,382,498,existing,1813.0713423999139,301,49,382,687,allocated,1853.8691260745568
302,302,46,384,611,allocated,709.2098021604467,302,46,384,529,existing,573.432685314768,302,73,384,498,existing,752.5421853565657,302,49,384,687,allocated,916.9897498611604,302,17,384,314,allocated,1050.7484678093087,302,71,384,164,existing,1096.6662983900483,302,21,384,332,allocated,1683.8101229358008,302,74,384,308,existing,1161.8829504009636,302,72,384,12,existing,1177.798531782038,302,69,384,331,existing,1815.2641294796263,302,70,384,101,existing,2295.540960056804
303,303,46,385,611,allocated,775.0717692458338,303,46,385,529,existing,639.2946524001552,303,73,385,498,existing,818.4041524419529,303,49,385,687,allocated,851.1277827757732,303,71,385,164,existing,1041.1668267792843,303,17,385,314,allocated,984.8865007239216,303,21,385,332,allocated,1628.3106513250368,303,74,385,308,existing,1106.3834787901997,303,72,385,12,existing,1122.299060171274,303,69,385,331,existing,1749.402162394239,303,70,385,101,existing,2240.0414884460397
304,304,59,386,314,existing,441.86315240689544,304,59,386,327,existing,459.18071800084203,304,17,386,314,allocated,441.86315240689544,304,69,386,331,existing,487.4974222786765,304,49,386,687,allocated,575.6218703550437,304,21,386,332,allocated,993.4994942703056,304,73,386,498,existing,1756.5280464158222,304,72,386,12,existing,1224.333551893843,304,74,386,308,existing,1239.498635817477,304,71,386,164,existing,1143.2013185018532,304,70,386,101,existing,1849.7239993262806
305,305,54,387,419,existing,325.0426710241485,305,54,387,568,existing,437.93603185399866,305,71,387,164,existing,184.79653345718225,305,74,387,308,existing,250.01318546809762,305,72,387,12,existing,265.928766849172,305,21,387,332,allocated,734.0708435436451,305,49,387,687,allocated,900.2773276659011,305,17,387,314,allocated,837.3186514688748,305,73,387,498,existing,767.0425960664429,305,69,387,331,existing,1354.5079294945117,305,70,387,101,existing,1378.7571773571856
306,306,53,388,630,existing,300.7174543422259,306,53,388,568,existing,199.6122602580231,306,71,388,164,existing,365.8716860161549,306,74,388,308,existing,431.08833802707034,306,72,388,12,existing,447.0039194081447,306,17,388,314,allocated,598.9948798728992,306,21,388,332,allocated,750.3525188325935,306,73,388,498,existing,898.767836739287,306,69,388,331,existing,1363.5105415432167,306,49,388,687,allocated,661.9535560699255,306,70,388,101,existing,1395.038852646134
307,307,36,389,495,allocated,809.4056918170784,307,36,389,184,allocated,975.7964051926116,307,17,389,314,allocated,1219.837419086477,307,49,389,687,allocated,1285.5238473512707,307,73,389,498,existing,1646.4538384977805,307,69,389,331,existing,1976.3267389647833,307,74,389,308,existing,2105.70168574438,307,72,389,12,existing,2123.6552850279327,307,21,389,332,allocated,2167.871085848632,307,71,389,164,existing,2052.8545922010635,307,70,389,101,existing,2815.2402154987335
308,308,62,390,184,existing,919.299409210802,308,62,390,184,allocated,919.299409210802,308,17,390,314,allocated,1333.3370394514686,308,49,390,687,allocated,1399.0234677162623,308,73,390,498,existing,1759.953458862772,308,69,390,331,existing,2089.826359329775,308,21,390,332,allocated,2281.3707062136236,308,72,390,12,existing,2237.1549053929243,308,74,390,308,existing,2219.2013061093717,308,71,390,164,existing,2166.354212566055,308,70,390,101,existing,2928.739835863725
309,309,46,391,611,allocated,497.838472633283,309,46,391,529,existing,417.7771465966913,309,73,391,498,existing,727.876380724344,309,49,391,687,allocated,1090.8779613134288,309,17,391,314,allocated,1224.6366792615772,309,74,391,308,existing,1207.2309396011462,309,69,391,331,existing,1989.1523409318947,309,72,391,12,existing,1225.184538884699,309,71,391,164,existing,1262.6742262588045,309,21,391,332,allocated,1731.1961300384617,309,70,391,101,existing,2342.9269671594648
310,310,46,396,611,allocated,417.3351232576658,310,46,396,529,existing,553.1122401033444,310,73,396,498,existing,1269.3670397281912,310,74,396,308,existing,1786.3964503265368,310,49,396,687,allocated,1814.9036768794122,310,72,396,12,existing,1804.3500496100894,310,69,396,331,existing,2713.178056497878,310,71,396,164,existing,1885.4822830020792,310,17,396,314,allocated,1948.6623948275605,310,21,396,332,allocated,2310.361640763852,310,70,396,101,existing,2922.0924778848553
311,311,46,397,611,allocated,561.0178577992472,311,46,397,529,existing,696.7949746449258,311,73,397,498,existing,1413.0497742697726,311,49,397,687,allocated,1686.8233131907105,311,17,397,314,allocated,1820.5820311388588,311,74,397,308,existing,1930.079184868118,311,71,397,164,existing,2029.1650175436605,311,21,397,332,allocated,2454.0443753054333,311,72,397,12,existing,1948.0327841516707,311,69,397,331,existing,2585.0976928091764,311,70,397,101,existing,3065.7752124264366
312,312,53,399,630,existing,49.19034131964539,312,53,399,568,existing,279.4675515479897,312,17,399,314,allocated,347.46776685031864,312,49,399,687,allocated,426.0601341024975,312,72,399,12,existing,621.8479903522273,312,71,399,164,existing,540.7157569602375,312,69,399,331,existing,1111.9834285206364,312,73,399,498,existing,1146.9246605411995,312,74,399,308,existing,629.8952499428543,312,21,399,332,allocated,667.2250512566092,312,70,399,101,existing,1313.1546482688977
313,313,59,401,314,existing,308.05029492645184,313,59,401,687,existing,441.72618685929945,313,17,401,314,allocated,308.05029492645184,313,49,401,687,allocated,441.72618685929945,313,71,401,164,existing,1194.1377020126095,313,69,401,331,existing,1063.5794376292565,313,21,401,332,allocated,1256.0839616886071,313,74,401,308,existing,1283.3171949952261,313,72,401,12,existing,1275.2699354045992,313,73,401,498,existing,1800.3466055935714,313,70,401,101,existing,1903.4530913387084
314,314,59,402,314,existing,258.5756757946056,314,59,402,687,existing,392.2515677274532,314,17,402,314,allocated,258.5756757946056,314,49,402,687,allocated,392.2515677274532,314,71,402,164,existing,1144.6630828807633,314,69,402,331,existing,1014.1048184974103,314,21,402,332,allocated,1206.6093425567608,314,74,402,308,existing,1233.84257586338,314,72,402,12,existing,1225.795316272753,314,73,402,498,existing,1750.8719864617253,314,70,402,101,existing,1853.978472206862
315,315,63,404,184,existing,534.5659007766766,315,63,404,184,allocated,534.5659007766766,315,17,404,314,allocated,1145.323220297699,315,49,404,687,allocated,1262.7192908647157,315,71,404,164,existing,2030.0500357145088,315,69,404,331,existing,1900.8523630005036,315,73,404,498,existing,2578.5140962924893,315,72,404,12,existing,2111.1822691064986,315,74,404,308,existing,2119.2295286971253,315,21,404,332,allocated,2093.356887059854,315,70,404,101,existing,2740.7260167099553
316,316,36,406,495,allocated,400.03925221354143,316,36,406,138,existing,480.8060336846814,316,49,406,687,allocated,646.5388090168175,316,17,406,314,allocated,780.2975269649658,316,74,406,308,existing,1408.115152449541,316,71,406,164,existing,1342.8985004386257,316,69,406,331,existing,1543.4260016283124,316,72,406,12,existing,1424.0307338306154,316,21,406,332,allocated,1724.1071569690464,316,73,406,498,existing,1641.571070652713,316,70,406,101,existing,2370.036753981335
317,317,66,407,570,existing,422.17729747767487,317,66,407,353,existing,336.13311488487915,317,21,407,332,allocated,394.04890818672527,317,69,407,331,existing,850.3738961137065,317,72,407,12,existing,900.0604993404881,317,74,407,308,existing,918.0140986240408,317,70,407,101,existing,1132.3270488119438,317,17,407,314,allocated,1342.0825749488804,317,71,407,164,existing,981.1927327324779,317,73,407,498,existing,1435.043509222386,317,49,407,687,allocated,1475.8412928970288
318,318,46,408,611,allocated,329.9107807145398,318,46,408,529,existing,465.6878975602184,318,73,408,498,existing,1329.3103744590494,318,49,408,687,allocated,1413.426116776141,318,74,408,308,existing,1846.3397850573947,318,17,408,314,allocated,1547.1848347242894,318,69,408,331,existing,2311.700496394607,318,21,408,332,allocated,2370.3049754947097,318,72,408,12,existing,1864.2933843409473,318,71,408,164,existing,1945.425617732937,318,70,408,101,existing,2982.035812615713
319,319,46,409,611,allocated,268.68517167326746,319,46,409,529,existing,404.462288518946,319,49,409,687,allocated,1266.8391932148288,319,73,409,498,existing,1268.084765417777,319,74,409,308,existing,1785.1141760161222,319,17,409,314,allocated,1400.5979111629772,319,72,409,12,existing,1803.0677752996748,319,69,409,331,existing,2165.1135728332947,319,21,409,332,allocated,2290.6905620705134,319,71,409,164,existing,1823.0742583538663,319,70,409,101,existing,2920.810203574441
320,320,46,410,611,allocated,323.74248959569627,320,46,410,529,existing,459.5196064413749,320,49,410,687,allocated,1211.7818752924,320,73,410,498,existing,1319.4819891099144,320,71,410,164,existing,1768.0169404314374,320,17,410,314,allocated,1345.5405932405483,320,69,410,331,existing,2110.056254910866,320,21,410,332,allocated,2235.633244148085,320,74,410,308,existing,1778.729836356514,320,72,410,12,existing,1796.6834356400666,320,70,410,101,existing,2881.5628411603734
321,321,52,411,382,existing,41.20634843426981,321,52,411,353,existing,764.4008705888394,321,21,411,332,allocated,779.3830188122097,321,69,411,331,existing,1235.7080067391908,321,72,411,12,existing,1285.3946099659724,321,74,411,308,existing,1303.348209249525,321,70,411,101,existing,1622.72415385864,321,17,411,314,allocated,1727.4166855743651,321,71,411,164,existing,1366.5268433579622,321,73,411,498,existing,1820.3776198478704,321,49,411,687,allocated,1861.1754035225135
322,322,57,412,498,existing,413.11732963159,322,57,412,498,allocated,413.11732963159,322,73,412,498,existing,413.11732963159,322,71,412,164,existing,501.6836214229931,322,74,412,308,existing,566.9002734339085,322,72,412,12,existing,582.8158548149829,322,70,412,101,existing,1700.5582830897488,322,17,412,314,allocated,1084.6453869805962,322,49,412,687,allocated,972.484770571891,322,21,412,332,allocated,1088.8274459687457,322,69,412,331,existing,1776.6775746582537
323,323,36,413,495,allocated,165.17549801713707,323,36,413,184,allocated,356.93212334796215,323,17,413,314,allocated,571.6087902653895,323,49,413,687,allocated,637.2952185301832,323,71,413,164,existing,1360.5104353802476,323,69,413,331,existing,1328.0981101436957,323,21,413,332,allocated,1519.6424570275447,323,74,413,308,existing,1425.727087391163,323,73,413,498,existing,1718.287293497648,323,72,413,12,existing,1441.6426687722374,323,70,413,101,existing,2167.011586677646
324,324,36,414,495,allocated,177.66537935252705,324,36,414,184,allocated,344.0560927280602,324,17,414,314,allocated,588.0971066219256,324,49,414,687,allocated,653.7835348867193,324,69,414,331,existing,1344.586426500232,324,71,414,164,existing,1421.1142797365121,324,72,414,12,existing,1502.2465131285019,324,74,414,308,existing,1510.293772719129,324,73,414,498,existing,1888.1553368038942,324,21,414,332,allocated,1536.1307733840806,324,70,414,101,existing,2183.499903034182
325,325,36,415,495,allocated,124.67949499185602,325,36,415,184,allocated,291.0702083673892,325,17,415,314,allocated,535.1112222612545,325,49,415,687,allocated,600.7976505260482,325,71,415,164,existing,1368.1283953758411,325,69,415,331,existing,1291.6005421395607,325,21,415,332,allocated,1483.1448890234099,325,72,415,12,existing,1449.260628767831,325,73,415,498,existing,1916.592455953822,325,74,415,308,existing,1457.307888358458,325,70,415,101,existing,2130.514018673511
326,326,53,416,630,existing,510.2771428812692,326,53,416,568,existing,409.1719487970664,326,71,416,164,existing,422.7834406280571,326,74,416,308,existing,488.00009263897255,326,73,416,498,existing,689.2081482002437,326,72,416,12,existing,503.91567402004694,326,21,416,332,allocated,880.1496701387332,326,49,416,687,allocated,696.3939520032372,326,17,416,314,allocated,808.5545684119425,326,69,416,331,existing,1500.5867560896,326,70,416,101,existing,1524.8360039522736
327,327,53,417,630,existing,380.7044900301349,327,53,417,568,existing,279.5992959459321,327,71,417,164,existing,299.8537239780815,327,74,417,308,existing,365.07037598899694,327,72,417,12,existing,380.98595737007133,327,21,417,332,allocated,670.3654831446846,327,73,417,498,existing,882.0997865873422,327,69,417,331,existing,1290.8025690955512,327,17,417,314,allocated,678.9819155608081,327,49,417,687,allocated,741.9405917578345,327,70,417,101,existing,1315.0518169582251
328,328,53,418,630,existing,333.0398569716131,328,53,418,568,existing,231.93466288741033,328,71,418,164,existing,333.5492833867677,328,74,418,308,existing,398.76593539768305,328,17,418,314,allocated,631.3172825022864,328,72,418,12,existing,414.6815167787575,328,21,418,332,allocated,718.0301162032064,328,49,418,687,allocated,694.2759586993127,328,69,418,331,existing,1338.467202154073,328,73,418,498,existing,866.4454341098998,328,70,418,101,existing,1362.7164500167469
329,329,46,422,611,allocated,431.71816481164217,329,46,422,529,existing,295.94104796596355,329,73,422,498,existing,665.8996614267463,329,74,422,308,existing,1182.9290720250915,329,71,422,164,existing,1282.014904700634,329,72,422,12,existing,1200.8826713086441,329,70,422,101,existing,2318.6250995834102,329,21,422,332,allocated,1706.894262462407,329,17,422,314,allocated,1752.7650542948925,329,49,422,687,allocated,1619.006336346744,329,69,422,331,existing,2517.28071596521
330,330,46,423,611,allocated,518.0045553138441,330,46,423,529,existing,653.7816721595227,330,73,423,498,existing,1015.9867829807895,330,74,423,308,existing,1533.016193579135,330,71,423,164,existing,1632.1020262546774,330,72,423,12,existing,1550.9697928626877,330,21,423,332,allocated,2056.98138401645,330,49,423,687,allocated,1915.5731089355904,330,70,423,101,existing,2668.7122211374535,330,17,423,314,allocated,2049.331826883739,330,69,423,331,existing,2813.8474885540563
331,331,65,424,306,existing,393.14831962060805,331,65,424,529,existing,792.0743123164733,331,73,424,498,existing,877.694142823839,331,74,424,308,existing,1394.7235534221843,331,71,424,164,existing,1493.8093860977267,331,72,424,12,existing,1412.677152705737,331,70,424,101,existing,2530.419580980503,331,21,424,332,allocated,1918.6887438594995,331,49,424,687,allocated,2053.865749092541,331,17,424,314,allocated,2187.6244670406895,331,69,424,331,existing,2775.3772992212084
332,332,46,426,611,allocated,390.0437287353548,332,46,426,529,existing,368.50963935927234,332,73,426,498,existing,678.6088734869251,332,74,426,308,existing,1195.6382840852702,332,49,426,687,allocated,1243.4515264955937,332,72,426,12,existing,1213.591883368823,332,17,426,314,allocated,1377.210244443742,332,71,426,164,existing,1264.4620112435346,332,69,426,331,existing,2141.72590611406,332,21,426,332,allocated,1719.6034745225857,332,70,426,101,existing,2331.334311643589
333,333,46,427,611,allocated,156.54303325903996,333,46,427,529,existing,292.32015010471855,333,73,427,498,existing,912.10956896324,333,49,427,687,allocated,1261.4002072060166,333,74,427,308,existing,1429.138979561585,333,17,427,314,allocated,1395.158925154165,333,69,427,331,existing,2159.6745868244825,333,72,427,12,existing,1447.0925788451377,333,71,427,164,existing,1497.9627067198494,333,21,427,332,allocated,1953.1041699989005,333,70,427,101,existing,2564.835007119904
334,334,64,428,542,existing,261.02251404141555,334,64,428,101,allocated,561.2849971562174,334,70,428,101,existing,561.2849971562174,334,21,428,332,allocated,1566.0597477755468,334,72,428,12,existing,1679.0274254309832,334,74,428,308,existing,1696.9810247145358,334,49,428,687,allocated,2290.446511516622,334,73,428,498,existing,2214.0104353128813,334,71,428,164,existing,1760.159658822973,334,17,428,314,allocated,2156.687793568474,334,69,428,331,existing,2376.4036862765975
335,335,62,429,184,existing,217.0644529772822,335,62,429,464,existing,213.9429136211001,335,17,429,314,allocated,827.8217724983044,335,49,429,687,allocated,945.2178430653212,335,71,429,164,existing,1712.5485879151142,335,69,429,331,existing,1325.819783516357,335,72,429,12,existing,1793.680821307104,335,74,429,308,existing,1801.728080897731,335,21,429,332,allocated,1775.8554392604597,335,73,429,498,existing,2261.012648493095,335,70,429,101,existing,2423.224568910561
336,336,63,430,184,existing,1128.7748249173555,336,63,430,184,allocated,1128.7748249173555,336,49,430,687,allocated,1618.9467658097253,336,73,430,498,existing,1726.6468796272397,336,17,430,314,allocated,1728.207861411715,336,71,430,164,existing,2175.1818309487626,336,21,430,332,allocated,2642.7981346654096,336,72,430,12,existing,2203.8483261573915,336,74,430,308,existing,2185.894726873839,336,69,430,331,existing,2484.6971812900215,336,70,430,101,existing,3288.7277316776986
337,337,63,431,184,existing,954.9402856157668,337,63,431,184,allocated,954.9402856157668,337,17,431,314,allocated,1554.373322110126,337,49,431,687,allocated,1620.05975037492,337,69,431,331,existing,2310.8626419884326,337,73,431,498,existing,1900.4814189288286,337,21,431,332,allocated,2502.4069888722815,337,74,431,308,existing,2359.7292661754277,337,71,431,164,existing,2349.0163702503514,337,72,431,12,existing,2377.6828654589804,337,70,431,101,existing,3149.7761185223826
338,338,61,432,162,existing,166.23228302650503,338,61,432,138,existing,23.866586888246452,338,49,432,687,allocated,189.59936222038257,338,17,432,314,allocated,323.35808016853093,338,74,432,308,existing,951.1757056531062,338,71,432,164,existing,885.9590536421908,338,21,432,332,allocated,1267.1677101726116,338,73,432,498,existing,1243.7359117595913,338,72,432,12,existing,967.0912870341806,338,69,432,331,existing,1086.4865548318776,338,70,432,101,existing,1913.0973071849003
339,339,60,435,365,existing,142.4766607201044,339,60,435,327,existing,151.63434903234293,339,21,435,332,allocated,413.9352564813615,339,71,435,164,existing,532.3862514686682,339,17,435,314,allocated,566.6955980307227,339,72,435,12,existing,613.518484860658,339,73,435,498,existing,1145.7129793826373,339,74,435,308,existing,628.683568784292,339,69,435,331,existing,1034.3723424322282,339,49,435,687,allocated,700.4543159788711,339,70,435,101,existing,1238.9089322930959
340,340,59,436,314,existing,341.40773195091424,340,59,436,687,existing,475.1664498990625,340,17,436,314,allocated,341.40773195091424,340,69,436,331,existing,469.47787774154904,340,49,436,687,allocated,475.1664498990625,340,21,436,332,allocated,1062.2940971881421,340,73,436,498,existing,1825.3226493336588,340,72,436,12,existing,1293.1281548116795,340,74,436,308,existing,1308.2932387353135,340,71,436,164,existing,1211.9959214196897,340,70,436,101,existing,1918.5186022441176
341,341,8,437,114,allocated,515.762171040034,341,8,437,687,existing,660.345895894539,341,17,437,314,allocated,526.5871779463907,341,69,437,331,existing,654.6573237370255,341,21,437,332,allocated,1247.4735431836189,341,49,437,687,allocated,660.345895894539,341,72,437,12,existing,1478.307600807156,341,73,437,498,existing,2010.5020953291353,341,71,437,164,existing,1397.1753674151664,341,74,437,308,existing,1493.47268473079,341,70,437,101,existing,2103.698048239594
342,342,59,438,314,existing,755.8636894010842,342,59,438,327,existing,803.9127834969787,342,69,438,331,existing,530.6036203319591,342,17,438,314,allocated,755.8636894010842,342,21,438,332,allocated,847.3304953775319,342,49,438,687,allocated,889.6224073492325,342,70,438,101,existing,1852.1052459968614,342,72,438,12,existing,1338.6888276248521,342,74,438,308,existing,1353.8539115484862,342,71,438,164,existing,1257.5565942328624,342,73,438,498,existing,1870.8833221468315
343,343,52,439,382,existing,534.615369610629,343,52,439,276,existing,620.5156124245757,343,21,439,332,allocated,1272.7920399885688,343,69,439,331,existing,1729.11702791555,343,72,439,12,existing,1778.8036311423316,343,74,439,308,existing,1796.7572304258842,343,17,439,314,allocated,2220.8257067507243,343,70,439,101,existing,1921.9200990171285,343,73,439,498,existing,2313.7866410242295,343,71,439,164,existing,1859.9358645343218,343,49,439,687,allocated,2354.5844246988727
344,344,59,440,314,existing,649.0399930022242,344,59,440,687,existing,782.7987109503724,344,69,440,331,existing,115.47566866809358,344,17,440,314,allocated,649.0399930022242,344,49,440,687,allocated,782.7987109503724,344,21,440,332,allocated,972.1642240298022,344,70,440,101,existing,1930.5943577884736,344,71,440,164,existing,1431.4914785076066,344,74,440,308,existing,1496.1294144671178,344,72,440,12,existing,1478.1758151835652,344,73,440,498,existing,2013.1588250654631
345,345,59,441,314,existing,569.5125140653395,345,59,441,687,existing,703.2712320134877,345,69,441,331,existing,195.00314760497824,345,17,441,314,allocated,569.5125140653395,345,21,441,332,allocated,1051.691702966687,345,49,441,687,allocated,703.2712320134877,345,72,441,12,existing,1516.827826567541,345,74,441,308,existing,1531.992910491175,345,70,441,101,existing,2010.1218367253582,345,71,441,164,existing,1435.6955931755513,345,73,441,498,existing,2049.0223210895206
346,346,60,442,365,existing,711.1831306649261,346,60,442,327,existing,684.1798363498218,346,69,442,331,existing,687.0674931513315,346,21,442,332,allocated,690.8666225581594,346,49,442,687,allocated,1046.086280168605,346,17,442,314,allocated,912.3275622204567,346,70,442,101,existing,1695.641373177489,346,72,442,12,existing,1182.2249548054797,346,71,442,164,existing,1101.09272141349,346,74,442,308,existing,1197.3900387291137,346,73,442,498,existing,1714.419449327459
347,347,51,443,570,existing,175.42416355739076,347,51,443,327,existing,445.3630811250626,347,21,443,332,allocated,147.29577426644113,347,71,443,164,existing,606.6230287442454,347,74,443,308,existing,671.2609647037566,347,72,443,12,existing,653.307365420204,347,70,443,101,existing,1152.0705248857705,347,69,443,331,existing,709.3927810952675,347,17,443,314,allocated,859.0779716177544,347,49,443,687,allocated,992.8366895659028,347,73,443,498,existing,1188.290375302102
348,348,51,444,570,existing,371.54107973067005,348,51,444,327,existing,641.4799972983419,348,21,444,332,allocated,343.4126904397204,348,69,444,331,existing,513.2758649219883,348,72,444,12,existing,849.4242815934833,348,71,444,164,existing,802.7399449175248,348,17,444,314,allocated,1055.1948877910336,348,49,444,687,allocated,1188.953605739182,348,70,444,101,existing,1348.18744105905,348,74,444,308,existing,867.377880877036,348,73,444,498,existing,1384.4072914753813
349,349,46,445,611,allocated,633.6723609399231,349,46,445,529,existing,769.4494777856017,349,73,445,498,existing,1131.6545886068686,349,74,445,308,existing,1648.683999205214,349,71,445,164,existing,1747.7698318807563,349,72,445,12,existing,1666.6375984887666,349,17,445,314,allocated,2164.9996325098177,349,21,445,332,allocated,2172.649189642529,349,49,445,687,allocated,2031.2409145616693,349,70,445,101,existing,2784.3800267635324,349,69,445,331,existing,2929.5152941801352
350,350,46,446,611,allocated,472.5851199037877,350,46,446,529,existing,608.3622367494663,350,73,446,498,existing,1296.967557180394,350,74,446,308,existing,1813.9969677787394,350,49,446,687,allocated,1870.153673525534,350,72,446,12,existing,1831.950567062292,350,17,446,314,allocated,2003.9123914736824,350,21,446,332,allocated,2337.9621582160544,350,71,446,164,existing,1913.0828004542818,350,69,446,331,existing,2768.428053144,350,70,446,101,existing,2949.6929953370577
351,351,68,447,642,existing,556.942339829685,351,68,447,276,existing,365.2558730742114,351,21,447,332,allocated,1681.2363262344334,351,70,447,101,existing,1780.7803431801676,351,69,447,331,existing,2137.5613141614144,351,72,447,12,existing,2187.247917388196,351,74,447,308,existing,2205.201516671749,351,17,447,314,allocated,2629.2699929965884,351,71,447,164,existing,2268.3801507801863,351,73,447,498,existing,2722.230927270094,351,49,447,687,allocated,2763.028710944737
352,352,8,448,114,allocated,206.27362362834094,352,8,448,464,existing,617.9709993126808,352,17,448,314,allocated,1120.205507914685,352,69,448,331,existing,1248.2756537053199,352,49,448,687,allocated,1253.9642258628332,352,21,448,332,allocated,1841.0918731519132,352,71,448,164,existing,1990.7936973834608,352,72,448,12,existing,2071.92593077545,352,73,448,498,existing,2604.1204252974294,352,74,448,308,existing,2087.0910146990846,352,70,448,101,existing,2697.316378207888
353,353,8,449,114,allocated,109.13244177373956,353,8,449,464,existing,715.1121811672822,353,17,449,314,allocated,1023.0643260600837,353,69,449,331,existing,1151.1344718507185,353,49,449,687,allocated,1156.823044008232,353,21,449,332,allocated,1743.9506912973116,353,71,449,164,existing,1893.652515528859,353,72,449,12,existing,1974.7847489208489,353,73,449,498,existing,2506.979243442828,353,74,449,308,existing,1989.949832844483,353,70,449,101,existing,2600.175196353287
354,354,67,450,584,existing,539.5637371943925,354,67,450,101,allocated,503.40169301964045,354,70,450,101,existing,503.40169301964045,354,21,450,332,allocated,953.8579981688481,354,74,450,308,existing,1473.2640122302046,354,72,450,12,existing,1455.310412946652,354,69,450,331,existing,1479.2992519060099,354,73,450,498,existing,1990.29342282855,354,17,450,314,allocated,1901.891664931003,354,71,450,164,existing,1536.4426463386417,354,49,450,687,allocated,2035.6503828791515
355,355,61,451,162,existing,377.7251745795245,355,61,451,138,existing,235.35947844126588,355,49,451,687,allocated,401.09225377340204,355,17,451,314,allocated,534.8509717215504,355,74,451,308,existing,1162.6685972061255,355,71,451,164,existing,1097.45194519521,355,69,451,331,existing,1297.9794463848968,355,72,451,12,existing,1178.5841785871999,355,21,451,332,allocated,1478.660601725631,355,73,451,498,existing,1455.2288033126106,355,70,451,101,existing,2124.5901987379198
356,356,36,452,495,allocated,369.8731082661084,356,36,452,138,existing,262.4491370475345,356,49,452,687,allocated,428.1819123796707,356,17,452,314,allocated,561.940630327819,356,74,452,308,existing,1189.7582558123943,356,71,452,164,existing,1124.541603801479,356,72,452,12,existing,1205.6738371934687,356,69,452,331,existing,1325.0691049911654,356,73,452,498,existing,1482.3184619188794,356,21,452,332,allocated,1505.7502603318997,356,70,452,101,existing,2151.6798573441883
357,357,46,453,611,allocated,610.7045356074694,357,46,453,529,existing,576.8239984246454,357,73,453,498,existing,755.9334984664431,357,49,453,687,allocated,892.9410891810193,357,74,453,308,existing,1215.1813457130427,357,17,453,314,allocated,1026.6998071291675,357,72,453,12,existing,1233.1349449965953,357,21,453,332,allocated,1739.146536150358,357,69,453,331,existing,1791.2154687994853,357,71,453,164,existing,1240.7301757523683,357,70,453,101,existing,2350.877373271361
358,358,36,454,495,allocated,1015.5141915554414,358,36,454,184,allocated,1181.9049049309747,358,17,454,314,allocated,1425.94591882484,358,49,454,687,allocated,1491.6323470896336,358,73,454,498,existing,1852.5623382361434,358,69,454,331,existing,2182.4352387031463,358,74,454,308,existing,2311.8101854827432,358,72,454,12,existing,2329.763784766296,358,71,454,164,existing,2258.9630919394267,358,21,454,332,allocated,2373.979585586995,358,70,454,101,existing,3021.3487152370963
359,359,36,455,495,allocated,939.4301958727708,359,36,455,184,allocated,1105.820909248304,359,17,455,314,allocated,1349.8619231421694,359,49,455,687,allocated,1415.5483514069629,359,73,455,498,existing,1776.4783425534727,359,69,455,331,existing,2106.3512430204755,359,74,455,308,existing,2235.7261898000725,359,72,455,12,existing,2253.679789083625,359,21,455,332,allocated,2297.8955899043244,359,71,455,164,existing,2182.879096256756,359,70,455,101,existing,2945.264719554426
360,360,57,456,498,existing,573.1654355131019,360,57,456,498,allocated,573.1654355131019,360,73,456,498,existing,573.1654355131019,360,74,456,308,existing,1032.4132827597014,360,71,456,164,existing,1057.9621127990272,360,72,456,12,existing,1050.366882043254,360,17,456,314,allocated,1481.7773268583655,360,49,456,687,allocated,1348.0186089102172,360,70,456,101,existing,2168.1093103180197,360,21,456,332,allocated,1556.3784731970168,360,69,456,331,existing,2246.292988528683
361,361,62,457,184,existing,1065.0470544209998,361,62,457,184,allocated,1065.0470544209998,361,17,457,314,allocated,1479.0846846616664,361,49,457,687,allocated,1544.7711129264599,361,73,457,498,existing,1905.7011040729699,361,69,457,331,existing,2235.5740045399725,361,74,457,308,existing,2364.9489513195695,361,71,457,164,existing,2312.101857776253,361,72,457,12,existing,2382.902550603122,361,21,457,332,allocated,2427.1183514238214,361,70,457,101,existing,3074.487481073923
362,362,68,458,642,existing,664.076764256574,362,68,458,276,existing,472.3902975011006,362,21,458,332,allocated,1788.3707506613223,362,70,458,101,existing,1887.9147676070568,362,69,458,331,existing,2244.6957385883034,362,72,458,12,existing,2294.382341815085,362,74,458,308,existing,2312.3359410986377,362,17,458,314,allocated,2736.4044174234778,362,71,458,164,existing,2375.5145752070753,362,73,458,498,existing,2829.3653516969835,362,49,458,687,allocated,2870.163135371626
363,363,52,459,382,existing,410.32355464775424,363,52,459,276,existing,499.32332482142675,363,21,459,332,allocated,1148.5002250256941,363,69,459,331,existing,1604.8252129526752,363,74,459,308,existing,1672.4654154630095,363,72,459,12,existing,1654.511816179457,363,17,459,314,allocated,2096.5338917878494,363,70,459,101,existing,1797.6282840542535,363,73,459,498,existing,2189.494826061355,363,71,459,164,existing,1735.6440495714469,363,49,459,687,allocated,2230.2926097359978
364,364,52,460,382,existing,355.83662803460413,364,52,460,276,existing,553.8102514345769,364,21,460,332,allocated,1094.0132984125441,364,69,460,331,existing,1550.3382863395252,364,74,460,308,existing,1617.9784888498596,364,72,460,12,existing,1600.024889566307,364,17,460,314,allocated,2042.0469651746994,364,70,460,101,existing,1852.1152106674037,364,71,460,164,existing,1681.157122958297,364,73,460,498,existing,2135.0078994482046,364,49,460,687,allocated,2175.8056831228478
365,365,64,461,542,existing,446.4097604334773,365,64,461,101,allocated,291.48052724715063,365,70,461,101,existing,291.48052724715063,365,21,461,332,allocated,1296.25527786648,365,72,461,12,existing,1409.2229555219164,365,74,461,308,existing,1427.176554805469,365,49,461,687,allocated,2020.6420416075555,365,73,461,498,existing,1944.2059654038144,365,71,461,164,existing,1490.3551889139062,365,17,461,314,allocated,1886.883323659407,365,69,461,331,existing,2106.5992163675305
366,366,64,462,542,existing,474.41048170947744,366,64,462,101,allocated,358.46489328397837,366,70,462,101,existing,358.46489328397837,366,21,462,332,allocated,1363.2396439033078,366,72,462,12,existing,1476.2073215587443,366,74,462,308,existing,1494.160920842297,366,49,462,687,allocated,2087.626407644383,366,73,462,498,existing,2011.1903314406422,366,71,462,164,existing,1557.339554950734,366,17,462,314,allocated,1953.867689696235,366,69,462,331,existing,2173.5835824043584
367,367,62,463,184,existing,367.025376659667,367,62,463,464,existing,88.46724898089923,367,17,463,314,allocated,946.067136016684,367,69,463,331,existing,1074.1372818073187,367,21,463,332,allocated,1666.953501253912,367,49,463,687,allocated,1079.8258539648323,367,73,463,498,existing,2410.9735721754796,367,72,463,12,existing,1897.7875588774493,367,74,463,308,existing,1912.9526428010834,367,71,463,164,existing,1816.6553254854596,367,70,463,101,existing,2523.178006309887
368,368,63,464,184,existing,278.5581276787678,368,63,464,464,existing,0.0,368,17,464,314,allocated,889.31544719979,368,49,464,687,allocated,1006.7115177668068,368,21,464,332,allocated,1755.4207502348113,368,69,464,331,existing,1162.604530788218,368,72,464,12,existing,1855.1744960085896,368,74,464,308,existing,1863.2217555992165,368,71,464,164,existing,1774.0422626165998,368,73,464,498,existing,2322.5063231945805,368,70,464,101,existing,2484.7182436120465
369,369,57,465,498,existing,489.40739452083596,369,57,465,529,existing,374.2150823779948,369,73,465,498,existing,489.40739452083596,369,74,465,308,existing,1006.4368051191814,369,71,465,164,existing,1105.5226377947238,369,72,465,12,existing,1024.390404402734,369,70,465,101,existing,2142.1328326774997,369,21,465,332,allocated,1530.4019955564966,369,17,465,314,allocated,1576.2727873889821,369,49,465,687,allocated,1442.5140694408337,369,69,465,331,existing,2340.7884490592996
370,370,67,466,584,existing,486.0474416367812,370,67,466,101,allocated,275.08996361941945,370,70,466,101,existing,275.08996361941945,370,21,466,332,allocated,900.3417026112368,370,72,466,12,existing,1319.633271731077,370,74,466,308,existing,1337.5868710146297,370,71,466,164,existing,1400.7655051230668,370,17,466,314,allocated,1797.2936398685674,370,73,466,498,existing,1854.616281612975,370,69,466,331,existing,1557.1928663769963,370,49,466,687,allocated,1931.0523578167158
371,371,67,467,584,existing,420.50451387518797,371,67,467,101,allocated,339.90528367705133,371,70,467,101,existing,339.90528367705133,371,21,467,332,allocated,834.7987748496436,371,74,467,308,existing,1272.0439432530363,371,72,467,12,existing,1254.0903439694837,371,17,467,314,allocated,1731.7507121069743,371,73,467,498,existing,1789.0733538513819,371,71,467,164,existing,1335.2225773614734,371,69,467,331,existing,1491.6499386154032,371,49,467,687,allocated,1865.5094300551227
372,372,52,468,382,existing,603.2736962099698,372,52,468,276,existing,485.8615388301254,372,21,468,332,allocated,1089.2510089530965,372,70,468,101,existing,1201.0677001734396,372,69,468,331,existing,1545.5759968800776,372,72,468,12,existing,1595.2626001068593,372,74,468,308,existing,1613.216199390412,372,17,468,314,allocated,2037.2846757152515,372,71,468,164,existing,1676.394833498849,372,73,468,498,existing,2130.245609988757,372,49,468,687,allocated,2171.0433936634
373,373,46,469,611,allocated,87.2424604844181,373,46,469,529,existing,223.0195773300967,373,73,469,498,existing,1086.6420542289277,373,49,469,687,allocated,1484.8110141061645,373,17,469,314,allocated,1618.569732054313,373,74,469,308,existing,1603.671464827273,373,69,469,331,existing,2383.0853937246306,373,72,469,12,existing,1621.6250641108256,373,71,469,164,existing,1702.7572975028154,373,21,469,332,allocated,2127.636655264588,373,70,469,101,existing,2739.3674923855915
374,374,46,470,611,allocated,128.30477265771353,374,46,470,529,existing,264.0818895033921,374,73,470,498,existing,1127.704366402223,374,49,470,687,allocated,1525.87332627946,374,17,470,314,allocated,1659.6320442276083,374,74,470,308,existing,1644.7337770005684,374,69,470,331,existing,2424.147705897926,374,72,470,12,existing,1662.687376284121,374,71,470,164,existing,1743.8196096761108,374,21,470,332,allocated,2168.6989674378833,374,70,470,101,existing,2780.4298045588866
375,375,59,471,314,existing,420.8542264148425,375,59,471,687,existing,554.6129443629908,375,17,471,314,allocated,420.8542264148425,375,69,471,331,existing,548.9243722054773,375,21,471,332,allocated,1141.7405916520706,375,49,471,687,allocated,554.6129443629908,375,74,471,308,existing,1387.7397331992418,375,73,471,498,existing,1904.769143797587,375,72,471,12,existing,1372.5746492756077,375,71,471,164,existing,1291.4424158836182,375,70,471,101,existing,1997.9650967080458
376,376,46,472,611,allocated,422.48298246374407,376,46,472,529,existing,558.2600993094227,376,73,472,498,existing,1174.2211460392277,376,74,472,308,existing,1691.250556637573,376,71,472,164,existing,1790.3363893131154,376,72,472,12,existing,1709.2041559211257,376,21,472,332,allocated,2215.2157470748884,376,49,472,687,allocated,1840.4262229288006,376,69,472,331,existing,2738.7006025472665,376,17,472,314,allocated,1974.184940876949,376,70,472,101,existing,2826.946584195892
377,377,57,473,498,existing,573.3929582228196,377,57,473,498,allocated,573.3929582228196,377,73,473,498,existing,573.3929582228196,377,74,473,308,existing,1090.422368821165,377,71,473,164,existing,1189.5082014967074,377,72,473,12,existing,1108.3759681047177,377,21,473,332,allocated,1614.3875592584802,377,49,473,687,allocated,1779.4490833283642,377,17,473,314,allocated,1913.2078012765126,377,70,473,101,existing,2226.1183963794833,377,69,473,331,existing,2471.076114620189
378,378,57,474,498,existing,582.7257739181188,378,57,474,498,allocated,582.7257739181188,378,73,474,498,existing,582.7257739181188,378,74,474,308,existing,1099.755184516464,378,71,474,164,existing,1198.8410171920063,378,72,474,12,existing,1117.7087838000166,378,70,474,101,existing,2235.4512120747827,378,21,474,332,allocated,1623.7203749537794,378,49,474,687,allocated,1711.7219123400816,378,17,474,314,allocated,1845.48063028823,378,69,474,331,existing,2480.4089303154883
379,379,68,475,642,existing,476.1431876591126,379,68,475,276,existing,284.45672090363905,379,21,475,332,allocated,1484.1222501718312,379,70,475,101,existing,1699.9811910095952,379,72,475,12,existing,1990.133841325594,379,69,475,331,existing,1940.4472380988122,379,73,475,498,existing,2525.116851207492,379,74,475,308,existing,2008.0874406091466,379,71,475,164,existing,2071.266074717584,379,17,475,314,allocated,2432.155916933986,379,49,475,687,allocated,2565.914634882135
380,380,59,476,314,existing,841.7997957249925,380,59,476,327,existing,859.1173613189392,380,69,476,331,existing,774.2957328053112,380,17,476,314,allocated,841.7997957249925,380,49,476,687,allocated,975.5585136731407,380,21,476,332,allocated,967.7125277384346,380,71,476,164,existing,1377.9386265937649,380,72,476,12,existing,1459.0708599857546,380,70,476,101,existing,1972.487278357764,380,74,476,308,existing,1474.2359439093889,380,73,476,498,existing,1991.2653545077342
381,381,68,477,642,existing,437.57476689606233,381,68,477,276,existing,433.5844585473243,381,70,477,101,existing,981.9400115586319,381,21,477,332,allocated,1294.869905030877,381,69,477,331,existing,1751.194892957858,381,72,477,12,existing,1800.8814961846397,381,74,477,308,existing,1818.8350954681923,381,17,477,314,allocated,2242.903571793032,381,71,477,164,existing,1882.0137295766294,381,73,477,498,existing,2335.8645060665376,381,49,477,687,allocated,2376.6622897411803
382,382,61,478,162,existing,439.68815715987427,382,61,478,138,existing,249.58928724512282,382,49,478,687,allocated,415.3220625772589,382,17,478,314,allocated,549.0807805254072,382,71,478,164,existing,886.4733905024112,382,74,478,308,existing,951.6900425133266,382,72,478,12,existing,967.605623894401,382,21,478,332,allocated,1267.6820470328319,382,73,478,498,existing,1145.9745865482364,382,69,478,331,existing,1313.5964421957249,382,70,478,101,existing,1913.6116440451206
383,383,46,479,611,allocated,713.4950780270716,383,46,479,529,existing,849.2721948727502,383,73,479,498,existing,1216.0357503278783,383,74,479,308,existing,1733.0651609262238,383,71,479,164,existing,1832.1509936017662,383,72,479,12,existing,1751.0187602097765,383,21,479,332,allocated,2257.030351363539,383,49,479,687,allocated,2111.063631648818,383,70,479,101,existing,2868.7611884845423,383,17,479,314,allocated,2244.8223495969664,383,69,479,331,existing,3009.338011267284
384,384,68,482,642,existing,614.9554247412009,384,68,482,276,existing,464.9426137010173,384,70,482,101,existing,1880.4670838069735,384,21,482,332,allocated,1926.3343907747326,384,72,482,12,existing,2432.3459819284953,384,69,482,331,existing,2382.6593787017136,384,71,482,164,existing,2513.478215320485,384,73,482,498,existing,2967.3289918103933,384,74,482,308,existing,2450.299581212048,384,17,482,314,allocated,2874.368057536888,384,49,482,687,allocated,3008.126775485036
385,385,68,483,642,existing,371.4574490778893,385,68,483,276,existing,179.77098232241576,385,70,483,101,existing,1595.2954524283718,385,21,483,332,allocated,1754.8835301056379,385,69,483,331,existing,2211.2085180326185,385,72,483,12,existing,2260.8951212594006,385,74,483,308,existing,2278.8487205429533,385,17,483,314,allocated,2702.917196867793,385,71,483,164,existing,2342.0273546513904,385,73,483,498,existing,2795.8781311412986,385,49,483,687,allocated,2836.6759148159413
386,386,46,484,611,allocated,736.2303737310586,386,46,484,138,existing,736.0785661659704,386,49,484,687,allocated,901.8113414981067,386,73,484,498,existing,1009.5114553156211,386,71,484,164,existing,1458.0464066371442,386,17,484,314,allocated,1035.570059446255,386,21,484,332,allocated,1925.6627103537912,386,72,484,12,existing,1486.7129018457733,386,74,484,308,existing,1468.7593025622207,386,69,484,331,existing,1800.0857211165726,386,70,484,101,existing,2571.59230736608
387,387,46,485,611,allocated,719.4901719876277,387,46,485,138,existing,719.3383644225395,387,49,485,687,allocated,885.0711397546756,387,73,485,498,existing,992.7712535721901,387,71,485,164,existing,1441.3062048937131,387,17,485,314,allocated,1018.829857702824,387,21,485,332,allocated,1908.9225086103602,387,74,485,308,existing,1452.0191008187896,387,69,485,331,existing,1783.3455193731415,387,72,485,12,existing,1469.9727001023423,387,70,485,101,existing,2554.852105622649
388,388,52,486,382,existing,404.2101263205117,388,52,486,276,existing,474.0523862073605,388,21,486,332,allocated,1142.3867966984517,388,70,486,101,existing,1413.6830914270145,388,69,486,331,existing,1598.7117846254328,388,72,486,12,existing,1648.3983878522145,388,74,486,308,existing,1666.351987135767,388,17,486,314,allocated,2090.4204634606067,388,71,486,164,existing,1729.5306212442044,388,73,486,498,existing,2183.3813977341124,388,49,486,687,allocated,2224.179181408755
389,389,54,487,419,existing,506.0836016092478,389,54,487,568,existing,576.5463560209391,389,71,487,164,existing,365.8374640422815,389,74,487,308,existing,431.05411605319694,389,72,487,12,existing,446.9696974342713,389,73,487,498,existing,633.0340717792485,389,21,487,332,allocated,952.9812885880341,389,70,487,101,existing,1564.712125709037,389,17,487,314,allocated,975.9289756358153,389,49,487,687,allocated,863.7683592271098,389,69,487,331,existing,1667.9611633134728
390,390,61,488,162,existing,547.9368723615783,390,61,488,568,existing,237.52817683016582,390,49,488,687,allocated,523.5707777789629,390,71,488,164,existing,595.6066148523314,390,17,488,314,allocated,657.3294957271112,390,74,488,308,existing,660.8232668632468,390,69,488,331,existing,1421.845157397429,390,72,488,12,existing,676.7388482443212,390,21,488,332,allocated,1039.8591255545025,390,73,488,498,existing,862.0313224245181,390,70,488,101,existing,1684.5454593680429
391,391,64,489,542,existing,361.0260039680877,391,64,489,101,allocated,471.8493710253681,391,70,489,101,existing,471.8493710253681,391,21,489,332,allocated,1476.6241216446974,391,72,489,12,existing,1589.5917993001337,391,74,489,308,existing,1607.5453985836864,391,49,489,687,allocated,2201.010885385773,391,73,489,498,existing,2124.574809182032,391,71,489,164,existing,1670.7240326921235,391,17,489,314,allocated,2067.2521674376244,391,69,489,331,existing,2286.968060145748
392,392,64,490,542,existing,400.89031059329227,392,64,490,101,allocated,431.9850644001635,392,70,490,101,existing,431.9850644001635,392,21,490,332,allocated,1436.7598150194929,392,72,490,12,existing,1549.7274926749292,392,74,490,308,existing,1567.6810919584818,392,49,490,687,allocated,2161.146578760568,392,73,490,498,existing,2084.710502556827,392,71,490,164,existing,1630.859726066919,392,17,490,314,allocated,2027.3878608124198,392,69,490,331,existing,2247.1037535205433
393,393,46,491,611,allocated,427.30746524626386,393,46,491,529,existing,563.0845820919425,393,73,491,498,existing,1279.3393817167894,393,74,491,308,existing,1796.3687923151347,393,49,491,687,allocated,1824.8760188680103,393,72,491,12,existing,1814.3223915986873,393,69,491,331,existing,2723.150398486476,393,71,491,164,existing,1895.454624990677,393,17,491,314,allocated,1958.6347368161587,393,21,491,332,allocated,2320.3339827524496,393,70,491,101,existing,2932.0648198734534
394,394,36,492,495,allocated,44.751884136070444,394,36,492,184,allocated,211.1425975116036,394,17,492,314,allocated,455.1836114054689,394,49,492,687,allocated,520.8700396702626,394,69,492,331,existing,1211.6729312837751,394,71,492,164,existing,1288.2007845200555,394,21,492,332,allocated,1403.2172781676243,394,73,492,498,existing,1836.6648450980365,394,74,492,308,existing,1377.3802775026725,394,72,492,12,existing,1369.3330179120453,394,70,492,101,existing,2050.5864078177256
395,395,36,493,495,allocated,304.28675773953455,395,36,493,184,allocated,470.6774711150677,395,17,493,314,allocated,714.718485008933,395,49,493,687,allocated,780.4049132737267,395,71,493,164,existing,1547.7356581235197,395,69,493,331,existing,1471.2078048872395,395,72,493,12,existing,1628.8678915155094,395,74,493,308,existing,1636.9151511061366,395,73,493,498,existing,1761.533958416887,395,21,493,332,allocated,1662.7521517710884,395,70,493,101,existing,2310.1212814211895
396,396,59,494,314,existing,183.62172765411216,396,59,494,687,existing,317.29761958695974,396,17,494,314,allocated,183.62172765411216,396,49,494,687,allocated,317.29761958695974,396,69,494,331,existing,939.1508703569168,396,71,494,164,existing,1069.7091347402697,396,72,494,12,existing,1150.8413681322595,396,73,494,498,existing,1675.918038321232,396,74,494,308,existing,1158.8886277228867,396,21,494,332,allocated,1131.6553944162674,396,70,494,101,existing,1779.0245240663685
397,397,46,496,611,allocated,544.3843203815724,397,46,496,529,existing,632.1335139392768,397,73,496,498,existing,817.6654019661348,397,49,496,687,allocated,873.5589200834843,397,74,496,308,existing,1276.9132492127344,397,17,496,314,allocated,1007.3176380316327,397,21,496,332,allocated,1800.8784396500498,397,69,496,331,existing,1771.8332997019502,397,72,496,12,existing,1294.866848496287,397,71,496,164,existing,1307.050390978265,397,70,496,101,existing,2412.6092767710525
398,398,57,499,498,existing,457.8237137192204,398,57,499,498,allocated,457.8237137192204,398,73,499,498,existing,457.8237137192204,398,74,499,308,existing,616.3603417967419,398,71,499,164,existing,640.4955775057236,398,72,499,12,existing,634.3139410802945,398,70,499,101,existing,1752.0563693550603,398,21,499,332,allocated,1140.3255322340574,398,49,499,687,allocated,1083.667708327252,398,17,499,314,allocated,1204.2992125873657,398,69,499,331,existing,1911.4491322391523
399,399,61,500,162,existing,572.8745888350219,399,61,500,138,existing,382.7757189202704,399,49,500,687,allocated,548.5084942524065,399,17,500,314,allocated,682.2672122005549,399,73,500,498,existing,1016.177267600041,399,71,500,164,existing,1104.743559391444,399,74,500,308,existing,1169.9602114023594,399,69,500,331,existing,1446.7828738708727,399,21,500,332,allocated,1572.359863108091,399,72,500,12,existing,1185.8757927834338,399,70,500,101,existing,2218.2894601203798
400,400,46,501,611,allocated,297.33557537116224,400,46,501,529,existing,433.11269221684086,400,49,501,687,allocated,1144.7298384339904,400,73,501,498,existing,1252.4299522515048,400,71,501,164,existing,1700.9649035730279,400,17,501,314,allocated,1278.4885563821388,400,21,501,332,allocated,2168.581207289675,400,74,501,308,existing,1711.6777994981044,400,69,501,331,existing,2043.0042180524565,400,72,501,12,existing,1729.631398781657,400,70,501,101,existing,2814.5108043019636
401,401,46,502,611,allocated,524.5115974570678,401,46,502,529,existing,660.2887143027464,401,49,502,687,allocated,917.5538163480848,401,73,502,498,existing,1025.2539301655993,401,17,502,314,allocated,1051.312534296233,401,71,502,164,existing,1473.7888814871221,401,21,502,332,allocated,1941.4051852037694,401,74,502,308,existing,1484.5017774121989,401,72,502,12,existing,1502.4553766957515,401,69,502,331,existing,1815.8281959665508,401,70,502,101,existing,2587.334782216058
402,402,46,503,611,allocated,642.7606376170013,402,46,503,529,existing,506.9835207713227,402,73,503,498,existing,686.0930208131203,402,49,503,687,allocated,983.4389144046057,402,74,503,308,existing,1095.4337858575184,402,71,503,164,existing,1030.217133846603,402,21,503,332,allocated,1617.3609583923553,402,72,503,12,existing,1111.3493672385925,402,17,503,314,allocated,1117.197632352754,402,69,503,331,existing,1881.7132940230715,402,70,503,101,existing,2229.0917955133586
403,403,46,504,611,allocated,733.9022956899629,403,46,504,529,existing,598.1251788442843,403,73,504,498,existing,777.234678886082,403,49,504,687,allocated,1074.5805724775673,403,74,504,308,existing,1186.5754439304799,403,71,504,164,existing,1121.3587919195645,403,69,504,331,existing,1972.8549520960332,403,72,504,12,existing,1202.491025311554,403,17,504,314,allocated,1208.3392904257157,403,21,504,332,allocated,1708.5026164653168,403,70,504,101,existing,2320.23345358632
404,404,63,505,184,existing,501.8555555876867,404,63,505,464,existing,223.2974279089189,404,17,505,314,allocated,1080.8973149447036,404,69,505,331,existing,1208.9674607353384,404,49,505,687,allocated,1214.656032892852,404,21,505,332,allocated,1801.7836801819317,404,71,505,164,existing,1951.4855044134792,404,74,505,308,existing,2047.782821729103,404,72,505,12,existing,2032.617737805469,404,73,505,498,existing,2545.8037511034995,404,70,505,101,existing,2658.008185237907
405,405,62,506,184,existing,449.11587459788143,405,62,506,464,existing,170.55774691911364,405,17,506,314,allocated,1028.1576339548983,405,69,506,331,existing,1156.227779745533,405,21,506,332,allocated,1749.0439991921264,405,49,506,687,allocated,1161.9163519030467,405,71,506,164,existing,1898.745823423674,405,72,506,12,existing,1979.8780568156637,405,73,506,498,existing,2493.0640701136945,405,74,506,308,existing,1995.0431407392978,405,70,506,101,existing,2605.2685042481016
406,406,64,507,542,existing,526.0936281476216,406,64,507,101,allocated,211.79665953300628,406,70,507,101,existing,211.79665953300628,406,21,507,332,allocated,1216.5714101523358,406,72,507,12,existing,1329.5390878077721,406,74,507,308,existing,1347.4926870913248,406,71,507,164,existing,1410.671321199762,406,17,507,314,allocated,1807.1994559452628,406,49,507,687,allocated,1940.9581738934112,406,73,507,498,existing,1864.5220976896703,406,69,507,331,existing,2026.9153486533864
407,407,68,508,642,existing,620.2507970049876,407,68,508,276,existing,428.564330249514,407,70,508,101,existing,1844.08880035547,407,21,508,332,allocated,2003.676878032736,407,69,508,331,existing,2460.001865959717,407,72,508,12,existing,2509.688469186499,407,74,508,308,existing,2527.6420684700515,407,17,508,314,allocated,2951.710544794891,407,71,508,164,existing,2590.8207025784886,407,73,508,498,existing,3044.671479068397,407,49,508,687,allocated,3085.4692627430395
408,408,61,509,162,existing,434.79008271725377,408,61,509,568,existing,124.38138718584136,408,49,509,687,allocated,410.4239881346384,408,17,509,314,allocated,544.1827060827868,408,74,509,308,existing,755.0819854709348,408,71,509,164,existing,689.8653334600194,408,72,509,12,existing,770.9975668520092,408,21,509,332,allocated,1071.0739899904402,408,73,509,498,existing,1047.64219157742,408,69,509,331,existing,1308.6983677531043,408,70,509,101,existing,1717.003587002729
409,409,61,510,162,existing,398.5580429629651,409,61,510,568,existing,88.14934743155267,409,49,510,687,allocated,374.19194838034974,409,17,510,314,allocated,507.9506663284981,409,74,510,308,existing,718.8499457166461,409,71,510,164,existing,653.6332937057307,409,21,510,332,allocated,1034.8419502361514,409,72,510,12,existing,734.7655270977205,409,69,510,331,existing,1272.4663279988158,409,73,510,498,existing,1011.4101518231312,409,70,510,101,existing,1680.7715472484401
410,410,61,511,162,existing,316.23454673906747,410,61,511,138,existing,126.13567682431601,410,49,511,687,allocated,291.8684521564521,410,17,511,314,allocated,425.62717010460045,410,74,511,308,existing,930.9052672835423,410,71,511,164,existing,865.688615272627,410,69,511,331,existing,1190.1428317749182,410,21,511,332,allocated,1246.8972718030477,410,73,511,498,existing,1182.8068015478746,410,72,511,12,existing,946.8208486646167,410,70,511,101,existing,1892.8268688153366
411,411,57,512,498,existing,406.32636318976574,411,57,512,498,allocated,406.32636318976574,411,73,512,498,existing,406.32636318976574,411,74,512,308,existing,923.355773788111,411,71,512,164,existing,1022.4416064636534,411,72,512,12,existing,941.3093730716637,411,17,512,314,allocated,1793.4149191734082,411,21,512,332,allocated,1447.3209642254262,411,49,512,687,allocated,1659.6562012252598,411,70,512,101,existing,2059.0518013464293,411,69,512,331,existing,2304.009519587135
412,412,59,513,314,existing,620.826002905617,412,59,513,464,existing,413.7083820919662,412,17,513,314,allocated,620.826002905617,412,69,513,331,existing,748.8961486962518,412,21,513,332,allocated,1341.712368142845,412,49,513,687,allocated,754.5847208537652,412,74,513,308,existing,1587.711509690016,412,73,513,498,existing,2104.7409202883614,412,72,513,12,existing,1572.546425766382,412,71,513,164,existing,1491.4141923743925,412,70,513,101,existing,2197.93687319882
413,413,54,514,419,existing,386.58077383043565,413,54,514,568,existing,537.4003770905642,413,71,514,164,existing,246.33463626346935,413,74,514,308,existing,311.5512882743848,413,21,514,332,allocated,795.6089463499322,413,72,514,12,existing,327.46686965545916,413,17,514,314,allocated,936.7829967054403,413,73,514,498,existing,828.5806988727301,413,69,514,331,existing,1416.046032300799,413,49,514,687,allocated,885.1647855903501,413,70,514,101,existing,1440.2952801634729
414,414,61,515,162,existing,551.6452133883145,414,61,515,138,existing,361.54634347356307,414,49,515,687,allocated,527.2791188056992,414,17,515,314,allocated,661.0378367538476,414,71,515,164,existing,680.9714273264409,414,74,515,308,existing,746.1880793373563,414,69,515,331,existing,1425.5534984241654,414,72,515,12,existing,762.1036607184307,414,73,515,498,existing,947.3961348986275,414,21,515,332,allocated,1125.2239380286119,414,70,515,101,existing,1769.9102718421523
415,415,46,516,611,allocated,554.1049446443579,415,46,516,529,existing,689.8820614900366,415,73,516,498,existing,1406.1368611148832,415,74,516,308,existing,1923.1662717132288,415,49,516,687,allocated,1951.6734982661042,415,72,516,12,existing,1941.1198709967814,415,69,516,331,existing,2849.94787788457,415,71,516,164,existing,2022.2521043887712,415,17,516,314,allocated,2085.4322162142525,415,21,516,332,allocated,2447.131462150544,415,70,516,101,existing,3058.8622992715473
416,416,54,517,419,existing,331.9950553533046,416,54,517,568,existing,719.7796739291102,416,71,517,164,existing,191.74891778633832,416,74,517,308,existing,256.9655697972537,416,73,517,498,existing,723.0520332682447,416,72,517,12,existing,272.88115117832814,416,17,517,314,allocated,1064.3459757127912,416,21,517,332,allocated,778.8927423320908,416,70,517,101,existing,1390.623579453094,416,49,517,687,allocated,1037.856905483053,416,69,517,331,existing,1501.3922027991534
417,417,54,518,419,existing,158.97273263266936,417,54,518,568,existing,546.7573512084749,417,71,518,164,existing,18.72659506570308,417,74,518,308,existing,83.94324707661846,417,72,518,12,existing,99.85882845769288,417,73,518,498,existing,600.9726576749638,417,17,518,314,allocated,891.3236529921559,417,49,518,687,allocated,972.0121369687333,417,70,518,101,existing,1217.6012567324588,417,21,518,332,allocated,605.8704196114556,417,69,518,331,existing,1328.3698800785182
418,418,54,519,419,existing,340.9158929170453,418,54,519,498,allocated,714.1311957045041,418,71,519,164,existing,200.66975535007901,418,74,519,308,existing,265.88640736099444,418,73,519,498,existing,714.1311957045041,418,72,519,12,existing,281.80198874206883,418,49,519,687,allocated,1046.7777430467936,418,21,519,332,allocated,787.8135798958316,418,17,519,314,allocated,1073.2668132765318,418,70,519,101,existing,1399.5444170168346,418,69,519,331,existing,1510.3130403628943
419,419,68,520,642,existing,553.0109504089091,419,68,520,276,existing,361.32448365343566,419,21,520,332,allocated,1447.353017797667,419,70,520,101,existing,1776.8489537593919,419,72,520,12,existing,1953.3646089514298,419,69,520,331,existing,1903.678005724648,419,17,520,314,allocated,2395.3866845598222,419,74,520,308,existing,1971.3182082349824,419,73,520,498,existing,2488.347618833328,419,71,520,164,existing,2034.4968423434198,419,49,520,687,allocated,2529.1454025079706
420,420,63,521,184,existing,390.85781802241485,420,63,521,464,existing,387.73627866623275,420,17,521,314,allocated,1001.6151375434371,420,49,521,687,allocated,1119.011208110454,420,71,521,164,existing,1886.341952960247,420,69,521,331,existing,1353.0405720485953,420,73,521,498,existing,2434.8060135382275,420,74,521,308,existing,1975.5214459428635,420,21,521,332,allocated,1945.8567914951886,420,72,521,12,existing,1967.4741863522368,420,70,521,101,existing,2597.0179339556935
421,421,8,522,114,allocated,511.79669001847316,421,8,522,687,existing,659.5930436781002,421,17,522,314,allocated,525.834325729952,421,69,522,331,existing,653.9044715205869,421,49,522,687,allocated,659.5930436781002,421,21,522,332,allocated,1246.72069096718,421,71,522,164,existing,1396.4225151987275,421,72,522,12,existing,1477.5547485907173,421,74,522,308,existing,1492.7198325143513,421,73,522,498,existing,2009.7492431126966,421,70,522,101,existing,2102.9451960231554
422,422,36,523,495,allocated,792.2992950578214,422,36,523,184,allocated,929.0385384418692,422,17,523,314,allocated,1202.73102232722,422,49,523,687,allocated,1268.4174505920137,422,69,523,331,existing,1959.2203422055263,422,73,523,498,existing,1910.6087139620208,422,72,523,12,existing,2116.880428833796,422,71,523,164,existing,2035.7481954418065,422,74,523,308,existing,2124.9276884244236,422,21,523,332,allocated,2150.764689089375,422,70,523,101,existing,2798.1338187394767
423,423,36,524,495,allocated,1089.7880512757822,423,36,524,184,allocated,1256.1787646513153,423,17,524,314,allocated,1500.2197785451808,423,49,524,687,allocated,1517.6406774757197,423,73,524,498,existing,1625.3407912932344,423,71,524,164,existing,2073.875742614757,423,69,524,331,existing,2256.709098423487,423,21,524,332,allocated,2448.253445307336,423,74,524,308,existing,2084.588638539834,423,72,524,12,existing,2102.5422378233866,423,70,524,101,existing,3095.6225749574373
424,424,8,525,114,allocated,281.51283723281716,424,8,525,464,existing,569.0298817229265,424,17,525,314,allocated,1182.9087406001308,424,49,525,687,allocated,1300.3048111671474,424,69,525,331,existing,1323.514867309796,424,21,525,332,allocated,1916.3310867563891,424,71,525,164,existing,2066.0329109879367,424,74,525,308,existing,2156.8150489995573,424,73,525,498,existing,2616.0996165949214,424,72,525,12,existing,2147.1651443799265,424,70,525,101,existing,2772.5555918123646
425,425,67,526,584,existing,378.6148133943099,425,67,526,101,allocated,257.33871385590356,425,70,526,101,existing,257.33871385590356,425,21,526,332,allocated,792.9090743687655,425,72,526,12,existing,1171.523774148336,425,74,526,308,existing,1189.4773734318887,425,69,526,331,existing,1574.216508436551,425,73,526,498,existing,1706.506784030234,425,17,526,314,allocated,1649.1841422858265,425,71,526,164,existing,1252.6560075403258,425,49,526,687,allocated,1782.942860233975
426,426,36,527,495,allocated,331.884347124673,426,36,527,138,existing,300.4378981889698,426,49,527,687,allocated,466.170673521106,426,17,527,314,allocated,599.9293914692544,426,74,527,308,existing,1227.7470169538296,426,71,527,164,existing,1162.5303649429143,426,72,527,12,existing,1243.662598334904,426,69,527,331,existing,1363.0578661326008,426,73,527,498,existing,1520.3072230603148,426,21,527,332,allocated,1543.7390214733348,426,70,527,101,existing,2189.6686184856235
427,427,46,529,611,allocated,135.7771168456786,427,46,529,529,existing,0.0,427,73,529,498,existing,863.6224768988309,427,74,529,308,existing,1380.6518874971762,427,49,529,687,allocated,1469.7650876056646,427,72,529,12,existing,1398.6054867807288,427,17,529,314,allocated,1603.523805553813,427,71,529,164,existing,1479.7377201727186,427,69,529,331,existing,2368.0394672241305,427,21,529,332,allocated,1904.6170779344914,427,70,529,101,existing,2516.3479150554945
428,428,46,530,611,allocated,22.24843009170306,428,46,530,529,existing,158.02554693738165,428,73,530,498,existing,1021.6480238362126,428,49,530,687,allocated,1419.8169837134496,428,74,530,308,existing,1538.6774344345579,428,17,530,314,allocated,1553.575701661598,428,72,530,12,existing,1556.6310337181105,428,69,530,331,existing,2318.0913633319155,428,71,530,164,existing,1637.7632671101003,428,21,530,332,allocated,2062.642624871873,428,70,530,101,existing,2674.3734619928764
429,429,46,531,611,allocated,39.84551451918061,429,46,531,529,existing,175.62263136485922,429,73,531,498,existing,1039.24510826369,429,49,531,687,allocated,1402.219899285972,429,17,531,314,allocated,1535.9786172341203,429,74,531,308,existing,1556.2745188620354,429,72,531,12,existing,1574.228118145588,429,71,531,164,existing,1655.3603515375778,429,21,531,332,allocated,2080.2397092993506,429,69,531,331,existing,2300.494278904438,429,70,531,101,existing,2691.970546420354
430,430,46,532,611,allocated,83.58818766459606,430,46,532,529,existing,219.36530451027465,430,73,532,498,existing,1082.9877814091055,430,49,532,687,allocated,1358.4772261405565,430,74,532,308,existing,1600.0171920074508,430,17,532,314,allocated,1492.2359440887049,430,72,532,12,existing,1617.9707912910035,430,21,532,332,allocated,2123.9823824447662,430,71,532,164,existing,1699.1030246829932,430,69,532,331,existing,2256.7516057590224,430,70,532,101,existing,2735.713219565769
431,431,46,533,611,allocated,148.56730991807126,431,46,533,529,existing,284.3444267637499,431,73,533,498,existing,1147.9669036625808,431,49,533,687,allocated,1293.4981038870815,431,74,533,308,existing,1664.996314260926,431,17,533,314,allocated,1427.2568218352299,431,72,533,12,existing,1682.9499135444787,431,21,533,332,allocated,2188.9615046982412,431,69,533,331,existing,2191.7724835055474,431,71,533,164,existing,1764.0821469364685,431,70,533,101,existing,2800.6923418192446
432,432,46,534,611,allocated,133.6526200531034,432,46,534,529,existing,269.429736898782,432,73,534,498,existing,905.0960255632211,432,49,534,687,allocated,1284.2906204119531,432,74,534,308,existing,1422.1254361615665,432,17,534,314,allocated,1418.0493383601015,432,69,534,331,existing,2182.565000030419,432,72,534,12,existing,1440.0790354451192,432,71,534,164,existing,1513.7445034442953,432,21,534,332,allocated,1946.0906265988815,432,70,534,101,existing,2557.821463719885
433,433,46,535,611,allocated,72.6192501989471,433,46,535,529,existing,208.3963670446257,433,73,535,498,existing,966.1293954173774,433,49,535,687,allocated,1345.3239902661094,433,17,535,314,allocated,1479.0827082142578,433,74,535,308,existing,1483.1588060157228,433,69,535,331,existing,2243.5983698845753,433,72,535,12,existing,1501.1124052992755,433,71,535,164,existing,1574.7778732984516,433,21,535,332,allocated,2007.1239964530378,433,70,535,101,existing,2618.854833574041
434,434,46,536,611,allocated,236.40366479707163,434,46,536,529,existing,372.1807816427502,434,49,536,687,allocated,1205.661749008081,434,73,536,498,existing,1235.803258541581,434,74,536,308,existing,1752.8326691399263,434,17,536,314,allocated,1339.4204669562293,434,69,536,331,existing,2103.936128626547,434,21,536,332,allocated,2229.5131178637657,434,71,536,164,existing,1761.8968141471184,434,72,536,12,existing,1770.786268423479,434,70,536,101,existing,2875.442714876054
435,435,46,537,611,allocated,194.3317981925355,435,46,537,529,existing,330.1089150382141,435,73,537,498,existing,949.8983338967355,435,49,537,687,allocated,1223.6114422725211,435,74,537,308,existing,1466.9277444950808,435,17,537,314,allocated,1357.3701602206695,435,21,537,332,allocated,1990.8929349323962,435,71,537,164,existing,1535.751471653345,435,72,537,12,existing,1484.8813437786334,435,69,537,331,existing,2121.8858218909872,435,70,537,101,existing,2602.623772053399
436,436,46,538,611,allocated,212.68454270704217,436,46,538,529,existing,348.4616595527208,436,73,538,498,existing,968.2510784112421,436,49,538,687,allocated,1205.2586977580145,436,74,538,308,existing,1485.2804890095872,436,17,538,314,allocated,1339.0174157061629,436,72,538,12,existing,1503.2340882931398,436,21,538,332,allocated,2009.2456794469026,436,71,538,164,existing,1547.8281561850454,436,69,538,331,existing,2103.5330773764804,436,70,538,101,existing,2620.976516567906
437,437,46,539,611,allocated,284.0061425014684,437,46,539,529,existing,419.783259347147,437,49,539,687,allocated,1239.6491257250964,437,73,539,498,existing,1283.405736245978,437,71,539,164,existing,1795.8841908641339,437,17,539,314,allocated,1373.4078436732448,437,72,539,12,existing,1818.388746127876,437,21,539,332,allocated,2263.500494580781,437,74,539,308,existing,1800.4351468443233,437,69,539,331,existing,2137.9235053435623,437,70,539,101,existing,2909.43009159307
438,438,46,540,611,allocated,306.72180821039666,438,46,540,529,existing,442.4989250560752,438,73,540,498,existing,918.9930451472303,438,49,540,687,allocated,1111.22143225466,438,17,540,314,allocated,1244.9801502028083,438,74,540,308,existing,1398.3476040240325,438,21,540,332,allocated,1922.312794461348,438,72,540,12,existing,1416.3012033075852,438,71,540,164,existing,1453.7908906816908,438,69,540,331,existing,2009.495811873126,438,70,540,101,existing,2534.043631582351
439,439,64,541,542,existing,187.15003741679703,439,64,541,101,allocated,229.58092257058652,439,70,541,101,existing,229.58092257058652,439,21,541,332,allocated,1234.355673189916,439,72,541,12,existing,1347.3233508453525,439,74,541,308,existing,1365.2769501289051,439,71,541,164,existing,1428.4555842373422,439,17,541,314,allocated,1824.9837189828431,439,49,541,687,allocated,1958.7424369309915,439,73,541,498,existing,1882.3063607272506,439,69,541,331,existing,2044.6996116909663
440,440,64,542,542,existing,0.0,440,64,542,101,allocated,416.7309599873835,440,70,542,101,existing,416.7309599873835,440,21,542,332,allocated,1421.505710606713,440,72,542,12,existing,1534.4733882621492,440,74,542,308,existing,1552.4269875457019,440,71,542,164,existing,1615.605621654139,440,73,542,498,existing,2069.4563981440474,440,49,542,687,allocated,2145.8924743477883,440,17,542,314,allocated,2012.1337563996399,440,69,542,331,existing,2231.8496491077635
441,441,57,543,498,existing,162.04245359644966,441,57,543,498,allocated,162.04245359644966,441,73,543,498,existing,162.04245359644966,441,74,543,308,existing,679.0718641947949,441,71,543,164,existing,778.1576968703373,441,72,543,12,existing,697.0254634783475,441,49,543,687,allocated,1547.6445537999305,441,17,543,314,allocated,1654.3387642635694,441,70,543,101,existing,1814.7678917531134,441,21,543,332,allocated,1203.0370546321103,441,69,543,331,existing,2059.725609993819
442,442,59,547,314,existing,512.6349435331398,442,59,547,687,existing,646.3936614812881,442,17,547,314,allocated,512.6349435331398,442,69,547,331,existing,640.7050893237746,442,49,547,687,allocated,646.3936614812881,442,21,547,332,allocated,1233.5213087703678,442,71,547,164,existing,1383.2231330019154,442,74,547,308,existing,1479.5204503175391,442,72,547,12,existing,1464.3553663939051,442,73,547,498,existing,1996.5498609158844,442,70,547,101,existing,2089.7458138263432
443,443,52,548,382,existing,281.3556007017183,443,52,548,276,existing,783.4045723030022,443,21,548,332,allocated,884.842460653121,443,69,548,331,existing,1341.1674485801022,443,72,548,12,existing,1390.854051806884,443,74,548,308,existing,1408.8076510904366,443,17,548,314,allocated,1832.8761274152762,443,71,548,164,existing,1471.9862851988737,443,73,548,498,existing,1925.837061688782,443,70,548,101,existing,1477.8932777289783,443,49,548,687,allocated,1966.6348453634246
444,444,46,549,611,allocated,601.4687166147114,444,46,549,529,existing,737.24583346039,444,73,549,498,existing,1453.5006330852368,444,74,549,308,existing,1970.5300436835823,444,72,549,12,existing,1988.483642967135,444,49,549,687,allocated,1999.037270236458,444,21,549,332,allocated,2494.4952341208973,444,71,549,164,existing,2069.6158763591247,444,17,549,314,allocated,2132.7959881846064,444,69,549,331,existing,2897.311649854924,444,70,549,101,existing,3106.2260712419006
445,445,59,550,314,existing,511.8565086693591,445,59,550,687,existing,645.6152266175073,445,69,550,331,existing,252.65915300095867,445,17,550,314,allocated,511.8565086693591,445,21,550,332,allocated,1109.3477083626674,445,49,550,687,allocated,645.6152266175073,445,72,550,12,existing,1459.1718211715606,445,74,550,308,existing,1474.3369050951947,445,73,550,498,existing,1991.36631569354,445,71,550,164,existing,1378.0395877795709,445,70,550,101,existing,2067.777842121339
446,446,59,551,314,existing,674.5792878486517,446,59,551,687,existing,808.3380057968,446,69,551,331,existing,415.3819321802513,446,17,551,314,allocated,674.5792878486517,446,21,551,332,allocated,1272.07048754196,446,49,551,687,allocated,808.3380057968,446,71,551,164,existing,1540.7623669588636,446,74,551,308,existing,1637.0596842744874,446,72,551,12,existing,1621.8946003508534,446,73,551,498,existing,2154.0890948728324,446,70,551,101,existing,2230.500621300631
447,447,64,552,542,existing,497.15348292617045,447,64,552,101,allocated,147.77456352361327,447,70,552,101,existing,147.77456352361327,447,21,552,332,allocated,1152.5493141429426,447,72,552,12,existing,1265.5169917983792,447,74,552,308,existing,1283.4705910819318,447,71,552,164,existing,1346.649225190369,447,17,552,314,allocated,1743.1773599358698,447,49,552,687,allocated,1876.9360778840182,447,73,552,498,existing,1800.5000016802771,447,69,552,331,existing,1962.893252643993
448,448,59,554,314,existing,692.0915181592067,448,59,554,327,existing,740.1406122551011,448,69,554,331,existing,466.8314490900815,448,17,554,314,allocated,692.0915181592067,448,21,554,332,allocated,911.1026666194095,448,49,554,687,allocated,825.8502361073549,448,70,554,101,existing,1915.8774172387389,448,72,554,12,existing,1402.4609988667298,448,74,554,308,existing,1417.6260827903639,448,71,554,164,existing,1321.32876547474,448,73,554,498,existing,1934.6554933887091
449,449,36,556,495,allocated,522.6552741950309,449,36,556,184,allocated,689.045987570564,449,17,556,314,allocated,933.0870014644294,449,49,556,687,allocated,998.773429729223,449,69,556,331,existing,1689.5763213427358,449,73,556,498,existing,1749.6460890240414,449,72,556,12,existing,1847.2364079710055,449,21,556,332,allocated,1881.1206682265847,449,71,556,164,existing,1766.1041745790158,449,74,556,308,existing,1855.2836675616327,449,70,556,101,existing,2528.4897978766858
450,450,59,557,314,existing,211.66627775977645,450,59,557,687,existing,345.4249957079247,450,17,557,314,allocated,211.66627775977645,450,49,557,687,allocated,345.4249957079247,450,69,557,331,existing,749.7282874987044,450,21,557,332,allocated,768.9645767523078,450,73,557,498,existing,1500.7422996535836,450,72,557,12,existing,968.5478051316043,450,74,557,308,existing,983.7128890552383,450,71,557,164,existing,887.4155717396145,450,70,557,101,existing,1593.9382525640422
451,451,54,559,419,existing,408.7534558774491,451,54,559,568,existing,559.5730591375776,451,71,559,164,existing,268.5073183104828,451,74,559,308,existing,333.72397032139816,451,21,559,332,allocated,817.7816283969456,451,72,559,12,existing,349.6395517024726,451,17,559,314,allocated,958.9556787524537,451,73,559,498,existing,837.6251057980197,451,69,559,331,existing,1438.2187143478122,451,49,559,687,allocated,862.9921035433367,451,70,559,101,existing,1462.4679622104861
452,452,46,561,611,allocated,992.8064544881431,452,46,561,138,existing,992.6546469230549,452,49,561,687,allocated,1158.387422255191,452,73,561,498,existing,1266.0875360727055,452,17,561,314,allocated,1292.1461402033394,452,71,561,164,existing,1714.6224873942285,452,72,561,12,existing,1743.2889826028577,452,21,561,332,allocated,2182.238791110876,452,74,561,308,existing,1725.335383319305,452,69,561,331,existing,2056.661801873657,452,70,561,101,existing,2828.1683881231647
453,453,46,562,611,allocated,815.3323242889213,453,46,562,138,existing,645.1344524005495,453,49,562,687,allocated,810.8672277326857,453,73,562,498,existing,858.6647074850404,453,71,562,164,existing,1000.9062717361968,453,17,562,314,allocated,944.6259456808341,453,21,562,332,allocated,1588.0500962819492,453,69,562,331,existing,1709.1416073511518,453,72,562,12,existing,1082.0385051281864,453,74,562,308,existing,1066.122923747112,453,70,562,101,existing,2199.7809334029525
454,454,68,563,642,existing,386.9116821878306,454,68,563,276,existing,195.22521543235706,454,70,563,101,existing,1610.7496855383133,454,21,563,332,allocated,1770.3377632155791,454,69,563,331,existing,2226.66275114256,454,72,563,12,existing,2276.349354369342,454,74,563,308,existing,2294.3029536528948,454,17,563,314,allocated,2718.371429977734,454,71,563,164,existing,2357.481587761332,454,73,563,498,existing,2811.3323642512396,454,49,563,687,allocated,2852.1301479258823
455,455,68,564,642,existing,446.025453196032,455,68,564,276,existing,254.33898644055853,455,21,564,332,allocated,1362.1001964652537,455,70,564,101,existing,1524.2014924235925,455,69,564,331,existing,1818.4251843922348,455,72,564,12,existing,1868.1117876190165,455,74,564,308,existing,1886.0653869025691,455,17,564,314,allocated,2310.1338632274087,455,71,564,164,existing,1949.2440210110065,455,73,564,498,existing,2403.0947975009144,455,49,564,687,allocated,2443.8925811755576
456,456,68,565,642,existing,288.05531058795395,456,68,565,276,existing,96.36884383248044,456,70,565,101,existing,1511.8933139384367,456,21,565,332,allocated,1520.0703390733318,456,69,565,331,existing,1976.3953270003128,456,72,565,12,existing,2026.0819302270945,456,74,565,308,existing,2044.0355295106472,456,17,565,314,allocated,2468.1040058354865,456,71,565,164,existing,2107.2141636190845,456,73,565,498,existing,2561.0649401089922,456,49,565,687,allocated,2601.8627237836354
457,457,46,566,611,allocated,952.4180899627131,457,46,566,138,existing,952.2662823976249,457,49,566,687,allocated,1117.999057729761,457,73,566,498,existing,1225.6991715472755,457,71,566,164,existing,1674.2341228687985,457,17,566,314,allocated,1251.7577756779094,457,21,566,332,allocated,2141.850426585446,457,74,566,308,existing,1684.947018793875,457,69,566,331,existing,2016.2734373482272,457,72,566,12,existing,1702.9006180774277,457,70,566,101,existing,2787.7800235977347
458,458,46,567,611,allocated,353.0102689523943,458,46,567,529,existing,488.78738579807293,458,73,567,498,existing,872.7045844052327,458,49,567,687,allocated,1157.5098929966575,458,17,567,314,allocated,1291.268610944806,458,74,567,308,existing,1352.059143282035,458,69,567,331,existing,2055.7842726151234,458,72,567,12,existing,1370.0127425655876,458,71,567,164,existing,1407.5024299396932,458,21,567,332,allocated,1876.0243337193504,458,70,567,101,existing,2487.7551708403535
459,459,53,568,630,existing,328.65789286763504,459,53,568,568,existing,0.0,459,49,568,687,allocated,462.3412958119024,459,71,568,164,existing,565.483946274178,459,74,568,308,existing,630.7005982850934,459,17,568,314,allocated,596.1000137600507,459,73,568,498,existing,1098.3800969973101,459,21,568,332,allocated,946.6926028045989,459,69,568,331,existing,1360.6156754303684,459,72,568,12,existing,646.6161796661678,459,70,568,101,existing,1592.6221998168876
460,460,53,569,630,existing,364.90516022561167,460,53,569,568,existing,36.247267357976625,460,49,569,687,allocated,426.0940284539258,460,17,569,314,allocated,559.8527464020741,460,71,569,164,existing,601.7312136321547,460,74,569,308,existing,666.94786564307,460,72,569,12,existing,682.8634470241444,460,21,569,332,allocated,982.9398701625755,460,69,569,331,existing,1324.3684080723917,460,73,569,498,existing,1063.3122318967073,460,70,569,101,existing,1628.8694671748642
461,461,68,571,642,existing,16.674361872555203,461,68,571,276,existing,175.0121048829183,461,70,571,101,existing,1269.0472951733263,461,21,571,332,allocated,1715.770310054384,461,69,571,331,existing,2172.095297981365,461,72,571,12,existing,2221.781901208147,461,74,571,308,existing,2239.7355004916994,461,17,571,314,allocated,2663.803976816539,461,71,571,164,existing,2302.9141346001365,461,73,571,498,existing,2756.7649110900443,461,49,571,687,allocated,2797.5626947646874
462,462,8,572,114,allocated,693.1751059828491,462,8,572,687,existing,837.7588308373541,462,17,572,314,allocated,704.0001128892059,462,69,572,331,existing,832.0702586798407,462,21,572,332,allocated,1424.8864781264338,462,49,572,687,allocated,837.7588308373541,462,72,572,12,existing,1655.720535749971,462,73,572,498,existing,2187.9150302719504,462,71,572,164,existing,1574.5883023579813,462,74,572,308,existing,1670.885619673605,462,70,572,101,existing,2281.110983182409
463,463,46,573,611,allocated,433.1887170803502,463,46,573,529,existing,297.4116002346716,463,73,573,498,existing,607.5108343623243,463,74,573,308,existing,1124.5402449606695,463,49,573,687,allocated,1172.353487370993,463,72,573,12,existing,1142.4938442442221,463,71,573,164,existing,1193.3639721189338,463,69,573,331,existing,2070.627866989459,463,17,573,314,allocated,1306.1122053191414,463,21,573,332,allocated,1648.505435397985,463,70,573,101,existing,2260.236272518988
464,464,51,574,570,existing,523.2203122383734,464,51,574,353,existing,534.0272641008211,464,69,574,331,existing,422.7681417497585,464,21,574,332,allocated,495.09192294742365,464,71,574,164,existing,954.419177425228,464,72,574,12,existing,1001.1035141011865,464,17,574,314,allocated,1187.2838034200763,464,74,574,308,existing,1019.0571133847392,464,49,574,687,allocated,1321.0425213682247,464,70,574,101,existing,1392.3505473706216,464,73,574,498,existing,1536.0865239830844
465,465,65,577,306,existing,336.4183593476397,465,65,577,498,allocated,767.4242180647365,465,73,577,498,existing,767.4242180647365,465,74,577,308,existing,1284.4536286630819,465,72,577,12,existing,1302.4072279466345,465,71,577,164,existing,1383.5394613386243,465,70,577,101,existing,2420.1496562214,465,21,577,332,allocated,1808.418819100397,465,17,577,314,allocated,2256.912346147174,465,49,577,687,allocated,2123.1536281990257,465,69,577,331,existing,2665.1073744621062
466,466,36,579,495,allocated,573.2361092795338,466,36,579,184,allocated,739.6268226550669,466,17,579,314,allocated,983.6678365489324,466,49,579,687,allocated,1049.354264813726,466,69,579,331,existing,1740.1571564272388,466,73,579,498,existing,1800.2269241085442,466,72,579,12,existing,1897.8172430555087,466,21,579,332,allocated,1931.7015033110877,466,71,579,164,existing,1816.685009663519,466,74,579,308,existing,1905.8645026461359,466,70,579,101,existing,2579.070632961189
467,467,46,580,611,allocated,557.6804748944775,467,46,580,529,existing,693.4575917401561,467,73,580,498,existing,1371.8503534604724,467,74,580,308,existing,1888.8797640588177,467,72,580,12,existing,1906.8333633423704,467,49,580,687,allocated,1955.249028516224,467,69,580,331,existing,2853.52340813469,467,71,580,164,existing,1987.9655967343601,467,17,580,314,allocated,2089.0077464643723,467,21,580,332,allocated,2412.844954496133,467,70,580,101,existing,3024.575791617136
468,468,67,582,584,existing,239.53312186115,468,67,582,101,allocated,350.9473677837239,468,70,582,101,existing,350.9473677837239,468,21,582,332,allocated,653.8273828356056,468,72,582,12,existing,1142.3786286762454,468,74,582,308,existing,1160.332227959798,468,71,582,164,existing,1223.5108620682352,468,17,582,314,allocated,1601.861049597761,468,73,582,498,existing,1677.3616385581436,468,69,582,331,existing,1464.171321336656,468,49,582,687,allocated,1735.6197675459093
469,469,67,583,584,existing,204.57457944931798,469,67,583,101,allocated,385.9059101955559,469,70,583,101,existing,385.9059101955559,469,21,583,332,allocated,618.8688404237736,469,74,583,308,existing,1138.2748544851302,469,72,583,12,existing,1120.3212552015775,469,71,583,164,existing,1201.4534885935673,469,73,583,498,existing,1655.3042650834755,469,17,583,314,allocated,1566.9025071859287,469,69,583,331,existing,1429.2127789248243,469,49,583,687,allocated,1700.661225134077
470,470,67,584,584,existing,0.0,470,67,584,353,existing,267.84279362492657,470,21,584,332,allocated,414.2942609744556,470,70,584,101,existing,590.4804896448738,470,72,584,12,existing,915.7466757522595,470,74,584,308,existing,933.7002750358122,470,17,584,314,allocated,1362.327927736611,470,73,584,498,existing,1450.7296856341575,470,69,584,331,existing,1224.638199475506,470,71,584,164,existing,996.8789091442493,470,49,584,687,allocated,1496.0866456847593
471,471,51,585,570,existing,263.95777355392124,471,51,585,353,existing,266.9959214043725,471,21,585,332,allocated,235.8293842629716,471,69,585,331,existing,689.7994844462071,471,74,585,308,existing,759.7945747002871,471,72,585,12,existing,741.8409754167344,471,70,585,101,existing,1125.3192046741729,471,73,585,498,existing,1276.8239852986324,471,17,585,314,allocated,1183.8630510251269,471,71,585,164,existing,822.9732088087243,471,49,585,687,allocated,1317.6217689732753
472,472,66,586,570,existing,313.9335708950176,472,66,586,353,existing,316.9717187454688,472,21,586,332,allocated,285.8051816040679,472,69,586,331,existing,639.8236871051108,472,72,586,12,existing,791.8167727578308,472,74,586,308,existing,809.7703720413834,472,17,586,314,allocated,1233.8388483662231,472,73,586,498,existing,1326.7997826397286,472,70,586,101,existing,1175.2950020152693,472,71,586,164,existing,872.9490061498207,472,49,586,687,allocated,1367.5975663143715
473,473,52,587,382,existing,339.5134486460509,473,52,587,276,existing,612.4821561461822,473,21,587,332,allocated,1109.3318757586444,473,69,587,331,existing,1565.5602901935395,473,74,587,308,existing,1633.2970661959598,473,72,587,12,existing,1615.3434669124072,473,17,587,314,allocated,2057.3655425208,473,70,587,101,existing,1910.787115379009,473,71,587,164,existing,1696.4757003043972,473,73,587,498,existing,2150.3264767943056,473,49,587,687,allocated,2191.1242604689483
474,474,51,588,570,existing,396.78070229879086,474,51,588,353,existing,399.8188501492421,474,21,588,332,allocated,368.65231300784114,474,69,588,331,existing,556.9765557013375,474,72,588,12,existing,874.663904161604,474,74,588,308,existing,892.6175034451567,474,17,588,314,allocated,1316.6859797699963,474,73,588,498,existing,1409.646914043502,474,70,588,101,existing,1258.1421334190427,474,71,588,164,existing,955.7961375535939,474,49,588,687,allocated,1450.4446977181447
475,475,52,589,382,existing,776.1485602351875,475,52,589,276,existing,658.736402855343,475,70,589,101,existing,1103.6018304105721,475,21,589,332,allocated,1173.6178882750107,475,69,589,331,existing,1629.942876201992,475,72,589,12,existing,1679.6294794287735,475,74,589,308,existing,1697.5830787123261,475,17,589,314,allocated,2121.651555037166,475,71,589,164,existing,1760.7617128207633,475,73,589,498,existing,2214.6124893106717,475,49,589,687,allocated,2255.4102729853144
476,476,67,590,584,existing,728.4958756772061,476,67,590,276,existing,672.6085539186541,476,70,590,101,existing,1014.3206850849109,476,21,590,332,allocated,1084.3367429493496,476,69,590,331,existing,1540.661730876331,476,72,590,12,existing,1590.3483341031124,476,74,590,308,existing,1608.301933386665,476,17,590,314,allocated,2032.370409711505,476,71,590,164,existing,1671.4805674951022,476,73,590,498,existing,2125.3313439850103,476,49,590,687,allocated,2166.1291276596535
477,477,52,593,382,existing,753.1050637853875,477,52,593,276,existing,635.6929064055432,477,70,593,101,existing,1126.645326860372,477,21,593,332,allocated,1196.6613847248107,477,72,593,12,existing,1702.6729758785734,477,69,593,331,existing,1652.986372651792,477,71,593,164,existing,1783.8052092705632,477,73,593,498,existing,2237.655985760471,477,74,593,308,existing,1720.626575162126,477,17,593,314,allocated,2144.695051486966,477,49,593,687,allocated,2278.4537694351143
478,478,63,594,184,existing,458.062746814075,478,63,594,184,allocated,458.062746814075,478,17,594,314,allocated,1068.8200663350972,478,49,594,687,allocated,1186.216136902114,478,69,594,331,existing,1824.3492090379018,478,71,594,164,existing,1953.546881751907,478,74,594,308,existing,2042.7263747345237,478,72,594,12,existing,2034.6791151438968,478,21,594,332,allocated,2016.8537330972524,478,73,594,498,existing,2502.0109423298877,478,70,594,101,existing,2664.2228627473537
479,479,52,595,382,existing,535.3590535659434,479,52,595,353,existing,541.5555744111755,479,21,595,332,allocated,905.2180237295029,479,70,595,101,existing,1223.8898248647529,479,69,595,331,existing,1361.543011656484,479,72,595,12,existing,1411.2296148832656,479,74,595,308,existing,1429.1832141668183,479,17,595,314,allocated,1853.2516904916583,479,71,595,164,existing,1492.3618482752554,479,73,595,498,existing,1946.2126247651636,479,49,595,687,allocated,1987.0104084398067
480,480,67,596,584,existing,509.6494860123697,480,67,596,101,allocated,429.050255814233,480,70,596,101,existing,429.050255814233,480,21,596,332,allocated,923.9437469868253,480,72,596,12,existing,1343.2353161066656,480,74,596,308,existing,1361.1889153902182,480,71,596,164,existing,1424.3675494986553,480,17,596,314,allocated,1820.8956842441562,480,73,596,498,existing,1878.2183259885637,480,69,596,331,existing,1568.7218500095928,480,49,596,687,allocated,1954.6544021923046
481,481,67,597,584,existing,533.1809489827601,481,67,597,101,allocated,452.5817187846234,481,70,597,101,existing,452.5817187846234,481,21,597,332,allocated,947.4752099572156,481,72,597,12,existing,1366.7667790770558,481,74,597,308,existing,1384.7203783606085,481,71,597,164,existing,1447.8990124690456,481,17,597,314,allocated,1844.4271472145465,481,73,597,498,existing,1901.749788958954,481,69,597,331,existing,1545.1903870392023,481,49,597,687,allocated,1978.1858651626949
482,482,52,598,382,existing,694.243621216136,482,52,598,276,existing,576.8314638362916,482,21,598,332,allocated,1180.2209339592628,482,70,598,101,existing,1185.5067694296235,482,69,598,331,existing,1636.5459218862438,482,72,598,12,existing,1686.2325251130255,482,74,598,308,existing,1704.1861243965782,482,17,598,314,allocated,2128.254600721418,482,71,598,164,existing,1767.3647585050153,482,73,598,498,existing,2221.2155349949235,482,49,598,687,allocated,2262.013318669566
483,483,52,599,382,existing,707.0910439931856,483,52,599,276,existing,634.7714045660541,483,21,599,332,allocated,1046.4995935967495,483,70,599,101,existing,1052.157834437511,483,69,599,331,existing,1502.8245815237308,483,72,599,12,existing,1552.5111847505123,483,74,599,308,existing,1570.464784034065,483,17,599,314,allocated,1994.533260358905,483,71,599,164,existing,1633.643418142502,483,73,599,498,existing,2087.49419463241,483,49,599,687,allocated,2128.2919783070533
484,484,63,600,184,existing,431.12083356489325,484,63,600,184,allocated,431.12083356489325,484,17,600,314,allocated,1041.8781530859155,484,49,600,687,allocated,1159.274223652932,484,69,600,331,existing,1797.4072957887201,484,71,600,164,existing,1926.6049685027251,484,73,600,498,existing,2475.069029080706,484,72,600,12,existing,2007.7372018947149,484,21,600,332,allocated,1989.9118198480705,484,74,600,308,existing,2015.784461485342,484,70,600,101,existing,2637.280949498172
485,485,55,601,570,existing,478.95279133869803,485,55,601,353,existing,481.9909391891493,485,21,601,332,allocated,450.8244020477483,485,69,601,331,existing,474.8044666614303,485,72,601,12,existing,956.8359932015112,485,74,601,308,existing,974.7895924850638,485,70,601,101,existing,1340.3142224589496,485,17,601,314,allocated,1239.320128331748,485,49,601,687,allocated,1373.0788462798964,485,71,601,164,existing,1006.4555023368997,485,73,601,498,existing,1491.8190030834091
486,486,63,603,184,existing,432.3127343175894,486,63,603,184,allocated,432.3127343175894,486,17,603,314,allocated,1043.0700538386116,486,49,603,687,allocated,1160.4661244056283,486,69,603,331,existing,1798.5991965414162,486,71,603,164,existing,1927.7968692554214,486,74,603,308,existing,2016.976362238038,486,72,603,12,existing,2008.9291026474111,486,21,603,332,allocated,1991.1037206007668,486,73,603,498,existing,2476.260929833402,486,70,603,101,existing,2638.472850250868
487,487,67,604,584,existing,628.0628829256739,487,67,604,353,existing,360.2200893007473,487,21,604,332,allocated,723.8825386190747,487,70,604,101,existing,1156.4140232278119,487,72,604,12,existing,1229.8941297728375,487,69,604,331,existing,1180.2075265460558,487,17,604,314,allocated,1671.9162053812302,487,71,604,164,existing,1311.0263631648272,487,73,604,498,existing,1764.8771396547354,487,74,604,308,existing,1247.84772905639,487,49,604,687,allocated,1805.6749233293785
488,488,68,605,642,existing,263.714745168787,488,68,605,276,existing,422.0524881791501,488,70,605,101,existing,1022.0069118770946,488,21,605,332,allocated,1468.7299267581523,488,69,605,331,existing,1925.0549146851333,488,72,605,12,existing,1974.741517911915,488,74,605,308,existing,1992.6951171954677,488,17,605,314,allocated,2416.7635935203075,488,71,605,164,existing,2055.873751303905,488,73,605,498,existing,2509.7245277938127,488,49,605,687,allocated,2550.522311468456
489,489,68,606,642,existing,244.24586440159683,489,68,606,276,existing,402.5836074119599,489,70,606,101,existing,1041.4757926442846,489,21,606,332,allocated,1488.1988075253423,489,69,606,331,existing,1944.5237954523234,489,72,606,12,existing,1994.210398679105,489,74,606,308,existing,2012.1639979626577,489,17,606,314,allocated,2436.2324742874976,489,71,606,164,existing,2075.342632071095,489,73,606,498,existing,2529.193408561003,489,49,606,687,allocated,2569.991192235646
490,490,46,607,611,allocated,551.5737715405892,490,46,607,529,existing,687.3508883862678,490,49,607,687,allocated,890.4916422645634,490,73,607,498,existing,998.1917560820779,490,71,607,164,existing,1446.7267074036008,490,17,607,314,allocated,1024.2503602127117,490,21,607,332,allocated,1914.343011120248,490,74,607,308,existing,1457.4396033286773,490,69,607,331,existing,1788.7660218830295,490,72,607,12,existing,1475.39320261223,490,70,607,101,existing,2560.272608132537
491,491,46,608,611,allocated,571.6389346991866,491,46,608,138,existing,704.6937037738298,491,49,608,687,allocated,870.426479105966,491,73,608,498,existing,978.1265929234804,491,71,608,164,existing,1426.6615442450034,491,17,608,314,allocated,1004.1851970541143,491,21,608,332,allocated,1894.2778479616507,491,69,608,331,existing,1768.700858724432,491,74,608,308,existing,1437.3744401700799,491,72,608,12,existing,1455.3280394536325,491,70,608,101,existing,2540.2074449739393
492,492,57,609,498,existing,345.5185466935519,492,57,609,498,allocated,345.5185466935519,492,73,609,498,existing,345.5185466935519,492,74,609,308,existing,862.5479572918971,492,71,609,164,existing,931.3716844501614,492,72,609,12,existing,880.5015565754497,492,49,609,687,allocated,1380.6975764718038,492,17,609,314,allocated,1501.3290807319174,492,70,609,101,existing,1998.2439848502154,492,21,609,332,allocated,1386.5131477292125,492,69,609,331,existing,2206.3656376854215
493,493,57,610,498,existing,430.92587673330075,493,57,610,498,allocated,430.92587673330075,493,73,610,498,existing,430.92587673330075,493,71,610,164,existing,519.4921685247039,493,74,610,308,existing,584.7088205356192,493,72,610,12,existing,600.6244019166936,493,70,610,101,existing,1718.3668301914595,493,17,610,314,allocated,1083.295803606346,493,49,610,687,allocated,962.6642993462323,493,21,610,332,allocated,1106.6359930704564,493,69,610,331,existing,1790.4457232581324
494,494,46,612,611,allocated,55.49328995699431,494,46,612,529,existing,191.2704068026729,494,73,612,498,existing,950.8690570421065,494,49,612,687,allocated,1362.4499505080623,494,72,612,12,existing,1485.8520669240045,494,74,612,308,existing,1467.8984676404518,494,69,612,331,existing,2260.7243301265285,494,17,612,314,allocated,1496.2086684562107,494,71,612,164,existing,1566.9843003159942,494,21,612,332,allocated,1991.863658077767,494,70,612,101,existing,2603.5944951987703
495,495,46,613,611,allocated,498.7340327549042,495,46,613,529,existing,362.9569159092256,495,73,613,498,existing,598.8837934834843,495,74,613,308,existing,1115.9132040818295,495,71,613,164,existing,1214.9990367573719,495,72,613,12,existing,1133.866803365382,495,70,613,101,existing,2251.609231640148,495,21,613,332,allocated,1639.8783945191449,495,17,613,314,allocated,1685.7491863516304,495,49,613,687,allocated,1551.990468403482,495,69,613,331,existing,2450.264848021948
496,496,67,614,584,existing,447.90008304343763,496,67,614,353,existing,562.2501019330732,496,70,614,101,existing,610.1365080687707,496,21,614,332,allocated,862.1943440178932,496,74,614,308,existing,1381.6003580792499,496,72,614,12,existing,1363.6467587956972,496,17,614,314,allocated,1810.2280107800484,496,71,614,164,existing,1444.778992187687,496,73,614,498,existing,1898.6297686775952,496,69,614,331,existing,1387.635597755055,496,49,614,687,allocated,1943.9867287281968
497,497,68,615,642,existing,661.3225747835814,497,68,615,276,existing,697.1524176256581,497,70,615,101,existing,730.5698726499659,497,21,615,332,allocated,1175.9530874523784,497,74,615,308,existing,1695.359101513735,497,72,615,12,existing,1677.4055022301823,497,73,615,498,existing,2212.38851211208,497,17,615,314,allocated,2123.986754214534,497,69,615,331,existing,1696.6935640774295,497,71,615,164,existing,1758.537735622172,497,49,615,687,allocated,2257.7454721626823
498,498,67,617,584,existing,506.2280671591241,498,67,617,101,allocated,551.8085239530842,498,70,617,101,existing,551.8085239530842,498,21,617,332,allocated,920.5223281335798,498,74,617,308,existing,1439.9283421949362,498,72,617,12,existing,1421.9747429113836,498,17,617,314,allocated,1868.5559948957348,498,73,617,498,existing,1956.9577527932815,498,71,617,164,existing,1503.1069763033734,498,69,617,331,existing,1445.9635818707416,498,49,617,687,allocated,2002.3147128438832
499,499,67,618,584,existing,459.97900796514665,499,67,618,353,existing,574.3290268547823,499,70,618,101,existing,598.0575831470617,499,21,618,332,allocated,874.2732689396023,499,74,618,308,existing,1393.6792830009588,499,72,618,12,existing,1375.7256837174061,499,69,618,331,existing,1399.714522676764,499,17,618,314,allocated,1822.3069357017575,499,73,618,498,existing,1910.7086935993043,499,71,618,164,existing,1456.8579171093959,499,49,618,687,allocated,1956.065653649906
500,500,67,619,584,existing,661.295412683228,500,67,619,276,existing,650.7926836154973,500,70,619,101,existing,947.1202220909329,500,21,619,332,allocated,1059.8468255601415,500,69,619,331,existing,1516.1718134871226,500,72,619,12,existing,1565.8584167139043,500,74,619,308,existing,1583.812015997457,500,17,619,314,allocated,2007.8804923222965,500,71,619,164,existing,1646.990650105894,500,73,619,498,existing,2100.841426595802,500,49,619,687,allocated,2141.639210270445
501,501,67,620,584,existing,182.47511484727528,501,67,620,353,existing,296.8251337369109,501,70,620,101,existing,577.9346827049641,501,21,620,332,allocated,596.7693758217308,501,72,620,12,existing,1098.2217905995349,501,74,620,308,existing,1116.1753898830875,501,71,620,164,existing,1179.3540239915246,501,17,620,314,allocated,1544.803042583886,501,69,620,331,existing,1253.6205395874904,501,73,620,498,existing,1633.2048004814328,501,49,620,687,allocated,1678.5617605320344
502,502,64,621,542,existing,167.92136332526812,502,64,621,101,allocated,468.1838464400699,502,70,621,101,existing,468.1838464400699,502,21,621,332,allocated,1472.9585970593994,502,72,621,12,existing,1585.9262747148357,502,74,621,308,existing,1603.8798739983883,502,71,621,164,existing,1667.0585081068255,502,17,621,314,allocated,2063.5866428523263,502,49,621,687,allocated,2197.3453608004747,502,73,621,498,existing,2120.909284596734,502,69,621,331,existing,2283.30253556045
503,503,67,623,584,existing,350.6975282669448,503,67,623,101,allocated,409.7122692852945,503,70,623,101,existing,409.7122692852945,503,21,623,332,allocated,764.9917892414004,503,72,623,12,existing,1266.4442040192043,503,74,623,308,existing,1284.397803302757,503,71,623,164,existing,1347.576437411194,503,17,623,314,allocated,1713.0254560035557,503,69,623,331,existing,1421.84295300716,503,73,623,498,existing,1801.4272139011023,503,49,623,687,allocated,1846.7841739517041
504,504,67,624,584,existing,280.83426703711893,504,67,624,353,existing,395.18428592675457,504,70,624,101,existing,479.57553051512036,504,21,624,332,allocated,695.1285280115745,504,74,624,308,existing,1214.5345420729311,504,72,624,12,existing,1196.5809427893785,504,71,624,164,existing,1277.7131761813682,504,73,624,498,existing,1731.5639526712766,504,17,624,314,allocated,1643.1621947737299,504,69,624,331,existing,1351.9796917773342,504,49,624,687,allocated,1776.9209127218783
505,505,64,625,542,existing,573.3306868192524,505,64,625,101,allocated,499.9808155527941,505,70,625,101,existing,499.9808155527941,505,21,625,332,allocated,1504.7555661721233,505,72,625,12,existing,1617.7232438275598,505,74,625,308,existing,1635.6768431111125,505,49,625,687,allocated,2229.142329913199,505,73,625,498,existing,2152.706253709458,505,71,625,164,existing,1698.8554772195496,505,17,625,314,allocated,2095.3836119650505,505,69,625,331,existing,2315.099504673174
506,506,64,626,542,existing,618.1619574662659,506,64,626,101,allocated,455.1495449057805,506,70,626,101,existing,455.1495449057805,506,21,626,332,allocated,1459.9242955251098,506,72,626,12,existing,1572.8919731805463,506,74,626,308,existing,1590.845572464099,506,49,626,687,allocated,2184.311059266185,506,73,626,498,existing,2107.8749830624442,506,71,626,164,existing,1654.024206572536,506,17,626,314,allocated,2050.552341318037,506,69,626,331,existing,2270.2682340261604
507,507,67,627,584,existing,89.58667171981033,507,67,627,353,existing,203.93669060944598,507,21,627,332,allocated,503.88093269426594,507,70,627,101,existing,680.0671613646841,507,74,627,308,existing,1023.2869467556225,507,72,627,12,existing,1005.3333474720698,507,71,627,164,existing,1086.4655808640596,507,73,627,498,existing,1540.3163573539678,507,17,627,314,allocated,1451.914599456421,507,69,627,331,existing,1160.7320964600256,507,49,627,687,allocated,1585.6733174045694
508,508,36,628,495,allocated,1111.2491807802635,508,36,628,138,existing,1197.842942554173,508,49,628,687,allocated,1363.5757178863091,508,73,628,498,existing,1471.2758317038238,508,71,628,164,existing,1919.8107830253466,508,17,628,314,allocated,1497.3344358344575,508,21,628,332,allocated,2387.4270867419937,508,74,628,308,existing,1930.5236789504233,508,72,628,12,existing,1948.477278233976,508,69,628,331,existing,2261.850097504775,508,70,628,101,existing,3033.3566837542826
509,509,36,629,495,allocated,1128.4422281988204,509,36,629,138,existing,1215.03598997273,509,49,629,687,allocated,1380.768765304866,509,73,629,498,existing,1488.4688791223807,509,17,629,314,allocated,1514.5274832530145,509,71,629,164,existing,1937.0038304439036,509,69,629,331,existing,2279.043144923332,509,74,629,308,existing,1947.7167263689803,509,21,629,332,allocated,2404.6201341605506,509,72,629,12,existing,1965.670325652533,509,70,629,101,existing,3050.5497311728395
510,510,62,633,184,existing,281.9706471716438,510,62,633,184,allocated,281.9706471716438,510,17,633,314,allocated,892.7279666926661,510,49,633,687,allocated,1010.1240372596828,510,69,633,331,existing,1648.2571093954707,510,71,633,164,existing,1777.454782109476,510,72,633,12,existing,1858.5870155014657,510,73,633,498,existing,2325.9188426874566,510,21,633,332,allocated,1840.7616334548213,510,74,633,308,existing,1866.6342750920926,510,70,633,101,existing,2488.1307631049226
511,511,68,642,642,existing,0.0,511,68,642,276,existing,191.6864667554735,511,70,642,101,existing,1285.7216570458816,511,21,642,332,allocated,1732.4446719269392,511,69,642,331,existing,2188.76965985392,511,72,642,12,existing,2238.456263080702,511,74,642,308,existing,2256.4098623642544,511,17,642,314,allocated,2680.4783386890945,511,71,642,164,existing,2319.588496472692,511,73,642,498,existing,2773.4392729625997,511,49,642,687,allocated,2814.237056637243
512,512,59,646,314,existing,132.01141949831114,512,59,646,687,existing,265.77013744645944,512,17,646,314,allocated,132.01141949831114,512,49,646,687,allocated,265.77013744645944,512,69,646,331,existing,632.5042421720066,512,21,646,332,allocated,852.8977847355392,512,72,646,12,existing,1083.7318423590764,512,71,646,164,existing,1002.5996089670867,512,74,646,308,existing,1098.8969262827104,512,73,646,498,existing,1615.9263368810557,512,70,646,101,existing,1709.1222897915145
513,513,46,647,611,allocated,845.2407964107035,513,46,647,138,existing,845.0889888456154,513,49,647,687,allocated,1010.8217641777514,513,73,647,498,existing,1118.521877995266,513,17,647,314,allocated,1144.5804821258998,513,71,647,164,existing,1567.056829316789,513,69,647,331,existing,1909.0961437962173,513,74,647,308,existing,1577.7697252418657,513,72,647,12,existing,1595.7233245254183,513,21,647,332,allocated,2034.673133033436,513,70,647,101,existing,2680.602730045725
514,514,36,654,495,allocated,12.682955977645953,514,36,654,184,allocated,179.07366935317913,514,17,654,314,allocated,431.6836501678431,514,49,654,687,allocated,549.0797207348598,514,69,654,331,existing,1187.2127928706477,514,71,654,164,existing,1316.410465584653,514,72,654,12,existing,1397.5426989766427,514,74,654,308,existing,1405.5899585672696,514,73,654,498,existing,1864.8745261626336,514,21,654,332,allocated,1379.7173169299983,514,70,654,101,existing,2027.0864465800996
515,515,61,655,162,existing,530.9660972668524,515,61,655,138,existing,388.60040112859383,515,49,655,687,allocated,554.33317646073,515,17,655,314,allocated,688.0918944088783,515,73,655,498,existing,1186.2166027539388,515,71,655,164,existing,1250.6928678825382,515,74,655,308,existing,1315.9095198934535,515,69,655,331,existing,1451.220369072225,515,21,655,332,allocated,1631.901524412959,515,72,655,12,existing,1331.825101274528,515,70,655,101,existing,2277.8311214252476
516,516,46,658,611,allocated,374.53031770552934,516,46,658,529,existing,510.30743455120796,516,73,658,498,existing,1373.9299114500388,516,49,658,687,allocated,1380.998951443253,516,74,658,308,existing,1890.9593220483841,516,17,658,314,allocated,1514.7576693914014,516,21,658,332,allocated,2404.8503202989377,516,72,658,12,existing,1908.9129213319368,516,69,658,331,existing,2279.273331061719,516,71,658,164,existing,1937.2340165822905,516,70,658,101,existing,3026.6553496067027
517,517,46,660,611,allocated,472.96878192240825,517,46,660,529,existing,563.6806493674717,517,73,660,498,existing,857.0378947068064,517,49,660,687,allocated,944.9744585426483,517,17,660,314,allocated,1078.7331764907967,517,74,660,308,existing,1316.285741953406,517,72,660,12,existing,1334.2393412369586,517,21,660,332,allocated,1840.2509323907213,517,69,660,331,existing,1843.2488381611142,517,71,660,164,existing,1371.7290286110642,517,70,660,101,existing,2451.9817695117245
518,518,46,662,611,allocated,528.3627975223261,518,46,662,529,existing,616.1119910800305,518,73,662,498,existing,801.6438791068886,518,49,662,687,allocated,889.5804429427305,518,74,662,308,existing,1260.8917263534881,518,17,662,314,allocated,1023.3391608908789,518,72,662,12,existing,1278.8453256370408,518,21,662,332,allocated,1784.8569167908036,518,69,662,331,existing,1787.8548225611967,518,71,662,164,existing,1316.3350130111462,518,70,662,101,existing,2396.5877539118064
519,519,52,667,382,existing,15.573346663257437,519,52,667,353,existing,787.6699318423966,519,21,667,332,allocated,756.5033947009958,519,69,667,331,existing,1210.4734948842313,519,72,667,12,existing,1262.5149858547586,519,74,667,308,existing,1280.4685851383113,519,17,667,314,allocated,1704.537061463151,519,70,667,101,existing,1645.993215112197,519,71,667,164,existing,1343.6472192467486,519,73,667,498,existing,1797.4979957366565,519,49,667,687,allocated,1838.2957794112995
520,520,46,680,611,allocated,456.02995863890635,520,46,680,529,existing,563.6572734274652,520,73,680,498,existing,873.7565075551179,520,49,680,687,allocated,961.9132818261503,520,17,680,314,allocated,1095.6719997742987,520,74,680,308,existing,1333.224565236908,520,72,680,12,existing,1351.1781645204605,520,21,680,332,allocated,1857.1897556742233,520,69,680,331,existing,1860.1876614446164,520,71,680,164,existing,1388.667851894566,520,70,680,101,existing,2468.920592795226
521,521,46,683,611,allocated,353.43311168013446,521,46,683,529,existing,489.210228525813,521,73,683,498,existing,1352.832705424644,521,49,683,687,allocated,1389.9037858105464,521,74,683,308,existing,1869.8621160229893,521,17,683,314,allocated,1523.6625037586948,521,72,683,12,existing,1887.815715306542,521,69,683,331,existing,2288.1781654290126,521,21,683,332,allocated,2393.8273064603045,521,71,683,164,existing,1946.138850949584,521,70,683,101,existing,3005.558143581308
522,522,53,684,630,existing,569.2814566515005,522,53,684,568,existing,460.88477697326323,522,71,684,164,existing,487.95751076277963,522,74,684,308,existing,553.174162773695,522,73,684,498,existing,643.9537876968691,522,72,684,12,existing,569.0897441547695,522,21,684,332,allocated,954.2717158830937,522,49,684,687,allocated,746.9273779220603,522,17,684,314,allocated,867.5588821821739,522,69,684,331,existing,1574.7088018339605,522,70,684,101,existing,1598.9580496966344
523,523,46,685,611,allocated,720.9305401074319,523,46,685,529,existing,585.1534232617532,523,73,685,498,existing,764.2629233035509,523,71,685,164,existing,952.0472313561723,523,72,685,12,existing,1033.179464748162,523,74,685,308,existing,1017.2638833670877,523,49,685,687,allocated,1061.6088168950364,523,69,685,331,existing,1959.8831965135023,523,17,685,314,allocated,1195.3675348431848,523,21,685,332,allocated,1539.1910559019248,523,70,685,101,existing,2150.921893022928
524,524,57,686,498,existing,428.211250377606,524,57,686,498,allocated,428.211250377606,524,73,686,498,existing,428.211250377606,524,74,686,308,existing,945.2406609759512,524,71,686,164,existing,1014.0643881342155,524,72,686,12,existing,963.1942602595038,524,70,686,101,existing,2080.9366885342697,524,21,686,332,allocated,1469.2058514132666,524,17,686,314,allocated,1485.4117893038597,524,49,686,687,allocated,1351.6530713557113,524,69,686,331,existing,2249.927450974177
525,525,8,689,114,allocated,513.6235679301524,525,8,689,687,existing,1092.1208718637868,525,17,689,314,allocated,958.3621539156384,525,69,689,331,existing,1086.4322997062732,525,49,689,687,allocated,1092.1208718637868,525,21,689,332,allocated,1679.2485191528663,525,73,689,498,existing,2442.277071298383,525,74,689,308,existing,1925.2476607000376,525,72,689,12,existing,1910.0825767764036,525,71,689,164,existing,1828.9503433844138,525,70,689,101,existing,2535.4730242088417
526,526,59,690,314,existing,630.1063850238648,526,59,690,327,existing,678.1554791197593,526,69,690,331,existing,404.8463159547396,526,17,690,314,allocated,630.1063850238648,526,49,690,687,allocated,763.8651029720131,526,21,690,332,allocated,973.0877997547514,526,72,690,12,existing,1443.3083130127602,526,74,690,308,existing,1458.4733969363942,526,73,690,498,existing,1975.5028075347395,526,71,690,164,existing,1362.1760796207705,526,70,690,101,existing,1977.862550374081
527,527,51,692,570,existing,426.40065553229124,527,51,692,353,existing,630.8469208069031,527,21,692,332,allocated,398.2722662413416,527,69,692,331,existing,458.41628912036714,527,72,692,12,existing,904.2838573951044,527,71,692,164,existing,857.5995207191459,527,70,692,101,existing,1403.047016860671,527,74,692,308,existing,922.237456678657,527,49,692,687,allocated,1243.8131815408033,527,17,692,314,allocated,1110.0544635926549,527,73,692,498,existing,1439.2668672770023
528,528,8,693,114,allocated,356.8344877273272,528,8,693,464,existing,644.3515322174366,528,17,693,314,allocated,1258.2303910946407,528,49,693,687,allocated,1375.6264616616577,528,21,693,332,allocated,1991.6527372508995,528,69,693,331,existing,1398.8365178043061,528,73,693,498,existing,2691.4212670894312,528,71,693,164,existing,2141.354561482447,528,72,693,12,existing,2222.486794874437,528,74,693,308,existing,2232.136699494067,528,70,693,101,existing,2847.877242306875
529,529,61,694,162,existing,496.7649694016579,529,61,694,138,existing,354.3992732633993,529,49,694,687,allocated,520.1320485955354,529,17,694,314,allocated,653.8907665436838,529,74,694,308,existing,1281.708392028259,529,71,694,164,existing,1216.4917400173435,529,72,694,12,existing,1297.6239734093333,529,69,694,331,existing,1417.0192412070305,529,73,694,498,existing,1528.3782258915626,529,21,694,332,allocated,1597.7003965477645,529,70,694,101,existing,2243.629993560053
530,530,61,695,162,existing,423.05456511693933,530,61,695,138,existing,280.6888689786808,530,49,695,687,allocated,446.4216443108169,530,17,695,314,allocated,580.1803622589653,530,74,695,308,existing,1207.9979877435403,530,71,695,164,existing,1142.781335732625,530,69,695,331,existing,1343.308836922312,530,72,695,12,existing,1223.9135691246147,530,21,695,332,allocated,1523.989992263046,530,73,695,498,existing,1500.5581938500254,530,70,695,101,existing,2169.9195892753346
531,531,36,696,495,allocated,374.2180959453643,531,36,696,184,allocated,540.6088093208975,531,17,696,314,allocated,784.6498232147628,531,49,696,687,allocated,850.3362514795565,531,71,696,164,existing,1617.6669963293493,531,69,696,331,existing,1541.1391430930692,531,72,696,12,existing,1698.799229721339,531,74,696,308,existing,1706.8464893119663,531,73,696,498,existing,1831.4652966227166,531,21,696,332,allocated,1732.683489976918,531,70,696,101,existing,2380.0526196270193
532,532,46,697,611,allocated,530.4106228834667,532,46,697,529,existing,450.34929684687495,532,73,697,498,existing,760.4485309745277,532,49,697,687,allocated,1058.305811063245,532,74,697,308,existing,1239.8030898513298,532,17,697,314,allocated,1192.0645290113935,532,69,697,331,existing,1956.580190681711,532,72,697,12,existing,1257.7566891348824,532,71,697,164,existing,1295.246376508988,532,21,697,332,allocated,1763.7682802886452,532,70,697,101,existing,2375.4991174096485
533,533,46,698,611,allocated,805.2994964195024,533,46,698,138,existing,655.1672802699686,533,49,698,687,allocated,820.9000556021047,533,73,698,498,existing,848.6318796156214,533,17,698,314,allocated,954.658773550253,533,71,698,164,existing,1010.9390996056159,533,21,698,332,allocated,1598.0829241513684,533,74,698,308,existing,1076.1557516165312,533,72,698,12,existing,1092.0713329976056,533,69,698,331,existing,1719.1744352205706,533,70,698,101,existing,2209.8137612723713
534,534,46,699,611,allocated,740.8828294605757,534,46,699,529,existing,605.1057126148971,534,73,699,498,existing,784.2152126566947,534,49,699,687,allocated,1081.56110624818,534,74,699,308,existing,1193.5559777010926,534,71,699,164,existing,1128.3393256901772,534,69,699,331,existing,1979.835485866646,534,72,699,12,existing,1209.471559082167,534,17,699,314,allocated,1215.3198241963285,534,21,699,332,allocated,1715.4831502359298,534,70,699,101,existing,2327.213987356933
535,535,46,700,611,allocated,939.7139109963321,535,46,700,138,existing,939.5621034312439,535,49,700,687,allocated,1105.29487876338,535,73,700,498,existing,1212.9949925808946,535,71,700,164,existing,1661.5299439024175,535,17,700,314,allocated,1239.0535967115284,535,21,700,332,allocated,2129.146247619065,535,74,700,308,existing,1672.2428398274942,535,69,700,331,existing,2003.5692583818459,535,72,700,12,existing,1690.1964391110469,535,70,700,101,existing,2775.0758446313534
536,536,46,701,611,allocated,951.2191350731995,536,46,701,138,existing,951.0673275081114,536,49,701,687,allocated,1116.8001028402473,536,73,701,498,existing,1224.500216657762,536,71,701,164,existing,1673.0351679792848,536,17,701,314,allocated,1250.5588207883957,536,21,701,332,allocated,2140.6514716959323,536,74,701,308,existing,1683.7480639043615,536,69,701,331,existing,2015.0744824587132,536,72,701,12,existing,1701.7016631879142,536,70,701,101,existing,2786.5810687082208
537,537,57,702,498,existing,486.3328678781988,537,57,702,498,allocated,486.3328678781988,537,73,702,498,existing,486.3328678781988,537,74,702,308,existing,844.8079917019118,537,71,702,164,existing,868.9432274108935,537,72,702,12,existing,862.7615909854644,537,70,702,101,existing,1980.50401926023,537,21,702,332,allocated,1368.7731821392272,537,49,702,687,allocated,1312.1153582324218,537,17,702,314,allocated,1432.7468624925355,537,69,702,331,existing,2139.896782144322
538,538,64,703,542,existing,104.68001578235678,538,64,703,101,allocated,521.4109757697403,538,70,703,101,existing,521.4109757697403,538,21,703,332,allocated,1526.1857263890697,538,72,703,12,existing,1639.153404044506,538,74,703,308,existing,1657.1070033280587,538,49,703,687,allocated,2250.572490130145,538,73,703,498,existing,2174.136413926404,538,71,703,164,existing,1720.2856374364958,538,17,703,314,allocated,2116.8137721819967,538,69,703,331,existing,2336.5296648901203
539,539,64,704,542,existing,440.0043846301878,539,64,704,101,allocated,550.8277516874682,539,70,704,101,existing,550.8277516874682,539,21,704,332,allocated,1555.6025023067978,539,72,704,12,existing,1668.570179962234,539,74,704,308,existing,1686.5237792457867,539,49,704,687,allocated,2279.9892660478727,539,73,704,498,existing,2203.553189844132,539,71,704,164,existing,1749.7024133542238,539,17,704,314,allocated,2146.2305480997247,539,69,704,331,existing,2365.946440807848
540,540,63,705,184,existing,625.0518270441302,540,63,705,184,allocated,625.0518270441302,540,17,705,314,allocated,1224.4848635384897,540,49,705,687,allocated,1290.171291803283,540,69,705,331,existing,1980.9741834167958,540,73,705,498,existing,2048.1933598452406,540,72,705,12,existing,2138.634270045066,540,21,705,332,allocated,2172.518530300645,540,74,705,308,existing,2146.681529635693,540,71,705,164,existing,2057.502036653076,540,70,705,101,existing,2819.887659950746
541,541,64,706,542,existing,449.55255050256585,541,64,706,101,allocated,383.32282449088996,541,70,706,101,existing,383.32282449088996,541,21,706,332,allocated,1388.0975751102194,541,72,706,12,existing,1501.0652527656557,541,74,706,308,existing,1519.0188520492084,541,49,706,687,allocated,2112.4843388512945,541,73,706,498,existing,2036.0482626475537,541,71,706,164,existing,1582.1974861576455,541,17,706,314,allocated,1978.7256209031464,541,69,706,331,existing,2198.44151361127
542,542,52,707,382,existing,214.499422458808,542,52,707,276,existing,737.496182333425,542,21,707,332,allocated,984.3178495714017,542,69,707,331,existing,1440.5462640062967,542,74,707,308,existing,1508.283040008717,542,72,707,12,existing,1490.3294407251644,542,17,707,314,allocated,1932.351516333557,542,70,707,101,existing,1827.658984617832,542,71,707,164,existing,1571.4616741171544,542,73,707,498,existing,2025.3124506070624,542,49,707,687,allocated,2066.1102342817053
543,543,46,709,611,allocated,620.0233493978728,543,46,709,529,existing,755.8004662435515,543,73,709,498,existing,1472.0552658683982,543,74,709,308,existing,1989.0846764667435,543,72,709,12,existing,2007.0382757502962,543,49,709,687,allocated,2017.5919030196192,543,21,709,332,allocated,2513.049866904059,543,71,709,164,existing,2088.170509142286,543,17,709,314,allocated,2151.3506209677676,543,69,709,331,existing,2915.866282638085,543,70,709,101,existing,3124.7807040250623
544,544,52,710,382,existing,94.61567593202992,544,52,710,276,existing,783.6468365958423,544,21,710,332,allocated,832.7923463099698,544,69,710,331,existing,1289.117334236951,544,72,710,12,existing,1338.8039374637326,544,74,710,308,existing,1356.7575367472853,544,73,710,498,existing,1873.7869473456306,544,17,710,314,allocated,1780.826013072125,544,71,710,164,existing,1419.9361708557226,544,70,710,101,existing,1664.6332024986666,544,49,710,687,allocated,1914.5847310202735
545,545,57,711,498,existing,251.7693005268682,545,57,711,498,allocated,251.7693005268682,545,73,711,498,existing,251.7693005268682,545,74,711,308,existing,674.4444999828144,545,72,711,12,existing,692.398099266367,545,71,711,164,existing,700.625762574614,545,17,711,314,allocated,1283.5875281322171,545,70,711,101,existing,1810.140527541133,545,49,711,687,allocated,1171.4269117235117,545,21,711,332,allocated,1198.40969042013,545,69,711,331,existing,1975.6197158098744
546,546,36,712,495,allocated,1100.683224210981,546,36,712,184,allocated,1152.3708876592414,546,17,712,314,allocated,1511.1149514803797,546,49,712,687,allocated,1576.8013797451733,546,73,712,498,existing,1937.7313708916831,546,69,712,331,existing,2267.6042713586858,546,72,712,12,existing,2414.9328174218354,546,74,712,308,existing,2396.9792181382827,546,71,712,164,existing,2344.132124594966,546,21,712,332,allocated,2459.148618242535,546,70,712,101,existing,3106.517747892636
547,547,62,713,184,existing,524.7677220040767,547,62,713,184,allocated,524.7677220040767,547,17,713,314,allocated,1124.200758498436,547,49,713,687,allocated,1189.8871867632297,547,71,713,164,existing,1957.2179316130225,547,69,713,331,existing,1880.6900783767423,547,74,713,308,existing,2046.3974245956397,547,72,713,12,existing,2038.3501650050123,547,73,713,498,existing,2058.804066619521,547,21,713,332,allocated,2072.2344252605913,547,70,713,101,existing,2719.6035549106928
548,548,63,714,184,existing,429.5728048591955,548,63,714,184,allocated,429.5728048591955,548,17,714,314,allocated,1029.0058413535548,548,49,714,687,allocated,1094.6922696183485,548,71,714,164,existing,1862.0230144681414,548,69,714,331,existing,1785.4951612318612,548,72,714,12,existing,1943.155247860131,548,74,714,308,existing,1951.2025074507585,548,73,714,498,existing,2153.9989837644025,548,21,714,332,allocated,1977.03950811571,548,70,714,101,existing,2624.4086377658114
549,549,36,715,495,allocated,1031.2185527172126,549,36,715,138,existing,1147.7114904242148,549,49,715,687,allocated,1313.4442657563507,549,73,715,498,existing,1421.1443795738653,549,17,715,314,allocated,1441.6502799866112,549,71,715,164,existing,1869.6793308953881,549,69,715,331,existing,2198.1395998649177,549,21,715,332,allocated,2337.2956346120354,549,72,715,12,existing,1898.3458261040175,549,74,715,308,existing,1880.3922268204649,549,70,715,101,existing,2983.225231624324
550,550,46,716,611,allocated,1039.1023320946256,550,46,716,138,existing,1038.9505245295375,550,49,716,687,allocated,1204.6832998616735,550,73,716,498,existing,1312.383413679188,550,71,716,164,existing,1760.918365000711,550,17,716,314,allocated,1338.442017809822,550,21,716,332,allocated,2228.5346687173583,550,72,716,12,existing,1789.5848602093401,550,74,716,308,existing,1771.6312609257875,550,69,716,331,existing,2102.9576794801396,550,70,716,101,existing,2874.464265729647
551,551,68,717,642,existing,523.2836402925319,551,68,717,276,existing,331.59717353705844,551,21,717,332,allocated,1531.2627028052507,551,70,717,101,existing,1747.1216436430145,551,72,717,12,existing,2037.2742939590134,551,69,717,331,existing,1987.5876907322317,551,17,717,314,allocated,2479.2963695674057,551,74,717,308,existing,2055.227893242566,551,71,717,164,existing,2118.406527351003,551,73,717,498,existing,2572.2573038409114,551,49,717,687,allocated,2613.055087515554
552,552,36,718,495,allocated,915.151622418625,552,36,718,184,allocated,1081.5423357941581,552,17,718,314,allocated,1325.5833496880236,552,49,718,687,allocated,1391.2697779528173,552,73,718,498,existing,1752.199769099327,552,69,718,331,existing,2082.0726695663298,552,74,718,308,existing,2211.4476163459267,552,72,718,12,existing,2229.4012156294793,552,21,718,332,allocated,2273.617016450179,552,71,718,164,existing,2158.60052280261,552,70,718,101,existing,2920.98614610028
553,553,62,719,184,existing,1235.6260479461687,553,62,719,184,allocated,1235.6260479461687,553,49,719,687,allocated,1512.0955427809122,553,73,719,498,existing,1619.7956565984266,553,71,719,164,existing,2068.3306079199497,553,17,719,314,allocated,1645.8542607290606,553,69,719,331,existing,2410.369922399378,553,21,719,332,allocated,2535.9469116365967,553,72,719,12,existing,2096.9971031285786,553,74,719,308,existing,2079.043503845026,553,70,719,101,existing,3181.8765086488856
554,554,8,721,114,allocated,296.2158662131397,554,8,721,464,existing,528.0287567278821,554,17,721,314,allocated,1141.9076156050864,554,49,721,687,allocated,1259.303686172103,554,69,721,331,existing,1290.3816990040918,554,21,721,332,allocated,1883.197918450685,554,71,721,164,existing,2026.634431021896,554,74,721,308,existing,2115.813924004513,554,73,721,498,existing,2575.098491599877,554,72,721,12,existing,2107.766664413886,554,70,721,101,existing,2737.310412017343
555,555,68,722,642,existing,519.1860411825382,555,68,722,276,existing,327.4995744270647,555,21,722,332,allocated,1643.4800275872865,555,70,722,101,existing,1743.024044533021,555,72,722,12,existing,2149.491618741049,555,69,722,331,existing,2099.8050155142673,555,73,722,498,existing,2684.4746286229474,555,74,722,308,existing,2167.4452180246017,555,17,722,314,allocated,2591.5136943494417,555,71,722,164,existing,2230.6238521330392,555,49,722,687,allocated,2725.27241229759
556,556,66,723,570,existing,368.67330548288896,556,66,723,327,existing,605.6971844471071,556,21,723,332,allocated,340.5449161919393,556,71,723,164,existing,766.95713206629,556,72,723,12,existing,846.5565073457021,556,74,723,308,existing,863.2544493819138,556,70,723,101,existing,1345.3196668112687,556,49,723,687,allocated,1153.1707928879473,556,69,723,331,existing,960.9820021428061,556,17,723,314,allocated,1019.4120749397989,556,73,723,498,existing,1380.283859980259
557,557,55,724,570,existing,438.9388246049981,557,55,724,327,existing,675.9627035692163,557,21,724,332,allocated,410.81043531404845,557,71,724,164,existing,837.2226511883991,557,72,724,12,existing,916.8220264678113,557,74,724,308,existing,933.5199685040229,557,70,724,101,existing,1415.585185933378,557,49,724,687,allocated,1223.4363120100566,557,17,724,314,allocated,1089.6775940619082,557,69,724,331,existing,967.1236803954425,557,73,724,498,existing,1450.5493791023682
558,558,52,725,382,existing,188.10677046329414,558,52,725,276,existing,690.155742064578,558,21,725,332,allocated,926.2834408412341,558,69,725,331,existing,1382.6084287682152,558,72,725,12,existing,1432.2950319949969,558,74,725,308,existing,1450.2486312785495,558,17,725,314,allocated,1874.3171076033893,558,71,725,164,existing,1513.4272653869868,558,73,725,498,existing,1967.2780418768948,558,70,725,101,existing,1571.1421079674024,558,49,725,687,allocated,2008.0758255515377
559,559,46,726,611,allocated,699.3512008252421,559,46,726,529,existing,835.1283176709208,559,73,726,498,existing,1230.179627529708,559,74,726,308,existing,1747.2090381280532,559,71,726,164,existing,1846.2948708035956,559,72,726,12,existing,1765.1626374116058,559,21,726,332,allocated,2271.1742285653686,559,17,726,314,allocated,2230.678472395137,559,49,726,687,allocated,2096.9197544469885,559,70,726,101,existing,2882.9050656863715,559,69,726,331,existing,2995.1941340654544
560,560,62,727,184,existing,470.6865348627131,560,62,727,464,existing,192.12840718394528,560,17,727,314,allocated,842.405977813638,560,69,727,331,existing,970.4761236042727,560,49,727,687,allocated,976.1646957617862,560,21,727,332,allocated,1563.2923430508658,560,72,727,12,existing,1794.1264006744032,560,71,727,164,existing,1712.9941672824134,560,74,727,308,existing,1809.2914845980372,560,73,727,498,existing,2326.3208951963825,560,70,727,101,existing,2419.5168481068413
561,561,8,728,114,allocated,608.9913764991611,561,8,728,687,existing,1187.4886804327953,561,17,728,314,allocated,1053.7299624846469,561,69,728,331,existing,1181.8001082752817,561,49,728,687,allocated,1187.4886804327953,561,21,728,332,allocated,1774.616327721875,561,74,728,308,existing,2020.6154692690461,561,71,728,164,existing,1924.3181519534226,561,73,728,498,existing,2537.6448798673914,561,72,728,12,existing,2005.450385345412,561,70,728,101,existing,2630.84083277785
562,562,36,730,495,allocated,216.7073599754611,562,36,730,184,allocated,383.09807335099424,562,17,730,314,allocated,627.1390872448596,562,49,730,687,allocated,692.8255155096533,562,71,730,164,existing,1460.1562603594462,562,69,730,331,existing,1383.628407123166,562,72,730,12,existing,1541.288493751436,562,74,730,308,existing,1549.335753342063,562,73,730,498,existing,1849.1133561809602,562,21,730,332,allocated,1575.1727540070149,562,70,730,101,existing,2222.541883657116
563,563,57,731,498,existing,340.9824568845833,563,57,731,498,allocated,340.9824568845833,563,73,731,498,existing,340.9824568845833,563,74,731,308,existing,585.2313436250993,563,71,731,164,existing,611.4126062168989,563,72,731,12,existing,603.1849429086519,563,49,731,687,allocated,1082.2137553657965,563,70,731,101,existing,1720.9273711834178,563,21,731,332,allocated,1109.1965340624147,563,17,731,314,allocated,1194.374371774502,563,69,731,331,existing,1886.4065594521592
564,564,68,732,642,existing,466.44334362492026,564,68,732,276,existing,274.7568768694467,564,21,732,332,allocated,1590.7373300296686,564,70,732,101,existing,1690.2813469754028,564,72,732,12,existing,2096.7489211834313,564,69,732,331,existing,2047.0623179566496,564,17,732,314,allocated,2538.7709967918236,564,74,732,308,existing,2114.702520466984,564,71,732,164,existing,2177.8811545754215,564,73,732,498,existing,2631.7319310653293,564,49,732,687,allocated,2672.5297147399724
565,565,8,733,114,allocated,331.8549599310247,565,8,733,464,existing,619.3720044211341,565,17,733,314,allocated,1233.2508632983383,565,49,733,687,allocated,1350.646933865355,565,21,733,332,allocated,1966.6732094545969,565,69,733,331,existing,1373.8569900080035,565,72,733,12,existing,2197.5072670781337,565,73,733,498,existing,2666.441739293129,565,71,733,164,existing,2116.3750336861444,565,74,733,308,existing,2207.157171697765,565,70,733,101,existing,2822.897714510572
566,566,36,734,495,allocated,1119.9774671611037,566,36,734,184,allocated,1133.0766447091187,566,17,734,314,allocated,1530.4091944305023,566,49,734,687,allocated,1596.095622695296,566,73,734,498,existing,1957.0256138418058,566,69,734,331,existing,2286.8985143088084,566,72,734,12,existing,2434.227060371958,566,74,734,308,existing,2416.2734610884054,566,71,734,164,existing,2363.426367545089,566,21,734,332,allocated,2478.442861192658,566,70,734,101,existing,3125.811990842759
567,567,46,735,611,allocated,1011.6771358701849,567,46,735,138,existing,1011.5253283050967,567,49,735,687,allocated,1177.2581036372328,567,73,735,498,existing,1284.9582174547472,567,71,735,164,existing,1733.4931687762703,567,17,735,314,allocated,1311.0168215853812,567,21,735,332,allocated,2201.1094724929176,567,74,735,308,existing,1744.2060647013468,567,69,735,331,existing,2075.532483255699,567,72,735,12,existing,1762.1596639848995,567,70,735,101,existing,2847.0390695052065
568,568,59,736,314,existing,715.6222876846017,568,59,736,687,existing,849.38100563275,568,69,736,331,existing,182.05796335047114,568,17,736,314,allocated,715.6222876846017,568,49,736,687,allocated,849.38100563275,568,21,736,332,allocated,1038.7465187121797,568,70,736,101,existing,1997.1766524708512,568,71,736,164,existing,1498.073773189984,568,74,736,308,existing,1562.7117091494952,568,72,736,12,existing,1544.7581098659425,568,73,736,498,existing,2079.7411197478405
569,569,57,737,498,existing,171.48429795636955,569,57,737,498,allocated,171.48429795636955,569,73,737,498,existing,171.48429795636955,569,74,737,308,existing,630.7321452029691,569,72,737,12,existing,648.6857444865218,569,71,737,164,existing,729.8179778785116,569,21,737,332,allocated,1154.6973356402846,569,70,737,101,existing,1766.4281727612877,569,17,737,314,allocated,1478.6510212803248,569,49,737,687,allocated,1366.4904048716194,569,69,737,331,existing,2011.3858910019933
570,570,63,738,184,existing,430.1442394231028,570,63,738,464,existing,151.586111744335,570,17,738,314,allocated,882.9482732532482,570,69,738,331,existing,1011.018419043883,570,49,738,687,allocated,1016.7069912013965,570,21,738,332,allocated,1603.8346384904762,570,74,738,308,existing,1849.8337800376476,570,73,738,498,existing,2366.863190635993,570,72,738,12,existing,1834.6686961140135,570,71,738,164,existing,1753.5364627220238,570,70,738,101,existing,2460.0591435464517
571,571,68,741,642,existing,459.5586518674242,571,68,741,276,existing,267.87218511195067,571,21,741,332,allocated,1348.5669977938614,571,70,741,101,existing,1510.6682937522003,571,69,741,331,existing,1804.8919857208425,571,72,741,12,existing,1854.5785889476242,571,74,741,308,existing,1872.5321882311769,571,73,741,498,existing,2389.561598829522,571,17,741,314,allocated,2296.6006645560165,571,71,741,164,existing,1935.7108223396142,571,49,741,687,allocated,2430.3593825041653
572,572,63,742,184,existing,312.48705307849025,572,63,742,464,existing,309.36551372230815,572,17,742,314,allocated,923.2443725995124,572,49,742,687,allocated,1040.6404431665292,572,69,742,331,existing,1421.2423836175649,572,71,742,164,existing,1807.9711880163222,572,21,742,332,allocated,1871.2780393616677,572,72,742,12,existing,1889.103421408312,572,73,742,498,existing,2356.435248594303,572,74,742,308,existing,1897.150680998939,572,70,742,101,existing,2518.647169011769
573,573,64,743,542,existing,347.0068013022024,573,64,743,101,allocated,389.4376864559919,573,70,743,101,existing,389.4376864559919,573,21,743,332,allocated,1394.2124370753213,573,74,743,308,existing,1525.1337140143105,573,72,743,12,existing,1507.1801147307579,573,49,743,687,allocated,2118.5992008163967,573,73,743,498,existing,2042.1631246126558,573,71,743,164,existing,1588.3123481227476,573,17,743,314,allocated,1984.8404828682485,573,69,743,331,existing,2204.556375576372
