,assign_from_var_id_grocery,assign_to_var_id_grocery,assign_from_node_id_grocery,assign_to_node_id_grocery,assign_type_grocery,dist_grocery,assign_from_var_id_school,assign_to_var_id_school,assign_from_node_id_school,assign_to_node_id_school,assign_type_school,dist_school,assign_from_var_id_healthcare,assign_to_var_id_healthcare,assign_from_node_id_healthcare,assign_to_node_id_healthcare,assign_type_healthcare,dist_healthcare,0_assign_from_var_id_restaurant,0_assign_to_var_id_restaurant,0_assign_from_node_id_restaurant,0_assign_to_node_id_restaurant,0_assign_type_restaurant,0_dist_restaurant,1_assign_from_var_id_restaurant,1_assign_to_var_id_restaurant,1_assign_from_node_id_restaurant,1_assign_to_node_id_restaurant,1_assign_type_restaurant,1_dist_restaurant,2_assign_from_var_id_restaurant,2_assign_to_var_id_restaurant,2_assign_from_node_id_restaurant,2_assign_to_node_id_restaurant,2_assign_type_restaurant,2_dist_restaurant,3_assign_from_var_id_restaurant,3_assign_to_var_id_restaurant,3_assign_from_node_id_restaurant,3_assign_to_node_id_restaurant,3_assign_type_restaurant,3_dist_restaurant,4_assign_from_var_id_restaurant,4_assign_to_var_id_restaurant,4_assign_from_node_id_restaurant,4_assign_to_node_id_restaurant,4_assign_type_restaurant,4_dist_restaurant,5_assign_from_var_id_restaurant,5_assign_to_var_id_restaurant,5_assign_from_node_id_restaurant,5_assign_to_node_id_restaurant,5_assign_type_restaurant,5_dist_restaurant,6_assign_from_var_id_restaurant,6_assign_to_var_id_restaurant,6_assign_from_node_id_restaurant,6_assign_to_node_id_restaurant,6_assign_type_restaurant,6_dist_restaurant,7_assign_from_var_id_restaurant,7_assign_to_var_id_restaurant,7_assign_from_node_id_restaurant,7_assign_to_node_id_restaurant,7_assign_type_restaurant,7_dist_restaurant,8_assign_from_var_id_restaurant,8_assign_to_var_id_restaurant,8_assign_from_node_id_restaurant,8_assign_to_node_id_restaurant,8_assign_type_restaurant,8_dist_restaurant,9_assign_from_var_id_restaurant,9_assign_to_var_id_restaurant,9_assign_from_node_id_restaurant,9_assign_to_node_id_restaurant,9_assign_type_restaurant,9_dist_restaurant
0,0,59,0,126,existing,774.1531632099952,0,59,0,95,existing,329.96926744259144,0,59,0,277,allocated,248.28665675130804,0,64,0,323,existing,749.5152811160201,0,66,0,126,existing,774.1531632099952,0,67,0,126,existing,774.1531632099952,0,63,0,193,existing,776.3876072892197,0,74,0,26,existing,1252.782697127345,0,65,0,315,existing,862.9902771804354,0,68,0,278,existing,978.4189789167292,0,75,0,26,existing,1252.782697127345,0,71,0,26,existing,1252.782697127345,0,73,0,26,existing,1252.782697127345
1,1,57,1,193,existing,665.3346508604185,1,57,1,95,existing,441.0222238713926,1,57,1,12,allocated,226.6555262544834,1,64,1,323,existing,638.4623246872189,1,63,1,193,existing,665.3346508604185,1,67,1,126,existing,885.2061196387965,1,65,1,315,existing,751.9373207516342,1,74,1,26,existing,1363.835653556146,1,68,1,278,existing,1089.4719353455303,1,71,1,26,existing,1363.835653556146,1,66,1,126,existing,885.2061196387965,1,75,1,26,existing,1363.835653556146,1,73,1,26,existing,1363.835653556146
2,2,59,2,126,existing,587.626207266401,2,59,2,180,existing,256.516117218503,2,59,2,300,allocated,161.923657354685,2,67,2,126,existing,587.626207266401,2,66,2,126,existing,587.626207266401,2,72,2,26,existing,672.2282026804937,2,73,2,26,existing,672.2282026804937,2,74,2,26,existing,672.2282026804937,2,71,2,26,existing,672.2282026804937,2,75,2,26,existing,672.2282026804937,2,68,2,278,existing,745.5166965217973,2,78,2,318,existing,910.1659730270565,2,77,2,318,existing,910.1659730270565
3,3,58,3,126,existing,531.2831395840765,3,58,3,180,existing,312.85918490082753,3,58,3,300,allocated,218.26672503700954,3,67,3,126,existing,531.2831395840765,3,66,3,126,existing,531.2831395840765,3,68,3,278,existing,689.1736288394727,3,73,3,26,existing,728.5712703628183,3,71,3,26,existing,728.5712703628183,3,75,3,26,existing,728.5712703628183,3,72,3,26,existing,728.5712703628183,3,74,3,26,existing,728.5712703628183,3,76,3,318,existing,966.509040709381,3,77,3,318,existing,966.509040709381
4,4,55,4,193,existing,266.210334520228,4,55,4,144,existing,87.85301919854606,4,55,4,335,allocated,237.67717047744833,4,63,4,193,existing,266.210334520228,4,64,4,323,existing,293.08266069342756,4,66,4,126,existing,1348.765320921538,4,65,4,315,existing,406.5576567578428,4,75,4,26,existing,1783.3944907923283,4,68,4,278,existing,1509.0307725817124,4,67,4,126,existing,1348.765320921538,4,71,4,26,existing,1783.3944907923283,4,72,4,26,existing,1783.3944907923283,4,74,4,26,existing,1783.3944907923283
5,5,57,5,193,existing,212.93832831659384,5,57,5,144,existing,300.6570752479669,5,57,5,117,allocated,82.70798723510472,5,63,5,193,existing,212.93832831659384,5,64,5,323,existing,239.81065448979342,5,66,5,126,existing,1560.0964806758743,5,65,5,315,existing,353.28565055420864,5,73,5,26,existing,1994.7256505466646,5,68,5,278,existing,1720.3619323360488,5,67,5,126,existing,1560.0964806758743,5,72,5,26,existing,1994.7256505466646,5,75,5,26,existing,1994.7256505466646,5,71,5,26,existing,1994.7256505466646
6,6,56,6,193,existing,358.8520668621476,6,56,6,144,existing,380.8958604674067,6,56,6,98,allocated,159.79740973931428,6,63,6,193,existing,358.8520668621476,6,64,6,323,existing,385.7243930353472,6,66,6,126,existing,1706.010219221428,6,65,6,315,existing,499.1993890997624,6,75,6,26,existing,2140.6393890922186,6,68,6,278,existing,1866.2756708816028,6,73,6,26,existing,2140.6393890922186,6,67,6,126,existing,1706.010219221428,6,71,6,26,existing,2140.6393890922186,6,72,6,26,existing,2140.6393890922186
7,7,59,11,126,existing,549.4300680196553,7,59,11,95,existing,322.9440316923947,7,59,11,277,allocated,23.563561560968125,7,67,11,126,existing,549.4300680196553,7,66,11,126,existing,549.4300680196553,7,64,11,323,existing,774.6410854838208,7,68,11,278,existing,753.6958837263892,7,63,11,193,existing,800.854843415002,7,71,11,26,existing,1028.059601937005,7,72,11,26,existing,1028.059601937005,7,65,11,315,existing,888.116081548236,7,74,11,26,existing,1028.059601937005,7,75,11,26,existing,1028.059601937005
8,8,55,12,193,existing,438.6791246059352,8,55,12,252,existing,309.00646722248865,8,55,12,12,allocated,0.0,8,64,12,323,existing,411.8067984327356,8,63,12,193,existing,438.6791246059352,8,65,12,315,existing,525.2817944971508,8,66,12,126,existing,912.2643550707405,8,73,12,26,existing,1390.8938889880903,8,68,12,278,existing,1116.5301707774745,8,67,12,126,existing,912.2643550707405,8,74,12,26,existing,1390.8938889880903,8,75,12,26,existing,1390.8938889880903,8,72,12,26,existing,1390.8938889880903
9,9,55,13,193,existing,471.50341890087185,9,55,13,252,existing,339.2018359218866,9,55,13,335,allocated,442.9702548580922,9,63,13,193,existing,471.50341890087185,9,64,13,323,existing,498.37574507407146,9,65,13,315,existing,611.8507411384867,9,66,13,126,existing,1472.6059534141648,9,67,13,126,existing,1472.6059534141648,9,73,13,26,existing,1907.235123284955,9,74,13,26,existing,1907.235123284955,9,68,13,278,existing,1632.8714050743392,9,75,13,26,existing,1907.235123284955,9,72,13,26,existing,1907.235123284955
10,10,56,14,193,existing,424.4446017791971,10,56,14,252,existing,292.14301880021185,10,56,14,335,allocated,395.91143773641744,10,63,14,193,existing,424.4446017791971,10,64,14,323,existing,451.31692795239667,10,65,14,315,existing,564.7919240168119,10,67,14,126,existing,1425.54713629249,10,75,14,26,existing,1860.1763061632803,10,68,14,278,existing,1585.8125879526644,10,73,14,26,existing,1860.1763061632803,10,66,14,126,existing,1425.54713629249,10,71,14,26,existing,1860.1763061632803,10,72,14,26,existing,1860.1763061632803
11,11,55,15,193,existing,376.0280494447619,11,55,15,252,existing,243.72646646577664,11,55,15,335,allocated,347.49488540198223,11,63,15,193,existing,376.0280494447619,11,64,15,323,existing,402.90037561796146,11,65,15,315,existing,516.3753716823767,11,67,15,126,existing,1377.1305839580548,11,68,15,278,existing,1537.3960356182292,11,66,15,126,existing,1377.1305839580548,11,73,15,26,existing,1811.759753828845,11,74,15,26,existing,1811.759753828845,11,75,15,26,existing,1811.759753828845,11,72,15,26,existing,1811.759753828845
12,12,57,16,193,existing,1104.287948171775,12,57,16,144,existing,1009.0945279473768,12,57,16,98,allocated,787.9960772192843,12,63,16,193,existing,1104.287948171775,12,64,16,323,existing,1131.1602743449744,12,65,16,315,existing,1244.6352704093895,12,67,16,126,existing,2445.712868067461,12,68,16,278,existing,2605.9783197276356,12,73,16,26,existing,2880.3420379382515,12,74,16,26,existing,2880.3420379382515,12,66,16,126,existing,2445.712868067461,12,72,16,26,existing,2880.3420379382515,12,75,16,26,existing,2880.3420379382515
13,13,56,17,193,existing,1075.429691073536,13,56,17,144,existing,980.236270849138,13,56,17,98,allocated,759.1378201210455,13,63,17,193,existing,1075.429691073536,13,64,17,323,existing,1102.3020172467357,13,67,17,126,existing,2416.8546109692224,13,65,17,315,existing,1215.7770133111508,13,66,17,126,existing,2416.8546109692224,13,74,17,26,existing,2851.4837808400125,13,75,17,26,existing,2851.4837808400125,13,68,17,278,existing,2577.1200626293967,13,71,17,26,existing,2851.4837808400125,13,73,17,26,existing,2851.4837808400125
14,14,56,18,193,existing,622.1563662124414,14,56,18,144,existing,644.2001598177006,14,56,18,98,allocated,423.10170908960816,14,63,18,193,existing,622.1563662124414,14,64,18,323,existing,649.028692385641,14,66,18,126,existing,1969.3145185717221,14,65,18,315,existing,762.5036884500562,14,74,18,26,existing,2403.943688442512,14,68,18,278,existing,2129.5799702318964,14,67,18,126,existing,1969.3145185717221,14,72,18,26,existing,2403.943688442512,14,75,18,26,existing,2403.943688442512,14,71,18,26,existing,2403.943688442512
15,15,57,19,193,existing,573.4851281033584,15,57,19,144,existing,595.5289217086176,15,57,19,98,allocated,374.4304709805252,15,63,19,193,existing,573.4851281033584,15,64,19,323,existing,600.357454276558,15,65,19,315,existing,713.8324503409733,15,67,19,126,existing,1920.643280462639,15,71,19,26,existing,2355.2724503334293,15,72,19,26,existing,2355.2724503334293,15,66,19,126,existing,1920.643280462639,15,68,19,278,existing,2080.9087321228135,15,75,19,26,existing,2355.2724503334293,15,73,19,26,existing,2355.2724503334293
16,16,57,20,193,existing,517.9085487826449,16,57,20,144,existing,539.952342387904,16,57,20,98,allocated,318.85389165981155,16,63,20,193,existing,517.9085487826449,16,64,20,323,existing,544.7808749558444,16,65,20,315,existing,658.2558710202597,16,67,20,126,existing,1865.0667011419255,16,66,20,126,existing,1865.0667011419255,16,72,20,26,existing,2299.6958710127155,16,68,20,278,existing,2025.3321528021,16,75,20,26,existing,2299.6958710127155,16,73,20,26,existing,2299.6958710127155,16,74,20,26,existing,2299.6958710127155
17,17,57,21,193,existing,620.759056382018,17,57,21,144,existing,642.8028499872772,17,57,21,98,allocated,421.7043992591847,17,63,21,193,existing,620.759056382018,17,64,21,323,existing,647.6313825552176,17,65,21,315,existing,761.1063786196328,17,67,21,126,existing,1967.9172087412985,17,71,21,26,existing,2402.546378612089,17,66,21,126,existing,1967.9172087412985,17,74,21,26,existing,2402.546378612089,17,68,21,278,existing,2128.182660401473,17,72,21,26,existing,2402.546378612089,17,75,21,26,existing,2402.546378612089
18,18,55,22,193,existing,821.0390640597004,18,55,22,144,existing,858.2852224827524,18,55,22,209,allocated,252.46355457784125,18,63,22,193,existing,821.0390640597004,18,64,22,323,existing,847.9113902329,18,65,22,315,existing,961.3863862973153,18,67,22,126,existing,2168.197216418981,18,68,22,278,existing,2328.4626680791553,18,66,22,126,existing,2168.197216418981,18,73,22,26,existing,2602.826386289771,18,72,22,26,existing,2602.826386289771,18,71,22,26,existing,2602.826386289771,18,75,22,26,existing,2602.826386289771
19,19,56,23,193,existing,739.53851268168,19,56,23,252,existing,871.8400956606652,19,56,23,209,allocated,170.96300319982083,19,63,23,193,existing,739.53851268168,19,64,23,323,existing,766.4108388548796,19,65,23,315,existing,879.8858349192949,19,67,23,126,existing,2086.6966650409604,19,68,23,278,existing,2246.962116701135,19,71,23,26,existing,2521.325834911751,19,75,23,26,existing,2521.325834911751,19,66,23,126,existing,2086.6966650409604,19,74,23,26,existing,2521.325834911751,19,73,23,26,existing,2521.325834911751
20,20,61,24,26,existing,19.509726438250734,20,61,24,180,existing,630.5422724770955,20,61,24,24,allocated,0.0,20,74,24,26,existing,19.509726438250734,20,72,24,26,existing,19.509726438250734,20,75,24,26,existing,19.509726438250734,20,73,24,26,existing,19.509726438250734,20,71,24,26,existing,19.509726438250734,20,78,24,318,existing,286.7484762338995,20,77,24,318,existing,286.7484762338995,20,76,24,318,existing,286.7484762338995,20,68,24,278,existing,474.6167791521886,20,66,24,126,existing,691.6848918120689
21,21,61,25,26,existing,210.5077893561151,21,61,25,180,existing,435.98706861707404,21,61,25,27,allocated,18.33831514689841,21,74,25,26,existing,210.5077893561151,21,72,25,26,existing,210.5077893561151,21,75,25,26,existing,210.5077893561151,21,73,25,26,existing,210.5077893561151,21,71,25,26,existing,210.5077893561151,21,78,25,318,existing,471.4258799283414,21,77,25,318,existing,471.4258799283414,21,76,25,318,existing,471.4258799283414,21,68,25,278,existing,669.17198301221,21,66,25,126,existing,886.2400956720903
22,22,61,27,26,existing,192.16947420921667,22,61,27,180,existing,449.20012752483103,22,61,27,27,allocated,0.0,22,74,27,26,existing,192.16947420921667,22,72,27,26,existing,192.16947420921667,22,73,27,26,existing,192.16947420921667,22,75,27,26,existing,192.16947420921667,22,78,27,318,existing,453.0875647814429,22,71,27,26,existing,192.16947420921667,22,77,27,318,existing,453.0875647814429,22,76,27,318,existing,453.0875647814429,22,68,27,278,existing,686.295979799656,22,66,27,126,existing,903.3640924595363
23,23,54,28,318,existing,808.1868494516751,23,54,28,147,existing,463.1576399549406,23,54,28,166,allocated,78.25941463058211,23,76,28,318,existing,808.1868494516751,23,77,28,318,existing,808.1868494516751,23,73,28,26,existing,1075.425599247324,23,78,28,318,existing,808.1868494516751,23,71,28,26,existing,1075.425599247324,23,72,28,26,existing,1075.425599247324,23,74,28,26,existing,1075.425599247324,23,75,28,26,existing,1075.425599247324,23,67,28,126,existing,1786.6202174976434,23,68,28,278,existing,1569.5521048377632
24,24,62,29,318,existing,495.2450579973804,24,62,29,147,existing,395.98256696677026,24,62,29,29,allocated,0.0,24,78,29,318,existing,495.2450579973804,24,76,29,318,existing,495.2450579973804,24,77,29,318,existing,495.2450579973804,24,71,29,26,existing,762.4838077930292,24,72,29,26,existing,762.4838077930292,24,73,29,26,existing,762.4838077930292,24,75,29,26,existing,762.4838077930292,24,74,29,26,existing,762.4838077930292,24,68,29,278,existing,1256.6103133834686,24,67,29,126,existing,1473.6784260433487
25,25,56,30,193,existing,543.075798279498,25,56,30,252,existing,413.4031408960515,25,56,30,12,allocated,104.39667367356287,25,64,30,323,existing,516.2034721062985,25,63,30,193,existing,543.075798279498,25,65,30,315,existing,629.6784681707138,25,66,30,126,existing,1007.464972219717,25,67,30,126,existing,1007.464972219717,25,73,30,26,existing,1486.0945061370667,25,68,30,278,existing,1211.7307879264508,25,74,30,26,existing,1486.0945061370667,25,72,30,26,existing,1486.0945061370667,25,75,30,26,existing,1486.0945061370667
26,26,55,31,193,existing,456.9309040580696,26,55,31,144,existing,478.9746976633288,26,55,31,98,allocated,257.87624693523634,26,63,31,193,existing,456.9309040580696,26,64,31,323,existing,483.8032302312692,26,66,31,126,existing,1804.08905641735,26,65,31,315,existing,597.2782262956844,26,75,31,26,existing,2238.7182262881406,26,72,31,26,existing,2238.7182262881406,26,68,31,278,existing,1964.3545080775248,26,67,31,126,existing,1804.08905641735,26,73,31,26,existing,2238.7182262881406,26,74,31,26,existing,2238.7182262881406
27,27,61,32,26,existing,590.4205470465787,27,61,32,180,existing,243.51882246979937,27,61,32,300,allocated,148.92636260598135,27,75,32,26,existing,590.4205470465787,27,71,32,26,existing,590.4205470465787,27,73,32,26,existing,590.4205470465787,27,72,32,26,existing,590.4205470465787,27,66,32,126,existing,669.433862900316,27,68,32,278,existing,671.1053485284503,27,74,32,26,existing,590.4205470465787,27,67,32,126,existing,669.433862900316,27,77,32,318,existing,851.3386376188049,27,76,32,318,existing,851.3386376188049
28,28,61,33,26,existing,149.23362463208906,28,61,33,180,existing,722.0088156623756,28,61,33,24,allocated,129.72389819383832,28,74,33,26,existing,149.23362463208906,28,72,33,26,existing,149.23362463208906,28,73,33,26,existing,149.23362463208906,28,75,33,26,existing,149.23362463208906,28,68,33,278,existing,344.89288095835025,28,78,33,318,existing,416.4723744277378,28,77,33,318,existing,416.4723744277378,28,71,33,26,existing,149.23362463208906,28,76,33,318,existing,416.4723744277378,28,67,33,126,existing,561.9609936182305
29,29,61,34,26,existing,217.68141520071634,29,61,34,180,existing,653.5610250937482,29,61,34,81,allocated,144.5441385659859,29,74,34,26,existing,217.68141520071634,29,72,34,26,existing,217.68141520071634,29,75,34,26,existing,217.68141520071634,29,73,34,26,existing,217.68141520071634,29,68,34,278,existing,348.8651822156146,29,71,34,26,existing,217.68141520071634,29,78,34,318,existing,484.9201649963651,29,77,34,318,existing,484.9201649963651,29,67,34,126,existing,565.9332948754949,29,76,34,318,existing,484.9201649963651
30,30,61,36,26,existing,399.18388129159854,30,61,36,180,existing,472.0585590028661,30,61,36,36,allocated,0.0,30,74,36,26,existing,399.18388129159854,30,72,36,26,existing,399.18388129159854,30,75,36,26,existing,399.18388129159854,30,73,36,26,existing,399.18388129159854,30,68,36,278,existing,402.38330378186515,30,71,36,26,existing,399.18388129159854,30,67,36,126,existing,619.4514164417454,30,66,36,126,existing,619.4514164417454,30,78,36,318,existing,666.4226310872473,30,76,36,318,existing,666.4226310872473
31,31,62,37,318,existing,1148.7274839217196,31,62,37,147,existing,759.7721842636804,31,62,37,38,allocated,138.88265033576786,31,76,37,318,existing,1148.7274839217196,31,77,37,318,existing,1148.7274839217196,31,73,37,26,existing,1415.9662337173684,31,78,37,318,existing,1148.7274839217196,31,71,37,26,existing,1415.9662337173684,31,72,37,26,existing,1415.9662337173684,31,74,37,26,existing,1415.9662337173684,31,75,37,26,existing,1415.9662337173684,31,67,37,126,existing,2127.160851967688,31,68,37,278,existing,1910.0927393078075
32,32,54,38,318,existing,1009.8448335859518,32,54,38,147,existing,620.8895339279126,32,54,38,38,allocated,0.0,32,76,38,318,existing,1009.8448335859518,32,77,38,318,existing,1009.8448335859518,32,73,38,26,existing,1277.0835833816006,32,78,38,318,existing,1009.8448335859518,32,71,38,26,existing,1277.0835833816006,32,72,38,26,existing,1277.0835833816006,32,74,38,26,existing,1277.0835833816006,32,75,38,26,existing,1277.0835833816006,32,67,38,126,existing,1988.2782016319202,32,68,38,278,existing,1771.2100889720398
33,33,59,40,126,existing,403.4473649887878,33,59,40,95,existing,461.0305513382865,33,59,40,36,allocated,243.71197092599732,33,66,40,126,existing,403.4473649887878,33,67,40,126,existing,403.4473649887878,33,68,40,278,existing,561.337854244184,33,73,40,26,existing,642.8958522175959,33,75,40,26,existing,642.8958522175959,33,71,40,26,existing,642.8958522175959,33,74,40,26,existing,642.8958522175959,33,72,40,26,existing,642.8958522175959,33,78,40,318,existing,910.1346020132446,33,77,40,318,existing,910.1346020132446
34,34,58,41,126,existing,595.5994545511488,34,58,41,95,existing,625.5261260838851,34,58,41,277,allocated,526.0957629040396,34,67,41,126,existing,595.5994545511488,34,66,41,126,existing,595.5994545511488,34,73,41,26,existing,1030.228624421939,34,68,41,278,existing,755.8649062113233,34,74,41,26,existing,1030.228624421939,34,72,41,26,existing,1030.228624421939,34,71,41,26,existing,1030.228624421939,34,75,41,26,existing,1030.228624421939,34,78,41,318,existing,1068.8615256193386,34,76,41,318,existing,1068.8615256193386
35,35,58,42,126,existing,490.8521305079146,35,58,42,95,existing,520.7788020406508,35,58,42,277,allocated,421.34843886080535,35,67,42,126,existing,490.8521305079146,35,66,42,126,existing,490.8521305079146,35,75,42,26,existing,925.4813003787049,35,68,42,278,existing,651.117582168089,35,73,42,26,existing,925.4813003787049,35,72,42,26,existing,925.4813003787049,35,74,42,26,existing,925.4813003787049,35,71,42,26,existing,925.4813003787049,35,78,42,318,existing,1106.93818884876,35,69,42,279,existing,1093.940489863236
36,36,57,43,193,existing,1046.31951975584,36,57,43,144,existing,951.1260995314419,36,57,43,209,allocated,674.0844567879926,36,63,43,193,existing,1046.31951975584,36,64,43,323,existing,1073.1918459290396,36,66,43,126,existing,2387.744439651526,36,65,43,315,existing,1186.666841993455,36,74,43,26,existing,2822.3736095223167,36,67,43,126,existing,2387.744439651526,36,68,43,278,existing,2548.009891311701,36,72,43,26,existing,2822.3736095223167,36,73,43,26,existing,2822.3736095223167,36,71,43,26,existing,2822.3736095223167
37,37,57,44,193,existing,1121.4599571607641,37,57,44,144,existing,1026.2665369363658,37,57,44,209,allocated,749.2248941929165,37,63,44,193,existing,1121.4599571607641,37,64,44,323,existing,1148.3322833339637,37,66,44,126,existing,2462.88487705645,37,65,44,315,existing,1261.8072793983788,37,74,44,26,existing,2897.5140469272405,37,67,44,126,existing,2462.88487705645,37,68,44,278,existing,2623.1503287166247,37,72,44,26,existing,2897.5140469272405,37,71,44,26,existing,2897.5140469272405,37,73,44,26,existing,2897.5140469272405
38,38,57,45,193,existing,495.37064823203787,38,57,45,252,existing,584.5216734950181,38,57,45,164,allocated,453.55486568779054,38,64,45,323,existing,468.49832205883826,38,63,45,193,existing,495.37064823203787,38,65,45,315,existing,581.9733181232534,38,66,45,126,existing,1322.573232858956,38,68,45,278,existing,1528.1266517004626,38,71,45,26,existing,1802.4903699110785,38,74,45,26,existing,1802.4903699110785,38,67,45,126,existing,1322.573232858956,38,75,45,26,existing,1802.4903699110785,38,72,45,26,existing,1802.4903699110785
39,39,55,46,193,existing,445.6181379237153,39,55,46,252,existing,534.7691631866957,39,55,46,164,allocated,403.802355379468,39,64,46,323,existing,418.7458117505157,39,63,46,193,existing,445.6181379237153,39,66,46,126,existing,1272.8207225506335,39,65,46,315,existing,532.2208078149309,39,73,46,26,existing,1752.7378596027559,39,67,46,126,existing,1272.8207225506335,39,68,46,278,existing,1478.37414139214,39,72,46,26,existing,1752.7378596027559,39,71,46,26,existing,1752.7378596027559,39,75,46,26,existing,1752.7378596027559
40,40,55,47,193,existing,975.2713671323868,40,55,47,144,existing,880.0779469079886,40,55,47,209,allocated,603.0363041645393,40,63,47,193,existing,975.2713671323868,40,64,47,323,existing,1002.1436933055863,40,66,47,126,existing,2316.6962870280727,40,65,47,315,existing,1115.6186893700014,40,74,47,26,existing,2751.325456898863,40,68,47,278,existing,2476.9617386882474,40,67,47,126,existing,2316.6962870280727,40,72,47,26,existing,2751.325456898863,40,73,47,26,existing,2751.325456898863,40,75,47,26,existing,2751.325456898863
41,41,55,48,193,existing,922.1853664647247,41,55,48,144,existing,826.9919462403263,41,55,48,209,allocated,549.950303496877,41,63,48,193,existing,922.1853664647247,41,64,48,323,existing,949.0576926379242,41,67,48,126,existing,2263.6102863604106,41,65,48,315,existing,1062.5326887023393,41,75,48,26,existing,2698.239456231201,41,68,48,278,existing,2423.8757380205852,41,66,48,126,existing,2263.6102863604106,41,72,48,26,existing,2698.239456231201,41,71,48,26,existing,2698.239456231201,41,73,48,26,existing,2698.239456231201
42,42,54,49,318,existing,1356.2725865554758,42,54,49,147,existing,627.4869065773844,42,54,49,161,allocated,390.81238081253593,42,76,49,318,existing,1356.2725865554758,42,77,49,318,existing,1356.2725865554758,42,73,49,26,existing,1623.5113363511246,42,78,49,318,existing,1356.2725865554758,42,71,49,26,existing,1623.5113363511246,42,72,49,26,existing,1623.5113363511246,42,74,49,26,existing,1623.5113363511246,42,75,49,26,existing,1623.5113363511246,42,63,49,193,existing,2015.9599177546197,42,64,49,323,existing,2042.8322439278195
43,43,62,52,318,existing,1471.2742219212128,43,62,52,147,existing,742.4885419431215,43,62,52,161,allocated,505.81401617827305,43,76,52,318,existing,1471.2742219212128,43,78,52,318,existing,1471.2742219212128,43,73,52,26,existing,1738.5129717168616,43,77,52,318,existing,1471.2742219212128,43,71,52,26,existing,1738.5129717168616,43,74,52,26,existing,1738.5129717168616,43,72,52,26,existing,1738.5129717168616,43,75,52,26,existing,1738.5129717168616,43,63,52,193,existing,2130.9615531203567,43,64,52,323,existing,2157.8338792935565
44,44,55,56,193,existing,496.42793493331686,44,55,56,252,existing,364.1263519543316,44,55,56,192,allocated,465.8691366512561,44,63,56,193,existing,496.42793493331686,44,64,56,323,existing,523.3002611065165,44,65,56,315,existing,636.7752571709318,44,67,56,126,existing,1256.7306984694997,44,68,56,278,existing,1416.9961501296743,44,73,56,26,existing,1691.3598683402902,44,75,56,26,existing,1691.3598683402902,44,66,56,126,existing,1256.7306984694997,44,74,56,26,existing,1691.3598683402902,44,72,56,26,existing,1691.3598683402902
45,45,57,65,193,existing,315.8772242568534,45,57,65,252,existing,183.57564127786816,45,57,65,335,allocated,287.34406021407375,45,63,65,193,existing,315.8772242568534,45,64,65,323,existing,342.749550430053,45,66,65,126,existing,1398.4322106581635,45,65,65,315,existing,456.2245464944682,45,75,65,26,existing,1833.0613805289538,45,68,65,278,existing,1558.697662318338,45,67,65,126,existing,1398.4322106581635,45,73,65,26,existing,1833.0613805289538,45,74,65,26,existing,1833.0613805289538,45,72,65,26,existing,1833.0613805289538
46,46,57,66,193,existing,444.77564734014027,46,57,66,144,existing,294.972279989414,46,57,66,98,allocated,73.87382926132152,46,63,66,193,existing,444.77564734014027,46,64,66,323,existing,471.6479735133399,46,67,66,126,existing,1731.590620109498,46,65,66,315,existing,585.1229695777552,46,66,66,126,existing,1731.590620109498,46,72,66,26,existing,2166.2197899802886,46,68,66,278,existing,1891.8560717696726,46,74,66,26,existing,2166.2197899802886,46,75,66,26,existing,2166.2197899802886,46,73,66,26,existing,2166.2197899802886
47,47,58,72,126,existing,869.1944386778438,47,58,72,180,existing,519.8600716247271,47,58,72,300,allocated,614.4525314885451,47,66,72,126,existing,869.1944386778438,47,67,72,126,existing,869.1944386778438,47,76,72,318,existing,876.2255707140292,47,77,72,318,existing,876.2255707140292,47,74,72,26,existing,899.2660872686491,47,78,72,318,existing,876.2255707140292,47,71,72,26,existing,899.2660872686491,47,72,72,26,existing,899.2660872686491,47,75,72,26,existing,899.2660872686491,47,73,72,26,existing,899.2660872686491
48,48,58,73,126,existing,921.7771914962108,48,58,73,180,existing,572.442824443094,48,58,73,300,allocated,667.035284306912,48,67,73,126,existing,921.7771914962108,48,66,73,126,existing,921.7771914962108,48,78,73,318,existing,928.8083235323961,48,77,73,318,existing,928.8083235323961,48,71,73,26,existing,951.848840087016,48,76,73,318,existing,928.8083235323961,48,72,73,26,existing,951.848840087016,48,74,73,26,existing,951.848840087016,48,75,73,26,existing,951.848840087016,48,73,73,26,existing,951.848840087016
49,49,58,75,126,existing,727.0115490035719,49,58,75,95,existing,103.00228249981161,49,58,75,95,allocated,103.00228249981161,49,67,75,126,existing,727.0115490035719,49,66,75,126,existing,727.0115490035719,49,64,75,323,existing,962.4884097728024,49,68,75,278,existing,932.5649678450782,49,63,75,193,existing,989.3607359460019,49,71,75,26,existing,1206.928686055694,49,72,75,26,existing,1206.928686055694,49,65,75,315,existing,1075.9634058372176,49,75,75,26,existing,1206.928686055694,49,74,75,26,existing,1206.928686055694
50,50,55,76,193,existing,655.9059105733286,50,55,76,95,existing,436.45710787248487,50,55,76,12,allocated,218.0962172967606,50,64,76,323,existing,629.033584400129,50,63,76,193,existing,655.9059105733286,50,65,76,315,existing,742.5085804645444,50,66,76,126,existing,1060.466374376245,50,74,76,26,existing,1540.3835114283672,50,71,76,26,existing,1540.3835114283672,50,67,76,126,existing,1060.466374376245,50,68,76,278,existing,1266.0197932177514,50,73,76,26,existing,1540.3835114283672,50,75,76,26,existing,1540.3835114283672
51,51,56,77,193,existing,829.7011094392572,51,56,77,144,existing,734.5076892148588,51,56,77,209,allocated,457.4660464714096,51,63,77,193,existing,829.7011094392572,51,64,77,323,existing,856.5734356124567,51,65,77,315,existing,970.0484316768718,51,67,77,126,existing,2171.1260293349433,51,72,77,26,existing,2605.755199205734,51,74,77,26,existing,2605.755199205734,51,68,77,278,existing,2331.391480995118,51,66,77,126,existing,2171.1260293349433,51,71,77,26,existing,2605.755199205734,51,75,77,26,existing,2605.755199205734
52,52,60,81,278,existing,204.32104364962868,52,60,81,180,existing,670.1208191351025,52,60,81,81,allocated,0.0,52,68,81,278,existing,204.32104364962868,52,72,81,26,existing,289.8054619408107,52,74,81,26,existing,289.8054619408107,52,71,81,26,existing,289.8054619408107,52,73,81,26,existing,289.8054619408107,52,75,81,26,existing,289.8054619408107,52,66,81,126,existing,421.38915630950896,52,67,81,126,existing,421.38915630950896,52,78,81,318,existing,557.0442117364594,52,77,81,318,existing,557.0442117364594
53,53,62,82,318,existing,324.6296222532909,53,62,82,180,existing,329.2837261238302,53,62,82,27,allocated,161.26280466742946,53,77,82,318,existing,324.6296222532909,53,76,82,318,existing,324.6296222532909,53,75,82,26,existing,353.43227887664614,53,78,82,318,existing,324.6296222532909,53,72,82,26,existing,353.43227887664614,53,73,82,26,existing,353.43227887664614,53,71,82,26,existing,353.43227887664614,53,74,82,26,existing,353.43227887664614,53,68,82,278,existing,847.5587844670854,53,67,82,126,existing,1064.6268971269658
54,54,54,83,318,existing,496.87501997456843,54,54,83,180,existing,169.79176772718992,54,54,83,300,allocated,264.3842275910079,54,77,83,318,existing,496.87501997456843,54,76,83,318,existing,496.87501997456843,54,75,83,26,existing,525.6776765979237,54,78,83,318,existing,496.87501997456843,54,72,83,26,existing,525.6776765979237,54,73,83,26,existing,525.6776765979237,54,71,83,26,existing,525.6776765979237,54,74,83,26,existing,525.6776765979237,54,67,83,126,existing,1009.4862936119692,54,66,83,126,existing,1009.4862936119692
55,55,61,84,26,existing,244.5945237887439,55,61,84,180,existing,433.02748455872745,55,61,84,27,allocated,52.42504957952725,55,74,84,26,existing,244.5945237887439,55,72,84,26,existing,244.5945237887439,55,75,84,26,existing,244.5945237887439,55,73,84,26,existing,244.5945237887439,55,78,84,318,existing,470.1128526444878,55,77,84,318,existing,470.1128526444878,55,71,84,26,existing,244.5945237887439,55,76,84,318,existing,470.1128526444878,55,68,84,278,existing,703.2587174448388,55,66,84,126,existing,920.3268301047191
56,56,61,85,26,existing,227.41591100176947,56,61,85,180,existing,435.9871655308517,56,61,85,27,allocated,35.2464367925528,56,74,85,26,existing,227.41591100176947,56,72,85,26,existing,227.41591100176947,56,75,85,26,existing,227.41591100176947,56,73,85,26,existing,227.41591100176947,56,78,85,318,existing,487.29146543146226,56,77,85,318,existing,487.29146543146226,56,71,85,26,existing,227.41591100176947,56,76,85,318,existing,487.29146543146226,56,68,85,278,existing,686.0801046578644,56,66,85,126,existing,903.1482173177446
57,57,57,86,193,existing,415.1613153386343,57,57,86,252,existing,282.85973235964906,57,57,86,335,allocated,386.62815129585465,57,63,86,193,existing,415.1613153386343,57,64,86,323,existing,442.03364151183393,57,65,86,315,existing,555.5086375762492,57,67,86,126,existing,1337.9973180641823,57,75,86,26,existing,1772.6264879349726,57,68,86,278,existing,1498.2627697243568,57,73,86,26,existing,1772.6264879349726,57,66,86,126,existing,1337.9973180641823,57,74,86,26,existing,1772.6264879349726,57,72,86,26,existing,1772.6264879349726
58,58,61,87,26,existing,518.320212442381,58,61,87,180,existing,138.91419679845896,58,61,87,300,allocated,233.50665666227695,58,74,87,26,existing,518.320212442381,58,72,87,26,existing,518.320212442381,58,73,87,26,existing,518.320212442381,58,75,87,26,existing,518.320212442381,58,78,87,318,existing,527.7525909032994,58,77,87,318,existing,527.7525909032994,58,71,87,26,existing,518.320212442381,58,76,87,318,existing,527.7525909032994,58,66,87,126,existing,978.6087226832383,58,67,87,126,existing,978.6087226832383
59,59,61,88,26,existing,587.496685273047,59,61,88,180,existing,208.09066962912485,59,61,88,300,allocated,230.14619812643622,59,75,88,26,existing,587.496685273047,59,71,88,26,existing,587.496685273047,59,72,88,26,existing,587.496685273047,59,73,88,26,existing,587.496685273047,59,76,88,318,existing,596.9290637339652,59,74,88,26,existing,587.496685273047,59,78,88,318,existing,596.9290637339652,59,77,88,318,existing,596.9290637339652,59,67,88,126,existing,909.4322498525723,59,66,88,126,existing,909.4322498525723
60,60,61,89,26,existing,385.7823337215222,60,61,89,180,existing,255.58726801252556,60,61,89,27,allocated,193.6128595123055,60,74,89,26,existing,385.7823337215222,60,72,89,26,existing,385.7823337215222,60,75,89,26,existing,385.7823337215222,60,73,89,26,existing,385.7823337215222,60,78,89,318,existing,398.06258779602786,60,71,89,26,existing,385.7823337215222,60,77,89,318,existing,398.06258779602786,60,76,89,318,existing,398.06258779602786,60,68,89,278,existing,879.9088393119615,60,67,89,126,existing,1096.9769519718418
61,61,54,90,318,existing,511.5161433955302,61,54,90,180,existing,155.15064430622812,61,54,90,300,allocated,249.74310417004614,61,78,90,318,existing,511.5161433955302,61,76,90,318,existing,511.5161433955302,61,75,90,26,existing,534.5566599501502,61,77,90,318,existing,511.5161433955302,61,72,90,26,existing,534.5566599501502,61,73,90,26,existing,534.5566599501502,61,71,90,26,existing,534.5566599501502,61,74,90,26,existing,534.5566599501502,61,67,90,126,existing,994.8451701910074,61,66,90,126,existing,994.8451701910074
62,62,62,91,318,existing,549.64080665301,62,62,91,180,existing,193.27530756370788,62,62,91,300,allocated,287.8677674275259,62,78,91,318,existing,549.64080665301,62,76,91,318,existing,549.64080665301,62,75,91,26,existing,572.6813232076299,62,77,91,318,existing,549.64080665301,62,72,91,26,existing,572.6813232076299,62,73,91,26,existing,572.6813232076299,62,71,91,26,existing,572.6813232076299,62,74,91,26,existing,572.6813232076299,62,66,91,126,existing,987.782031085899,62,67,91,126,existing,987.782031085899
63,63,62,92,318,existing,1153.1941283666283,63,62,92,147,existing,305.10687089508883,63,62,92,166,allocated,266.7478642843712,63,76,92,318,existing,1153.1941283666283,63,77,92,318,existing,1153.1941283666283,63,73,92,26,existing,1420.4328781622771,63,78,92,318,existing,1153.1941283666283,63,71,92,26,existing,1420.4328781622771,63,72,92,26,existing,1420.4328781622771,63,74,92,26,existing,1420.4328781622771,63,75,92,26,existing,1420.4328781622771,63,67,92,126,existing,2131.627496412597,63,68,92,278,existing,1914.5593837527163
64,64,62,93,318,existing,972.8684719281912,64,62,93,147,existing,298.4760174784245,64,62,93,166,allocated,86.42220784593398,64,76,93,318,existing,972.8684719281912,64,77,93,318,existing,972.8684719281912,64,73,93,26,existing,1240.10722172384,64,78,93,318,existing,972.8684719281912,64,71,93,26,existing,1240.10722172384,64,72,93,26,existing,1240.10722172384,64,74,93,26,existing,1240.10722172384,64,75,93,26,existing,1240.10722172384,64,67,93,126,existing,1951.3018399741595,64,68,93,278,existing,1734.2337273142793
65,65,58,94,126,existing,671.084674133595,65,58,94,95,existing,47.07540762983474,65,58,94,95,allocated,47.07540762983474,65,67,94,126,existing,671.084674133595,65,66,94,126,existing,671.084674133595,65,64,94,323,existing,1018.4152846427792,65,68,94,278,existing,876.6380929751012,65,63,94,193,existing,1045.2876108159787,65,71,94,26,existing,1151.001811185717,65,65,94,315,existing,1131.8902807071943,65,73,94,26,existing,1151.001811185717,65,75,94,26,existing,1151.001811185717,65,72,94,26,existing,1151.001811185717
66,66,58,97,126,existing,199.43111079912705,66,58,97,95,existing,823.4403773028873,66,58,97,97,allocated,0.0,66,66,97,126,existing,199.43111079912705,66,67,97,126,existing,199.43111079912705,66,68,97,278,existing,416.49922345900734,66,69,97,279,existing,802.5194701544485,66,73,97,26,existing,910.6257290494467,66,70,97,7,existing,893.9711958042604,66,74,97,26,existing,910.6257290494467,66,75,97,26,existing,910.6257290494467,66,72,97,26,existing,910.6257290494467,66,71,97,26,existing,910.6257290494467
67,67,55,98,193,existing,518.6494766014619,67,55,98,144,existing,221.09845072809247,67,55,98,98,allocated,0.0,67,63,98,193,existing,518.6494766014619,67,64,98,323,existing,545.5218027746614,67,66,98,126,existing,1657.7167908481765,67,65,98,315,existing,658.9967988390767,67,68,98,278,existing,1817.982242508351,67,75,98,26,existing,2092.345960718967,67,67,98,126,existing,1657.7167908481765,67,74,98,26,existing,2092.345960718967,67,71,98,26,existing,2092.345960718967,67,73,98,26,existing,2092.345960718967
68,68,54,99,318,existing,539.0498981427473,68,54,99,147,existing,352.1777268214033,68,54,99,29,allocated,43.80484014536692,68,78,99,318,existing,539.0498981427473,68,77,99,318,existing,539.0498981427473,68,73,99,26,existing,806.2886479383961,68,76,99,318,existing,539.0498981427473,68,71,99,26,existing,806.2886479383961,68,72,99,26,existing,806.2886479383961,68,74,99,26,existing,806.2886479383961,68,75,99,26,existing,806.2886479383961,68,68,99,278,existing,1300.4151535288354,68,67,99,126,existing,1517.4832661887158
69,69,62,100,318,existing,630.6108551198587,69,62,100,147,existing,398.822776552629,69,62,100,29,allocated,135.36579712247828,69,78,100,318,existing,630.6108551198587,69,77,100,318,existing,630.6108551198587,69,73,100,26,existing,897.8496049155075,69,76,100,318,existing,630.6108551198587,69,71,100,26,existing,897.8496049155075,69,72,100,26,existing,897.8496049155075,69,74,100,26,existing,897.8496049155075,69,75,100,26,existing,897.8496049155075,69,68,100,278,existing,1391.9761105059467,69,67,100,126,existing,1609.0442231658271
70,70,55,105,193,existing,667.1480605226267,70,55,105,252,existing,799.449643501612,70,55,105,105,allocated,0.0,70,65,105,315,existing,532.3769903036083,70,64,105,323,existing,640.2757343494271,70,63,105,193,existing,667.1480605226267,70,67,105,126,existing,1808.9368984390694,70,66,105,126,existing,1808.9368984390694,70,68,105,278,existing,2014.490317280576,70,75,105,26,existing,2288.854035491192,70,74,105,26,existing,2288.854035491192,70,73,105,26,existing,2288.854035491192,70,71,105,26,existing,2288.854035491192
71,71,56,107,193,existing,919.274587976067,71,56,107,252,existing,1051.5761709550522,71,56,107,107,allocated,0.0,71,65,107,315,existing,778.9272657384522,71,64,107,323,existing,892.4022618028674,71,66,107,126,existing,2130.021820974841,71,63,107,193,existing,919.274587976067,71,68,107,278,existing,2335.5752398163477,71,67,107,126,existing,2130.021820974841,71,69,107,279,existing,2577.1842662328895,71,70,107,7,existing,2485.7325405830775,71,73,107,26,existing,2609.9389580269635,71,74,107,26,existing,2609.9389580269635
72,72,62,115,318,existing,248.04612651572506,72,62,115,180,existing,405.867221861396,72,62,115,282,allocated,148.4556598355066,72,78,115,318,existing,248.04612651572506,72,76,115,318,existing,248.04612651572506,72,75,115,26,existing,430.0157746142119,72,77,115,318,existing,248.04612651572506,72,72,115,26,existing,430.0157746142119,72,73,115,26,existing,430.0157746142119,72,71,115,26,existing,430.0157746142119,72,74,115,26,existing,430.0157746142119,72,68,115,278,existing,924.1422802046512,72,67,115,126,existing,1141.2103928645315
73,73,62,116,318,existing,331.42212352949855,73,62,116,180,existing,489.2432188751694,73,62,116,282,allocated,231.83165684928008,73,78,116,318,existing,331.42212352949855,73,76,116,318,existing,331.42212352949855,73,75,116,26,existing,513.3917716279855,73,77,116,318,existing,331.42212352949855,73,72,116,26,existing,513.3917716279855,73,73,116,26,existing,513.3917716279855,73,71,116,26,existing,513.3917716279855,73,74,116,26,existing,513.3917716279855,73,66,116,126,existing,1224.586389878305,73,68,116,278,existing,1007.5182772184246
74,74,55,117,193,existing,130.23034108148912,74,55,117,252,existing,262.53192406047435,74,55,117,117,allocated,0.0,74,63,117,193,existing,130.23034108148912,74,64,117,323,existing,157.1026672546887,74,67,117,126,existing,1477.3884934407697,74,65,117,315,existing,270.5776633191039,74,68,117,278,existing,1637.6539451009442,74,66,117,126,existing,1477.3884934407697,74,71,117,26,existing,1912.01766331156,74,75,117,26,existing,1912.01766331156,74,74,117,26,existing,1912.01766331156,74,72,117,26,existing,1912.01766331156
75,75,62,118,318,existing,421.77913953175005,75,62,118,180,existing,693.1977709344245,75,62,118,282,allocated,322.1886728515316,75,78,118,318,existing,421.77913953175005,75,77,118,318,existing,421.77913953175005,75,73,118,26,existing,686.800089302071,75,76,118,318,existing,421.77913953175005,75,71,118,26,existing,686.800089302071,75,72,118,26,existing,686.800089302071,75,74,118,26,existing,686.800089302071,75,75,118,26,existing,686.800089302071,75,68,118,278,existing,1180.9265948925101,75,66,118,126,existing,1397.9947075523905
76,76,54,119,318,existing,377.13526477877815,76,54,119,180,existing,648.5538961814525,76,54,119,282,allocated,277.5447980985597,76,78,119,318,existing,377.13526477877815,76,77,119,318,existing,377.13526477877815,76,73,119,26,existing,642.156214549099,76,76,119,318,existing,377.13526477877815,76,71,119,26,existing,642.156214549099,76,72,119,26,existing,642.156214549099,76,74,119,26,existing,642.156214549099,76,75,119,26,existing,642.156214549099,76,68,119,278,existing,1136.2827201395382,76,66,119,126,existing,1353.3508327994186
77,77,54,123,318,existing,308.3719011130467,77,54,123,180,existing,345.2779546955067,77,54,123,27,allocated,144.71566366839622,77,77,123,318,existing,308.3719011130467,77,76,123,318,existing,308.3719011130467,77,75,123,26,existing,336.8851378776129,77,78,123,318,existing,308.3719011130467,77,72,123,26,existing,336.8851378776129,77,73,123,26,existing,336.8851378776129,77,71,123,26,existing,336.8851378776129,77,74,123,26,existing,336.8851378776129,77,68,123,278,existing,831.0116434680522,77,66,123,126,existing,1048.0797561279326
78,78,59,126,126,existing,0.0,78,59,126,95,existing,624.0092665037603,78,59,126,126,existing,0.0,78,66,126,126,existing,0.0,78,67,126,126,existing,0.0,78,69,126,279,existing,603.0883593553216,78,68,126,278,existing,217.0681126598803,78,73,126,26,existing,711.1946182503196,78,71,126,26,existing,711.1946182503196,78,70,126,7,existing,694.5400850051335,78,75,126,26,existing,711.1946182503196,78,74,126,26,existing,711.1946182503196,78,72,126,26,existing,711.1946182503196
79,79,59,128,126,existing,967.9268290125173,79,59,128,180,existing,760.5668900300786,79,59,128,300,allocated,855.1593498938967,79,67,128,126,existing,967.9268290125173,79,66,128,126,existing,967.9268290125173,79,76,128,318,existing,1116.9323891193808,79,77,128,318,existing,1116.9323891193808,79,78,128,318,existing,1116.9323891193808,79,71,128,26,existing,1139.9729056740007,79,68,128,278,existing,1128.1922806726916,79,73,128,26,existing,1139.9729056740007,79,72,128,26,existing,1139.9729056740007,79,75,128,26,existing,1139.9729056740007
80,80,58,129,126,existing,834.829167557903,80,58,129,180,existing,627.4692285754644,80,58,129,300,allocated,722.0616884392824,80,67,129,126,existing,834.829167557903,80,66,129,126,existing,834.829167557903,80,76,129,318,existing,983.8347276647665,80,77,129,318,existing,983.8347276647665,80,78,129,318,existing,983.8347276647665,80,71,129,26,existing,1006.8752442193864,80,74,129,26,existing,1006.8752442193864,80,68,129,278,existing,995.0946192180775,80,72,129,26,existing,1006.8752442193864,80,75,129,26,existing,1006.8752442193864
81,81,62,130,318,existing,378.60603904367156,81,62,130,180,existing,599.0485495033607,81,62,130,282,allocated,279.0155723634531,81,78,130,318,existing,378.60603904367156,81,77,130,318,existing,378.60603904367156,81,73,130,26,existing,643.6269888139925,81,76,130,318,existing,378.60603904367156,81,71,130,26,existing,643.6269888139925,81,72,130,26,existing,643.6269888139925,81,74,130,26,existing,643.6269888139925,81,75,130,26,existing,643.6269888139925,81,68,130,278,existing,1137.7534944044316,81,66,130,126,existing,1354.821607064312
82,82,62,131,318,existing,344.6153117538638,82,62,131,180,existing,616.0339431565382,82,62,131,282,allocated,245.02484507364528,82,77,131,318,existing,344.6153117538638,82,76,131,318,existing,344.6153117538638,82,75,131,26,existing,609.6362615241846,82,78,131,318,existing,344.6153117538638,82,72,131,26,existing,609.6362615241846,82,73,131,26,existing,609.6362615241846,82,71,131,26,existing,609.6362615241846,82,74,131,26,existing,609.6362615241846,82,68,131,278,existing,1103.7627671146238,82,67,131,126,existing,1320.8308797745044
83,83,56,132,193,existing,214.16299825552966,83,56,132,252,existing,81.8614152765444,83,56,132,335,allocated,185.62983421275,83,63,132,193,existing,214.16299825552966,83,64,132,323,existing,241.03532442872927,83,67,132,126,existing,1296.7179846568397,83,65,132,315,existing,354.5103204931445,83,66,132,126,existing,1296.7179846568397,83,71,132,26,existing,1731.34715452763,83,68,132,278,existing,1456.9834363170141,83,75,132,26,existing,1731.34715452763,83,73,132,26,existing,1731.34715452763,83,74,132,26,existing,1731.34715452763
84,84,62,136,318,existing,595.5588239021638,84,62,136,147,existing,295.66880106198687,84,62,136,29,allocated,100.31376590478338,84,78,136,318,existing,595.5588239021638,84,77,136,318,existing,595.5588239021638,84,73,136,26,existing,862.7975736978126,84,76,136,318,existing,595.5588239021638,84,71,136,26,existing,862.7975736978126,84,72,136,26,existing,862.7975736978126,84,74,136,26,existing,862.7975736978126,84,75,136,26,existing,862.7975736978126,84,68,136,278,existing,1356.924079288252,84,67,136,126,existing,1573.9921919481321
85,85,62,139,318,existing,1002.8936860017179,85,62,139,147,existing,111.66606103756733,85,62,139,161,allocated,348.34058680241577,85,76,139,318,existing,1002.8936860017179,85,77,139,318,existing,1002.8936860017179,85,78,139,318,existing,1002.8936860017179,85,73,139,26,existing,1270.1324357973667,85,74,139,26,existing,1270.1324357973667,85,71,139,26,existing,1270.1324357973667,85,72,139,26,existing,1270.1324357973667,85,75,139,26,existing,1270.1324357973667,85,67,139,126,existing,1981.3270540476863,85,68,139,278,existing,1764.2589413878059
86,86,54,140,318,existing,1018.2320355669369,86,54,140,147,existing,127.00441060278635,86,54,140,166,allocated,257.89381472157214,86,76,140,318,existing,1018.2320355669369,86,77,140,318,existing,1018.2320355669369,86,73,140,26,existing,1285.4707853625857,86,78,140,318,existing,1018.2320355669369,86,71,140,26,existing,1285.4707853625857,86,72,140,26,existing,1285.4707853625857,86,74,140,26,existing,1285.4707853625857,86,75,140,26,existing,1285.4707853625857,86,67,140,126,existing,1996.6654036129053,86,68,140,278,existing,1779.597290953025
87,87,57,141,193,existing,504.65677695030524,87,57,141,144,existing,409.46335672590715,87,57,141,98,allocated,188.36490599781467,87,63,141,193,existing,504.65677695030524,87,64,141,323,existing,531.5291031235048,87,65,141,315,existing,645.00409918792,87,66,141,126,existing,1846.0816968459912,87,73,141,26,existing,2280.7108667167818,87,68,141,278,existing,2006.347148506166,87,67,141,126,existing,1846.0816968459912,87,75,141,26,existing,2280.7108667167818,87,74,141,26,existing,2280.7108667167818,87,71,141,26,existing,2280.7108667167818
88,88,62,143,318,existing,200.02275742380152,88,62,143,180,existing,453.89059095331953,88,62,143,282,allocated,100.43229074358304,88,77,143,318,existing,200.02275742380152,88,76,143,318,existing,200.02275742380152,88,75,143,26,existing,465.04370719412236,88,78,143,318,existing,200.02275742380152,88,72,143,26,existing,465.04370719412236,88,73,143,26,existing,465.04370719412236,88,71,143,26,existing,465.04370719412236,88,74,143,26,existing,465.04370719412236,88,68,143,278,existing,959.1702127845616,88,67,143,126,existing,1176.2383254444421
89,89,57,144,193,existing,354.06335371877407,89,57,144,144,existing,0.0,89,57,144,98,allocated,221.09845072809247,89,63,144,193,existing,354.06335371877407,89,64,144,323,existing,380.9356798919737,89,65,144,315,existing,494.4106759563889,89,66,144,126,existing,1436.6183401200842,89,73,144,26,existing,1871.2475099908743,89,68,144,278,existing,1596.8837917802584,89,74,144,26,existing,1871.2475099908743,89,67,144,126,existing,1436.6183401200842,89,71,144,26,existing,1871.2475099908743,89,72,144,26,existing,1871.2475099908743
90,90,62,146,318,existing,909.2434422571107,90,62,146,147,existing,111.29174412050202,90,62,146,161,allocated,125.38278164434641,90,76,146,318,existing,909.2434422571107,90,77,146,318,existing,909.2434422571107,90,73,146,26,existing,1176.4821920527595,90,78,146,318,existing,909.2434422571107,90,71,146,26,existing,1176.4821920527595,90,72,146,26,existing,1176.4821920527595,90,74,146,26,existing,1176.4821920527595,90,75,146,26,existing,1176.4821920527595,90,67,146,126,existing,1887.676810303079,90,68,146,278,existing,1670.6086976431989
91,91,62,147,318,existing,891.2276249641507,91,62,147,147,existing,0.0,91,62,147,161,allocated,236.67452576484845,91,76,147,318,existing,891.2276249641507,91,77,147,318,existing,891.2276249641507,91,73,147,26,existing,1158.4663747597995,91,78,147,318,existing,891.2276249641507,91,71,147,26,existing,1158.4663747597995,91,72,147,26,existing,1158.4663747597995,91,74,147,26,existing,1158.4663747597995,91,75,147,26,existing,1158.4663747597995,91,68,147,278,existing,1652.5928803502388,91,67,147,126,existing,1869.660993010119
92,92,54,148,318,existing,1167.5479933863073,92,54,148,147,existing,276.3203684221568,92,54,148,161,allocated,512.9948941870051,92,76,148,318,existing,1167.5479933863073,92,77,148,318,existing,1167.5479933863073,92,78,148,318,existing,1167.5479933863073,92,73,148,26,existing,1434.7867431819561,92,74,148,26,existing,1434.7867431819561,92,71,148,26,existing,1434.7867431819561,92,72,148,26,existing,1434.7867431819561,92,75,148,26,existing,1434.7867431819561,92,67,148,126,existing,2145.9813614322757,92,68,148,278,existing,1928.9132487723955
93,93,54,149,318,existing,956.3925712058478,93,54,149,147,existing,65.16494624169727,93,54,149,161,allocated,301.8394720065457,93,76,149,318,existing,956.3925712058478,93,77,149,318,existing,956.3925712058478,93,73,149,26,existing,1223.6313210014966,93,78,149,318,existing,956.3925712058478,93,71,149,26,existing,1223.6313210014966,93,72,149,26,existing,1223.6313210014966,93,74,149,26,existing,1223.6313210014966,93,75,149,26,existing,1223.6313210014966,93,68,149,278,existing,1717.757826591936,93,67,149,126,existing,1934.8259392518162
94,94,62,154,318,existing,465.62397803862666,94,62,154,180,existing,737.042609441301,94,62,154,282,allocated,366.03351135840813,94,78,154,318,existing,465.62397803862666,94,77,154,318,existing,465.62397803862666,94,73,154,26,existing,730.6449278089475,94,76,154,318,existing,465.62397803862666,94,71,154,26,existing,730.6449278089475,94,72,154,26,existing,730.6449278089475,94,74,154,26,existing,730.6449278089475,94,75,154,26,existing,730.6449278089475,94,68,154,278,existing,1224.7714333993868,94,67,154,126,existing,1441.8395460592671
95,95,54,155,318,existing,560.2453508787693,95,54,155,180,existing,831.6639822814436,95,54,155,282,allocated,460.6548841985508,95,76,155,318,existing,560.2453508787693,95,77,155,318,existing,560.2453508787693,95,78,155,318,existing,560.2453508787693,95,71,155,26,existing,825.2663006490902,95,74,155,26,existing,825.2663006490902,95,72,155,26,existing,825.2663006490902,95,73,155,26,existing,825.2663006490902,95,75,155,26,existing,825.2663006490902,95,68,155,278,existing,1319.3928062395294,95,66,155,126,existing,1536.4609188994098
96,96,54,160,318,existing,879.1096558252895,96,54,160,147,existing,150.32397584719814,96,54,160,161,allocated,86.3505499176503,96,76,160,318,existing,879.1096558252895,96,77,160,318,existing,879.1096558252895,96,78,160,318,existing,879.1096558252895,96,71,160,26,existing,1146.3484056209384,96,74,160,26,existing,1146.3484056209384,96,72,160,26,existing,1146.3484056209384,96,73,160,26,existing,1146.3484056209384,96,75,160,26,existing,1146.3484056209384,96,67,160,126,existing,1857.543023871258,96,68,160,278,existing,1640.4749112113777
97,97,56,163,193,existing,333.934374873397,97,56,163,252,existing,204.26171748995048,97,56,163,164,allocated,73.29490968272286,97,64,163,323,existing,307.0620487001974,97,63,163,193,existing,333.934374873397,97,66,163,126,existing,1017.0091048032788,97,65,163,315,existing,420.53704476461263,97,73,163,26,existing,1495.6386387206285,97,67,163,126,existing,1017.0091048032788,97,74,163,26,existing,1495.6386387206285,97,68,163,278,existing,1221.2749205100126,97,71,163,26,existing,1495.6386387206285,97,72,163,26,existing,1495.6386387206285
98,98,55,164,193,existing,260.6394651906741,98,55,164,252,existing,130.9668078072276,98,55,164,164,allocated,0.0,98,64,164,323,existing,233.76713901747453,98,63,164,193,existing,260.6394651906741,98,67,164,126,existing,1090.3040144860017,98,65,164,315,existing,347.2421350818897,98,71,164,26,existing,1568.9335484033513,98,72,164,26,existing,1568.9335484033513,98,68,164,278,existing,1294.5698301927355,98,66,164,126,existing,1090.3040144860017,98,73,164,26,existing,1568.9335484033513,98,75,164,26,existing,1568.9335484033513
99,99,62,166,318,existing,886.4462640822572,99,62,166,147,existing,384.89822532435846,99,62,166,166,allocated,0.0,99,76,166,318,existing,886.4462640822572,99,77,166,318,existing,886.4462640822572,99,73,166,26,existing,1153.685013877906,99,78,166,318,existing,886.4462640822572,99,71,166,26,existing,1153.685013877906,99,72,166,26,existing,1153.685013877906,99,74,166,26,existing,1153.685013877906,99,75,166,26,existing,1153.685013877906,99,67,166,126,existing,1864.8796321282257,99,68,166,278,existing,1647.8115194683453
100,100,62,167,318,existing,429.9559015672772,100,62,167,147,existing,461.27172339687354,100,62,167,167,allocated,0.0,100,77,167,318,existing,429.9559015672772,100,76,167,318,existing,429.9559015672772,100,75,167,26,existing,697.1946513629259,100,78,167,318,existing,429.9559015672772,100,72,167,26,existing,697.1946513629259,100,73,167,26,existing,697.1946513629259,100,71,167,26,existing,697.1946513629259,100,74,167,26,existing,697.1946513629259,100,66,167,126,existing,1408.3892696132455,100,68,167,278,existing,1191.3211569533653
101,101,61,168,26,existing,511.8748763133806,101,61,168,180,existing,153.30444575496412,101,61,168,300,allocated,58.711985891146114,101,74,168,26,existing,511.8748763133806,101,72,168,26,existing,511.8748763133806,101,71,168,26,existing,511.8748763133806,101,73,168,26,existing,511.8748763133806,101,67,168,126,existing,759.6482396151514,101,66,168,126,existing,759.6482396151514,101,75,168,26,existing,511.8748763133806,101,68,168,278,existing,739.8218811249226,101,78,168,318,existing,772.7929668856068,101,77,168,318,existing,772.7929668856068
102,102,59,170,126,existing,1111.8024757304288,102,59,170,180,existing,762.4681086773119,102,59,170,161,allocated,796.1136733052678,102,66,170,126,existing,1111.8024757304288,102,67,170,126,existing,1111.8024757304288,102,76,170,318,existing,1118.833607766614,102,77,170,318,existing,1118.833607766614,102,71,170,26,existing,1141.874124321234,102,74,170,26,existing,1141.874124321234,102,78,170,318,existing,1118.833607766614,102,73,170,26,existing,1141.874124321234,102,75,170,26,existing,1141.874124321234,102,72,170,26,existing,1141.874124321234
103,103,59,171,126,existing,1053.2198632076588,103,59,171,180,existing,703.8854961545419,103,59,171,300,allocated,798.4779560183599,103,66,171,126,existing,1053.2198632076588,103,67,171,126,existing,1053.2198632076588,103,77,171,318,existing,1060.250995243844,103,76,171,318,existing,1060.250995243844,103,74,171,26,existing,1083.291511798464,103,71,171,26,existing,1083.291511798464,103,78,171,318,existing,1060.250995243844,103,72,171,26,existing,1083.291511798464,103,75,171,26,existing,1083.291511798464,103,73,171,26,existing,1083.291511798464
104,104,56,174,193,existing,818.1473255697886,104,56,174,144,existing,748.5618343645009,104,56,174,209,allocated,417.52968860453143,104,63,174,193,existing,818.1473255697886,104,64,174,323,existing,845.0196517429881,104,65,174,315,existing,958.4946478074035,104,66,174,126,existing,2165.305477929069,104,67,174,126,existing,2165.305477929069,104,68,174,278,existing,2325.570929589244,104,72,174,26,existing,2599.9346477998597,104,74,174,26,existing,2599.9346477998597,104,71,174,26,existing,2599.9346477998597,104,75,174,26,existing,2599.9346477998597
105,105,57,177,193,existing,461.98478437250117,105,57,177,144,existing,107.92143065372713,105,57,177,98,allocated,113.17702007436533,105,63,177,193,existing,461.98478437250117,105,64,177,323,existing,488.8571105457007,105,67,177,126,existing,1544.5397707738111,105,65,177,315,existing,602.3321066101159,105,75,177,26,existing,1979.1689406446014,105,73,177,26,existing,1979.1689406446014,105,68,177,278,existing,1704.8052224339856,105,66,177,126,existing,1544.5397707738111,105,71,177,26,existing,1979.1689406446014,105,74,177,26,existing,1979.1689406446014
106,106,61,179,26,existing,490.84771606815445,106,61,179,180,existing,534.0459898055328,106,61,179,36,allocated,91.66383477655589,106,75,179,26,existing,490.84771606815445,106,71,179,26,existing,490.84771606815445,106,72,179,26,existing,490.84771606815445,106,73,179,26,existing,490.84771606815445,106,68,179,278,existing,494.047138558421,106,74,179,26,existing,490.84771606815445,106,67,179,126,existing,555.4955011382292,106,66,179,126,existing,555.4955011382292,106,77,179,318,existing,758.0864658638031,106,76,179,318,existing,758.0864658638031
107,107,61,180,26,existing,641.3696017340478,107,61,180,180,existing,0.0,107,61,180,300,allocated,94.59245986381801,107,74,180,26,existing,641.3696017340478,107,72,180,26,existing,641.3696017340478,107,75,180,26,existing,641.3696017340478,107,73,180,26,existing,641.3696017340478,107,78,180,318,existing,653.6498558085534,107,71,180,26,existing,641.3696017340478,107,77,180,318,existing,653.6498558085534,107,76,180,318,existing,653.6498558085534,107,66,180,126,existing,844.1423244849041,107,67,180,126,existing,844.1423244849041
108,108,57,187,193,existing,725.3074349739551,108,57,187,144,existing,630.1140147495569,108,57,187,98,allocated,409.0155640214644,108,63,187,193,existing,725.3074349739551,108,64,187,323,existing,752.1797611471546,108,65,187,315,existing,865.6547572115699,108,67,187,126,existing,2066.732354869641,108,74,187,26,existing,2501.3615247404314,108,66,187,126,existing,2066.732354869641,108,68,187,278,existing,2226.9978065298155,108,72,187,26,existing,2501.3615247404314,108,75,187,26,existing,2501.3615247404314,108,73,187,26,existing,2501.3615247404314
109,109,57,188,193,existing,816.760003080639,109,57,188,144,existing,721.5665828562408,109,57,188,209,allocated,444.52494011279146,109,63,188,193,existing,816.760003080639,109,64,188,323,existing,843.6323292538385,109,65,188,315,existing,957.1073253182537,109,67,188,126,existing,2158.184922976325,109,74,188,26,existing,2592.8140928471157,109,66,188,126,existing,2158.184922976325,109,68,188,278,existing,2318.4503746365,109,72,188,26,existing,2592.8140928471157,109,73,188,26,existing,2592.8140928471157,109,71,188,26,existing,2592.8140928471157
110,110,61,189,26,existing,316.488392458077,110,61,189,180,existing,324.8812092759708,110,61,189,27,allocated,124.31891824886029,110,74,189,26,existing,316.488392458077,110,72,189,26,existing,316.488392458077,110,75,189,26,existing,316.488392458077,110,73,189,26,existing,316.488392458077,110,78,189,318,existing,328.76864653258264,110,71,189,26,existing,316.488392458077,110,77,189,318,existing,328.76864653258264,110,76,189,318,existing,328.76864653258264,110,68,189,278,existing,810.6148980485162,110,67,189,126,existing,1027.6830107083965
111,111,57,192,193,existing,407.20029820043015,111,57,192,252,existing,274.8987152214449,111,57,192,192,allocated,0.0,111,63,192,193,existing,407.20029820043015,111,64,192,323,existing,432.0958241737358,111,65,192,315,existing,545.5708202381511,111,66,192,126,existing,939.9578541588504,111,67,192,126,existing,939.9578541588504,111,73,192,26,existing,1374.5870240296408,111,68,192,278,existing,1100.223305819025,111,74,192,26,existing,1374.5870240296408,111,72,192,26,existing,1374.5870240296408,111,75,192,26,existing,1374.5870240296408
112,112,57,193,193,existing,0.0,112,57,193,252,existing,132.30158297898527,112,57,193,193,existing,0.0,112,63,193,193,existing,0.0,112,64,193,323,existing,26.872326173199593,112,67,193,126,existing,1347.1581523592806,112,65,193,315,existing,140.34732223761483,112,73,193,26,existing,1781.787322230071,112,66,193,126,existing,1347.1581523592806,112,68,193,278,existing,1507.423604019455,112,74,193,26,existing,1781.787322230071,112,75,193,26,existing,1781.787322230071,112,72,193,26,existing,1781.787322230071
113,113,56,197,193,existing,318.5956801935348,113,56,197,252,existing,450.89726317252007,113,56,197,198,allocated,253.92448405325908,113,65,197,315,existing,178.24835795592,113,64,197,323,existing,291.7233540203352,113,66,197,126,existing,1615.7945075238115,113,63,197,193,existing,318.5956801935348,113,71,197,26,existing,2094.4240414411606,113,68,197,278,existing,1820.060323230545,113,67,197,126,existing,1615.7945075238115,113,75,197,26,existing,2094.4240414411606,113,74,197,26,existing,2094.4240414411606,113,73,197,26,existing,2094.4240414411606
114,114,55,198,193,existing,572.5201642467939,114,55,198,252,existing,704.8217472257792,114,55,198,198,allocated,0.0,114,65,198,315,existing,432.1728420091791,114,64,198,323,existing,545.6478380735944,114,66,198,126,existing,1869.7189915770705,114,63,198,193,existing,572.5201642467939,114,68,198,278,existing,2073.984807283804,114,75,198,26,existing,2348.34852549442,114,67,198,126,existing,1869.7189915770705,114,74,198,26,existing,2348.34852549442,114,71,198,26,existing,2348.34852549442,114,73,198,26,existing,2348.34852549442
115,115,57,199,193,existing,480.4575610783014,115,57,199,252,existing,612.7591440572867,115,57,199,198,allocated,93.1723318345686,115,65,199,315,existing,340.1102388406866,115,64,199,323,existing,453.5852349051018,115,67,199,126,existing,1777.656388408578,115,63,199,193,existing,480.4575610783014,115,75,199,26,existing,2256.2859223259275,115,66,199,126,existing,1777.656388408578,115,71,199,26,existing,2256.2859223259275,115,68,199,278,existing,1981.9222041153116,115,72,199,26,existing,2256.2859223259275,115,73,199,26,existing,2256.2859223259275
116,116,55,200,193,existing,933.1132909180104,116,55,200,144,existing,837.9198706936123,116,55,200,98,allocated,616.8214199655198,116,63,200,193,existing,933.1132909180104,116,64,200,323,existing,959.98561709121,116,65,200,315,existing,1073.4606131556252,116,67,200,126,existing,2274.5382108136964,116,66,200,126,existing,2274.5382108136964,116,73,200,26,existing,2709.1673806844865,116,74,200,26,existing,2709.1673806844865,116,68,200,278,existing,2434.8036624738706,116,71,200,26,existing,2709.1673806844865,116,75,200,26,existing,2709.1673806844865
117,117,56,203,193,existing,698.4538677219443,117,56,203,144,existing,720.4976613272036,117,56,203,98,allocated,499.3992105991111,117,63,203,193,existing,698.4538677219443,117,64,203,323,existing,725.3261938951439,117,66,203,126,existing,2045.612020081225,117,65,203,315,existing,838.8011899595592,117,68,203,278,existing,2205.8774717413994,117,72,203,26,existing,2480.2411899520152,117,75,203,26,existing,2480.2411899520152,117,67,203,126,existing,2045.612020081225,117,71,203,26,existing,2480.2411899520152,117,74,203,26,existing,2480.2411899520152
118,118,57,204,193,existing,664.6339344418469,118,57,204,144,existing,686.677728047106,118,57,204,98,allocated,465.5792773190136,118,63,204,193,existing,664.6339344418469,118,64,204,323,existing,691.5062606150465,118,65,204,315,existing,804.9812566794617,118,66,204,126,existing,2011.7920868011274,118,68,204,278,existing,2172.057538461302,118,73,204,26,existing,2446.421256671918,118,67,204,126,existing,2011.7920868011274,118,72,204,26,existing,2446.421256671918,118,75,204,26,existing,2446.421256671918,118,74,204,26,existing,2446.421256671918
119,119,55,205,193,existing,506.505214056608,119,55,205,144,existing,528.5490076618671,119,55,205,98,allocated,307.4505569337747,119,63,205,193,existing,506.505214056608,119,64,205,323,existing,533.3775402298076,119,67,205,126,existing,1853.6633664158885,119,65,205,315,existing,646.8525362942228,119,66,205,126,existing,1853.6633664158885,119,75,205,26,existing,2288.292536286679,119,68,205,278,existing,2013.9288180760632,119,74,205,26,existing,2288.292536286679,119,73,205,26,existing,2288.292536286679,119,71,205,26,existing,2288.292536286679
120,120,57,206,193,existing,673.5061958173872,120,57,206,144,existing,695.5499894226464,120,57,206,98,allocated,474.4515386945539,120,63,206,193,existing,673.5061958173872,120,64,206,323,existing,700.3785219905867,120,65,206,315,existing,813.853518055002,120,67,206,126,existing,2020.6643481766678,120,68,206,278,existing,2180.929799836842,120,66,206,126,existing,2020.6643481766678,120,74,206,26,existing,2455.293518047458,120,75,206,26,existing,2455.293518047458,120,71,206,26,existing,2455.293518047458,120,73,206,26,existing,2455.293518047458
121,121,57,207,193,existing,598.4093032924119,121,57,207,144,existing,620.453096897671,121,57,207,243,allocated,248.8038122058574,121,63,207,193,existing,598.4093032924119,121,64,207,323,existing,625.2816294656114,121,65,207,315,existing,738.7566255300267,121,66,207,126,existing,1945.5674556516924,121,67,207,126,existing,1945.5674556516924,121,74,207,26,existing,2380.196625522483,121,68,207,278,existing,2105.832907311867,121,73,207,26,existing,2380.196625522483,121,71,207,26,existing,2380.196625522483,121,75,207,26,existing,2380.196625522483
122,122,57,208,193,existing,482.33490556160797,122,57,208,252,existing,614.6364885405933,122,57,208,243,allocated,81.3274258465189,122,63,208,193,existing,482.33490556160797,122,64,208,323,existing,509.2072317348076,122,67,208,126,existing,1829.4930579208885,122,65,208,315,existing,622.6822277992228,122,66,208,126,existing,1829.4930579208885,122,68,208,278,existing,1989.7585095810632,122,75,208,26,existing,2264.122227791679,122,74,208,26,existing,2264.122227791679,122,72,208,26,existing,2264.122227791679,122,73,208,26,existing,2264.122227791679
123,123,56,209,193,existing,568.5755094818592,123,56,209,252,existing,700.8770924608443,123,56,209,209,allocated,0.0,123,63,209,193,existing,568.5755094818592,123,64,209,323,existing,595.4478356550587,123,66,209,126,existing,1915.7336618411396,123,65,209,315,existing,708.9228317194741,123,75,209,26,existing,2350.36283171193,123,67,209,126,existing,1915.7336618411396,123,68,209,278,existing,2075.9991135013142,123,74,209,26,existing,2350.36283171193,123,72,209,26,existing,2350.36283171193,123,73,209,26,existing,2350.36283171193
124,124,62,210,318,existing,454.76657232867854,124,62,210,180,existing,522.8880162183539,124,62,210,282,allocated,355.17610564846,124,78,210,318,existing,454.76657232867854,124,77,210,318,existing,454.76657232867854,124,73,210,26,existing,719.7875220989994,124,76,210,318,existing,454.76657232867854,124,71,210,26,existing,719.7875220989994,124,72,210,26,existing,719.7875220989994,124,74,210,26,existing,719.7875220989994,124,75,210,26,existing,719.7875220989994,124,66,210,126,existing,1362.5825421031332,124,68,210,278,existing,1213.9140276894386
125,125,57,211,193,existing,567.2838795787461,125,57,211,252,existing,699.5854625577314,125,57,211,198,allocated,179.99865033501328,125,65,211,315,existing,426.9365573411313,125,64,211,323,existing,540.4115534055466,125,67,211,126,existing,1864.482706909023,125,63,211,193,existing,567.2838795787461,125,68,211,278,existing,2068.7485226157564,125,66,211,126,existing,1864.482706909023,125,73,211,26,existing,2343.1122408263723,125,74,211,26,existing,2343.1122408263723,125,75,211,26,existing,2343.1122408263723,125,72,211,26,existing,2343.1122408263723
126,126,56,212,193,existing,683.2681562596507,126,56,212,252,existing,815.569739238636,126,56,212,107,allocated,236.00643171641633,126,65,212,315,existing,542.9208340220359,126,64,212,323,existing,656.3958300864512,126,67,212,126,existing,1980.4669835899274,126,63,212,193,existing,683.2681562596507,126,66,212,126,existing,1980.4669835899274,126,75,212,26,existing,2459.096517507277,126,72,212,26,existing,2459.096517507277,126,68,212,278,existing,2184.732799296661,126,71,212,26,existing,2459.096517507277,126,74,212,26,existing,2459.096517507277
127,127,56,213,193,existing,687.2051661330779,127,56,213,144,existing,592.0117459086797,127,56,213,98,allocated,370.9132951805873,127,63,213,193,existing,687.2051661330779,127,64,213,323,existing,714.0774923062775,127,67,213,126,existing,2028.6300860287638,127,65,213,315,existing,827.5524883706927,127,74,213,26,existing,2463.2592558995543,127,68,213,278,existing,2188.8955376889385,127,66,213,126,existing,2028.6300860287638,127,73,213,26,existing,2463.2592558995543,127,71,213,26,existing,2463.2592558995543,127,75,213,26,existing,2463.2592558995543
128,128,61,219,26,existing,396.8321771817797,128,61,219,180,existing,249.6626807914095,128,61,219,349,allocated,50.56917345532722,128,74,219,26,existing,396.8321771817797,128,72,219,26,existing,396.8321771817797,128,75,219,26,existing,396.8321771817797,128,73,219,26,existing,396.8321771817797,128,71,219,26,existing,396.8321771817797,128,76,219,318,existing,657.7502677540059,128,68,219,278,existing,624.7791819933217,128,78,219,318,existing,657.7502677540059,128,77,219,318,existing,657.7502677540059,128,66,219,126,existing,839.8788101523526
129,129,57,220,193,existing,1140.7591016631197,129,57,220,144,existing,1045.5656814387216,129,57,220,209,allocated,768.5240386952723,129,63,220,193,existing,1140.7591016631197,129,64,220,323,existing,1167.6314278363193,129,66,220,126,existing,2482.184021558806,129,65,220,315,existing,1281.1064239007346,129,67,220,126,existing,2482.184021558806,129,68,220,278,existing,2642.4494732189805,129,73,220,26,existing,2916.8131914295964,129,72,220,26,existing,2916.8131914295964,129,75,220,26,existing,2916.8131914295964,129,74,220,26,existing,2916.8131914295964
130,130,55,221,193,existing,513.4425070508923,130,55,221,252,existing,602.5935323138727,130,55,221,164,allocated,471.6267245066451,130,64,221,323,existing,486.5701808776928,130,63,221,193,existing,513.4425070508923,130,65,221,315,existing,600.045176942108,130,66,221,126,existing,1340.6450916778106,130,68,221,278,existing,1546.198510519317,130,71,221,26,existing,1820.562228729933,130,74,221,26,existing,1820.562228729933,130,67,221,126,existing,1340.6450916778106,130,75,221,26,existing,1820.562228729933,130,72,221,26,existing,1820.562228729933
131,131,57,222,193,existing,398.21622464917067,131,57,222,252,existing,530.5178076281559,131,57,222,323,allocated,371.34389847597106,131,64,222,323,existing,371.34389847597106,131,63,222,193,existing,398.21622464917067,131,67,222,126,existing,1448.93274961869,131,65,222,315,existing,484.8188945403863,131,68,222,278,existing,1654.4861684601963,131,66,222,126,existing,1448.93274961869,131,73,222,26,existing,1928.849886670812,131,74,222,26,existing,1928.849886670812,131,71,222,26,existing,1928.849886670812,131,72,222,26,existing,1928.849886670812
132,132,55,223,193,existing,333.8611677524148,132,55,223,252,existing,466.1627507314,132,55,223,323,allocated,306.9888415792152,132,64,223,323,existing,306.9888415792152,132,63,223,193,existing,333.8611677524148,132,65,223,315,existing,420.4638376436304,132,67,223,126,existing,1384.577692721934,132,74,223,26,existing,1864.4948297740564,132,68,223,278,existing,1590.1311115634405,132,66,223,126,existing,1384.577692721934,132,72,223,26,existing,1864.4948297740564,132,75,223,26,existing,1864.4948297740564,132,71,223,26,existing,1864.4948297740564
133,133,59,224,126,existing,912.1918683339445,133,59,224,180,existing,562.8575012808278,133,59,224,300,allocated,657.4499611446458,133,67,224,126,existing,912.1918683339445,133,66,224,126,existing,912.1918683339445,133,77,224,318,existing,919.22300037013,133,76,224,318,existing,919.22300037013,133,78,224,318,existing,919.22300037013,133,72,224,26,existing,942.2635169247499,133,71,224,26,existing,942.2635169247499,133,73,224,26,existing,942.2635169247499,133,74,224,26,existing,942.2635169247499,133,75,224,26,existing,942.2635169247499
134,134,55,226,193,existing,727.7012969726466,134,55,226,144,existing,392.95543487243447,134,55,226,98,allocated,230.96794603698774,134,63,226,193,existing,727.7012969726466,134,64,226,323,existing,754.5736231458461,134,65,226,315,existing,868.0486192102614,134,66,226,126,existing,1725.177612306713,134,67,226,126,existing,1725.177612306713,134,75,226,26,existing,2159.806782177503,134,74,226,26,existing,2159.806782177503,134,68,226,278,existing,1885.4430639668874,134,73,226,26,existing,2159.806782177503,134,71,226,26,existing,2159.806782177503
135,135,55,227,193,existing,672.3372077320273,135,55,227,144,existing,318.2738540132532,135,55,227,98,allocated,305.64952689616905,135,63,227,193,existing,672.3372077320273,135,64,227,323,existing,699.2095339052269,135,67,227,126,existing,1650.4960314475315,135,65,227,315,existing,812.6845299696422,135,68,227,278,existing,1810.761483107706,135,75,227,26,existing,2085.125201318322,135,74,227,26,existing,2085.125201318322,135,66,227,126,existing,1650.4960314475315,135,71,227,26,existing,2085.125201318322,135,73,227,26,existing,2085.125201318322
136,136,56,228,193,existing,594.8775169418893,136,56,228,144,existing,319.242616734323,136,56,228,98,allocated,98.14416600623055,136,63,228,193,existing,594.8775169418893,136,64,228,323,existing,621.7498431150889,136,66,228,126,existing,1755.860956854407,136,65,228,315,existing,735.2248391795042,136,68,228,278,existing,1916.1264085145817,136,75,228,26,existing,2190.4901267251976,136,67,228,126,existing,1755.860956854407,136,74,228,26,existing,2190.4901267251976,136,71,228,26,existing,2190.4901267251976,136,73,228,26,existing,2190.4901267251976
137,137,55,229,193,existing,1064.8768094993457,137,55,229,144,existing,969.6833892749476,137,55,229,98,allocated,748.584938546855,137,63,229,193,existing,1064.8768094993457,137,64,229,323,existing,1091.7491356725452,137,67,229,126,existing,2406.3017293950315,137,65,229,315,existing,1205.2241317369603,137,68,229,278,existing,2566.567181055206,137,75,229,26,existing,2840.930899265822,137,66,229,126,existing,2406.3017293950315,137,72,229,26,existing,2840.930899265822,137,73,229,26,existing,2840.930899265822,137,71,229,26,existing,2840.930899265822
138,138,56,230,193,existing,1038.3792341102694,138,56,230,144,existing,943.1858138858713,138,56,230,98,allocated,722.0873631577788,138,63,230,193,existing,1038.3792341102694,138,64,230,323,existing,1065.251560283469,138,65,230,315,existing,1178.726556347884,138,67,230,126,existing,2379.8041540059558,138,74,230,26,existing,2814.433323876746,138,66,230,126,existing,2379.8041540059558,138,68,230,278,existing,2540.06960566613,138,72,230,26,existing,2814.433323876746,138,75,230,26,existing,2814.433323876746,138,73,230,26,existing,2814.433323876746
139,139,58,236,126,existing,412.88952444670247,139,58,236,180,existing,431.2528000382016,139,58,236,300,allocated,336.6603401743836,139,67,236,126,existing,412.88952444670247,139,66,236,126,existing,412.88952444670247,139,72,236,26,existing,765.3577235177877,139,68,236,278,existing,570.7800137020986,139,71,236,26,existing,765.3577235177877,139,73,236,26,existing,765.3577235177877,139,74,236,26,existing,765.3577235177877,139,75,236,26,existing,765.3577235177877,139,69,236,279,existing,1015.977883802024,139,78,236,318,existing,1032.5964733134363
140,140,57,237,193,existing,249.9472879268066,140,57,237,252,existing,382.2488709057919,140,57,237,323,allocated,223.07496175360703,140,64,237,323,existing,223.07496175360703,140,63,237,193,existing,249.9472879268066,140,67,237,126,existing,1468.491572547542,140,65,237,315,existing,336.5499578180222,140,74,237,26,existing,1948.4087095996645,140,68,237,278,existing,1674.0449913890486,140,66,237,126,existing,1468.491572547542,140,73,237,26,existing,1948.4087095996645,140,71,237,26,existing,1948.4087095996645,140,72,237,26,existing,1948.4087095996645
141,141,61,240,26,existing,333.08735787265124,141,61,240,180,existing,308.2822438613965,141,61,240,27,allocated,140.91788366343454,141,74,240,26,existing,333.08735787265124,141,72,240,26,existing,333.08735787265124,141,75,240,26,existing,333.08735787265124,141,73,240,26,existing,333.08735787265124,141,71,240,26,existing,333.08735787265124,141,78,240,318,existing,345.3676119471569,141,77,240,318,existing,345.3676119471569,141,76,240,318,existing,345.3676119471569,141,68,240,278,existing,827.2138634630905,141,67,240,126,existing,1044.281976122971
142,142,54,242,318,existing,954.4499713457669,142,54,242,147,existing,312.60944196452306,142,54,242,166,allocated,187.44501631369087,142,76,242,318,existing,954.4499713457669,142,77,242,318,existing,954.4499713457669,142,73,242,26,existing,1221.688721141416,142,78,242,318,existing,954.4499713457669,142,71,242,26,existing,1221.688721141416,142,72,242,26,existing,1221.688721141416,142,74,242,26,existing,1221.688721141416,142,75,242,26,existing,1221.688721141416,142,67,242,126,existing,1932.8833393917353,142,68,242,278,existing,1715.815226731855
143,143,55,243,193,existing,401.00747971508906,143,55,243,252,existing,533.3090626940743,143,55,243,243,allocated,0.0,143,63,243,193,existing,401.00747971508906,143,64,243,323,existing,427.8798058882887,143,67,243,126,existing,1748.1656320743696,143,65,243,315,existing,541.3548019527038,143,75,243,26,existing,2182.79480194516,143,68,243,278,existing,1908.4310837345442,143,66,243,126,existing,1748.1656320743696,143,74,243,26,existing,2182.79480194516,143,72,243,26,existing,2182.79480194516,143,73,243,26,existing,2182.79480194516
144,144,58,244,126,existing,961.0104867974509,144,58,244,180,existing,611.6761197443341,144,58,244,300,allocated,706.2685796081521,144,67,244,126,existing,961.0104867974509,144,66,244,126,existing,961.0104867974509,144,76,244,318,existing,968.0416188336362,144,77,244,318,existing,968.0416188336362,144,78,244,318,existing,968.0416188336362,144,72,244,26,existing,991.0821353882561,144,73,244,26,existing,991.0821353882561,144,74,244,26,existing,991.0821353882561,144,75,244,26,existing,991.0821353882561,144,71,244,26,existing,991.0821353882561
145,145,58,245,126,existing,948.1674756253738,145,58,245,180,existing,598.8331085722571,145,58,245,300,allocated,693.4255684360751,145,67,245,126,existing,948.1674756253738,145,66,245,126,existing,948.1674756253738,145,76,245,318,existing,955.1986076615592,145,77,245,318,existing,955.1986076615592,145,78,245,318,existing,955.1986076615592,145,73,245,26,existing,978.2391242161791,145,74,245,26,existing,978.2391242161791,145,75,245,26,existing,978.2391242161791,145,71,245,26,existing,978.2391242161791,145,72,245,26,existing,978.2391242161791
146,146,58,246,126,existing,536.9576045697472,146,58,246,95,existing,566.8842761024835,146,58,246,277,allocated,467.4539129226379,146,67,246,126,existing,536.9576045697472,146,66,246,126,existing,536.9576045697472,146,71,246,26,existing,971.5867744405375,146,68,246,278,existing,697.2230562299217,146,74,246,26,existing,971.5867744405375,146,73,246,26,existing,971.5867744405375,146,72,246,26,existing,971.5867744405375,146,75,246,26,existing,971.5867744405375,146,76,246,318,existing,1000.4652331691618,146,78,246,318,existing,1000.4652331691618
147,147,59,247,126,existing,460.66838969903176,147,59,247,95,existing,490.595061231768,147,59,247,277,allocated,391.1646980519225,147,67,247,126,existing,460.66838969903176,147,66,247,126,existing,460.66838969903176,147,74,247,26,existing,895.297559569822,147,68,247,278,existing,620.9338413592062,147,71,247,26,existing,895.297559569822,147,73,247,26,existing,895.297559569822,147,75,247,26,existing,895.297559569822,147,72,247,26,existing,895.297559569822,147,69,247,279,existing,1063.7567490543533,147,76,247,318,existing,1076.7544480398772
148,148,55,252,193,existing,132.30158297898527,148,55,252,252,existing,0.0,148,55,252,335,allocated,103.7684189362056,148,63,252,193,existing,132.30158297898527,148,64,252,323,existing,159.17390915218485,148,65,252,315,existing,272.64890521660004,148,66,252,126,existing,1214.8565693802952,148,74,252,26,existing,1649.4857392510855,148,68,252,278,existing,1375.1220210404697,148,67,252,126,existing,1214.8565693802952,148,75,252,26,existing,1649.4857392510855,148,72,252,26,existing,1649.4857392510855,148,71,252,26,existing,1649.4857392510855
149,149,62,253,318,existing,850.5604893321706,149,62,253,147,existing,208.71995995092672,149,62,253,166,allocated,291.3344983272872,149,76,253,318,existing,850.5604893321706,149,77,253,318,existing,850.5604893321706,149,78,253,318,existing,850.5604893321706,149,74,253,26,existing,1117.7992391278194,149,71,253,26,existing,1117.7992391278194,149,72,253,26,existing,1117.7992391278194,149,73,253,26,existing,1117.7992391278194,149,75,253,26,existing,1117.7992391278194,149,68,253,278,existing,1611.9257447182586,149,66,253,126,existing,1828.9938573781387
150,150,62,254,318,existing,886.9224472275304,150,62,254,147,existing,163.69896651748388,150,62,254,161,allocated,307.09756545479036,150,76,254,318,existing,886.9224472275304,150,77,254,318,existing,886.9224472275304,150,78,254,318,existing,886.9224472275304,150,73,254,26,existing,1154.1611970231793,150,74,254,26,existing,1154.1611970231793,150,71,254,26,existing,1154.1611970231793,150,72,254,26,existing,1154.1611970231793,150,75,254,26,existing,1154.1611970231793,150,68,254,278,existing,1648.2877026136184,150,66,254,126,existing,1865.3558152734986
151,151,62,255,318,existing,519.3679313161944,151,62,255,180,existing,458.28665723083793,151,62,255,282,allocated,419.77746463597583,151,78,255,318,existing,519.3679313161944,151,77,255,318,existing,519.3679313161944,151,73,255,26,existing,784.3888810865152,151,76,255,318,existing,519.3679313161944,151,71,255,26,existing,784.3888810865152,151,72,255,26,existing,784.3888810865152,151,74,255,26,existing,784.3888810865152,151,75,255,26,existing,784.3888810865152,151,68,255,278,existing,1278.5153866769544,151,67,255,126,existing,1297.9811831156173
152,152,54,256,318,existing,586.3605347957408,152,54,256,180,existing,391.2940537512915,152,54,256,300,allocated,485.8865136151095,152,78,256,318,existing,586.3605347957408,152,77,256,318,existing,586.3605347957408,152,76,256,318,existing,586.3605347957408,152,73,256,26,existing,770.7000693952135,152,75,256,26,existing,770.7000693952135,152,72,256,26,existing,770.7000693952135,152,74,256,26,existing,770.7000693952135,152,71,256,26,existing,770.7000693952135,152,66,256,126,existing,1230.9885796360709,152,67,256,126,existing,1230.9885796360709
153,153,56,259,193,existing,212.6424692457964,153,56,259,252,existing,344.9440522247817,153,56,259,324,allocated,167.38941431965623,153,65,259,315,existing,72.29514700818156,153,64,259,323,existing,185.7701430725968,153,66,259,126,existing,1509.841296576073,153,63,259,193,existing,212.6424692457964,153,75,259,26,existing,1988.4708304934225,153,68,259,278,existing,1714.1071122828066,153,67,259,126,existing,1509.841296576073,153,73,259,26,existing,1988.4708304934225,153,71,259,26,existing,1988.4708304934225,153,72,259,26,existing,1988.4708304934225
154,154,62,260,318,existing,696.8112858920471,154,62,260,180,existing,464.80985540087613,154,62,260,300,allocated,559.4023152646942,154,76,260,318,existing,696.8112858920471,154,77,260,318,existing,696.8112858920471,154,73,260,26,existing,844.2158710447982,154,78,260,318,existing,696.8112858920471,154,71,260,26,existing,844.2158710447982,154,72,260,26,existing,844.2158710447982,154,74,260,26,existing,844.2158710447982,154,75,260,26,existing,844.2158710447982,154,67,260,126,existing,1155.7024189682486,154,66,260,126,existing,1155.7024189682486
155,155,54,261,318,existing,751.5115768894217,155,54,261,180,existing,410.1095644035015,155,54,261,300,allocated,504.70202426731953,155,76,261,318,existing,751.5115768894217,155,77,261,318,existing,751.5115768894217,155,78,261,318,existing,751.5115768894217,155,71,261,26,existing,789.5155800474236,155,74,261,26,existing,789.5155800474236,155,72,261,26,existing,789.5155800474236,155,73,261,26,existing,789.5155800474236,155,75,261,26,existing,789.5155800474236,155,67,261,126,existing,1101.002127970874,155,66,261,126,existing,1101.002127970874
156,156,61,262,26,existing,605.7187686520017,156,61,262,180,existing,129.72436631129295,156,61,262,300,allocated,35.13190644747496,156,74,262,26,existing,605.7187686520017,156,72,262,26,existing,605.7187686520017,156,75,262,26,existing,605.7187686520017,156,73,262,26,existing,605.7187686520017,156,66,262,126,existing,714.4179581736112,156,67,262,126,existing,714.4179581736112,156,78,262,318,existing,783.3742221198464,156,71,262,26,existing,605.7187686520017,156,77,262,318,existing,783.3742221198464,156,76,262,318,existing,783.3742221198464
157,157,58,267,126,existing,938.2324730585556,157,58,267,180,existing,588.8981060054389,157,58,267,300,allocated,683.4905658692569,157,67,267,126,existing,938.2324730585556,157,66,267,126,existing,938.2324730585556,157,78,267,318,existing,945.263605094741,157,76,267,318,existing,945.263605094741,157,72,267,26,existing,968.3041216493609,157,77,267,318,existing,945.263605094741,157,73,267,26,existing,968.3041216493609,157,71,267,26,existing,968.3041216493609,157,74,267,26,existing,968.3041216493609,157,75,267,26,existing,968.3041216493609
158,158,58,268,126,existing,757.727710031812,158,58,268,180,existing,550.3677710493732,158,58,268,300,allocated,644.9602309131913,158,67,268,126,existing,757.727710031812,158,66,268,126,existing,757.727710031812,158,78,268,318,existing,906.7332701386754,158,76,268,318,existing,906.7332701386754,158,68,268,278,existing,917.9931616919864,158,71,268,26,existing,929.7737866932953,158,74,268,26,existing,929.7737866932953,158,77,268,318,existing,906.7332701386754,158,72,268,26,existing,929.7737866932953,158,75,268,26,existing,929.7737866932953
159,159,59,269,126,existing,1027.3796556859352,159,59,269,180,existing,678.0452886328184,159,59,269,300,allocated,772.6377484966364,159,67,269,126,existing,1027.3796556859352,159,66,269,126,existing,1027.3796556859352,159,78,269,318,existing,1034.4107877221204,159,76,269,318,existing,1034.4107877221204,159,77,269,318,existing,1034.4107877221204,159,72,269,26,existing,1057.4513042767403,159,73,269,26,existing,1057.4513042767403,159,74,269,26,existing,1057.4513042767403,159,71,269,26,existing,1057.4513042767403,159,75,269,26,existing,1057.4513042767403
160,160,59,270,126,existing,969.9532819605308,160,59,270,180,existing,620.618914907414,160,59,270,300,allocated,715.211374771232,160,67,270,126,existing,969.9532819605308,160,66,270,126,existing,969.9532819605308,160,76,270,318,existing,976.9844139967162,160,77,270,318,existing,976.9844139967162,160,72,270,26,existing,1000.0249305513361,160,78,270,318,existing,976.9844139967162,160,71,270,26,existing,1000.0249305513361,160,73,270,26,existing,1000.0249305513361,160,74,270,26,existing,1000.0249305513361,160,75,270,26,existing,1000.0249305513361
161,161,54,271,318,existing,719.3669952853693,161,54,271,147,existing,339.91345399772797,161,54,271,29,allocated,224.12193728798886,161,78,271,318,existing,719.3669952853693,161,77,271,318,existing,719.3669952853693,161,73,271,26,existing,986.6057450810181,161,76,271,318,existing,719.3669952853693,161,71,271,26,existing,986.6057450810181,161,72,271,26,existing,986.6057450810181,161,74,271,26,existing,986.6057450810181,161,75,271,26,existing,986.6057450810181,161,66,271,126,existing,1697.8003633313376,161,68,271,278,existing,1480.7322506714572
162,162,62,272,318,existing,752.2087720855156,162,62,272,147,existing,307.07167719758166,162,62,272,29,allocated,256.9637140881352,162,76,272,318,existing,752.2087720855156,162,77,272,318,existing,752.2087720855156,162,73,272,26,existing,1019.4475218811644,162,78,272,318,existing,752.2087720855156,162,71,272,26,existing,1019.4475218811644,162,72,272,26,existing,1019.4475218811644,162,74,272,26,existing,1019.4475218811644,162,75,272,26,existing,1019.4475218811644,162,68,272,278,existing,1513.5740274716036,162,66,272,126,existing,1730.642140131484
163,163,54,273,318,existing,485.13343777888826,163,54,273,180,existing,756.5520691815627,163,54,273,282,allocated,385.5429710986698,163,78,273,318,existing,485.13343777888826,163,77,273,318,existing,485.13343777888826,163,73,273,26,existing,750.1543875492091,163,76,273,318,existing,485.13343777888826,163,71,273,26,existing,750.1543875492091,163,72,273,26,existing,750.1543875492091,163,74,273,26,existing,750.1543875492091,163,75,273,26,existing,750.1543875492091,163,68,273,278,existing,1244.2808931396485,163,67,273,126,existing,1461.3490057995289
164,164,54,274,318,existing,530.3528015775187,164,54,274,180,existing,801.7714329801931,164,54,274,282,allocated,430.76233489730015,164,76,274,318,existing,530.3528015775187,164,77,274,318,existing,530.3528015775187,164,73,274,26,existing,795.3737513478395,164,78,274,318,existing,530.3528015775187,164,71,274,26,existing,795.3737513478395,164,72,274,26,existing,795.3737513478395,164,74,274,26,existing,795.3737513478395,164,75,274,26,existing,795.3737513478395,164,66,274,126,existing,1506.5683695981593,164,68,274,278,existing,1289.5002569382787
165,165,57,275,193,existing,874.856741662941,165,57,275,144,existing,779.6633214385428,165,57,275,209,allocated,502.62167869509346,165,63,275,193,existing,874.856741662941,165,64,275,323,existing,901.7290678361405,165,66,275,126,existing,2216.281661558627,165,65,275,315,existing,1015.2040639005558,165,74,275,26,existing,2650.9108314294176,165,68,275,278,existing,2376.5471132188018,165,67,275,126,existing,2216.281661558627,165,72,275,26,existing,2650.9108314294176,165,73,275,26,existing,2650.9108314294176,165,75,275,26,existing,2650.9108314294176
166,166,54,276,318,existing,807.2255528370986,166,54,276,147,existing,84.00207212705206,166,54,276,161,allocated,227.40067106435856,166,78,276,318,existing,807.2255528370986,166,77,276,318,existing,807.2255528370986,166,73,276,26,existing,1074.4643026327474,166,76,276,318,existing,807.2255528370986,166,71,276,26,existing,1074.4643026327474,166,72,276,26,existing,1074.4643026327474,166,74,276,26,existing,1074.4643026327474,166,75,276,26,existing,1074.4643026327474,166,68,276,278,existing,1568.5908082231867,166,67,276,126,existing,1785.658920883067
167,167,54,280,318,existing,19.083326095071953,167,54,280,180,existing,636.8716743396874,167,54,280,280,allocated,0.0,167,77,280,318,existing,19.083326095071953,167,76,280,318,existing,19.083326095071953,167,72,280,26,existing,248.15542370057682,167,78,280,318,existing,19.083326095071953,167,71,280,26,existing,248.15542370057682,167,73,280,26,existing,248.15542370057682,167,75,280,26,existing,248.15542370057682,167,74,280,26,existing,248.15542370057682,167,68,280,278,existing,742.2819292910161,167,67,280,126,existing,959.3500419508964
168,168,61,281,26,existing,533.990596093449,168,61,281,180,existing,299.9487734229291,168,61,281,349,allocated,187.72759236699653,168,75,281,26,existing,533.990596093449,168,71,281,26,existing,533.990596093449,168,73,281,26,existing,533.990596093449,168,72,281,26,existing,533.990596093449,168,74,281,26,existing,533.990596093449,168,66,281,126,existing,725.8638138534457,168,68,281,278,existing,614.6753975753207,168,67,281,126,existing,725.8638138534457,168,76,281,318,existing,794.9086866656752,168,77,281,318,existing,794.9086866656752
169,169,54,282,318,existing,99.59046668021848,169,54,282,180,existing,554.0593891283349,169,54,282,282,allocated,0.0,169,78,282,318,existing,99.59046668021848,169,76,282,318,existing,99.59046668021848,169,75,282,26,existing,366.82921647586727,169,77,282,318,existing,99.59046668021848,169,72,282,26,existing,366.82921647586727,169,73,282,26,existing,366.82921647586727,169,71,282,26,existing,366.82921647586727,169,74,282,26,existing,366.82921647586727,169,66,282,126,existing,1078.0238347261868,169,68,282,278,existing,860.9557220663065
170,170,54,283,318,existing,182.90996584883246,170,54,283,180,existing,470.7398899597209,170,54,283,282,allocated,83.31949916861397,170,77,283,318,existing,182.90996584883246,170,76,283,318,existing,182.90996584883246,170,75,283,26,existing,447.9309156191533,170,78,283,318,existing,182.90996584883246,170,72,283,26,existing,447.9309156191533,170,73,283,26,existing,447.9309156191533,170,71,283,26,existing,447.9309156191533,170,74,283,26,existing,447.9309156191533,170,66,283,126,existing,1159.125533869473,170,68,283,278,existing,942.0574212095926
171,171,59,284,126,existing,658.278997739727,171,59,284,95,existing,214.09510197232314,171,59,284,277,allocated,132.4124912810397,171,67,284,126,existing,658.278997739727,171,66,284,126,existing,658.278997739727,171,64,284,323,existing,865.3894465862885,171,68,284,278,existing,862.5448134464608,171,65,284,315,existing,978.8644426507037,171,71,284,26,existing,1136.9085316570768,171,63,284,193,existing,892.261772759488,171,73,284,26,existing,1136.9085316570768,171,75,284,26,existing,1136.9085316570768,171,74,284,26,existing,1136.9085316570768
172,172,57,285,193,existing,306.95473874588725,172,57,285,252,existing,439.25632172487246,172,57,285,324,allocated,261.7016838197471,172,65,285,315,existing,166.60741650827242,172,64,285,323,existing,280.08241257268764,172,67,285,126,existing,1604.153566076164,172,63,285,193,existing,306.95473874588725,172,68,285,278,existing,1808.4193817828975,172,73,285,26,existing,2082.783099993513,172,66,285,126,existing,1604.153566076164,172,71,285,26,existing,2082.783099993513,172,75,285,26,existing,2082.783099993513,172,72,285,26,existing,2082.783099993513
173,173,57,287,193,existing,666.0162798818981,173,57,287,144,existing,688.0600734871574,173,57,287,209,allocated,422.68870357343627,173,63,287,193,existing,666.0162798818981,173,64,287,323,existing,692.8886060550976,173,65,287,315,existing,806.363602119513,173,67,287,126,existing,2013.1744322411787,173,66,287,126,existing,2013.1744322411787,173,71,287,26,existing,2447.8036021119688,173,72,287,26,existing,2447.8036021119688,173,68,287,278,existing,2173.439883901353,173,75,287,26,existing,2447.8036021119688,173,74,287,26,existing,2447.8036021119688
174,174,55,288,193,existing,744.6613102102957,174,55,288,144,existing,766.705103815555,174,55,288,209,allocated,344.0436732450386,174,63,288,193,existing,744.6613102102957,174,64,288,323,existing,771.5336363834953,174,65,288,315,existing,885.0086324479105,174,67,288,126,existing,2091.8194625695764,174,68,288,278,existing,2252.0849142297507,174,75,288,26,existing,2526.4486324403665,174,66,288,126,existing,2091.8194625695764,174,72,288,26,existing,2526.4486324403665,174,71,288,26,existing,2526.4486324403665,174,73,288,26,existing,2526.4486324403665
175,175,54,289,318,existing,674.0857734089961,175,54,289,180,existing,317.720274319694,175,54,289,300,allocated,412.312734183512,175,78,289,318,existing,674.0857734089961,175,77,289,318,existing,674.0857734089961,175,73,289,26,existing,697.126289963616,175,76,289,318,existing,674.0857734089961,175,71,289,26,existing,697.126289963616,175,72,289,26,existing,697.126289963616,175,74,289,26,existing,697.126289963616,175,75,289,26,existing,697.126289963616,175,67,289,126,existing,1008.6128378870665,175,66,289,126,existing,1008.6128378870665
176,176,57,290,193,existing,553.9966914845411,176,57,290,252,existing,424.32403410109464,176,57,290,164,allocated,293.35722629386703,176,64,290,323,existing,527.1243653113415,176,63,290,193,existing,553.9966914845411,176,66,290,126,existing,1162.3755934650326,176,65,290,315,existing,640.5993613757569,176,71,290,26,existing,1642.2927305171547,176,67,290,126,existing,1162.3755934650326,176,68,290,278,existing,1367.9290123065389,176,73,290,26,existing,1642.2927305171547,176,72,290,26,existing,1642.2927305171547,176,75,290,26,existing,1642.2927305171547
177,177,56,293,193,existing,498.72482977001346,177,56,293,252,existing,366.4232467910282,177,56,293,335,allocated,470.1916657272338,177,63,293,193,existing,498.72482977001346,177,64,293,323,existing,525.5971559432131,177,65,293,315,existing,639.0721520076283,177,66,293,126,existing,1421.5608324955615,177,75,293,26,existing,1856.1900023663518,177,67,293,126,existing,1421.5608324955615,177,73,293,26,existing,1856.1900023663518,177,68,293,278,existing,1581.826284155736,177,74,293,26,existing,1856.1900023663518,177,72,293,26,existing,1856.1900023663518
178,178,57,294,193,existing,463.28028076464494,178,57,294,252,existing,330.9786977856597,178,57,294,335,allocated,434.74711672186527,178,63,294,193,existing,463.28028076464494,178,64,294,323,existing,490.15260693784455,178,65,294,315,existing,603.6276030022598,178,66,294,126,existing,1386.116283490193,178,68,294,278,existing,1546.3817351503674,178,71,294,26,existing,1820.7454533609832,178,67,294,126,existing,1386.116283490193,178,74,294,26,existing,1820.7454533609832,178,72,294,26,existing,1820.7454533609832,178,75,294,26,existing,1820.7454533609832
179,179,56,295,193,existing,1111.5963219952491,179,56,295,144,existing,1016.4029017708509,179,56,295,98,allocated,795.3044510427584,179,63,295,193,existing,1111.5963219952491,179,64,295,323,existing,1138.4686481684485,179,67,295,126,existing,2453.021241890935,179,65,295,315,existing,1251.9436442328636,179,66,295,126,existing,2453.021241890935,179,74,295,26,existing,2887.650411761725,179,72,295,26,existing,2887.650411761725,179,68,295,278,existing,2613.2866935511092,179,75,295,26,existing,2887.650411761725,179,73,295,26,existing,2887.650411761725
180,180,61,296,26,existing,617.5978390153141,180,61,296,180,existing,238.191823371392,180,61,296,300,allocated,200.04504438416907,180,75,296,26,existing,617.5978390153141,180,71,296,26,existing,617.5978390153141,180,73,296,26,existing,617.5978390153141,180,72,296,26,existing,617.5978390153141,180,74,296,26,existing,617.5978390153141,180,76,296,318,existing,627.0302174762325,180,78,296,318,existing,627.0302174762325,180,77,296,318,existing,627.0302174762325,180,67,296,126,existing,879.3310961103052,180,66,296,126,existing,879.3310961103052
181,181,55,301,193,existing,513.4917334354136,181,55,301,144,existing,159.42837971663954,181,55,301,98,allocated,164.68396913727776,181,63,301,193,existing,513.4917334354136,181,64,301,323,existing,540.3640596086132,181,67,301,126,existing,1595.9463251840973,181,65,301,315,existing,653.8390556730285,181,75,301,26,existing,2030.5754950548876,181,66,301,126,existing,1595.9463251840973,181,74,301,26,existing,2030.5754950548876,181,68,301,278,existing,1756.2117768442718,181,71,301,26,existing,2030.5754950548876,181,73,301,26,existing,2030.5754950548876
182,182,62,302,318,existing,645.3455369127498,182,62,302,180,existing,332.30905163428247,182,62,302,300,allocated,426.9015114981005,182,78,302,318,existing,645.3455369127498,182,77,302,318,existing,645.3455369127498,182,73,302,26,existing,711.7150672782045,182,76,302,318,existing,645.3455369127498,182,71,302,26,existing,711.7150672782045,182,72,302,26,existing,711.7150672782045,182,74,302,26,existing,711.7150672782045,182,75,302,26,existing,711.7150672782045,182,67,302,126,existing,1172.0035775190618,182,66,302,126,existing,1172.0035775190618
183,183,55,303,193,existing,464.0697648155363,183,55,303,144,existing,290.20240557190755,183,55,303,98,allocated,295.45799499254576,183,63,303,193,existing,464.0697648155363,183,64,303,323,existing,490.9420909887359,183,67,303,126,existing,1465.1722993288292,183,65,303,315,existing,604.4170870531511,183,68,303,278,existing,1625.4377509890037,183,73,303,26,existing,1899.8014691996195,183,66,303,126,existing,1465.1722993288292,183,74,303,26,existing,1899.8014691996195,183,75,303,26,existing,1899.8014691996195,183,71,303,26,existing,1899.8014691996195
184,184,55,304,193,existing,710.807814183981,184,55,304,144,existing,615.6143939595829,184,55,304,98,allocated,394.5159432314904,184,63,304,193,existing,710.807814183981,184,64,304,323,existing,737.6801403571806,184,66,304,126,existing,2052.232734079667,184,65,304,315,existing,851.1551364215959,184,71,304,26,existing,2486.8619039504574,184,68,304,278,existing,2212.4981857398416,184,67,304,126,existing,2052.232734079667,184,73,304,26,existing,2486.8619039504574,184,74,304,26,existing,2486.8619039504574,184,75,304,26,existing,2486.8619039504574
185,185,57,305,193,existing,582.3027028911191,185,57,305,144,existing,487.10928266672096,185,57,305,98,allocated,266.0108319386285,185,63,305,193,existing,582.3027028911191,185,64,305,323,existing,609.1750290643187,185,65,305,315,existing,722.6500251287339,185,67,305,126,existing,1923.7276227868051,185,66,305,126,existing,1923.7276227868051,185,72,305,26,existing,2358.356792657595,185,68,305,278,existing,2083.9930744469793,185,74,305,26,existing,2358.356792657595,185,75,305,26,existing,2358.356792657595,185,73,305,26,existing,2358.356792657595
186,186,56,308,193,existing,582.5711879520105,186,56,308,144,existing,228.50783423323642,186,56,308,98,allocated,233.76342365387464,186,63,308,193,existing,582.5711879520105,186,64,308,323,existing,609.4435141252101,186,66,308,126,existing,1665.025779700694,186,65,308,315,existing,722.9185101896253,186,75,308,26,existing,2099.6549495714844,186,67,308,126,existing,1665.025779700694,186,74,308,26,existing,2099.6549495714844,186,68,308,278,existing,1825.2912313608686,186,71,308,26,existing,2099.6549495714844,186,73,308,26,existing,2099.6549495714844
187,187,57,309,193,existing,759.8774151638056,187,57,309,144,existing,664.6839949394075,187,57,309,98,allocated,443.585544211315,187,63,309,193,existing,759.8774151638056,187,64,309,323,existing,786.7497413370052,187,67,309,126,existing,2101.3023350594917,187,65,309,315,existing,900.2247374014205,187,66,309,126,existing,2101.3023350594917,187,68,309,278,existing,2261.567786719666,187,74,309,26,existing,2535.931504930282,187,72,309,26,existing,2535.931504930282,187,71,309,26,existing,2535.931504930282,187,75,309,26,existing,2535.931504930282
188,188,57,310,193,existing,595.5933563951214,188,57,310,144,existing,450.3405263401154,188,57,310,98,allocated,437.71619922303125,188,63,310,193,existing,595.5933563951214,188,64,310,323,existing,622.465682568321,188,65,310,315,existing,735.9406786327363,188,66,310,126,existing,1518.4293591206695,188,68,310,278,existing,1678.694810780844,188,72,310,26,existing,1953.0585289914598,188,67,310,126,existing,1518.4293591206695,188,75,310,26,existing,1953.0585289914598,188,74,310,26,existing,1953.0585289914598,188,71,310,26,existing,1953.0585289914598
189,189,62,311,318,existing,774.7101670857322,189,62,311,180,existing,542.7087365945613,189,62,311,300,allocated,637.3011964583793,189,76,311,318,existing,774.7101670857322,189,77,311,318,existing,774.7101670857322,189,78,311,318,existing,774.7101670857322,189,71,311,26,existing,922.1147522384833,189,74,311,26,existing,922.1147522384833,189,72,311,26,existing,922.1147522384833,189,73,311,26,existing,922.1147522384833,189,75,311,26,existing,922.1147522384833,189,67,311,126,existing,1233.6013001619338,189,66,311,126,existing,1233.6013001619338
190,190,57,312,193,existing,856.2529634141046,190,57,312,144,existing,761.0595431897065,190,57,312,98,allocated,539.9610924616139,190,63,312,193,existing,856.2529634141046,190,64,312,323,existing,883.1252895873041,190,67,312,126,existing,2197.6778833097906,190,65,312,315,existing,996.6002856517193,190,68,312,278,existing,2357.943334969965,190,73,312,26,existing,2632.3070531805806,190,74,312,26,existing,2632.3070531805806,190,66,312,126,existing,2197.6778833097906,190,71,312,26,existing,2632.3070531805806,190,75,312,26,existing,2632.3070531805806
191,191,59,314,126,existing,613.1160552944175,191,59,314,180,existing,567.9412833551894,191,59,314,277,allocated,543.6123636473083,191,67,314,126,existing,613.1160552944175,191,66,314,126,existing,613.1160552944175,191,78,314,318,existing,924.3067824444915,191,68,314,278,existing,773.3815069545919,191,76,314,318,existing,924.3067824444915,191,77,314,318,existing,924.3067824444915,191,71,314,26,existing,947.3472989991114,191,73,314,26,existing,947.3472989991114,191,72,314,26,existing,947.3472989991114,191,74,314,26,existing,947.3472989991114
192,192,56,315,193,existing,140.34732223761483,192,56,315,252,existing,272.64890521660004,192,56,315,324,allocated,95.09426731147465,192,65,315,315,existing,0.0,192,64,315,323,existing,113.47499606441522,192,63,315,193,existing,140.34732223761483,192,67,315,126,existing,1437.5461495678915,192,68,315,278,existing,1641.811965274625,192,74,315,26,existing,1916.1756834852408,192,66,315,126,existing,1437.5461495678915,192,75,315,26,existing,1916.1756834852408,192,72,315,26,existing,1916.1756834852408,192,71,315,26,existing,1916.1756834852408
193,193,54,316,318,existing,601.4478866304194,193,54,316,180,existing,245.0823875411172,193,54,316,300,allocated,339.67484740493524,193,78,316,318,existing,601.4478866304194,193,77,316,318,existing,601.4478866304194,193,73,316,26,existing,624.4884031850393,193,76,316,318,existing,601.4478866304194,193,71,316,26,existing,624.4884031850393,193,72,316,26,existing,624.4884031850393,193,74,316,26,existing,624.4884031850393,193,75,316,26,existing,624.4884031850393,193,67,316,126,existing,935.9749511084897,193,66,316,126,existing,935.9749511084897
194,194,54,322,318,existing,827.5020218572619,194,54,322,147,existing,477.33316900644365,194,54,322,166,allocated,92.43494368208522,194,76,322,318,existing,827.5020218572619,194,77,322,318,existing,827.5020218572619,194,73,322,26,existing,1094.7407716529108,194,78,322,318,existing,827.5020218572619,194,71,322,26,existing,1094.7407716529108,194,72,322,26,existing,1094.7407716529108,194,74,322,26,existing,1094.7407716529108,194,75,322,26,existing,1094.7407716529108,194,66,322,126,existing,1805.9353899032303,194,68,322,278,existing,1588.86727724335
195,195,57,324,193,existing,45.253054926140166,195,57,324,252,existing,177.55463790512542,195,57,324,324,allocated,0.0,195,64,324,323,existing,18.380728752940573,195,63,324,193,existing,45.253054926140166,195,67,324,126,existing,1342.4518822564169,195,65,324,315,existing,95.09426731147465,195,73,324,26,existing,1821.0814161737662,195,74,324,26,existing,1821.0814161737662,195,68,324,278,existing,1546.7176979631504,195,66,324,126,existing,1342.4518822564169,195,71,324,26,existing,1821.0814161737662,195,72,324,26,existing,1821.0814161737662
196,196,54,332,318,existing,450.3129805122041,196,54,332,147,existing,481.62880234180045,196,54,332,167,allocated,20.357078944926904,196,77,332,318,existing,450.3129805122041,196,76,332,318,existing,450.3129805122041,196,75,332,26,existing,717.551730307853,196,78,332,318,existing,450.3129805122041,196,72,332,26,existing,717.551730307853,196,73,332,26,existing,717.551730307853,196,71,332,26,existing,717.551730307853,196,74,332,26,existing,717.551730307853,196,66,332,126,existing,1428.7463485581725,196,68,332,278,existing,1211.678235898292
197,197,57,335,193,existing,236.07000191519086,197,57,335,252,existing,103.7684189362056,197,57,335,335,allocated,0.0,197,63,335,193,existing,236.07000191519086,197,64,335,323,existing,260.9655278884965,197,66,335,126,existing,1111.0881504440897,197,65,335,315,existing,374.44052395291175,197,74,335,26,existing,1545.71732031488,197,68,335,278,existing,1271.3536021042642,197,67,335,126,existing,1111.0881504440897,197,71,335,26,existing,1545.71732031488,197,73,335,26,existing,1545.71732031488,197,72,335,26,existing,1545.71732031488
198,198,61,337,26,existing,419.8941053912876,198,61,337,180,existing,373.8629559115719,198,61,337,349,allocated,73.63110166483516,198,74,337,26,existing,419.8941053912876,198,72,337,26,existing,419.8941053912876,198,73,337,26,existing,419.8941053912876,198,71,337,26,existing,419.8941053912876,198,68,337,278,existing,500.5789068731593,198,75,337,26,existing,419.8941053912876,198,76,337,318,existing,680.8121959635139,198,78,337,318,existing,680.8121959635139,198,67,337,126,existing,715.6785350321902,198,77,337,318,existing,680.8121959635139
199,199,57,340,193,existing,614.2933429065564,199,57,340,252,existing,746.5949258855417,199,57,340,243,allocated,214.15808436110905,199,64,340,323,existing,587.4210167333569,199,63,340,193,existing,614.2933429065564,199,65,340,315,existing,664.1345552918908,199,67,340,126,existing,1911.492170236833,199,71,340,26,existing,2390.121704154182,199,68,340,278,existing,2115.7579859435664,199,73,340,26,existing,2390.121704154182,199,66,340,126,existing,1911.492170236833,199,72,340,26,existing,2390.121704154182,199,74,340,26,existing,2390.121704154182
200,200,55,343,193,existing,808.9141987914892,200,55,343,252,existing,941.2157817704745,200,55,343,107,allocated,110.36038918457783,200,65,343,315,existing,668.5668765538744,200,64,343,323,existing,782.0418726182896,200,63,343,193,existing,808.9141987914892,200,67,343,126,existing,2106.113026121766,200,68,343,278,existing,2310.3788418284994,200,66,343,126,existing,2106.113026121766,200,72,343,26,existing,2584.7425600391152,200,75,343,26,existing,2584.7425600391152,200,73,343,26,existing,2584.7425600391152,200,71,343,26,existing,2584.7425600391152
201,201,62,344,318,existing,811.5084160067834,201,62,344,147,existing,217.9252156657043,201,62,344,161,allocated,153.95178973615643,201,76,344,318,existing,811.5084160067834,201,77,344,318,existing,811.5084160067834,201,73,344,26,existing,1078.7471658024322,201,78,344,318,existing,811.5084160067834,201,71,344,26,existing,1078.7471658024322,201,72,344,26,existing,1078.7471658024322,201,74,344,26,existing,1078.7471658024322,201,75,344,26,existing,1078.7471658024322,201,67,344,126,existing,1789.9417840527517,201,68,344,278,existing,1572.8736713928715
202,202,58,347,126,existing,828.7149240671511,202,58,347,180,existing,479.38055701403425,202,58,347,300,allocated,573.9730168778523,202,67,347,126,existing,828.7149240671511,202,66,347,126,existing,828.7149240671511,202,76,347,318,existing,835.7460561033364,202,77,347,318,existing,835.7460561033364,202,78,347,318,existing,835.7460561033364,202,71,347,26,existing,858.7865726579563,202,73,347,26,existing,858.7865726579563,202,74,347,26,existing,858.7865726579563,202,75,347,26,existing,858.7865726579563,202,72,347,26,existing,858.7865726579563
203,203,55,348,193,existing,637.6883095341767,203,55,348,144,existing,542.4948893097785,203,55,348,98,allocated,321.3964385816861,203,63,348,193,existing,637.6883095341767,203,64,348,323,existing,664.5606357073763,203,66,348,126,existing,1979.1132294298627,203,65,348,315,existing,778.0356317717915,203,71,348,26,existing,2413.7423993006532,203,68,348,278,existing,2139.3786810900374,203,67,348,126,existing,1979.1132294298627,203,72,348,26,existing,2413.7423993006532,203,75,348,26,existing,2413.7423993006532,203,74,348,26,existing,2413.7423993006532
204,204,61,349,26,existing,346.26300372645244,204,61,349,180,existing,300.2318542467367,204,61,349,349,allocated,0.0,204,74,349,26,existing,346.26300372645244,204,72,349,26,existing,346.26300372645244,204,75,349,26,existing,346.26300372645244,204,73,349,26,existing,346.26300372645244,204,68,349,278,existing,574.2100085379944,204,76,349,318,existing,607.1810942986787,204,71,349,26,existing,346.26300372645244,204,78,349,318,existing,607.1810942986787,204,77,349,318,existing,607.1810942986787,204,66,349,126,existing,789.3096366970253
205,205,54,350,318,existing,759.0171541419245,205,54,350,180,existing,402.65165505262235,205,54,350,300,allocated,497.24411491644037,205,76,350,318,existing,759.0171541419245,205,77,350,318,existing,759.0171541419245,205,78,350,318,existing,759.0171541419245,205,67,350,126,existing,778.4056835969845,205,73,350,26,existing,782.0576706965444,205,66,350,126,existing,778.4056835969845,205,75,350,26,existing,782.0576706965444,205,71,350,26,existing,782.0576706965444,205,72,350,26,existing,782.0576706965444,205,74,350,26,existing,782.0576706965444
206,206,54,353,318,existing,200.32364073534188,206,54,353,180,existing,654.7925631834582,206,54,353,282,allocated,100.73317405512338,206,77,353,318,existing,200.32364073534188,206,78,353,318,existing,200.32364073534188,206,75,353,26,existing,467.5623905309907,206,76,353,318,existing,200.32364073534188,206,72,353,26,existing,467.5623905309907,206,74,353,26,existing,467.5623905309907,206,73,353,26,existing,467.5623905309907,206,71,353,26,existing,467.5623905309907,206,66,353,126,existing,1178.75700878131,206,68,353,278,existing,961.6888961214299
207,207,59,354,126,existing,1059.2217244785602,207,59,354,180,existing,792.3633321094653,207,59,354,300,allocated,886.9557919732833,207,66,354,126,existing,1059.2217244785602,207,67,354,126,existing,1059.2217244785602,207,78,354,318,existing,1148.7288311987675,207,77,354,318,existing,1148.7288311987675,207,76,354,318,existing,1148.7288311987675,207,72,354,26,existing,1171.7693477533874,207,71,354,26,existing,1171.7693477533874,207,73,354,26,existing,1171.7693477533874,207,74,354,26,existing,1171.7693477533874,207,75,354,26,existing,1171.7693477533874
208,208,58,355,126,existing,710.4219501501002,208,58,355,95,existing,161.9521495619499,208,58,355,95,allocated,161.9521495619499,208,67,355,126,existing,710.4219501501002,208,66,355,126,existing,710.4219501501002,208,64,355,323,existing,917.5323989966618,208,68,355,278,existing,914.687765856834,208,65,355,315,existing,1031.007395061077,208,73,355,26,existing,1189.0514840674498,208,71,355,26,existing,1189.0514840674498,208,63,355,193,existing,944.4047251698613,208,72,355,26,existing,1189.0514840674498,208,75,355,26,existing,1189.0514840674498
209,209,57,356,193,existing,497.2046407076026,209,57,356,144,existing,347.40127335687635,209,57,356,98,allocated,126.30282262878384,209,63,356,193,existing,497.2046407076026,209,64,356,323,existing,524.0769668808022,209,67,356,126,existing,1784.0196134769603,209,65,356,315,existing,637.5519629452174,209,66,356,126,existing,1784.0196134769603,209,73,356,26,existing,2218.648783347751,209,68,356,278,existing,1944.285065137135,209,74,356,26,existing,2218.648783347751,209,75,356,26,existing,2218.648783347751,209,71,356,26,existing,2218.648783347751
210,210,55,358,193,existing,653.8611452833527,210,55,358,144,existing,378.2262450757864,210,55,358,98,allocated,157.1277943476939,210,63,358,193,existing,653.8611452833527,210,64,358,323,existing,680.7334714565523,210,66,358,126,existing,1799.0177639960068,210,65,358,315,existing,794.2084675209676,210,68,358,278,existing,1959.2832156561813,210,75,358,26,existing,2233.646933866797,210,67,358,126,existing,1799.0177639960068,210,74,358,26,existing,2233.646933866797,210,71,358,26,existing,2233.646933866797,210,73,358,26,existing,2233.646933866797
211,211,62,359,318,existing,723.5365915914145,211,62,359,180,existing,367.1710925021124,211,62,359,300,allocated,461.7635523659304,211,76,359,318,existing,723.5365915914145,211,77,359,318,existing,723.5365915914145,211,73,359,26,existing,746.5771081460344,211,78,359,318,existing,723.5365915914145,211,71,359,26,existing,746.5771081460344,211,72,359,26,existing,746.5771081460344,211,74,359,26,existing,746.5771081460344,211,75,359,26,existing,746.5771081460344,211,67,359,126,existing,1058.0636560694848,211,66,359,126,existing,1058.0636560694848
212,212,59,360,126,existing,216.53079836295385,212,59,360,95,existing,840.5400648667141,212,59,360,360,allocated,0.0,212,66,360,126,existing,216.53079836295385,212,67,360,126,existing,216.53079836295385,212,69,360,279,existing,819.6191577182753,212,68,360,278,existing,433.59891102283416,212,73,360,26,existing,927.7254166132735,212,70,360,7,existing,911.0708833680873,212,71,360,26,existing,927.7254166132735,212,75,360,26,existing,927.7254166132735,212,74,360,26,existing,927.7254166132735,212,72,360,26,existing,927.7254166132735
213,213,55,361,193,existing,280.1073746839797,213,55,361,252,existing,147.80579170499442,213,55,361,335,allocated,251.5742106412,213,63,361,193,existing,280.1073746839797,213,64,361,323,existing,306.9797008571793,213,66,361,126,existing,1362.6623610852898,213,65,361,315,existing,420.4546969215945,213,75,361,26,existing,1797.29153095608,213,68,361,278,existing,1522.927812745464,213,67,361,126,existing,1362.6623610852898,213,73,361,26,existing,1797.29153095608,213,74,361,26,existing,1797.29153095608,213,72,361,26,existing,1797.29153095608
214,214,56,362,193,existing,1167.7720370820662,214,56,362,144,existing,1072.5786168576678,214,56,362,98,allocated,851.4801661295754,214,63,362,193,existing,1167.7720370820662,214,64,362,323,existing,1194.6443632552655,214,65,362,315,existing,1308.1193593196806,214,67,362,126,existing,2509.196956977752,214,68,362,278,existing,2669.4624086379263,214,75,362,26,existing,2943.826126848542,214,66,362,126,existing,2509.196956977752,214,72,362,26,existing,2943.826126848542,214,73,362,26,existing,2943.826126848542,214,71,362,26,existing,2943.826126848542
215,215,58,363,126,existing,1022.261340587876,215,58,363,180,existing,814.9014016054374,215,58,363,300,allocated,909.4938614692554,215,66,363,126,existing,1022.261340587876,215,67,363,126,existing,1022.261340587876,215,76,363,318,existing,1171.2669006947394,215,77,363,318,existing,1171.2669006947394,215,78,363,318,existing,1171.2669006947394,215,74,363,26,existing,1194.3074172493593,215,68,363,278,existing,1182.5267922480505,215,73,363,26,existing,1194.3074172493593,215,72,363,26,existing,1194.3074172493593,215,75,363,26,existing,1194.3074172493593
216,216,54,364,318,existing,798.9879950510802,216,54,364,147,existing,260.29245423201706,216,54,364,29,allocated,303.7429370536998,216,76,364,318,existing,798.9879950510802,216,77,364,318,existing,798.9879950510802,216,74,364,26,existing,1066.2267448467292,216,78,364,318,existing,798.9879950510802,216,71,364,26,existing,1066.2267448467292,216,72,364,26,existing,1066.2267448467292,216,73,364,26,existing,1066.2267448467292,216,75,364,26,existing,1066.2267448467292,216,66,364,126,existing,1777.4213630970485,216,68,364,278,existing,1560.3532504371683
217,217,59,366,126,existing,1065.0000327611583,217,59,366,180,existing,715.6656657080415,217,59,366,300,allocated,810.2581255718595,217,67,366,126,existing,1065.0000327611583,217,66,366,126,existing,1065.0000327611583,217,77,366,318,existing,1072.0311647973435,217,76,366,318,existing,1072.0311647973435,217,72,366,26,existing,1095.0716813519634,217,73,366,26,existing,1095.0716813519634,217,75,366,26,existing,1095.0716813519634,217,78,366,318,existing,1072.0311647973435,217,74,366,26,existing,1095.0716813519634,217,71,366,26,existing,1095.0716813519634
