,assign_from_var_id_grocery,assign_to_var_id_grocery,assign_from_node_id_grocery,assign_to_node_id_grocery,assign_type_grocery,dist_grocery,assign_from_var_id_school,assign_to_var_id_school,assign_from_node_id_school,assign_to_node_id_school,assign_type_school,dist_school,assign_from_var_id_healthcare,assign_to_var_id_healthcare,assign_from_node_id_healthcare,assign_to_node_id_healthcare,assign_type_healthcare,dist_healthcare,0_assign_from_var_id_restaurant,0_assign_to_var_id_restaurant,0_assign_from_node_id_restaurant,0_assign_to_node_id_restaurant,0_assign_type_restaurant,0_dist_restaurant,1_assign_from_var_id_restaurant,1_assign_to_var_id_restaurant,1_assign_from_node_id_restaurant,1_assign_to_node_id_restaurant,1_assign_type_restaurant,1_dist_restaurant,2_assign_from_var_id_restaurant,2_assign_to_var_id_restaurant,2_assign_from_node_id_restaurant,2_assign_to_node_id_restaurant,2_assign_type_restaurant,2_dist_restaurant,3_assign_from_var_id_restaurant,3_assign_to_var_id_restaurant,3_assign_from_node_id_restaurant,3_assign_to_node_id_restaurant,3_assign_type_restaurant,3_dist_restaurant,4_assign_from_var_id_restaurant,4_assign_to_var_id_restaurant,4_assign_from_node_id_restaurant,4_assign_to_node_id_restaurant,4_assign_type_restaurant,4_dist_restaurant,5_assign_from_var_id_restaurant,5_assign_to_var_id_restaurant,5_assign_from_node_id_restaurant,5_assign_to_node_id_restaurant,5_assign_type_restaurant,5_dist_restaurant,6_assign_from_var_id_restaurant,6_assign_to_var_id_restaurant,6_assign_from_node_id_restaurant,6_assign_to_node_id_restaurant,6_assign_type_restaurant,6_dist_restaurant,7_assign_from_var_id_restaurant,7_assign_to_var_id_restaurant,7_assign_from_node_id_restaurant,7_assign_to_node_id_restaurant,7_assign_type_restaurant,7_dist_restaurant,8_assign_from_var_id_restaurant,8_assign_to_var_id_restaurant,8_assign_from_node_id_restaurant,8_assign_to_node_id_restaurant,8_assign_type_restaurant,8_dist_restaurant,9_assign_from_var_id_restaurant,9_assign_to_var_id_restaurant,9_assign_from_node_id_restaurant,9_assign_to_node_id_restaurant,9_assign_type_restaurant,9_dist_restaurant
0,0,32,0,85,existing,334.239879056741,0,32,0,72,allocated,336.7905376827453,0,32,0,0,allocated,0.0,0,51,0,196,existing,167.0257844362126,0,37,0,196,existing,167.0257844362126,0,50,0,196,existing,167.0257844362126,0,39,0,196,existing,167.0257844362126,0,52,0,85,existing,334.239879056741,0,45,0,196,existing,167.0257844362126,0,47,0,196,existing,167.0257844362126,0,38,0,196,existing,167.0257844362126,0,54,0,85,existing,334.239879056741,0,53,0,176,existing,436.2625302682609
1,1,32,1,85,existing,428.1104581700359,1,32,1,72,allocated,430.6611167960401,1,32,1,0,allocated,93.87057911329487,1,37,1,196,existing,260.89636354950744,1,51,1,196,existing,260.89636354950744,1,47,1,196,existing,260.89636354950744,1,45,1,196,existing,260.89636354950744,1,52,1,85,existing,428.1104581700359,1,50,1,196,existing,260.89636354950744,1,39,1,196,existing,260.89636354950744,1,38,1,196,existing,260.89636354950744,1,54,1,85,existing,428.1104581700359,1,53,1,176,existing,530.1331093815556
2,2,34,2,28,existing,420.70593002702367,2,34,2,240,existing,491.6959165717227,2,34,2,260,allocated,387.7478246735982,2,46,2,135,existing,290.44537263258155,2,43,2,28,existing,420.70593002702367,2,42,2,301,existing,614.4074298463952,2,49,2,28,existing,420.70593002702367,2,40,2,177,existing,794.3582397657258,2,54,2,85,existing,987.8427041059963,2,8,2,51,allocated,708.1664260509476,2,52,2,85,existing,987.8427041059963,2,50,2,196,existing,1109.90278672705,2,51,2,196,existing,1109.90278672705
3,3,34,3,28,existing,490.0374127199214,3,34,3,240,existing,577.8074253234431,3,34,3,260,allocated,301.6363159218778,3,46,3,135,existing,376.55688138430196,3,43,3,28,existing,490.0374127199214,3,49,3,28,existing,490.0374127199214,3,42,3,301,existing,683.738912539293,3,54,3,85,existing,1057.174186798894,3,52,3,85,existing,1057.174186798894,3,8,3,51,allocated,794.277934802668,3,40,3,177,existing,880.4697485174463,3,37,3,196,existing,1179.2342694199476,3,51,3,196,existing,1179.2342694199476
4,4,24,4,258,allocated,346.7513059917809,4,24,4,240,existing,460.07905189509273,4,24,4,51,allocated,303.28737239906627,4,8,4,51,allocated,303.28737239906627,4,40,4,177,existing,822.0596173570989,4,42,4,301,existing,886.2537264186095,4,46,4,135,existing,854.1445019177845,4,43,4,28,existing,984.4050593122266,4,49,4,28,existing,984.4050593122266,4,54,4,85,existing,1168.376243370116,4,52,4,85,existing,1168.376243370116,4,45,4,196,existing,1168.442198058484,4,51,4,196,existing,1168.442198058484
5,5,24,5,258,allocated,232.47271210882886,5,24,5,240,existing,345.80045801214067,5,24,5,258,allocated,232.47271210882886,5,8,5,51,allocated,257.58664859174473,5,40,5,177,existing,707.7810234741469,5,42,5,301,existing,826.8272424956583,5,46,5,135,existing,739.8659080348325,5,43,5,28,existing,870.1264654292746,5,49,5,28,existing,870.1264654292746,5,54,5,85,existing,1122.6755195627945,5,52,5,85,existing,1122.6755195627945,5,50,5,196,existing,1122.7414742511626,5,51,5,196,existing,1122.7414742511626
6,6,6,6,48,allocated,408.24886989075037,6,6,6,48,allocated,408.24886989075037,6,6,6,48,allocated,408.24886989075037,6,17,6,168,allocated,588.6060219212518,6,15,6,119,allocated,1234.0190454475273,6,44,6,176,existing,1370.9412153074086,6,48,6,176,existing,1370.9412153074086,6,53,6,176,existing,1370.9412153074086,6,54,6,85,existing,1530.0863195602724,6,52,6,85,existing,1530.0863195602724,6,41,6,176,existing,1370.9412153074086,6,39,6,196,existing,1612.3346017947515,6,51,6,196,existing,1612.3346017947515
7,7,6,7,48,allocated,534.5217131274618,7,6,7,48,allocated,534.5217131274618,7,6,7,48,allocated,534.5217131274618,7,17,7,168,allocated,714.8788651579632,7,15,7,119,allocated,1360.2918886842388,7,53,7,176,existing,1497.21405854412,7,44,7,176,existing,1497.21405854412,7,54,7,85,existing,1656.3591627969838,7,52,7,85,existing,1656.3591627969838,7,41,7,176,existing,1497.21405854412,7,48,7,176,existing,1497.21405854412,7,51,7,196,existing,1738.607445031463,7,45,7,196,existing,1738.607445031463
8,8,6,8,48,allocated,393.7611067420572,8,6,8,9,allocated,203.92886566335082,8,6,8,168,allocated,105.10245064777749,8,17,8,168,allocated,105.10245064777749,8,15,8,119,allocated,578.570283849253,8,41,8,176,existing,887.4376440339342,8,48,8,176,existing,887.4376440339342,8,52,8,85,existing,996.6417518315557,8,53,8,176,existing,887.4376440339342,8,54,8,85,existing,996.6417518315557,8,44,8,176,existing,887.4376440339342,8,51,8,196,existing,1032.3703806090691,8,50,8,196,existing,1032.3703806090691
9,9,35,9,212,existing,557.1873867667962,9,35,9,9,allocated,0.0,9,35,9,9,allocated,0.0,9,17,9,168,allocated,309.03131631112825,9,15,9,119,allocated,653.7419206280285,9,54,9,85,existing,792.7128861682048,9,52,9,85,existing,792.7128861682048,9,39,9,196,existing,828.4415149457182,9,45,9,196,existing,828.4415149457182,9,50,9,196,existing,828.4415149457182,9,38,9,196,existing,828.4415149457182,9,37,9,196,existing,828.4415149457182,9,51,9,196,existing,828.4415149457182
10,10,23,10,232,allocated,458.9638998166787,10,23,10,254,existing,432.25815723981566,10,23,10,232,allocated,458.9638998166787,10,17,10,168,allocated,459.15639450133983,10,15,10,119,allocated,556.8851682195808,10,48,10,176,existing,1241.4915878874967,10,44,10,176,existing,1241.4915878874967,10,41,10,176,existing,1241.4915878874967,10,53,10,176,existing,1241.4915878874967,10,52,10,85,existing,1350.695695685118,10,54,10,85,existing,1350.695695685118,10,50,10,196,existing,1386.4243244626314,10,51,10,196,existing,1386.4243244626314
11,11,23,11,232,allocated,502.08093918389113,11,23,11,254,existing,475.3751966070281,11,23,11,168,allocated,380.90180202643853,11,17,11,168,allocated,380.90180202643853,11,15,11,119,allocated,600.0022075867932,11,53,11,176,existing,1163.2369954125954,11,44,11,176,existing,1163.2369954125954,11,52,11,85,existing,1272.4411032102166,11,48,11,176,existing,1163.2369954125954,11,54,11,85,existing,1272.4411032102166,11,41,11,176,existing,1163.2369954125954,11,47,11,196,existing,1308.16973198773,11,50,11,196,existing,1308.16973198773
12,12,31,12,221,existing,423.6129269165055,12,31,12,173,existing,264.79044044999637,12,31,12,173,existing,264.79044044999637,12,8,12,51,allocated,265.9708700741687,12,42,12,301,existing,467.8922381737567,12,45,12,196,existing,640.5132757736258,12,38,12,196,existing,640.5132757736258,12,37,12,196,existing,640.5132757736258,12,51,12,196,existing,640.5132757736258,12,47,12,196,existing,640.5132757736258,12,39,12,196,existing,640.5132757736258,12,50,12,196,existing,640.5132757736258,12,49,12,28,existing,661.5937379931282
13,13,24,13,258,allocated,412.5806364501304,13,24,13,173,existing,376.1767059020932,13,24,13,51,allocated,154.5846046220718,13,8,13,51,allocated,154.5846046220718,13,42,13,301,existing,579.2785036258535,13,50,13,196,existing,751.8995412257227,13,37,13,196,existing,751.8995412257227,13,39,13,196,existing,751.8995412257227,13,47,13,196,existing,751.8995412257227,13,51,13,196,existing,751.8995412257227,13,45,13,196,existing,751.8995412257227,13,38,13,196,existing,751.8995412257227,13,49,13,28,existing,772.9800034452251
14,14,6,14,48,allocated,84.96568204545324,14,6,14,48,allocated,84.96568204545324,14,6,14,14,allocated,0.0,14,17,14,168,allocated,411.8840491104879,14,15,14,119,allocated,965.1249686905522,14,48,14,176,existing,1194.2192424966447,14,44,14,176,existing,1194.2192424966447,14,41,14,176,existing,1194.2192424966447,14,52,14,85,existing,1353.3643467495087,14,53,14,176,existing,1194.2192424966447,14,54,14,85,existing,1353.3643467495087,14,45,14,196,existing,1435.6126289839879,14,51,14,196,existing,1435.6126289839879
15,15,36,16,177,existing,107.5632544017177,15,36,16,173,existing,323.17422449291223,15,36,16,177,allocated,107.5632544017177,15,40,16,177,existing,107.5632544017177,15,42,16,301,existing,226.60947342322916,15,49,16,28,existing,420.31097324260065,15,43,16,28,existing,420.31097324260065,15,46,16,135,existing,501.96610430694227,15,52,16,85,existing,551.5750410187402,15,8,16,51,allocated,625.741088791659,15,54,16,85,existing,551.5750410187402,15,50,16,196,existing,661.8815467974118,15,47,16,196,existing,661.8815467974118
16,16,36,17,177,existing,190.8613450593103,16,36,17,173,existing,406.4723151505048,16,36,17,177,allocated,190.8613450593103,16,40,17,177,existing,190.8613450593103,16,42,17,301,existing,309.90756408082177,16,46,17,135,existing,490.8569795596353,16,49,17,28,existing,503.6090639001933,16,54,17,85,existing,634.8731316763328,16,43,17,28,existing,503.6090639001933,16,52,17,85,existing,634.8731316763328,16,8,17,51,allocated,542.4429981340663,16,39,17,196,existing,745.1796374550045,16,51,17,196,existing,745.1796374550045
17,17,23,18,232,allocated,462.96286437944644,17,23,18,254,existing,489.6686069563095,17,23,18,232,allocated,462.96286437944644,17,15,18,119,allocated,467.42825944129794,17,17,18,168,allocated,985.9543446318486,17,50,18,196,existing,1111.7019692371225,17,47,18,196,existing,1111.7019692371225,17,45,18,196,existing,1111.7019692371225,17,51,18,196,existing,1111.7019692371225,17,38,18,196,existing,1111.7019692371225,17,39,18,196,existing,1111.7019692371225,17,37,18,196,existing,1111.7019692371225,17,52,18,85,existing,1269.6353402789287
18,18,23,19,232,allocated,452.21824610491,18,23,19,254,existing,478.92398868177304,18,23,19,232,allocated,452.21824610491,18,15,19,119,allocated,456.6836411667615,18,17,19,168,allocated,996.6989629063851,18,50,19,196,existing,1100.9573509625861,18,39,19,196,existing,1100.9573509625861,18,38,19,196,existing,1100.9573509625861,18,37,19,196,existing,1100.9573509625861,18,47,19,196,existing,1100.9573509625861,18,45,19,196,existing,1100.9573509625861,18,54,19,85,existing,1258.890722004392,18,51,19,196,existing,1100.9573509625861
19,19,24,20,258,allocated,173.07604394147648,19,24,20,240,existing,286.4037898447883,19,24,20,258,allocated,173.07604394147648,19,8,20,51,allocated,247.50071456848758,19,40,20,177,existing,485.80362862488903,19,46,20,135,existing,517.8885131855747,19,42,20,301,existing,604.8498476464005,19,54,20,85,existing,929.8154152419115,19,43,20,28,existing,648.1490705800167,19,52,20,85,existing,929.8154152419115,19,49,20,28,existing,648.1490705800167,19,51,20,196,existing,1040.1219210205832,19,50,20,196,existing,1040.1219210205832
20,20,31,22,221,existing,249.46097742791522,20,31,22,173,existing,350.6628384068815,20,31,22,22,allocated,0.0,20,42,22,301,existing,238.87379799121575,20,49,22,28,existing,432.57529781058724,20,43,22,28,existing,432.57529781058724,20,54,22,85,existing,520.9963149427222,20,53,22,176,existing,680.1414191955862,20,52,22,85,existing,520.9963149427222,20,40,22,177,existing,524.5768191520725,20,46,22,135,existing,562.8358552050294,20,48,22,176,existing,680.1414191955862,20,41,22,176,existing,680.1414191955862
21,21,31,23,221,existing,107.51064567232379,21,31,23,173,existing,208.71250665129008,21,31,23,86,allocated,51.26708758157703,21,42,23,301,existing,96.9234662356243,21,43,23,28,existing,290.6249660549958,21,52,23,85,existing,379.0459831871308,21,49,23,28,existing,290.6249660549958,21,54,23,85,existing,379.0459831871308,21,41,23,176,existing,538.1910874399948,21,40,23,177,existing,382.6264873964811,21,46,23,135,existing,420.8855234494379,21,44,23,176,existing,538.1910874399948,21,53,23,176,existing,538.1910874399948
22,22,24,24,258,allocated,187.29616592515666,22,24,24,240,existing,300.6239118284685,22,24,24,258,allocated,187.29616592515666,22,8,24,51,allocated,212.4101024080725,22,40,24,177,existing,662.6044772904747,22,46,24,135,existing,694.6893618511604,22,42,24,301,existing,781.6506963119862,22,38,24,196,existing,1077.5649280674904,22,37,24,196,existing,1077.5649280674904,22,43,24,28,existing,824.9499192456024,22,49,24,28,existing,824.9499192456024,22,51,24,196,existing,1077.5649280674904,22,52,24,85,existing,1077.4989733791224
23,23,24,25,258,allocated,121.78712901093692,23,24,25,240,existing,235.11487491424876,23,24,25,258,allocated,121.78712901093692,23,8,25,51,allocated,146.90106549385277,23,40,25,177,existing,597.0954403762549,23,42,25,301,existing,716.1416593977664,23,46,25,135,existing,629.1803249369406,23,49,25,28,existing,759.4408823313826,23,52,25,85,existing,1011.9899364649026,23,54,25,85,existing,1011.9899364649026,23,43,25,28,existing,759.4408823313826,23,47,25,196,existing,1012.0558911532705,23,39,25,196,existing,1012.0558911532705
24,24,35,27,212,existing,347.2982593422349,24,35,27,9,allocated,264.8414036099384,24,35,27,9,allocated,264.8414036099384,24,15,27,119,allocated,388.90051701809017,24,17,27,168,allocated,573.8727199210667,24,52,27,85,existing,968.443351532846,24,54,27,85,existing,968.443351532846,24,50,27,196,existing,1004.1719803103595,24,39,27,196,existing,1004.1719803103595,24,38,27,196,existing,1004.1719803103595,24,45,27,196,existing,1004.1719803103595,24,37,27,196,existing,1004.1719803103595,24,51,27,196,existing,1004.1719803103595
25,25,34,28,28,existing,0.0,25,34,28,173,existing,396.80329754313186,25,34,28,28,existing,0.0,25,49,28,28,existing,0.0,25,43,28,28,existing,0.0,25,46,28,135,existing,130.26055739444212,25,42,28,301,existing,193.7014998193715,25,48,28,176,existing,726.2818783318365,25,40,28,177,existing,527.8742276443184,25,54,28,85,existing,567.1367740789725,25,52,28,85,existing,567.1367740789725,25,44,28,176,existing,726.2818783318365,25,53,28,176,existing,726.2818783318365
26,26,34,29,28,existing,46.30324549167052,26,34,29,173,existing,443.10654303480237,26,34,29,28,existing,46.30324549167052,26,43,29,28,existing,46.30324549167052,26,49,29,28,existing,46.30324549167052,26,46,29,135,existing,83.95731190277161,26,42,29,301,existing,240.00474531104203,26,40,29,177,existing,573.9863735959113,26,54,29,85,existing,613.440019570643,26,44,29,176,existing,772.585123823507,26,52,29,85,existing,613.440019570643,26,53,29,176,existing,772.585123823507,26,41,29,176,existing,772.585123823507
27,27,33,31,303,existing,479.5016628045444,27,33,31,72,allocated,650.9085212946757,27,33,31,31,allocated,0.0,27,45,31,196,existing,503.5106353685285,27,47,31,196,existing,503.5106353685285,27,50,31,196,existing,503.5106353685285,27,37,31,196,existing,503.5106353685285,27,15,31,119,allocated,604.5501689986088,27,39,31,196,existing,503.5106353685285,27,38,31,196,existing,503.5106353685285,27,51,31,196,existing,503.5106353685285,27,52,31,85,existing,670.724729989057,27,54,31,85,existing,670.724729989057
28,28,33,33,303,existing,454.9328495286998,28,33,33,72,allocated,626.3397080188311,28,33,33,31,allocated,24.568813275844672,28,51,33,196,existing,528.0794486443731,28,39,33,196,existing,528.0794486443731,28,50,33,196,existing,528.0794486443731,28,47,33,196,existing,528.0794486443731,28,45,33,196,existing,528.0794486443731,28,37,33,196,existing,528.0794486443731,28,15,33,119,allocated,579.9813557227641,28,38,33,196,existing,528.0794486443731,28,54,33,85,existing,686.0128196861795,28,52,33,85,existing,686.0128196861795
29,29,24,40,258,allocated,401.30551759381336,29,24,40,240,existing,514.6332634971252,29,24,40,51,allocated,188.92271688766056,29,8,40,51,allocated,188.92271688766056,29,42,40,301,existing,771.8890709072037,29,40,40,177,existing,876.6138289591313,29,46,40,135,existing,908.6987135198171,29,54,40,85,existing,1054.0115878587103,29,52,40,85,existing,1054.0115878587103,29,49,40,28,existing,965.5905707265753,29,43,40,28,existing,965.5905707265753,29,51,40,196,existing,1054.0775425470783,29,38,40,196,existing,1054.0775425470783
30,30,24,41,258,allocated,235.18941626710568,30,24,41,240,existing,348.5171621704175,30,24,41,51,allocated,22.806615560952892,30,8,41,51,allocated,22.806615560952892,30,42,41,301,existing,605.7729695804961,30,40,41,177,existing,710.4977276324237,30,46,41,135,existing,742.5826121931093,30,52,41,85,existing,887.8954865320027,30,49,41,28,existing,799.4744693998676,30,43,41,28,existing,799.4744693998676,30,54,41,85,existing,887.8954865320027,30,45,41,196,existing,887.9614412203707,30,38,41,196,existing,887.9614412203707
31,31,35,45,212,existing,363.1375214578963,31,35,45,9,allocated,194.04986530889988,31,35,45,9,allocated,194.04986530889988,31,17,45,168,allocated,392.5492596201327,31,54,45,85,existing,598.663020859305,31,52,45,85,existing,598.663020859305,31,37,45,196,existing,634.3916496368183,31,45,45,196,existing,634.3916496368183,31,50,45,196,existing,634.3916496368183,31,47,45,196,existing,634.3916496368183,31,39,45,196,existing,634.3916496368183,31,51,45,196,existing,634.3916496368183,31,38,45,196,existing,634.3916496368183
32,32,35,46,212,existing,300.7707240587217,32,35,46,9,allocated,256.41666270807445,32,35,46,9,allocated,256.41666270807445,32,17,46,168,allocated,454.9160570193073,32,52,46,85,existing,661.0298182584796,32,54,46,85,existing,661.0298182584796,32,45,46,196,existing,696.758447035993,32,39,46,196,existing,696.758447035993,32,47,46,196,existing,696.758447035993,32,37,46,196,existing,696.758447035993,32,38,46,196,existing,696.758447035993,32,51,46,196,existing,696.758447035993,32,50,46,196,existing,696.758447035993
33,33,35,47,212,existing,247.0197508816209,33,35,47,9,allocated,310.1676358851753,33,35,47,9,allocated,310.1676358851753,33,17,47,168,allocated,508.6670301964081,33,52,47,85,existing,714.7807914355805,33,15,47,119,allocated,747.2010499987007,33,54,47,85,existing,714.7807914355805,33,37,47,196,existing,750.5094202130938,33,50,47,196,existing,750.5094202130938,33,47,47,196,existing,750.5094202130938,33,51,47,196,existing,750.5094202130938,33,39,47,196,existing,750.5094202130938,33,38,47,196,existing,750.5094202130938
34,34,6,48,48,allocated,0.0,34,6,48,48,allocated,0.0,34,6,48,48,allocated,0.0,34,17,48,168,allocated,326.9183670650348,34,15,48,119,allocated,972.3313905913102,34,44,48,176,existing,1109.2535604511916,34,41,48,176,existing,1109.2535604511916,34,54,48,85,existing,1268.3986647040556,34,48,48,176,existing,1109.2535604511916,34,52,48,85,existing,1268.3986647040556,34,53,48,176,existing,1109.2535604511916,34,50,48,196,existing,1350.6469469385347,34,47,48,196,existing,1350.6469469385347
35,35,6,49,48,allocated,73.28060751726665,35,6,49,48,allocated,73.28060751726665,35,6,49,48,allocated,73.28060751726665,35,17,49,168,allocated,253.6377595477681,35,15,49,119,allocated,899.0507830740436,35,48,49,176,existing,1035.972952933925,35,44,49,176,existing,1035.972952933925,35,41,49,176,existing,1035.972952933925,35,52,49,85,existing,1195.1180571867887,35,54,49,85,existing,1195.1180571867887,35,53,49,176,existing,1035.972952933925,35,51,49,196,existing,1277.3663394212679,35,45,49,196,existing,1277.3663394212679
36,36,24,51,258,allocated,257.99603182805856,36,24,51,240,existing,371.3237777313704,36,24,51,51,allocated,0.0,36,8,51,51,allocated,0.0,36,42,51,301,existing,582.9663540195432,36,40,51,177,existing,733.3043431933766,36,46,51,135,existing,765.3892277540622,36,49,51,28,existing,776.6678538389148,36,54,51,85,existing,865.0888709710498,36,43,51,28,existing,776.6678538389148,36,52,51,85,existing,865.0888709710498,36,51,51,196,existing,865.1548256594178,36,47,51,196,existing,865.1548256594178
37,37,34,52,28,existing,362.1454207178745,37,34,52,173,existing,570.538655365689,37,34,52,28,existing,362.1454207178745,37,43,52,28,existing,362.1454207178745,37,49,52,28,existing,362.1454207178745,37,46,52,135,existing,492.40597811231663,37,42,52,301,existing,458.7496149500233,37,54,52,85,existing,740.8721319015298,37,40,52,177,existing,744.4526361108801,37,53,52,176,existing,900.0172361543937,37,52,52,85,existing,740.8721319015298,37,41,52,176,existing,900.0172361543937,37,44,52,176,existing,900.0172361543937
38,38,34,53,28,existing,512.478951912887,38,34,53,173,existing,720.8721865607016,38,34,53,28,existing,512.478951912887,38,49,53,28,existing,512.478951912887,38,43,53,28,existing,512.478951912887,38,42,53,301,existing,609.0831461450358,38,46,53,135,existing,642.7395093073293,38,40,53,177,existing,894.7861673058926,38,54,53,85,existing,891.2056630965424,38,52,53,85,existing,891.2056630965424,38,53,53,176,existing,1050.3507673494064,38,44,53,176,existing,1050.3507673494064,38,48,53,176,existing,1050.3507673494064
39,39,24,61,258,allocated,384.9260191476093,39,24,61,240,existing,498.2537650509212,39,24,61,258,allocated,384.9260191476093,39,8,61,51,allocated,642.9220509756678,39,40,61,177,existing,1043.8056917139747,39,46,61,135,existing,1049.7316714805756,39,42,61,301,existing,1162.8519107354864,39,49,61,28,existing,1179.9922288750176,39,43,61,28,existing,1179.9922288750176,39,54,61,85,existing,1487.8174783309973,39,52,61,85,existing,1487.8174783309973,39,37,61,196,existing,1508.0768766350857,39,50,61,196,existing,1508.0768766350857
40,40,24,66,258,allocated,500.0657604910068,40,24,66,240,existing,613.3935063943186,40,24,66,51,allocated,242.0697286629482,40,8,66,51,allocated,242.0697286629482,40,42,66,301,existing,825.0360826824915,40,51,66,196,existing,924.7232792788391,40,50,66,196,existing,924.7232792788391,40,38,66,196,existing,924.7232792788391,40,47,66,196,existing,924.7232792788391,40,37,66,196,existing,924.7232792788391,40,45,66,196,existing,924.7232792788391,40,40,66,177,existing,975.3740718563249,40,39,66,196,existing,924.7232792788391
41,41,34,67,28,existing,187.41363405521133,41,34,67,173,existing,350.87293108268995,41,34,67,28,existing,187.41363405521133,41,43,67,28,existing,187.41363405521133,41,49,67,28,existing,187.41363405521133,41,42,67,301,existing,239.08389066702418,41,46,67,135,existing,317.67419144965345,41,52,67,85,existing,521.2064076185306,41,48,67,176,existing,680.3515118713946,41,54,67,85,existing,521.2064076185306,41,40,67,177,existing,524.7869118278809,41,53,67,176,existing,680.3515118713946,41,44,67,176,existing,680.3515118713946
42,42,34,68,28,existing,164.94666524504336,42,34,68,173,existing,373.33989989285794,42,34,68,28,existing,164.94666524504336,42,43,68,28,existing,164.94666524504336,42,49,68,28,existing,164.94666524504336,42,46,68,135,existing,295.2072226394855,42,42,68,301,existing,261.55085947719215,42,54,68,85,existing,543.6733764286986,42,53,68,176,existing,702.8184806815626,42,52,68,85,existing,543.6733764286986,42,40,68,177,existing,547.2538806380489,42,48,68,176,existing,702.8184806815626,42,44,68,176,existing,702.8184806815626
43,43,34,69,28,existing,626.8695243929725,43,34,69,173,existing,835.262759040787,43,34,69,28,existing,626.8695243929725,43,49,69,28,existing,626.8695243929725,43,43,69,28,existing,626.8695243929725,43,46,69,135,existing,757.1300817874147,43,42,69,301,existing,723.4737186251213,43,52,69,85,existing,1005.5962355766278,43,40,69,177,existing,1009.176739785978,43,54,69,85,existing,1005.5962355766278,43,44,69,176,existing,1164.7413398294916,43,41,69,176,existing,1164.7413398294916,43,48,69,176,existing,1164.7413398294916
44,44,34,70,28,existing,63.93058371728576,44,34,70,173,existing,460.73388126041766,44,34,70,28,existing,63.93058371728576,44,49,70,28,existing,63.93058371728576,44,43,70,28,existing,63.93058371728576,44,46,70,135,existing,100.73307299690276,44,42,70,301,existing,257.63208353665726,44,40,70,177,existing,590.7621346900427,44,52,70,85,existing,631.0673577962583,44,53,70,176,existing,790.2124620491222,44,54,70,85,existing,631.0673577962583,44,48,70,176,existing,790.2124620491222,44,44,70,176,existing,790.2124620491222
45,45,34,71,28,existing,176.67571687472838,45,34,71,173,existing,573.4790144178603,45,34,71,28,existing,176.67571687472838,45,49,71,28,existing,176.67571687472838,45,43,71,28,existing,176.67571687472838,45,42,71,301,existing,370.3772166940999,45,46,71,135,existing,213.4782061543454,45,52,71,85,existing,743.812490953701,45,54,71,85,existing,743.812490953701,45,40,71,177,existing,703.5072678474853,45,48,71,176,existing,902.957595206565,45,53,71,176,existing,902.957595206565,45,41,71,176,existing,902.957595206565
46,46,32,73,85,existing,420.8680538938603,46,32,73,72,allocated,361.1949422265119,46,32,73,72,existing,361.1949422265119,46,52,73,85,existing,420.8680538938603,46,54,73,85,existing,420.8680538938603,46,53,73,176,existing,460.6669348120275,46,41,73,176,existing,460.6669348120275,46,51,73,196,existing,530.9596954730446,46,48,73,176,existing,460.6669348120275,46,37,73,196,existing,530.9596954730446,46,44,73,176,existing,460.6669348120275,46,39,73,196,existing,530.9596954730446,46,47,73,196,existing,530.9596954730446
47,47,24,74,258,allocated,277.54516888347985,47,24,74,240,existing,390.8729147867917,47,24,74,258,allocated,277.54516888347985,47,8,74,51,allocated,351.96983951049094,47,40,74,177,existing,381.3345036828857,47,46,74,135,existing,413.43846484764,47,42,74,301,existing,500.38072270439716,47,49,74,28,existing,543.699022242082,47,52,74,85,existing,825.3462902999081,47,54,74,85,existing,825.3462902999081,47,43,74,28,existing,543.699022242082,47,47,74,196,existing,935.6527960785797,47,37,74,196,existing,935.6527960785797
48,48,24,75,258,allocated,116.44104767257136,48,24,75,240,existing,229.7687935758832,48,24,75,258,allocated,116.44104767257136,48,8,75,51,allocated,141.5549841554872,48,40,75,177,existing,591.7493590378895,48,42,75,301,existing,710.7955780594009,48,46,75,135,existing,623.8342435985751,48,43,75,28,existing,754.0948009930171,48,52,75,85,existing,1006.643855126537,48,54,75,85,existing,1006.643855126537,48,49,75,28,existing,754.0948009930171,48,51,75,196,existing,1006.7098098149049,48,47,75,196,existing,1006.7098098149049
49,49,34,80,28,existing,258.7166462890292,49,34,80,173,existing,655.5199438321611,49,34,80,28,existing,258.7166462890292,49,43,80,28,existing,258.7166462890292,49,49,80,28,existing,258.7166462890292,49,42,80,301,existing,452.4181461084007,49,46,80,135,existing,295.5191355686462,49,40,80,177,existing,785.5481972617861,49,52,80,85,existing,825.8534203680017,49,54,80,85,existing,825.8534203680017,49,41,80,176,existing,984.9985246208657,49,53,80,176,existing,984.9985246208657,49,48,80,176,existing,984.9985246208657
50,50,34,81,28,existing,472.12082537442956,50,34,81,173,existing,868.9241229175615,50,34,81,28,existing,472.12082537442956,50,43,81,28,existing,472.12082537442956,50,49,81,28,existing,472.12082537442956,50,46,81,135,existing,508.9233146540466,50,42,81,301,existing,665.8223251938011,50,40,81,177,existing,998.9523763471864,50,53,81,176,existing,1198.402703706266,50,52,81,85,existing,1039.2575994534022,50,54,81,85,existing,1039.2575994534022,50,44,81,176,existing,1198.402703706266,50,48,81,176,existing,1198.402703706266
51,51,34,83,28,existing,197.0234059109963,51,34,83,173,existing,547.512940306523,51,34,83,28,existing,197.0234059109963,51,46,83,135,existing,186.2631455320743,51,43,83,28,existing,197.0234059109963,51,42,83,301,existing,390.7249057303678,51,49,83,28,existing,197.0234059109963,51,40,83,177,existing,676.2922072252142,51,54,83,85,existing,764.1601799899688,51,37,83,196,existing,886.2202626110226,51,52,83,85,existing,764.1601799899688,51,50,83,196,existing,886.2202626110226,51,45,83,196,existing,886.2202626110226
52,52,32,85,85,existing,0.0,52,32,85,72,allocated,59.67311166734839,52,32,85,85,allocated,0.0,52,54,85,85,existing,0.0,52,52,85,85,existing,0.0,52,53,85,176,existing,159.14510425286397,52,41,85,176,existing,159.14510425286397,52,44,85,176,existing,159.14510425286397,52,39,85,196,existing,167.21409462052844,52,37,85,196,existing,167.21409462052844,52,48,85,176,existing,159.14510425286397,52,47,85,196,existing,167.21409462052844,52,50,85,196,existing,167.21409462052844
53,53,31,86,221,existing,56.243558090746774,53,31,86,173,existing,157.44541906971307,53,31,86,86,allocated,0.0,53,42,86,301,existing,45.65637865404728,53,43,86,28,existing,239.35787847341876,53,49,86,28,existing,239.35787847341876,53,52,86,85,existing,327.77889560555377,53,41,86,176,existing,486.92399985841774,53,40,86,177,existing,331.35939981490407,53,54,86,85,existing,327.77889560555377,53,46,86,135,existing,369.6184358678609,53,48,86,176,existing,486.92399985841774,53,53,86,176,existing,486.92399985841774
54,54,34,87,28,existing,298.8227206163441,54,34,87,240,existing,613.5791259824023,54,34,87,28,existing,298.8227206163441,54,46,87,135,existing,168.56216322190198,54,49,87,28,existing,298.8227206163441,54,42,87,301,existing,492.5242204357156,54,43,87,28,existing,298.8227206163441,54,52,87,85,existing,865.9594946953166,54,54,87,85,existing,865.9594946953166,54,8,87,51,allocated,830.0496354616272,54,40,87,177,existing,778.0915219305618,54,51,87,196,existing,988.0195773163704,54,37,87,196,existing,988.0195773163704
55,55,24,88,258,allocated,387.17910324105117,55,24,88,240,existing,273.85135733773933,55,24,88,258,allocated,387.17910324105117,55,46,88,135,existing,277.6265490919152,55,43,88,28,existing,407.8871064863573,55,8,88,51,allocated,487.76267866214704,55,49,88,28,existing,407.8871064863573,55,40,88,177,existing,573.9544923769253,55,54,88,85,existing,975.0238805653298,55,42,88,301,existing,601.5886063057287,55,52,88,85,existing,975.0238805653298,55,47,88,196,existing,1097.0839631863835,55,50,88,196,existing,1097.0839631863835
56,56,6,89,48,allocated,407.58247341915626,56,6,89,48,allocated,407.58247341915626,56,6,89,48,allocated,407.58247341915626,56,17,89,168,allocated,587.9396254496577,56,15,89,119,allocated,1233.352648975933,56,48,89,176,existing,1370.2748188358146,56,41,89,176,existing,1370.2748188358146,56,44,89,176,existing,1370.2748188358146,56,54,89,85,existing,1529.4199230886784,56,53,89,176,existing,1370.2748188358146,56,52,89,85,existing,1529.4199230886784,56,37,89,196,existing,1611.6682053231575,56,38,89,196,existing,1611.6682053231575
57,57,6,90,48,allocated,485.7239270923898,57,6,90,48,allocated,485.7239270923898,57,6,90,48,allocated,485.7239270923898,57,17,90,168,allocated,642.3035626706488,57,15,90,119,allocated,1287.7165861969243,57,48,90,176,existing,1424.6387560568057,57,44,90,176,existing,1424.6387560568057,57,53,90,176,existing,1424.6387560568057,57,41,90,176,existing,1424.6387560568057,57,54,90,85,existing,1583.7838603096695,57,52,90,85,existing,1583.7838603096695,57,50,90,196,existing,1666.0321425441487,57,38,90,196,existing,1666.0321425441487
58,58,36,91,177,existing,257.3989296706014,58,36,91,173,existing,473.00989976179585,58,36,91,177,allocated,257.3989296706014,58,40,91,177,existing,257.3989296706014,58,42,91,301,existing,376.4451486921128,58,8,91,51,allocated,475.90541352277523,58,46,91,135,existing,424.3193949483442,58,43,91,28,existing,554.5799523427863,58,49,91,28,existing,554.5799523427863,58,52,91,85,existing,701.4107162876238,58,54,91,85,existing,701.4107162876238,58,45,91,196,existing,811.7172220662954,58,39,91,196,existing,811.7172220662954
59,59,36,92,177,existing,303.4923368586211,59,36,92,173,existing,519.1033069498155,59,36,92,177,allocated,303.4923368586211,59,40,92,177,existing,303.4923368586211,59,46,92,135,existing,378.22598776032453,59,42,92,301,existing,422.53855588013255,59,43,92,28,existing,508.48654515476653,59,54,92,85,existing,747.5041234756436,59,49,92,28,existing,508.48654515476653,59,52,92,85,existing,747.5041234756436,59,8,92,51,allocated,521.9988207107949,59,47,92,196,existing,857.8106292543152,59,51,92,196,existing,857.8106292543152
60,60,23,93,232,allocated,408.9277903098778,60,23,93,254,existing,382.2220477330148,60,23,93,119,allocated,224.21296763160706,60,15,93,119,allocated,224.21296763160706,60,17,93,168,allocated,738.5602693075499,60,51,93,196,existing,883.8478367355301,60,39,93,196,existing,883.8478367355301,60,38,93,196,existing,883.8478367355301,60,50,93,196,existing,883.8478367355301,60,45,93,196,existing,883.8478367355301,60,47,93,196,existing,883.8478367355301,60,52,93,85,existing,1041.7812077773362,60,37,93,196,existing,883.8478367355301
61,61,33,94,303,existing,547.2567649377007,61,33,94,254,existing,645.6665204151708,61,33,94,31,allocated,116.89272868484568,61,15,94,119,allocated,487.65744031376306,61,37,94,196,existing,620.4033640533742,61,47,94,196,existing,620.4033640533742,61,39,94,196,existing,620.4033640533742,61,50,94,196,existing,620.4033640533742,61,38,94,196,existing,620.4033640533742,61,51,94,196,existing,620.4033640533742,61,45,94,196,existing,620.4033640533742,61,52,94,85,existing,778.3367350951804,61,54,94,85,existing,778.3367350951804
62,62,32,95,85,existing,634.4798053784457,62,32,95,72,allocated,574.8066937110972,62,32,95,72,allocated,574.8066937110972,62,52,95,85,existing,634.4798053784457,62,54,95,85,existing,634.4798053784457,62,41,95,176,existing,674.2786862966128,62,44,95,176,existing,674.2786862966128,62,53,95,176,existing,674.2786862966128,62,48,95,176,existing,674.2786862966128,62,51,95,196,existing,744.57144695763,62,39,95,196,existing,744.57144695763,62,37,95,196,existing,744.57144695763,62,50,95,196,existing,744.57144695763
63,63,32,96,85,existing,602.6754761539411,63,32,96,72,allocated,543.0023644865926,63,32,96,72,existing,543.0023644865926,63,54,96,85,existing,602.6754761539411,63,52,96,85,existing,602.6754761539411,63,41,96,176,existing,642.4743570721082,63,53,96,176,existing,642.4743570721082,63,37,96,196,existing,712.7671177331254,63,47,96,196,existing,712.7671177331254,63,44,96,176,existing,642.4743570721082,63,48,96,176,existing,642.4743570721082,63,50,96,196,existing,712.7671177331254,63,51,96,196,existing,712.7671177331254
64,64,35,97,212,existing,522.3379984478361,64,35,97,9,allocated,34.84938831896006,64,35,97,9,allocated,34.84938831896006,64,17,97,168,allocated,343.8807046300883,64,15,97,119,allocated,618.8925323090684,64,52,97,85,existing,757.8634978492448,64,54,97,85,existing,757.8634978492448,64,39,97,196,existing,793.5921266267582,64,51,97,196,existing,793.5921266267582,64,45,97,196,existing,793.5921266267582,64,37,97,196,existing,793.5921266267582,64,50,97,196,existing,793.5921266267582,64,38,97,196,existing,793.5921266267582
65,65,24,99,258,allocated,381.1851489816325,65,24,99,240,existing,494.51289488494433,65,24,99,258,allocated,381.1851489816325,65,8,99,51,allocated,406.29908546454834,65,40,99,177,existing,856.4934603469504,65,46,99,135,existing,888.578344907636,65,42,99,301,existing,975.5396793684619,65,49,99,28,existing,1018.8389023020782,65,54,99,85,existing,1271.3879564355982,65,43,99,28,existing,1018.8389023020782,65,52,99,85,existing,1271.3879564355982,65,38,99,196,existing,1271.453911123966,65,50,99,196,existing,1271.453911123966
66,66,24,100,258,allocated,491.66712808257546,66,24,100,240,existing,604.9948739858874,66,24,100,258,allocated,491.66712808257546,66,8,100,51,allocated,516.7810645654913,66,40,100,177,existing,966.9754394478935,66,42,100,301,existing,1086.0216584694049,66,46,100,135,existing,999.0603240085791,66,43,100,28,existing,1129.3208814030213,66,49,100,28,existing,1129.3208814030213,66,54,100,85,existing,1381.869935536541,66,52,100,85,existing,1381.869935536541,66,51,100,196,existing,1381.9358902249091,66,47,100,196,existing,1381.9358902249091
67,67,24,101,258,allocated,734.282461742898,67,24,101,240,existing,847.6102076462098,67,24,101,51,allocated,476.28642991483946,67,8,101,51,allocated,476.28642991483946,67,42,101,301,existing,1059.252783934383,67,45,101,196,existing,1158.9399805307305,67,38,101,196,existing,1158.9399805307305,67,47,101,196,existing,1158.9399805307305,67,51,101,196,existing,1158.9399805307305,67,39,101,196,existing,1158.9399805307305,67,50,101,196,existing,1158.9399805307305,67,40,101,177,existing,1209.5907731082161,67,37,101,196,existing,1158.9399805307305
68,68,24,102,258,allocated,629.9267680083411,68,24,102,240,existing,743.254513911653,68,24,102,258,allocated,629.9267680083411,68,8,102,51,allocated,674.5905570736012,68,42,102,301,existing,1257.5569110931447,68,46,102,135,existing,1294.7324203413073,68,40,102,177,existing,1288.8064405747068,68,45,102,196,existing,1357.2441076894922,68,37,102,196,existing,1357.2441076894922,68,38,102,196,existing,1357.2441076894922,68,47,102,196,existing,1357.2441076894922,68,50,102,196,existing,1357.2441076894922,68,39,102,196,existing,1357.2441076894922
69,69,24,103,258,allocated,695.7781035838651,69,24,103,240,existing,809.105849487177,69,24,103,51,allocated,661.134525096066,69,8,103,51,allocated,661.134525096066,69,40,103,177,existing,1171.086414949183,69,46,103,135,existing,1203.1712995098687,69,42,103,301,existing,1244.1008791156094,69,43,103,28,existing,1333.4318569043107,69,49,103,28,existing,1333.4318569043107,69,54,103,85,existing,1526.223396067116,69,52,103,85,existing,1526.223396067116,69,38,103,196,existing,1526.2893507554838,69,39,103,196,existing,1526.2893507554838
70,70,24,104,258,allocated,688.1267646402549,70,24,104,240,existing,801.4545105435667,70,24,104,258,allocated,688.1267646402549,70,8,104,51,allocated,713.2407011231708,70,40,104,177,existing,1163.4350760055727,70,42,104,301,existing,1282.4812950270841,70,46,104,135,existing,1195.5199605662583,70,49,104,28,existing,1325.7805179607005,70,54,104,85,existing,1578.3295720942206,70,43,104,28,existing,1325.7805179607005,70,52,104,85,existing,1578.3295720942206,70,45,104,196,existing,1578.3955267825884,70,47,104,196,existing,1578.3955267825884
71,71,24,105,258,allocated,545.547211984052,71,24,105,240,existing,658.8749578873638,71,24,105,258,allocated,545.547211984052,71,8,105,51,allocated,758.9701130978905,71,40,105,177,existing,1204.4268845504175,71,46,105,135,existing,1210.3528643170182,71,42,105,301,existing,1323.4731035719292,71,43,105,28,existing,1340.6134217114604,71,49,105,28,existing,1340.6134217114604,71,39,105,196,existing,1441.6236637137813,71,51,105,196,existing,1441.6236637137813,71,50,105,196,existing,1441.6236637137813,71,45,105,196,existing,1441.6236637137813
72,72,34,106,28,existing,330.7423711423333,72,34,106,173,existing,493.69183739028324,72,34,106,22,allocated,143.02899898340183,72,43,106,28,existing,330.7423711423333,72,49,106,28,existing,330.7423711423333,72,46,106,135,existing,461.0029285367754,72,42,106,301,existing,381.9027969746175,72,54,106,85,existing,664.025313926124,72,40,106,177,existing,667.6058181354742,72,44,106,176,existing,823.1704181789879,72,52,106,85,existing,664.025313926124,72,48,106,176,existing,823.1704181789879,72,41,106,176,existing,823.1704181789879
73,73,24,107,258,allocated,610.1578544693758,73,24,107,240,existing,723.4856003726876,73,24,107,51,allocated,352.16182264131726,73,8,107,51,allocated,352.16182264131726,73,42,107,301,existing,935.1281766608605,73,38,107,196,existing,1034.8153732572082,73,39,107,196,existing,1034.8153732572082,73,50,107,196,existing,1034.8153732572082,73,45,107,196,existing,1034.8153732572082,73,37,107,196,existing,1034.8153732572082,73,51,107,196,existing,1034.8153732572082,73,47,107,196,existing,1034.8153732572082,73,40,107,177,existing,1085.466165834694
74,74,24,108,258,allocated,380.5635612417506,74,24,108,240,existing,493.89130714506246,74,24,108,51,allocated,269.47511714909643,74,8,108,51,allocated,269.47511714909643,74,42,108,301,existing,852.4414711686396,74,40,108,177,existing,855.8718726070686,74,46,108,135,existing,887.9567571677544,74,49,108,28,existing,1018.2173145621964,74,52,108,85,existing,1134.5639881201462,74,43,108,28,existing,1018.2173145621964,74,54,108,85,existing,1134.5639881201462,74,39,108,196,existing,1134.6299428085142,74,50,108,196,existing,1134.6299428085142
75,75,24,109,258,allocated,460.44240608669713,75,24,109,240,existing,573.770151990009,75,24,109,51,allocated,349.35396199404295,75,8,109,51,allocated,349.35396199404295,75,42,109,301,existing,932.3203160135862,75,46,109,135,existing,967.835602012701,75,40,109,177,existing,935.7507174520151,75,49,109,28,existing,1098.096159407143,75,52,109,85,existing,1214.4428329650927,75,54,109,85,existing,1214.4428329650927,75,43,109,28,existing,1098.096159407143,75,50,109,196,existing,1214.5087876534606,75,37,109,196,existing,1214.5087876534606
76,76,33,110,303,existing,241.76982567864067,76,33,110,72,allocated,413.17668416877194,76,33,110,110,allocated,0.0,76,52,110,85,existing,472.84979583612034,76,54,110,85,existing,472.84979583612034,76,37,110,196,existing,508.57842461363373,76,38,110,196,existing,508.57842461363373,76,50,110,196,existing,508.57842461363373,76,47,110,196,existing,508.57842461363373,76,51,110,196,existing,508.57842461363373,76,39,110,196,existing,508.57842461363373,76,48,110,176,existing,512.6486767542875,76,45,110,196,existing,508.57842461363373
77,77,32,111,85,existing,400.923256215374,77,32,111,72,allocated,403.4739148413783,77,32,111,111,existing,0.0,77,51,111,196,existing,233.70916159484563,77,37,111,196,existing,233.70916159484563,77,50,111,196,existing,233.70916159484563,77,47,111,196,existing,233.70916159484563,77,45,111,196,existing,233.70916159484563,77,39,111,196,existing,233.70916159484563,77,38,111,196,existing,233.70916159484563,77,52,111,85,existing,400.923256215374,77,54,111,85,existing,400.923256215374,77,48,111,176,existing,502.9459074268939
78,78,32,112,85,existing,314.95484532554127,78,32,112,72,allocated,317.50550395154556,78,32,112,111,existing,85.96841088983275,78,39,112,196,existing,147.74075070501289,78,50,112,196,existing,147.74075070501289,78,45,112,196,existing,147.74075070501289,78,51,112,196,existing,147.74075070501289,78,38,112,196,existing,147.74075070501289,78,52,112,85,existing,314.95484532554127,78,47,112,196,existing,147.74075070501289,78,37,112,196,existing,147.74075070501289,78,53,112,176,existing,416.97749653706114,78,54,112,85,existing,314.95484532554127
79,79,34,114,28,existing,550.6701743849235,79,34,114,173,existing,947.4734719280553,79,34,114,28,existing,550.6701743849235,79,43,114,28,existing,550.6701743849235,79,49,114,28,existing,550.6701743849235,79,42,114,301,existing,744.371674204295,79,46,114,135,existing,587.4726636645405,79,54,114,85,existing,1117.806948463896,79,52,114,85,existing,1117.806948463896,79,41,114,176,existing,1276.9520527167601,79,40,114,177,existing,1077.5017253576802,79,44,114,176,existing,1276.9520527167601,79,53,114,176,existing,1276.9520527167601
80,80,34,115,28,existing,513.3336137268739,80,34,115,173,existing,910.1369112700057,80,34,115,28,existing,513.3336137268739,80,49,115,28,existing,513.3336137268739,80,43,115,28,existing,513.3336137268739,80,46,115,135,existing,550.1361030064909,80,42,115,301,existing,707.0351135462454,80,40,115,177,existing,1040.1651646996306,80,54,115,85,existing,1080.4703878058465,80,44,115,176,existing,1239.6154920587105,80,52,115,85,existing,1080.4703878058465,80,53,115,176,existing,1239.6154920587105,80,48,115,176,existing,1239.6154920587105
81,81,32,116,85,existing,768.3075712061258,81,32,116,72,allocated,708.6344595387773,81,32,116,72,existing,708.6344595387773,81,54,116,85,existing,768.3075712061258,81,52,116,85,existing,768.3075712061258,81,48,116,176,existing,808.1064521242929,81,41,116,176,existing,808.1064521242929,81,37,116,196,existing,878.39921278531,81,44,116,176,existing,808.1064521242929,81,51,116,196,existing,878.39921278531,81,53,116,176,existing,808.1064521242929,81,47,116,196,existing,878.39921278531,81,50,116,196,existing,878.39921278531
82,82,32,117,85,existing,818.4533959798322,82,32,117,72,allocated,758.7802843124837,82,32,117,72,allocated,758.7802843124837,82,52,117,85,existing,818.4533959798322,82,54,117,85,existing,818.4533959798322,82,41,117,176,existing,858.2522768979993,82,48,117,176,existing,858.2522768979993,82,44,117,176,existing,858.2522768979993,82,37,117,196,existing,928.5450375590165,82,45,117,196,existing,928.5450375590165,82,53,117,176,existing,858.2522768979993,82,51,117,196,existing,928.5450375590165,82,50,117,196,existing,928.5450375590165
83,83,23,118,232,allocated,43.396777137684325,83,23,118,254,existing,16.691034560821308,83,23,118,232,allocated,43.396777137684325,83,15,118,119,allocated,141.3180455405864,83,17,118,168,allocated,542.3546889564441,83,39,118,196,existing,1249.3788499077236,83,50,118,196,existing,1249.3788499077236,83,38,118,196,existing,1249.3788499077236,83,51,118,196,existing,1249.3788499077236,83,37,118,196,existing,1249.3788499077236,83,47,118,196,existing,1249.3788499077236,83,45,118,196,existing,1249.3788499077236,83,53,118,176,existing,1324.6898823426009
84,84,23,119,232,allocated,184.71482267827076,84,23,119,254,existing,158.00908010140773,84,23,119,119,allocated,0.0,84,15,119,119,allocated,0.0,84,17,119,168,allocated,683.6727344970305,84,39,119,196,existing,1108.0608043671373,84,50,119,196,existing,1108.0608043671373,84,51,119,196,existing,1108.0608043671373,84,37,119,196,existing,1108.0608043671373,84,38,119,196,existing,1108.0608043671373,84,47,119,196,existing,1108.0608043671373,84,54,119,85,existing,1265.9941754089434,84,45,119,196,existing,1108.0608043671373
85,85,24,120,258,allocated,293.85288665920194,85,24,120,240,existing,180.5251407558901,85,24,120,258,allocated,293.85288665920194,85,46,120,135,existing,370.9527656737644,85,8,120,51,allocated,485.94643119357943,85,49,120,28,existing,501.2133230682065,85,43,120,28,existing,501.2133230682065,85,42,120,301,existing,694.914822887578,85,54,120,85,existing,1068.350097147179,85,52,120,85,existing,1068.350097147179,85,40,120,177,existing,667.2807089587745,85,50,120,196,existing,1190.4101797682326,85,38,120,196,existing,1190.4101797682326
86,86,24,121,258,allocated,201.65873107439262,86,24,121,240,existing,88.33098517108077,86,24,121,258,allocated,201.65873107439262,86,8,121,51,allocated,459.6547629024512,86,46,121,135,existing,463.14692125857374,86,43,121,28,existing,593.4074786530158,86,49,121,28,existing,593.4074786530158,86,40,121,177,existing,759.4748645435839,86,54,121,85,existing,1160.5442527319883,86,52,121,85,existing,1160.5442527319883,86,42,121,301,existing,787.1089784723873,86,51,121,196,existing,1282.604335353042,86,50,121,196,existing,1282.604335353042
87,87,23,122,232,allocated,355.57092830592046,87,23,122,254,existing,382.2766708827835,87,23,122,232,allocated,355.57092830592046,87,15,122,119,allocated,360.03632336777196,87,17,122,168,allocated,941.3223944000489,87,39,122,196,existing,1004.3100331635965,87,47,122,196,existing,1004.3100331635965,87,37,122,196,existing,1004.3100331635965,87,45,122,196,existing,1004.3100331635965,87,38,122,196,existing,1004.3100331635965,87,50,122,196,existing,1004.3100331635965,87,54,122,85,existing,1162.2434042054026,87,51,122,196,existing,1004.3100331635965
88,88,23,123,232,allocated,408.8024492013534,88,23,123,254,existing,435.5081917782164,88,23,123,232,allocated,408.8024492013534,88,15,123,119,allocated,413.2678442632049,88,17,123,168,allocated,994.5539152954818,88,39,123,196,existing,1057.5415540590293,88,50,123,196,existing,1057.5415540590293,88,45,123,196,existing,1057.5415540590293,88,47,123,196,existing,1057.5415540590293,88,37,123,196,existing,1057.5415540590293,88,38,123,196,existing,1057.5415540590293,88,54,123,85,existing,1215.4749251008354,88,51,123,196,existing,1057.5415540590293
89,89,33,124,303,existing,515.5327509566627,89,33,124,254,existing,677.3905343962089,89,33,124,31,allocated,85.16871470380761,89,15,124,119,allocated,519.3814542948012,89,39,124,196,existing,588.6793500723361,89,45,124,196,existing,588.6793500723361,89,47,124,196,existing,588.6793500723361,89,37,124,196,existing,588.6793500723361,89,50,124,196,existing,588.6793500723361,89,38,124,196,existing,588.6793500723361,89,51,124,196,existing,588.6793500723361,89,54,124,85,existing,746.6127211141423,89,52,124,85,existing,746.6127211141423
90,90,32,125,85,existing,251.268570878944,90,32,125,72,allocated,253.81922950494823,90,32,125,125,allocated,0.0,90,47,125,196,existing,84.05447625841552,90,39,125,196,existing,84.05447625841552,90,45,125,196,existing,84.05447625841552,90,50,125,196,existing,84.05447625841552,90,38,125,196,existing,84.05447625841552,90,51,125,196,existing,84.05447625841552,90,37,125,196,existing,84.05447625841552,90,52,125,85,existing,251.268570878944,90,54,125,85,existing,251.268570878944,90,41,125,176,existing,353.2912220904638
91,91,32,126,85,existing,305.3995848747707,91,32,126,72,allocated,307.950243500775,91,32,126,278,allocated,50.89691629078467,91,51,126,196,existing,138.18549025424232,91,37,126,196,existing,138.18549025424232,91,45,126,196,existing,138.18549025424232,91,47,126,196,existing,138.18549025424232,91,50,126,196,existing,138.18549025424232,91,39,126,196,existing,138.18549025424232,91,54,126,85,existing,305.3995848747707,91,38,126,196,existing,138.18549025424232,91,41,126,176,existing,407.4222360862906,91,52,126,85,existing,305.3995848747707
92,92,24,127,258,allocated,339.60787121584275,92,24,127,240,existing,226.2801253125309,92,24,127,258,allocated,339.60787121584275,92,46,127,135,existing,325.1977811171236,92,8,127,51,allocated,440.1914466369386,92,43,127,28,existing,455.45833851156567,92,49,127,28,existing,455.45833851156567,92,40,127,177,existing,621.5257244021336,92,42,127,301,existing,649.1598383309372,92,52,127,85,existing,1022.5951125905383,92,54,127,85,existing,1022.5951125905383,92,38,127,196,existing,1144.655195211592,92,50,127,196,existing,1144.655195211592
93,93,24,128,258,allocated,248.49868752874863,93,24,128,240,existing,135.1709416254368,93,24,128,258,allocated,248.49868752874863,93,8,128,51,allocated,506.4947193568072,93,46,128,135,existing,509.98687771292975,93,49,128,28,existing,640.2474351073719,93,43,128,28,existing,640.2474351073719,93,52,128,85,existing,1207.3842091863444,93,42,128,301,existing,833.9489349267434,93,40,128,177,existing,806.3148209979398,93,54,128,85,existing,1207.3842091863444,93,38,128,196,existing,1329.444291807398,93,47,128,196,existing,1329.444291807398
94,94,6,129,48,allocated,160.3128919277727,94,6,129,48,allocated,160.3128919277727,94,6,129,48,allocated,160.3128919277727,94,17,129,168,allocated,340.67004395827416,94,15,129,119,allocated,986.0830674845496,94,48,129,176,existing,1123.005237344431,94,44,129,176,existing,1123.005237344431,94,53,129,176,existing,1123.005237344431,94,54,129,85,existing,1282.1503415972948,94,41,129,176,existing,1123.005237344431,94,52,129,85,existing,1282.1503415972948,94,51,129,196,existing,1364.3986238317739,94,45,129,196,existing,1364.3986238317739
95,95,6,130,48,allocated,351.08092640418135,95,6,130,48,allocated,351.08092640418135,95,6,130,48,allocated,351.08092640418135,95,17,130,168,allocated,531.4380784346828,95,15,130,119,allocated,1176.8511019609582,95,41,130,176,existing,1313.7732718208397,95,48,130,176,existing,1313.7732718208397,95,54,130,85,existing,1472.9183760737035,95,52,130,85,existing,1472.9183760737035,95,44,130,176,existing,1313.7732718208397,95,53,130,176,existing,1313.7732718208397,95,50,130,196,existing,1555.1666583081826,95,37,130,196,existing,1555.1666583081826
96,96,34,131,28,existing,213.6570828590804,96,34,131,173,existing,564.146617254607,96,34,131,28,existing,213.6570828590804,96,46,131,135,existing,83.39652546463826,96,49,131,28,existing,213.6570828590804,96,42,131,301,existing,407.35858267845185,96,43,131,28,existing,213.6570828590804,96,54,131,85,existing,780.7938569380528,96,40,131,177,existing,692.9258841732981,96,8,131,51,allocated,804.2211930760186,96,52,131,85,existing,780.7938569380528,96,51,131,196,existing,902.8539395591066,96,47,131,196,existing,902.8539395591066
97,97,34,132,28,existing,256.1001854527833,97,34,132,240,existing,547.866769157908,97,34,132,28,existing,256.1001854527833,97,46,132,135,existing,125.83962805834113,97,49,132,28,existing,256.1001854527833,97,42,132,301,existing,449.80168527215477,97,43,132,28,existing,256.1001854527833,97,40,132,177,existing,678.1071873471991,97,52,132,85,existing,823.2369595317558,97,8,132,51,allocated,761.7780904823157,97,54,132,85,existing,823.2369595317558,97,45,132,196,existing,945.2970421528096,97,51,132,196,existing,945.2970421528096
98,98,24,133,258,allocated,239.74014260641655,98,24,133,240,existing,188.15815690226293,98,24,133,258,allocated,239.74014260641655,98,8,133,51,allocated,497.7361744344752,98,46,133,135,existing,562.974092989756,98,43,133,28,existing,693.234650384198,98,49,133,28,existing,693.234650384198,98,40,133,177,existing,859.3020362747659,98,42,133,301,existing,886.9361502035695,98,54,133,85,existing,1260.3714244631706,98,52,133,85,existing,1260.3714244631706,98,51,133,196,existing,1362.891000093893,98,37,133,196,existing,1362.891000093893
99,99,24,134,258,allocated,186.682165839326,99,24,134,240,existing,241.2161336693535,99,24,134,258,allocated,186.682165839326,99,8,134,51,allocated,444.67819766738455,99,46,134,135,existing,616.0320697568465,99,49,134,28,existing,746.2926271512885,99,43,134,28,existing,746.2926271512885,99,54,134,85,existing,1289.573625022714,99,52,134,85,existing,1289.573625022714,99,40,134,177,existing,845.5618384056916,99,42,134,301,existing,939.99412697066,99,51,134,196,existing,1309.8330233268025,99,50,134,196,existing,1309.8330233268025
100,100,34,135,28,existing,130.26055739444212,100,34,135,173,existing,480.7500917899688,100,34,135,28,existing,130.26055739444212,100,46,135,135,existing,0.0,100,49,135,28,existing,130.26055739444212,100,42,135,301,existing,323.96205721381364,100,43,135,28,existing,130.26055739444212,100,52,135,85,existing,697.3973314734146,100,8,135,51,allocated,765.3892277540622,100,40,135,177,existing,609.5293587086599,100,54,135,85,existing,697.3973314734146,100,39,135,196,existing,819.4574140944684,100,50,135,196,existing,819.4574140944684
101,101,34,136,28,existing,266.2799424817887,101,34,136,240,existing,415.45852134230796,101,34,136,28,existing,266.2799424817887,101,46,136,135,existing,136.01938508734654,101,43,136,28,existing,266.2799424817887,101,42,136,301,existing,459.98144230116014,101,49,136,28,existing,266.2799424817887,101,54,136,85,existing,833.4167165607612,101,40,136,177,existing,545.6989395315991,101,8,136,51,allocated,629.3698426667157,101,52,136,85,existing,833.4167165607612,101,45,136,196,existing,955.4767991818148,101,50,136,196,existing,955.4767991818148
102,102,34,137,28,existing,322.95574806140985,102,34,137,240,existing,358.78271576268673,102,34,137,28,existing,322.95574806140985,102,46,137,135,existing,192.6951906669678,102,49,137,28,existing,322.95574806140985,102,43,137,28,existing,322.95574806140985,102,40,137,177,existing,489.02313395197785,102,54,137,85,existing,890.0925221403825,102,42,137,301,existing,516.6572478807814,102,8,137,51,allocated,572.6940370870944,102,52,137,85,existing,890.0925221403825,102,47,137,196,existing,1012.1526047614361,102,51,137,196,existing,1012.1526047614361
103,103,32,138,85,existing,526.9231876202886,103,32,138,173,existing,515.7709220601897,103,32,138,0,allocated,192.6833085635474,103,51,138,196,existing,359.70909299976006,103,37,138,196,existing,359.70909299976006,103,50,138,196,existing,359.70909299976006,103,47,138,196,existing,359.70909299976006,103,45,138,196,existing,359.70909299976006,103,39,138,196,existing,359.70909299976006,103,52,138,85,existing,526.9231876202886,103,38,138,196,existing,359.70909299976006,103,54,138,85,existing,526.9231876202886,103,8,138,51,allocated,587.5387096682401
104,104,32,139,85,existing,538.6205833275712,104,32,139,173,existing,421.98054934432446,104,32,139,278,allocated,284.1179147435853,104,51,139,196,existing,371.4064887070429,104,50,139,196,existing,371.4064887070429,104,37,139,196,existing,371.4064887070429,104,47,139,196,existing,371.4064887070429,104,45,139,196,existing,371.4064887070429,104,39,139,196,existing,371.4064887070429,104,8,139,51,allocated,493.74833695237487,104,38,139,196,existing,371.4064887070429,104,54,139,85,existing,538.6205833275712,104,52,139,85,existing,538.6205833275712
105,105,23,142,232,allocated,669.4389113083646,105,23,142,333,existing,165.57162743382588,105,23,142,50,allocated,653.1507941345636,105,15,142,119,allocated,767.3601797112667,105,17,142,168,allocated,975.4788103483679,105,48,142,176,existing,1757.8140037345247,105,53,142,176,existing,1757.8140037345247,105,39,142,196,existing,1875.4209840784038,105,41,142,176,existing,1757.8140037345247,105,44,142,176,existing,1757.8140037345247,105,51,142,196,existing,1875.4209840784038,105,50,142,196,existing,1875.4209840784038,105,37,142,196,existing,1875.4209840784038
106,106,23,143,232,allocated,562.5128858649106,106,23,143,333,existing,272.49765287727985,106,23,143,232,allocated,562.5128858649106,106,15,143,119,allocated,660.4341542678128,106,17,143,168,allocated,999.9820866484517,106,51,143,196,existing,1768.4949586349499,106,50,143,196,existing,1768.4949586349499,106,45,143,196,existing,1768.4949586349499,106,38,143,196,existing,1768.4949586349499,106,39,143,196,existing,1768.4949586349499,106,47,143,196,existing,1768.4949586349499,106,48,143,176,existing,1782.3172800346085,106,37,143,196,existing,1768.4949586349499
107,107,24,147,258,allocated,418.60039297905786,107,24,147,240,existing,531.9281388823697,107,24,147,258,allocated,418.60039297905786,107,8,147,51,allocated,443.7143294619737,107,40,147,177,existing,893.9087043443758,107,46,147,135,existing,925.9935889050614,107,42,147,301,existing,1012.9549233658872,107,54,147,85,existing,1308.8032004330237,107,49,147,28,existing,1056.2541462995036,107,43,147,28,existing,1056.2541462995036,107,52,147,85,existing,1308.8032004330237,107,39,147,196,existing,1308.8691551213915,107,50,147,196,existing,1308.8691551213915
108,108,36,148,177,existing,405.1524357658974,108,36,148,240,existing,442.6534139487672,108,36,148,177,allocated,405.1524357658974,108,46,148,135,existing,276.56588885304825,108,40,148,177,existing,405.1524357658974,108,49,148,28,existing,406.82644624749037,108,43,148,28,existing,406.82644624749037,108,8,148,51,allocated,488.84241550508267,108,54,148,85,existing,849.1642223829199,108,42,148,301,existing,524.1986547874088,108,52,148,85,existing,849.1642223829199,108,47,148,196,existing,959.4707281615915,108,51,148,196,existing,959.4707281615915
109,109,32,149,85,existing,717.0910336716827,109,32,149,72,allocated,657.4179220043343,109,32,149,72,allocated,657.4179220043343,109,54,149,85,existing,717.0910336716827,109,52,149,85,existing,717.0910336716827,109,53,149,176,existing,756.8899145898498,109,48,149,176,existing,756.8899145898498,109,41,149,176,existing,756.8899145898498,109,37,149,196,existing,827.182675250867,109,51,149,196,existing,827.182675250867,109,44,149,176,existing,756.8899145898498,109,38,149,196,existing,827.182675250867,109,47,149,196,existing,827.182675250867
110,110,23,150,232,allocated,529.63283286871,110,23,150,254,existing,502.927090291847,110,23,150,50,allocated,434.53866366872717,110,15,150,119,allocated,627.5541012716121,110,17,150,168,allocated,704.4688550568276,110,41,150,176,existing,1486.8040484429844,110,48,150,176,existing,1486.8040484429844,110,52,150,85,existing,1596.0081562406058,110,44,150,176,existing,1486.8040484429844,110,53,150,176,existing,1486.8040484429844,110,54,150,85,existing,1596.0081562406058,110,39,150,196,existing,1631.7367850181192,110,47,150,196,existing,1631.7367850181192
111,111,23,151,232,allocated,398.31624357099827,111,23,151,254,existing,371.61050099413524,111,23,151,232,allocated,398.31624357099827,111,15,151,119,allocated,496.2375119739004,111,17,151,168,allocated,835.7854443545393,111,37,151,196,existing,1604.2983163410374,111,47,151,196,existing,1604.2983163410374,111,38,151,196,existing,1604.2983163410374,111,50,151,196,existing,1604.2983163410374,111,39,151,196,existing,1604.2983163410374,111,51,151,196,existing,1604.2983163410374,111,45,151,196,existing,1604.2983163410374,111,53,151,176,existing,1618.120637740696
112,112,6,152,48,allocated,432.0212454232476,112,6,152,48,allocated,432.0212454232476,112,6,152,50,allocated,243.49955862499473,112,17,152,168,allocated,513.429750013095,112,15,152,119,allocated,618.0694053127579,112,53,152,176,existing,1295.764943399252,112,48,152,176,existing,1295.764943399252,112,52,152,85,existing,1404.9690511968734,112,41,152,176,existing,1295.764943399252,112,44,152,176,existing,1295.764943399252,112,54,152,85,existing,1404.9690511968734,112,39,152,196,existing,1440.6976799743868,112,50,152,196,existing,1440.6976799743868
113,113,6,153,48,allocated,544.7346828019691,113,6,153,9,allocated,499.54272764994687,113,6,153,50,allocated,356.2129960037163,113,17,153,168,allocated,400.7163126343735,113,15,153,119,allocated,730.7828426914795,113,48,153,176,existing,1183.0515060205303,113,44,153,176,existing,1183.0515060205303,113,54,153,85,existing,1292.2556138181517,113,53,153,176,existing,1183.0515060205303,113,52,153,85,existing,1292.2556138181517,113,41,153,176,existing,1183.0515060205303,113,38,153,196,existing,1327.9842425956651,113,50,153,196,existing,1327.9842425956651
114,114,6,154,48,allocated,253.1097119320101,114,6,154,48,allocated,253.1097119320101,114,6,154,168,allocated,73.80865513302466,114,17,154,168,allocated,73.80865513302466,114,15,154,119,allocated,719.2216786593001,114,44,154,176,existing,856.1438485191815,114,41,154,176,existing,856.1438485191815,114,48,154,176,existing,856.1438485191815,114,52,154,85,existing,1015.2889527720455,114,53,154,176,existing,856.1438485191815,114,54,154,85,existing,1015.2889527720455,114,45,154,196,existing,1097.5372350065247,114,51,154,196,existing,1097.5372350065247
115,115,6,155,48,allocated,548.329205230669,115,6,155,48,allocated,548.329205230669,115,6,155,168,allocated,369.0281484316836,115,17,155,168,allocated,369.0281484316836,115,15,155,119,allocated,1014.441171957959,115,48,155,176,existing,1151.3633418178404,115,53,155,176,existing,1151.3633418178404,115,54,155,85,existing,1310.5084460707044,115,44,155,176,existing,1151.3633418178404,115,41,155,176,existing,1151.3633418178404,115,52,155,85,existing,1310.5084460707044,115,45,155,196,existing,1392.7567283051835,115,37,155,196,existing,1392.7567283051835
116,116,23,156,232,allocated,564.09678124709,116,23,156,9,allocated,137.10738718233395,116,23,156,9,allocated,137.10738718233395,116,17,156,168,allocated,442.9176440896374,116,15,156,119,allocated,662.0180496499921,116,54,156,85,existing,929.8202733505387,116,52,156,85,existing,929.8202733505387,116,51,156,196,existing,965.5489021280521,116,50,156,196,existing,965.5489021280521,116,45,156,196,existing,965.5489021280521,116,37,156,196,existing,965.5489021280521,116,39,156,196,existing,965.5489021280521,116,47,156,196,existing,965.5489021280521
117,117,6,157,48,allocated,253.41218220257227,117,6,157,48,allocated,253.41218220257227,117,6,157,48,allocated,253.41218220257227,117,17,157,168,allocated,433.76933423307366,117,15,157,119,allocated,1079.182357759349,117,44,157,176,existing,1216.1045276192306,117,53,157,176,existing,1216.1045276192306,117,48,157,176,existing,1216.1045276192306,117,41,157,176,existing,1216.1045276192306,117,52,157,85,existing,1375.2496318720944,117,54,157,85,existing,1375.2496318720944,117,47,157,196,existing,1457.4979141065735,117,45,157,196,existing,1457.4979141065735
118,118,6,158,48,allocated,394.72475539050686,118,6,158,48,allocated,394.72475539050686,118,6,158,48,allocated,394.72475539050686,118,17,158,168,allocated,575.0819074210083,118,15,158,119,allocated,1220.4949309472836,118,53,158,176,existing,1357.417100807165,118,41,158,176,existing,1357.417100807165,118,52,158,85,existing,1516.562205060029,118,54,158,85,existing,1516.562205060029,118,48,158,176,existing,1357.417100807165,118,44,158,176,existing,1357.417100807165,118,47,158,196,existing,1598.8104872945082,118,51,158,196,existing,1598.8104872945082
119,119,24,166,258,allocated,384.3046097857181,119,24,166,240,existing,270.9768638824063,119,24,166,258,allocated,384.3046097857181,119,46,166,135,existing,511.16442532189797,119,43,166,28,existing,641.4249827163401,119,8,166,51,allocated,642.3006416137766,119,49,166,28,existing,641.4249827163401,119,40,166,177,existing,845.5935170869875,119,42,166,301,existing,835.1264825357116,119,54,166,85,existing,1208.5617567953127,119,52,166,85,existing,1208.5617567953127,119,51,166,196,existing,1330.6218394163664,119,50,166,196,existing,1330.6218394163664
120,120,24,167,258,allocated,466.3952855642312,120,24,167,240,existing,353.06753966091935,120,24,167,258,allocated,466.3952855642312,120,46,167,135,existing,429.0737495433849,120,49,167,28,existing,559.334306937827,120,43,167,28,existing,559.334306937827,120,8,167,51,allocated,724.3913173922897,120,42,167,301,existing,753.0358067571985,120,40,167,177,existing,927.6841928655006,120,54,167,85,existing,1126.4710810167996,120,52,167,85,existing,1126.4710810167996,120,50,167,196,existing,1248.5311636378533,120,51,167,196,existing,1248.5311636378533
121,121,6,168,48,allocated,326.9183670650348,121,6,168,9,allocated,309.03131631112825,121,6,168,168,allocated,0.0,121,17,168,168,allocated,0.0,121,15,168,119,allocated,683.6727344970305,121,48,168,176,existing,782.3351933861568,121,41,168,176,existing,782.3351933861568,121,52,168,85,existing,941.4802976390208,121,54,168,85,existing,941.4802976390208,121,44,168,176,existing,782.3351933861568,121,53,168,176,existing,782.3351933861568,121,39,168,196,existing,1026.940909256951,121,45,168,196,existing,1026.940909256951
122,122,34,170,28,existing,403.2560409157211,122,34,170,173,existing,800.059338458853,122,34,170,28,existing,403.2560409157211,122,49,170,28,existing,403.2560409157211,122,43,170,28,existing,403.2560409157211,122,42,170,301,existing,596.9575407350926,122,46,170,135,existing,440.0585301953381,122,40,170,177,existing,930.087591888478,122,54,170,85,existing,970.3928149946937,122,41,170,176,existing,1129.5379192475575,122,52,170,85,existing,970.3928149946937,122,48,170,176,existing,1129.5379192475575,122,44,170,176,existing,1129.5379192475575
123,123,34,171,28,existing,216.9713454801842,123,34,171,173,existing,613.7746430233161,123,34,171,28,existing,216.9713454801842,123,49,171,28,existing,216.9713454801842,123,43,171,28,existing,216.9713454801842,123,42,171,301,existing,410.6728452995557,123,46,171,135,existing,253.77383475980122,123,40,171,177,existing,743.802896452941,123,53,171,176,existing,943.2532238120207,123,52,171,85,existing,784.1081195591568,123,54,171,85,existing,784.1081195591568,123,41,171,176,existing,943.2532238120207,123,48,171,176,existing,943.2532238120207
124,124,34,172,28,existing,298.07266646393884,124,34,172,173,existing,694.8759640070707,124,34,172,28,existing,298.07266646393884,124,49,172,28,existing,298.07266646393884,124,43,172,28,existing,298.07266646393884,124,42,172,301,existing,491.77416628331036,124,46,172,135,existing,334.87515574355587,124,40,172,177,existing,824.9042174366957,124,53,172,176,existing,1024.3545447957754,124,52,172,85,existing,865.2094405429114,124,54,172,85,existing,865.2094405429114,124,44,172,176,existing,1024.3545447957754,124,48,172,176,existing,1024.3545447957754
125,125,31,173,221,existing,158.82248646650905,125,31,173,173,existing,0.0,125,31,173,173,existing,0.0,125,42,173,301,existing,203.10179772376037,125,8,173,51,allocated,379.8645562957829,125,49,173,28,existing,396.80329754313186,125,43,173,28,existing,396.80329754313186,125,40,173,177,existing,430.7374788946299,125,54,173,85,existing,485.2243146752668,125,52,173,85,existing,485.2243146752668,125,46,173,135,existing,480.7500917899688,125,50,173,196,existing,595.5308204539384,125,47,173,196,existing,595.5308204539384
126,126,32,176,85,existing,159.14510425286397,126,32,176,72,allocated,99.4719925855156,126,32,176,176,allocated,0.0,126,41,176,176,existing,0.0,126,53,176,176,existing,0.0,126,48,176,176,existing,0.0,126,44,176,176,existing,0.0,126,51,176,196,existing,269.2367458320483,126,54,176,85,existing,159.14510425286397,126,39,176,196,existing,269.2367458320483,126,52,176,85,existing,159.14510425286397,126,47,176,196,existing,269.2367458320483,126,50,176,196,existing,269.2367458320483
127,127,36,177,177,existing,0.0,127,36,177,173,existing,430.7374788946299,127,36,177,177,allocated,0.0,127,40,177,177,existing,0.0,127,42,177,301,existing,334.17272782494683,127,49,177,28,existing,527.8742276443184,127,43,177,28,existing,527.8742276443184,127,54,177,85,existing,659.1382954204578,127,52,177,85,existing,659.1382954204578,127,46,177,135,existing,609.5293587086599,127,8,177,51,allocated,733.3043431933766,127,37,177,196,existing,769.4448011991294,127,47,177,196,existing,769.4448011991294
128,128,36,178,177,existing,29.64894889697995,128,36,178,173,existing,460.38642779160983,128,36,178,177,allocated,29.64894889697995,128,40,178,177,existing,29.64894889697995,128,42,178,301,existing,363.8216767219268,128,43,178,28,existing,557.5231765412983,128,49,178,28,existing,557.5231765412983,128,8,178,51,allocated,762.9532920903565,128,54,178,85,existing,688.7872443174379,128,52,178,85,existing,688.7872443174379,128,46,178,135,existing,639.1783076056399,128,47,178,196,existing,799.0937500961095,128,51,178,196,existing,799.0937500961095
129,129,35,179,212,existing,231.7197487677364,129,35,179,9,allocated,380.41991418443695,129,35,179,303,allocated,328.68281003940774,129,15,179,119,allocated,504.4790275925887,129,17,179,168,allocated,689.4512304955653,129,52,179,85,existing,852.8648409583475,129,54,179,85,existing,852.8648409583475,129,38,179,196,existing,888.5934697358608,129,50,179,196,existing,888.5934697358608,129,47,179,196,existing,888.5934697358608,129,37,179,196,existing,888.5934697358608,129,45,179,196,existing,888.5934697358608,129,51,179,196,existing,888.5934697358608
130,130,31,180,221,existing,367.6545878303781,130,31,180,173,existing,208.832101363869,130,31,180,173,existing,208.832101363869,130,8,180,51,allocated,280.5998889719194,130,42,180,301,existing,411.9338990876293,130,39,180,196,existing,584.5549366874984,130,45,180,196,existing,584.5549366874984,130,38,180,196,existing,584.5549366874984,130,50,180,196,existing,584.5549366874984,130,37,180,196,existing,584.5549366874984,130,47,180,196,existing,584.5549366874984,130,51,180,196,existing,584.5549366874984,130,49,180,28,existing,605.6353989070008
131,131,24,184,258,allocated,522.4863861392646,131,24,184,173,existing,486.0824555912275,131,24,184,51,allocated,264.49035431120603,131,8,184,51,allocated,264.49035431120603,131,42,184,301,existing,689.1842533149878,131,38,184,196,existing,790.1939802717757,131,47,184,196,existing,790.1939802717757,131,45,184,196,existing,790.1939802717757,131,51,184,196,existing,790.1939802717757,131,39,184,196,existing,790.1939802717757,131,50,184,196,existing,790.1939802717757,131,43,184,28,existing,882.8857531343593,131,37,184,196,existing,790.1939802717757
132,132,24,185,258,allocated,471.51399189474546,132,24,185,173,existing,435.1100613467083,132,24,185,51,allocated,213.51796006668687,132,8,185,51,allocated,213.51796006668687,132,42,185,301,existing,638.2118590704687,132,45,185,196,existing,810.8328966703377,132,39,185,196,existing,810.8328966703377,132,51,185,196,existing,810.8328966703377,132,37,185,196,existing,810.8328966703377,132,38,185,196,existing,810.8328966703377,132,47,185,196,existing,810.8328966703377,132,50,185,196,existing,810.8328966703377,132,49,185,28,existing,831.9133588898402
133,133,34,187,28,existing,655.2221647890276,133,34,187,240,existing,670.957475310158,133,34,187,260,allocated,466.821067990984,133,46,187,135,existing,541.7416334534081,133,49,187,28,existing,655.2221647890276,133,42,187,301,existing,848.9236646083991,133,43,187,28,existing,655.2221647890276,133,8,187,51,allocated,959.4626868717743,133,40,187,177,existing,1045.6545005865523,133,52,187,85,existing,1222.3589388680002,133,54,187,85,existing,1222.3589388680002,133,47,187,196,existing,1344.4190214890536,133,50,187,196,existing,1344.4190214890536
134,134,32,188,85,existing,519.6062003451643,134,32,188,72,allocated,522.1568589711685,134,32,188,0,allocated,185.36632128842325,134,51,188,196,existing,352.3921057246358,134,45,188,196,existing,352.3921057246358,134,50,188,196,existing,352.3921057246358,134,37,188,196,existing,352.3921057246358,134,47,188,196,existing,352.3921057246358,134,52,188,85,existing,519.6062003451643,134,38,188,196,existing,352.3921057246358,134,39,188,196,existing,352.3921057246358,134,41,188,176,existing,621.6288515566841,134,54,188,85,existing,519.6062003451643
135,135,24,189,258,allocated,888.9452822309006,135,24,189,240,existing,1002.2730281342124,135,24,189,51,allocated,630.9492504028419,135,8,189,51,allocated,630.9492504028419,135,42,189,301,existing,1213.9156044223853,135,37,189,196,existing,1313.6028010187329,135,50,189,196,existing,1313.6028010187329,135,45,189,196,existing,1313.6028010187329,135,47,189,196,existing,1313.6028010187329,135,39,189,196,existing,1313.6028010187329,135,51,189,196,existing,1313.6028010187329,135,40,189,177,existing,1364.2535935962187,135,38,189,196,existing,1313.6028010187329
136,136,24,190,258,allocated,813.0382809317609,136,24,190,240,existing,926.3660268350727,136,24,190,51,allocated,555.0422491037023,136,8,190,51,allocated,555.0422491037023,136,42,190,301,existing,1138.0086031232456,136,45,190,196,existing,1237.6957997195932,136,38,190,196,existing,1237.6957997195932,136,50,190,196,existing,1237.6957997195932,136,39,190,196,existing,1237.6957997195932,136,51,190,196,existing,1237.6957997195932,136,37,190,196,existing,1237.6957997195932,136,40,190,177,existing,1288.346592297079,136,47,190,196,existing,1237.6957997195932
137,137,24,191,258,allocated,718.5337411807149,137,24,191,240,existing,831.8614870840267,137,24,191,258,allocated,718.5337411807149,137,8,191,51,allocated,753.66640643474,137,42,191,301,existing,1336.6327604542832,137,46,191,135,existing,1383.339393513681,137,40,191,177,existing,1377.4134137470805,137,37,191,196,existing,1436.3199570506308,137,45,191,196,existing,1436.3199570506308,137,47,191,196,existing,1436.3199570506308,137,51,191,196,existing,1436.3199570506308,137,50,191,196,existing,1436.3199570506308,137,39,191,196,existing,1436.3199570506308
138,138,24,192,258,allocated,752.7720872173996,138,24,192,240,existing,866.0998331207115,138,24,192,258,allocated,752.7720872173996,138,8,192,51,allocated,787.9047524714248,138,42,192,301,existing,1370.8711064909683,138,46,192,135,existing,1417.577739550366,138,40,192,177,existing,1411.651759783765,138,45,192,196,existing,1470.5583030873158,138,50,192,196,existing,1470.5583030873158,138,37,192,196,existing,1470.5583030873158,138,51,192,196,existing,1470.5583030873158,138,47,192,196,existing,1470.5583030873158,138,39,192,196,existing,1470.5583030873158
139,139,23,193,232,allocated,160.3158788057458,139,23,193,254,existing,133.61013622888277,139,23,193,232,allocated,160.3158788057458,139,15,193,119,allocated,258.23714720864785,139,17,193,168,allocated,625.1311221961947,139,51,193,196,existing,1366.297951575785,139,50,193,196,existing,1366.297951575785,139,39,193,196,existing,1366.297951575785,139,38,193,196,existing,1366.297951575785,139,47,193,196,existing,1366.297951575785,139,45,193,196,existing,1366.297951575785,139,41,193,176,existing,1407.4663155823514,139,37,193,196,existing,1366.297951575785
140,140,24,194,258,allocated,558.6361748876957,140,24,194,240,existing,671.9639207910075,140,24,194,51,allocated,523.9925963998967,140,8,194,51,allocated,523.9925963998967,140,40,194,177,existing,1033.9444862530138,140,46,194,135,existing,1066.0293708136994,140,42,194,301,existing,1106.95895041944,140,43,194,28,existing,1196.2899282081414,140,52,194,85,existing,1389.0814673709465,140,54,194,85,existing,1389.0814673709465,140,49,194,28,existing,1196.2899282081414,140,50,194,196,existing,1389.1474220593143,140,37,194,196,existing,1389.1474220593143
141,141,24,195,258,allocated,515.886801286768,141,24,195,240,existing,629.2145471900798,141,24,195,258,allocated,515.886801286768,141,8,195,51,allocated,541.0007377696838,141,40,195,177,existing,991.1951126520861,141,42,195,301,existing,1110.2413316735974,141,46,195,135,existing,1023.2799972127717,141,54,195,85,existing,1406.0896087407336,141,49,195,28,existing,1153.5405546072136,141,43,195,28,existing,1153.5405546072136,141,52,195,85,existing,1406.0896087407336,141,37,195,196,existing,1406.1555634291014,141,39,195,196,existing,1406.1555634291014
142,142,24,197,258,allocated,516.3025052151868,142,24,197,240,existing,629.6302511184987,142,24,197,258,allocated,516.3025052151868,142,8,197,51,allocated,774.2985370432453,142,40,197,177,existing,1175.1821777815524,142,46,197,135,existing,1181.108157548153,142,42,197,301,existing,1294.228396803064,142,47,197,196,existing,1470.8683704826467,142,43,197,28,existing,1311.3687149425953,142,50,197,196,existing,1470.8683704826467,142,49,197,28,existing,1311.3687149425953,142,45,197,196,existing,1470.8683704826467,142,37,197,196,existing,1470.8683704826467
143,143,34,198,28,existing,276.32299730196104,143,34,198,173,existing,484.71623194977553,143,34,198,28,existing,276.32299730196104,143,43,198,28,existing,276.32299730196104,143,49,198,28,existing,276.32299730196104,143,46,198,135,existing,406.5835546964032,143,42,198,301,existing,372.9271915341098,143,52,198,85,existing,655.0497084856163,143,40,198,177,existing,658.6302126949665,143,44,198,176,existing,814.1948127384802,143,54,198,85,existing,655.0497084856163,143,53,198,176,existing,814.1948127384802,143,41,198,176,existing,814.1948127384802
144,144,34,201,28,existing,499.8444839345238,144,34,201,72,allocated,632.1490105711962,144,34,201,28,existing,499.8444839345238,144,49,201,28,existing,499.8444839345238,144,43,201,28,existing,499.8444839345238,144,52,201,85,existing,572.4758989038478,144,54,201,85,existing,572.4758989038478,144,42,201,301,existing,596.4486781666725,144,46,201,135,existing,630.105041328966,144,41,201,176,existing,731.6210031567118,144,44,201,176,existing,731.6210031567118,144,53,201,176,existing,731.6210031567118,144,48,201,176,existing,731.6210031567118
145,145,24,203,258,allocated,142.27754028862816,145,24,203,240,existing,255.60528619194002,145,24,203,258,allocated,142.27754028862816,145,8,203,51,allocated,400.27357211668675,145,40,203,177,existing,801.1572128549938,145,46,203,135,existing,807.0831926215944,145,42,203,301,existing,920.2034318765052,145,43,203,28,existing,937.3437500160367,145,49,203,28,existing,937.3437500160367,145,52,203,85,existing,1245.1689994720161,145,54,203,85,existing,1245.1689994720161,145,39,203,196,existing,1265.4283977761045,145,47,203,196,existing,1265.4283977761045
146,146,24,204,258,allocated,285.2022837401262,146,24,204,240,existing,398.53002964343807,146,24,204,258,allocated,285.2022837401262,146,8,204,51,allocated,543.1983155681847,146,40,204,177,existing,944.0819563064917,146,42,204,301,existing,1063.1281753280034,146,46,204,135,existing,950.0079360730924,146,54,204,85,existing,1388.0937429235141,146,49,204,28,existing,1080.2684934675347,146,52,204,85,existing,1388.0937429235141,146,43,204,28,existing,1080.2684934675347,146,45,204,196,existing,1408.3531412276027,146,38,204,196,existing,1408.3531412276027
147,147,24,205,258,allocated,268.954462609841,147,24,205,240,existing,382.28220851315285,147,24,205,258,allocated,268.954462609841,147,8,205,51,allocated,294.06839909275686,147,40,205,177,existing,744.262773975159,147,42,205,301,existing,863.3089929966704,147,46,205,135,existing,776.3476585358446,147,52,205,85,existing,1159.1572700638067,147,43,205,28,existing,906.6082159302867,147,54,205,85,existing,1159.1572700638067,147,49,205,28,existing,906.6082159302867,147,45,205,196,existing,1159.2232247521747,147,51,205,196,existing,1159.2232247521747
148,148,24,206,258,allocated,326.765998331821,148,24,206,240,existing,440.0937442351328,148,24,206,258,allocated,326.765998331821,148,8,206,51,allocated,351.8799348147368,148,40,206,177,existing,802.0743096971389,148,42,206,301,existing,921.1205287186503,148,46,206,135,existing,834.1591942578245,148,52,206,85,existing,1216.9688057857866,148,54,206,85,existing,1216.9688057857866,148,49,206,28,existing,964.4197516522667,148,43,206,28,existing,964.4197516522667,148,51,206,196,existing,1217.0347604741546,148,37,206,196,existing,1217.0347604741546
149,149,24,207,258,allocated,333.0034675356195,149,24,207,173,existing,304.857120588222,149,24,207,51,allocated,75.00743570756092,149,8,207,51,allocated,75.00743570756092,149,42,207,301,existing,507.95891831198236,149,49,207,28,existing,701.6604181313538,149,43,207,28,existing,701.6604181313538,149,46,207,135,existing,785.6072123781909,149,52,207,85,existing,790.0814352634889,149,54,207,85,existing,790.0814352634889,149,40,207,177,existing,735.5945994828519,149,37,207,196,existing,790.1473899518569,149,50,207,196,existing,790.1473899518569
150,150,31,208,221,existing,312.8708708103754,150,31,208,173,existing,154.04838434386625,150,31,208,173,existing,154.04838434386625,150,8,208,51,allocated,225.8161719519167,150,42,208,301,existing,357.1501820676266,150,43,208,28,existing,550.8516818869981,150,49,208,28,existing,550.8516818869981,150,52,208,85,existing,639.2726990191331,150,40,208,177,existing,584.7858632384962,150,54,208,85,existing,639.2726990191331,150,46,208,135,existing,634.798476133835,150,45,208,196,existing,639.3386537075012,150,50,208,196,existing,639.3386537075012
151,151,31,209,221,existing,418.7577304476076,151,31,209,173,existing,259.9352439810985,151,31,209,173,existing,259.9352439810985,151,8,209,51,allocated,331.7030315891489,151,42,209,301,existing,463.03704170485884,151,50,209,196,existing,533.451794070269,151,37,209,196,existing,533.451794070269,151,45,209,196,existing,533.451794070269,151,51,209,196,existing,533.451794070269,151,38,209,196,existing,533.451794070269,151,47,209,196,existing,533.451794070269,151,39,209,196,existing,533.451794070269,151,49,209,28,existing,656.7385415242303
152,152,34,210,28,existing,313.952453555675,152,34,210,240,existing,490.01450105501635,152,34,210,28,existing,313.952453555675,152,46,210,135,existing,183.69189616123282,152,43,210,28,existing,313.952453555675,152,42,210,301,existing,507.65395337504646,152,49,210,28,existing,313.952453555675,152,40,210,177,existing,620.2549192443074,152,54,210,85,existing,881.0892276346475,152,8,210,51,allocated,703.9258223794241,152,52,210,85,existing,881.0892276346475,152,51,210,196,existing,1003.1493102557013,152,38,210,196,existing,1003.1493102557013
153,153,35,211,212,existing,118.00873862162271,153,35,211,9,allocated,439.1786481451735,153,35,211,303,allocated,214.97179989329402,153,15,211,119,allocated,618.1900377387024,153,17,211,168,allocated,637.6780424564064,153,52,211,85,existing,843.7918036955787,153,54,211,85,existing,843.7918036955787,153,50,211,196,existing,879.520432473092,153,38,211,196,existing,879.520432473092,153,39,211,196,existing,879.520432473092,153,37,211,196,existing,879.520432473092,153,51,211,196,existing,879.520432473092,153,47,211,196,existing,879.520432473092
154,154,35,212,212,existing,0.0,154,35,212,9,allocated,557.1873867667962,154,35,212,303,allocated,96.96306127167131,154,15,212,119,allocated,736.1987763603252,154,17,212,168,allocated,755.6867810780291,154,52,212,85,existing,811.5826827864323,154,54,212,85,existing,811.5826827864323,154,38,212,196,existing,847.3113115639457,154,45,212,196,existing,847.3113115639457,154,39,212,196,existing,847.3113115639457,154,37,212,196,existing,847.3113115639457,154,47,212,196,existing,847.3113115639457,154,50,212,196,existing,847.3113115639457
155,155,32,213,85,existing,682.271228755527,155,32,213,72,allocated,622.5981170881786,155,32,213,72,existing,622.5981170881786,155,52,213,85,existing,682.271228755527,155,54,213,85,existing,682.271228755527,155,48,213,176,existing,722.0701096736941,155,53,213,176,existing,722.0701096736941,155,41,213,176,existing,722.0701096736941,155,39,213,196,existing,792.3628703347113,155,44,213,176,existing,722.0701096736941,155,37,213,196,existing,792.3628703347113,155,47,213,196,existing,792.3628703347113,155,51,213,196,existing,792.3628703347113
156,156,34,214,28,existing,45.97090392376508,156,34,214,173,existing,442.7742014668969,156,34,214,28,existing,45.97090392376508,156,49,214,28,existing,45.97090392376508,156,43,214,28,existing,45.97090392376508,156,46,214,135,existing,176.2314613182072,156,42,214,301,existing,239.67240374313656,156,52,214,85,existing,613.1076780027377,156,40,214,177,existing,573.8451315680834,156,54,214,85,existing,613.1076780027377,156,41,214,176,existing,772.2527822556016,156,48,214,176,existing,772.2527822556016,156,44,214,176,existing,772.2527822556016
157,157,34,215,28,existing,296.0614188199242,157,34,215,173,existing,646.5509532154508,157,34,215,259,allocated,179.70911847121866,157,46,215,135,existing,285.30115844100214,157,49,215,28,existing,296.0614188199242,157,42,215,301,existing,489.76291863929566,157,43,215,28,existing,296.0614188199242,157,52,215,85,existing,863.1981928988967,157,54,215,85,existing,863.1981928988967,157,50,215,196,existing,985.2582755199504,157,40,215,177,existing,775.330220134142,157,51,215,196,existing,985.2582755199504,157,45,215,196,existing,985.2582755199504
158,158,34,216,28,existing,70.51040888668209,158,34,216,173,existing,420.99994328220873,158,34,216,28,existing,70.51040888668209,158,46,216,135,existing,59.750148507760045,158,49,216,28,existing,70.51040888668209,158,42,216,301,existing,264.2119087060536,158,43,216,28,existing,70.51040888668209,158,37,216,196,existing,759.7072655867083,158,54,216,85,existing,637.6471829656546,158,52,216,85,existing,637.6471829656546,158,40,216,177,existing,549.7792102008998,158,50,216,196,existing,759.7072655867083,158,51,216,196,existing,759.7072655867083
159,159,32,217,85,existing,792.1767017364698,159,32,217,72,allocated,732.5035900691214,159,32,217,72,allocated,732.5035900691214,159,52,217,85,existing,792.1767017364698,159,54,217,85,existing,792.1767017364698,159,53,217,176,existing,831.9755826546369,159,48,217,176,existing,831.9755826546369,159,50,217,196,existing,902.2683433156541,159,44,217,176,existing,831.9755826546369,159,41,217,176,existing,831.9755826546369,159,51,217,196,existing,902.2683433156541,159,38,217,196,existing,902.2683433156541,159,39,217,196,existing,902.2683433156541
160,160,6,219,48,allocated,641.211440718474,160,6,219,48,allocated,641.211440718474,160,6,219,168,allocated,461.91038391948854,160,17,219,168,allocated,461.91038391948854,160,15,219,119,allocated,1107.323407445764,160,41,219,176,existing,1244.2455773056454,160,48,219,176,existing,1244.2455773056454,160,53,219,176,existing,1244.2455773056454,160,52,219,85,existing,1403.3906815585092,160,44,219,176,existing,1244.2455773056454,160,54,219,85,existing,1403.3906815585092,160,47,219,196,existing,1485.6389637929885,160,45,219,196,existing,1485.6389637929885
161,161,6,220,48,allocated,712.8642547744557,161,6,220,48,allocated,712.8642547744557,161,6,220,168,allocated,533.5631979754703,161,17,220,168,allocated,533.5631979754703,161,15,220,119,allocated,1178.9762215017458,161,48,220,176,existing,1315.898391361627,161,53,220,176,existing,1315.898391361627,161,41,220,176,existing,1315.898391361627,161,44,220,176,existing,1315.898391361627,161,52,220,85,existing,1475.043495614491,161,54,220,85,existing,1475.043495614491,161,38,220,196,existing,1557.2917778489702,161,50,220,196,existing,1557.2917778489702
162,162,23,222,232,allocated,418.01418343215556,162,23,222,254,existing,391.30844085529253,162,23,222,168,allocated,296.835046274703,162,17,222,168,allocated,296.835046274703,162,15,222,119,allocated,515.9354518350576,162,44,222,176,existing,1079.1702396608598,162,48,222,176,existing,1079.1702396608598,162,53,222,176,existing,1079.1702396608598,162,52,222,85,existing,1188.3743474584812,162,54,222,85,existing,1188.3743474584812,162,41,222,176,existing,1079.1702396608598,162,37,222,196,existing,1224.1029762359947,162,51,222,196,existing,1224.1029762359947
163,163,23,223,232,allocated,353.46530162579046,163,23,223,254,existing,326.75955904892743,163,23,223,168,allocated,232.28616446833792,163,17,223,168,allocated,232.28616446833792,163,15,223,119,allocated,451.3865700286925,163,48,223,176,existing,1014.6213578544947,163,44,223,176,existing,1014.6213578544947,163,41,223,176,existing,1014.6213578544947,163,52,223,85,existing,1123.825465652116,163,54,223,85,existing,1123.825465652116,163,53,223,176,existing,1014.6213578544947,163,50,223,196,existing,1159.5540944296295,163,38,223,196,existing,1159.5540944296295
164,164,32,224,85,existing,457.79139494974817,164,32,224,72,allocated,460.34205357575246,164,32,224,278,allocated,203.2887263657621,164,45,224,196,existing,290.5773003292198,164,38,224,196,existing,290.5773003292198,164,50,224,196,existing,290.5773003292198,164,47,224,196,existing,290.5773003292198,164,51,224,196,existing,290.5773003292198,164,37,224,196,existing,290.5773003292198,164,39,224,196,existing,290.5773003292198,164,54,224,85,existing,457.79139494974817,164,53,224,176,existing,559.814046161268,164,52,224,85,existing,457.79139494974817
165,165,6,225,48,allocated,454.1635590593339,165,6,225,48,allocated,454.1635590593339,165,6,225,48,allocated,454.1635590593339,165,17,225,168,allocated,634.5207110898353,165,15,225,119,allocated,1279.9337346161108,165,53,225,176,existing,1416.8559044759922,165,48,225,176,existing,1416.8559044759922,165,41,225,176,existing,1416.8559044759922,165,54,225,85,existing,1576.001008728856,165,44,225,176,existing,1416.8559044759922,165,52,225,85,existing,1576.001008728856,165,47,225,196,existing,1658.2492909633352,165,45,225,196,existing,1658.2492909633352
166,166,23,226,232,allocated,637.5697701041327,166,23,226,254,existing,658.2943247778244,166,23,226,31,allocated,218.80055599685582,166,15,226,119,allocated,500.2852446764166,166,50,226,196,existing,722.3111913653843,166,39,226,196,existing,722.3111913653843,166,37,226,196,existing,722.3111913653843,166,51,226,196,existing,722.3111913653843,166,47,226,196,existing,722.3111913653843,166,38,226,196,existing,722.3111913653843,166,45,226,196,existing,722.3111913653843,166,54,226,85,existing,880.2445624071905,166,52,226,85,existing,880.2445624071905
167,167,33,227,303,existing,637.6064417151475,167,33,227,254,existing,669.8524753123877,167,33,227,31,allocated,207.24240546229248,167,15,227,119,allocated,511.8433952109799,167,50,227,196,existing,710.753040830821,167,38,227,196,existing,710.753040830821,167,51,227,196,existing,710.753040830821,167,45,227,196,existing,710.753040830821,167,47,227,196,existing,710.753040830821,167,39,227,196,existing,710.753040830821,167,37,227,196,existing,710.753040830821,167,54,227,85,existing,868.6864118726272,167,52,227,85,existing,868.6864118726272
168,168,24,228,258,allocated,453.6243225613517,168,24,228,240,existing,566.9520684646635,168,24,228,258,allocated,453.6243225613517,168,8,228,51,allocated,711.6203543894103,168,40,228,177,existing,1112.5039951277172,168,42,228,301,existing,1231.5502141492289,168,46,228,135,existing,1118.4299748943179,168,49,228,28,existing,1248.69053228876,168,43,228,28,existing,1248.69053228876,168,51,228,196,existing,1533.5465531364816,168,45,228,196,existing,1533.5465531364816,168,47,228,196,existing,1533.5465531364816,168,38,228,196,existing,1533.5465531364816
169,169,34,229,28,existing,367.7104320107504,169,34,229,173,existing,530.6598982587004,169,34,229,22,allocated,179.997059851819,169,49,229,28,existing,367.7104320107504,169,43,229,28,existing,367.7104320107504,169,42,229,301,existing,418.8708578430346,169,46,229,135,existing,497.97098940519254,169,54,229,85,existing,700.9933747945412,169,41,229,176,existing,860.1384790474051,169,40,229,177,existing,704.5738790038914,169,52,229,85,existing,700.9933747945412,169,53,229,176,existing,860.1384790474051,169,48,229,176,existing,860.1384790474051
170,170,34,231,28,existing,752.6668302876793,170,34,231,72,allocated,884.9713569243517,170,34,231,28,existing,752.6668302876793,170,43,231,28,existing,752.6668302876793,170,49,231,28,existing,752.6668302876793,170,54,231,85,existing,825.2982452570033,170,52,231,85,existing,825.2982452570033,170,44,231,176,existing,984.4433495098673,170,46,231,135,existing,882.9273876821214,170,48,231,176,existing,984.4433495098673,170,42,231,301,existing,849.271024519828,170,53,231,176,existing,984.4433495098673,170,41,231,176,existing,984.4433495098673
171,171,23,233,232,allocated,156.7608075343889,171,23,233,254,existing,183.46655011125193,171,23,233,232,allocated,156.7608075343889,171,15,233,119,allocated,161.22620259624037,171,17,233,168,allocated,742.5122736285174,171,39,233,196,existing,1203.120153935128,171,45,233,196,existing,1203.120153935128,171,37,233,196,existing,1203.120153935128,171,51,233,196,existing,1203.120153935128,171,47,233,196,existing,1203.120153935128,171,50,233,196,existing,1203.120153935128,171,52,233,85,existing,1361.053524976934,171,38,233,196,existing,1203.120153935128
172,172,23,234,232,allocated,357.1364776182145,172,23,234,254,existing,330.43073504135145,172,23,234,232,allocated,357.1364776182145,172,15,234,119,allocated,455.0577460211166,172,17,234,168,allocated,560.9838166998042,172,53,234,176,existing,1343.319010085961,172,48,234,176,existing,1343.319010085961,172,44,234,176,existing,1343.319010085961,172,41,234,176,existing,1343.319010085961,172,52,234,85,existing,1452.523117883582,172,54,234,85,existing,1452.523117883582,172,50,234,196,existing,1488.2517466610955,172,45,234,196,existing,1488.2517466610955
173,173,23,235,232,allocated,246.1027111093338,173,23,235,254,existing,219.39696853247077,173,23,235,119,allocated,61.38788843106304,173,15,235,119,allocated,61.38788843106304,173,17,235,168,allocated,745.0606229280935,173,51,235,196,existing,1046.672915936074,173,39,235,196,existing,1046.672915936074,173,47,235,196,existing,1046.672915936074,173,37,235,196,existing,1046.672915936074,173,38,235,196,existing,1046.672915936074,173,45,235,196,existing,1046.672915936074,173,50,235,196,existing,1046.672915936074,173,54,235,85,existing,1204.6062869778802
174,174,23,236,232,allocated,313.6914148221539,174,23,236,254,existing,286.98567224529086,174,23,236,119,allocated,128.97659214388312,174,15,236,119,allocated,128.97659214388312,174,17,236,168,allocated,812.6493266409136,174,50,236,196,existing,979.0842122232541,174,51,236,196,existing,979.0842122232541,174,45,236,196,existing,979.0842122232541,174,37,236,196,existing,979.0842122232541,174,38,236,196,existing,979.0842122232541,174,47,236,196,existing,979.0842122232541,174,52,236,85,existing,1137.0175832650602,174,39,236,196,existing,979.0842122232541
175,175,23,237,232,allocated,395.7562981271718,175,23,237,9,allocated,305.4478703022521,175,23,237,168,allocated,274.5771609697193,175,17,237,168,allocated,274.5771609697193,175,15,237,119,allocated,493.67756653007393,175,48,237,176,existing,1056.912354355876,175,53,237,176,existing,1056.912354355876,175,54,237,85,existing,1098.1607564704568,175,41,237,176,existing,1056.912354355876,175,44,237,176,existing,1056.912354355876,175,52,237,85,existing,1098.1607564704568,175,45,237,196,existing,1133.8893852479703,175,51,237,196,existing,1133.8893852479703
176,176,23,238,232,allocated,477.9764625313496,176,23,238,9,allocated,223.2277058980743,176,23,238,9,allocated,223.2277058980743,176,17,238,168,allocated,356.7973253738971,176,15,238,119,allocated,575.8977309342517,176,54,238,85,existing,1015.9405920662791,176,52,238,85,existing,1015.9405920662791,176,38,238,196,existing,1051.6692208437926,176,51,238,196,existing,1051.6692208437926,176,39,238,196,existing,1051.6692208437926,176,37,238,196,existing,1051.6692208437926,176,47,238,196,existing,1051.6692208437926,176,45,238,196,existing,1051.6692208437926
177,177,24,239,258,allocated,374.9190031552606,177,24,239,240,existing,482.15215567157816,177,24,239,258,allocated,374.9190031552606,177,46,239,135,existing,316.0646305758592,177,40,239,177,existing,444.65117748870836,177,49,239,28,existing,446.3251879703013,177,43,239,28,existing,446.3251879703013,177,54,239,85,existing,888.6629641057308,177,42,239,301,existing,563.6973965102197,177,8,239,51,allocated,449.3436737822717,177,52,239,85,existing,888.6629641057308,177,39,239,196,existing,998.9694698844024,177,47,239,196,existing,998.9694698844024
178,178,23,241,232,allocated,453.46398042489477,178,23,241,254,existing,426.75823784803174,178,23,241,50,allocated,310.18371510995576,178,15,241,119,allocated,551.3852488277969,178,17,241,168,allocated,580.1139064980562,178,53,241,176,existing,1362.449099884213,178,48,241,176,existing,1362.449099884213,178,44,241,176,existing,1362.449099884213,178,41,241,176,existing,1362.449099884213,178,54,241,85,existing,1471.6532076818344,178,52,241,85,existing,1471.6532076818344,178,50,241,196,existing,1507.3818364593478,178,38,241,196,existing,1507.3818364593478
179,179,24,242,258,allocated,534.3149672291153,179,24,242,240,existing,647.6427131324272,179,24,242,258,allocated,534.3149672291153,179,8,242,51,allocated,559.4289037120311,179,40,242,177,existing,1009.6232785944333,179,46,242,135,existing,1041.7081631551189,179,42,242,301,existing,1128.6694976159447,179,52,242,85,existing,1424.517774683081,179,49,242,28,existing,1171.968720549561,179,43,242,28,existing,1171.968720549561,179,54,242,85,existing,1424.517774683081,179,45,242,196,existing,1424.583729371449,179,51,242,196,existing,1424.583729371449
180,180,24,243,258,allocated,532.3554953347032,180,24,243,240,existing,645.683241238015,180,24,243,258,allocated,532.3554953347032,180,8,243,51,allocated,557.469431817619,180,40,243,177,existing,1007.663806700021,180,46,243,135,existing,1039.7486912607067,180,42,243,301,existing,1126.7100257215325,180,49,243,28,existing,1170.009248655149,180,43,243,28,existing,1170.009248655149,180,52,243,85,existing,1422.558302788669,180,54,243,85,existing,1422.558302788669,180,39,243,196,existing,1422.6242574770367,180,45,243,196,existing,1422.6242574770367
181,181,23,244,232,allocated,310.71204767019015,181,23,244,254,existing,284.0063050933271,181,23,244,232,allocated,310.71204767019015,181,15,244,119,allocated,408.63331607309226,181,17,244,168,allocated,775.5272910606391,181,38,244,196,existing,1516.6941204402292,181,37,244,196,existing,1516.6941204402292,181,51,244,196,existing,1516.6941204402292,181,39,244,196,existing,1516.6941204402292,181,47,244,196,existing,1516.6941204402292,181,45,244,196,existing,1516.6941204402292,181,50,244,196,existing,1516.6941204402292,181,48,244,176,existing,1557.8624844467959
182,182,24,245,258,allocated,345.7239525114979,182,24,245,240,existing,459.0516984148097,182,24,245,258,allocated,345.7239525114979,182,8,245,51,allocated,370.83788899441373,182,40,245,177,existing,821.0322638768159,182,42,245,301,existing,940.0784828983274,182,46,245,135,existing,853.1171484375016,182,49,245,28,existing,983.3777058319437,182,54,245,85,existing,1235.9267599654636,182,52,245,85,existing,1235.9267599654636,182,43,245,28,existing,983.3777058319437,182,51,245,196,existing,1235.9927146538314,182,45,245,196,existing,1235.9927146538314
183,183,23,246,232,allocated,702.1271652184963,183,23,246,333,existing,132.8833735236941,183,23,246,50,allocated,620.4625402244318,183,15,246,119,allocated,800.0484336213985,183,17,246,168,allocated,942.7905564382361,183,44,246,176,existing,1725.125749824393,183,53,246,176,existing,1725.125749824393,183,41,246,176,existing,1725.125749824393,183,52,246,85,existing,1883.9890279236834,183,48,246,176,existing,1725.125749824393,183,54,246,85,existing,1883.9890279236834,183,51,246,196,existing,1908.1092379885356,183,50,246,196,existing,1908.1092379885356
184,184,34,247,28,existing,606.9245303586812,184,34,247,240,existing,694.6945429622028,184,34,247,260,allocated,418.52343356063756,184,46,247,135,existing,493.44399902306174,184,43,247,28,existing,606.9245303586812,184,49,247,28,existing,606.9245303586812,184,42,247,301,existing,800.6260301780527,184,8,247,51,allocated,911.1650524414279,184,40,247,177,existing,997.356866156206,184,52,247,85,existing,1174.0613044376537,184,54,247,85,existing,1174.0613044376537,184,47,247,196,existing,1296.1213870587073,184,51,247,196,existing,1296.1213870587073
185,185,24,248,258,allocated,430.34454499163144,185,24,248,240,existing,543.6722908949432,185,24,248,51,allocated,395.7009665038324,185,8,248,51,allocated,395.7009665038324,185,40,248,177,existing,905.6528563569494,185,46,248,135,existing,937.737740917635,185,42,248,301,existing,978.6673205233757,185,49,248,28,existing,1067.9982983120772,185,43,248,28,existing,1067.9982983120772,185,54,248,85,existing,1260.7898374748822,185,52,248,85,existing,1260.7898374748822,185,51,248,196,existing,1260.85579216325,185,38,248,196,existing,1260.85579216325
186,186,24,249,258,allocated,236.66118495130158,186,24,249,240,existing,349.9889308546134,186,24,249,258,allocated,236.66118495130158,186,8,249,51,allocated,261.77512143421745,186,40,249,177,existing,711.9694963166196,186,42,249,301,existing,831.015715338131,186,46,249,135,existing,744.0543808773052,186,43,249,28,existing,874.3149382717473,186,54,249,85,existing,1126.8639924052673,186,49,249,28,existing,874.3149382717473,186,52,249,85,existing,1126.8639924052673,186,51,249,196,existing,1126.9299470936353,186,37,249,196,existing,1126.9299470936353
187,187,6,250,48,allocated,580.6049271945133,187,6,250,48,allocated,580.6049271945133,187,6,250,168,allocated,547.4225625685253,187,17,250,168,allocated,547.4225625685253,187,15,250,119,allocated,1192.8355860948009,187,53,250,176,existing,1329.7577559546821,187,48,250,176,existing,1329.7577559546821,187,41,250,176,existing,1329.7577559546821,187,54,250,85,existing,1488.902860207546,187,44,250,176,existing,1329.7577559546821,187,52,250,85,existing,1488.902860207546,187,45,250,196,existing,1571.1511424420253,187,47,250,196,existing,1571.1511424420253
188,188,23,251,232,allocated,173.3644436539883,188,23,251,254,existing,146.65870107712527,188,23,251,232,allocated,173.3644436539883,188,15,251,119,allocated,271.28571205689036,188,17,251,168,allocated,412.3870224401401,188,53,251,176,existing,1194.7222158262969,188,44,251,176,existing,1194.7222158262969,188,41,251,176,existing,1194.7222158262969,188,54,251,85,existing,1303.9263236239183,188,52,251,85,existing,1303.9263236239183,188,48,251,176,existing,1194.7222158262969,188,47,251,196,existing,1339.6549524014317,188,50,251,196,existing,1339.6549524014317
189,189,23,252,232,allocated,287.49925175317907,189,23,252,254,existing,260.79350917631604,189,23,252,232,allocated,287.49925175317907,189,17,252,168,allocated,298.25221434094925,189,15,252,119,allocated,385.4205201560811,189,41,252,176,existing,1080.587407727106,189,53,252,176,existing,1080.587407727106,189,44,252,176,existing,1080.587407727106,189,54,252,85,existing,1189.7915155247274,189,48,252,176,existing,1080.587407727106,189,52,252,85,existing,1189.7915155247274,189,47,252,196,existing,1225.5201443022409,189,50,252,196,existing,1225.5201443022409
190,190,23,253,232,allocated,60.46811135183977,190,23,253,254,existing,33.76236877497674,190,23,253,232,allocated,60.46811135183977,190,15,253,119,allocated,158.38937975474184,190,17,253,168,allocated,525.2833547422886,190,38,253,196,existing,1266.450184121879,190,50,253,196,existing,1266.450184121879,190,39,253,196,existing,1266.450184121879,190,45,253,196,existing,1266.450184121879,190,37,253,196,existing,1266.450184121879,190,47,253,196,existing,1266.450184121879,190,48,253,176,existing,1307.6185481284454,190,51,253,196,existing,1266.450184121879
191,191,23,255,232,allocated,537.6750089738496,191,23,255,333,existing,297.33552976834085,191,23,255,232,allocated,537.6750089738496,191,15,255,119,allocated,635.5962773767517,191,17,255,168,allocated,975.1442097573907,191,38,255,196,existing,1743.657081743889,191,51,255,196,existing,1743.657081743889,191,39,255,196,existing,1743.657081743889,191,50,255,196,existing,1743.657081743889,191,37,255,196,existing,1743.657081743889,191,47,255,196,existing,1743.657081743889,191,48,255,176,existing,1757.4794031435476,191,45,255,196,existing,1743.657081743889
192,192,33,256,303,existing,291.44847723561446,192,33,256,9,allocated,534.4722605936867,192,33,256,110,allocated,225.9626987129775,192,15,256,119,allocated,658.5313740018385,192,54,256,85,existing,698.8124945490978,192,38,256,196,existing,734.5411233266111,192,52,256,85,existing,698.8124945490978,192,39,256,196,existing,734.5411233266111,192,51,256,196,existing,734.5411233266111,192,47,256,196,existing,734.5411233266111,192,45,256,196,existing,734.5411233266111,192,50,256,196,existing,734.5411233266111,192,37,256,196,existing,734.5411233266111
193,193,33,257,303,existing,153.6278021006388,193,33,257,72,allocated,501.3187077467738,193,33,257,110,allocated,88.14202357800185,193,54,257,85,existing,560.9918194141222,193,52,257,85,existing,560.9918194141222,193,37,257,196,existing,596.7204481916356,193,51,257,196,existing,596.7204481916356,193,47,257,196,existing,596.7204481916356,193,45,257,196,existing,596.7204481916356,193,50,257,196,existing,596.7204481916356,193,39,257,196,existing,596.7204481916356,193,38,257,196,existing,596.7204481916356,193,53,257,176,existing,600.7907003322894
194,194,24,258,258,allocated,0.0,194,24,258,240,existing,113.32774590331184,194,24,258,258,allocated,0.0,194,8,258,51,allocated,257.99603182805856,194,40,258,177,existing,658.8796725663656,194,42,258,301,existing,777.925891587877,194,46,258,135,existing,664.8056523329662,194,49,258,28,existing,795.0662097274085,194,54,258,85,existing,1102.891459183388,194,52,258,85,existing,1102.891459183388,194,43,258,28,existing,795.0662097274085,194,51,258,196,existing,1123.1508574874765,194,39,258,196,existing,1123.1508574874765
195,195,23,262,232,allocated,197.49608343009197,195,23,262,254,existing,224.201826006955,195,23,262,232,allocated,197.49608343009197,195,15,262,119,allocated,201.96147849194347,195,17,262,168,allocated,783.2475495242204,195,38,262,196,existing,1162.384878039425,195,50,262,196,existing,1162.384878039425,195,39,262,196,existing,1162.384878039425,195,51,262,196,existing,1162.384878039425,195,45,262,196,existing,1162.384878039425,195,37,262,196,existing,1162.384878039425,195,52,262,85,existing,1320.318249081231,195,47,262,196,existing,1162.384878039425
196,196,35,264,212,existing,305.9660662491045,196,35,264,9,allocated,369.1139512526588,196,35,264,9,allocated,369.1139512526588,196,17,264,168,allocated,567.6133455638917,196,52,264,85,existing,773.727106803064,196,15,264,119,allocated,806.1473653661842,196,54,264,85,existing,773.727106803064,196,47,264,196,existing,809.4557355805773,196,51,264,196,existing,809.4557355805773,196,38,264,196,existing,809.4557355805773,196,37,264,196,existing,809.4557355805773,196,45,264,196,existing,809.4557355805773,196,39,264,196,existing,809.4557355805773
197,197,23,266,232,allocated,459.8303125169516,197,23,266,254,existing,480.5548671906433,197,23,266,119,allocated,322.54578708923555,197,15,266,119,allocated,322.54578708923555,197,50,266,196,existing,900.0506489525653,197,39,266,196,existing,900.0506489525653,197,51,266,196,existing,900.0506489525653,197,47,266,196,existing,900.0506489525653,197,38,266,196,existing,900.0506489525653,197,37,266,196,existing,900.0506489525653,197,45,266,196,existing,900.0506489525653,197,52,266,85,existing,1057.9840199943715,197,17,266,168,allocated,1006.218521586266
198,198,24,267,258,allocated,448.90469958836735,198,24,267,240,existing,562.2324454916792,198,24,267,51,allocated,190.90866776030876,198,8,267,51,allocated,190.90866776030876,198,42,267,301,existing,773.8750217798521,198,46,267,135,existing,956.2978955143711,198,40,267,177,existing,924.2130109536855,198,43,267,28,existing,967.5765215992236,198,38,267,196,existing,975.8843401814786,198,49,267,28,existing,967.5765215992236,198,45,267,196,existing,975.8843401814786,198,51,267,196,existing,975.8843401814786,198,47,267,196,existing,975.8843401814786
199,199,24,268,258,allocated,424.80531680127524,199,24,268,240,existing,538.133062704587,199,24,268,51,allocated,166.80928497321665,199,8,268,51,allocated,166.80928497321665,199,42,268,301,existing,749.7756389927599,199,40,268,177,existing,900.1136281665933,199,46,268,135,existing,932.198512727279,199,49,268,28,existing,943.4771388121314,199,47,268,196,existing,999.9837229685709,199,43,268,28,existing,943.4771388121314,199,37,268,196,existing,999.9837229685709,199,45,268,196,existing,999.9837229685709,199,39,268,196,existing,999.9837229685709
200,200,24,269,258,allocated,574.0858987216786,200,24,269,240,existing,687.4136446249904,200,24,269,258,allocated,574.0858987216786,200,8,269,51,allocated,599.1998352045945,200,40,269,177,existing,1049.3942100869965,200,42,269,301,existing,1168.440429108508,200,46,269,135,existing,1081.4790946476821,200,49,269,28,existing,1211.7396520421244,200,43,269,28,existing,1211.7396520421244,200,52,269,85,existing,1464.2887061756444,200,54,269,85,existing,1464.2887061756444,200,38,269,196,existing,1464.3546608640122,200,51,269,196,existing,1464.3546608640122
201,201,24,270,258,allocated,636.9120859692753,201,24,270,240,existing,750.239831872587,201,24,270,258,allocated,636.9120859692753,201,8,270,51,allocated,662.0260224521911,201,40,270,177,existing,1112.2203973345931,201,46,270,135,existing,1144.3052818952788,201,42,270,301,existing,1231.2666163561046,201,54,270,85,existing,1527.114893423241,201,52,270,85,existing,1527.114893423241,201,49,270,28,existing,1274.565839289721,201,43,270,28,existing,1274.565839289721,201,47,270,196,existing,1527.1808481116088,201,51,270,196,existing,1527.1808481116088
202,202,35,271,212,existing,195.32473285590913,202,35,271,9,allocated,361.86265391088705,202,35,271,303,allocated,292.28779412758047,202,17,271,168,allocated,560.3620482221199,202,15,271,119,allocated,695.5060319729889,202,54,271,85,existing,766.4758094612922,202,52,271,85,existing,766.4758094612922,202,39,271,196,existing,802.2044382388056,202,38,271,196,existing,802.2044382388056,202,51,271,196,existing,802.2044382388056,202,45,271,196,existing,802.2044382388056,202,47,271,196,existing,802.2044382388056,202,50,271,196,existing,802.2044382388056
203,203,32,272,85,existing,447.0621251795096,203,32,272,72,allocated,387.3890135121612,203,32,272,72,allocated,387.3890135121612,203,54,272,85,existing,447.0621251795096,203,52,272,85,existing,447.0621251795096,203,53,272,176,existing,486.8610060976768,203,41,272,176,existing,486.8610060976768,203,48,272,176,existing,486.8610060976768,203,37,272,196,existing,557.1537667586939,203,50,272,196,existing,557.1537667586939,203,44,272,176,existing,486.8610060976768,203,38,272,196,existing,557.1537667586939,203,45,272,196,existing,557.1537667586939
204,204,24,273,258,allocated,64.1644504716787,204,24,273,240,existing,177.49219637499056,204,24,273,258,allocated,64.1644504716787,204,8,273,51,allocated,322.1604822997373,204,40,273,177,existing,723.0441230380443,204,46,273,135,existing,728.970102804645,204,42,273,301,existing,842.0903420595557,204,49,273,28,existing,859.2306601990872,204,54,273,85,existing,1167.0559096550667,204,52,273,85,existing,1167.0559096550667,204,43,273,28,existing,859.2306601990872,204,39,273,196,existing,1187.3153079591552,204,37,273,196,existing,1187.3153079591552
205,205,24,274,258,allocated,99.64376555885781,205,24,274,240,existing,212.97151146216967,205,24,274,258,allocated,99.64376555885781,205,8,274,51,allocated,357.63979738691637,205,40,274,177,existing,758.5234381252234,205,46,274,135,existing,764.449417891824,205,42,274,301,existing,877.5696571467348,205,54,274,85,existing,1202.5352247422459,205,49,274,28,existing,894.7099752862663,205,43,274,28,existing,894.7099752862663,205,52,274,85,existing,1202.5352247422459,205,45,274,196,existing,1222.7946230463342,205,50,274,196,existing,1222.7946230463342
206,206,31,275,221,existing,294.6893592170853,206,31,275,173,existing,135.86687275057622,206,31,275,173,existing,135.86687275057622,206,8,275,51,allocated,311.65766884110326,206,42,275,301,existing,338.96867047433653,206,49,275,28,existing,532.670170293708,206,43,275,28,existing,532.670170293708,206,46,275,135,existing,616.616964540545,206,52,275,85,existing,621.091187425843,206,54,275,85,existing,621.091187425843,206,40,275,177,existing,566.6043516452062,206,38,275,196,existing,725.1801505966878,206,51,275,196,existing,725.1801505966878
207,207,31,276,221,existing,381.5362005487766,207,31,276,173,existing,222.71371408226747,207,31,276,173,existing,222.71371408226747,207,8,276,51,allocated,398.50451017279454,207,42,276,301,existing,425.81551180602776,207,49,276,28,existing,619.5170116253993,207,43,276,28,existing,619.5170116253993,207,40,276,177,existing,653.4511929768975,207,46,276,135,existing,703.4638058722363,207,54,276,85,existing,707.9380287575343,207,52,276,85,existing,707.9380287575343,207,45,276,196,existing,812.026991928379,207,51,276,196,existing,812.026991928379
208,208,32,277,85,existing,547.9333801878098,208,32,277,72,allocated,488.26026852046135,208,32,277,72,existing,488.26026852046135,208,54,277,85,existing,547.9333801878098,208,52,277,85,existing,547.9333801878098,208,41,277,176,existing,587.7322611059769,208,53,277,176,existing,587.7322611059769,208,50,277,196,existing,658.0250217669941,208,44,277,176,existing,587.7322611059769,208,45,277,196,existing,658.0250217669941,208,48,277,176,existing,587.7322611059769,208,51,277,196,existing,658.0250217669941,208,37,277,196,existing,658.0250217669941
209,209,32,278,85,existing,356.2965011655554,209,32,278,72,allocated,358.8471597915597,209,32,278,278,allocated,0.0,209,51,278,196,existing,189.082406545027,209,50,278,196,existing,189.082406545027,209,37,278,196,existing,189.082406545027,209,47,278,196,existing,189.082406545027,209,39,278,196,existing,189.082406545027,209,45,278,196,existing,189.082406545027,209,52,278,85,existing,356.2965011655554,209,38,278,196,existing,189.082406545027,209,53,278,176,existing,458.3191523770753,209,54,278,85,existing,356.2965011655554
210,210,32,279,85,existing,412.030266861895,210,32,279,72,allocated,414.5809254878992,210,32,279,278,allocated,75.02365633388924,210,51,279,196,existing,244.81617224136653,210,37,279,196,existing,244.81617224136653,210,50,279,196,existing,244.81617224136653,210,47,279,196,existing,244.81617224136653,210,45,279,196,existing,244.81617224136653,210,39,279,196,existing,244.81617224136653,210,54,279,85,existing,412.030266861895,210,38,279,196,existing,244.81617224136653,210,52,279,85,existing,412.030266861895,210,53,279,176,existing,514.0529180734147
211,211,23,280,232,allocated,429.65795049683095,211,23,280,254,existing,402.9522079199679,211,23,280,232,allocated,429.65795049683095,211,15,280,119,allocated,527.5792188997331,211,17,280,168,allocated,867.127151280372,211,37,280,196,existing,1635.6400232668702,211,45,280,196,existing,1635.6400232668702,211,39,280,196,existing,1635.6400232668702,211,38,280,196,existing,1635.6400232668702,211,50,280,196,existing,1635.6400232668702,211,51,280,196,existing,1635.6400232668702,211,41,280,176,existing,1649.4623446665287,211,47,280,196,existing,1635.6400232668702
212,212,31,283,221,existing,305.34176450559806,212,31,283,173,existing,406.54362548456436,212,31,283,22,allocated,55.88078707768288,212,42,283,301,existing,294.75458506889856,212,43,283,28,existing,488.4560848882701,212,49,283,28,existing,488.4560848882701,212,52,283,85,existing,576.8771020204051,212,46,283,135,existing,618.7166422827122,212,41,283,176,existing,736.022206273269,212,40,283,177,existing,580.4576062297554,212,54,283,85,existing,576.8771020204051,212,44,283,176,existing,736.022206273269,212,53,283,176,existing,736.022206273269
213,213,6,284,48,allocated,333.7981358906194,213,6,284,9,allocated,263.8918365147886,213,6,284,168,allocated,45.139479796339664,213,17,284,168,allocated,45.139479796339664,213,15,284,119,allocated,638.5332547006908,213,48,284,176,existing,827.4746731824965,213,41,284,176,existing,827.4746731824965,213,54,284,85,existing,981.120182270402,213,52,284,85,existing,981.120182270402,213,44,284,176,existing,827.4746731824965,213,53,284,176,existing,827.4746731824965,213,39,284,196,existing,1016.8488110479153,213,47,284,196,existing,1016.8488110479153
214,214,6,286,48,allocated,351.32182668427134,214,6,286,9,allocated,281.4155273084406,214,6,286,168,allocated,27.615789002687702,214,17,286,168,allocated,27.615789002687702,214,15,286,119,allocated,656.0569454943428,214,53,286,176,existing,809.9509823888445,214,44,286,176,existing,809.9509823888445,214,54,286,85,existing,963.59649147675,214,52,286,85,existing,963.59649147675,214,48,286,176,existing,809.9509823888445,214,41,286,176,existing,809.9509823888445,214,51,286,196,existing,999.3251202542633,214,45,286,196,existing,999.3251202542633
215,215,6,295,48,allocated,332.2894136929167,215,6,295,48,allocated,332.2894136929167,215,6,295,48,allocated,332.2894136929167,215,17,295,168,allocated,512.6465657234181,215,15,295,119,allocated,1158.0595892496935,215,53,295,176,existing,1294.9817591095748,215,48,295,176,existing,1294.9817591095748,215,41,295,176,existing,1294.9817591095748,215,44,295,176,existing,1294.9817591095748,215,54,295,85,existing,1454.1268633624388,215,52,295,85,existing,1454.1268633624388,215,51,295,196,existing,1536.375145596918,215,38,295,196,existing,1536.375145596918
216,216,35,302,212,existing,288.0794144826448,216,35,302,9,allocated,436.7795798993453,216,35,302,110,allocated,323.65537940731883,216,15,302,119,allocated,560.8386933074971,216,17,302,168,allocated,745.8108962104736,216,54,302,85,existing,796.5051752434391,216,52,302,85,existing,796.5051752434391,216,39,302,196,existing,832.2338040209524,216,51,302,196,existing,832.2338040209524,216,45,302,196,existing,832.2338040209524,216,50,302,196,existing,832.2338040209524,216,47,302,196,existing,832.2338040209524,216,38,302,196,existing,832.2338040209524
217,217,33,303,303,existing,0.0,217,33,303,9,allocated,654.1504480384675,217,33,303,303,allocated,0.0,217,54,303,85,existing,714.619621514761,217,52,303,85,existing,714.619621514761,217,51,303,196,existing,750.3482502922743,217,50,303,196,existing,750.3482502922743,217,47,303,196,existing,750.3482502922743,217,39,303,196,existing,750.3482502922743,217,37,303,196,existing,750.3482502922743,217,38,303,196,existing,750.3482502922743,217,45,303,196,existing,750.3482502922743,217,41,303,176,existing,754.4185024329281
218,218,33,304,303,existing,16.98388074470066,218,33,304,72,allocated,637.962629102712,218,33,304,303,allocated,16.98388074470066,218,52,304,85,existing,697.6357407700604,218,54,304,85,existing,697.6357407700604,218,50,304,196,existing,733.3643695475737,218,51,304,196,existing,733.3643695475737,218,37,304,196,existing,733.3643695475737,218,38,304,196,existing,733.3643695475737,218,45,304,196,existing,733.3643695475737,218,39,304,196,existing,733.3643695475737,218,47,304,196,existing,733.3643695475737,218,48,304,176,existing,737.4346216882275
219,219,32,306,85,existing,355.7483861456831,219,32,306,72,allocated,358.2990447716874,219,32,306,278,allocated,101.24571756169709,219,38,306,196,existing,188.53429152515474,219,50,306,196,existing,188.53429152515474,219,51,306,196,existing,188.53429152515474,219,47,306,196,existing,188.53429152515474,219,45,306,196,existing,188.53429152515474,219,39,306,196,existing,188.53429152515474,219,52,306,85,existing,355.7483861456831,219,37,306,196,existing,188.53429152515474,219,54,306,85,existing,355.7483861456831,219,53,306,176,existing,457.771037357203
220,220,23,307,232,allocated,565.6080210003769,220,23,307,254,existing,538.9022784235138,220,23,307,168,allocated,444.4288838429243,220,17,307,168,allocated,444.4288838429243,220,15,307,119,allocated,663.529289403279,220,44,307,176,existing,1226.764077229081,220,41,307,176,existing,1226.764077229081,220,54,307,85,existing,1335.9681850267025,220,53,307,176,existing,1226.764077229081,220,48,307,176,existing,1226.764077229081,220,52,307,85,existing,1335.9681850267025,220,51,307,196,existing,1371.696813804216,220,37,307,196,existing,1371.696813804216
221,221,34,308,28,existing,441.70637765242424,221,34,308,173,existing,650.0996123002387,221,34,308,28,existing,441.70637765242424,221,49,308,28,existing,441.70637765242424,221,43,308,28,existing,441.70637765242424,221,46,308,135,existing,571.9669350468664,221,42,308,301,existing,538.3105718845729,221,53,308,176,existing,789.7591094388114,221,54,308,85,existing,630.6140051859473,221,52,308,85,existing,630.6140051859473,221,44,308,176,existing,789.7591094388114,221,41,308,176,existing,789.7591094388114,221,48,308,176,existing,789.7591094388114
222,222,24,309,258,allocated,285.4328292437904,222,24,309,240,existing,233.8508435396368,222,24,309,258,allocated,285.4328292437904,222,8,309,51,allocated,543.428861071849,222,46,309,135,existing,608.6667796271297,222,43,309,28,existing,738.9273370215718,222,49,309,28,existing,738.9273370215718,222,52,309,85,existing,1306.0641111005443,222,54,309,85,existing,1306.0641111005443,222,42,309,301,existing,932.6288368409433,222,40,309,177,existing,904.9947229121399,222,50,309,196,existing,1408.5836867312669,222,51,309,196,existing,1408.5836867312669
223,223,24,310,258,allocated,318.77492306618603,223,24,310,240,existing,267.19293736203247,223,24,310,258,allocated,318.77492306618603,223,8,310,51,allocated,576.7709548942447,223,46,310,135,existing,642.0088734495254,223,43,310,28,existing,772.2694308439675,223,49,310,28,existing,772.2694308439675,223,40,310,177,existing,938.3368167345355,223,52,310,85,existing,1339.4062049229399,223,42,310,301,existing,965.970930663339,223,54,310,85,existing,1339.4062049229399,223,51,310,196,existing,1441.9257805536624,223,50,310,196,existing,1441.9257805536624
224,224,34,311,28,existing,451.9947346356512,224,34,311,173,existing,848.798032178783,224,34,311,28,existing,451.9947346356512,224,49,311,28,existing,451.9947346356512,224,43,311,28,existing,451.9947346356512,224,42,311,301,existing,645.6962344550227,224,46,311,135,existing,488.7972239152682,224,53,311,176,existing,1178.2766129674878,224,54,311,85,existing,1019.1315087146238,224,52,311,85,existing,1019.1315087146238,224,40,311,177,existing,978.826285608408,224,41,311,176,existing,1178.2766129674878,224,48,311,176,existing,1178.2766129674878
225,225,24,312,258,allocated,414.0495108593407,225,24,312,240,existing,300.7217649560289,225,24,312,258,allocated,414.0495108593407,225,46,312,135,existing,491.1493898739032,225,8,312,51,allocated,606.1430553937182,225,49,312,28,existing,621.4099472683453,225,43,312,28,existing,621.4099472683453,225,52,312,85,existing,1188.5467213473178,225,40,312,177,existing,787.4773331589133,225,42,312,301,existing,815.1114470877168,225,54,312,85,existing,1188.5467213473178,225,50,312,196,existing,1310.6068039683714,225,51,312,196,existing,1310.6068039683714
226,226,24,313,258,allocated,463.88088776724294,226,24,313,240,existing,577.2086336705547,226,24,313,258,allocated,463.88088776724294,226,8,313,51,allocated,488.9948242501588,226,40,313,177,existing,939.189199132561,226,42,313,301,existing,1058.2354181540725,226,46,313,135,existing,971.2740836932467,226,54,313,85,existing,1354.0836952212087,226,52,313,85,existing,1354.0836952212087,226,49,313,28,existing,1101.5346410876887,226,43,313,28,existing,1101.5346410876887,226,47,313,196,existing,1354.1496499095765,226,51,313,196,existing,1354.1496499095765
227,227,34,314,28,existing,568.8499260308533,227,34,314,173,existing,777.2431606786679,227,34,314,28,existing,568.8499260308533,227,49,314,28,existing,568.8499260308533,227,43,314,28,existing,568.8499260308533,227,46,314,135,existing,699.1104834252956,227,42,314,301,existing,665.4541202630021,227,53,314,176,existing,916.9026578172405,227,52,314,85,existing,757.7575535643765,227,54,314,85,existing,757.7575535643765,227,44,314,176,existing,916.9026578172405,227,48,314,176,existing,916.9026578172405,227,41,314,176,existing,916.9026578172405
228,228,6,315,48,allocated,190.705296958154,228,6,315,48,allocated,190.705296958154,228,6,315,168,allocated,136.21307010688074,228,17,315,168,allocated,136.21307010688074,228,15,315,119,allocated,781.6260936331562,228,48,315,176,existing,918.5482634930376,228,44,315,176,existing,918.5482634930376,228,41,315,176,existing,918.5482634930376,228,53,315,176,existing,918.5482634930376,228,54,315,85,existing,1077.6933677459015,228,52,315,85,existing,1077.6933677459015,228,50,315,196,existing,1159.9416499803806,228,51,315,196,existing,1159.9416499803806
229,229,32,316,85,existing,625.3823982061201,229,32,316,173,existing,614.2301326460213,229,32,316,0,allocated,291.142519149379,229,37,316,196,existing,458.1683035855917,229,51,316,196,existing,458.1683035855917,229,47,316,196,existing,458.1683035855917,229,45,316,196,existing,458.1683035855917,229,38,316,196,existing,458.1683035855917,229,39,316,196,existing,458.1683035855917,229,50,316,196,existing,458.1683035855917,229,54,316,85,existing,625.3823982061201,229,52,316,85,existing,625.3823982061201,229,8,316,51,allocated,685.9979202540717
230,230,24,317,258,allocated,519.5151621308379,230,24,317,240,existing,632.8429080341498,230,24,317,258,allocated,519.5151621308379,230,8,317,51,allocated,777.5111939588965,230,40,317,177,existing,1178.3948346972034,230,42,317,301,existing,1297.441053718715,230,46,317,135,existing,1184.3208144638043,230,39,317,196,existing,1599.4373927059678,230,43,317,28,existing,1314.5813718582463,230,49,317,28,existing,1314.5813718582463,230,37,317,196,existing,1599.4373927059678,230,47,317,196,existing,1599.4373927059678,230,51,317,196,existing,1599.4373927059678
231,231,6,318,48,allocated,353.6273147122064,231,6,318,48,allocated,353.6273147122064,231,6,318,48,allocated,353.6273147122064,231,17,318,168,allocated,533.9844667427078,231,15,318,119,allocated,1179.3974902689833,231,41,318,176,existing,1316.3196601288646,231,48,318,176,existing,1316.3196601288646,231,52,318,85,existing,1475.4647643817284,231,53,318,176,existing,1316.3196601288646,231,44,318,176,existing,1316.3196601288646,231,54,318,85,existing,1475.4647643817284,231,45,318,196,existing,1557.7130466162075,231,38,318,196,existing,1557.7130466162075
232,232,34,319,28,existing,428.0663453331996,232,34,319,240,existing,639.778492710165,232,34,319,260,allocated,239.66524853515597,232,46,319,135,existing,417.3060849542776,232,43,319,28,existing,428.0663453331996,232,49,319,28,existing,428.0663453331996,232,42,319,301,existing,621.7678451525711,232,54,319,85,existing,995.2031194121721,232,8,319,51,allocated,856.2490021893898,232,52,319,85,existing,995.2031194121721,232,40,319,177,existing,907.3351466474174,232,50,319,196,existing,1117.2632020332258,232,51,319,196,existing,1117.2632020332258
233,233,34,320,28,existing,717.5202969469545,233,34,320,173,existing,925.9135315947691,233,34,320,28,existing,717.5202969469545,233,49,320,28,existing,717.5202969469545,233,43,320,28,existing,717.5202969469545,233,46,320,135,existing,847.7808543413968,233,42,320,301,existing,814.1244911791033,233,40,320,177,existing,1099.82751233996,233,52,320,85,existing,1096.2470081306099,233,54,320,85,existing,1096.2470081306099,233,48,320,176,existing,1255.392112383474,233,53,320,176,existing,1255.392112383474,233,41,320,176,existing,1255.392112383474
234,234,34,321,28,existing,615.5228220843385,234,34,321,173,existing,1012.3261196274702,234,34,321,28,existing,615.5228220843385,234,49,321,28,existing,615.5228220843385,234,43,321,28,existing,615.5228220843385,234,46,321,135,existing,652.3253113639555,234,42,321,301,existing,809.22432190371,234,54,321,85,existing,1182.659596163311,234,52,321,85,existing,1182.659596163311,234,40,321,177,existing,1142.3543730570952,234,53,321,176,existing,1341.8047004161751,234,48,321,176,existing,1341.8047004161751,234,41,321,176,existing,1341.8047004161751
235,235,32,325,85,existing,536.9361093923553,235,32,325,72,allocated,539.4867680183595,235,32,325,111,allocated,136.01285317698122,235,50,325,196,existing,369.7220147718269,235,45,325,196,existing,369.7220147718269,235,39,325,196,existing,369.7220147718269,235,51,325,196,existing,369.7220147718269,235,52,325,85,existing,536.9361093923553,235,47,325,196,existing,369.7220147718269,235,38,325,196,existing,369.7220147718269,235,37,325,196,existing,369.7220147718269,235,53,325,176,existing,638.9587606038751,235,54,325,85,existing,536.9361093923553
236,236,32,326,85,existing,809.1646338884524,236,32,326,72,allocated,749.4915222211039,236,32,326,72,existing,749.4915222211039,236,52,326,85,existing,809.1646338884524,236,54,326,85,existing,809.1646338884524,236,41,326,176,existing,848.9635148066195,236,44,326,176,existing,848.9635148066195,236,48,326,176,existing,848.9635148066195,236,38,326,196,existing,919.2562754676367,236,53,326,176,existing,848.9635148066195,236,50,326,196,existing,919.2562754676367,236,37,326,196,existing,919.2562754676367,236,47,326,196,existing,919.2562754676367
237,237,23,327,232,allocated,293.14683307040315,237,23,327,254,existing,266.4410904935401,237,23,327,119,allocated,108.43201039213237,237,15,327,119,allocated,108.43201039213237,237,17,327,168,allocated,792.1047448891628,237,50,327,196,existing,1093.7170378971434,237,39,327,196,existing,1093.7170378971434,237,38,327,196,existing,1093.7170378971434,237,45,327,196,existing,1093.7170378971434,237,47,327,196,existing,1093.7170378971434,237,51,327,196,existing,1093.7170378971434,237,37,327,196,existing,1093.7170378971434,237,52,327,85,existing,1251.6504089389496
238,238,24,328,258,allocated,579.3225025023016,238,24,328,240,existing,692.6502484056134,238,24,328,258,allocated,579.3225025023016,238,8,328,51,allocated,604.4364389852175,238,40,328,177,existing,1054.6308138676195,238,42,328,301,existing,1173.677032889131,238,46,328,135,existing,1086.7156984283051,238,52,328,85,existing,1469.5253099562674,238,43,328,28,existing,1216.9762558227474,238,54,328,85,existing,1469.5253099562674,238,49,328,28,existing,1216.9762558227474,238,38,328,196,existing,1469.5912646446352,238,47,328,196,existing,1469.5912646446352
239,239,32,330,85,existing,883.7395402671549,239,32,330,72,allocated,824.0664285998064,239,32,330,72,existing,824.0664285998064,239,54,330,85,existing,883.7395402671549,239,52,330,85,existing,883.7395402671549,239,53,330,176,existing,923.538421185322,239,48,330,176,existing,923.538421185322,239,50,330,196,existing,993.8311818463392,239,41,330,176,existing,923.538421185322,239,38,330,196,existing,993.8311818463392,239,44,330,176,existing,923.538421185322,239,37,330,196,existing,993.8311818463392,239,51,330,196,existing,993.8311818463392
240,240,23,331,232,allocated,532.4741440963845,240,23,331,9,allocated,277.7253874631092,240,23,331,9,allocated,277.7253874631092,240,17,331,168,allocated,411.29500693893203,240,15,331,119,allocated,630.3954124992866,240,52,331,85,existing,1070.438273631314,240,54,331,85,existing,1070.438273631314,240,38,331,196,existing,1106.1669024088274,240,50,331,196,existing,1106.1669024088274,240,37,331,196,existing,1106.1669024088274,240,45,331,196,existing,1106.1669024088274,240,51,331,196,existing,1106.1669024088274,240,47,331,196,existing,1106.1669024088274
241,241,32,332,85,existing,432.9818835761809,241,32,332,72,allocated,435.5325422021852,241,32,332,278,allocated,178.4792149921949,241,45,332,196,existing,265.7677889556525,241,39,332,196,existing,265.7677889556525,241,51,332,196,existing,265.7677889556525,241,47,332,196,existing,265.7677889556525,241,52,332,85,existing,432.9818835761809,241,38,332,196,existing,265.7677889556525,241,50,332,196,existing,265.7677889556525,241,37,332,196,existing,265.7677889556525,241,54,332,85,existing,432.9818835761809,241,44,332,176,existing,535.0045347877008
