,assign_from_var_id_grocery,assign_to_var_id_grocery,assign_from_node_id_grocery,assign_to_node_id_grocery,assign_type_grocery,dist_grocery,assign_from_var_id_school,assign_to_var_id_school,assign_from_node_id_school,assign_to_node_id_school,assign_type_school,dist_school,assign_from_var_id_healthcare,assign_to_var_id_healthcare,assign_from_node_id_healthcare,assign_to_node_id_healthcare,assign_type_healthcare,dist_healthcare,0_assign_from_var_id_restaurant,0_assign_to_var_id_restaurant,0_assign_from_node_id_restaurant,0_assign_to_node_id_restaurant,0_assign_type_restaurant,0_dist_restaurant,1_assign_from_var_id_restaurant,1_assign_to_var_id_restaurant,1_assign_from_node_id_restaurant,1_assign_to_node_id_restaurant,1_assign_type_restaurant,1_dist_restaurant,2_assign_from_var_id_restaurant,2_assign_to_var_id_restaurant,2_assign_from_node_id_restaurant,2_assign_to_node_id_restaurant,2_assign_type_restaurant,2_dist_restaurant,3_assign_from_var_id_restaurant,3_assign_to_var_id_restaurant,3_assign_from_node_id_restaurant,3_assign_to_node_id_restaurant,3_assign_type_restaurant,3_dist_restaurant,4_assign_from_var_id_restaurant,4_assign_to_var_id_restaurant,4_assign_from_node_id_restaurant,4_assign_to_node_id_restaurant,4_assign_type_restaurant,4_dist_restaurant,5_assign_from_var_id_restaurant,5_assign_to_var_id_restaurant,5_assign_from_node_id_restaurant,5_assign_to_node_id_restaurant,5_assign_type_restaurant,5_dist_restaurant,6_assign_from_var_id_restaurant,6_assign_to_var_id_restaurant,6_assign_from_node_id_restaurant,6_assign_to_node_id_restaurant,6_assign_type_restaurant,6_dist_restaurant,7_assign_from_var_id_restaurant,7_assign_to_var_id_restaurant,7_assign_from_node_id_restaurant,7_assign_to_node_id_restaurant,7_assign_type_restaurant,7_dist_restaurant,8_assign_from_var_id_restaurant,8_assign_to_var_id_restaurant,8_assign_from_node_id_restaurant,8_assign_to_node_id_restaurant,8_assign_type_restaurant,8_dist_restaurant,9_assign_from_var_id_restaurant,9_assign_to_var_id_restaurant,9_assign_from_node_id_restaurant,9_assign_to_node_id_restaurant,9_assign_type_restaurant,9_dist_restaurant
0,0,66,0,467,allocated,402.50441018163247,0,66,0,467,existing,402.50441018163247,0,66,0,467,allocated,402.50441018163247,0,33,0,265,allocated,527.9604716101131,0,89,0,395,existing,714.465597594778,0,93,0,210,existing,1076.111992227736,0,48,0,374,allocated,887.8510999371299,0,0,0,5,allocated,1536.5343680442263,0,90,0,500,existing,1230.4360121698187,0,91,0,31,existing,1365.0996288214037,0,88,0,307,existing,1149.543616565957,0,87,0,18,existing,1983.4308876257437,0,92,0,447,existing,2133.4578871379194
1,1,66,1,467,allocated,289.30701210315266,1,66,1,467,existing,289.30701210315266,1,66,1,467,allocated,289.30701210315266,1,33,1,265,allocated,414.76307353163327,1,89,1,395,existing,601.2681995162983,1,48,1,374,allocated,819.5248739371924,1,93,1,210,existing,962.9145941492561,1,90,1,500,existing,1117.2386140913386,1,0,1,5,allocated,1423.3369699657467,1,91,1,31,existing,1251.902230742924,1,88,1,307,existing,1036.346218487477,1,87,1,18,existing,1870.2334895472636,1,92,1,447,existing,2020.2604890594398
2,2,82,4,238,existing,383.88019419880027,2,82,4,416,allocated,311.73851382187416,2,82,4,5,allocated,33.85544128933448,2,0,4,5,allocated,33.85544128933448,2,90,4,500,existing,357.0809771199901,2,92,4,447,existing,623.3290304404394,2,91,4,31,existing,451.2991151309328,2,88,4,307,existing,1406.8045296963899,2,33,4,265,allocated,1235.9440639752906,2,89,4,395,existing,1600.1648862595698,2,48,4,374,allocated,1281.3703494277172,2,87,4,18,existing,2691.414479990921,2,93,4,210,existing,1784.0955845929134
3,3,32,7,236,allocated,375.9406640041278,3,32,7,416,allocated,318.42772781190513,3,32,7,416,allocated,318.42772781190513,3,0,7,5,allocated,611.0698654380407,3,92,7,447,existing,630.0182444304704,3,91,7,31,existing,1028.513539279639,3,90,7,500,existing,934.2954012686963,3,33,7,265,allocated,1813.1584881239967,3,89,7,395,existing,2177.379310408276,3,88,7,307,existing,1984.0189538450961,3,48,7,374,allocated,1223.6959922010715,3,87,7,18,existing,3224.0557195428755,3,93,7,210,existing,2361.3100087416196
4,4,82,9,238,existing,309.7238116113532,4,82,9,416,allocated,237.58213123442707,4,82,9,416,allocated,237.58213123442707,4,0,9,5,allocated,530.2242688605627,4,92,9,447,existing,549.1726478529923,4,90,9,500,existing,853.4498046912182,4,91,9,31,existing,947.6679427021609,4,88,9,307,existing,1903.173357267618,4,89,9,395,existing,2096.533713830798,4,48,9,374,allocated,1304.5415887785493,4,33,9,265,allocated,1732.3128915465186,4,93,9,210,existing,2280.464412164142,4,87,9,18,existing,3187.7833075621493
5,5,82,10,238,existing,300.71339068860357,5,82,10,416,allocated,228.57171031167746,5,82,10,416,allocated,228.57171031167746,5,0,10,5,allocated,521.213847937813,5,92,10,447,existing,540.1622269302427,5,90,10,500,existing,844.4393837684687,5,91,10,31,existing,938.6575217794114,5,89,10,395,existing,2087.5232929080485,5,33,10,265,allocated,1723.302470623769,5,48,10,374,allocated,1362.561042995703,5,88,10,307,existing,1894.1629363448685,5,87,10,18,existing,3178.7728866393995,5,93,10,210,existing,2271.453991241392
6,6,81,11,559,existing,302.8126397292712,6,81,11,242,existing,212.71220510961206,6,81,11,11,allocated,0.0,6,91,11,31,existing,233.81715793814251,6,90,11,500,existing,370.7195762646894,6,0,11,5,allocated,585.1716574512959,6,92,11,447,existing,1242.3561291810697,6,33,11,265,allocated,1324.7319940373568,6,89,11,395,existing,1688.9528163216362,6,88,11,307,existing,1466.0471309454265,6,48,11,374,allocated,1847.0492295608656,6,93,11,210,existing,1849.8026369925742,6,87,11,18,existing,2757.1215323905817
7,7,78,16,18,existing,286.5884493632901,7,78,16,388,existing,291.0458995570404,7,78,16,16,allocated,0.0,7,87,16,18,existing,286.5884493632901,7,93,16,210,existing,955.6061868912415,7,89,16,395,existing,1451.2180462445028,7,33,16,265,allocated,1464.4668541610606,7,91,16,31,existing,2426.730204789485,7,90,16,500,existing,2289.827786462938,7,88,16,307,existing,1519.92942864526,7,48,16,374,allocated,2050.8428371889495,7,0,16,5,allocated,2618.4544207343693,7,92,16,447,existing,3224.63379191903
8,8,77,17,18,existing,320.5931367490688,8,77,17,388,existing,257.04121217126175,8,77,17,16,allocated,34.00468738577865,8,87,17,18,existing,320.5931367490688,8,93,17,210,existing,938.5008307307211,8,89,17,395,existing,1434.1126900839824,8,33,17,265,allocated,1447.3614980005402,8,91,17,31,existing,2392.725517403706,8,90,17,500,existing,2255.823099077159,8,48,17,374,allocated,2082.7217393094606,8,88,17,307,existing,1485.9247412594814,8,0,17,5,allocated,2584.44973334859,8,92,17,447,existing,3190.629104533251
9,9,78,18,18,existing,0.0,9,78,18,428,existing,238.20663917454377,9,78,18,18,existing,0.0,9,87,18,18,existing,0.0,9,93,18,210,existing,946.6097487458112,9,89,18,395,existing,1442.2216080990725,9,33,18,265,allocated,1455.4704160156305,9,91,18,31,existing,2523.3043744524393,9,48,18,374,allocated,2000.3597273418043,9,88,18,307,existing,1540.084720233119,9,90,18,500,existing,2386.4019561258924,9,0,18,5,allocated,2715.0285903973236,9,92,18,447,existing,3314.7435104313604
10,10,78,19,18,existing,107.87929667983018,10,78,19,428,existing,130.32734249471358,10,78,19,124,allocated,44.505465009674964,10,87,19,18,existing,107.87929667983018,10,93,19,210,existing,1054.4890454256415,10,89,19,395,existing,1550.1009047789028,10,33,19,265,allocated,1563.3497126954608,10,90,19,500,existing,2494.281252805723,10,91,19,31,existing,2631.1836711322694,10,48,19,374,allocated,2076.3548662208277,10,88,19,307,existing,1647.9640169129493,10,0,19,5,allocated,2822.9078870771536,10,92,19,447,existing,3422.622807111191
11,11,66,22,467,allocated,779.6438710724512,11,66,22,467,existing,779.6438710724512,11,66,22,265,allocated,717.7767238971628,11,33,22,265,allocated,717.7767238971628,11,0,22,5,allocated,854.5134776677207,11,90,22,500,existing,1032.8740853423517,11,89,22,395,existing,1081.997546181442,11,88,22,307,existing,1339.3598688530067,11,91,22,31,existing,1159.9696885159806,11,93,22,210,existing,1265.9282445147858,11,48,22,374,allocated,1388.7064797714345,11,87,22,18,existing,2173.2471399127935,11,92,22,447,existing,1451.4369967614139
12,12,66,23,467,allocated,726.1167671191038,12,66,23,467,existing,726.1167671191038,12,66,23,265,allocated,664.2496199438152,12,33,23,265,allocated,664.2496199438152,12,0,23,5,allocated,966.178751935385,12,90,23,500,existing,1144.539359610016,12,89,23,395,existing,1028.4704422280945,12,93,23,210,existing,1212.401140561438,12,48,23,374,allocated,1464.3152738917183,12,88,23,307,existing,1285.8327648996592,12,91,23,31,existing,1271.6349627836448,12,92,23,447,existing,1563.102271029078,12,87,23,18,existing,2119.720035959446
13,13,66,24,467,allocated,708.2586218228721,13,66,24,467,existing,708.2586218228721,13,66,24,265,allocated,646.3914746475835,13,33,24,265,allocated,646.3914746475835,13,0,24,5,allocated,783.1282284181416,13,89,24,395,existing,1010.6122969318628,13,90,24,500,existing,961.4888360927725,13,91,24,31,existing,1088.5844392664014,13,48,24,374,allocated,1317.3212305218553,13,93,24,210,existing,1194.5429952652066,13,88,24,307,existing,1267.9746196034275,13,87,24,18,existing,2101.861890663214,13,92,24,447,existing,1380.051747511835
14,14,84,25,30,existing,725.389381828527,14,84,25,357,allocated,124.98508753384338,14,84,25,357,allocated,124.98508753384338,14,93,25,210,existing,482.147621337113,14,87,25,18,existing,747.7768721718712,14,33,25,265,allocated,991.0082886069322,14,89,25,395,existing,977.7594806903743,14,90,25,500,existing,1921.9398287171944,14,88,25,307,existing,1075.6225928244207,14,91,25,31,existing,2058.8422470437413,14,48,25,374,allocated,1626.3685299158524,14,0,25,5,allocated,2250.5664629886255,14,92,25,447,existing,2850.2813830226623
15,15,84,26,30,existing,732.4631269831434,15,84,26,357,allocated,227.78969673325417,15,84,26,357,allocated,227.78969673325417,15,93,26,210,existing,584.9522305365238,15,87,26,18,existing,850.5814813712819,15,89,26,395,existing,1080.564089889785,15,33,26,265,allocated,1093.812897806343,15,90,26,500,existing,2024.744437916605,15,88,26,307,existing,1178.4272020238316,15,48,26,374,allocated,1729.1731391152632,15,91,26,31,existing,2161.646856243152,15,92,26,447,existing,2953.085992222073,15,0,26,5,allocated,2353.371072188036
16,16,82,28,238,existing,219.03889850358104,16,82,28,416,allocated,146.8972181266549,16,82,28,416,allocated,146.8972181266549,16,0,28,5,allocated,439.53935575279047,16,92,28,447,existing,458.4877347452202,16,90,28,500,existing,762.764891583446,16,91,28,31,existing,856.9830295943887,16,33,28,265,allocated,1641.6279784387466,16,48,28,374,allocated,1442.8454207781224,16,89,28,395,existing,2005.8488007230258,16,88,28,307,existing,1812.4884441598458,16,87,28,18,existing,3097.098394454377,16,93,28,210,existing,2189.7794990563693
17,17,82,33,238,existing,752.2674336670661,17,82,33,360,existing,673.1870594819724,17,82,33,5,allocated,394.79275081501214,17,0,33,5,allocated,394.79275081501214,17,90,33,500,existing,573.153358489643,17,91,33,31,existing,700.2489616632719,17,92,33,447,existing,991.7162699087053,17,33,33,265,allocated,1040.9059828066704,17,89,33,395,existing,1405.1268050909498,17,48,33,374,allocated,1086.3322682590972,17,93,33,210,existing,1589.0575034242934,17,87,33,18,existing,2496.376398822301,17,88,33,307,existing,1622.8769110660428
18,18,82,34,238,existing,550.2435865919991,18,82,34,416,allocated,478.101906215073,18,82,34,5,allocated,192.76890373994505,18,0,34,5,allocated,192.76890373994505,18,90,34,500,existing,487.8416990152499,18,91,34,31,existing,582.0598370261926,18,92,34,447,existing,789.6924228336383,18,88,34,307,existing,1537.5652515916497,18,33,34,265,allocated,1243.77537671529,18,89,34,395,existing,1607.9961989995693,18,48,34,374,allocated,1289.2016621677167,18,93,34,210,existing,1791.9268973329129,18,87,34,18,existing,2699.2457927309206
19,19,83,35,415,existing,246.00225945854783,19,83,35,416,allocated,342.6269319213952,19,83,35,416,allocated,342.6269319213952,19,92,35,447,existing,382.5042785022177,19,0,35,5,allocated,688.2208870326039,19,90,35,500,existing,1011.4464228632595,19,91,35,31,existing,1105.6645608742022,19,88,35,307,existing,2061.1699754396595,19,89,35,395,existing,2254.5303320028393,19,33,35,265,allocated,1890.30950971856,19,48,35,374,allocated,1347.6669966445127,19,93,35,210,existing,2438.461030336183,19,87,35,18,existing,3345.7799257341903
20,20,83,36,415,existing,332.58064232826325,20,83,36,416,allocated,429.2053147911106,20,83,36,447,existing,301.41864320907,20,92,36,447,existing,301.41864320907,20,0,36,5,allocated,774.7992699023192,20,90,36,500,existing,1098.0248057329748,20,91,36,31,existing,1192.2429437439175,20,88,36,307,existing,2147.7483583093745,20,89,36,395,existing,2341.1087148725546,20,48,36,374,allocated,1434.245379514228,20,33,36,265,allocated,1976.8878925882755,20,87,36,18,existing,3432.3583086039057,20,93,36,210,existing,2525.039413205898
21,21,83,37,415,existing,106.74985389771336,21,83,37,416,allocated,203.37452636056074,21,83,37,416,allocated,203.37452636056074,21,92,37,447,existing,243.2518729413832,21,0,37,5,allocated,548.9684814717693,21,91,37,31,existing,966.4121553133677,21,90,37,500,existing,872.1940173024251,21,48,37,374,allocated,1486.919402205347,21,89,37,395,existing,2115.277926442005,21,33,37,265,allocated,1751.0571041577255,21,88,37,307,existing,1921.917569878825,21,93,37,210,existing,2299.2086247753487,21,87,37,18,existing,3206.5275201733557
22,22,83,38,415,existing,39.23191255602402,22,83,38,416,allocated,135.85658501887139,22,83,38,416,allocated,135.85658501887139,22,92,38,447,existing,175.73393159969385,22,0,38,5,allocated,481.45054013008,22,90,38,500,existing,804.6760759607356,22,91,38,31,existing,898.8942139716783,22,33,38,265,allocated,1683.539162816036,22,48,38,374,allocated,1554.4373435470366,22,89,38,395,existing,2047.7599851003156,22,88,38,307,existing,1854.3996285371354,22,87,38,18,existing,3139.0095788316667,22,93,38,210,existing,2231.690683433659
23,23,32,40,236,allocated,246.00017840980811,23,32,40,331,existing,169.1452791212574,23,32,40,236,allocated,246.00017840980811,23,48,40,374,allocated,786.8140767048785,23,92,40,447,existing,943.3571984418518,23,90,40,500,existing,1283.1775986396947,23,0,40,5,allocated,1104.8169909650637,23,91,40,31,existing,1410.2732018133236,23,89,40,395,existing,1846.4277351273795,23,33,40,265,allocated,1593.583707616351,23,93,40,210,existing,1949.7724887684114,23,88,40,307,existing,2215.166852572195,23,87,40,18,existing,2787.1738040466826
24,24,32,41,236,allocated,322.5917682818502,24,32,41,331,existing,245.73686899329948,24,32,41,236,allocated,322.5917682818502,24,48,41,374,allocated,710.2224868328364,24,92,41,447,existing,1019.9487883138938,24,0,41,5,allocated,1034.63411106188,24,90,41,500,existing,1212.994718736511,24,33,41,265,allocated,1523.4008277131672,24,91,41,31,existing,1340.0903219101397,24,89,41,395,existing,1769.8361452553374,24,93,41,210,existing,1873.1808988963694,24,88,41,307,existing,2144.983972669011,24,87,41,18,existing,2710.5822141746407
25,25,77,45,18,existing,478.1205615441847,25,77,45,44,existing,60.74583152392422,25,77,45,391,allocated,53.125661428565145,25,93,45,210,existing,468.48918720162663,25,87,45,18,existing,478.1205615441847,25,89,45,395,existing,964.101046554888,25,33,45,265,allocated,977.3498544714458,25,88,45,307,existing,1061.9641586889343,25,90,45,500,existing,1908.281394581708,25,91,45,31,existing,2045.1838129082548,25,48,45,374,allocated,1567.8998417705927,25,92,45,447,existing,2836.622948887176,25,0,45,5,allocated,2236.908028853139
26,26,78,46,18,existing,215.79801521809742,26,78,46,428,existing,22.40862395644636,26,78,46,408,allocated,20.93878114831854,26,87,46,18,existing,215.79801521809742,26,93,46,210,existing,1162.4077639639088,26,89,46,395,existing,1658.01962331717,26,33,46,265,allocated,1671.2684312337278,26,88,46,307,existing,1755.8827354512164,26,48,46,374,allocated,2184.273584759095,26,91,46,31,existing,2739.102389670537,26,90,46,500,existing,2602.19997134399,26,92,46,447,existing,3530.541525649458,26,0,46,5,allocated,2930.826605615421
27,27,75,47,18,existing,328.4379380530433,27,75,47,428,existing,135.04854679139225,27,75,47,286,allocated,60.15440333900553,27,87,47,18,existing,328.4379380530433,27,93,47,210,existing,1275.0476867988546,27,89,47,395,existing,1770.6595461521158,27,88,47,307,existing,1741.4762359914212,27,48,47,374,allocated,2296.9135075940408,27,91,47,31,existing,2648.2770121356457,27,90,47,500,existing,2511.374593809099,27,33,47,265,allocated,1783.9083540686738,27,0,47,5,allocated,2840.00122808053,27,92,47,447,existing,3446.180599265191
28,28,58,48,434,allocated,289.3364383121004,28,58,48,532,existing,482.4607564377867,28,58,48,434,allocated,289.3364383121004,28,48,48,374,allocated,634.8553329213757,28,33,48,265,allocated,904.3761474373347,28,89,48,395,existing,1223.0805786354745,28,93,48,210,existing,1452.5276680549575,28,91,48,31,existing,1741.5153046486253,28,0,48,5,allocated,1547.5747964668494,28,88,48,307,existing,1525.9592923931784,28,90,48,500,existing,1606.8516879970398,28,92,48,447,existing,1989.688065868664,28,87,48,18,existing,2359.846563452965
29,29,58,49,434,allocated,377.2392714876533,29,58,49,532,existing,570.3635896133396,29,58,49,434,allocated,377.2392714876533,29,48,49,374,allocated,722.7581660969286,29,33,49,265,allocated,816.4733142617818,29,93,49,210,existing,1364.6248348794047,29,89,49,395,existing,1135.1777454599217,29,91,49,31,existing,1653.6124714730724,29,90,49,500,existing,1518.948854821487,29,0,49,5,allocated,1635.4776296424025,29,88,49,307,existing,1438.0564592176256,29,92,49,447,existing,2077.5908990442167,29,87,49,18,existing,2271.943730277412
30,30,83,50,415,existing,188.91389393563978,30,83,50,416,allocated,285.53856639848715,30,83,50,416,allocated,285.53856639848715,30,92,50,447,existing,325.4159129793096,30,0,50,5,allocated,631.1325215096958,30,90,50,500,existing,954.3580573403514,30,91,50,31,existing,1048.576195351294,30,89,50,395,existing,2197.441966479931,30,88,50,307,existing,2004.0816099167512,30,33,50,265,allocated,1833.221144195652,30,48,50,374,allocated,1439.3111589175235,30,93,50,210,existing,2381.3726648132747,30,87,50,18,existing,3288.691560211282
31,31,83,51,415,existing,183.89666542286068,31,83,51,416,allocated,280.521337885708,31,83,51,416,allocated,280.521337885708,31,92,51,447,existing,320.39868446653054,31,0,51,5,allocated,626.1152929969167,31,91,51,31,existing,1043.558966838515,31,90,51,500,existing,949.3408288275724,31,48,51,374,allocated,1450.4824991639105,31,88,51,307,existing,1999.0643814039722,31,89,51,395,existing,2192.4247379671524,31,33,51,265,allocated,1828.2039156828728,31,87,51,18,existing,3283.674331698503,31,93,51,210,existing,2376.355436300496
32,32,84,52,30,existing,637.1498304128679,32,84,52,357,allocated,213.22463894950255,32,84,52,357,allocated,213.22463894950255,32,93,52,210,existing,570.3871727527721,32,87,52,18,existing,836.0164235875303,32,89,52,395,existing,1065.9990321060334,32,33,52,265,allocated,1079.2478400225914,32,88,52,307,existing,1163.86214424008,32,48,52,374,allocated,1714.6080813315116,32,91,52,31,existing,2080.084681398749,32,90,52,500,existing,1943.1822630722024,32,92,52,447,existing,2877.9882685282946,32,0,52,5,allocated,2271.8088973436334
33,33,84,53,30,existing,597.8188991530025,33,84,53,357,allocated,252.55557020936797,33,84,53,357,allocated,252.55557020936797,33,93,53,210,existing,609.7181040126375,33,87,53,18,existing,875.3473548473958,33,89,53,395,existing,1105.329963365899,33,33,53,265,allocated,1118.5787712824567,33,90,53,500,existing,1903.8513318123369,33,91,53,31,existing,2040.7537501388838,33,88,53,307,existing,1133.952973994659,33,48,53,374,allocated,1753.939012591377,33,0,53,5,allocated,2232.477966083768,33,92,53,447,existing,2838.657337268429
34,34,82,54,238,existing,254.49871005072106,34,82,54,416,allocated,182.35702967379495,34,82,54,416,allocated,182.35702967379495,34,0,54,5,allocated,474.9991672999305,34,92,54,447,existing,493.94754629236024,34,90,54,500,existing,798.2247031305861,34,91,54,31,existing,892.4428411415288,34,88,54,307,existing,1847.948255706986,34,33,54,265,allocated,1677.0877899858865,34,48,54,374,allocated,1407.3856092309825,34,89,54,395,existing,2041.308612270166,34,87,54,18,existing,3132.5582060015167,34,93,54,210,existing,2225.2393106035097
35,35,82,57,238,existing,154.7535736340406,35,82,57,416,allocated,229.8717564915447,35,82,57,57,allocated,0.0,35,0,57,5,allocated,512.6955029144372,35,92,57,447,existing,541.46227311011,35,91,57,31,existing,930.8131935024983,35,90,57,500,existing,841.3221371858681,35,33,57,265,allocated,1774.5778318081314,35,48,57,374,allocated,1769.0189740239432,35,88,57,307,existing,1936.6496918666053,35,89,57,395,existing,2138.7986540924107,35,87,57,18,existing,3227.7240933117605,35,93,57,210,existing,2320.405197913753
36,36,82,60,238,existing,1054.3641885229556,36,82,60,242,existing,986.6458315210758,36,82,60,20,allocated,446.7320000474511,36,91,60,31,existing,1007.7507843496063,36,0,60,5,allocated,1050.2086541048536,36,92,60,447,existing,1265.1726031278836,36,90,60,500,existing,1144.6532026761533,36,33,60,265,allocated,2098.665620448821,36,48,60,374,allocated,2334.293164783116,36,88,60,307,existing,2239.9807573568905,36,89,60,395,existing,2462.8864427331,36,93,60,210,existing,2623.7362634040383,36,87,60,18,existing,3531.0551588020458
37,37,81,61,559,existing,456.1838954881523,37,81,61,242,existing,366.08346086849315,37,81,61,11,allocated,153.37125575888115,37,91,61,31,existing,387.1884136970236,37,90,61,500,existing,524.0908320235706,37,0,61,5,allocated,738.542913210177,37,92,61,447,existing,1395.7273849399508,37,33,61,265,allocated,1478.1032497962378,37,48,61,374,allocated,2000.4204853197466,37,88,61,307,existing,1619.4183867043077,37,89,61,395,existing,1842.3240720805172,37,93,61,210,existing,2003.1738927514555,37,87,61,18,existing,2910.4927881494627
38,38,78,64,18,existing,471.5188501479654,38,78,64,428,existing,233.3122109734216,38,78,64,408,allocated,276.6596160781865,38,87,64,18,existing,471.5188501479654,38,93,64,210,existing,1418.1285988937766,38,88,64,307,existing,1651.1544561603218,38,89,64,395,existing,1913.7404582470379,38,33,64,265,allocated,1926.9892661635959,38,91,64,31,existing,2557.9552323045464,38,48,64,374,allocated,2427.272978321782,38,90,64,500,existing,2421.0528139779994,38,0,64,5,allocated,2749.6794482494306,38,92,64,447,existing,3355.858819434092
39,39,66,66,467,allocated,287.15706335731676,39,66,66,467,existing,287.15706335731676,39,66,66,265,allocated,225.28991618202824,39,33,66,265,allocated,225.28991618202824,39,89,66,395,existing,589.5107384663075,39,88,66,307,existing,846.8730611378721,39,93,66,210,existing,773.4414367996512,39,90,66,500,existing,927.236074029205,39,48,66,374,allocated,1025.3555701299313,39,0,66,5,allocated,1037.0596591400085,39,91,66,31,existing,1061.8996906807904,39,92,66,447,existing,1633.9831782337017,39,87,66,18,existing,1680.7603321976587
40,40,66,67,467,allocated,189.01967797551458,40,66,67,467,existing,189.01967797551458,40,66,67,265,allocated,127.15253080022605,40,33,67,265,allocated,127.15253080022605,40,89,67,395,existing,491.3733530845053,40,88,67,307,existing,748.7356757560699,40,93,67,210,existing,675.304051417849,40,91,67,31,existing,963.7623052989882,40,90,67,500,existing,829.0986886474029,40,48,67,374,allocated,927.2181847481291,40,0,67,5,allocated,1135.1970445218108,40,92,67,447,existing,1732.120563615504,40,87,67,18,existing,1582.6229468158565
41,41,32,68,236,allocated,439.2424593185848,41,32,68,360,existing,329.46365454756295,41,32,68,236,allocated,439.2424593185848,41,0,68,5,allocated,864.0531928116784,41,92,68,447,existing,883.0015718041082,41,90,68,500,existing,1187.2787286423338,41,48,68,374,allocated,970.7126648274337,41,91,68,31,existing,1281.4968666532766,41,93,68,210,existing,2133.671076890967,41,33,68,265,allocated,1712.8610231961886,41,89,68,395,existing,2030.3263232499346,41,87,68,18,existing,2971.072392169238,41,88,68,307,existing,2237.0022812187335
42,42,32,69,236,allocated,460.607032263116,42,32,69,360,existing,350.82822749209424,42,32,69,236,allocated,460.607032263116,42,0,69,5,allocated,842.688619867147,42,92,69,447,existing,861.6369988595768,42,90,69,500,existing,1165.9141556978025,42,48,69,374,allocated,992.077237771965,42,91,69,31,existing,1260.1322937087452,42,89,69,395,existing,2051.690896194466,42,33,69,265,allocated,1734.22559614072,42,93,69,210,existing,2155.035649835498,42,88,69,307,existing,2215.6377082742024,42,87,69,18,existing,2992.436965113769
43,43,85,70,521,existing,330.4656435071623,43,85,70,357,allocated,384.79578925536094,43,85,70,70,allocated,0.0,43,93,70,210,existing,65.48836211302829,43,89,70,395,existing,561.1002214662894,43,88,70,307,existing,658.963333600336,43,33,70,265,allocated,574.3490293828474,43,90,70,500,existing,1505.2805694931094,43,91,70,31,existing,1642.1829878196563,43,87,70,18,existing,881.121386632783,43,48,70,374,allocated,1209.7092706917676,43,92,70,447,existing,2433.6221237985774,43,0,70,5,allocated,1833.9072037645406
44,44,58,73,434,allocated,522.8252977133001,44,58,73,360,existing,136.92089307823204,44,58,73,374,allocated,504.32811720163863,44,48,73,374,allocated,504.32811720163863,44,0,73,5,allocated,803.4477435728247,44,91,73,31,existing,1108.9039544210846,44,90,73,500,existing,981.8083512474556,44,89,73,395,existing,1563.9417756241398,44,93,73,210,existing,1667.2865292651716,44,33,73,265,allocated,1292.2144602241117,44,92,73,447,existing,1245.5610129746392,44,87,73,18,existing,2504.6878445434427,44,88,73,307,existing,1913.7976051799556
45,45,32,74,236,allocated,523.8952986663777,45,32,74,360,existing,114.05190075137303,45,32,74,236,allocated,523.8952986663777,45,48,74,374,allocated,527.1971095284978,45,0,74,5,allocated,780.5787512459658,45,91,74,31,existing,1086.0349620942256,45,90,74,500,existing,958.9393589205966,45,92,74,447,existing,1222.6920206477803,45,93,74,210,existing,1690.1555215920307,45,89,74,395,existing,1586.810767950999,45,33,74,265,allocated,1269.3454678972528,45,88,74,307,existing,1890.9286128530966,45,87,74,18,existing,2527.556836870302
46,46,66,75,467,allocated,166.00686441272916,46,66,75,467,existing,166.00686441272916,46,66,75,265,allocated,149.65610832357999,46,33,75,265,allocated,149.65610832357999,46,89,75,395,existing,468.3605395217199,46,88,75,307,existing,771.2392532794238,46,93,75,210,existing,697.8076289412029,46,0,75,5,allocated,1158.2300047576932,46,48,75,374,allocated,904.1852245122466,46,90,75,500,existing,852.1316488832855,46,91,75,31,existing,986.7952655348709,46,87,75,18,existing,1605.1265243392104,46,92,75,447,existing,1755.1535238513866
47,47,32,76,236,allocated,252.30894113361276,47,32,76,331,existing,329.1638404221635,47,32,76,236,allocated,252.30894113361276,47,0,76,5,allocated,726.6939364088015,47,92,76,447,existing,745.6423154012313,47,90,76,500,existing,1049.919472239457,47,91,76,31,existing,1144.1376102503998,47,33,76,265,allocated,1928.7825590947575,47,48,76,374,allocated,1254.1036928135068,47,88,76,307,existing,2099.6430248158567,47,89,76,395,existing,2293.003381379037,47,87,76,18,existing,3254.463420155311,47,93,76,210,existing,2417.06210487704
48,48,32,77,236,allocated,204.0801862330622,48,32,77,331,existing,280.9350855216129,48,32,77,236,allocated,204.0801862330622,48,0,77,5,allocated,774.9226913093521,48,92,77,447,existing,793.8710703017819,48,90,77,500,existing,1098.1482271400075,48,91,77,31,existing,1192.3663651509503,48,88,77,307,existing,2147.871779716407,48,89,77,395,existing,2265.4885963354573,48,48,77,374,allocated,1205.8749379129563,48,33,77,265,allocated,1948.0232962817113,48,87,77,18,existing,3206.2346652547603,48,93,77,210,existing,2368.8333499764894
49,49,75,78,18,existing,704.030911297175,49,75,78,428,existing,465.8242721226312,49,75,78,408,allocated,509.1716772273961,49,87,78,18,existing,704.030911297175,49,93,78,210,existing,1650.6406600429862,49,89,78,395,existing,2146.2525193962474,49,88,78,307,existing,1883.6665173095314,49,33,78,265,allocated,2159.501327312805,49,48,78,374,allocated,2659.7850394709913,49,90,78,500,existing,2653.5648751272092,49,91,78,31,existing,2790.467293453756,49,0,78,5,allocated,2982.19150939864,49,92,78,447,existing,3588.370880583301
50,50,75,79,18,existing,712.5086460283576,50,75,79,428,existing,474.30200685381385,50,75,79,408,allocated,517.6494119585788,50,87,79,18,existing,712.5086460283576,50,93,79,210,existing,1659.118394774169,50,89,79,395,existing,2154.7302541274303,50,88,79,307,existing,1923.489893541214,50,91,79,31,existing,2830.290669685439,50,90,79,500,existing,2693.388251358892,50,33,79,265,allocated,2167.979062043988,50,48,79,374,allocated,2668.262774202174,50,0,79,5,allocated,3022.014885630323,50,92,79,447,existing,3628.1942568149843
51,51,32,80,236,allocated,580.6706325322646,51,32,80,331,existing,578.7820993161166,51,32,80,236,allocated,580.6706325322646,51,92,80,447,existing,642.2220439679236,51,0,80,5,allocated,1167.7372921218116,51,90,80,500,existing,1490.9628279524673,51,48,80,374,allocated,1500.049875351111,51,91,80,31,existing,1585.18096596341,51,33,80,265,allocated,2261.9160887494136,51,89,80,395,existing,2559.663533773612,51,88,80,307,existing,2540.686380528867,51,87,80,18,existing,3500.409602692915,51,93,80,210,existing,2663.0082874146437
52,52,32,81,236,allocated,624.8940336791205,52,32,81,331,existing,623.0055004629725,52,32,81,447,existing,611.5332870949444,52,92,81,447,existing,611.5332870949444,52,0,81,5,allocated,1137.0485352488326,52,48,81,374,allocated,1544.273276497967,52,90,81,500,existing,1460.2740710794878,52,91,81,31,existing,1554.4922090904306,52,89,81,395,existing,2603.886934920468,52,88,81,307,existing,2509.9976236558878,52,33,81,265,allocated,2306.1394898962694,52,87,81,18,existing,3544.6330038397714,52,93,81,210,existing,2707.2316885615
53,53,32,82,236,allocated,678.5356056503792,53,32,82,331,existing,601.6807063618285,53,32,82,236,allocated,678.5356056503792,53,48,82,374,allocated,1011.057278433797,53,92,82,447,existing,1012.5721898419865,53,0,82,5,allocated,1498.5872853150825,53,90,82,500,existing,1715.7130258802658,53,33,82,265,allocated,2026.1191348569218,53,91,82,31,existing,1842.8086290538945,53,93,82,210,existing,2174.01569049733,53,89,82,395,existing,2070.670936856298,53,88,82,307,existing,2568.333473830831,53,87,82,18,existing,3011.4170057756014
54,54,32,83,236,allocated,649.3447182522432,54,32,83,331,existing,572.4898189636924,54,32,83,236,allocated,649.3447182522432,54,48,83,374,allocated,981.8663910356609,54,92,83,447,existing,1041.7630772401226,54,0,83,5,allocated,1508.1615308074988,54,90,83,500,existing,1686.5221384821298,54,33,83,265,allocated,1996.9282474587858,54,89,83,395,existing,2041.4800494581618,54,93,83,210,existing,2144.8248030991936,54,91,83,31,existing,1813.6177416557584,54,87,83,18,existing,2982.226118377465,54,88,83,307,existing,2539.1425864326948
55,55,32,84,236,allocated,422.1929053384467,55,32,84,331,existing,345.33800604989597,55,32,84,236,allocated,422.1929053384467,55,48,84,374,allocated,879.0863702493926,55,92,84,447,existing,1074.9719617700002,55,90,84,500,existing,1459.370325568333,55,0,84,5,allocated,1281.0097178937024,55,93,84,210,existing,2042.0447823129257,55,33,84,265,allocated,1769.7764345449893,55,89,84,395,existing,1938.7000286718937,55,91,84,31,existing,1586.4659287419622,55,87,84,18,existing,2879.446097591197,55,88,84,307,existing,2391.359579500833
56,56,85,86,521,existing,200.27664548425795,56,85,86,344,existing,427.9160161247173,56,85,86,86,allocated,0.0,56,89,86,395,existing,369.29848759373783,56,33,86,265,allocated,382.5472955102957,56,93,86,210,existing,455.3427112392107,56,88,86,307,existing,437.8748596548693,56,90,86,500,existing,1137.1766879478887,56,48,86,374,allocated,1318.2403459514858,56,91,86,31,existing,1274.0791062744356,56,87,86,18,existing,1362.6616066372183,56,92,86,447,existing,2071.982693403981,56,0,86,5,allocated,1465.8033222193199
57,57,82,90,238,existing,387.5106100488629,57,82,90,416,allocated,315.3689296719367,57,82,90,416,allocated,315.3689296719367,57,0,90,5,allocated,608.0110672980722,57,92,90,447,existing,626.959446290502,57,90,90,500,existing,931.2366031287278,57,91,90,31,existing,1025.4547411396704,57,88,90,307,existing,1980.9601557051276,57,33,90,265,allocated,1810.0996899840284,57,48,90,374,allocated,1277.0972131520803,57,89,90,395,existing,2174.3205122683075,57,87,90,18,existing,3265.5701059996586,57,93,90,210,existing,2358.251210601651
58,58,82,93,238,existing,282.72404928447634,58,82,93,416,allocated,210.58236890755023,58,82,93,416,allocated,210.58236890755023,58,0,93,5,allocated,503.2245065336858,58,92,93,447,existing,522.1728855261155,58,91,93,31,existing,920.668180375284,58,90,93,500,existing,826.4500423643414,58,33,93,265,allocated,1705.3131292196417,58,88,93,307,existing,1876.1735949407412,58,89,93,395,existing,2069.5339515039213,58,48,93,374,allocated,1331.5413511054262,58,93,93,210,existing,2253.464649837265,58,87,93,18,existing,3160.7835452352724
59,59,83,96,415,existing,351.76135086383925,59,83,96,416,allocated,448.38602332668665,59,83,96,447,existing,241.77926543669625,59,92,96,447,existing,241.77926543669625,59,0,96,5,allocated,793.9799784378953,59,91,96,31,existing,1211.4236522794936,59,90,96,500,existing,1117.2055142685508,59,33,96,265,allocated,1996.0686011238513,59,88,96,307,existing,2166.9290668449507,59,48,96,374,allocated,1489.1439820855628,59,89,96,395,existing,2360.2894234081305,59,87,96,18,existing,3451.539017139482,59,93,96,210,existing,2544.220121741474
60,60,83,97,415,existing,315.72959138629085,60,83,97,416,allocated,412.35426384913825,60,83,97,447,existing,205.74750595914784,60,92,97,447,existing,205.74750595914784,60,0,97,5,allocated,757.9482189603468,60,90,97,500,existing,1081.1737547910022,60,91,97,31,existing,1175.391892801945,60,33,97,265,allocated,1960.036841646303,60,88,97,307,existing,2130.8973073674024,60,48,97,374,allocated,1525.1757415631114,60,89,97,395,existing,2324.257663930582,60,93,97,210,existing,2508.1883622639257,60,87,97,18,existing,3415.507257661933
61,61,78,100,18,existing,471.94771843168724,61,78,100,388,existing,105.6866304886433,61,78,100,388,allocated,105.6866304886433,61,87,100,18,existing,471.94771843168724,61,93,100,210,existing,1071.8444058381062,61,89,100,395,existing,1567.4562651913675,61,88,100,307,existing,1424.0505675152901,61,48,100,374,allocated,2216.065314416846,61,90,100,500,existing,2193.948925332968,61,91,100,31,existing,2330.851343659515,61,33,100,265,allocated,1580.7050731079255,61,92,100,447,existing,3128.7549307890604,61,0,100,5,allocated,2522.575559604399
62,62,78,101,18,existing,323.44300013908094,62,78,101,357,allocated,299.34878449894677,62,78,101,297,allocated,47.14599088510857,62,87,101,18,existing,323.44300013908094,62,93,101,210,existing,749.6329358673361,62,33,101,265,allocated,1258.493603137155,62,89,101,395,existing,1245.2447952205973,62,91,101,31,existing,2326.3275615739644,62,90,101,500,existing,2189.4251432474175,62,88,101,307,existing,1343.1079073546437,62,48,101,374,allocated,1893.8538444460755,62,0,101,5,allocated,2518.0517775188487,62,92,101,447,existing,3117.7666975528855
63,63,75,102,18,existing,202.02909923923283,63,75,102,388,existing,375.6052496810977,63,75,102,16,allocated,84.5593501240573,63,87,102,18,existing,202.02909923923283,63,93,102,210,existing,871.0468367671842,63,33,102,265,allocated,1379.9075040370033,63,89,102,395,existing,1366.6586961204455,63,91,102,31,existing,2447.7414624738126,63,48,102,374,allocated,1966.2834870648921,63,88,102,307,existing,1464.5218082544918,63,90,102,500,existing,2310.8390441472657,63,92,102,447,existing,3239.1805984527336,63,0,102,5,allocated,2639.465678418697
64,64,85,104,521,existing,218.64356327887924,64,85,104,467,existing,346.51976858495675,64,85,104,104,allocated,0.0,64,33,104,265,allocated,74.44189158379095,64,89,104,395,existing,330.5140046999013,64,88,104,307,existing,547.1412533720529,64,93,104,210,existing,473.70962903383196,64,90,104,500,existing,1030.69311103142,64,48,104,374,allocated,1094.1722395943123,64,91,104,31,existing,1165.3567276830051,64,0,104,5,allocated,1336.7914669058277,64,87,104,18,existing,1381.0285244318395,64,92,104,447,existing,1933.7149859995209
65,65,85,105,521,existing,83.98310276254506,65,85,105,344,existing,430.77322038721564,65,85,105,105,allocated,0.0,65,89,105,395,existing,195.85354418356715,65,33,105,265,allocated,209.1023521001251,65,93,105,210,existing,339.04916851749783,65,88,105,307,existing,412.48079285571873,65,48,105,374,allocated,1144.795402541315,65,91,105,31,existing,1276.9363105369341,65,87,105,18,existing,1246.3680639155054,65,90,105,500,existing,1140.0338922103872,65,0,105,5,allocated,1468.6605264818181,65,92,105,447,existing,2068.375446515855
66,66,58,110,434,allocated,44.9300241396431,66,58,110,532,existing,238.05434226532932,66,58,110,434,allocated,44.9300241396431,66,48,110,374,allocated,390.44891874891835,66,33,110,265,allocated,1106.013708198776,66,89,110,395,existing,1145.8970186107556,66,0,110,5,allocated,1303.1683822943921,66,93,110,210,existing,1421.5527832323082,66,88,110,307,existing,1643.5595555852883,66,90,110,500,existing,1481.528989969023,66,91,110,31,existing,1608.624593142652,66,92,110,447,existing,1745.2816516962066,66,87,110,18,existing,2258.9540985105796
67,67,58,111,434,allocated,66.52067429816871,67,58,111,532,existing,259.64499242385494,67,58,111,434,allocated,66.52067429816871,67,48,111,374,allocated,412.03956890744394,67,33,111,265,allocated,1096.82881727208,67,89,111,395,existing,1147.187312671483,67,0,111,5,allocated,1324.7590324529178,67,91,111,31,existing,1630.2152433011775,67,93,111,210,existing,1443.143433390834,67,90,111,500,existing,1503.1196401275488,67,88,111,307,existing,1644.8498496460156,67,92,111,447,existing,1766.8723018547323,67,87,111,18,existing,2280.544748669105
68,68,32,112,236,allocated,267.9375926327671,68,32,112,331,existing,191.0826933442164,68,32,112,236,allocated,267.9375926327671,68,48,112,374,allocated,809.4546260824097,68,92,112,447,existing,920.7166490643206,68,90,112,500,existing,1305.1150128626537,68,0,112,5,allocated,1126.7544051880227,68,89,112,395,existing,1869.0682845049107,68,33,112,265,allocated,1615.52112183931,68,93,112,210,existing,1972.4130381459427,68,91,112,31,existing,1432.2106160362825,68,88,112,307,existing,2237.1042667951538,68,87,112,18,existing,2809.814353424214
69,69,32,113,236,allocated,245.83745145346842,69,32,113,331,existing,168.9825521649177,69,32,113,236,allocated,245.83745145346842,69,48,113,374,allocated,831.5547672617083,69,92,113,447,existing,898.616507885022,69,0,113,5,allocated,1104.654264008724,69,90,113,500,existing,1283.014871683355,69,93,113,210,existing,1994.5131793252413,69,89,113,395,existing,1891.1684256842093,69,33,113,265,allocated,1593.420980660011,69,91,113,31,existing,1410.1104748569837,69,88,113,307,existing,2215.0041256158547,69,87,113,18,existing,2831.9144946035126
70,70,86,117,395,existing,113.74295527788671,70,86,117,467,existing,477.039352921419,70,86,117,117,allocated,0.0,70,89,117,395,existing,113.74295527788671,70,33,117,265,allocated,291.21294100580553,70,88,117,307,existing,494.5913817613992,70,93,117,210,existing,421.15975742317823,70,91,117,31,existing,1341.3927031056069,70,87,117,18,existing,1328.4786528211857,70,48,117,374,allocated,1139.6348833171332,70,90,117,500,existing,1206.7290864540214,70,0,117,5,allocated,1512.8274423284295,70,92,117,447,existing,2109.7509614221226
71,71,58,119,434,allocated,355.6431395769597,71,58,119,360,existing,304.1030512145725,71,58,119,374,allocated,337.14595906529826,71,48,119,374,allocated,337.14595906529826,71,0,119,5,allocated,970.6299017091651,71,91,119,31,existing,1276.086112557425,71,90,119,500,existing,1148.990509383796,71,33,119,265,allocated,1356.8763070758196,71,92,119,447,existing,1412.7431711109796,71,93,119,210,existing,1500.1043711288312,71,89,119,395,existing,1396.7596174877995,71,88,119,307,existing,1894.422154462332,71,87,119,18,existing,2337.5056864071025
72,72,32,123,236,allocated,359.0262502072026,72,32,123,331,existing,282.1713509186519,72,32,123,236,allocated,359.0262502072026,72,48,123,374,allocated,746.6569687581889,72,92,123,447,existing,1056.3832702392465,72,0,123,5,allocated,1071.0685929872325,72,90,123,500,existing,1249.4292006618634,72,33,123,265,allocated,1559.8353096385197,72,89,123,395,existing,1806.2706271806899,72,91,123,31,existing,1376.524803835492,72,93,123,210,existing,1909.6153808217218,72,87,123,18,existing,2747.016696099993,72,88,123,307,existing,2181.4184545943635
73,73,85,125,521,existing,668.7006239799634,73,85,125,357,allocated,46.56080878255983,73,85,125,357,allocated,46.56080878255983,73,93,125,210,existing,403.7233425858294,73,87,125,18,existing,669.3525934205876,73,33,125,265,allocated,912.5840098556487,73,89,125,395,existing,899.3352019390907,73,91,125,31,existing,1980.4179682924575,73,48,125,374,allocated,1547.9442511645689,73,88,125,307,existing,997.1983140731372,73,90,125,500,existing,1843.5155499659106,73,0,125,5,allocated,2172.142184237342,73,92,125,447,existing,2771.8571042713784
74,74,82,127,238,existing,626.5998479278092,74,82,127,416,allocated,554.458167550883,74,82,127,5,allocated,269.12516507575504,74,0,127,5,allocated,269.12516507575504,74,90,127,500,existing,447.48577275038593,74,91,127,31,existing,574.5813759240148,74,92,127,447,existing,866.0486841694483,74,88,127,307,existing,1497.2093253267858,74,89,127,395,existing,1357.445232530561,74,33,127,265,allocated,993.2244102462818,74,48,127,374,allocated,1038.6506956987084,74,87,127,18,existing,2448.694826261912,74,93,127,210,existing,1541.3759308639046
75,75,81,128,559,existing,578.1275937869673,75,81,128,242,existing,530.237064824369,75,81,128,5,allocated,334.5744290039313,75,0,128,5,allocated,334.5744290039313,75,90,128,500,existing,382.03650882220967,75,92,128,447,existing,931.4979480976244,75,91,128,31,existing,509.13211199583856,75,48,128,374,allocated,1104.0999596268848,75,89,128,395,existing,1422.8944964587374,75,88,128,307,existing,1431.7600613986094,75,33,128,265,allocated,1058.673674174458,75,87,128,18,existing,2514.1440901900887,75,93,128,210,existing,1606.825194792081
76,76,58,129,434,allocated,184.72838402162688,76,58,129,532,existing,377.8527021473131,76,58,129,434,allocated,184.72838402162688,76,48,129,374,allocated,490.2540183218282,76,0,129,5,allocated,1163.3700224124084,76,89,129,395,existing,1285.6953784927393,76,33,129,265,allocated,1245.8120680807597,76,93,129,210,existing,1561.351143114292,76,90,129,500,existing,1341.7306300870391,76,92,129,447,existing,1605.4832918142229,76,91,129,31,existing,1468.8262332606682,76,87,129,18,existing,2398.7524583925633,76,88,129,307,existing,1783.357915467272
77,77,66,130,467,allocated,406.30397128560725,77,66,130,467,existing,406.30397128560725,77,66,130,265,allocated,344.4368241103187,77,33,130,265,allocated,344.4368241103187,77,89,130,395,existing,708.657646394598,77,93,130,210,existing,892.5883447279416,77,0,130,5,allocated,917.9127512117182,77,91,130,31,existing,1181.0465986090808,77,88,130,307,existing,966.0199690661626,77,90,130,500,existing,1046.3829819574958,77,48,130,374,allocated,1144.5024780582216,77,87,130,18,existing,1799.907240125949,77,92,130,447,existing,1514.8362703054113
78,78,66,131,467,allocated,459.20493836947986,78,66,131,467,existing,459.20493836947986,78,66,131,265,allocated,397.3377911941913,78,33,131,265,allocated,397.3377911941913,78,89,131,395,existing,761.5586134784705,78,93,131,210,existing,945.4893118118141,78,0,131,5,allocated,970.8137182955907,78,88,131,307,existing,1018.9209361500351,78,91,131,31,existing,1233.9475656929535,78,48,131,374,allocated,1197.4034451420944,78,90,131,500,existing,1099.2839490413683,78,87,131,18,existing,1852.8082072098218,78,92,131,447,existing,1567.737237389284
79,79,32,132,236,allocated,367.6520630900035,79,32,132,331,existing,365.7635298738555,79,32,132,236,allocated,367.6520630900035,79,92,132,447,existing,582.9238680140709,79,0,132,5,allocated,1068.9389634871668,79,48,132,374,allocated,1287.0313059088498,79,90,132,500,existing,1392.1644993178224,79,89,132,395,existing,2346.644964331351,79,33,132,265,allocated,2048.897519307153,79,88,132,307,existing,2441.8880518942224,79,91,132,31,existing,1486.3826373287652,79,93,132,210,existing,2449.989717972383,79,87,132,18,existing,3287.3910332506543
80,80,32,133,236,allocated,310.1642840096964,80,32,133,331,existing,308.2757507935484,80,32,133,236,allocated,310.1642840096964,80,92,133,447,existing,640.4116470943779,80,0,133,5,allocated,1011.4511844068597,80,90,133,500,existing,1334.6767202375154,80,48,133,374,allocated,1229.5435268285428,80,89,133,395,existing,2289.1571852510438,80,91,133,31,existing,1428.8948582484581,80,88,133,307,existing,2384.4002728139153,80,33,133,265,allocated,1991.4097402268455,80,93,133,210,existing,2392.5019388920755,80,87,133,18,existing,3229.903254170347
81,81,58,134,434,allocated,401.1987859904581,81,58,134,532,existing,594.3231041161443,81,58,134,434,allocated,401.1987859904581,81,48,134,374,allocated,706.7244202906595,81,33,134,265,allocated,1054.388115992943,81,0,134,5,allocated,1379.8404243812395,81,89,134,395,existing,1373.092547191083,81,91,134,31,existing,1685.2966352294993,81,93,134,210,existing,1602.539636610566,81,90,134,500,existing,1558.2010320558702,81,88,134,307,existing,1675.971260948787,81,92,134,447,existing,1821.953693783054,81,87,134,18,existing,2509.8585320085735
82,82,58,135,434,allocated,456.32277431271314,82,58,135,532,existing,649.4470924383993,82,58,135,434,allocated,456.32277431271314,82,48,135,374,allocated,761.8484086129145,82,33,135,265,allocated,1109.512104315198,82,0,135,5,allocated,1434.9644127034946,82,89,135,395,existing,1428.216535513338,82,91,135,31,existing,1740.4206235517545,82,90,135,500,existing,1613.3250203781254,82,93,135,210,existing,1657.663624932821,82,88,135,307,existing,1731.095249271042,82,87,135,18,existing,2564.9825203308283,82,92,135,447,existing,1877.077682105309
83,83,32,136,236,allocated,660.3953114001204,83,32,136,360,existing,250.55191348511568,83,32,136,236,allocated,660.3953114001204,83,48,136,374,allocated,663.6971222622403,83,0,136,5,allocated,703.4127484678429,83,90,136,500,existing,881.7733561424737,83,91,136,31,existing,1008.8689593161026,83,89,136,395,existing,1556.400287403409,83,92,136,447,existing,1300.336267561536,83,93,136,210,existing,1740.3309857367528,83,33,136,265,allocated,1192.1794651191299,83,87,136,18,existing,2647.6498811347606,83,88,136,307,existing,1813.7626100749737
84,84,32,137,236,allocated,630.7283064223104,84,32,137,360,existing,220.88490850730577,84,32,137,236,allocated,630.7283064223104,84,48,137,374,allocated,634.0301172844305,84,0,137,5,allocated,673.745743490033,84,90,137,500,existing,852.1063511646639,84,91,137,31,existing,979.2019543382928,84,33,137,265,allocated,1162.51246014132,84,92,137,447,existing,1270.669262583726,84,89,137,395,existing,1526.7332824255993,84,93,137,210,existing,1710.6639807589431,84,87,137,18,existing,2617.9828761569506,84,88,137,307,existing,1784.095605097164
85,85,84,138,30,existing,619.4100623268787,85,84,138,528,allocated,351.1340060260151,85,84,138,297,allocated,263.4380194129531,85,87,138,18,existing,634.0270104371427,85,93,138,210,existing,803.3379754913515,85,89,138,395,existing,1298.9498348446127,85,88,138,307,existing,1155.5441371685351,85,91,138,31,existing,2062.34491331276,85,90,138,500,existing,1925.4424949862132,85,48,138,374,allocated,1947.558884070091,85,33,138,265,allocated,1312.1986427611705,85,92,138,447,existing,2860.248500442305,85,0,138,5,allocated,2254.0691292576444
86,86,84,139,30,existing,491.3117283572177,86,84,139,528,allocated,223.03567205635412,86,84,139,528,allocated,223.03567205635412,86,87,139,18,existing,762.1253444068036,86,93,139,210,existing,789.3923273595917,86,88,139,307,existing,1027.4458031988743,86,89,139,395,existing,1284.525038252852,86,48,139,374,allocated,1938.508091946443,86,33,139,265,allocated,1297.77384616941,86,90,139,500,existing,1797.3441610165523,86,91,139,31,existing,1934.2465793430993,86,92,139,447,existing,2732.1501664726447,86,0,139,5,allocated,2125.9707952879835
87,87,32,140,236,allocated,761.1501085127088,87,32,140,360,existing,351.30671059770407,87,32,140,5,allocated,622.6024986007776,87,0,140,5,allocated,622.6024986007776,87,48,140,374,allocated,764.4519193748288,87,91,140,31,existing,928.0587094490375,87,90,140,500,existing,800.9631062754086,87,33,140,265,allocated,1111.3692152520648,87,93,140,210,existing,1659.5207358696878,87,89,140,395,existing,1475.590037536344,87,92,140,447,existing,1219.5260176944707,87,87,140,18,existing,2566.8396312676955,87,88,140,307,existing,1732.9523602079087
88,88,32,141,236,allocated,721.5108299121373,88,32,141,360,existing,311.66743199713255,88,32,141,5,allocated,582.9632200002061,88,0,141,5,allocated,582.9632200002061,88,48,141,374,allocated,724.8126407742573,88,90,141,500,existing,761.323827674837,88,91,141,31,existing,888.4194308484659,88,92,141,447,existing,1179.8867390938995,88,93,141,210,existing,1619.8814572691163,88,33,141,265,allocated,1071.7299366514933,88,89,141,395,existing,1435.9507589357727,88,88,141,307,existing,1693.3130816073372,88,87,141,18,existing,2527.2003526671238
89,89,58,142,434,allocated,273.58892668623236,89,58,142,360,existing,407.9826292532101,89,58,142,434,allocated,273.58892668623236,89,48,142,374,allocated,401.3934756572228,89,0,142,5,allocated,1074.509479747803,89,90,142,500,existing,1252.8700874224337,89,33,142,265,allocated,1334.672610745365,89,89,142,395,existing,1374.555921157345,89,91,142,31,existing,1379.9656905960628,89,92,142,447,existing,1516.6227491496172,89,93,142,210,existing,1564.3518877207557,89,88,142,307,existing,1872.2184581318775,89,87,142,18,existing,2401.753202999027
90,90,58,143,434,allocated,339.51783706869924,90,58,143,360,existing,473.91153963567706,90,58,143,434,allocated,339.51783706869924,90,48,143,374,allocated,467.3223860396896,90,0,143,5,allocated,1140.4383901302697,90,90,143,500,existing,1318.7989978049006,90,33,143,265,allocated,1400.6015211278318,90,89,143,395,existing,1440.4848315398117,90,92,143,447,existing,1582.5516595320842,90,91,143,31,existing,1445.8946009785295,90,93,143,210,existing,1630.2807981032227,90,87,143,18,existing,2467.6821133814938,90,88,143,307,existing,1938.1473685143444
91,91,32,147,236,allocated,428.5598223084548,91,32,147,331,existing,426.6712890923068,91,32,147,236,allocated,428.5598223084548,91,92,147,447,existing,643.8316272325221,91,0,147,5,allocated,1129.846722705618,91,90,147,500,existing,1453.0722585362737,91,48,147,374,allocated,1306.408621698692,91,33,147,265,allocated,2068.274835096995,91,91,147,31,existing,1547.2903965472165,91,89,147,395,existing,2366.022280121193,91,93,147,210,existing,2469.367033762225,91,88,147,307,existing,2502.7958111126736,91,87,147,18,existing,3306.7683490404966
92,92,66,150,467,allocated,108.71730458765788,92,66,150,467,existing,108.71730458765788,92,66,150,467,allocated,108.71730458765788,92,33,150,265,allocated,380.79518158882365,92,89,150,395,existing,420.67849200080354,92,93,150,210,existing,844.9094046371151,92,48,150,374,allocated,638.9351664216977,92,91,150,31,existing,1252.0453236254195,92,90,150,500,existing,1117.3817069738343,92,88,150,307,existing,918.3410289753361,92,0,150,5,allocated,1423.4800628482424,92,92,150,447,existing,2020.4035819419355,92,87,150,18,existing,1752.2283000351226
93,93,66,151,467,allocated,39.38116209549727,93,66,151,467,existing,39.38116209549727,93,66,151,467,allocated,39.38116209549727,93,33,151,265,allocated,311.45903909666305,93,89,151,395,existing,490.01463449296415,93,93,151,210,existing,859.610559714286,93,48,151,374,allocated,708.2713089138582,93,91,151,31,existing,1192.16314537,93,90,151,500,existing,1057.4995287184147,93,0,151,5,allocated,1363.5978845928225,93,88,151,307,existing,933.042184052507,93,92,151,447,existing,1960.5214036865157,93,87,151,18,existing,1766.9294551122935
94,94,58,152,434,allocated,206.55080957106566,94,58,152,532,existing,399.6751276967519,94,58,152,434,allocated,206.55080957106566,94,48,152,374,allocated,512.076443871267,94,0,152,5,allocated,1185.1924479618472,94,89,152,395,existing,1296.00480971738,94,33,152,265,allocated,1245.6463143179772,94,93,152,210,existing,1583.1735686637307,94,91,152,31,existing,1490.648658810107,94,90,152,500,existing,1363.553055636478,94,92,152,447,existing,1627.3057173636616,94,87,152,18,existing,2420.574883942002,94,88,152,307,existing,1793.6673466919126
95,95,58,153,434,allocated,238.97182107178395,95,58,153,532,existing,432.09613919747017,95,58,153,434,allocated,238.97182107178395,95,48,153,374,allocated,544.4974553719853,95,33,153,265,allocated,1216.6150809116173,95,0,153,5,allocated,1217.6134594625655,95,89,153,395,existing,1328.4258212180985,95,92,153,447,existing,1659.72672886438,95,90,153,500,existing,1395.9740671371965,95,93,153,210,existing,1615.594580164449,95,91,153,31,existing,1523.0696703108251,95,87,153,18,existing,2452.99589544272,95,88,153,307,existing,1826.088358192631
96,96,32,154,236,allocated,348.36505286568155,96,32,154,331,existing,271.51015357713084,96,32,154,236,allocated,348.36505286568155,96,48,154,374,allocated,805.2585177766274,96,92,154,447,existing,1001.144109297235,96,90,154,500,existing,1385.5424730955679,96,0,154,5,allocated,1207.1818654209371,96,93,154,210,existing,1968.2169298401604,96,89,154,395,existing,1864.8721761991285,96,91,154,31,existing,1512.638076269197,96,33,154,265,allocated,1695.948582072224,96,87,154,18,existing,2805.618245118432,96,88,154,307,existing,2317.531727028068
97,97,32,155,236,allocated,313.6953577110372,97,32,155,331,existing,236.8404584224865,97,32,155,236,allocated,313.6953577110372,97,48,155,374,allocated,770.5888226219831,97,92,155,447,existing,966.4744141425907,97,90,155,500,existing,1350.8727779409237,97,0,155,5,allocated,1172.512170266293,97,91,155,31,existing,1477.9683811145528,97,93,155,210,existing,1933.547234685516,97,33,155,265,allocated,1661.27888691758,97,89,155,395,existing,1830.202481044484,97,87,155,18,existing,2770.948549963787,97,88,155,307,existing,2282.862031873424
98,98,32,156,236,allocated,300.8052341104105,98,32,156,331,existing,298.9167008942625,98,32,156,236,allocated,300.8052341104105,98,92,156,447,existing,741.4904676548185,98,48,156,374,allocated,988.6808074919118,98,0,156,5,allocated,1007.4262214936432,98,90,156,500,existing,1330.6517573242986,98,89,156,395,existing,2048.2944659144127,98,91,156,31,existing,1424.8698953352414,98,33,156,265,allocated,1750.5470208902145,98,93,156,210,existing,2151.6392195554445,98,88,156,307,existing,2372.1301658460584,98,87,156,18,existing,2989.040534833716
99,99,32,158,236,allocated,182.9349536194057,99,32,158,331,existing,181.04642040325768,99,32,158,236,allocated,182.9349536194057,99,92,158,447,existing,669.3201716714941,99,0,158,5,allocated,848.0928480396224,99,90,158,500,existing,1171.3183838702778,99,48,158,374,allocated,1137.0057762293936,99,91,158,31,existing,1265.5365218812206,99,89,158,395,existing,2196.6194346518946,99,88,158,307,existing,2221.041936446678,99,33,158,265,allocated,1897.4322876783374,99,87,158,18,existing,3137.3655035711977,99,93,158,210,existing,2299.9641882929263
100,100,82,159,238,existing,794.9640986798714,100,82,159,360,existing,457.1412361695214,100,82,159,5,allocated,437.48941582781737,100,0,159,5,allocated,437.48941582781737,100,90,159,500,existing,615.8500235024483,100,48,159,374,allocated,870.286444946646,100,91,159,31,existing,742.9456266760772,100,33,159,265,allocated,926.2561324791045,100,92,159,447,existing,1034.4129349215104,100,93,159,210,existing,1474.4076530967275,100,89,159,395,existing,1290.4769547633837,100,87,159,18,existing,2381.726548494735,100,88,159,307,existing,1547.8392774349484
101,101,82,160,238,existing,744.2661121874289,101,82,160,360,existing,507.8392226619639,101,82,160,5,allocated,386.7914293353748,101,0,160,5,allocated,386.7914293353748,101,90,160,500,existing,565.1520370100058,101,33,160,265,allocated,875.5581459866619,101,91,160,31,existing,692.2476401836346,101,93,160,210,existing,1423.7096666042848,101,92,160,447,existing,983.714948429068,101,89,160,395,existing,1239.7789682709413,101,48,160,374,allocated,920.9844314390886,101,88,160,307,existing,1497.1412909425057,101,87,160,18,existing,2331.0285620022923
102,102,58,161,434,allocated,366.10576123022736,102,58,161,467,existing,535.6410383262787,102,58,161,434,allocated,366.10576123022736,102,48,161,374,allocated,711.6246558395026,102,33,161,265,allocated,797.2437303400214,102,89,161,395,existing,847.6022257394243,102,93,161,210,existing,1271.8331383757359,102,90,161,500,existing,1499.7192708997268,102,91,161,31,existing,1634.3828875513123,102,88,161,307,existing,1345.2647627139568,102,0,161,5,allocated,1624.3441193849765,102,87,161,18,existing,2179.152033773744,102,92,161,447,existing,2066.457388786791
103,103,58,162,434,allocated,199.14737779829755,103,58,162,532,existing,392.2716959239838,103,58,162,434,allocated,199.14737779829755,103,48,162,374,allocated,544.6662724075728,103,33,162,265,allocated,964.2021137719512,103,93,162,210,existing,1438.7915218076657,103,89,162,395,existing,1014.5606091713541,103,91,162,31,existing,1762.8419468013062,103,88,162,307,existing,1512.2231461458866,103,90,162,500,existing,1635.7463436276776,103,0,162,5,allocated,1457.3857359530466,103,92,162,447,existing,1899.499005354861,103,87,162,18,existing,2346.1104172056735
104,104,58,164,434,allocated,539.6839733893405,104,58,164,532,existing,331.75241448030516,104,58,164,374,allocated,236.159578080922,104,48,164,374,allocated,236.159578080922,104,33,164,265,allocated,834.231043587019,104,89,164,395,existing,874.1143539989989,104,93,164,210,existing,926.7988339826109,104,88,164,307,existing,1371.7768909735314,104,91,164,31,existing,1705.4811856236151,104,0,164,5,allocated,1543.9354388553854,104,90,164,500,existing,1570.8175689720297,104,92,164,447,existing,1966.3308532276521,104,87,164,18,existing,1764.2001492608822
105,105,83,165,415,existing,550.0075522600932,105,83,165,416,allocated,646.6322247229407,105,83,165,447,existing,440.02546683295026,105,92,165,447,existing,440.02546683295026,105,0,165,5,allocated,992.2261798341492,105,90,165,500,existing,1315.4517156648046,105,91,165,31,existing,1409.6698536757474,105,89,165,395,existing,2558.5356248043845,105,48,165,374,allocated,1642.2022505688,105,33,165,265,allocated,2194.3148025201053,105,88,165,307,existing,2365.1752682412043,105,93,165,210,existing,2742.466323137728,105,87,165,18,existing,3642.5619779106046
106,106,83,166,415,existing,505.9288074446938,106,83,166,416,allocated,602.5534799075413,106,83,166,447,existing,395.9467220175508,106,92,166,447,existing,395.9467220175508,106,0,166,5,allocated,948.1474350187498,106,91,166,31,existing,1365.591108860348,106,90,166,500,existing,1271.3729708494052,106,89,166,395,existing,2514.4568799889853,106,48,166,374,allocated,1598.1235057534007,106,33,166,265,allocated,2150.2360577047057,106,88,166,307,existing,2321.096523425805,106,87,166,18,existing,3598.483233095205,106,93,166,210,existing,2698.387578322329
107,107,82,167,238,existing,369.787604328497,107,82,167,416,allocated,357.4396301593091,107,82,167,5,allocated,11.845675048100468,107,0,167,5,allocated,11.845675048100468,107,90,167,500,existing,316.78095922333057,107,92,167,447,existing,669.0301467778744,107,91,167,31,existing,406.27201553996076,107,88,167,307,existing,1412.1085139040679,107,89,167,395,existing,1614.7247225582157,107,48,167,374,allocated,1295.9301857263629,107,33,167,265,allocated,1250.5039002739363,107,93,167,210,existing,1795.8640199512156,107,87,167,18,existing,2703.182915349223
108,108,81,168,559,existing,375.459042587221,108,81,168,242,existing,327.5685136246227,108,81,168,146,allocated,62.158563054756,108,0,168,5,allocated,111.6541297919689,108,90,168,500,existing,216.97250447946215,108,92,168,447,existing,768.8386015217428,108,91,168,31,existing,306.4635607960923,108,89,168,395,existing,1535.205744536409,108,33,168,265,allocated,1170.9849222521295,108,88,168,307,existing,1312.3000591601995,108,48,168,374,allocated,1395.7386404702313,108,93,168,210,existing,1696.0555652073472,108,87,168,18,existing,2603.3744606053547
109,109,32,169,236,allocated,398.2279535876317,109,32,169,416,allocated,408.6111193678094,109,32,169,236,allocated,398.2279535876317,109,0,169,5,allocated,701.2532569939449,109,92,169,447,existing,720.2016359863748,109,91,169,31,existing,1118.696930835543,109,90,169,500,existing,1024.4787928246003,109,89,169,395,existing,2193.126259067668,109,33,169,265,allocated,1875.6609590139221,109,88,169,307,existing,2074.2023454010005,109,48,169,374,allocated,1133.5126006451671,109,87,169,18,existing,3133.872327986971,109,93,169,210,existing,2296.4710127087
110,110,32,170,236,allocated,294.8358227335698,110,32,170,331,existing,371.69072202212044,110,32,170,236,allocated,294.8358227335698,110,0,170,5,allocated,741.6172523043891,110,92,170,447,existing,760.5656312968189,110,90,170,500,existing,1064.8427881350447,110,48,170,374,allocated,1115.1193014124487,110,89,170,395,existing,2174.7329598349497,110,33,170,265,allocated,1857.2676597812037,110,91,170,31,existing,1159.0609261459874,110,88,170,307,existing,2114.5663407114444,110,87,170,18,existing,3115.479028754253,110,93,170,210,existing,2278.077713475982
111,111,32,171,236,allocated,270.11454993567463,111,32,171,331,existing,346.9694492242253,111,32,171,236,allocated,270.11454993567463,111,0,171,5,allocated,716.895979506494,111,92,171,447,existing,735.8443584989237,111,91,171,31,existing,1134.3396533480923,111,90,171,500,existing,1040.1215153371495,111,48,171,374,allocated,1139.840574210344,111,89,171,395,existing,2199.4542326328447,111,33,171,265,allocated,1881.988932579099,111,88,171,307,existing,2089.8450679135494,111,87,171,18,existing,3140.2003015521477,111,93,171,210,existing,2302.798986273877
112,112,82,173,238,existing,254.65386314412552,112,82,173,416,allocated,329.7720460016296,112,82,173,57,allocated,99.90028951008489,112,92,173,447,existing,595.779692717761,112,0,173,5,allocated,612.5957924245221,112,90,173,500,existing,941.2224266959531,112,91,173,31,existing,1030.7134830125833,112,48,173,374,allocated,1868.9192635340282,112,33,173,265,allocated,1874.4781213182164,112,89,173,395,existing,2238.698943602496,112,88,173,307,existing,2036.5499813766903,112,93,173,210,existing,2420.305487423838,112,87,173,18,existing,3327.6243828218453
113,113,66,174,467,allocated,208.08813904410405,113,66,174,467,existing,208.08813904410405,113,66,174,218,allocated,161.30607533923177,113,89,174,395,existing,321.30765754435737,113,33,174,265,allocated,480.1660160452699,113,93,174,210,existing,856.2103702454224,113,48,174,374,allocated,738.3060008781438,113,90,174,500,existing,1216.7525414302804,113,91,174,31,existing,1351.416158081866,113,88,174,307,existing,929.6419945836433,113,0,174,5,allocated,1522.8508973046885,113,92,174,447,existing,2119.7744163983816,113,87,174,18,existing,1763.5292656434299
114,114,66,175,467,allocated,263.6847354554579,114,66,175,467,existing,263.6847354554579,114,66,175,218,allocated,216.9026717505856,114,89,175,395,existing,265.7110611330035,114,33,175,265,allocated,535.7626124566236,114,48,175,374,allocated,793.9025972894976,114,93,175,210,existing,800.6137738340685,114,91,175,31,existing,1407.0127544932197,114,88,175,307,existing,874.0453981722894,114,90,175,500,existing,1272.3491378416343,114,0,175,5,allocated,1578.4474937160423,114,92,175,447,existing,2175.3710128097355,114,87,175,18,existing,1707.932669232076
115,115,58,176,434,allocated,444.01663269562226,115,58,176,532,existing,637.1409508213085,115,58,176,434,allocated,444.01663269562226,115,48,176,374,allocated,789.5355273048974,115,33,176,265,allocated,883.2506754697507,115,89,176,395,existing,1201.9551066678905,115,93,176,210,existing,1431.4021960873738,115,88,176,307,existing,1504.8338204255947,115,0,176,5,allocated,1702.2549908503715,115,90,176,500,existing,1585.7262160294558,115,91,176,31,existing,1720.3898326810413,115,92,176,447,existing,2144.368260252186,115,87,176,18,existing,2338.721091485381
116,116,84,177,30,existing,655.8832438294119,116,84,177,388,existing,480.96834688937275,116,84,177,189,allocated,263.0538283867575,116,87,177,18,existing,857.4612183212174,116,88,177,307,existing,1192.0173186710686,116,93,177,210,existing,1373.8303626586408,116,89,177,395,existing,1669.023590767687,116,90,177,500,existing,1961.9156764887464,116,91,177,31,existing,2098.818094815293,116,33,177,265,allocated,1682.2723986842448,116,0,177,5,allocated,2290.5423107601773,116,92,177,447,existing,2896.7216819448386,116,48,177,374,allocated,2525.800948668856
117,117,84,178,30,existing,589.0537473903805,117,84,178,388,existing,414.13885045034147,117,84,178,189,allocated,196.22433194772623,117,87,178,18,existing,790.6317218821862,117,88,178,307,existing,1125.1878222320372,117,89,178,395,existing,1602.1940943286556,117,93,178,210,existing,1307.0008662196094,117,33,178,265,allocated,1615.4429022452136,117,90,178,500,existing,1895.086180049715,117,0,178,5,allocated,2223.712814321146,117,91,178,31,existing,2031.988598376262,117,92,178,447,existing,2829.892185505807,117,48,178,374,allocated,2458.9714522298254
118,118,58,179,434,allocated,335.8271088536031,118,58,179,360,existing,323.91908193792904,118,58,179,374,allocated,317.3299283419417,118,48,179,374,allocated,317.3299283419417,118,0,179,5,allocated,990.4459324325217,118,90,179,500,existing,1168.8065401071526,118,91,179,31,existing,1295.9021432807815,118,92,179,447,existing,1432.5592018343361,118,89,179,395,existing,1376.943586764443,118,93,179,210,existing,1480.2883404054746,118,33,179,265,allocated,1337.060276352463,118,88,179,307,existing,1874.6061237389754,118,87,179,18,existing,2317.689655683746
119,119,58,180,434,allocated,430.1539638651268,119,58,180,360,existing,229.59222692640535,119,58,180,374,allocated,411.65678335346536,119,48,180,374,allocated,411.65678335346536,119,0,180,5,allocated,896.1190774209981,119,90,180,500,existing,1074.479685095629,119,91,180,31,existing,1201.5752882692577,119,89,180,395,existing,1471.2704417759664,119,92,180,447,existing,1338.2323468228126,119,93,180,210,existing,1574.6151954169984,119,33,180,265,allocated,1384.885794072285,119,87,180,18,existing,2412.0165106952695,119,88,180,307,existing,1968.932978750499
120,120,58,181,434,allocated,477.45108316004945,120,58,181,360,existing,182.29510763148267,120,58,181,374,allocated,458.95390264838807,120,48,181,374,allocated,458.95390264838807,120,0,181,5,allocated,848.8219581260753,120,90,181,500,existing,1027.1825658007062,120,91,181,31,existing,1154.2781689743351,120,93,181,210,existing,1621.912314711921,120,33,181,265,allocated,1337.5886747773625,120,92,181,447,existing,1290.9352275278898,120,89,181,395,existing,1518.567561070889,120,88,181,307,existing,1959.1718197332061,120,87,181,18,existing,2459.313629990192
121,121,83,182,415,existing,255.41800372422261,121,83,182,416,allocated,352.04267618707,121,83,182,447,existing,145.4359182970796,121,92,182,447,existing,145.4359182970796,121,0,182,5,allocated,697.6366312982786,121,91,182,31,existing,1115.0803051398768,121,90,182,500,existing,1020.8621671289342,121,33,182,265,allocated,1899.7252539842348,121,48,182,374,allocated,1585.4873292251796,121,88,182,307,existing,2070.5857197053338,121,89,182,395,existing,2263.946076268514,121,93,182,210,existing,2447.8767746018575,121,87,182,18,existing,3355.195669999865
122,122,32,183,236,allocated,185.0533993917379,122,32,183,331,existing,183.1648661755899,122,32,183,236,allocated,185.0533993917379,122,92,183,447,existing,625.738632936146,122,0,183,5,allocated,891.6743867749706,122,90,183,500,existing,1214.899922605626,122,48,183,374,allocated,1104.4326422105842,122,33,183,265,allocated,1866.298855608887,122,88,183,307,existing,2264.6234751820257,122,91,183,31,existing,1309.1180606165688,122,89,183,395,existing,2164.046300633085,122,87,183,18,existing,3104.7923695523887,122,93,183,210,existing,2267.3910542741173
123,123,32,184,236,allocated,207.61087023055342,123,32,184,331,existing,205.7223370144054,123,32,184,236,allocated,207.61087023055342,123,92,184,447,existing,603.1811620973306,123,0,184,5,allocated,908.8977706277167,123,48,184,374,allocated,1126.9901130493997,123,90,184,500,existing,1232.1233064583723,123,88,184,307,existing,2281.846859034772,123,91,184,31,existing,1326.341444469315,123,33,184,265,allocated,1888.8563264477025,123,89,184,395,existing,2186.603771471901,123,87,184,18,existing,3127.349840391204,123,93,184,210,existing,2289.9485251129327
124,124,83,185,415,existing,171.63599556058838,124,83,185,416,allocated,268.26066802343576,124,83,185,416,allocated,268.26066802343576,124,92,185,447,existing,308.1380146042582,124,0,185,5,allocated,613.8546231346444,124,90,185,500,existing,937.0801589653,124,91,185,31,existing,1031.2982969762427,124,48,185,374,allocated,1422.0332605424721,124,33,185,265,allocated,1815.9432458206006,124,88,185,307,existing,1986.8037115416998,124,89,185,395,existing,2180.16406810488,124,93,185,210,existing,2364.0947664382234,124,87,185,18,existing,3271.413661836231
125,125,84,188,30,existing,460.1597585060265,125,84,188,528,allocated,415.45095658407234,125,84,188,188,allocated,0.0,125,87,188,18,existing,953.5094237134832,125,88,188,307,existing,996.2938333476831,125,89,188,395,existing,1473.3001054443016,125,93,188,210,existing,1161.3968255838854,125,90,188,500,existing,1766.192191165361,125,91,188,31,existing,1903.094609491908,125,33,188,265,allocated,1486.5489133608594,125,0,188,5,allocated,2094.818825436792,125,48,188,374,allocated,2310.512590170737,125,92,188,447,existing,2700.998196621453
126,126,83,190,415,existing,428.1562633371713,126,83,190,331,existing,464.7958287299256,126,83,190,447,existing,344.8596427573392,126,92,190,447,existing,344.8596427573392,126,0,190,5,allocated,870.3748909112273,126,90,190,500,existing,1193.6004267418828,126,91,190,31,existing,1287.8185647528255,126,88,190,307,existing,2243.323979318283,126,33,190,265,allocated,2072.463513597183,126,48,190,374,allocated,1386.06360476492,126,89,190,395,existing,2436.6843358814626,126,87,190,18,existing,3386.4233321067245,126,93,190,210,existing,2549.022016828453
127,127,83,191,415,existing,434.1760281589817,127,83,191,331,existing,485.4615287554261,127,83,191,447,existing,324.1939427318387,127,92,191,447,existing,324.1939427318387,127,0,191,5,allocated,876.3946557330378,127,91,191,31,existing,1293.838329574636,127,90,191,500,existing,1199.6201915636932,127,33,191,265,allocated,2078.483278418994,127,89,191,395,existing,2442.704100703273,127,48,191,374,allocated,1406.7293047904204,127,88,191,307,existing,2249.343744140093,127,87,191,18,existing,3407.0890321322245,127,93,191,210,existing,2569.687716853953
128,128,66,192,467,allocated,315.06452389859066,128,66,192,467,existing,315.06452389859066,128,66,192,192,allocated,0.0,128,48,192,374,allocated,483.2100510690456,128,33,192,265,allocated,587.1424008997565,128,93,192,210,existing,1051.256623948048,128,89,192,395,existing,627.0257113117364,128,90,192,500,existing,1323.728926284767,128,88,192,307,existing,1124.6882482862688,128,0,192,5,allocated,1629.8272821591752,128,91,192,31,existing,1458.3925429363526,128,87,192,18,existing,1958.5755193460554,128,92,192,447,existing,2213.3813262157755
129,129,83,194,415,existing,221.6416857188474,129,83,194,416,allocated,318.2663581816948,129,83,194,447,existing,111.65960029170441,129,92,194,447,existing,111.65960029170441,129,0,194,5,allocated,663.8603132929035,129,90,194,500,existing,987.0858491235591,129,91,194,31,existing,1081.3039871345018,129,89,194,395,existing,2230.1697582631386,129,88,194,307,existing,2036.809401699959,129,33,194,265,allocated,1865.9489359788595,129,48,194,374,allocated,1619.2636472305549,129,93,194,210,existing,2414.100456596482,129,87,194,18,existing,3321.41935199449
130,130,58,197,434,allocated,435.1739442629604,130,58,197,360,existing,383.63385590057305,130,58,197,374,allocated,416.67676375129895,130,48,197,374,allocated,416.67676375129895,130,0,197,5,allocated,1050.1607063951658,130,90,197,500,existing,1228.5213140697965,130,91,197,31,existing,1355.6169172434256,130,93,197,210,existing,1579.6351758148319,130,33,197,265,allocated,1436.4071117618205,130,89,197,395,existing,1476.2904221738002,130,92,197,447,existing,1492.2739757969803,130,88,197,307,existing,1973.9529591483329,130,87,197,18,existing,2417.036491093103
131,131,75,200,18,existing,516.9736633044125,131,75,200,428,existing,278.76702412986873,131,75,200,408,allocated,322.11442923463363,131,87,200,18,existing,516.9736633044125,131,93,200,210,existing,1463.5834120502238,131,88,200,307,existing,1845.6778676388612,131,89,200,395,existing,1959.195271403485,131,33,200,265,allocated,1972.4440793200429,131,48,200,374,allocated,2472.727791478229,131,90,200,500,existing,2615.5762254565393,131,91,200,31,existing,2752.478643783086,131,92,200,447,existing,3550.3822309126317,131,0,200,5,allocated,2944.20285972797
132,132,78,201,18,existing,496.61945629894683,132,78,201,428,existing,258.4128171244031,132,78,201,408,allocated,301.760222229168,132,87,201,18,existing,496.61945629894683,132,93,201,210,existing,1443.2292050447581,132,88,201,307,existing,1811.2540106046793,132,89,201,395,existing,1938.8410643980194,132,33,201,265,allocated,1952.0898723145774,132,90,201,500,existing,2581.152368422357,132,48,201,374,allocated,2452.3735844727635,132,91,201,31,existing,2718.054786748904,132,92,201,447,existing,3515.9583738784495,132,0,201,5,allocated,2909.7790026937882
133,133,81,203,559,existing,610.6988721331236,133,81,203,242,existing,520.5984375134644,133,81,203,146,allocated,410.34856725051736,133,91,203,31,existing,541.7033903419949,133,0,203,5,allocated,584.1612600972422,133,92,203,447,existing,1241.3457318270162,133,90,203,500,existing,678.6058086685417,133,89,203,395,existing,1996.8390487254885,133,88,203,307,existing,1773.9333633492788,133,33,203,265,allocated,1632.6182264412091,133,48,203,374,allocated,1868.2457707755048,133,93,203,210,existing,2157.6888693964265,133,87,203,18,existing,3065.007764794434
134,134,66,206,467,allocated,624.6735579510279,134,66,206,467,existing,624.6735579510279,134,66,206,265,allocated,562.8064107757393,134,33,206,265,allocated,562.8064107757393,134,0,206,5,allocated,699.5431645462975,134,89,206,395,existing,927.0272330600186,134,90,206,500,existing,877.9037722209283,134,93,206,210,existing,1110.9579313933623,134,91,206,31,existing,1004.9993753945572,134,48,206,374,allocated,1233.736166650011,134,88,206,307,existing,1184.3895557315832,134,92,206,447,existing,1296.4666836399906,134,87,206,18,existing,2018.2768267913698
135,135,75,207,18,existing,551.4987533276652,135,75,207,428,existing,313.2921141531215,135,75,207,408,allocated,356.6395192578864,135,87,207,18,existing,551.4987533276652,135,93,207,210,existing,1498.1085020734765,135,88,207,307,existing,1731.1343593400215,135,89,207,395,existing,1993.7203614267378,135,90,207,500,existing,2501.032717157699,135,91,207,31,existing,2637.9351354842465,135,48,207,374,allocated,2507.2528815014816,135,33,207,265,allocated,2006.9691693432956,135,92,207,447,existing,3435.838722613791,135,0,207,5,allocated,2829.6593514291303
136,136,82,208,238,existing,825.4207524191065,136,82,208,360,existing,746.3403782340127,136,82,208,5,allocated,467.9460695670525,136,0,208,5,allocated,467.9460695670525,136,90,208,500,existing,646.3066772416834,136,92,208,447,existing,1064.8695886607456,136,91,208,31,existing,773.4022804153122,136,48,208,374,allocated,1159.4855870111376,136,89,208,395,existing,1478.2801238429902,136,33,208,265,allocated,1114.0593015587108,136,93,208,210,existing,1662.2108221763337,136,88,208,307,existing,1696.0302298180832,136,87,208,18,existing,2569.5297175743412
137,137,80,209,390,existing,663.6606687290376,137,80,209,44,existing,732.003686984248,137,80,209,315,allocated,50.15266623316099,137,93,209,210,existing,387.8080888011123,137,48,209,374,allocated,775.1503232624207,137,89,209,395,existing,873.1484734888,137,33,209,265,allocated,935.9596094187352,137,87,209,18,existing,1225.2094040793838,137,88,209,307,existing,1047.7790861167775,137,90,209,500,existing,1768.5933573747234,137,91,209,31,existing,1903.2569740263084,137,0,209,5,allocated,2074.691713249131,137,92,209,447,existing,2505.3215984091507
138,138,81,211,559,existing,533.096335519521,138,81,211,98,existing,299.11944265863735,138,81,211,211,allocated,0.0,138,90,211,500,existing,327.19843540184536,138,91,211,31,existing,464.1008537283923,138,33,211,265,allocated,629.0527840457836,138,0,211,5,allocated,655.8250696732764,138,92,211,447,existing,1307.608442962275,138,93,211,210,existing,1151.8846253260397,138,89,211,395,existing,993.2736063300629,138,88,211,307,existing,768.129119278892,138,87,211,18,existing,2059.203520724047,138,48,211,374,allocated,1429.1184379936865
139,139,76,212,88,existing,430.39822810587776,139,76,212,98,existing,160.23747472537048,139,76,212,212,allocated,0.0,139,90,212,500,existing,466.91646338100054,139,33,212,265,allocated,490.1708161125167,139,88,212,307,existing,628.4110912997367,139,91,212,31,existing,603.8188817075475,139,48,212,374,allocated,1290.2364700604198,139,89,212,395,existing,854.391638396796,139,93,212,210,existing,1012.1665973468844,139,0,212,5,allocated,795.5430976524316,139,87,212,18,existing,1919.4854927448919,139,92,212,447,existing,1447.3264709414302
140,140,76,213,88,existing,165.8552080746588,140,76,213,344,existing,22.198811589048024,140,76,213,344,allocated,22.198811589048024,140,88,213,307,existing,363.8680712685176,140,89,213,395,existing,604.4279529817347,140,90,213,500,existing,731.4594834122195,140,33,213,265,allocated,617.6767608982926,140,0,213,5,allocated,1060.0861176836506,140,48,213,374,allocated,1475.4291896933823,140,91,213,31,existing,868.3619017387664,140,93,213,210,existing,747.6235773156654,140,92,213,447,existing,1666.2654888683116,140,87,213,18,existing,1654.942472713673
141,141,80,218,390,existing,273.1259281238266,141,80,218,467,existing,369.3942143833358,141,80,218,218,allocated,0.0,141,89,218,395,existing,482.61373288358914,141,33,218,265,allocated,641.4720913845016,141,93,218,210,existing,778.3428294063233,141,48,218,374,allocated,646.2539752951591,141,87,218,18,existing,1615.7441446845949,141,88,218,307,existing,1090.9480699228752,141,90,218,500,existing,1378.0586167695124,141,91,218,31,existing,1512.7222334210974,141,0,218,5,allocated,1684.1569726439202,141,92,218,447,existing,2281.0804917376136
142,142,80,219,390,existing,191.60934370725803,142,80,219,467,existing,450.91079879990434,142,80,219,219,allocated,0.0,142,89,219,395,existing,418.3464159458249,142,33,219,265,allocated,722.9886758010701,142,48,219,374,allocated,727.7705597117276,142,93,219,210,existing,859.8594138228918,142,90,219,500,existing,1459.575201186081,142,87,219,18,existing,1697.2607291011634,142,88,219,307,existing,1026.6807529851108,142,91,219,31,existing,1594.2388178376664,142,0,219,5,allocated,1765.6735570604887,142,92,219,447,existing,2362.597076154182
143,143,84,220,30,existing,385.4551355166966,143,84,220,528,allocated,117.17907921583304,143,84,220,528,allocated,117.17907921583304,143,93,220,210,existing,863.1249482156462,143,88,220,307,existing,921.5892103583532,143,87,220,18,existing,1013.9830152022128,143,89,220,395,existing,1358.2576591089066,143,91,220,31,existing,1828.389986502578,143,48,220,374,allocated,2012.2407128024977,143,33,220,265,allocated,1371.5064670254646,143,90,220,500,existing,1691.4875681760311,143,92,220,447,existing,2626.2935736321233,143,0,220,5,allocated,2020.114202447462
144,144,84,221,30,existing,560.5046412386516,144,84,221,528,allocated,315.1060738514471,144,84,221,221,allocated,0.0,144,87,221,18,existing,853.164540980858,144,93,221,210,existing,1061.0519428512603,144,89,221,395,existing,1556.1846537445208,144,88,221,307,existing,1096.6387160803083,144,0,221,5,allocated,2195.163708169417,144,90,221,500,existing,1866.5370738979861,144,33,221,265,allocated,1569.4334616610786,144,91,221,31,existing,2003.439492224533,144,48,221,374,allocated,2210.1677074381114,144,92,221,447,existing,2801.3430793540783
145,145,58,222,434,allocated,519.0144739721793,145,58,222,532,existing,712.1387920978657,145,58,222,434,allocated,519.0144739721793,145,33,222,265,allocated,846.8611235128816,145,48,222,374,allocated,864.5333685814546,145,89,222,395,existing,1165.5655547110214,145,93,222,210,existing,1395.0126441305047,145,91,222,31,existing,1684.0002807241722,145,0,222,5,allocated,1664.3130802445528,145,90,222,500,existing,1549.3366640725867,145,88,222,307,existing,1468.4442684687256,145,87,222,18,existing,2302.3315395285117,145,92,222,447,existing,2106.4263496463673
146,146,58,223,434,allocated,557.4873056638053,146,58,223,532,existing,750.6116237894914,146,58,223,434,allocated,557.4873056638053,146,33,223,265,allocated,808.3882918212557,146,48,223,374,allocated,903.0062002730804,146,89,223,395,existing,1127.0927230193956,146,93,223,210,existing,1356.5398124388787,146,0,223,5,allocated,1625.8402485529268,146,91,223,31,existing,1645.5274490325464,146,90,223,500,existing,1510.863832380961,146,88,223,307,existing,1429.9714367770996,146,87,223,18,existing,2263.858707836886,146,92,223,447,existing,2067.9535179547415
147,147,78,224,18,existing,594.4461194125756,147,78,224,388,existing,228.18503146953168,147,78,224,388,allocated,228.18503146953168,147,87,224,18,existing,594.4461194125756,147,93,224,210,existing,949.3460048572178,147,89,224,395,existing,1444.9578642104793,147,88,224,307,existing,1301.5521665344017,147,91,224,31,existing,2208.3529426786267,147,48,224,374,allocated,2093.5669134359573,147,33,224,265,allocated,1458.206672127037,147,90,224,500,existing,2071.45052435208,147,0,224,5,allocated,2400.077158623511,147,92,224,447,existing,3006.2565298081718
148,148,77,225,18,existing,660.1054199791284,148,77,225,388,existing,293.84433203608455,148,77,225,388,allocated,293.84433203608455,148,87,225,18,existing,660.1054199791284,148,93,225,210,existing,1015.0053054237708,148,88,225,307,existing,1286.1758037319332,148,89,225,395,existing,1510.617164777032,148,91,225,31,existing,2192.976579876158,148,90,225,500,existing,2056.0741615496113,148,33,225,265,allocated,1523.8659726935898,148,48,225,374,allocated,2159.2262140025105,148,92,225,447,existing,2990.8801670057037,148,0,225,5,allocated,2384.7007958210424
149,149,84,226,30,existing,312.45459653925263,149,84,226,528,allocated,44.17854023838905,149,84,226,528,allocated,44.17854023838905,149,93,226,210,existing,790.1244092382021,149,88,226,307,existing,848.5886713809092,149,89,226,395,existing,1285.2571201314627,149,87,226,18,existing,940.9824762247688,149,48,226,374,allocated,1939.2401738250535,149,91,226,31,existing,1755.389447525134,149,33,226,265,allocated,1298.5059280480207,149,90,226,500,existing,1618.4870291985872,149,92,226,447,existing,2553.293034654679,149,0,226,5,allocated,1947.1136634700183
150,150,84,227,30,existing,361.04413118335015,150,84,227,528,allocated,92.7680748824866,150,84,227,528,allocated,92.7680748824866,150,93,227,210,existing,838.7139438822998,150,88,227,307,existing,897.1782060250067,150,89,227,395,existing,1333.8466547755602,150,87,227,18,existing,989.5720108688663,150,90,227,500,existing,1667.0765638426847,150,91,227,31,existing,1803.9789821692316,150,33,227,265,allocated,1347.0954626921182,150,48,227,374,allocated,1987.829708469151,150,0,227,5,allocated,1995.7031981141158,150,92,227,447,existing,2601.8825692987766
151,151,82,230,238,existing,378.1643540608218,151,82,230,416,allocated,306.0226736838956,151,82,230,416,allocated,306.0226736838956,151,0,230,5,allocated,598.6648113100312,151,92,230,447,existing,617.6131903024609,151,90,230,500,existing,921.8903471406867,151,91,230,31,existing,1016.1084851516293,151,89,230,395,existing,2164.9742562802667,151,33,230,265,allocated,1800.753433995987,151,88,230,307,existing,1971.6138997170865,151,48,230,374,allocated,1328.9472693206385,151,93,230,210,existing,2348.9049546136102,151,87,230,18,existing,3256.2238500116177
152,152,66,245,467,allocated,537.6340401900185,152,66,245,467,existing,537.6340401900185,152,66,245,265,allocated,475.76689301472993,152,33,245,265,allocated,475.76689301472993,152,89,245,395,existing,839.9877152990092,152,93,245,210,existing,1023.9184136323529,152,0,245,5,allocated,1049.2428201161295,152,90,245,500,existing,1177.713050861907,152,88,245,307,existing,1097.3500379705738,152,48,245,374,allocated,1275.832546962633,152,91,245,31,existing,1312.376667513492,152,92,245,447,existing,1646.1663392098226,152,87,245,18,existing,1931.2373090303604
153,153,66,246,467,allocated,641.7454194262557,153,66,246,467,existing,641.7454194262557,153,66,246,265,allocated,579.8782722509671,153,33,246,265,allocated,579.8782722509671,153,89,246,395,existing,944.0990945352464,153,93,246,210,existing,1128.02979286859,153,0,246,5,allocated,1050.550099628233,153,48,246,374,allocated,1379.9439261988703,153,91,246,31,existing,1356.006310476493,153,90,246,500,existing,1228.910707302864,153,88,246,307,existing,1201.461417206811,153,87,246,18,existing,2035.3486882665975,153,92,246,447,existing,1647.4736187219264
154,154,58,247,434,allocated,245.45796265700386,154,58,247,532,existing,37.526403747968565,154,58,247,374,allocated,189.92098023155756,154,48,247,374,allocated,189.92098023155756,154,33,247,265,allocated,905.485769681415,154,93,247,210,existing,1221.0248447149474,154,89,247,395,existing,945.3690800933948,154,88,247,307,existing,1443.0316170679275,154,90,247,500,existing,1642.0722950664258,154,91,247,31,existing,1776.7359117180108,154,0,247,5,allocated,1497.6968410060208,154,87,247,18,existing,2058.426159993219,154,92,247,447,existing,1920.0922553782877
155,155,81,248,559,existing,706.6782870240154,155,81,248,242,existing,616.5778524043562,155,81,248,11,allocated,403.8656472947442,155,91,248,31,existing,637.6828052328867,155,90,248,500,existing,774.5852235594335,155,0,248,5,allocated,989.03730474604,155,92,248,447,existing,1646.2217764758138,155,48,248,374,allocated,2250.9148768556097,155,33,248,265,allocated,1728.597641332101,155,88,248,307,existing,1869.9127782401706,155,89,248,395,existing,2092.8184636163805,155,87,248,18,existing,3160.987179685326,155,93,248,210,existing,2253.6682842873183
156,156,58,250,434,allocated,140.64835088161925,156,58,250,532,existing,333.77266900730547,156,58,250,434,allocated,140.64835088161925,156,48,250,374,allocated,486.16724549089446,156,33,250,265,allocated,1053.0642348678157,156,0,250,5,allocated,1398.8867090363683,156,89,250,395,existing,1221.3149892549336,156,88,250,307,existing,1674.6473798236598,156,93,250,210,existing,1517.2711099742846,156,91,250,31,existing,1704.342919884628,156,90,250,500,existing,1577.2473167109993,156,92,250,447,existing,1840.9999784381828,156,87,250,18,existing,2354.672425252556
157,157,58,251,434,allocated,227.25629684015837,157,58,251,532,existing,420.38061496584464,157,58,251,434,allocated,227.25629684015837,157,48,251,374,allocated,572.7751914494336,157,33,251,265,allocated,966.4562889092767,157,0,251,5,allocated,1485.4946549949075,157,89,251,395,existing,1285.1607201074166,157,93,251,210,existing,1514.6078095268997,157,90,251,500,existing,1663.8552626695382,157,91,251,31,existing,1790.9508658431673,157,88,251,307,existing,1588.0394338651206,157,87,251,18,existing,2421.926704924907,157,92,251,447,existing,1927.607924396722
158,158,84,252,30,existing,723.1793021666576,158,84,252,357,allocated,237.07352154973995,158,84,252,357,allocated,237.07352154973995,158,93,252,210,existing,594.2360553530095,158,87,252,18,existing,843.1289305754844,158,89,252,395,existing,1089.8479147062708,158,33,252,265,allocated,1103.0967226228288,158,48,252,374,allocated,1738.456963931749,158,91,252,31,existing,2166.114153152539,158,88,252,307,existing,1187.7110268403173,158,90,252,500,existing,2029.2117348259922,158,92,252,447,existing,2962.3698170385587,158,0,252,5,allocated,2357.8383690974233
159,159,84,253,30,existing,606.4849523461291,159,84,253,528,allocated,338.20889604526553,159,84,253,528,allocated,338.20889604526553,159,93,253,210,existing,710.930405173538,159,87,253,18,existing,726.4345807549561,159,88,253,307,existing,1142.6190271877858,159,89,253,395,existing,1206.5422645267993,159,91,253,31,existing,2049.419803332011,159,90,253,500,existing,1912.5173850054637,159,48,253,374,allocated,1855.1513137522775,159,33,253,265,allocated,1219.7910724433573,159,92,253,447,existing,2847.323390461556,159,0,253,5,allocated,2241.1440192768946
160,160,82,254,238,existing,370.11261826989715,160,82,254,416,allocated,297.97093789297105,160,82,254,416,allocated,297.97093789297105,160,0,254,5,allocated,590.6130755191066,160,92,254,447,existing,609.5614545115363,160,91,254,31,existing,1008.0567493607048,160,90,254,500,existing,913.8386113497621,160,48,254,374,allocated,1291.7717010118063,160,33,254,265,allocated,1792.7016982050627,160,88,254,307,existing,1963.562163926162,160,89,254,395,existing,2156.922520489342,160,87,254,18,existing,3248.172114220693,160,93,254,210,existing,2340.8532188226854
161,161,82,255,238,existing,297.07423154714365,161,82,255,416,allocated,224.93255117021755,161,82,255,416,allocated,224.93255117021755,161,0,255,5,allocated,517.5746887963531,161,92,255,447,existing,536.5230677887828,161,90,255,500,existing,840.8002246270088,161,91,255,31,existing,935.0183626379514,161,89,255,395,existing,2083.8841337665885,161,33,255,265,allocated,1719.6633114823092,161,88,255,307,existing,1890.5237772034086,161,48,255,374,allocated,1364.8100877345598,161,93,255,210,existing,2267.814832099932,161,87,255,18,existing,3175.1337274979396
162,162,66,256,467,allocated,587.0172773178866,162,66,256,467,existing,587.0172773178866,162,66,256,265,allocated,570.6665212287376,162,33,256,265,allocated,570.6665212287376,162,89,256,395,existing,889.3709524268775,162,48,256,374,allocated,982.239682669705,162,93,256,210,existing,1118.8180418463605,162,88,256,307,existing,1192.2496661845814,162,90,256,500,existing,1273.1420617884428,162,0,256,5,allocated,1579.2404176628509,162,91,256,31,existing,1407.8056784400283,162,92,256,447,existing,2176.163936756544,162,87,256,18,existing,2026.1369372443678
163,163,66,257,467,allocated,516.075359086576,163,66,257,467,existing,516.075359086576,163,66,257,265,allocated,499.72460299742687,163,33,257,265,allocated,499.72460299742687,163,89,257,395,existing,818.4290341955668,163,48,257,374,allocated,1053.1816009010154,163,93,257,210,existing,1047.87612361505,163,88,257,307,existing,1121.3077479532708,163,0,257,5,allocated,1508.2984994315402,163,91,257,31,existing,1336.8637602087176,163,90,257,500,existing,1202.2001435571322,163,92,257,447,existing,2105.2220185252336,163,87,257,18,existing,1955.1950190130574
164,164,32,261,236,allocated,304.12377132306256,164,32,261,331,existing,354.26016222352837,164,32,261,236,allocated,304.12377132306256,164,0,261,5,allocated,674.8791062193518,164,92,261,447,existing,693.8274852117814,164,90,261,500,existing,998.1046420500073,164,91,261,31,existing,1092.32278006095,164,88,261,307,existing,2047.8281946264071,164,89,261,395,existing,2241.188551189587,164,48,261,374,allocated,1305.9185230029566,164,33,261,265,allocated,1876.967728905308,164,93,261,210,existing,2425.1192495229307,164,87,261,18,existing,3306.2782503447606
165,165,32,262,236,allocated,378.0882291896668,165,32,262,416,allocated,308.2725107266119,165,32,262,416,allocated,308.2725107266119,165,0,262,5,allocated,600.9146483527475,165,92,262,447,existing,619.8630273451772,165,90,262,500,existing,924.140184183403,165,91,262,31,existing,1018.3583221943456,165,33,262,265,allocated,1803.0032710387036,165,88,262,307,existing,1973.8637367598028,165,89,262,395,existing,2167.2240933229828,165,48,262,374,allocated,1379.882980869561,165,87,262,18,existing,3258.473687054334,165,93,262,210,existing,2351.1547916563263
166,166,82,263,238,existing,318.3974777415909,166,82,263,416,allocated,246.25579736466474,166,82,263,416,allocated,246.25579736466474,166,0,263,5,allocated,538.8979349908003,166,92,263,447,existing,557.8463139832301,166,90,263,500,existing,862.123470821456,166,91,263,31,existing,956.3416088323986,166,33,263,265,allocated,1740.9865576767563,166,89,263,395,existing,2105.2073799610357,166,88,263,307,existing,1911.8470233978558,166,48,263,374,allocated,1388.7141456398695,166,93,263,210,existing,2289.1380782943793,166,87,263,18,existing,3196.456973692387
167,167,82,264,238,existing,230.81735432210456,167,82,264,416,allocated,158.67567394517843,167,82,264,416,allocated,158.67567394517843,167,0,264,5,allocated,451.317811571314,167,92,264,447,existing,470.26619056374375,167,90,264,500,existing,774.5433474019695,167,91,264,31,existing,868.7614854129122,167,48,264,374,allocated,1383.448046067798,167,88,264,307,existing,1824.2668999783693,167,89,264,395,existing,2017.6272565415493,167,33,264,265,allocated,1653.4064342572701,167,87,264,18,existing,3108.8768502729004,167,93,264,210,existing,2201.557954874893
168,168,66,265,467,allocated,272.0778770011658,168,66,265,467,existing,272.0778770011658,168,66,265,265,allocated,0.0,168,33,265,265,allocated,0.0,168,89,265,395,existing,404.95589628369225,168,88,265,307,existing,621.5831449558439,168,93,265,210,existing,548.151520617623,168,0,265,5,allocated,1262.3495753220368,168,91,265,31,existing,1090.9148360992142,168,48,265,374,allocated,1019.7303480105213,168,90,265,500,existing,956.251219447629,168,87,265,18,existing,1455.4704160156305,168,92,265,447,existing,1859.27309441573
169,169,84,268,30,existing,661.7228355090836,169,84,268,388,existing,630.8777445207277,169,84,268,189,allocated,268.8934200664292,169,87,268,18,existing,924.8163959575469,169,88,268,307,existing,1197.8569103507402,169,89,268,395,existing,1674.8631824473587,169,93,268,210,existing,1379.6699543383124,169,0,268,5,allocated,2296.381902439849,169,91,268,31,existing,2104.6576864949648,169,33,268,265,allocated,1688.1119903639164,169,90,268,500,existing,1967.755268168418,169,92,268,447,existing,2902.5612736245102,169,48,268,374,allocated,2538.6684075626385
170,170,84,269,30,existing,584.7706935024698,170,84,269,388,existing,553.925602514114,170,84,269,189,allocated,191.94127805981546,170,87,269,18,existing,930.4184739459586,170,88,269,307,existing,1120.9047683441265,170,89,269,395,existing,1597.911040440745,170,93,269,210,existing,1302.7178123316987,170,90,269,500,existing,1890.8031261618044,170,0,269,5,allocated,2219.429760433235,170,91,269,31,existing,2027.7055444883513,170,33,269,265,allocated,1611.159848357303,170,48,269,374,allocated,2461.716265556025,170,92,269,447,existing,2825.6091316178963
171,171,75,272,18,existing,625.2957542310678,171,75,272,388,existing,259.03466628802386,171,75,272,388,allocated,259.03466628802386,171,87,272,18,existing,625.2957542310678,171,93,272,210,existing,918.4963700387257,171,89,272,395,existing,1414.1082293919872,171,88,272,307,existing,1270.7025317159096,171,48,272,374,allocated,2062.717278617465,171,33,272,265,allocated,1427.357037308545,171,90,272,500,existing,2040.6008895335876,171,91,272,31,existing,2177.5033078601346,171,0,272,5,allocated,2369.227523805019,171,92,272,447,existing,2975.40689498968
172,172,76,273,88,existing,739.8873328033155,172,76,273,98,existing,501.5863312719079,172,76,273,273,allocated,0.0,172,90,273,500,existing,808.265319927538,172,33,273,265,allocated,810.5381256406313,172,88,273,307,existing,937.9001959971745,172,91,273,31,existing,945.167738254085,172,0,273,5,allocated,1136.891954198969,172,89,273,395,existing,1174.7589479249104,172,93,273,210,existing,1321.6557020443222,172,48,273,374,allocated,1620.0577438252753,172,92,273,447,existing,1788.6753274879675,172,87,273,18,existing,2228.97459744233
173,173,83,274,415,existing,360.7716925132403,173,83,274,416,allocated,457.3963649760877,173,83,274,447,existing,250.78960708609728,173,92,274,447,existing,250.78960708609728,173,0,274,5,allocated,802.9903200872964,173,91,274,31,existing,1220.4339939288946,173,90,274,500,existing,1126.2158559179518,173,89,274,395,existing,2369.2997650575317,173,48,274,374,allocated,1690.8410180141973,173,33,274,265,allocated,2005.0789427732523,173,88,274,307,existing,2175.9394084943515,173,93,274,210,existing,2553.2304633908752,173,87,274,18,existing,3460.5493587888827
174,174,83,275,415,existing,395.7554693573038,174,83,275,416,allocated,492.38014182015127,174,83,275,447,existing,285.77338393016083,174,92,275,447,existing,285.77338393016083,174,0,275,5,allocated,837.9740969313599,174,91,275,31,existing,1255.4177707729582,174,90,275,500,existing,1161.1996327620154,174,48,275,374,allocated,1725.8247948582607,174,33,275,265,allocated,2040.062719617316,174,88,275,307,existing,2210.9231853384154,174,89,275,395,existing,2404.2835419015955,174,87,275,18,existing,3495.533135632946,174,93,275,210,existing,2588.214240234939
175,175,78,279,18,existing,524.6264211868242,175,78,279,428,existing,286.4197820122805,175,78,279,408,allocated,329.7671871170454,175,87,279,18,existing,524.6264211868242,175,93,279,210,existing,1471.2361699326354,175,88,279,307,existing,1957.7141790139644,175,89,279,395,existing,1966.8480292858967,175,91,279,31,existing,2864.5149551581894,175,33,279,265,allocated,1980.0968372024545,175,48,279,374,allocated,2480.3805493606405,175,90,279,500,existing,2727.6125368316425,175,0,279,5,allocated,3056.239171103073,175,92,279,447,existing,3662.4185422877345
176,176,78,280,18,existing,635.1246137588653,176,78,280,428,existing,396.91797458432154,176,78,280,408,allocated,440.26537968908644,176,87,280,18,existing,635.1246137588653,176,93,280,210,existing,1581.7343625046767,176,88,280,307,existing,2000.8739258107064,176,89,280,395,existing,2077.346221857938,176,91,280,31,existing,2907.674701954931,176,33,280,265,allocated,2090.5950297744957,176,48,280,374,allocated,2590.878741932682,176,90,280,500,existing,2770.7722836283842,176,0,280,5,allocated,3099.3989178998154,176,92,280,447,existing,3705.5782890844766
177,177,32,281,236,allocated,625.8178085365885,177,32,281,331,existing,548.9629092480377,177,32,281,236,allocated,625.8178085365885,177,92,281,447,existing,916.9673116347288,177,48,281,374,allocated,1082.7112734475343,177,0,281,5,allocated,1402.9824071078247,177,90,281,500,existing,1662.995228766475,177,33,281,265,allocated,1973.401337743131,177,91,281,31,existing,1790.0908319401037,177,93,281,210,existing,2245.669685511067,177,89,281,395,existing,2142.3249318700355,177,88,281,307,existing,2594.9844826989747,177,87,281,18,existing,3083.0710007893385
178,178,32,282,236,allocated,437.542728437094,178,32,282,331,existing,360.6878291485433,178,32,282,236,allocated,437.542728437094,178,48,282,374,allocated,894.4361933480399,178,92,282,447,existing,1090.3217848686475,178,90,282,500,existing,1474.7201486669805,178,0,282,5,allocated,1296.3595409923496,178,89,282,395,existing,1954.049851770541,178,33,282,265,allocated,1785.1262576436366,178,91,282,31,existing,1601.8157518406092,178,93,282,210,existing,2057.3946054115727,178,87,282,18,existing,2894.795920689844,178,88,282,307,existing,2406.70940259948
179,179,82,283,238,existing,251.6504662005188,179,82,283,416,allocated,179.50878582359266,179,82,283,416,allocated,179.50878582359266,179,0,283,5,allocated,472.1509234497282,179,92,283,447,existing,491.099302442158,179,91,283,31,existing,889.5945972913264,179,90,283,500,existing,795.3764592803838,179,88,283,307,existing,1845.1000118567836,179,33,283,265,allocated,1674.2395461356841,179,48,283,374,allocated,1362.6149341893838,179,89,283,395,existing,2038.4603684199637,179,93,283,210,existing,2222.3910667533073,179,87,283,18,existing,3129.709962151315
180,180,78,284,18,existing,333.4563151525167,180,78,284,428,existing,95.24967597797294,180,78,284,408,allocated,138.59708108273784,180,87,284,18,existing,333.4563151525167,180,93,284,210,existing,1280.066063898328,180,89,284,395,existing,1775.6779232515892,180,33,284,265,allocated,1788.926731168147,180,48,284,374,allocated,2289.210443326333,180,91,284,31,existing,2696.0177672999953,180,88,284,307,existing,1789.2169911557703,180,90,284,500,existing,2559.1153489734484,180,92,284,447,existing,3493.9213544295408,180,0,284,5,allocated,2887.741983244879
181,181,75,285,18,existing,402.09043750550074,181,75,285,428,existing,163.883798330957,181,75,285,408,allocated,207.2312034357219,181,87,285,18,existing,402.09043750550074,181,93,285,210,existing,1348.700186251312,181,89,285,395,existing,1844.3120456045733,181,88,285,307,existing,1720.5828688027864,181,48,285,374,allocated,2357.8445656793174,181,33,285,265,allocated,1857.5608535211313,181,90,285,500,existing,2490.4812266204644,181,91,285,31,existing,2627.383644947011,181,92,285,447,existing,3425.2872320765564,181,0,285,5,allocated,2819.107860891895
182,182,78,287,18,existing,434.25557831320674,182,78,287,428,existing,240.8661870515557,182,78,287,286,allocated,45.66323692115791,182,87,287,18,existing,434.25557831320674,182,93,287,210,existing,1380.8653270590182,182,88,287,307,existing,1635.6585957312577,182,89,287,395,existing,1876.4771864122795,182,90,287,500,existing,2405.556953548936,182,48,287,374,allocated,2402.731147854204,182,33,287,265,allocated,1889.7259943288373,182,91,287,31,existing,2542.4593718754822,182,92,287,447,existing,3340.3629590050277,182,0,287,5,allocated,2734.1835878203665
183,183,82,288,238,existing,290.92576100470944,183,82,288,416,allocated,366.04394386221355,183,82,288,57,allocated,136.17218737066884,183,92,288,447,existing,632.051590578345,183,0,288,5,allocated,648.867690285106,183,91,288,31,existing,1066.9853808731673,183,90,288,500,existing,977.4943245565371,183,33,288,265,allocated,1910.7500191788004,183,89,288,395,existing,2274.9708414630795,183,88,288,307,existing,2072.821879237274,183,48,288,374,allocated,1905.1911613946122,183,87,288,18,existing,3363.8962806824293,183,93,288,210,existing,2456.577385284422
184,184,83,291,415,existing,419.5755561520125,184,83,291,416,allocated,516.2002286148598,184,83,291,447,existing,388.4135570328193,184,92,291,447,existing,388.4135570328193,184,0,291,5,allocated,861.7941837260685,184,91,291,31,existing,1279.2378575676667,184,90,291,500,existing,1185.0197195567239,184,88,291,307,existing,2234.743272133124,184,33,291,265,allocated,2063.8828064120244,184,89,291,395,existing,2428.103628696304,184,48,291,374,allocated,1521.2402933379774,184,87,291,18,existing,3519.353222427655,184,93,291,210,existing,2612.0343270296476
185,185,32,292,236,allocated,614.52096914757,185,32,292,331,existing,612.6324359314219,185,32,292,236,allocated,614.52096914757,185,92,292,447,existing,829.7927740716375,185,48,292,374,allocated,1169.8858110106257,185,90,292,500,existing,1639.0334053753886,185,0,292,5,allocated,1315.8078695447334,185,33,292,265,allocated,2060.5758753062228,185,91,292,31,existing,1733.2515433863314,185,93,292,210,existing,2332.844223074159,185,89,292,395,existing,2229.499469433127,185,87,292,18,existing,3170.2455383524302,185,88,292,307,existing,2682.1590202620664
186,186,77,296,18,existing,87.90447108738098,186,77,296,428,existing,229.87475339762813,186,77,296,296,allocated,0.0,186,87,296,18,existing,87.90447108738098,186,93,296,210,existing,1034.5142198331923,186,33,296,265,allocated,1543.3748871030116,186,89,296,395,existing,1530.1260791864536,186,48,296,374,allocated,2088.264198429185,186,90,296,500,existing,2474.3064272132733,186,91,296,31,existing,2611.2088455398207,186,88,296,307,existing,1627.9891913205001,186,0,296,5,allocated,2802.933061484705,186,92,296,447,existing,3402.6479815187413
187,187,75,297,18,existing,370.58899102418957,187,75,297,357,allocated,252.20279361383822,187,75,297,297,allocated,0.0,187,87,297,18,existing,370.58899102418957,187,93,297,210,existing,702.4869449822274,187,89,297,395,existing,1198.098804335489,187,33,297,265,allocated,1211.3476122520467,187,88,297,307,existing,1295.9619164695353,187,91,297,31,existing,2279.1815706888556,187,90,297,500,existing,2142.2791523623087,187,48,297,374,allocated,1846.7078535609671,187,92,297,447,existing,3070.6207066677766,187,0,297,5,allocated,2470.90578663374
188,188,78,298,18,existing,389.8904275234998,188,78,298,357,allocated,232.90135711452797,188,78,298,297,allocated,19.301436499310253,188,87,298,18,existing,389.8904275234998,188,93,298,210,existing,683.1855084829172,188,89,298,395,existing,1178.7973678361786,188,33,298,265,allocated,1192.0461757527364,188,48,298,374,allocated,1827.4064170616568,188,91,298,31,existing,2259.8801341895455,188,90,298,500,existing,2122.9777158629986,188,88,298,307,existing,1276.660479970225,188,0,298,5,allocated,2451.6043501344298,188,92,298,447,existing,3051.3192701684666
189,189,82,299,238,existing,404.07221782984107,189,82,299,416,allocated,331.9305374529149,189,82,299,416,allocated,331.9305374529149,189,0,299,5,allocated,624.5726750790504,189,92,299,447,existing,643.5210540714802,189,90,299,500,existing,947.798210909706,189,91,299,31,existing,1042.0163489206486,189,89,299,395,existing,2190.8821200492857,189,33,299,265,allocated,1826.6612977650066,189,48,299,374,allocated,1354.8551330896578,189,88,299,307,existing,1997.5217634861058,189,87,299,18,existing,3282.131713780637,189,93,299,210,existing,2374.8128183826293
190,190,32,300,236,allocated,567.9160407220314,190,32,300,331,existing,566.0275075058834,190,32,300,236,allocated,567.9160407220314,190,92,300,447,existing,629.4674521576903,190,0,300,5,allocated,1154.9827003115786,190,48,300,374,allocated,1487.2952835408778,190,90,300,500,existing,1478.208236142234,190,91,300,31,existing,1572.4263741531768,190,89,300,395,existing,2546.9089419633788,190,33,300,265,allocated,2249.1614969391803,190,88,300,307,existing,2527.931788718634,190,93,300,210,existing,2650.2536956044105,190,87,300,18,existing,3487.655010882682
191,191,32,301,236,allocated,444.5122598342077,191,32,301,331,existing,442.6237266180597,191,32,301,236,allocated,444.5122598342077,191,92,301,447,existing,506.0636712698667,191,0,301,5,allocated,1031.5789194237548,191,48,301,374,allocated,1363.891502653054,191,90,301,500,existing,1354.8044552544102,191,91,301,31,existing,1449.022593265353,191,89,301,395,existing,2423.505161075555,191,33,301,265,allocated,2125.7577160513565,191,88,301,307,existing,2404.52800783081,191,87,301,18,existing,3364.251229994858,191,93,301,210,existing,2526.8499147165867
192,192,66,302,467,allocated,263.7511828051171,192,66,302,467,existing,263.7511828051171,192,66,302,265,allocated,247.40042671596797,192,33,302,265,allocated,247.40042671596797,192,89,302,395,existing,566.1048579141078,192,93,302,210,existing,795.5519473335908,192,88,302,307,existing,868.9835716718118,192,0,302,5,allocated,1255.9743231500813,192,91,302,31,existing,1084.5395839272587,192,90,302,500,existing,949.8759672756734,192,48,302,374,allocated,1001.9295429046344,192,92,302,447,existing,1852.8978422437744,192,87,302,18,existing,1702.8708427315983
193,193,66,305,467,allocated,166.97251208822718,193,66,305,467,existing,166.97251208822718,193,66,305,265,allocated,105.10536491293864,193,33,305,265,allocated,105.10536491293864,193,89,305,395,existing,469.3261871972179,193,93,305,210,existing,653.2568855305615,193,88,305,307,existing,726.6885098687825,193,48,305,374,allocated,914.6249830975827,193,90,305,500,existing,851.1458545346903,193,91,305,31,existing,985.8094711862757,193,0,305,5,allocated,1157.244210409098,193,92,305,447,existing,1754.1677295027912,193,87,305,18,existing,1560.5757809285692
194,194,32,306,236,allocated,626.0318196464566,194,32,306,331,existing,624.1432864303086,194,32,306,447,existing,560.744116610488,194,92,306,447,existing,560.744116610488,194,0,306,5,allocated,1086.2593647643762,194,90,306,500,existing,1409.4849005950316,194,91,306,31,existing,1503.7030386059744,194,89,306,395,existing,2605.024720887804,194,88,306,307,existing,2459.2084531714318,194,48,306,374,allocated,1545.411062465303,194,33,306,265,allocated,2288.347987450332,194,87,306,18,existing,3545.770789807107,194,93,306,210,existing,2708.369474528836
195,195,32,309,236,allocated,89.07524146955834,195,32,309,331,existing,165.93014075810905,195,32,309,236,allocated,89.07524146955834,195,0,309,5,allocated,889.9276360728559,195,92,309,447,existing,899.8672737974423,195,48,309,374,allocated,1121.889496584245,195,90,309,500,existing,1213.1531719035113,195,89,309,395,existing,2181.503155006746,195,88,309,307,existing,2262.876724479911,195,91,309,31,existing,1307.371309914454,195,33,309,265,allocated,1882.3160080331888,195,93,309,210,existing,2284.847908647778,195,87,309,18,existing,3122.249223926049
196,196,82,313,238,existing,143.9643387041694,196,82,313,416,allocated,219.08252156167345,196,82,313,57,allocated,68.3760046525039,196,0,313,5,allocated,501.90626798456594,196,92,313,447,existing,530.6730381802388,196,90,313,500,existing,830.5329022559969,196,91,313,31,existing,920.0239585726271,196,33,313,265,allocated,1763.7885968782603,196,89,313,395,existing,2128.0094191625394,196,48,313,374,allocated,1758.229739094072,196,88,313,307,existing,1925.8604569367342,196,93,313,210,existing,2309.6159629838817,196,87,313,18,existing,3216.934858381889
197,197,80,314,390,existing,403.94512444280133,197,80,314,467,existing,500.2134107023105,197,80,314,218,allocated,130.81919631897472,197,48,314,374,allocated,515.4347789761844,197,89,314,395,existing,613.4329292025639,197,33,314,265,allocated,772.2912877034763,197,93,314,210,existing,647.5236330873486,197,88,314,307,existing,1221.76726624185,197,91,314,31,existing,1643.541429740072,197,87,314,18,existing,1484.9249483656201,197,90,314,500,existing,1508.877813088487,197,0,314,5,allocated,1814.976168962895,197,92,314,447,existing,2245.6060541229144
198,198,85,315,521,existing,713.5402147856885,198,85,315,44,existing,681.851020751087,198,85,315,315,allocated,0.0,198,93,315,210,existing,382.06690756319693,198,48,315,374,allocated,825.3029894955816,198,33,315,265,allocated,930.2184281808198,198,89,315,395,existing,916.969620264262,198,88,315,307,existing,1042.0379048788623,198,91,315,31,existing,1953.4096402594694,198,90,315,500,existing,1818.7460236078844,198,87,315,18,existing,1175.0567378462229,198,92,315,447,existing,2555.4742646423115,198,0,315,5,allocated,2124.844379482292
199,199,85,316,521,existing,363.0478014625111,199,85,316,357,allocated,418.7096571283697,199,85,316,210,existing,31.574494240019554,199,93,316,210,existing,31.574494240019554,199,89,316,395,existing,566.4772069410844,199,33,316,265,allocated,579.7260148576424,199,88,316,307,existing,691.5454915556847,199,48,316,374,allocated,1175.795402818759,199,91,316,31,existing,1647.5599732944515,199,90,316,500,existing,1510.6575549679046,199,87,316,18,existing,915.0352545057917,199,92,316,447,existing,2438.9991092733726,199,0,316,5,allocated,1839.2841892393358
200,200,82,321,238,existing,508.22070213703887,200,82,321,416,allocated,515.651434514284,200,82,321,444,allocated,329.45343264720304,200,92,321,447,existing,398.5860076805079,200,0,321,5,allocated,861.2453896254926,200,90,321,500,existing,1184.470925456148,200,91,321,31,existing,1278.6890634670908,200,48,321,374,allocated,1715.0147598253423,200,89,321,395,existing,2427.554834595728,200,88,321,307,existing,2234.194478032548,200,33,321,265,allocated,2063.3340123114485,200,93,321,210,existing,2611.4855329290717,200,87,321,18,existing,3518.804428327079
201,201,66,322,467,allocated,254.39418640618413,201,66,322,467,existing,254.39418640618413,201,66,322,192,allocated,237.3182723008067,201,33,322,265,allocated,526.4720634073499,201,89,322,395,existing,566.3553738193298,201,48,322,374,allocated,720.5283233698523,201,93,322,210,existing,916.6207607352487,201,88,322,307,existing,1064.0179107938625,201,91,322,31,existing,1397.7222054439458,201,0,322,5,allocated,1569.1569446667684,201,90,322,500,existing,1263.0585887923608,201,87,322,18,existing,1754.02207601352,201,92,322,447,existing,2166.0804637604615
202,202,66,324,467,allocated,246.27103343814355,202,66,324,467,existing,246.27103343814355,202,66,324,218,allocated,123.12318094519225,202,89,324,395,existing,359.4905519383969,202,33,324,265,allocated,518.3489104393093,202,48,324,374,allocated,769.3771562403513,202,93,324,210,existing,894.3932646394619,202,91,324,31,existing,1389.5990524759054,202,0,324,5,allocated,1561.033791698728,202,90,324,500,existing,1254.93543582432,202,88,324,307,existing,967.8248889776828,202,92,324,447,existing,2157.957310792421,202,87,324,18,existing,1738.8673256297868
203,203,84,325,30,existing,682.1892102369015,203,84,325,388,existing,321.00338760382056,203,84,325,221,allocated,155.66828194519277,203,87,325,18,existing,697.4962590356653,203,93,325,210,existing,1216.7202247964528,203,88,325,307,existing,1218.3232850785582,203,89,325,395,existing,1695.3295571751767,203,0,325,5,allocated,2316.8482771676668,203,33,325,265,allocated,1708.5783650917347,203,90,325,500,existing,1988.221642896236,203,91,325,31,existing,2125.124061222783,203,48,325,374,allocated,2365.835989383304,203,92,325,447,existing,2923.0276483523285
204,204,66,326,467,allocated,153.7456445315951,204,66,326,467,existing,153.7456445315951,204,66,326,467,allocated,153.7456445315951,204,33,326,265,allocated,415.34833654533793,204,89,326,395,existing,465.70683194474077,204,93,326,210,existing,889.9377445810524,204,48,326,374,allocated,639.0363156720571,204,88,326,307,existing,963.3693689192734,204,91,326,31,existing,1252.4874937566287,204,90,326,500,existing,1117.8238771050433,204,0,326,5,allocated,1423.9222329794513,204,92,326,447,existing,2020.8457520731445,204,87,326,18,existing,1797.2566399790599
205,205,66,327,467,allocated,131.37832890152754,205,66,327,467,existing,131.37832890152754,205,66,327,467,allocated,131.37832890152754,205,33,327,265,allocated,392.2451421002593,205,89,327,395,existing,443.3395163146732,205,93,327,210,existing,867.5704289509849,205,48,327,374,allocated,661.5961907355672,205,91,327,31,existing,1229.38429931155,205,90,327,500,existing,1094.7206826599647,205,88,327,307,existing,941.0020532892058,205,0,327,5,allocated,1400.8190385343726,205,92,327,447,existing,1997.7425576280657,205,87,327,18,existing,1774.8893243489924
206,206,66,328,467,allocated,185.90869458565453,206,66,328,467,existing,185.90869458565453,206,66,328,467,allocated,185.90869458565453,206,33,328,265,allocated,447.5113865993974,206,89,328,395,existing,497.8698819988002,206,93,328,210,existing,922.1007946351119,206,48,328,374,allocated,671.1993657261165,206,0,328,5,allocated,1456.0852830335107,206,91,328,31,existing,1284.6505438106879,206,90,328,500,existing,1149.9869271591028,206,88,328,307,existing,995.5324189733328,206,92,328,447,existing,2053.008802127204,206,87,328,18,existing,1829.4196900331194
207,207,32,330,236,allocated,289.55687100413536,207,32,330,331,existing,287.66833778798735,207,32,330,236,allocated,289.55687100413536,207,0,330,5,allocated,741.4709306548928,207,92,330,447,existing,760.4193096473225,207,91,330,31,existing,1158.914604496491,207,90,330,500,existing,1064.6964664855482,207,33,330,265,allocated,1943.5595533408487,207,88,330,307,existing,2114.420019061948,207,48,330,374,allocated,1243.6276936141232,207,89,330,395,existing,2303.2413520366244,207,93,330,210,existing,2406.586105677656,207,87,330,18,existing,3243.9874209559275
208,208,32,331,236,allocated,76.85489928855071,208,32,331,331,existing,0.0,208,32,331,236,allocated,76.85489928855071,208,92,331,447,existing,808.903499111736,208,48,331,374,allocated,955.9593558261358,208,0,331,5,allocated,1029.1392684428802,208,90,331,500,existing,1352.3648042735356,208,89,331,395,existing,2015.5730142486368,208,93,331,210,existing,2118.9177678896685,208,91,331,31,existing,1446.5829422844783,208,33,331,265,allocated,1716.3858672750798,208,88,331,307,existing,2337.969012230924,208,87,331,18,existing,2956.31908316794
209,209,66,332,467,allocated,318.04420392442375,209,66,332,467,existing,318.04420392442375,209,66,332,467,allocated,318.04420392442375,209,33,332,265,allocated,579.6468959381666,209,89,332,395,existing,630.0053913375694,209,93,332,210,existing,1054.2363039738811,209,48,332,374,allocated,803.3348750648859,209,88,332,307,existing,1127.667928312102,209,0,332,5,allocated,1588.22079237228,209,91,332,31,existing,1416.786053149457,209,90,332,500,existing,1282.122436497872,209,87,332,18,existing,1961.5551993718886,209,92,332,447,existing,2185.1443114659733
210,210,84,333,30,existing,639.401356895785,210,84,333,528,allocated,371.12530059492155,210,84,333,528,allocated,371.12530059492155,210,87,333,18,existing,770.74579197362,210,93,333,210,existing,937.4819558981591,210,89,333,395,existing,1432.6146667914197,210,88,333,307,existing,1175.5354317374417,210,48,333,374,allocated,2086.5977204850105,210,91,333,31,existing,2082.3362078816663,210,90,333,500,existing,1945.4337895551196,210,33,333,265,allocated,1445.8634747079775,210,0,333,5,allocated,2274.0604238265505,210,92,333,447,existing,2880.2397950112118
211,211,84,334,30,existing,617.1074529977033,211,84,334,528,allocated,348.8313966968398,211,84,334,528,allocated,348.8313966968398,211,87,334,18,existing,793.0396958717018,211,93,334,210,existing,915.1880520000773,211,88,334,307,existing,1153.2415278393598,211,89,334,395,existing,1410.3207628933378,211,90,334,500,existing,1923.1398856570377,211,91,334,31,existing,2060.0423039835846,211,33,334,265,allocated,1423.5695708098956,211,48,334,374,allocated,2064.3038165869284,211,92,334,447,existing,2857.9458911131296,211,0,334,5,allocated,2251.766519928469
212,212,84,335,30,existing,402.24920338754043,212,84,335,528,allocated,133.97314708667685,212,84,335,528,allocated,133.97314708667685,212,93,335,210,existing,700.3298023899144,212,87,335,18,existing,851.1878693764809,212,89,335,395,existing,1195.4625132831748,212,88,335,307,existing,938.383278229197,212,48,335,374,allocated,1849.4455669767658,212,91,335,31,existing,1845.184054373422,212,33,335,265,allocated,1208.7113211997328,212,90,335,500,existing,1708.281636046875,212,0,335,5,allocated,2036.9082703183062,212,92,335,447,existing,2643.087641502967
213,213,84,336,30,existing,364.4478068960534,213,84,336,528,allocated,182.48168326925256,213,84,336,295,allocated,116.39352387970848,213,93,336,210,existing,651.8212662073387,213,87,336,18,existing,899.6964055590566,213,89,336,395,existing,1146.953977100599,213,88,336,307,existing,900.5818817377101,213,33,336,265,allocated,1160.202785017157,213,90,336,500,existing,1670.480239555388,213,91,336,31,existing,1807.3826578819348,213,48,336,374,allocated,1800.93703079419,213,92,336,447,existing,2605.28624501148,213,0,336,5,allocated,1999.106873826819
214,214,84,338,30,existing,113.00071435623516,214,84,338,528,allocated,243.63242242140646,214,84,338,30,allocated,113.00071435623516,214,88,338,307,existing,649.1347891978918,214,93,338,210,existing,830.947833185464,214,89,338,395,existing,1126.1410612945103,214,33,338,265,allocated,1139.3898692110683,214,91,338,31,existing,1555.9355653421167,214,0,338,5,allocated,1747.659781287001,214,90,338,500,existing,1419.0331470155697,214,87,338,18,existing,1140.4363584077862,214,92,338,447,existing,2353.8391524716617,214,48,338,374,allocated,1989.9462864097902
215,215,58,339,434,allocated,436.6294111469997,215,58,339,467,existing,606.1646882430509,215,58,339,434,allocated,436.6294111469997,215,48,339,374,allocated,782.148305756275,215,33,339,265,allocated,867.7673802567938,215,89,339,395,existing,918.1258756561965,215,93,339,210,existing,1342.3567882925083,215,88,339,307,existing,1415.7884126307292,215,0,339,5,allocated,1694.8677693017487,215,91,339,31,existing,1704.9065374680847,215,90,339,500,existing,1570.2429208164992,215,92,339,447,existing,2136.981038703563,215,87,339,18,existing,2249.675683690516
216,216,58,340,434,allocated,534.2098102705538,216,58,340,467,existing,711.9362591202796,216,58,340,434,allocated,534.2098102705538,216,33,340,265,allocated,695.5855030311305,216,48,340,374,allocated,879.728704879829,216,89,340,395,existing,1014.2899342292704,216,93,340,210,existing,1243.7370236487536,216,88,340,307,existing,1317.1686479869745,216,0,340,5,allocated,1704.1593994652437,216,90,340,500,existing,1398.0610435908359,216,91,340,31,existing,1532.7246602424211,216,87,340,18,existing,2151.055919046761,216,92,340,447,existing,2234.561437827117
217,217,32,341,236,allocated,552.2398646162166,217,32,341,331,existing,475.38496532766584,217,32,341,236,allocated,552.2398646162166,217,48,341,374,allocated,771.1474496287485,217,92,341,447,existing,1206.3574870651232,217,90,341,500,existing,1565.7600596761868,217,0,341,5,allocated,1387.3994520015558,217,91,341,31,existing,1692.8556628498154,217,93,341,210,existing,1934.1058616922815,217,33,341,265,allocated,1790.8777976392698,217,89,341,395,existing,1830.7611080512497,217,87,341,18,existing,2771.507176970553,217,88,341,307,existing,2328.423645025782
218,218,78,345,18,existing,145.287541619075,218,78,345,428,existing,172.4916828659341,218,78,345,296,allocated,57.38307053169403,218,87,345,18,existing,145.287541619075,218,93,345,210,existing,1091.8972903648862,218,89,345,395,existing,1587.5091497181475,218,33,345,265,allocated,1600.7579576347055,218,91,345,31,existing,2667.7433039609277,218,48,345,374,allocated,2145.647268960879,218,90,345,500,existing,2530.840885634381,218,88,345,307,existing,1685.372261852194,218,92,345,447,existing,3460.0310520504354,218,0,345,5,allocated,2859.467519905812
219,219,81,346,559,existing,527.2911828690931,219,81,346,242,existing,479.4006539064948,219,81,346,411,existing,299.87050707410276,219,90,346,500,existing,331.2000979043355,219,0,346,5,allocated,385.41083992180546,219,92,346,447,existing,982.3343590154986,219,91,346,31,existing,458.2957010779644,219,88,346,307,existing,1380.9236504807352,219,48,346,374,allocated,1154.9363705447588,219,89,346,395,existing,1473.7309073766116,219,33,346,265,allocated,1109.5100850923322,219,87,346,18,existing,2564.9805011079625,219,93,346,210,existing,1657.6616057099552
220,220,80,347,390,existing,93.94205128358169,220,80,347,467,existing,548.5780912235807,220,80,347,347,allocated,0.0,220,89,347,395,existing,320.67912352214853,220,33,347,265,allocated,725.6350198058408,220,48,347,374,allocated,825.437852135404,220,93,347,210,existing,855.5818362232135,220,88,347,307,existing,929.0134605614345,220,91,347,31,existing,1691.9061102613423,220,87,347,18,existing,1762.900731621221,220,90,347,500,existing,1557.2424936097573,220,0,347,5,allocated,1863.3408494841651,220,92,347,447,existing,2460.2643685778585
221,221,83,349,415,existing,317.8809573376559,221,83,349,331,existing,354.5205227304102,221,83,349,236,allocated,356.4090559465582,221,92,349,447,existing,454.38297638132576,221,0,349,5,allocated,760.0995849117119,221,91,349,31,existing,1177.54325875331,221,90,349,500,existing,1083.3251207423673,221,48,349,374,allocated,1275.7882987654045,221,33,349,265,allocated,1962.1882075976678,221,89,349,395,existing,2326.4090298819474,221,88,349,307,existing,2133.048673318767,221,87,349,18,existing,3276.148026107209,221,93,349,210,existing,2438.7467108289375
222,222,83,350,415,existing,363.17579756906355,222,83,350,331,existing,399.81536296181787,222,83,350,236,allocated,401.7038961779659,222,92,350,447,existing,409.8401085254469,222,0,350,5,allocated,805.3944251431195,222,90,350,500,existing,1128.619960973775,222,91,350,31,existing,1222.8380989847178,222,89,350,395,existing,2371.703870113355,222,48,350,374,allocated,1321.0831389968123,222,88,350,307,existing,2178.343513550175,222,33,350,265,allocated,2007.4830478290758,222,87,350,18,existing,3321.4428663386166,222,93,350,210,existing,2484.0415510603452
223,223,32,351,236,allocated,341.9926130179276,223,32,351,416,allocated,352.37577879810533,223,32,351,236,allocated,341.9926130179276,223,0,351,5,allocated,645.0179164242409,223,92,351,447,existing,663.9662954166706,223,91,351,31,existing,1062.461590265839,223,90,351,500,existing,968.2434522548964,223,88,351,307,existing,2017.9670048312962,223,89,351,395,existing,2211.327361394476,223,48,351,374,allocated,1189.7479412148712,223,33,351,265,allocated,1847.106539110197,223,93,351,210,existing,2352.706353278404,223,87,351,18,existing,3190.107668556675
224,224,66,352,467,allocated,131.18089993444673,224,66,352,467,existing,131.18089993444673,224,66,352,467,allocated,131.18089993444673,224,33,352,265,allocated,403.25877693561256,224,89,352,395,existing,443.1420873475924,224,48,352,374,allocated,616.4715710749088,224,93,352,210,existing,867.372999983904,224,90,352,500,existing,1139.8453023206232,224,91,352,31,existing,1274.5089189722084,224,88,352,307,existing,940.804624322125,224,0,352,5,allocated,1445.943658195031,224,87,352,18,existing,1774.6918953819118,224,92,352,447,existing,2042.8671772887242
225,225,32,353,236,allocated,580.6476644493894,225,32,353,360,existing,170.8042665343847,225,32,353,236,allocated,580.6476644493894,225,48,353,374,allocated,583.9494753115094,225,0,353,5,allocated,768.6311516512369,225,90,353,500,existing,946.9917593258679,225,91,353,31,existing,1074.0873624994967,225,33,353,265,allocated,1257.397868302524,225,89,353,395,existing,1621.6186905868035,225,92,353,447,existing,1279.4443864307918,225,93,353,210,existing,1746.9078873750423,225,87,353,18,existing,2584.3092026533136,225,88,353,307,existing,1878.981013258368
226,226,76,354,88,existing,598.6578706733924,226,76,354,98,existing,360.3568691419848,226,76,354,273,allocated,141.2294621299231,226,90,354,500,existing,667.0358577976149,226,33,354,265,allocated,669.3086635107082,226,88,354,307,existing,796.6707338672513,226,91,354,31,existing,803.9382761241618,226,93,354,210,existing,1180.426239914399,226,89,354,395,existing,1033.5294857949875,226,48,354,374,allocated,1478.8282816953524,226,0,354,5,allocated,995.6624920690459,226,92,354,447,existing,1647.4458653580446,226,87,354,18,existing,2087.7451353124065
227,227,66,355,467,allocated,600.6075686261381,227,66,355,467,existing,600.6075686261381,227,66,355,265,allocated,538.7404214508496,227,33,355,265,allocated,538.7404214508496,227,89,355,395,existing,902.9612437351288,227,93,355,210,existing,1086.8919420684724,227,0,355,5,allocated,1112.216348552249,227,90,355,500,existing,1240.6865792980266,227,91,355,31,existing,1375.3501959496118,227,48,355,374,allocated,1338.8060753987527,227,88,355,307,existing,1160.3235664066933,227,87,355,18,existing,1994.21083746648,227,92,355,447,existing,1709.139867645942
228,228,78,356,18,existing,430.21471843955385,228,78,356,428,existing,192.00807926501005,228,78,356,408,allocated,235.35548436977496,228,87,356,18,existing,430.21471843955385,228,93,356,210,existing,1376.8244671853652,228,89,356,395,existing,1872.4363265386264,228,88,356,307,existing,1877.6587484640722,228,90,356,500,existing,2647.5571062817503,228,48,356,374,allocated,2385.9688466133703,228,91,356,31,existing,2784.459524608297,228,33,356,265,allocated,1885.6851344551842,228,0,356,5,allocated,2976.183740553181,228,92,356,447,existing,3582.3631117378427
229,229,75,357,18,existing,622.7917846380278,229,75,357,357,allocated,0.0,229,75,357,357,allocated,0.0,229,93,357,210,existing,450.28415136838925,229,87,357,18,existing,622.7917846380278,229,89,357,395,existing,945.8960107216506,229,33,357,265,allocated,959.1448186382084,229,88,357,307,existing,1043.7591228556971,229,48,357,374,allocated,1594.5050599471288,229,90,357,500,existing,1890.0763587484705,229,91,357,31,existing,2026.9787770750174,229,92,357,447,existing,2818.4179130539387,229,0,357,5,allocated,2218.7029930199014
230,230,84,358,30,existing,550.1184587196769,230,84,358,528,allocated,281.84240241881326,230,84,358,528,allocated,281.84240241881326,230,93,358,210,existing,748.0885208501097,230,87,358,18,existing,782.8010743814084,230,88,358,307,existing,1086.2525335613336,230,89,358,395,existing,1243.700380203371,230,91,358,31,existing,1993.0533097055584,230,90,358,500,existing,1856.1508913790115,230,48,358,374,allocated,1892.3094294288492,230,33,358,265,allocated,1256.9491881199287,230,92,358,447,existing,2790.9568968351036,230,0,358,5,allocated,2184.7775256504424
231,231,84,359,30,existing,574.9319108291089,231,84,359,528,allocated,306.6558545282454,231,84,359,528,allocated,306.6558545282454,231,87,359,18,existing,835.2152380402962,231,93,359,210,existing,873.0125098314829,231,88,359,307,existing,1111.0659856707655,231,89,359,395,existing,1368.1452207247435,231,48,359,374,allocated,2022.1282744183343,231,90,359,500,existing,1880.9643434884433,231,33,359,265,allocated,1381.3940286413012,231,91,359,31,existing,2017.8667618149902,231,92,359,447,existing,2815.7703489445357,231,0,359,5,allocated,2209.5909777598745
232,232,32,360,236,allocated,409.8433979150047,232,32,360,360,existing,0.0,232,32,360,236,allocated,409.8433979150047,232,48,360,374,allocated,641.2490102798707,232,0,360,5,allocated,894.6306519973386,232,90,360,500,existing,1072.9912596719696,232,92,360,447,existing,1108.6401198964072,232,89,360,395,existing,1700.8626687023718,232,91,360,31,existing,1200.0868628455985,232,33,360,265,allocated,1383.3973686486258,232,93,360,210,existing,1804.2074223434038,232,88,360,307,existing,2004.9805136044697,232,87,360,18,existing,2641.608737621675
233,233,66,361,467,allocated,199.0837047866531,233,66,361,467,existing,199.0837047866531,233,66,361,467,allocated,199.0837047866531,233,33,361,265,allocated,324.53976621513374,233,89,361,395,existing,511.0448921997987,233,93,361,210,existing,872.6912868327565,233,48,361,374,allocated,729.3015666206928,233,91,361,31,existing,1161.6789234264245,233,0,361,5,allocated,1333.113662649247,233,90,361,500,existing,1027.0153067748392,233,88,361,307,existing,946.1229111709775,233,92,361,447,existing,1930.0371817429402,233,87,361,18,existing,1780.0101822307643
234,234,66,362,467,allocated,664.2790361492553,234,66,362,467,existing,664.2790361492553,234,66,362,265,allocated,647.9282800601062,234,33,362,265,allocated,647.9282800601062,234,89,362,395,existing,966.6327112582461,234,93,362,210,existing,1196.079800677729,234,48,362,374,allocated,1063.46621203423,234,90,362,500,existing,1350.4038206198115,234,88,362,307,existing,1269.51142501595,234,91,362,31,existing,1485.067437271397,234,0,362,5,allocated,1656.5021764942196,234,87,362,18,existing,2103.3986960757366,234,92,362,447,existing,2228.413529715891
235,235,66,363,467,allocated,719.1564854826424,235,66,363,467,existing,719.1564854826424,235,66,363,5,allocated,605.0602370146828,235,0,363,5,allocated,605.0602370146828,235,33,363,265,allocated,657.2893383073539,235,90,363,500,existing,783.4208446893138,235,91,363,31,existing,910.5164478629426,235,48,363,374,allocated,1139.2532391183966,235,92,363,447,existing,1201.983756108376,235,93,363,210,existing,1205.4408589249767,235,89,363,395,existing,1021.5101605916332,235,88,363,307,existing,1278.8724832631976,235,87,363,18,existing,2112.7597543229845
236,236,66,364,467,allocated,573.7492724635108,236,66,364,467,existing,573.7492724635108,236,66,364,265,allocated,557.3985163743617,236,33,364,265,allocated,557.3985163743617,236,89,364,395,existing,876.1029475725016,236,93,364,210,existing,1105.5500369919846,236,48,364,374,allocated,1146.258121530572,236,90,364,500,existing,1259.874056934067,236,0,364,5,allocated,1565.9724128084752,236,88,364,307,existing,1178.9816613302055,236,91,364,31,existing,1394.5376735856526,236,87,364,18,existing,2012.868932389992,236,92,364,447,existing,2162.8959319021683
237,237,66,365,467,allocated,491.5366936903991,237,66,365,467,existing,491.5366936903991,237,66,365,265,allocated,475.18593760125,237,33,365,265,allocated,475.18593760125,237,89,365,395,existing,793.8903687993899,237,93,365,210,existing,1023.3374582188729,237,48,365,374,allocated,1064.0455427574602,237,0,365,5,allocated,1483.7598340353632,237,88,365,307,existing,1096.769082557094,237,90,365,500,existing,1177.6614781609553,237,91,365,31,existing,1312.3250948125408,237,87,365,18,existing,1930.6563536168806,237,92,365,447,existing,2080.6833531290563
238,238,58,366,434,allocated,304.1490148017275,238,58,366,532,existing,497.2733329274137,238,58,366,434,allocated,304.1490148017275,238,48,366,374,allocated,609.6746491019288,238,33,366,265,allocated,1151.4378871816737,238,89,366,395,existing,1393.603014948042,238,0,366,5,allocated,1282.790653192509,238,91,366,31,existing,1588.2468640407687,238,93,366,210,existing,1680.7717738943927,238,90,366,500,existing,1461.1512608671399,238,92,366,447,existing,1724.9039225943234,238,88,366,307,existing,1773.0210321375175,238,87,366,18,existing,2518.173089172664
239,239,32,371,236,allocated,427.04138622712406,239,32,371,331,existing,425.15285301097606,239,32,371,236,allocated,427.04138622712406,239,92,371,447,existing,712.8292535126111,239,0,371,5,allocated,1133.6623736103568,239,90,371,500,existing,1456.8879094410122,239,48,371,374,allocated,1237.4109954186033,239,91,371,31,existing,1551.106047451955,239,89,371,395,existing,2297.0246538411043,239,93,371,210,existing,2400.369407482136,239,33,371,265,allocated,1999.2772088169058,239,88,371,307,existing,2506.611462017412,239,87,371,18,existing,3237.7707227604074
240,240,32,372,236,allocated,399.0036853789448,240,32,372,331,existing,397.1151521627968,240,32,372,236,allocated,399.0036853789448,240,92,372,447,existing,740.8669543607905,240,0,372,5,allocated,1105.6246727621774,240,90,372,500,existing,1428.8502085928328,240,48,372,374,allocated,1209.373294570424,240,89,372,395,existing,2268.9869529929247,240,33,372,265,allocated,1971.2395079687267,240,91,372,31,existing,1523.0683466037756,240,93,372,210,existing,2372.331706633957,240,88,372,307,existing,2478.573761169233,240,87,372,18,existing,3209.733021912228
241,241,83,373,415,existing,407.85272179557126,241,83,373,331,existing,444.4922871883256,241,83,373,447,existing,365.1631842989392,241,92,373,447,existing,365.1631842989392,241,0,373,5,allocated,850.0713493696272,241,91,373,31,existing,1267.5150232112255,241,90,373,500,existing,1173.2968852002828,241,48,373,374,allocated,1365.76006322332,241,33,373,265,allocated,2052.1599720555832,241,88,373,307,existing,2223.0204377766827,241,89,373,395,existing,2416.380794339863,241,93,373,210,existing,2528.718475286853,241,87,373,18,existing,3366.1197905651243
242,242,32,375,236,allocated,444.0069369088715,242,32,375,331,existing,442.1184036927235,242,32,375,236,allocated,444.0069369088715,242,92,375,447,existing,884.6921704532796,242,0,375,5,allocated,1150.6279242921041,242,90,375,500,existing,1473.8534601227595,242,48,375,374,allocated,1254.3765461003507,242,91,375,31,existing,1568.0715981337023,242,89,375,395,existing,2313.990204522852,242,33,375,265,allocated,2016.2427594986534,242,93,375,210,existing,2417.3349581638836,242,87,375,18,existing,3254.736273442155,242,88,375,307,existing,2523.5770126991592
243,243,32,376,236,allocated,321.8053409562505,243,32,376,331,existing,319.9168077401025,243,32,376,236,allocated,321.8053409562505,243,92,376,447,existing,762.4905745006586,243,0,376,5,allocated,1028.4263283394832,243,90,376,500,existing,1351.6518641701387,243,48,376,374,allocated,1132.1749501477298,243,89,376,395,existing,2191.7886085702307,243,33,376,265,allocated,1894.0411635460323,243,93,376,210,existing,2295.1333622112625,243,91,376,31,existing,1445.8700021810814,243,88,376,307,existing,2401.3754167465386,243,87,376,18,existing,3132.534677489534
244,244,32,378,236,allocated,239.55821620542156,244,32,378,331,existing,237.66968298927355,244,32,378,236,allocated,239.55821620542156,244,92,378,447,existing,680.2434497498296,244,0,378,5,allocated,946.1792035886542,244,90,378,500,existing,1269.4047394193096,244,48,378,374,allocated,1049.9278253969007,244,91,378,31,existing,1363.6228774302524,244,89,378,395,existing,2109.5414838194015,244,33,378,265,allocated,1811.7940387952033,244,93,378,210,existing,2212.8862374604337,244,87,378,18,existing,3050.287552738705,244,88,378,307,existing,2319.1282919957093
245,245,58,379,434,allocated,602.5043026232805,245,58,379,467,existing,621.2337627550357,245,58,379,434,allocated,602.5043026232805,245,33,379,265,allocated,604.8830066658867,245,89,379,395,existing,923.5874378640266,245,93,379,210,existing,1153.0345272835098,245,48,379,374,allocated,948.0231972325557,245,90,379,500,existing,1307.358547225592,245,91,379,31,existing,1442.0221638771773,245,88,379,307,existing,1226.4661516217307,245,0,379,5,allocated,1613.4569030999999,245,87,379,18,existing,2060.3534226815173,245,92,379,447,existing,2210.380422193693
246,246,32,380,236,allocated,563.0650064918481,246,32,380,331,existing,561.1764732757,246,32,380,236,allocated,563.0650064918481,246,92,380,447,existing,778.3368114159155,246,48,380,374,allocated,1221.3417736663475,246,90,380,500,existing,1587.5774427196668,246,0,380,5,allocated,1264.3519068890114,246,33,380,265,allocated,2112.0318379619443,246,91,380,31,existing,1681.7955807306096,246,93,380,210,existing,2384.3001857298805,246,89,380,395,existing,2280.9554320888487,246,87,380,18,existing,3221.701501008152,246,88,380,307,existing,2637.3009952960665
247,247,84,382,30,existing,504.78347051760363,247,84,382,528,allocated,236.50741421674002,247,84,382,528,allocated,236.50741421674002,247,93,382,210,existing,702.7535326480363,247,87,382,18,existing,828.1360625834816,247,89,382,395,existing,1198.3653920012976,247,88,382,307,existing,1040.9175453592602,247,91,382,31,existing,1947.7183215034852,247,48,382,374,allocated,1846.974441226776,247,33,382,265,allocated,1211.6141999178556,247,90,382,500,existing,1810.8159031769383,247,0,382,5,allocated,2139.4425374483694,247,92,382,447,existing,2745.62190863303
248,248,58,383,434,allocated,522.6366070246154,248,58,383,467,existing,687.4267348139688,248,58,383,434,allocated,522.6366070246154,248,33,383,265,allocated,671.0759787248196,248,48,383,374,allocated,868.1555016338906,248,93,383,210,existing,1219.2274993424426,248,89,383,395,existing,989.7804099229595,248,0,383,5,allocated,1679.649875158933,248,90,383,500,existing,1373.5515192845248,248,88,383,307,existing,1292.6591236806635,248,91,383,31,existing,1508.2151359361103,248,92,383,447,existing,2222.988234581179,248,87,383,18,existing,2126.54639474045
249,249,66,384,467,allocated,555.7792745783318,249,66,384,467,existing,555.7792745783318,249,66,384,265,allocated,539.4285184891827,249,33,384,265,allocated,539.4285184891827,249,89,384,395,existing,858.1329496873226,249,48,384,374,allocated,999.8029618695275,249,93,384,210,existing,1087.5800391068055,249,90,384,500,existing,1241.904059048888,249,88,384,307,existing,1161.0116634450264,249,91,384,31,existing,1376.5676757004735,249,0,384,5,allocated,1548.002414923296,249,87,384,18,existing,1994.898934504813,249,92,384,447,existing,2144.9259340169892
250,250,84,385,30,existing,686.3714385974598,250,84,385,357,allocated,264.3953579657949,250,84,385,357,allocated,264.3953579657949,250,93,385,210,existing,621.5578917690646,250,87,385,18,existing,887.1871426038226,250,33,385,265,allocated,1130.4185590388838,250,89,385,395,existing,1117.1697511223258,250,88,385,307,existing,1215.0328632563724,250,91,385,31,existing,2129.3062895833414,250,48,385,374,allocated,1765.778800347804,250,90,385,500,existing,1992.4038712567944,250,92,385,447,existing,2927.2098767128864,250,0,385,5,allocated,2321.0305055282256
251,251,58,386,434,allocated,402.7134890915563,251,58,386,532,existing,595.8378072172425,251,58,386,434,allocated,402.7134890915563,251,48,386,374,allocated,748.2323837008314,251,33,386,265,allocated,917.6649750696847,251,93,386,210,existing,1465.8164956873075,251,89,386,395,existing,1236.3694062678246,251,91,386,31,existing,1754.8041322809754,251,90,386,500,existing,1620.14051562939,251,88,386,307,existing,1539.2481200255284,251,0,386,5,allocated,1660.9518472463053,251,92,386,447,existing,2103.06511664812,251,87,386,18,existing,2373.135391085315
252,252,58,387,434,allocated,357.42191366177804,252,58,387,532,existing,550.5462317874642,252,58,387,434,allocated,357.42191366177804,252,48,387,374,allocated,702.9408082710531,252,33,387,265,allocated,872.3733996399063,252,93,387,210,existing,1420.5249202575292,252,89,387,395,existing,1191.0778308380463,252,0,387,5,allocated,1615.660271816527,252,90,387,500,existing,1574.8489401996117,252,91,387,31,existing,1709.5125568511971,252,88,387,307,existing,1493.95654459575,252,92,387,447,existing,2057.7735412183415,252,87,387,18,existing,2327.8438156555367
253,253,77,388,18,existing,376.4928714318446,253,77,388,388,existing,0.0,253,77,388,388,allocated,0.0,253,87,388,18,existing,376.4928714318446,253,93,388,210,existing,1177.5310363267495,253,89,388,395,existing,1673.142895680011,253,88,388,307,existing,1529.7371980039334,253,33,388,265,allocated,1686.3917035965687,253,48,388,374,allocated,2321.751944905489,253,91,388,31,existing,2436.5379741481584,253,90,388,500,existing,2299.6355558216114,253,0,388,5,allocated,2628.2621900930426,253,92,388,447,existing,3234.441561277704
254,254,77,389,18,existing,474.60938272963494,254,77,389,388,existing,98.11651129779035,254,77,389,389,allocated,0.0,254,87,389,18,existing,474.60938272963494,254,93,389,210,existing,1275.6475476245398,254,89,389,395,existing,1771.259406977801,254,88,389,307,existing,1441.2101613845884,254,48,389,374,allocated,2419.8684562032795,254,33,389,265,allocated,1784.5082148943588,254,90,389,500,existing,2211.1085192022665,254,91,389,31,existing,2348.010937528813,254,92,389,447,existing,3145.9145246583585,254,0,389,5,allocated,2539.735153473697
255,255,80,390,390,existing,0.0,255,80,390,467,existing,642.5201425071624,255,80,390,390,existing,0.0,255,89,390,395,existing,226.73707223856684,255,33,390,265,allocated,631.6929685222591,255,93,390,210,existing,761.6397849396317,255,88,390,307,existing,835.0714092778528,255,48,390,374,allocated,919.3799034189856,255,91,390,31,existing,1681.8727306220603,255,90,390,500,existing,1547.2091139704748,255,87,390,18,existing,1668.9586803376394,255,0,390,5,allocated,1853.307469844883,255,92,390,447,existing,2450.230988938576
256,256,75,391,18,existing,424.99490011561954,256,75,391,44,existing,113.87149295248936,256,75,391,391,allocated,0.0,256,87,391,18,existing,424.99490011561954,256,93,391,210,existing,521.6148486301918,256,33,391,265,allocated,1030.475515900011,256,89,391,395,existing,1017.226707983453,256,48,391,374,allocated,1621.0255031991578,256,88,391,307,existing,1115.0898201174996,256,91,391,31,existing,2098.30947433682,256,90,391,500,existing,1961.407056010273,256,0,391,5,allocated,2290.0336902817044,256,92,391,447,existing,2889.7486103157407
257,257,58,392,434,allocated,398.26706948368553,257,58,392,532,existing,591.3913876093718,257,58,392,434,allocated,398.26706948368553,257,48,392,374,allocated,743.7859640929607,257,33,392,265,allocated,795.4455162657496,257,93,392,210,existing,1343.5970368833725,257,89,392,395,existing,1114.1499474638895,257,0,392,5,allocated,1656.5054276384346,257,90,392,500,existing,1497.9210568254548,257,88,392,307,existing,1417.0286612215934,257,91,392,31,existing,1632.5846734770403,257,92,392,447,existing,2098.618697040249,257,87,392,18,existing,2250.91593228138
258,258,82,393,238,existing,459.08387181332745,258,82,393,416,allocated,386.94219143640134,258,82,393,5,allocated,101.60918896127342,258,0,393,5,allocated,101.60918896127342,258,90,393,500,existing,396.6819842365783,258,92,393,447,existing,698.5327080549666,258,91,393,31,existing,490.900122247521,258,48,393,374,allocated,1206.16667181319,258,89,393,395,existing,1524.9612086450427,258,33,393,265,allocated,1160.7403863607633,258,88,393,307,existing,1446.405536812978,258,87,393,18,existing,2616.210802376394,258,93,393,210,existing,1708.8919069783863
259,259,32,394,236,allocated,507.9318170700215,259,32,394,331,existing,506.0432838538735,259,32,394,447,existing,442.6441140340529,259,92,394,447,existing,442.6441140340529,259,0,394,5,allocated,968.159362187941,259,90,394,500,existing,1291.3848980185965,259,91,394,31,existing,1385.6030360295392,259,88,394,307,existing,2341.1084505949966,259,33,394,265,allocated,2170.2479848738967,259,89,394,395,existing,2486.924718311369,259,48,394,374,allocated,1427.311059888868,259,93,394,210,existing,2590.2694719524006,259,87,394,18,existing,3427.670787230672
260,260,86,395,395,existing,0.0,260,86,395,467,existing,529.3957965884614,260,86,395,395,allocated,0.0,260,89,395,395,existing,0.0,260,33,395,265,allocated,404.95589628369225,260,88,395,307,existing,608.3343370392859,260,93,395,210,existing,534.902712701065,260,91,395,31,existing,1455.1356583834936,260,87,395,18,existing,1442.2216080990725,260,90,395,500,existing,1320.4720417319081,260,48,395,374,allocated,1059.6136584225012,260,92,395,447,existing,2223.4939167000093,260,0,395,5,allocated,1626.5703976063162
261,261,78,396,18,existing,700.5025241956939,261,78,396,428,existing,462.2958850211502,261,78,396,408,allocated,505.6432901259151,261,87,396,18,existing,700.5025241956939,261,93,396,210,existing,1647.1122729415054,261,89,396,395,existing,2142.7241322947666,261,88,396,307,existing,1935.4960153738778,261,90,396,500,existing,2705.3943731915556,261,33,396,265,allocated,2155.9729402113244,261,91,396,31,existing,2842.2967915181025,261,48,396,374,allocated,2656.2566523695104,261,0,396,5,allocated,3034.0210074629867,261,92,396,447,existing,3640.200378647648
262,262,86,397,395,existing,148.1648306076054,262,86,397,467,existing,381.230965980856,262,86,397,395,allocated,148.1648306076054,262,89,397,395,existing,148.1648306076054,262,33,397,265,allocated,553.1207268912976,262,88,397,307,existing,756.4991676468912,262,93,397,210,existing,683.0675433086703,262,87,397,18,existing,1590.3864387066778,262,48,397,374,allocated,911.4488278148958,262,91,397,31,existing,1524.558985018618,262,90,397,500,existing,1389.8953683670325,262,92,397,447,existing,2292.917243335133,262,0,397,5,allocated,1695.9937242414403
263,263,86,398,395,existing,70.02855589562525,263,86,398,467,existing,459.36724069283616,263,86,398,395,allocated,70.02855589562525,263,89,398,395,existing,70.02855589562525,263,33,398,265,allocated,474.9844521793175,263,88,398,307,existing,678.3628929349111,263,93,398,210,existing,604.9312685966902,263,91,398,31,existing,1525.1642142791188,263,90,398,500,existing,1390.5005976275334,263,87,398,18,existing,1512.2501639946977,263,48,398,374,allocated,989.585102526876,263,92,398,447,existing,2293.5224725956346,263,0,398,5,allocated,1696.5989535019414
264,264,78,399,18,existing,464.78188655806684,264,78,399,428,existing,226.57524738352305,264,78,399,408,allocated,269.92265248828795,264,87,399,18,existing,464.78188655806684,264,93,399,210,existing,1411.391635303878,264,88,399,307,existing,1897.869644385207,264,89,399,395,existing,1907.0034946571393,264,48,399,374,allocated,2420.5360147318834,264,90,399,500,existing,2667.768002202885,264,91,399,31,existing,2804.670420529432,264,33,399,265,allocated,1920.2523025736973,264,0,399,5,allocated,2996.394636474316,264,92,399,447,existing,3602.5740076589773
265,265,66,400,467,allocated,375.87693338706384,265,66,400,467,existing,375.87693338706384,265,66,400,467,allocated,375.87693338706384,265,33,400,265,allocated,637.4796254008066,265,89,400,395,existing,687.8381208002095,265,48,400,374,allocated,861.1676045275258,265,93,400,210,existing,1112.069033436521,265,0,400,5,allocated,1646.0535218349198,265,90,400,500,existing,1339.9551659605122,265,91,400,31,existing,1474.6187826120972,265,88,400,307,existing,1185.5006577747422,265,92,400,447,existing,2242.977040928613,265,87,400,18,existing,2019.3879288345288
266,266,66,401,467,allocated,427.21328172891435,266,66,401,467,existing,427.21328172891435,266,66,401,467,allocated,427.21328172891435,266,33,401,265,allocated,688.8159737426572,266,89,401,395,existing,739.17446914206,266,93,401,210,existing,1163.4053817783717,266,48,401,374,allocated,912.5039528693763,266,88,401,307,existing,1236.8370061165926,266,91,401,31,existing,1525.955130953948,266,90,401,500,existing,1391.2915143023624,266,0,401,5,allocated,1697.3898701767705,266,92,401,447,existing,2294.3133892704636,266,87,401,18,existing,2070.724277176379
267,267,66,402,467,allocated,344.6434216735796,267,66,402,467,existing,344.6434216735796,267,66,402,467,allocated,344.6434216735796,267,33,402,265,allocated,606.2461136873225,267,89,402,395,existing,656.6046090867253,267,93,402,210,existing,1080.835521723037,267,48,402,374,allocated,829.9340928140416,267,88,402,307,existing,1154.2671460612578,267,91,402,31,existing,1443.3852708986133,267,0,402,5,allocated,1614.8200101214359,267,90,402,500,existing,1308.7216542470278,267,87,402,18,existing,1988.1544171210444,267,92,402,447,existing,2211.743529215129
268,268,66,403,467,allocated,656.3539255654557,268,66,403,467,existing,656.3539255654557,268,66,403,265,allocated,594.4867783901672,268,33,403,265,allocated,594.4867783901672,268,89,403,395,existing,958.7076006744464,268,93,403,210,existing,1142.63829900779,268,0,403,5,allocated,1167.9627054915666,268,90,403,500,existing,1296.4329362373442,268,88,403,307,existing,1216.069923346011,268,48,403,374,allocated,1394.5524323380703,268,91,403,31,existing,1431.0965528889294,268,87,403,18,existing,2049.9571944057975,268,92,403,447,existing,1764.8862245852597
269,269,58,404,434,allocated,532.5962923626919,269,58,404,360,existing,237.440316834125,269,58,404,374,allocated,514.0991118510304,269,48,404,374,allocated,514.0991118510304,269,0,404,5,allocated,903.9671673287178,269,90,404,500,existing,1082.3277750033485,269,91,404,31,existing,1209.4233781769776,269,93,404,210,existing,1677.0575239145633,269,33,404,265,allocated,1392.7338839800047,269,92,404,447,existing,1346.0804367305323,269,89,404,395,existing,1573.7127702735315,269,88,404,307,existing,2014.3170289358486,269,87,404,18,existing,2514.4588391928346
270,270,80,405,390,existing,290.76691866130136,270,80,405,467,existing,550.0683737539478,270,80,405,219,allocated,99.1575749540434,270,89,405,395,existing,517.5039908998682,270,33,405,265,allocated,822.1462507551136,270,93,405,210,existing,959.0169887769352,270,48,405,374,allocated,826.928134665771,270,91,405,31,existing,1693.3963927917093,270,88,405,307,existing,1125.8383279391542,270,87,405,18,existing,1796.4183040552068,270,90,405,500,existing,1558.7327761401243,270,92,405,447,existing,2461.7546511082255,270,0,405,5,allocated,1864.8311320145322
271,271,66,407,467,allocated,685.8494907382551,271,66,407,467,existing,685.8494907382551,271,66,407,265,allocated,623.9823435629665,271,33,407,265,allocated,623.9823435629665,271,89,407,395,existing,988.2031658472458,271,0,407,5,allocated,1006.4460283162337,271,93,407,210,existing,1172.1338641805894,271,88,407,307,existing,1245.5654885188105,271,91,407,31,existing,1311.9022391644935,271,90,407,500,existing,1184.8066359908646,271,48,407,374,allocated,1424.0479975108697,271,87,407,18,existing,2079.452759578597,271,92,407,447,existing,1603.3695474099268
272,272,75,408,18,existing,236.73679636641594,272,75,408,428,existing,43.3474051047649,272,75,408,408,allocated,0.0,272,87,408,18,existing,236.73679636641594,272,93,408,210,existing,1183.3465451122272,272,33,408,265,allocated,1692.2072123820462,272,89,408,395,existing,1678.9584044654885,272,48,408,374,allocated,2205.2123659074136,272,91,408,31,existing,2760.0411708188553,272,88,408,307,existing,1776.8215165995348,272,90,408,500,existing,2623.1387524923084,272,0,408,5,allocated,2951.7653867637396,272,92,408,447,existing,3551.4803067977764
273,273,32,409,236,allocated,402.19050174631326,273,32,409,331,existing,325.33560245776255,273,32,409,236,allocated,402.19050174631326,273,48,409,374,allocated,638.3395118174287,273,92,409,447,existing,1099.547521778357,273,90,409,500,existing,1415.7106968062833,273,0,409,5,allocated,1237.3500891316523,273,89,409,395,existing,1697.95317023993,273,33,409,265,allocated,1658.06985982795,273,91,409,31,existing,1542.8062999799122,273,93,409,210,existing,1801.2979238809617,273,88,409,307,existing,2195.6157072144624,273,87,409,18,existing,2638.699239159233
274,274,81,410,559,existing,285.7831520062391,274,81,410,242,existing,237.89262304364084,274,81,410,411,existing,58.362476211248776,274,90,410,500,existing,89.69206704148148,274,91,410,31,existing,216.78767021511038,274,0,410,5,allocated,408.5118861599945,274,33,410,265,allocated,990.8521183066014,274,88,410,307,existing,1139.415619617881,274,48,410,374,allocated,1396.4444014076128,274,92,410,447,existing,1007.4428929414456,274,89,410,395,existing,1355.0729405908805,274,93,410,210,existing,1523.171125665029,274,87,410,18,existing,2430.4900210630362
275,275,78,413,18,existing,449.37213584955657,275,78,413,357,allocated,173.41964878847122,275,78,413,297,allocated,78.78314482536702,275,87,413,18,existing,449.37213584955657,275,93,413,210,existing,623.7038001568604,275,33,413,265,allocated,1132.5644674266796,275,89,413,395,existing,1119.3156595101218,275,90,413,500,existing,2063.4960075369418,275,88,413,307,existing,1217.1787716441681,275,48,413,374,allocated,1767.9247087356,275,91,413,31,existing,2200.3984258634887,275,0,413,5,allocated,2392.122641808373,275,92,413,447,existing,2991.8375618424097
276,276,78,414,18,existing,533.907786384807,276,78,414,357,allocated,257.9552993237216,276,78,414,297,allocated,163.3187953606174,276,87,414,18,existing,533.907786384807,276,93,414,210,existing,708.2394506921108,276,33,414,265,allocated,1217.10011796193,276,89,414,395,existing,1203.8513100453722,276,91,414,31,existing,2162.4641373650957,276,48,414,374,allocated,1852.4603592708504,276,88,414,307,existing,1255.6633612208711,276,90,414,500,existing,2025.561719038549,276,0,414,5,allocated,2354.18835330998,276,92,414,447,existing,2960.367724494641
277,277,83,415,415,existing,0.0,277,83,415,416,allocated,96.62467246284737,277,83,415,416,allocated,96.62467246284737,277,92,415,447,existing,214.96584415571786,277,0,415,5,allocated,442.218627574056,277,91,415,31,existing,859.6623014156544,277,90,415,500,existing,765.4441634047117,277,89,415,395,existing,2008.5280725442915,277,33,415,265,allocated,1644.307250260012,277,48,415,374,allocated,1593.6692561030604,277,88,415,307,existing,1815.1677159811115,277,87,415,18,existing,3099.7776662756423,277,93,415,210,existing,2192.4587708776353
278,278,85,417,521,existing,577.4907527570537,278,85,417,357,allocated,137.77068000546967,278,85,417,417,allocated,0.0,278,93,417,210,existing,312.5134713629196,278,87,417,18,existing,634.0962773828917,278,89,417,395,existing,808.1253307161809,278,33,417,265,allocated,821.3741386327388,278,88,417,307,existing,905.9884428502273,278,91,417,31,existing,1889.2080970695479,278,90,417,500,existing,1752.305678743001,278,48,417,374,allocated,1456.734379941659,278,0,417,5,allocated,2080.932313014432,278,92,417,447,existing,2680.647233048469
279,279,84,418,30,existing,785.8261262177101,279,84,418,428,existing,562.5064660743765,279,84,418,189,allocated,392.99671077505576,279,87,418,18,existing,800.7131052489202,279,88,418,307,existing,1321.9602010593667,279,93,418,210,existing,1503.7732450469389,279,89,418,395,existing,1798.9664731559853,279,0,418,5,allocated,2420.4851931484754,279,33,418,265,allocated,1812.2152810725433,279,91,418,31,existing,2228.7609772035917,279,90,418,500,existing,2091.8585588770447,279,92,418,447,existing,3026.6645643331367,279,48,418,374,allocated,2662.7716982712654
280,280,82,421,238,existing,422.8107426661594,280,82,421,416,allocated,430.24147504340453,280,82,421,444,allocated,244.04347317632357,280,92,421,447,existing,313.17604820962845,280,0,421,5,allocated,775.8354301546132,280,91,421,31,existing,1193.2791039962115,280,90,421,500,existing,1099.0609659852687,280,89,421,395,existing,2342.1448751248486,280,88,421,307,existing,2148.784518561669,280,33,421,265,allocated,1977.9240528405692,280,48,421,374,allocated,1753.2274591377284,280,93,421,210,existing,2526.075573458192,280,87,421,18,existing,3433.3944688561996
281,281,66,422,467,allocated,351.9962235438553,281,66,422,467,existing,351.9962235438553,281,66,422,265,allocated,335.64546745470625,281,33,422,265,allocated,335.64546745470625,281,89,422,395,existing,654.3498986528462,281,93,422,210,existing,883.7969880723292,281,88,422,307,existing,957.2286124105501,281,90,422,500,existing,1038.1210080144115,281,0,422,5,allocated,1344.2193638888195,281,48,422,374,allocated,1090.1745836433727,281,91,422,31,existing,1172.784624665997,281,87,422,18,existing,1791.1158834703365,281,92,422,447,existing,1941.1428829825127
282,282,32,423,236,allocated,614.2563276079893,282,32,423,331,existing,612.3677943918412,282,32,423,236,allocated,614.2563276079893,282,92,423,447,existing,675.8077390436483,282,0,423,5,allocated,1201.3229871975363,282,48,423,374,allocated,1533.6355704268356,282,90,423,500,existing,1524.5485230281918,282,88,423,307,existing,2574.272075604592,282,89,423,395,existing,2593.2492288493368,282,91,423,31,existing,1618.7666610391345,282,33,423,265,allocated,2295.5017838251383,282,87,423,18,existing,3533.99529776864,282,93,423,210,existing,2696.5939824903685
283,283,82,424,238,existing,405.0281170906494,283,82,424,416,allocated,332.8864367137233,283,82,424,416,allocated,332.8864367137233,283,0,424,5,allocated,625.5285743398589,283,92,424,447,existing,644.4769533322886,283,91,424,31,existing,1042.9722481814572,283,90,424,500,existing,948.7541101705145,283,89,424,395,existing,2191.8380193100943,283,88,424,307,existing,1998.4776627469143,283,48,424,374,allocated,1256.856202191054,283,33,424,265,allocated,1827.617197025815,283,93,424,210,existing,2375.768717643438,283,87,424,18,existing,3257.215929532858
284,284,82,425,238,existing,432.9929590759042,284,82,425,416,allocated,360.8512786989781,284,82,425,416,allocated,360.8512786989781,284,0,425,5,allocated,653.4934163251137,284,92,425,447,existing,672.4417953175434,284,90,425,500,existing,976.7189521557692,284,91,425,31,existing,1070.9370901667119,284,89,425,395,existing,2219.802861295349,284,33,425,265,allocated,1855.5820390110698,284,48,425,374,allocated,1284.8210441763088,284,88,425,307,existing,2026.442504732169,284,93,425,210,existing,2403.7335596286925,284,87,425,18,existing,3285.180771518113
285,285,83,426,415,existing,398.24722634490104,285,83,426,331,existing,434.88679173765536,285,83,426,236,allocated,436.7753249538033,285,92,426,447,existing,444.9115373012844,285,0,426,5,allocated,840.465853918957,285,91,426,31,existing,1257.9095277605552,285,90,426,500,existing,1163.6913897496124,285,89,426,395,existing,2406.7752988891925,285,33,426,265,allocated,2042.5544766049131,285,48,426,374,allocated,1356.1545677726497,285,88,426,307,existing,2213.4149423260124,285,87,426,18,existing,3356.514295114454,285,93,426,210,existing,2519.1129798361826
286,286,32,429,236,allocated,763.6472087070601,286,32,429,331,existing,686.7923094185094,286,32,429,236,allocated,763.6472087070601,286,48,429,374,allocated,1096.1688814904778,286,92,429,447,existing,1097.6837928986674,286,90,429,500,existing,1800.8246289369467,286,0,429,5,allocated,1583.6988883717631,286,33,429,265,allocated,2111.2307379136028,286,91,429,31,existing,1927.9202321105754,286,93,429,210,existing,2259.127293554011,286,89,429,395,existing,2155.782539912979,286,88,429,307,existing,2653.4450768875117,286,87,429,18,existing,3096.5286088322823
287,287,32,430,236,allocated,773.7162416353685,287,32,430,331,existing,696.8613423468178,287,32,430,236,allocated,773.7162416353685,287,48,430,374,allocated,1106.2379144187862,287,92,430,447,existing,1107.7528258269758,287,90,430,500,existing,1810.8936618652551,287,0,430,5,allocated,1593.7679213000715,287,93,430,210,existing,2269.1963264823194,287,33,430,265,allocated,2121.299770841911,287,89,430,395,existing,2165.8515728412876,287,91,430,31,existing,1937.9892650388838,287,87,430,18,existing,3106.5976417605907,287,88,430,307,existing,2663.51410981582
288,288,32,431,236,allocated,860.6618386341382,288,32,431,360,existing,450.81844071913355,288,32,431,5,allocated,555.8336102359576,288,0,431,5,allocated,555.8336102359576,288,90,431,500,existing,734.1942179105885,288,91,431,31,existing,861.2898210842174,288,48,431,374,allocated,863.9636494962582,288,93,431,210,existing,1592.7518475048676,288,89,431,395,existing,1408.8211491715238,288,92,431,447,existing,1152.7571293296508,288,33,431,265,allocated,1044.6003268872446,288,88,431,307,existing,1666.1834718430885,288,87,431,18,existing,2500.0707429028753
289,289,32,432,236,allocated,804.6511391552621,289,32,432,360,existing,394.80774124025737,289,32,432,5,allocated,499.82291075708133,289,0,432,5,allocated,499.82291075708133,289,90,432,500,existing,678.1835184317123,289,91,432,31,existing,805.2791216053412,289,48,432,374,allocated,807.952950017382,289,33,432,265,allocated,988.5896274083684,289,89,432,395,existing,1352.8104496926476,289,93,432,210,existing,1536.7411480259914,289,92,432,447,existing,1096.7464298507746,289,88,432,307,existing,1610.1727723642123,289,87,432,18,existing,2444.060043423999
290,290,66,435,467,allocated,220.98744360233334,290,66,435,467,existing,220.98744360233334,290,66,435,467,allocated,220.98744360233334,290,33,435,265,allocated,482.59013561607617,290,89,435,395,existing,532.948631015479,290,48,435,374,allocated,706.2781147427954,290,93,435,210,existing,957.1795436517907,290,0,435,5,allocated,1491.1640320501895,290,90,435,500,existing,1185.0656761757814,290,88,435,307,existing,1030.6111679900118,290,91,435,31,existing,1319.7292928273669,290,92,435,447,existing,2088.0875511438826,290,87,435,18,existing,1864.4984390497984
291,291,81,436,559,existing,381.482808311223,291,81,436,242,existing,333.5922793486247,291,81,436,411,existing,154.06213251623268,291,90,436,500,existing,185.39172334646537,291,91,436,31,existing,312.48732652009426,291,92,436,447,existing,1042.6890306740206,291,0,436,5,allocated,445.76551158032754,291,88,436,307,existing,1235.115275922865,291,33,436,265,allocated,1086.5517746115852,291,89,436,395,existing,1450.7725968958646,291,48,436,374,allocated,1300.744745102629,291,93,436,210,existing,1618.8707819700126,291,87,436,18,existing,2526.18967736802
292,292,66,437,467,allocated,412.90889604333915,292,66,437,467,existing,412.90889604333915,292,66,437,467,allocated,412.90889604333915,292,33,437,265,allocated,674.511588057082,292,89,437,395,existing,724.8700834564848,292,48,437,374,allocated,834.3567981224422,292,93,437,210,existing,1149.1009960927965,292,91,437,31,existing,1511.6507452683727,292,90,437,500,existing,1376.9871286167875,292,88,437,307,existing,1222.5326204310174,292,0,437,5,allocated,1683.0854844911953,292,92,437,447,existing,2189.18953106973,292,87,437,18,existing,2056.419891490804
293,293,77,440,18,existing,491.472256272849,293,77,440,388,existing,235.3482676848173,293,77,440,286,allocated,102.87991488080014,293,87,440,18,existing,491.472256272849,293,93,440,210,existing,1412.8793040115668,293,89,440,395,existing,1908.491163364828,293,88,440,307,existing,1578.4419177716154,293,91,440,31,existing,2485.24269391584,293,48,440,374,allocated,2459.9478258138465,293,90,440,500,existing,2348.3402755892935,293,33,440,265,allocated,1921.7399712813858,293,92,440,447,existing,3283.1462810453854,293,0,440,5,allocated,2676.966909860724
294,294,75,441,18,existing,474.754795724946,294,75,441,357,allocated,334.05502038645454,294,75,441,16,allocated,188.16634636165594,294,87,441,18,existing,474.754795724946,294,93,441,210,existing,784.3391717548438,294,89,441,395,existing,1279.951031108105,294,33,441,265,allocated,1293.1998390246629,294,88,441,307,existing,1331.763082283604,294,90,441,500,existing,2101.661440101282,294,91,441,31,existing,2238.563858427829,294,48,441,374,allocated,1928.5600803335833,294,0,441,5,allocated,2430.2880743727133,294,92,441,447,existing,3036.467445557374
295,295,82,442,238,existing,425.81796085672676,295,82,442,416,allocated,353.6762804798006,295,82,442,416,allocated,353.6762804798006,295,0,442,5,allocated,646.3184181059361,295,92,442,447,existing,665.2667970983658,295,91,442,31,existing,1063.7620919475344,295,90,442,500,existing,969.5439539365917,295,88,442,307,existing,2019.2675065129915,295,89,442,395,existing,2212.6278630761717,295,33,442,265,allocated,1848.407040791892,295,48,442,374,allocated,1376.6008761165435,295,87,442,18,existing,3303.8774568075223,295,93,442,210,existing,2396.5585614095153
296,296,83,443,415,existing,358.01198250633746,296,83,443,416,allocated,454.63665496918486,296,83,443,447,existing,275.9873030309958,296,92,443,447,existing,275.9873030309958,296,0,443,5,allocated,800.2306100803935,296,91,443,31,existing,1217.6742839219917,296,90,443,500,existing,1123.456145911049,296,89,443,395,existing,2366.540055050629,296,48,443,374,allocated,1459.6767196923024,296,33,443,265,allocated,2002.3192327663494,296,88,443,307,existing,2173.179698487449,296,87,443,18,existing,3457.78964878198,296,93,443,210,existing,2550.4707533839724
297,297,83,445,415,existing,678.1792721578361,297,83,445,416,allocated,725.0689263247235,297,83,445,444,allocated,538.8709244576426,297,92,445,447,existing,568.197186730693,297,0,445,5,allocated,1070.6628814359321,297,90,445,500,existing,1393.8884172665876,297,91,445,31,existing,1488.1065552775303,297,33,445,265,allocated,2272.7515041218885,297,88,445,307,existing,2443.6119698429875,297,89,445,395,existing,2636.9723264061677,297,48,445,374,allocated,1648.718838044038,297,87,445,18,existing,3649.0785653858425,297,93,445,210,existing,2811.677250107571
298,298,83,446,415,existing,162.47396479143043,298,83,446,416,allocated,259.09863725427783,298,83,446,447,existing,52.491879364287435,298,92,446,447,existing,52.491879364287435,298,0,446,5,allocated,604.6925923654865,298,90,446,500,existing,927.918128196142,298,91,446,31,existing,1022.1362662070846,298,33,446,265,allocated,1806.7812150514424,298,48,446,374,allocated,1677.679395782443,298,89,446,395,existing,2171.002037335722,298,88,446,307,existing,1977.6416807725418,298,87,446,18,existing,3262.251631067073,298,93,446,210,existing,2354.9327356690656
299,299,83,447,415,existing,214.96584415571786,299,83,447,416,allocated,311.5905166185653,299,83,447,447,existing,0.0,299,92,447,447,existing,0.0,299,0,447,5,allocated,657.1844717297739,299,91,447,31,existing,1074.6281455713722,299,90,447,500,existing,980.4100075604296,299,88,447,307,existing,2030.1335601368294,299,48,447,374,allocated,1730.1712751467303,299,89,447,395,existing,2223.4939167000093,299,33,447,265,allocated,1859.27309441573,299,87,447,18,existing,3314.7435104313604,299,93,447,210,existing,2407.424615033353
300,300,83,448,415,existing,309.7528336578231,300,83,448,416,allocated,406.3775061206705,300,83,448,447,existing,94.78698950210521,300,92,448,447,existing,94.78698950210521,300,0,448,5,allocated,751.9714612318792,300,91,448,31,existing,1169.4151350734774,300,90,448,500,existing,1075.1969970625346,300,48,448,374,allocated,1824.9582646488357,300,33,448,265,allocated,1954.060083917835,300,88,448,307,existing,2124.9205496389345,300,89,448,395,existing,2318.2809062021147,300,93,448,210,existing,2502.2116045354583,300,87,448,18,existing,3409.5304999334658
301,301,58,449,434,allocated,516.7389502020644,301,58,449,360,existing,395.4653243648636,301,58,449,374,allocated,498.2417696904031,301,48,449,374,allocated,498.2417696904031,301,0,449,5,allocated,1061.9921748594563,301,92,449,447,existing,1231.9295054563272,301,90,449,500,existing,1240.3527825340873,301,89,449,395,existing,1557.855428112904,301,33,449,265,allocated,1517.9721177009242,301,91,449,31,existing,1367.4483857077162,301,93,449,210,existing,1661.200181753936,301,87,449,18,existing,2498.601497032207,301,88,449,307,existing,2055.517965087437
302,302,32,450,236,allocated,414.9030949542787,302,32,450,360,existing,275.7959338948588,302,32,450,236,allocated,414.9030949542787,302,48,450,374,allocated,617.9111601604079,302,0,450,5,allocated,942.3227843894515,302,90,450,500,existing,1120.6833920640825,302,92,450,447,existing,1112.2601149863224,302,33,450,265,allocated,1431.0895010407387,302,89,450,395,existing,1677.524818582909,302,93,450,210,existing,1780.8695722239408,302,91,450,31,existing,1247.7789952377113,302,87,450,18,existing,2618.270887502212,302,88,450,307,existing,2052.6726459965826
303,303,82,451,238,existing,280.07241340985126,303,82,451,416,allocated,207.93073303292513,303,82,451,416,allocated,207.93073303292513,303,0,451,5,allocated,500.57287065906064,303,92,451,447,existing,519.5212496514904,303,91,451,31,existing,918.0165445006589,303,90,451,500,existing,823.7984064897163,303,33,451,265,allocated,1702.6614933450169,303,48,451,374,allocated,1503.8789356843927,303,89,451,395,existing,2066.882315629296,303,88,451,307,existing,1873.521959066116,303,93,451,210,existing,2250.8130139626396,303,87,451,18,existing,3158.131909360647
304,304,32,452,236,allocated,466.8364398277256,304,32,452,331,existing,389.98154053917483,304,32,452,236,allocated,466.8364398277256,304,48,452,374,allocated,608.9537458811869,304,92,452,447,existing,1164.1934598597693,304,0,452,5,allocated,1172.7041510502402,304,90,452,500,existing,1351.064758724871,304,89,452,395,existing,1668.567404303688,304,33,452,265,allocated,1628.684093891708,304,91,452,31,existing,1478.1603618985,304,93,452,210,existing,1771.9121579447199,304,87,452,18,existing,2609.313473222991,304,88,452,307,existing,2166.229941278221
305,305,32,453,236,allocated,378.21266160348375,305,32,453,331,existing,376.3241283873358,305,32,453,236,allocated,378.21266160348375,305,92,453,447,existing,639.3406101732876,305,0,453,5,allocated,945.0572187036738,305,48,453,374,allocated,1297.5919044223301,305,90,453,500,existing,1268.2827545343293,305,91,453,31,existing,1362.500892545272,305,88,453,307,existing,2318.0063071107293,305,89,453,395,existing,2357.2055628448315,305,33,453,265,allocated,2059.4581178206327,305,87,453,18,existing,3297.951631764134,305,93,453,210,existing,2460.550316485863
306,306,32,454,236,allocated,274.83204187904005,306,32,454,331,existing,272.94350866289204,306,32,454,236,allocated,274.83204187904005,306,92,454,447,existing,535.9599904488439,306,0,454,5,allocated,841.6765989792301,306,48,454,374,allocated,1194.2112846978864,306,90,454,500,existing,1164.9021348098856,306,33,454,265,allocated,1956.0774980961892,306,89,454,395,existing,2253.8249431203876,306,88,454,307,existing,2214.625687386286,306,91,454,31,existing,1259.1202728208284,306,87,454,18,existing,3194.5710120396907,306,93,454,210,existing,2357.1696967614193
307,307,84,455,30,existing,719.3569290234977,307,84,455,388,existing,688.5118380351419,307,84,455,189,allocated,326.52751358084333,307,87,455,18,existing,982.4504894719611,307,88,455,307,existing,1255.4910038651544,307,93,455,210,existing,1437.3040478527266,307,89,455,395,existing,1732.4972759617729,307,90,455,500,existing,2025.3893616828323,307,33,455,265,allocated,1745.7460838783309,307,91,455,31,existing,2162.291780009379,307,0,455,5,allocated,2354.015995954263,307,48,455,374,allocated,2596.3025010770525,307,92,455,447,existing,2960.1953671389247
308,308,32,456,236,allocated,498.70099930604977,308,32,456,331,existing,496.81246608990176,308,32,456,236,allocated,498.70099930604977,308,92,456,447,existing,713.9728042301172,308,0,456,5,allocated,1199.987899703213,308,48,456,374,allocated,1285.7057808521458,308,90,456,500,existing,1523.2134355338685,308,91,456,31,existing,1617.4315735448113,308,89,456,395,existing,2345.3194392746473,308,93,456,210,existing,2448.664192915679,308,33,456,265,allocated,2138.41601209459,308,88,456,307,existing,2572.9369881102684,308,87,456,18,existing,3286.0655081939503
309,309,32,457,236,allocated,551.7293214527059,309,32,457,331,existing,549.840788236558,309,32,457,236,allocated,551.7293214527059,309,92,457,447,existing,767.0011263767734,309,0,457,5,allocated,1253.0162218498692,309,90,457,500,existing,1576.2417576805246,309,48,457,374,allocated,1338.734102998802,309,91,457,31,existing,1670.4598956914674,309,33,457,265,allocated,2191.444334241246,309,93,457,210,existing,2501.692515062335,309,89,457,395,existing,2398.3477614213034,309,88,457,307,existing,2625.9653102569246,309,87,457,18,existing,3339.0938303406065
310,310,77,460,18,existing,695.8839921448457,310,77,460,44,existing,202.67827504970987,310,77,460,460,allocated,0.0,310,93,460,210,existing,468.87968352106634,310,87,460,18,existing,695.8839921448457,310,89,460,395,existing,1003.7823962221312,310,33,460,265,allocated,1017.0312041386892,310,90,460,500,existing,1947.9627442489514,310,91,460,31,existing,2084.8651625754983,310,88,460,307,existing,1128.8506808367315,310,48,460,374,allocated,1466.2444373475241,310,92,460,447,existing,2876.304298554419,310,0,460,5,allocated,2276.5893785203825
311,311,66,462,467,allocated,369.2157589715004,311,66,462,98,existing,281.28349525457054,311,66,462,462,allocated,0.0,311,33,462,265,allocated,307.34861179621186,311,90,462,500,existing,650.042581812517,311,89,462,395,existing,671.5694340804912,311,88,462,307,existing,722.4290309810439,311,93,462,210,existing,855.5001324138348,311,0,462,5,allocated,976.4304144089865,311,91,462,31,existing,784.7061984641023,311,48,462,374,allocated,1116.8682299808559,311,87,462,18,existing,1762.8190278118423,311,92,462,447,existing,1575.3614211904376
312,312,76,463,88,existing,390.58772176985894,312,76,463,98,existing,147.4550492372444,312,76,463,463,allocated,0.0,312,33,463,265,allocated,441.177057813538,312,90,463,500,existing,516.2141357951909,312,91,463,31,existing,650.8777524467762,312,88,463,307,existing,588.6005849637178,312,48,463,374,allocated,1250.696675998182,312,89,463,395,existing,805.3978800978173,312,93,463,210,existing,972.3560910108656,312,0,463,5,allocated,842.6019683916604,312,87,463,18,existing,1879.6749864088729,312,92,463,447,existing,1441.5329751731115
313,313,58,465,434,allocated,445.2178912607373,313,58,465,467,existing,456.52890829576876,313,58,465,434,allocated,445.2178912607373,313,33,465,265,allocated,718.1316003095116,313,89,465,395,existing,768.4900957089144,313,93,465,210,existing,1192.721008345226,313,48,465,374,allocated,790.7367858700126,313,91,465,31,existing,1555.2707575208024,313,0,465,5,allocated,1703.4562494154864,313,90,465,500,existing,1420.607140869217,313,88,465,307,existing,1266.1526326834469,313,87,465,18,existing,2100.0399037432335,313,92,465,447,existing,2145.5695188173004
314,314,66,467,467,allocated,0.0,314,66,467,467,existing,0.0,314,66,467,467,allocated,0.0,314,33,467,265,allocated,272.0778770011658,314,89,467,395,existing,529.3957965884614,314,48,467,374,allocated,747.6524710093555,314,93,467,210,existing,820.2293976187887,314,0,467,5,allocated,1324.2167224973252,314,91,467,31,existing,1152.7819832745029,314,88,467,307,existing,893.6610219570097,314,90,467,500,existing,1018.1183666229175,314,87,467,18,existing,1727.5482930167964,314,92,467,447,existing,1921.1402415910184
315,315,58,469,434,allocated,158.00517722440276,315,58,469,532,existing,124.97918918056968,315,58,469,434,allocated,158.00517722440276,315,48,469,374,allocated,277.37376566415867,315,33,469,265,allocated,992.9385551140163,315,93,469,210,existing,1308.4776301475486,315,89,469,395,existing,1032.821865525996,315,91,469,31,existing,1721.6997462274117,315,90,469,500,existing,1594.6041430537825,315,88,469,307,existing,1530.4844025005286,315,0,469,5,allocated,1416.2435353791518,315,92,469,447,existing,1858.3568047809663,315,87,469,18,existing,2145.87894542582
316,316,83,470,415,existing,473.175793834325,316,83,470,331,existing,509.81535922707934,316,83,470,447,existing,389.8791732544929,316,92,470,447,existing,389.8791732544929,316,0,470,5,allocated,915.394421408381,316,90,470,500,existing,1238.6199572390365,316,91,470,31,existing,1332.8380952499792,316,89,470,395,existing,2481.7038663786166,316,33,470,265,allocated,2117.483044094337,316,88,470,307,existing,2288.3435098154364,316,48,470,374,allocated,1431.0831352620737,316,87,470,18,existing,3431.442862603878,316,93,470,210,existing,2594.0415473256066
317,317,83,474,415,existing,411.04108330643885,317,83,474,416,allocated,507.66575576928625,317,83,474,447,existing,301.0589978792959,317,92,474,447,existing,301.0589978792959,317,0,474,5,allocated,853.2597108804948,317,91,474,31,existing,1270.703384722093,317,90,474,500,existing,1176.4852467111502,317,88,474,307,existing,2226.2087992875504,317,33,474,265,allocated,2055.3483335664505,317,48,474,374,allocated,1620.4872334832594,317,89,474,395,existing,2419.56915585073,317,87,474,18,existing,3510.818749582081,317,93,474,210,existing,2603.4998541840737
318,318,83,476,415,existing,171.88609215697818,318,83,476,416,allocated,268.5107646198255,318,83,476,416,allocated,268.5107646198255,318,92,476,447,existing,308.388111200648,318,0,476,5,allocated,614.1047197310342,318,91,476,31,existing,1031.5483935726324,318,90,476,500,existing,937.3302555616898,318,89,476,395,existing,2180.41416470127,318,48,476,374,allocated,1462.4930724297928,318,88,476,307,existing,1987.0538081380896,318,33,476,265,allocated,1816.1933424169902,318,87,476,18,existing,3271.663758432621,318,93,476,210,existing,2364.3448630346134
319,319,83,477,415,existing,160.0020950864334,319,83,477,416,allocated,256.62676754928077,319,83,477,416,allocated,256.62676754928077,319,92,477,447,existing,296.50411413010323,319,0,477,5,allocated,602.2207226604894,319,90,477,500,existing,925.4462584911452,319,91,477,31,existing,1019.6643965020878,319,88,477,307,existing,1975.169811067545,319,48,477,374,allocated,1474.3770695003377,319,33,477,265,allocated,1804.3093453464455,319,89,477,395,existing,2168.530167630725,319,93,477,210,existing,2352.4608659640685,319,87,477,18,existing,3259.779761362076
320,320,83,478,415,existing,147.9907694656436,320,83,478,416,allocated,244.61544192849098,320,83,478,416,allocated,244.61544192849098,320,92,478,447,existing,284.49278850931347,320,0,478,5,allocated,590.2093970396995,320,91,478,31,existing,1007.6530708812979,320,90,478,500,existing,913.4349328703553,320,88,478,307,existing,1963.158485446755,320,89,478,395,existing,2156.518842009935,320,48,478,374,allocated,1486.3883951211276,320,33,478,265,allocated,1792.2980197256556,320,87,478,18,existing,3247.7684357412863,320,93,478,210,existing,2340.4495403432784
321,321,83,479,415,existing,136.09236782323256,321,83,479,416,allocated,232.71704028607994,321,83,479,416,allocated,232.71704028607994,321,92,479,447,existing,272.59438686690237,321,0,479,5,allocated,578.3109953972885,321,90,479,500,existing,901.5365312279442,321,91,479,31,existing,995.7546692388869,321,88,479,307,existing,1951.260083804344,321,89,479,395,existing,2144.6204403675238,321,33,479,265,allocated,1780.3996180832446,321,48,479,374,allocated,1498.2867967635386,321,93,479,210,existing,2328.5511387008673,321,87,479,18,existing,3235.8700340988753
322,322,83,480,415,existing,125.13577613555347,322,83,480,416,allocated,221.76044859840084,322,83,480,416,allocated,221.76044859840084,322,92,480,447,existing,261.6377951792233,322,0,480,5,allocated,567.3544037096094,322,91,480,31,existing,984.7980775512078,322,90,480,500,existing,890.5799395402652,322,88,480,307,existing,1940.303492116665,322,33,480,265,allocated,1769.4430263955655,322,48,480,374,allocated,1505.3053244431871,322,89,480,395,existing,2133.6638486798447,322,87,480,18,existing,3224.9134424111962,322,93,480,210,existing,2317.5945470131883
323,323,32,481,236,allocated,624.1887148323069,323,32,481,331,existing,622.300181616159,323,32,481,236,allocated,624.1887148323069,323,92,481,447,existing,839.4605197563744,323,0,481,5,allocated,1325.4756152294703,323,90,481,500,existing,1648.7011510601258,323,48,481,374,allocated,1411.193496378403,323,93,481,210,existing,2574.151908441936,323,33,481,265,allocated,2263.9037276208473,323,91,481,31,existing,1742.9192890710685,323,89,481,395,existing,2470.8071548009043,323,87,481,18,existing,3411.5532237202074,323,88,481,307,existing,2698.424703636526
324,324,32,483,236,allocated,365.0195253690291,324,32,483,331,existing,441.87442465757977,324,32,483,236,allocated,365.0195253690291,324,0,483,5,allocated,839.4045206442178,324,92,483,447,existing,858.3528996366475,324,91,483,31,existing,1256.848194485816,324,90,483,500,existing,1162.6300564748733,324,88,483,307,existing,2212.3536090512735,324,89,483,395,existing,2405.713965614453,324,33,483,265,allocated,2041.4931433301738,324,48,483,374,allocated,1366.814277048923,324,93,483,210,existing,2529.772689112456,324,87,483,18,existing,3367.174004390727
325,325,84,484,30,existing,557.507336466193,325,84,484,528,allocated,289.2312801653294,325,84,484,528,allocated,289.2312801653294,325,93,484,210,existing,755.4773985966258,325,87,484,18,existing,880.859928532071,325,89,484,395,existing,1251.089257949887,325,88,484,307,existing,1093.6414113078495,325,48,484,374,allocated,1899.6983071753652,325,33,484,265,allocated,1264.338065866445,325,91,484,31,existing,2000.4421874520744,325,90,484,500,existing,1863.5397691255275,325,0,484,5,allocated,2192.1664033969587,325,92,484,447,existing,2798.3457745816195
326,326,82,499,238,existing,401.6815294477698,326,82,499,416,allocated,329.5398490708437,326,82,499,5,allocated,44.206846595715724,326,0,499,5,allocated,44.206846595715724,326,90,499,500,existing,339.2796418710206,326,92,499,447,existing,641.1303656894089,326,91,499,31,existing,433.4977798819633,326,89,499,395,existing,1582.3635510106005,326,48,499,374,allocated,1263.5690141787477,326,88,499,307,existing,1389.0031944474204,326,33,499,265,allocated,1218.142728726321,326,93,499,210,existing,1766.294249343944,326,87,499,18,existing,2673.6131447419516
327,327,84,504,30,existing,517.018844414539,327,84,504,388,existing,486.17375342618305,327,84,504,189,allocated,124.18942897188464,327,87,504,18,existing,862.6666248580277,327,88,504,307,existing,1053.1529192561957,327,89,504,395,existing,1530.159191352814,327,93,504,210,existing,1234.9659632437679,327,0,504,5,allocated,2151.6779113453044,327,33,504,265,allocated,1543.4079992693719,327,90,504,500,existing,1823.0512770738735,327,91,504,31,existing,1959.9536954004204,327,48,504,374,allocated,2393.964416468094,327,92,504,447,existing,2757.8572825299657
328,328,80,507,390,existing,421.95735604105926,328,80,507,467,existing,505.4790824558262,328,80,507,218,allocated,148.8314279172327,328,48,507,374,allocated,497.4225473779263,328,89,507,395,existing,631.4451608008218,328,93,507,210,existing,665.5358646856066,328,33,507,265,allocated,777.556959456992,328,88,507,307,existing,1239.7794978401075,328,91,507,31,existing,1648.807101493588,328,87,507,18,existing,1502.9371799638782,328,90,507,500,existing,1514.1434848420026,328,0,507,5,allocated,1805.19840815239,328,92,507,447,existing,2227.5938225246564
329,329,81,508,559,existing,210.9819432136472,329,81,508,242,existing,163.09141425104897,329,81,508,411,existing,16.43873258134309,329,90,508,500,existing,47.76832341157579,329,91,508,31,existing,141.98646142251852,329,0,508,5,allocated,333.71067736740264,329,92,508,447,existing,932.6416841488538,329,89,508,395,existing,1313.1491969609751,329,88,508,307,existing,1097.4918759879756,329,33,508,265,allocated,948.9283746766957,329,48,508,374,allocated,1471.2456102002047,329,93,508,210,existing,1481.247382035123,329,87,508,18,existing,2388.566277433131
330,330,78,510,18,existing,890.9447032049663,330,78,510,44,existing,397.7389861098304,330,78,510,510,allocated,0.0,330,93,510,210,existing,666.1789422044536,330,87,510,18,existing,890.9447032049663,330,48,510,374,allocated,1109.4150241368382,330,89,510,395,existing,1201.0816549055185,330,91,510,31,existing,2237.521674900726,330,33,510,265,allocated,1214.3304628220765,330,90,510,500,existing,2102.858058249141,330,88,510,307,existing,1326.1499395201188,330,92,510,447,existing,2839.586299283568,330,0,510,5,allocated,2408.9564141235487
331,331,82,519,238,existing,64.86313710069317,331,82,519,416,allocated,58.29556553610095,331,82,519,416,allocated,58.29556553610095,331,0,519,5,allocated,293.0787921797034,331,92,519,447,existing,369.88608215466627,331,91,519,31,existing,711.1964827677646,331,90,519,500,existing,621.7054264511344,331,88,519,307,existing,1717.0329811318716,331,48,519,374,allocated,1549.4022632892095,331,33,519,265,allocated,1554.9611210733976,331,89,519,395,existing,1919.181943357677,331,93,519,210,existing,2100.7884871790193,331,87,519,18,existing,3008.107382577027
332,332,75,523,18,existing,732.5065890974938,332,75,523,44,existing,239.30087200235792,332,75,523,460,allocated,36.62259695264806,332,93,523,210,existing,432.25708656841823,332,87,523,18,existing,732.5065890974938,332,33,523,265,allocated,980.4086071860412,332,89,523,395,existing,967.1597992694832,332,88,523,307,existing,1092.2280838840834,332,48,523,374,allocated,1502.867034300172,332,91,523,31,existing,2048.24256562285,332,90,523,500,existing,1911.3401472963033,332,0,523,5,allocated,2239.9667815677344,332,92,523,447,existing,2839.6817016017712
333,333,85,524,521,existing,479.0159464613976,333,85,524,44,existing,524.01531933187,333,85,524,210,existing,147.5426392389061,333,93,524,210,existing,147.5426392389061,333,89,524,395,existing,682.445351939971,333,88,524,307,existing,807.5136365545713,333,33,524,265,allocated,695.694159856529,333,87,524,18,existing,1017.2210364270061,333,90,524,500,existing,1626.6256999667912,333,91,524,31,existing,1763.5281182933381,333,48,524,374,allocated,1291.7635478176455,333,92,524,447,existing,2554.967254272259,333,0,524,5,allocated,1955.2523342382224
334,334,81,525,559,existing,582.1133430080665,334,81,525,242,existing,534.2228140454683,334,81,525,411,existing,354.6926672130762,334,90,525,500,existing,386.02225804330897,334,0,525,5,allocated,440.2330000607789,334,91,525,31,existing,513.1178612169379,334,92,525,447,existing,1037.156519154472,334,33,525,265,allocated,1164.3322452313057,334,48,525,374,allocated,1209.7585306837323,334,89,525,395,existing,1528.553067515585,334,88,525,307,existing,1435.7458106197087,334,93,525,210,existing,1712.4837658489287,334,87,525,18,existing,2619.802661246936
335,335,81,526,559,existing,319.5525855409212,335,81,526,242,existing,271.6620565783229,335,81,526,411,existing,92.13190974593087,335,90,526,500,existing,123.46150057616357,335,91,526,31,existing,250.55710374979247,335,0,526,5,allocated,383.8352888100257,335,92,526,447,existing,980.7588079037189,335,48,526,374,allocated,1362.6749678729307,335,89,526,395,existing,1388.8423741255629,335,33,526,265,allocated,1024.6215518412835,335,88,526,307,existing,1173.1850531525633,335,93,526,210,existing,1556.9405591997108,335,87,526,18,existing,2464.2594545977186
336,336,81,527,559,existing,378.1239085063188,336,81,527,242,existing,330.2333795437205,336,81,527,411,existing,150.7032327113285,336,90,527,500,existing,182.03282354156119,336,91,527,31,existing,309.1284267151901,336,92,527,447,existing,922.1874849383213,336,0,527,5,allocated,325.2639658446281,336,89,527,395,existing,1447.4136970909606,336,48,527,374,allocated,1421.2462908383284,336,33,527,265,allocated,1083.1928748066812,336,88,527,307,existing,1231.756376117961,336,93,527,210,existing,1615.5118821651085,336,87,527,18,existing,2522.830777563116
337,337,84,528,30,existing,356.63313677764165,337,84,528,528,allocated,0.0,337,84,528,528,allocated,0.0,337,93,528,210,existing,834.3029494765913,337,88,528,307,existing,892.7672116192982,337,89,528,395,existing,1329.4356603698516,337,87,528,18,existing,985.1610164631578,337,91,528,31,existing,1799.567987763523,337,90,528,500,existing,1662.665569436976,337,48,528,374,allocated,1983.4187140634426,337,33,528,265,allocated,1342.6844682864096,337,92,528,447,existing,2597.4715748930685,337,0,528,5,allocated,1991.2922037084072
338,338,66,529,467,allocated,423.1467943752529,338,66,529,467,existing,423.1467943752529,338,66,529,265,allocated,406.7960382861038,338,33,529,265,allocated,406.7960382861038,338,89,529,395,existing,725.5004694842437,338,93,529,210,existing,954.9475589037268,338,88,529,307,existing,1028.3791832419477,338,90,529,500,existing,1109.271578845809,338,91,529,31,existing,1243.9351954973945,338,0,529,5,allocated,1415.369934720217,338,48,529,374,allocated,1132.4354420726065,338,92,529,447,existing,2012.2934538139102,338,87,529,18,existing,1862.266454301734
339,339,66,530,467,allocated,467.366532943037,339,66,530,467,existing,467.366532943037,339,66,530,265,allocated,405.49938576774844,339,33,530,265,allocated,405.49938576774844,339,89,530,395,existing,769.7202080520277,339,0,530,5,allocated,856.8501895542884,339,93,530,210,existing,953.6509063853714,339,48,530,374,allocated,1205.5650397156514,339,91,530,31,existing,1162.3064004025482,339,90,530,500,existing,1035.210797228919,339,88,530,307,existing,1027.0825307235923,339,87,530,18,existing,1860.969801783379,339,92,530,447,existing,1453.7737086479815
340,340,58,531,434,allocated,461.54511155287275,340,58,531,532,existing,654.669429678559,340,58,531,434,allocated,461.54511155287275,340,48,531,374,allocated,767.0707458530741,340,33,531,265,allocated,994.0417904305284,340,89,531,395,existing,1312.7462216286683,340,0,531,5,allocated,1440.1867499436541,340,91,531,31,existing,1745.642960791914,340,88,531,307,existing,1615.6249353863723,340,90,531,500,existing,1618.5473576182849,340,93,531,210,existing,1542.1933110481514,340,87,531,18,existing,2449.512206446159,340,92,531,447,existing,1882.3000193454686
341,341,32,533,236,allocated,385.6773201252282,341,32,533,360,existing,383.0287937409196,341,32,533,236,allocated,385.6773201252282,341,0,533,5,allocated,832.4587496960476,341,92,533,447,existing,851.4071286884773,341,48,533,374,allocated,1024.2778040207902,341,90,533,500,existing,1155.684285526703,341,89,533,395,existing,2083.8914624432914,341,93,533,210,existing,2187.2362160843236,341,91,533,31,existing,1249.9024235376457,341,33,533,265,allocated,1766.4261623895452,341,87,533,18,existing,3024.6375313625945,341,88,533,307,existing,2205.407838103103
342,342,32,534,236,allocated,472.79699086589926,342,32,534,360,existing,295.90912300024854,342,32,534,236,allocated,472.79699086589926,342,0,534,5,allocated,897.6077243589928,342,92,534,447,existing,916.5561033514225,342,48,534,374,allocated,937.1581332801193,342,90,534,500,existing,1220.8332601896482,342,89,534,395,existing,1996.7717917026202,342,33,534,265,allocated,1679.3064916488743,342,93,534,210,existing,2100.1165453436524,342,91,534,31,existing,1315.051398200591,342,88,534,307,existing,2270.556812766048,342,87,534,18,existing,2937.5178606219233
343,343,58,536,434,allocated,449.67015299191223,343,58,536,532,existing,642.7944711175985,343,58,536,434,allocated,449.67015299191223,343,33,536,265,allocated,780.1251603097721,343,48,536,374,allocated,795.1890476011876,343,89,536,395,existing,1098.829591507912,343,93,536,210,existing,1328.276680927395,343,88,536,307,existing,1401.708305265616,343,91,536,31,existing,1617.2643175210628,343,0,536,5,allocated,1707.908511146661,343,90,536,500,existing,1482.6007008694774,343,92,536,447,existing,2150.021780548476,343,87,536,18,existing,2235.5955763254024
344,344,66,537,467,allocated,336.2887928109753,344,66,537,467,existing,336.2887928109753,344,66,537,265,allocated,319.93803672182617,344,33,537,265,allocated,319.93803672182617,344,89,537,395,existing,638.6424679199661,344,88,537,307,existing,941.52118167767,344,93,537,210,existing,868.0895573394491,344,91,537,31,existing,1157.0771939331169,344,90,537,500,existing,1022.4135772815315,344,48,537,374,allocated,1074.4671529104926,344,0,537,5,allocated,1328.5119331559395,344,87,537,18,existing,1775.4084527374566,344,92,537,447,existing,1925.4354522496326
345,345,80,538,390,existing,192.95537757634477,345,80,538,467,existing,647.5914175163438,345,80,538,347,allocated,99.01332629276308,345,89,538,395,existing,419.6924498149116,345,33,538,265,allocated,824.6483460986038,345,48,538,374,allocated,924.451178428167,345,93,538,210,existing,954.5951625159764,345,87,538,18,existing,1861.914057913984,345,91,538,31,existing,1790.9194365541057,345,88,538,307,existing,1028.0267868541973,345,90,538,500,existing,1656.2558199025202,345,92,538,447,existing,2559.2776948706214,345,0,538,5,allocated,1962.354175776928
346,346,32,539,236,allocated,590.4608224458372,346,32,539,331,existing,588.5722892296892,346,32,539,236,allocated,590.4608224458372,346,92,539,447,existing,805.7326273699047,346,0,539,5,allocated,1291.7477228430005,346,90,539,500,existing,1614.9732586736561,346,48,539,374,allocated,1445.8116324360378,346,93,539,210,existing,2608.7700444995708,346,89,539,395,existing,2505.425290858539,346,33,539,265,allocated,2271.7062786629863,346,91,539,31,existing,1709.1913966845989,346,87,539,18,existing,3446.171359777842,346,88,539,307,existing,2664.6968112500563
347,347,58,540,434,allocated,373.88852245434515,347,58,540,532,existing,567.0128405800314,347,58,540,434,allocated,373.88852245434515,347,48,540,374,allocated,719.4074170636204,347,33,540,265,allocated,855.9067908473393,347,93,540,210,existing,1404.0583114649621,347,89,540,395,existing,1174.6112220454793,347,91,540,31,existing,1693.04594805863,347,88,540,307,existing,1477.489935803183,347,90,540,500,existing,1558.3823314070446,347,0,540,5,allocated,1632.126880609094,347,92,540,447,existing,2074.2401500109086,347,87,540,18,existing,2311.3772068629696
348,348,58,541,434,allocated,451.4097361523858,348,58,541,532,existing,644.5340542780721,348,58,541,434,allocated,451.4097361523858,348,33,541,265,allocated,742.3028495970493,348,48,541,374,allocated,796.928630761661,348,89,541,395,existing,1061.0072807951892,348,93,541,210,existing,1290.4543702146723,348,91,541,31,existing,1579.44200680834,348,88,541,307,existing,1363.8859945528932,348,0,541,5,allocated,1709.648094307135,348,90,541,500,existing,1444.7783901567545,348,92,541,447,existing,2151.7613637089494,348,87,541,18,existing,2197.7732656126796
349,349,58,542,434,allocated,490.6061856084019,349,58,542,532,existing,683.7305037340882,349,58,542,434,allocated,490.6061856084019,349,33,542,265,allocated,703.1064001410332,349,48,542,374,allocated,836.1250802176771,349,93,542,210,existing,1251.2579207586562,349,89,542,395,existing,1021.8108313391731,349,90,542,500,existing,1405.5819407007384,349,88,542,307,existing,1324.689545096877,349,91,542,31,existing,1540.2455573523239,349,0,542,5,allocated,1711.6802965751465,349,92,542,447,existing,2190.9578131649655,349,87,542,18,existing,2158.5768161566634
350,350,85,543,521,existing,445.2694561243627,350,85,543,357,allocated,269.9919766381606,350,85,543,543,allocated,0.0,350,93,543,210,existing,180.29217473022862,350,89,543,395,existing,675.9040340834899,350,33,543,265,allocated,689.1528420000478,350,87,543,18,existing,766.3175740155826,350,91,543,31,existing,1756.9868004368568,350,88,543,307,existing,773.7671462175364,350,90,543,500,existing,1620.08438211031,350,48,543,374,allocated,1324.5130833089681,350,92,543,447,existing,2548.425936415778,350,0,543,5,allocated,1948.711016381741
351,351,84,545,30,existing,683.8460517962436,351,84,545,388,existing,653.0009608078876,351,84,545,189,allocated,291.0166363535893,351,87,545,18,existing,1029.4938322397325,351,88,545,307,existing,1219.9801266379004,351,93,545,210,existing,1401.7931706254726,351,89,545,395,existing,1696.9863987345188,351,91,545,31,existing,2126.780902782125,351,90,545,500,existing,1989.8784844555782,351,33,545,265,allocated,1710.2352066510766,351,0,545,5,allocated,2318.505118727009,351,92,545,447,existing,2924.6844899116704,351,48,545,374,allocated,2560.7916238497983
352,352,82,546,238,existing,362.64825237606146,352,82,546,416,allocated,290.5065719991353,352,82,546,416,allocated,290.5065719991353,352,0,546,5,allocated,583.1487096252708,352,92,546,447,existing,602.0970886177006,352,91,546,31,existing,1000.5923834668693,352,90,546,500,existing,906.3742454559266,352,89,546,395,existing,2149.458154595506,352,88,546,307,existing,1956.0977980323264,352,33,546,265,allocated,1785.237332311227,352,48,546,374,allocated,1586.4547746506028,352,87,546,18,existing,3240.7077483268577,352,93,546,210,existing,2333.3888529288497
353,353,75,547,18,existing,298.2392146773611,353,75,547,388,existing,78.25365675448353,353,75,547,547,allocated,0.0,353,87,547,18,existing,298.2392146773611,353,93,547,210,existing,1244.8489634231723,353,89,547,395,existing,1740.4608227764336,353,88,547,307,existing,1607.9908547584168,353,33,547,265,allocated,1753.7096306929916,353,90,547,500,existing,2377.889212576095,353,91,547,31,existing,2514.791630902642,353,48,547,374,allocated,2298.5989420191654,353,92,547,447,existing,3312.695218032187,353,0,547,5,allocated,2706.515846847526
354,354,84,548,30,existing,792.6868951710757,354,84,548,357,allocated,192.28260087639205,354,84,548,549,allocated,66.96413100687954,354,93,548,210,existing,549.4451346796616,354,87,548,18,existing,815.0743855144199,354,89,548,395,existing,1045.0569940329228,354,33,548,265,allocated,1058.3058019494808,354,91,548,31,existing,2126.1397603862897,354,88,548,307,existing,1142.9201061669694,354,48,548,374,allocated,1693.6660432584013,354,90,548,500,existing,1989.2373420597428,354,92,548,447,existing,2917.5788963652108,354,0,548,5,allocated,2317.863976331174
355,355,84,549,30,existing,859.6510261779551,355,84,549,357,allocated,259.2467318832716,355,84,549,549,allocated,0.0,355,93,549,210,existing,616.4092656865412,355,87,549,18,existing,882.0385165212994,355,89,549,395,existing,1112.0211250398024,355,33,549,265,allocated,1125.2699329563604,355,90,549,500,existing,2056.2014730666224,355,48,549,374,allocated,1760.6301742652809,355,91,549,31,existing,2193.1038913931693,355,88,549,307,existing,1209.884237173849,355,0,549,5,allocated,2384.8281073380535,355,92,549,447,existing,2984.5430273720904
356,356,78,550,18,existing,571.1114048030881,356,78,550,388,existing,194.61853337124347,356,78,550,389,allocated,96.50202207345313,356,87,550,18,existing,571.1114048030881,356,93,550,210,existing,1343.10507902903,356,89,550,395,existing,1821.7144114077537,356,88,550,307,existing,1344.7081393111353,356,91,550,31,existing,2251.50891545536,356,0,550,5,allocated,2443.233131400244,356,33,550,265,allocated,1834.9632193243115,356,90,550,500,existing,2114.6064971288133,356,48,550,374,allocated,2492.2208436158817,356,92,550,447,existing,3049.4125025849053
357,357,83,552,415,existing,552.567693078244,357,83,552,331,existing,630.2168440848561,357,83,552,447,existing,442.58560765110104,357,92,552,447,existing,442.58560765110104,357,0,552,5,allocated,994.7863206523,357,91,552,31,existing,1412.2299944938982,357,90,552,500,existing,1318.0118564829554,357,89,552,395,existing,2561.0957656225355,357,88,552,307,existing,2367.7354090593553,357,33,552,265,allocated,2196.8749433382563,357,48,552,374,allocated,1551.4846201198504,357,93,552,210,existing,2714.4430321833834,357,87,552,18,existing,3551.8443474616547
358,358,58,553,434,allocated,411.11499969405054,358,58,553,467,existing,490.6317998624555,358,58,553,434,allocated,411.11499969405054,358,33,553,265,allocated,752.2344918761983,358,48,553,374,allocated,756.6338943033259,358,93,553,210,existing,1226.8238999119128,358,89,553,395,existing,802.5929872756011,358,90,553,500,existing,1454.7100324359037,358,91,553,31,existing,1589.3736490874892,358,88,553,307,existing,1300.2555242501337,358,0,553,5,allocated,1669.3533578487995,358,87,553,18,existing,2134.1427953099205,358,92,553,447,existing,2111.466627250614
359,359,82,554,238,existing,665.5928545172433,359,82,554,360,existing,586.5124803321495,359,82,554,5,allocated,308.1181716651892,359,0,554,5,allocated,308.1181716651892,359,90,554,500,existing,486.4787793398201,359,91,554,31,existing,613.574382513449,359,92,554,447,existing,905.0416907588824,359,48,554,374,allocated,999.6576891092742,359,33,554,265,allocated,954.2314036568475,359,93,554,210,existing,1502.3829242744705,359,89,554,395,existing,1318.452225941127,359,88,554,307,existing,1536.20233191622,359,87,554,18,existing,2409.701819672478
360,360,58,555,434,allocated,389.12768631828555,360,58,555,360,existing,377.21965940261157,360,58,555,374,allocated,370.6305058066241,360,48,555,374,allocated,370.6305058066241,360,0,555,5,allocated,1043.7465098972043,360,91,555,31,existing,1349.202720745464,360,90,555,500,existing,1222.1071175718353,360,92,555,447,existing,1485.8597792990188,360,89,555,395,existing,1430.2441642291253,360,93,555,210,existing,1533.588917870157,360,33,555,265,allocated,1390.3608538171457,360,87,555,18,existing,2370.990233148428,360,88,555,307,existing,1927.906701203658
361,361,75,556,18,existing,485.6156232005658,361,75,556,357,allocated,137.17616143746199,361,75,556,297,allocated,115.02663217637624,361,87,556,18,existing,485.6156232005658,361,93,556,210,existing,587.4603128058512,361,89,556,395,existing,1083.0721721591126,361,33,556,265,allocated,1096.3209800756704,361,48,556,374,allocated,1731.6812213845908,361,90,556,500,existing,2027.2525201859326,361,88,556,307,existing,1180.935284293159,361,91,556,31,existing,2164.1549385124795,361,0,556,5,allocated,2355.8791544573637,361,92,556,447,existing,2955.5940744914005
362,362,84,558,30,existing,390.7586413253557,362,84,558,528,allocated,34.12550454771407,362,84,558,558,allocated,0.0,362,93,558,210,existing,868.4284540243053,362,88,558,307,existing,926.8927161670123,362,89,558,395,existing,1363.5611649175657,362,87,558,18,existing,1019.2865210108719,362,90,558,500,existing,1696.7910739846902,362,91,558,31,existing,1833.6934923112372,362,33,558,265,allocated,1376.8099728341238,362,48,558,374,allocated,2017.5442186111568,362,0,558,5,allocated,2025.4177082561214,362,92,558,447,existing,2631.5970794407826
363,363,81,559,559,existing,0.0,363,81,559,242,existing,90.10043461965915,363,81,559,559,allocated,0.0,363,91,559,31,existing,68.9954817911287,363,90,559,500,existing,205.89790011767562,363,92,559,447,existing,1143.6236273625009,363,0,559,5,allocated,487.1131723791899,363,88,559,307,existing,1301.2254547984128,363,48,559,374,allocated,1682.227553413852,363,33,559,265,allocated,1159.9103178903429,363,89,559,395,existing,1524.1311401746223,363,87,559,18,existing,2592.2998562435682,363,93,559,210,existing,1684.9809608455605
364,364,58,560,434,allocated,376.4800336328122,364,58,560,532,existing,569.6043517584984,364,58,560,434,allocated,376.4800336328122,364,48,560,374,allocated,682.0056679330136,364,33,560,265,allocated,1223.7689060127584,364,0,560,5,allocated,1355.1216720235936,364,89,560,395,existing,1465.9340337791266,364,90,560,500,existing,1533.4822796982244,364,93,560,210,existing,1753.1027927254775,364,91,560,31,existing,1660.5778828718535,364,92,560,447,existing,1797.2349414254081,364,88,560,307,existing,1845.3520509686023,364,87,560,18,existing,2590.5041080037486
