,assign_from_var_id_grocery,assign_to_var_id_grocery,assign_from_node_id_grocery,assign_to_node_id_grocery,assign_type_grocery,dist_grocery,assign_from_var_id_school,assign_to_var_id_school,assign_from_node_id_school,assign_to_node_id_school,assign_type_school,dist_school,assign_from_var_id_healthcare,assign_to_var_id_healthcare,assign_from_node_id_healthcare,assign_to_node_id_healthcare,assign_type_healthcare,dist_healthcare,0_assign_from_var_id_restaurant,0_assign_to_var_id_restaurant,0_assign_from_node_id_restaurant,0_assign_to_node_id_restaurant,0_assign_type_restaurant,0_dist_restaurant,1_assign_from_var_id_restaurant,1_assign_to_var_id_restaurant,1_assign_from_node_id_restaurant,1_assign_to_node_id_restaurant,1_assign_type_restaurant,1_dist_restaurant,2_assign_from_var_id_restaurant,2_assign_to_var_id_restaurant,2_assign_from_node_id_restaurant,2_assign_to_node_id_restaurant,2_assign_type_restaurant,2_dist_restaurant,3_assign_from_var_id_restaurant,3_assign_to_var_id_restaurant,3_assign_from_node_id_restaurant,3_assign_to_node_id_restaurant,3_assign_type_restaurant,3_dist_restaurant,4_assign_from_var_id_restaurant,4_assign_to_var_id_restaurant,4_assign_from_node_id_restaurant,4_assign_to_node_id_restaurant,4_assign_type_restaurant,4_dist_restaurant,5_assign_from_var_id_restaurant,5_assign_to_var_id_restaurant,5_assign_from_node_id_restaurant,5_assign_to_node_id_restaurant,5_assign_type_restaurant,5_dist_restaurant,6_assign_from_var_id_restaurant,6_assign_to_var_id_restaurant,6_assign_from_node_id_restaurant,6_assign_to_node_id_restaurant,6_assign_type_restaurant,6_dist_restaurant,7_assign_from_var_id_restaurant,7_assign_to_var_id_restaurant,7_assign_from_node_id_restaurant,7_assign_to_node_id_restaurant,7_assign_type_restaurant,7_dist_restaurant,8_assign_from_var_id_restaurant,8_assign_to_var_id_restaurant,8_assign_from_node_id_restaurant,8_assign_to_node_id_restaurant,8_assign_type_restaurant,8_dist_restaurant,9_assign_from_var_id_restaurant,9_assign_to_var_id_restaurant,9_assign_from_node_id_restaurant,9_assign_to_node_id_restaurant,9_assign_type_restaurant,9_dist_restaurant
0,0,90,0,523,existing,711.4745026350907,0,90,0,137,existing,349.4852408204658,0,90,0,220,allocated,750.4057410550307,0,97,0,216,existing,838.5962635138055,0,112,0,218,existing,939.8443932287323,0,111,0,405,existing,1695.984984875145,0,113,0,634,existing,1534.3977676557072,0,110,0,405,existing,1695.984984875145,0,99,0,405,existing,1695.984984875145,0,107,0,335,existing,1778.9631730889778,0,108,0,335,existing,1778.9631730889778,0,102,0,544,existing,2285.748015373137,0,109,0,386,existing,2003.899312426135
1,1,93,1,389,existing,772.2271269154065,1,93,1,137,existing,427.8801234465264,1,93,1,220,allocated,756.4810443932793,1,97,1,216,existing,916.9911461398663,1,112,1,218,existing,969.3622908490145,1,110,1,405,existing,1702.0602882133935,1,113,1,634,existing,1540.4730709939556,1,107,1,335,existing,1857.3580557150383,1,108,1,335,existing,1857.3580557150383,1,111,1,405,existing,1702.0602882133935,1,99,1,405,existing,1702.0602882133935,1,102,1,544,existing,2223.26212165415,1,109,1,386,existing,1941.4134187071481
2,2,87,2,446,existing,524.2518632978049,2,87,2,676,existing,279.77448496350405,2,87,2,429,allocated,361.9497627655264,2,109,2,386,existing,622.3623501507006,2,101,2,545,existing,763.9606701246745,2,103,2,66,existing,764.3038214901162,2,102,2,544,existing,784.1828405528507,2,107,2,335,existing,930.6903211268691,2,104,2,434,existing,991.5458067835536,2,108,2,335,existing,930.6903211268691,2,105,2,434,existing,991.5458067835536,2,110,2,405,existing,1950.5447677202746,2,113,2,634,existing,1754.7152962631974
3,3,87,3,446,existing,506.24526226187504,3,87,3,676,existing,297.7810859994339,3,87,3,429,allocated,343.9431617295965,3,109,3,386,existing,605.4947865104316,3,103,3,66,existing,746.2972204541863,3,102,3,544,existing,802.1894415887806,3,101,3,545,existing,781.9672711606044,3,107,3,335,existing,913.8227574866,3,108,3,335,existing,913.8227574866,3,104,3,434,existing,973.5392057476238,3,105,3,434,existing,973.5392057476238,3,113,3,634,existing,1772.7218972991272,3,99,3,405,existing,1968.5513687562043
4,4,93,6,389,existing,1098.155157925648,4,93,6,443,existing,663.5318079069596,4,93,6,443,allocated,663.5318079069596,4,113,6,634,existing,387.2756971991421,4,110,6,405,existing,1270.5792590152935,4,99,6,405,existing,1270.5792590152935,4,111,6,405,existing,1270.5792590152935,4,102,6,544,existing,1719.5448440711907,4,97,6,216,existing,1619.724719430125,4,101,6,545,existing,1739.7670144993667,4,112,6,218,existing,1328.7163770279572,4,100,6,28,existing,1750.3595831912676,4,98,6,262,existing,2073.5087092027525
5,5,93,7,389,existing,886.8871538809225,5,93,7,443,existing,457.9951863945894,5,93,7,443,allocated,457.9951863945894,5,113,7,634,existing,176.0076931544166,5,99,7,405,existing,1064.4614884511636,5,111,7,405,existing,1064.4614884511636,5,110,7,405,existing,1064.4614884511636,5,101,7,545,existing,1534.2303929869965,5,112,7,218,existing,1117.4483729832316,5,102,7,544,existing,1514.0082225588203,5,97,7,216,existing,1408.4567153853995,5,100,7,28,existing,1544.8229616788972,5,98,7,262,existing,1867.9720876903825
6,6,88,8,335,existing,807.8242304559506,6,88,8,319,existing,563.0993344042442,6,88,8,179,allocated,451.47630816328535,6,108,8,335,existing,807.8242304559506,6,107,8,335,existing,807.8242304559506,6,103,8,66,existing,1459.9564113126157,6,109,8,386,existing,1030.6131240522827,6,97,8,216,existing,1782.6798351811246,6,105,8,434,existing,1687.198396606053,6,112,8,218,existing,1883.9279648960514,6,104,8,434,existing,1687.198396606053,6,101,8,545,existing,2039.235047419807,6,102,8,544,existing,2059.457217847983
7,7,88,9,335,existing,754.8543495669712,7,88,9,319,existing,616.0692152932236,7,88,9,179,allocated,504.44618905226474,7,108,9,335,existing,754.8543495669712,7,107,9,335,existing,754.8543495669712,7,103,9,66,existing,1471.1962836150255,7,109,9,386,existing,1041.8529963546926,7,104,9,434,existing,1698.438268908463,7,105,9,434,existing,1698.438268908463,7,97,9,216,existing,1835.6497160701044,7,112,9,218,existing,1936.8978457850312,7,102,9,544,existing,2006.4873369590036,7,101,9,545,existing,1986.2651665308272
8,8,89,12,386,existing,243.64483424699785,8,89,12,372,existing,638.6072695993307,8,89,12,446,existing,432.9361633150194,8,109,12,386,existing,243.64483424699785,8,107,12,335,existing,391.514841115183,8,108,12,335,existing,391.514841115183,8,103,12,66,existing,672.9881215073307,8,105,12,434,existing,900.230106800768,8,104,12,434,existing,900.230106800768,8,102,12,544,existing,1436.2727014837074,8,101,12,545,existing,1416.0505310555309,8,111,12,405,existing,2084.598555926831,8,113,12,634,existing,1738.945058584872
9,9,89,13,386,existing,122.15607516500157,9,89,13,372,existing,517.1185105173344,9,89,13,446,existing,311.4474042330231,9,109,13,386,existing,122.15607516500157,9,107,13,335,existing,270.0260820331867,9,108,13,335,existing,270.0260820331867,9,103,13,66,existing,551.4993624253344,9,105,13,434,existing,778.7413477187717,9,104,13,434,existing,778.7413477187717,9,101,13,545,existing,1508.4790954403766,9,102,13,544,existing,1528.7012658685528,9,113,13,634,existing,1860.4338176668684,9,111,13,405,existing,2206.0873150088273
10,10,93,14,389,existing,848.8346427242267,10,93,14,443,existing,580.2077595765718,10,93,14,193,allocated,430.8934375826914,10,113,14,634,existing,505.39801720269895,10,99,14,405,existing,1026.4089772944678,10,111,14,405,existing,1026.4089772944678,10,110,14,405,existing,1026.4089772944678,10,108,14,335,existing,1583.6289291422256,10,109,14,386,existing,1477.191875629171,10,97,14,216,existing,1370.404204228704,10,112,14,218,existing,1079.3958618265358,10,100,14,28,existing,1627.4665095981773,10,107,14,335,existing,1583.6289291422256
11,11,93,15,389,existing,956.5477808443479,11,93,15,443,existing,472.49462145645055,11,93,15,443,allocated,472.49462145645055,11,113,15,634,existing,556.0984584815263,11,99,15,405,existing,1079.5420725647843,11,110,15,405,existing,1079.5420725647843,11,111,15,405,existing,1079.5420725647843,11,102,15,544,existing,1528.5076576206816,11,101,15,545,existing,1548.7298280488576,11,97,15,216,existing,1478.117342348825,11,112,15,218,existing,1187.1089999466571,11,109,15,386,existing,1584.905013749292,11,100,15,28,existing,1559.3223967407584
12,12,85,16,544,existing,394.63860722278673,12,85,16,676,existing,606.8310765871543,12,85,16,60,allocated,198.18267312771235,12,102,16,544,existing,394.63860722278673,12,101,16,545,existing,414.860777650963,12,99,16,405,existing,1269.4658040567842,12,111,16,405,existing,1269.4658040567842,12,100,16,28,existing,1388.883282438778,12,105,16,434,existing,1460.4378160288097,12,104,16,434,existing,1460.4378160288097,12,110,16,405,existing,1269.4658040567842,12,103,16,66,existing,1622.096367874806,12,109,16,386,existing,1480.1548965353904
13,13,86,17,544,existing,404.70346094737664,13,86,17,676,existing,616.8959303117442,13,86,17,60,allocated,208.24752685230223,13,102,17,544,existing,404.70346094737664,13,101,17,545,existing,424.9256313755529,13,110,17,405,existing,1279.530657781374,13,111,17,405,existing,1279.530657781374,13,100,17,28,existing,1398.948136163368,13,99,17,405,existing,1279.530657781374,13,104,17,434,existing,1470.5026697533997,13,109,17,386,existing,1470.0900428108005,13,105,17,434,existing,1470.5026697533997,13,103,17,66,existing,1612.031514150216
14,14,88,18,335,existing,96.41276516885513,14,88,18,372,existing,343.50519365300283,14,88,18,179,allocated,512.6033714024833,14,107,18,335,existing,96.41276516885513,14,108,18,335,existing,96.41276516885513,14,103,18,66,existing,812.7546992169096,14,109,18,386,existing,383.4114119565766,14,101,18,545,existing,1669.7196536467286,14,102,18,544,existing,1689.9418240749046,14,104,18,434,existing,1039.996684510347,14,105,18,434,existing,1039.996684510347,14,113,18,634,existing,1992.6141811760695,14,97,18,216,existing,2166.752617029971
15,15,88,19,335,existing,228.37311901902945,15,88,19,372,existing,475.46554750317716,15,88,19,446,existing,440.74238717442387,15,107,19,335,existing,228.37311901902945,15,108,19,335,existing,228.37311901902945,15,103,19,66,existing,680.7943453667351,15,109,19,386,existing,251.45105810640231,15,101,19,545,existing,1637.7740783817771,15,102,19,544,existing,1657.9962488099536,15,104,19,434,existing,908.0363306601726,15,105,19,434,existing,908.0363306601726,15,113,19,634,existing,1989.728800608269,15,97,19,216,existing,2298.7129708801453
16,16,91,21,436,existing,185.23953413006774,16,91,21,662,existing,1014.2684157329435,16,91,21,20,allocated,94.67656639860955,16,100,21,28,existing,203.5230572832478,16,98,21,262,existing,544.5408231612771,16,114,21,261,existing,643.2653811705202,16,106,21,484,existing,748.1450033333339,16,102,21,544,existing,1590.6796006893878,16,99,21,405,existing,804.5805895869573,16,111,21,405,existing,804.5805895869573,16,110,21,405,existing,804.5805895869573,16,101,21,545,existing,1610.901771117564,16,113,21,634,existing,1832.230977995272
17,17,93,22,389,existing,646.652655576621,17,93,22,23,existing,213.08060625748735,17,93,22,23,allocated,213.08060625748735,17,113,22,634,existing,856.2598455120976,17,112,22,218,existing,864.2171739049382,17,99,22,405,existing,1017.8470627315352,17,111,22,405,existing,1017.8470627315352,17,109,22,386,existing,1603.1062056977544,17,97,22,216,existing,1155.2255163071063,17,110,22,405,existing,1017.8470627315352,17,100,22,28,existing,1618.9045950352447,17,107,22,335,existing,1709.543259210809,17,108,22,335,existing,1709.543259210809
18,18,93,23,389,existing,859.7332618341085,18,93,23,23,existing,0.0,18,93,23,23,allocated,0.0,18,113,23,634,existing,1069.340451769585,18,112,23,218,existing,1074.1364003908914,18,99,23,405,existing,1230.9276689890225,18,110,23,405,existing,1230.9276689890225,18,97,23,216,existing,1365.1447427930595,18,111,23,405,existing,1230.9276689890225,18,108,23,335,existing,1496.4626529533216,18,109,23,386,existing,1390.025599440267,18,107,23,335,existing,1496.4626529533216,18,102,23,544,existing,1671.8743023872692
19,19,90,24,523,existing,743.6848803299196,19,90,24,137,existing,491.8795439590864,19,90,24,216,existing,870.8066412086343,19,97,24,216,existing,870.8066412086343,19,112,24,218,existing,972.0547709235611,19,108,24,335,existing,1621.968607158863,19,107,24,335,existing,1621.968607158863,19,99,24,405,existing,1951.7798705974462,19,109,24,386,existing,1908.9672539465846,19,113,24,634,existing,1790.1926533780083,19,111,24,405,existing,1951.7798705974462,19,110,24,405,existing,1951.7798705974462,19,103,24,66,existing,2338.310541206917
20,20,90,25,523,existing,683.6118925562952,20,90,25,137,existing,534.2485065076862,20,90,25,216,allocated,810.73365343501,20,97,25,216,existing,810.73365343501,20,112,25,218,existing,911.9817831499367,20,108,25,335,existing,1561.8956193852384,20,107,25,335,existing,1561.8956193852384,20,111,25,405,existing,1994.1488331460462,20,109,25,386,existing,1848.8942661729598,20,113,25,634,existing,1766.950874250016,20,99,25,405,existing,1994.1488331460462,20,110,25,405,existing,1994.1488331460462,20,103,25,66,existing,2278.2375534332928
21,21,89,26,386,existing,260.31674609629823,21,89,26,372,existing,670.3553842358152,21,89,26,429,allocated,383.85725688973355,21,109,26,386,existing,260.31674609629823,21,108,26,335,existing,568.6447170724666,21,107,26,335,existing,568.6447170724666,21,103,26,66,existing,630.8598864255953,21,104,26,434,existing,858.1018717190326,21,105,26,434,existing,858.1018717190326,21,102,26,544,existing,1196.46315024574,21,101,26,545,existing,1176.2409798175638,21,110,26,405,existing,2322.3359888151763,21,113,26,634,existing,1976.6824914732172
22,22,89,27,386,existing,303.0391708582452,22,89,27,676,existing,649.0285967444696,22,89,27,429,allocated,341.1348321277866,22,109,27,386,existing,303.0391708582452,22,108,27,335,existing,611.3671418344136,22,107,27,335,existing,611.3671418344136,22,103,27,66,existing,673.5823111875422,22,102,27,544,existing,1153.740725483793,22,101,27,545,existing,1133.5185550556168,22,104,27,434,existing,900.8242964809796,22,105,27,434,existing,900.8242964809796,22,99,27,405,existing,2313.502820232062,22,113,27,634,existing,1967.8493228901025
23,23,82,29,29,existing,0.0,23,82,29,662,existing,478.17260691034215,23,82,29,29,allocated,0.0,23,99,29,405,existing,274.4860806588913,23,110,29,405,existing,274.4860806588913,23,100,29,28,existing,332.5727515393536,23,111,29,405,existing,274.4860806588913,23,114,29,261,existing,808.882121732986,23,106,29,484,existing,913.7617438957998,23,102,29,544,existing,1059.7460207627498,23,98,29,262,existing,710.1575637237429,23,113,29,634,existing,1302.136469067206,23,101,29,545,existing,1079.968191190926
24,24,93,31,389,existing,688.8081253422586,24,93,31,137,existing,562.6092970242207,24,93,31,220,allocated,673.0620428201312,24,112,31,218,existing,885.9432892758664,24,97,31,216,existing,1167.499372667961,24,113,31,634,existing,1457.0540694208078,24,99,31,405,existing,1618.6412866402454,24,108,31,335,existing,1851.810752960725,24,111,31,405,existing,1618.6412866402454,24,109,31,386,existing,1745.3736994476703,24,110,31,405,existing,1618.6412866402454,24,102,31,544,existing,2027.2224023946726,24,107,31,335,existing,1851.810752960725
25,25,88,32,335,existing,814.4077496620846,25,88,32,319,existing,495.2172755082049,25,88,32,179,allocated,398.21714342845644,25,108,32,335,existing,814.4077496620846,25,107,32,335,existing,814.4077496620846,25,103,32,66,existing,1406.6972465777867,25,109,32,386,existing,977.3539593174538,25,105,32,434,existing,1633.9392318712241,25,97,32,216,existing,1714.7977762850853,25,112,32,218,existing,1816.045906000012,25,104,32,434,existing,1633.9392318712241,25,101,32,545,existing,2140.4391550730898,25,102,32,544,existing,2160.661325501266
26,26,88,33,335,existing,793.5711053215239,26,88,33,319,existing,543.3266357414811,26,88,33,179,allocated,408.7557934292682,26,107,33,335,existing,793.5711053215239,26,108,33,335,existing,793.5711053215239,26,109,33,386,existing,987.8926093182656,26,103,33,66,existing,1417.2358965785984,26,97,33,216,existing,1762.9071365183615,26,112,33,218,existing,1864.1552662332883,26,104,33,434,existing,1644.477881872036,26,105,33,434,existing,1644.477881872036,26,102,33,544,existing,2128.3914281622274,26,101,33,545,existing,2108.169257734052
27,27,82,34,29,existing,739.8562928786187,27,82,34,34,existing,0.0,27,82,34,662,allocated,261.6836859682765,27,111,34,405,existing,1014.34237353751,27,99,34,405,existing,1014.34237353751,27,110,34,405,existing,1014.34237353751,27,100,34,28,existing,1072.4290444179721,27,106,34,484,existing,1653.6180367744187,27,98,34,262,existing,1450.0138566023616,27,102,34,544,existing,1799.6023136413683,27,114,34,261,existing,1548.7384146116046,27,113,34,634,existing,2041.9927619458247,27,101,34,545,existing,1819.8244840695445
28,28,82,35,29,existing,823.3556043818398,28,82,35,34,existing,83.49931150322129,28,82,35,662,allocated,345.18299747149774,28,99,35,405,existing,1097.8416850407311,28,111,35,405,existing,1097.8416850407311,28,100,35,28,existing,1155.9283559211935,28,110,35,405,existing,1097.8416850407311,28,114,35,261,existing,1632.2377261148258,28,106,35,484,existing,1737.1173482776398,28,102,35,544,existing,1883.1016251445894,28,98,35,262,existing,1533.5131681055827,28,113,35,634,existing,2125.492073449046,28,101,35,545,existing,1903.323795572766
29,29,93,42,389,existing,322.07408732100873,29,93,42,137,existing,571.0118504405174,29,93,42,389,allocated,322.07408732100873,29,112,42,218,existing,551.1529922714886,29,97,42,216,existing,842.1613346736567,29,113,42,634,existing,981.0988150760916,29,99,42,405,existing,1142.6860322955292,29,111,42,405,existing,1142.6860322955292,29,98,42,262,existing,1969.7888300911272,29,110,42,405,existing,1142.6860322955292,29,100,42,28,existing,1743.7435645992387,29,114,42,261,existing,2068.5133881003703,29,109,42,386,existing,2063.127834032393
30,30,93,43,389,existing,247.94257827908584,30,93,43,137,existing,496.8803413985945,30,93,43,389,allocated,247.94257827908584,30,112,43,218,existing,477.02148322956566,30,97,43,216,existing,768.0298256317337,30,113,43,634,existing,906.9673060341686,30,99,43,405,existing,1068.5545232536062,30,111,43,405,existing,1068.5545232536062,30,98,43,262,existing,1895.6573210492043,30,110,43,405,existing,1068.5545232536062,30,100,43,28,existing,1669.6120555573157,30,109,43,386,existing,1988.99632499047,30,114,43,261,existing,1994.3818790584473
31,31,95,45,136,existing,447.24259553712363,31,95,45,676,existing,548.1518392010476,31,95,45,296,allocated,294.82844271440877,31,101,45,545,existing,718.9298213919049,31,102,45,544,existing,739.1519918200811,31,109,45,386,existing,855.8655397120451,31,103,45,66,existing,924.1060182242643,31,104,45,434,existing,1132.7388913885063,31,105,45,434,existing,1132.7388913885063,31,107,45,335,existing,1164.1935106882136,31,108,45,335,existing,1164.1935106882136,31,99,45,405,existing,2006.8910568442273,31,111,45,405,existing,2006.8910568442273
32,32,95,46,136,existing,320.2270385750078,32,95,46,676,existing,675.1673961631633,32,95,46,296,allocated,167.812885752293,32,109,46,386,existing,732.8161491468245,32,101,46,545,existing,778.9958333177001,32,103,46,66,existing,797.0904612621484,32,102,46,544,existing,799.2180037458763,32,107,46,335,existing,1041.144120122993,32,105,46,434,existing,1016.0513362552796,32,104,46,434,existing,1016.0513362552796,32,108,46,335,existing,1041.144120122993,32,111,46,405,existing,2066.9570687700225,32,99,46,405,existing,2066.9570687700225
33,33,95,47,136,existing,273.4769160289496,33,95,47,676,existing,721.9175187092214,33,95,47,296,allocated,121.06276320623476,33,109,47,386,existing,699.5797095918006,33,103,47,66,existing,750.3403387160902,33,101,47,545,existing,825.7459558637584,33,102,47,544,existing,845.9681262919346,33,105,47,434,existing,969.3012137092213,33,107,47,335,existing,1007.907680567969,33,108,47,335,existing,1007.907680567969,33,104,47,434,existing,969.3012137092213,33,111,47,405,existing,2113.7071913160808,33,99,47,405,existing,2113.7071913160808
34,34,95,48,136,existing,215.18537220784293,34,95,48,676,existing,780.2090625303281,34,95,48,296,allocated,62.77121938512813,34,109,48,386,existing,641.2881657706939,34,103,48,66,existing,692.0487948949835,34,101,48,545,existing,870.8963678869873,34,102,48,544,existing,891.1185383151635,34,107,48,335,existing,949.6161367468624,34,104,48,434,existing,911.0096698881148,34,108,48,335,existing,949.6161367468624,34,105,48,434,existing,911.0096698881148,34,99,48,405,existing,2158.8576033393097,34,110,48,405,existing,2158.8576033393097
35,35,93,56,389,existing,585.0486966250227,35,93,56,23,existing,291.9525398322608,35,93,56,23,allocated,291.9525398322608,35,112,56,218,existing,782.1838605586305,35,97,56,216,existing,1073.1922029607986,35,113,56,634,existing,1280.2110614709245,35,99,56,405,existing,1441.7982786903622,35,108,56,335,existing,1788.4151927855828,35,110,56,405,existing,1441.7982786903622,35,111,56,405,existing,1441.7982786903622,35,109,56,386,existing,1681.978139272528,35,102,56,544,existing,1963.8268422195301,35,107,56,335,existing,1788.4151927855828
36,36,93,57,389,existing,485.4731153817555,36,93,57,137,existing,359.27428706371785,36,93,57,220,allocated,469.7270328596282,36,112,57,218,existing,682.6082793153633,36,97,57,216,existing,973.6166217175314,36,99,57,405,existing,1415.3062766797425,36,113,57,634,existing,1253.7190594603048,36,109,57,386,existing,1907.0573684994206,36,111,57,405,existing,1415.3062766797425,36,107,57,335,existing,2013.4944220124753,36,110,57,405,existing,1415.3062766797425,36,108,57,335,existing,2013.4944220124753,36,100,57,28,existing,2016.3638089834517
37,37,95,59,136,existing,585.0719889602393,37,95,59,676,existing,410.3224457779318,37,95,59,296,allocated,432.65783613752444,37,101,59,545,existing,671.592544728032,37,102,59,544,existing,691.8147151562082,37,103,59,66,existing,858.8385802326842,37,109,59,386,existing,718.0361462889296,37,104,59,434,existing,1086.0805655261215,37,108,59,335,existing,1026.364117265098,37,107,59,335,existing,1026.364117265098,37,105,59,434,existing,1086.0805655261215,37,113,59,634,existing,1885.2632570776252,37,110,59,405,existing,1959.5537801803544
38,38,86,60,544,existing,196.45593409507438,38,86,60,676,existing,805.0137497148667,38,86,60,60,allocated,0.0,38,102,60,544,existing,196.45593409507438,38,101,60,545,existing,216.67810452325065,38,111,60,405,existing,1071.2831309290718,38,110,60,405,existing,1071.2831309290718,38,100,60,28,existing,1190.7006093110656,38,99,60,405,existing,1071.2831309290718,38,104,60,434,existing,1262.2551429010973,38,105,60,434,existing,1262.2551429010973,38,113,60,634,existing,1493.5599816181625,38,103,60,66,existing,1489.4971281945345
39,39,88,62,335,existing,1027.1338015362894,39,88,62,319,existing,314.79946947216024,39,88,62,319,allocated,314.79946947216024,39,108,62,335,existing,1027.1338015362894,39,107,62,335,existing,1027.1338015362894,39,97,62,216,existing,1404.216618872966,39,109,62,386,existing,1287.9351167295736,39,105,62,434,existing,1944.5203892833438,39,104,62,434,existing,1944.5203892833438,39,112,62,218,existing,1505.4647485878927,39,103,62,66,existing,1717.2784039899066,39,101,62,545,existing,2108.1689173577765,39,113,62,634,existing,2060.2579348201293
40,40,87,66,446,existing,240.05195819231128,40,87,66,372,existing,839.3819253998498,40,87,66,66,allocated,0.0,40,103,66,66,existing,0.0,40,104,66,434,existing,227.24198529343735,40,105,66,434,existing,227.24198529343735,40,109,66,386,existing,429.3432872603329,40,108,66,335,existing,737.6712582365013,40,107,66,335,existing,737.6712582365013,40,102,66,544,existing,1293.0411940994602,40,101,66,545,existing,1272.819023671284,40,99,66,405,existing,2560.7802591236064,40,113,66,634,existing,2361.5671700155567
41,41,88,75,335,existing,410.0843487842135,41,88,75,319,existing,505.69860783254944,41,88,75,319,allocated,505.69860783254944,41,107,75,335,existing,410.0843487842135,41,108,75,335,existing,410.0843487842135,41,103,75,66,existing,1068.5991769191537,41,109,75,386,existing,639.2558896588208,41,104,75,434,existing,1295.8411622125911,41,101,75,545,existing,1381.5925640635216,41,105,75,434,existing,1295.8411622125911,41,102,75,544,existing,1401.814734491698,41,113,75,634,existing,1696.4265426135908,41,97,75,216,existing,1962.6079339567916
42,42,88,76,335,existing,402.5477422226117,42,88,76,319,existing,523.7064953030991,42,88,76,319,allocated,523.7064953030991,42,107,76,335,existing,402.5477422226117,42,108,76,335,existing,402.5477422226117,42,103,76,66,existing,1058.6823758615537,42,109,76,386,existing,629.3390886012209,42,104,76,434,existing,1285.9243611549912,42,101,76,545,existing,1363.5846765929718,42,102,76,544,existing,1383.806847021148,42,105,76,434,existing,1285.9243611549912,42,97,76,216,existing,1980.6158214273412,42,113,76,634,existing,1686.479204122313
43,43,88,77,335,existing,296.67007017303604,43,88,77,319,existing,509.58598590154793,43,88,77,319,allocated,509.58598590154793,43,107,77,335,existing,296.67007017303604,43,108,77,335,existing,296.67007017303604,43,109,77,386,existing,583.6687169607576,43,103,77,66,existing,1013.0120042210904,43,101,77,545,existing,1495.006842674699,43,102,77,544,existing,1515.2290131028753,43,104,77,434,existing,1240.2539895145278,43,105,77,434,existing,1240.2539895145278,43,113,77,634,existing,1809.8408212247682,43,97,77,216,existing,1966.49531202579
44,44,88,78,335,existing,340.9998915723897,44,88,78,319,existing,553.9158073009016,44,88,78,319,allocated,553.9158073009016,44,107,78,335,existing,340.9998915723897,44,108,78,335,existing,340.9998915723897,44,109,78,386,existing,570.171432446997,44,103,78,66,existing,999.5147197073298,44,101,78,545,existing,1450.6770212753454,44,105,78,434,existing,1226.7567050007672,44,102,78,544,existing,1470.8991917035219,44,104,78,434,existing,1226.7567050007672,44,97,78,216,existing,2010.8251334251438,44,113,78,634,existing,1765.5109998254147
45,45,88,79,335,existing,278.88807358891205,45,88,79,372,existing,525.9805020730597,45,88,79,319,allocated,527.367982485672,45,107,79,335,existing,278.88807358891205,45,108,79,335,existing,278.88807358891205,45,103,79,66,existing,995.2300076369664,45,109,79,386,existing,565.8867203766335,45,104,79,434,existing,1222.4719929304038,45,101,79,545,existing,1487.2443452266716,45,102,79,544,existing,1507.4665156548476,45,105,79,434,existing,1222.4719929304038,45,113,79,634,existing,1810.1388727560127,45,97,79,216,existing,1984.277308609914
46,46,94,86,278,existing,451.3223901225506,46,94,86,443,existing,366.48979997174405,46,94,86,86,allocated,0.0,46,99,86,405,existing,240.5576511365898,46,110,86,405,existing,240.5576511365898,46,100,86,28,existing,841.6151834402992,46,111,86,405,existing,240.5576511365898,46,101,86,545,existing,1055.3697428664673,46,113,86,634,existing,1000.49267952075,46,102,86,544,existing,1035.1475724382913,46,98,86,262,existing,1164.7643094517846,46,112,86,218,existing,1420.46555252519,46,114,86,261,existing,1263.4888674610277
47,47,94,87,278,existing,491.3955521686387,47,94,87,443,existing,201.76451320829688,47,94,87,527,allocated,121.9279176348587,47,99,87,405,existing,405.282937900037,47,110,87,405,existing,405.282937900037,47,113,87,634,existing,835.7673927573029,47,111,87,405,existing,405.282937900037,47,98,87,262,existing,1208.2123880874963,47,102,87,544,existing,870.422285674844,47,101,87,545,existing,890.6444561030203,47,100,87,28,existing,885.063262076011,47,114,87,261,existing,1306.9369460967393,47,106,87,484,existing,1466.252254432457
48,48,94,97,278,existing,713.2088958843765,48,94,97,443,existing,22.758507828023927,48,94,97,443,allocated,22.758507828023927,48,111,97,405,existing,629.8059589363578,48,99,97,405,existing,629.8059589363578,48,110,97,405,existing,629.8059589363578,48,113,97,634,existing,656.7613873770299,48,102,97,544,existing,1033.254528336207,48,101,97,545,existing,1053.4766987643834,48,100,97,28,existing,1106.876605791749,48,98,97,262,existing,1430.025731803234,48,114,97,261,existing,1528.7502898124771,48,112,97,218,existing,1598.202067205845
49,49,94,98,278,existing,524.2390274835177,49,94,98,443,existing,211.7283762288828,49,94,98,421,allocated,86.7826550294945,49,111,98,405,existing,798.4892590088962,49,110,98,405,existing,798.4892590088962,49,113,98,634,existing,845.7312557778888,49,99,98,405,existing,798.4892590088962,49,101,98,545,existing,864.5068303635244,49,98,98,262,existing,1241.055863402375,49,100,98,28,existing,917.90673739089,49,102,98,544,existing,844.2846599353481,49,114,98,261,existing,1339.7804214116181,49,106,98,484,existing,1499.095729747336
50,50,93,99,389,existing,1136.030520231203,50,93,99,23,existing,291.3276808819341,50,93,99,464,allocated,264.5148179755653,50,113,99,634,existing,838.4921410437543,50,109,99,386,existing,1144.0977517881156,50,99,99,405,existing,1184.1456383857135,50,111,99,405,existing,1184.1456383857135,50,110,99,405,existing,1184.1456383857135,50,107,99,335,existing,1250.5348053011703,50,112,99,218,existing,1365.1094251816828,50,108,99,335,existing,1250.5348053011703,50,102,99,544,existing,1383.2838166982694,50,101,99,545,existing,1403.5059871264457
51,51,90,100,523,existing,833.6069098122529,51,90,100,137,existing,471.6176479976279,51,90,100,220,allocated,872.5381482321928,51,97,100,216,existing,960.7286706909676,51,112,100,218,existing,1061.9768004058944,51,108,100,335,existing,1656.8307659118157,51,113,100,634,existing,1621.5611277343944,51,107,100,335,existing,1656.8307659118157,51,99,100,405,existing,1818.117392052307,51,111,100,405,existing,1818.117392052307,51,110,100,405,existing,1818.117392052307,51,109,100,386,existing,1881.766905248973,51,102,100,544,existing,2163.6156081959753
52,52,90,101,523,existing,915.0252354182115,52,90,101,137,existing,579.1047724463954,52,90,101,23,allocated,822.1212377106513,52,97,101,216,existing,1042.1469962969263,52,112,101,218,existing,1143.395126011853,52,113,101,634,existing,1514.0740032856268,52,107,101,335,existing,1549.3436414630482,52,109,101,386,existing,1774.2797808002056,52,110,101,405,existing,1859.727500627586,52,99,101,405,existing,1859.727500627586,52,108,101,335,existing,1549.3436414630482,52,102,101,544,existing,2056.1284837472076,52,111,101,405,existing,1859.727500627586
53,53,90,102,523,existing,750.8626076376376,53,90,102,137,existing,601.4992215890286,53,90,102,319,allocated,672.8466816183446,53,97,102,216,existing,877.9843685163523,53,112,102,218,existing,979.2324982312791,53,108,102,335,existing,1385.1810136824738,53,107,102,335,existing,1385.1810136824738,53,109,102,386,existing,1672.1796604701954,53,113,102,634,existing,1678.2366310662007,53,99,102,405,existing,2023.89012840816,53,110,102,405,existing,2023.89012840816,53,103,102,66,existing,2101.5229477305284,53,111,102,405,existing,2023.89012840816
54,54,90,103,523,existing,896.2346043247925,54,90,103,137,existing,597.8954035398144,54,90,103,319,allocated,818.2186783054997,54,97,103,216,existing,1023.3563652035073,54,112,103,218,existing,1124.604494918434,54,108,103,335,existing,1530.553010369629,54,107,103,335,existing,1530.553010369629,54,109,103,386,existing,1793.0704118936246,54,113,103,634,existing,1532.8646343790458,54,110,103,405,existing,1878.5181317210051,54,99,103,405,existing,1878.5181317210051,54,111,103,405,existing,1878.5181317210051,54,102,103,544,existing,2074.9191148406267
55,55,90,104,523,existing,1004.7794182157556,55,90,104,137,existing,668.8589552439394,55,90,104,23,allocated,732.3670549131073,55,97,104,216,existing,1131.9011790944705,55,112,104,218,existing,1226.2501115535013,55,113,104,634,existing,1424.319820488083,55,107,104,335,existing,1639.097824260592,55,110,104,405,existing,1769.973317830042,55,109,104,386,existing,1684.5255980026614,55,111,104,405,existing,1769.973317830042,55,108,104,335,existing,1639.097824260592,55,99,104,405,existing,1769.973317830042,55,102,104,544,existing,1966.3743009496636
56,56,93,105,389,existing,976.8608993279778,56,93,105,23,existing,638.9910718728553,56,93,105,23,allocated,638.9910718728553,56,112,105,218,existing,1173.9960632615857,56,97,105,216,existing,1225.2771621347224,56,109,105,386,existing,1591.1496149624095,56,113,105,634,existing,1330.943837447831,56,108,105,335,existing,1697.5866684754642,56,110,105,405,existing,1676.59733478979,56,99,105,405,existing,1676.59733478979,56,111,105,405,existing,1676.59733478979,56,107,105,335,existing,1697.5866684754642,56,102,105,544,existing,1872.9983179094115
57,57,85,106,544,existing,576.3006862520325,57,85,106,676,existing,331.99084342044205,57,85,106,455,allocated,475.6484842993714,57,101,106,545,existing,556.0785158238563,57,102,106,544,existing,576.3006862520325,57,109,106,386,existing,830.2445044515189,57,103,106,66,existing,972.1859757909344,57,105,106,434,existing,1199.4279610843719,57,108,106,335,existing,1138.5724754276873,57,107,106,335,existing,1138.5724754276873,57,104,106,434,existing,1199.4279610843719,57,110,106,405,existing,1844.0397512761785,57,113,106,634,existing,1806.9316547201354
58,58,86,107,544,existing,431.3237462939398,58,86,107,676,existing,476.96778337853465,58,86,107,455,allocated,330.6715443412787,58,101,107,545,existing,411.10157586576355,58,102,107,544,existing,431.3237462939398,58,109,107,386,existing,975.2214444096115,58,103,107,66,existing,1117.1629157490272,58,104,107,434,existing,1295.8185511946408,58,105,107,434,existing,1295.8185511946408,58,108,107,335,existing,1283.5494153857799,58,107,107,335,existing,1283.5494153857799,58,111,107,405,existing,1699.062811318086,58,99,107,405,existing,1699.062811318086
59,59,90,108,523,existing,777.9908507179789,59,90,108,137,existing,628.62746466937,59,90,108,319,allocated,645.7184385380033,59,97,108,216,existing,905.1126115966938,59,112,108,218,existing,1006.3607413116204,59,108,108,335,existing,1358.0527706021326,59,107,108,335,existing,1358.0527706021326,59,110,108,405,existing,2047.3959437136032,59,109,108,386,existing,1645.0514173898541,59,111,108,405,existing,2047.3959437136032,59,113,108,634,existing,1701.7424463716438,59,103,108,66,existing,2074.394704650187,59,99,108,405,existing,2047.3959437136032
60,60,90,109,523,existing,816.9890334699006,60,90,109,319,existing,606.7202557860817,60,90,109,319,allocated,606.7202557860817,60,97,109,216,existing,944.1107943486154,60,112,109,218,existing,1045.3589240635422,60,108,109,335,existing,1319.054587850211,60,107,109,335,existing,1319.054587850211,60,103,109,66,existing,2035.3965218982653,60,99,109,405,existing,2086.394126465525,60,113,109,634,existing,1740.7406291235654,60,109,109,386,existing,1606.0532346379323,60,111,109,405,existing,2086.394126465525,60,110,109,405,existing,2086.394126465525
61,61,93,110,389,existing,521.1851855949837,61,93,110,23,existing,616.7173048912193,61,93,110,193,allocated,385.78940322520816,61,112,110,218,existing,750.2640905454637,61,113,110,634,existing,817.9242519217465,61,111,110,405,existing,979.5114691411841,61,99,110,405,existing,979.5114691411841,61,100,110,28,existing,1580.5690014448935,61,110,110,405,existing,979.5114691411841,61,97,110,216,existing,1041.2724329476318,61,98,110,262,existing,1806.6142669367823,61,114,110,261,existing,1905.3388249460254,61,109,110,386,existing,1899.953270878048
62,62,93,111,389,existing,525.4474775728165,62,93,111,23,existing,597.3239400885044,62,93,111,193,allocated,366.39603842249323,62,112,111,218,existing,754.5263825232964,62,113,111,634,existing,798.5308871190316,62,111,111,405,existing,960.1181043384692,62,110,111,405,existing,960.1181043384692,62,98,111,262,existing,1787.2209021340673,62,100,111,28,existing,1561.1756366421787,62,97,111,216,existing,1045.5347249254646,62,99,111,405,existing,960.1181043384692,62,109,111,386,existing,1880.559906075333,62,114,111,261,existing,1885.9454601433104
63,63,85,112,544,existing,935.1570380204348,63,85,112,676,existing,528.9812624395955,63,85,112,443,allocated,534.7415692088412,63,102,112,544,existing,935.1570380204348,63,101,112,545,existing,955.379208448611,63,110,112,405,existing,1141.789020317175,63,99,112,405,existing,1141.789020317175,63,113,112,634,existing,1168.744448757847,63,109,112,386,existing,1349.5801583112561,63,111,112,405,existing,1141.789020317175,63,108,112,335,existing,1456.0172118243108,63,100,112,28,existing,1553.4653060013547,63,107,112,335,existing,1456.0172118243108
64,64,90,120,523,existing,535.670969354949,64,90,120,137,existing,211.0157834456768,64,90,120,220,allocated,624.0081324807527,64,97,120,216,existing,662.7927302336639,64,112,120,218,existing,764.0408599485905,64,99,120,405,existing,1585.696361685868,64,113,120,634,existing,1424.10914446643,64,108,120,335,existing,1890.7669993391282,64,110,120,405,existing,1585.696361685868,64,111,120,405,existing,1585.696361685868,64,107,120,335,existing,1890.7669993391282,64,109,120,386,existing,2177.76564612685,64,100,120,28,existing,2186.753893989577
65,65,93,121,389,existing,576.731244174596,65,93,121,137,existing,274.0387542739608,65,93,121,220,allocated,560.9851616524686,65,97,121,216,existing,725.815701061948,65,112,121,218,existing,773.8664081082038,65,99,121,405,existing,1522.6733908575839,65,113,121,634,existing,1361.0861736381462,65,111,121,405,existing,1522.6733908575839,65,108,121,335,existing,1953.7899701674123,65,110,121,405,existing,1522.6733908575839,65,107,121,335,existing,1953.7899701674123,65,100,121,28,existing,2123.730923161293,65,109,121,386,existing,2240.788616955134
66,66,90,122,523,existing,459.5414660783626,66,90,122,137,existing,172.0427392089607,66,90,122,216,allocated,586.6632269570775,66,97,122,216,existing,586.6632269570775,66,112,122,218,existing,687.9113566720041,66,113,122,634,existing,1470.3558486278828,66,99,122,405,existing,1631.9430658473207,66,111,122,405,existing,1631.9430658473207,66,107,122,335,existing,1814.637496062542,66,108,122,335,existing,1814.637496062542,66,110,122,405,existing,1631.9430658473207,66,109,122,386,existing,2101.6361428502632,66,100,122,28,existing,2233.00059815103
67,67,90,123,523,existing,543.055956687005,67,90,123,137,existing,255.5572298176031,67,90,123,216,existing,670.1777175657198,67,97,123,216,existing,670.1777175657198,67,112,123,218,existing,771.4258472806466,67,113,123,634,existing,1553.870339236525,67,99,123,405,existing,1715.457556455963,67,110,123,405,existing,1715.457556455963,67,108,123,335,existing,1858.290921300346,67,111,123,405,existing,1715.457556455963,67,107,123,335,existing,1858.290921300346,67,100,123,28,existing,2316.5150887596724,67,109,123,386,existing,2145.2895680880674
68,68,90,124,523,existing,1224.7517957075484,68,90,124,23,existing,661.2438162148543,68,90,124,464,allocated,307.56695889897156,68,113,124,634,existing,1254.9815013820742,68,97,124,216,existing,1351.8735565862632,68,112,124,218,existing,1453.12168630119,68,109,124,386,existing,1431.4720280897475,68,99,124,405,existing,1600.6349987240335,68,108,124,335,existing,1534.9926428303086,68,107,124,335,existing,1534.9926428303086,68,111,124,405,existing,1600.6349987240335,68,102,124,544,existing,1748.9993132926825,68,110,124,405,existing,1600.6349987240335
69,69,90,125,523,existing,1301.3296924526423,69,90,125,23,existing,584.6659194697604,69,90,125,464,allocated,230.98906215387763,69,113,125,634,existing,1178.4036046369804,69,109,125,386,existing,1390.5727136005867,69,107,125,335,existing,1497.0097671136414,69,97,125,216,existing,1428.4514533313572,69,99,125,405,existing,1524.0571019789395,69,111,125,405,existing,1524.0571019789395,69,110,125,405,existing,1524.0571019789395,69,108,125,335,existing,1497.0097671136414,69,112,125,218,existing,1529.699583046284,69,102,125,544,existing,1672.4214165475887
70,70,93,126,389,existing,999.4906868969503,70,93,126,23,existing,482.53259480342456,70,93,126,23,allocated,482.53259480342456,70,113,126,634,existing,1174.4853603784002,70,112,126,218,existing,1196.6258508305582,70,109,126,386,existing,1434.6911378929788,70,97,126,216,existing,1381.7356392041531,70,108,126,335,existing,1541.1281914060335,70,110,126,405,existing,1520.1388577203593,70,111,126,405,existing,1520.1388577203593,70,99,126,405,existing,1520.1388577203593,70,102,126,544,existing,1716.5398408399808,70,107,126,335,existing,1541.1281914060335
71,71,93,127,389,existing,1075.296347108604,71,93,127,23,existing,406.72693459177094,71,93,127,23,allocated,406.72693459177094,71,113,127,634,existing,1098.6797001667464,71,112,127,218,existing,1272.431511042212,71,111,127,405,existing,1444.3331975087058,71,109,127,386,existing,1358.885477681325,71,110,127,405,existing,1444.3331975087058,71,97,127,216,existing,1457.5412994158066,71,99,127,405,existing,1444.3331975087058,71,107,127,335,existing,1465.3225311943797,71,102,127,544,existing,1640.734180628327,71,108,127,335,existing,1465.3225311943797
72,72,88,128,335,existing,558.5241560815094,72,88,128,676,existing,505.41398290838725,72,88,128,319,allocated,679.6829091619969,72,108,128,335,existing,558.5241560815094,72,107,128,335,existing,558.5241560815094,72,101,128,545,existing,1207.608262734074,72,109,128,386,existing,785.3155024601185,72,104,128,434,existing,1441.9007750138887,72,103,128,66,existing,1214.6587897204515,72,102,128,544,existing,1227.8304331622503,72,105,128,434,existing,1441.9007750138887,72,113,128,634,existing,1530.5027902634151,72,110,128,405,existing,1876.1562876053742
73,73,88,129,335,existing,687.7419241600633,73,88,129,676,existing,376.19621482983337,73,88,129,464,allocated,733.871197335917,73,108,129,335,existing,687.7419241600633,73,107,129,335,existing,687.7419241600633,73,109,129,386,existing,691.3873113319877,73,101,129,545,existing,1078.3904946555201,73,105,129,434,existing,1343.8872718376906,73,103,129,66,existing,1116.6452865442532,73,104,129,434,existing,1343.8872718376906,73,102,129,544,existing,1098.6126650836964,73,113,129,634,existing,1401.2850221848612,73,110,129,405,existing,1746.9385195268205
74,74,88,131,335,existing,831.0687740407066,74,88,131,319,existing,478.55625112958296,74,88,131,179,allocated,414.8781678070784,74,108,131,335,existing,831.0687740407066,74,107,131,335,existing,831.0687740407066,74,109,131,386,existing,994.0149836960758,74,103,131,66,existing,1423.3582709564087,74,112,131,218,existing,1799.3848816213904,74,97,131,216,existing,1698.1367519064636,74,104,131,434,existing,1650.600256249846,74,105,131,434,existing,1650.600256249846,74,101,131,545,existing,2123.778130694468,74,102,131,544,existing,2144.0003011226445
75,75,88,132,335,existing,638.9131116198366,75,88,132,372,existing,423.19597747706143,75,88,132,179,allocated,254.09779972758096,75,108,132,335,existing,638.9131116198366,75,107,132,335,existing,638.9131116198366,75,103,132,66,existing,1262.5779028769111,75,109,132,386,existing,833.2346156165784,75,105,132,434,existing,1489.8198881703488,75,101,132,545,existing,1953.5112640323644,75,97,132,216,existing,1917.5651302200488,75,104,132,434,existing,1489.8198881703488,75,112,132,218,existing,2018.8132599349756,75,102,132,544,existing,1973.7334344605404
76,76,89,133,386,existing,645.6847882918055,76,89,133,676,existing,278.80940118632554,76,89,133,429,allocated,569.1076978834373,76,109,133,386,existing,645.6847882918055,76,108,133,335,existing,954.0127592679739,76,107,133,335,existing,954.0127592679739,76,101,133,545,existing,971.4223783925622,76,102,133,544,existing,991.6445488207385,76,105,133,434,existing,1198.7037419014646,76,104,133,434,existing,1198.7037419014646,76,103,133,66,existing,971.461756608027,76,113,133,634,existing,1753.7502124860189,76,110,133,405,existing,1949.579683943096
77,77,87,134,446,existing,686.1363030332304,77,87,134,676,existing,233.5359058038402,77,87,134,429,allocated,523.8342025009518,77,109,134,386,existing,690.9582836742909,77,101,134,545,existing,926.1488830100768,77,102,134,544,existing,946.371053438253,77,103,134,66,existing,926.1882612255417,77,108,134,335,existing,999.2862546504593,77,107,134,335,existing,999.2862546504593,77,104,134,434,existing,1153.4302465189792,77,105,134,434,existing,1153.4302465189792,77,110,134,405,existing,1904.3061885606107,77,113,134,634,existing,1708.4767171035335
78,78,95,135,136,existing,39.31059069398558,78,95,135,676,existing,956.0838440441855,78,95,135,136,allocated,39.31059069398558,78,109,135,386,existing,691.620508514295,78,105,135,434,existing,735.1348883742573,78,104,135,434,existing,735.1348883742573,78,103,135,66,existing,742.3811376385847,78,101,135,545,existing,895.3036821533606,78,102,135,544,existing,915.5258525815368,78,108,135,335,existing,999.9484794904636,78,107,135,335,existing,999.9484794904636,78,99,135,405,existing,2183.264917605683,78,110,135,405,existing,2183.264917605683
79,79,95,136,136,existing,0.0,79,95,136,676,existing,995.3944347381711,79,95,136,136,allocated,0.0,79,104,136,434,existing,695.8242976802718,79,105,136,434,existing,695.8242976802718,79,109,136,386,existing,730.9310992082806,79,103,136,66,existing,781.6917283325703,79,107,136,335,existing,1039.2590701844492,79,101,136,545,existing,855.993091459375,79,108,136,335,existing,1039.2590701844492,79,102,136,544,existing,876.2152618875513,79,99,136,405,existing,2143.9543269116975,79,110,136,405,existing,2143.9543269116975
80,80,93,137,389,existing,586.1489831528004,80,93,137,137,existing,0.0,80,93,137,220,allocated,570.4029006306731,80,97,137,216,existing,758.705966166038,80,112,137,218,existing,783.2841470864083,80,110,137,405,existing,1515.9821444507875,80,113,137,634,existing,1354.3949272313496,80,99,137,405,existing,1515.9821444507875,80,108,137,335,existing,1986.6802352715026,80,111,137,405,existing,1515.9821444507875,80,107,137,335,existing,1986.6802352715026,80,100,137,28,existing,2117.0396767544967,80,109,137,386,existing,2140.828007579513
81,81,93,138,389,existing,552.5363857832333,81,93,138,137,existing,33.612597369567055,81,93,138,220,allocated,536.790303261106,81,112,138,218,existing,749.6715497168412,81,97,138,216,existing,792.3185635356051,81,110,138,405,existing,1482.3695470812204,81,113,138,634,existing,1320.7823298617825,81,108,138,335,existing,2020.2928326410697,81,107,138,335,existing,2020.2928326410697,81,111,138,405,existing,1482.3695470812204,81,99,138,405,existing,1482.3695470812204,81,100,138,28,existing,2083.4270793849296,81,109,138,386,existing,2107.2154102099457
82,82,93,139,389,existing,944.3305440154546,82,93,139,137,existing,599.9835405465747,82,93,139,23,allocated,817.1514585175458,82,97,139,216,existing,1089.0945632399144,82,112,139,218,existing,1141.4657079490626,82,113,139,634,existing,1509.1042240925215,82,107,139,335,existing,1723.8822278650307,82,110,139,405,existing,1854.7577214344806,82,109,139,386,existing,1769.3100016071,82,108,139,335,existing,1723.8822278650307,82,99,139,405,existing,1854.7577214344806,82,111,139,405,existing,1854.7577214344806,82,102,139,544,existing,2051.1587045541023
83,83,85,140,544,existing,441.11087736540844,83,85,140,676,existing,933.9844646949651,83,85,140,270,allocated,80.53361509512578,83,101,140,545,existing,420.8887069372322,83,102,140,544,existing,441.11087736540844,83,105,140,434,existing,746.9062658945886,83,104,140,434,existing,746.9062658945886,83,108,140,335,existing,1487.042757542706,83,103,140,66,existing,974.148251188026,83,109,140,386,existing,1178.7147865665374,83,107,140,335,existing,1487.042757542706,83,99,140,405,existing,1708.8499423895546,83,110,140,405,existing,1708.8499423895546
84,84,86,141,544,existing,617.2512501092988,84,86,141,676,existing,1110.1248374388556,84,86,141,141,allocated,0.0,84,101,141,545,existing,597.0290796811225,84,102,141,544,existing,617.2512501092988,84,105,141,434,existing,923.046638638479,84,104,141,434,existing,923.046638638479,84,107,141,335,existing,1663.1831302865962,84,109,141,386,existing,1354.8551593104278,84,103,141,66,existing,1150.2886239319164,84,108,141,335,existing,1663.1831302865962,84,110,141,405,existing,1884.990315133445,84,99,141,405,existing,1884.990315133445
85,85,84,142,544,existing,506.795299635783,85,84,142,676,existing,828.2787678542849,85,84,142,270,allocated,186.23931193580606,85,101,142,545,existing,486.5731292076067,85,102,142,544,existing,506.795299635783,85,105,142,434,existing,852.6119627352689,85,104,142,434,existing,852.6119627352689,85,107,142,335,existing,1381.3370607020256,85,103,142,66,existing,1079.8539480287063,85,108,142,335,existing,1381.3370607020256,85,109,142,386,existing,1073.0090897258572,85,111,142,405,existing,1774.534364659929,85,99,142,405,existing,1774.534364659929
86,86,88,143,335,existing,1047.202076280658,86,88,143,319,existing,334.86774421652876,86,88,143,319,allocated,334.86774421652876,86,108,143,335,existing,1047.202076280658,86,107,143,335,existing,1047.202076280658,86,97,143,216,existing,1215.963305918168,86,112,143,218,existing,1317.2114356330949,86,105,143,434,existing,1990.7859956221498,86,103,143,66,existing,1763.5440103287124,86,113,143,634,existing,1742.7720679317247,86,109,143,386,existing,1334.2007230683794,86,110,143,405,existing,2088.425565273684,86,104,143,434,existing,1990.7859956221498
87,87,88,144,335,existing,922.7474965945303,87,88,144,319,existing,210.41316453040093,87,88,144,319,allocated,210.41316453040093,87,107,144,335,existing,922.7474965945303,87,108,144,335,existing,922.7474965945303,87,109,144,386,existing,1209.7461433822516,87,97,144,216,existing,1340.417885604296,87,105,144,434,existing,1866.331415936022,87,103,144,66,existing,1639.0894306425846,87,104,144,434,existing,1866.331415936022,87,112,144,218,existing,1441.6660153192229,87,113,144,634,existing,1867.2266476178524,87,101,144,545,existing,2003.7826124160174
88,88,84,145,544,existing,472.0593186972921,88,84,145,676,existing,558.3449455645308,88,84,145,455,allocated,371.407116744631,88,101,145,545,existing,451.83714826911586,88,102,145,544,existing,472.0593186972921,88,105,145,434,existing,1336.554123597993,88,109,145,386,existing,1230.4368256849536,88,107,145,335,existing,1476.1057975529839,88,103,145,66,existing,1372.3782970243692,88,108,145,335,existing,1476.1057975529839,88,104,145,434,existing,1336.554123597993,88,99,145,405,existing,1519.1838749072208,88,110,145,405,existing,1519.1838749072208
89,89,85,146,544,existing,553.0229317636176,89,85,146,676,existing,649.6786918741366,89,85,146,60,allocated,356.5669976685432,89,101,146,545,existing,543.1708945787217,89,102,146,544,existing,553.0229317636176,89,109,146,386,existing,1321.7705719945593,89,105,146,434,existing,1427.8878699075988,89,99,146,405,existing,1427.850128597615,89,104,146,434,existing,1427.8878699075988,89,111,146,405,existing,1427.850128597615,89,110,146,405,existing,1427.850128597615,89,103,146,66,existing,1463.712043333975,89,100,146,28,existing,1547.267606979609
90,90,90,149,523,existing,732.6456208379806,90,90,149,137,existing,583.2822347893716,90,90,149,216,allocated,859.7673817166954,90,97,149,216,existing,859.7673817166954,90,112,149,218,existing,961.0155114316221,90,107,149,335,existing,1610.9293476669238,90,108,149,335,existing,1610.9293476669238,90,109,149,386,existing,1897.9279944546452,90,111,149,405,existing,2043.1825614277316,90,99,149,405,existing,2043.1825614277316,90,113,149,634,existing,1717.9171459683305,90,102,149,544,existing,2259.9716264299113,90,110,149,405,existing,2043.1825614277316
91,91,85,150,544,existing,585.9968981935783,91,85,150,676,existing,556.1459343053424,91,85,150,455,allocated,485.3446962409173,91,101,150,545,existing,565.7747277654021,91,102,150,544,existing,585.9968981935783,91,109,150,386,existing,1340.0895038229241,91,105,150,434,existing,1450.4917030942793,91,103,150,66,existing,1486.3158765206556,91,108,150,335,existing,1517.3676866676904,91,104,150,434,existing,1450.4917030942793,91,107,150,335,existing,1517.3676866676904,91,110,150,405,existing,1633.121454403507,91,99,150,405,existing,1633.121454403507
92,92,84,151,544,existing,571.8691162449634,92,84,151,676,existing,570.2737162539573,92,84,151,455,allocated,471.21691429230236,92,101,151,545,existing,551.6469458167871,92,102,151,544,existing,571.8691162449634,92,105,151,434,existing,1436.3639211456643,92,109,151,386,existing,1330.246623232625,92,103,151,66,existing,1472.1880945720407,92,108,151,335,existing,1531.4954686163053,92,104,151,434,existing,1436.3639211456643,92,107,151,335,existing,1531.4954686163053,92,111,151,405,existing,1618.993672454892,92,110,151,405,existing,1618.993672454892
93,93,82,152,29,existing,1184.7207603420757,93,82,152,34,existing,444.864467463457,93,82,152,665,allocated,220.5439199570409,93,99,152,405,existing,1459.206841000967,93,111,152,405,existing,1459.206841000967,93,100,152,28,existing,1517.2935118814291,93,110,152,405,existing,1459.206841000967,93,106,152,484,existing,2098.4825042378757,93,114,152,261,existing,1993.6028820750616,93,102,152,544,existing,2244.4667811048253,93,98,152,262,existing,1894.8783240658186,93,101,152,545,existing,2264.6889515330013,93,113,152,634,existing,2486.857229409282
94,94,82,153,29,existing,1135.2106112945053,94,82,153,34,existing,395.3543184158867,94,82,153,665,allocated,270.0540690046112,94,99,153,405,existing,1409.6966919533966,94,111,153,405,existing,1409.6966919533966,94,100,153,28,existing,1467.783362833859,94,110,153,405,existing,1409.6966919533966,94,106,153,484,existing,2048.9723551903053,94,114,153,261,existing,1944.0927330274912,94,102,153,544,existing,2194.956632057255,94,98,153,262,existing,1845.3681750182482,94,101,153,545,existing,2215.1788024854313,94,113,153,634,existing,2437.3470803617115
95,95,82,156,29,existing,988.2636568383707,95,82,156,34,existing,248.407363959752,95,82,156,665,allocated,489.82056306261677,95,99,156,405,existing,1262.7497374972618,95,111,156,405,existing,1262.7497374972618,95,100,156,28,existing,1320.8364083777242,95,110,156,405,existing,1262.7497374972618,95,114,156,261,existing,1797.1457785713567,95,102,156,544,existing,2048.0096776011205,95,106,156,484,existing,1902.0254007341707,95,98,156,262,existing,1698.4212205621136,95,113,156,634,existing,2290.4001259055767,95,101,156,545,existing,2068.2318480292965
96,96,82,157,29,existing,992.3555573308927,96,82,157,34,existing,252.49926445227405,96,82,157,665,allocated,412.90912296822387,96,99,157,405,existing,1266.841637989784,96,111,157,405,existing,1266.841637989784,96,100,157,28,existing,1324.9283088702462,96,110,157,405,existing,1266.841637989784,96,106,157,484,existing,1906.1173012266927,96,102,157,544,existing,2052.1015780936423,96,114,157,261,existing,1801.2376790638787,96,98,157,262,existing,1702.5131210546356,96,113,157,634,existing,2294.4920263980985,96,101,157,545,existing,2072.3237485218187
97,97,87,158,446,existing,730.6339316106101,97,87,158,676,existing,73.08864350072176,97,87,158,429,allocated,568.3318310783316,97,101,158,545,existing,775.2829233264085,97,102,158,544,existing,795.5050937545848,97,103,158,66,existing,970.6858898029215,97,109,158,386,existing,813.5713126444089,97,105,158,434,existing,1197.9278750963588,97,104,158,434,existing,1197.9278750963588,97,108,158,335,existing,990.8494954891748,97,107,158,335,existing,990.8494954891748,97,113,158,634,existing,1548.0294548004151,97,99,158,405,existing,1743.8589262574922
98,98,85,159,544,existing,708.7460145838382,98,85,159,676,existing,159.84772267146838,98,85,159,455,allocated,608.0938126311771,98,101,159,545,existing,688.523844155662,98,102,159,544,existing,708.7460145838382,98,103,159,66,existing,1057.444968973668,98,109,159,386,existing,900.3303918151555,98,104,159,434,existing,1284.6869542671056,98,105,159,434,existing,1284.6869542671056,98,108,159,335,existing,1077.6085746599215,98,107,159,335,existing,1077.6085746599215,98,113,159,634,existing,1634.7885339711618,98,111,159,405,existing,1738.5997763138612
99,99,90,160,523,existing,331.5749501769768,99,90,160,137,existing,379.7001887453911,99,90,160,216,existing,458.69671105569176,99,97,160,216,existing,458.69671105569176,99,112,160,218,existing,559.9448407706183,99,113,160,634,existing,1342.77258030219,99,110,160,405,existing,1504.3597975216276,99,107,160,335,existing,2022.2949455989724,99,99,160,405,existing,1504.3597975216276,99,108,160,335,existing,2022.2949455989724,99,111,160,405,existing,1504.3597975216276,99,100,160,28,existing,2105.4173298253368,99,109,160,386,existing,2309.2935923866935
100,100,90,161,523,existing,383.1929039333824,100,90,161,137,existing,328.0822349889854,100,90,161,216,existing,510.31466481209736,100,97,161,216,existing,510.31466481209736,100,112,161,218,existing,611.5627945270239,100,111,161,405,existing,1475.9035700672957,100,113,161,634,existing,1314.316352847858,100,99,161,405,existing,1475.9035700672957,100,110,161,405,existing,1475.9035700672957,100,108,161,335,existing,1970.6769918425666,100,107,161,335,existing,1970.6769918425666,100,100,161,28,existing,2076.961102371005,100,109,161,386,existing,2257.675638630288
101,101,95,162,136,existing,273.1063888229404,101,95,162,676,existing,838.1300791454256,101,95,162,296,allocated,120.69223600022559,101,109,162,386,existing,699.2091823857913,101,103,162,66,existing,749.9698115100811,101,102,162,544,existing,833.197521700066,101,101,162,545,existing,812.9753512718897,101,107,162,335,existing,1007.5371533619599,101,104,162,434,existing,968.9306865032122,101,108,162,335,existing,1007.5371533619599,101,105,162,434,existing,968.9306865032122,101,111,162,405,existing,2100.9365867242122,101,99,162,405,existing,2100.9365867242122
102,102,95,163,136,existing,327.87742856292016,102,95,163,676,existing,892.9011188854054,102,95,163,296,allocated,175.46327574020532,102,109,163,386,existing,753.9802221257712,102,103,163,66,existing,804.7408512500608,102,102,163,544,existing,887.9685614400458,102,101,163,545,existing,867.7463910118696,102,104,163,434,existing,1023.701726243192,102,108,163,335,existing,1062.3081931019397,102,107,163,335,existing,1062.3081931019397,102,105,163,434,existing,1023.701726243192,102,111,163,405,existing,2155.707626464192,102,99,163,405,existing,2155.707626464192
103,103,89,164,386,existing,399.7220125492761,103,89,164,372,existing,663.9638010058177,103,89,164,446,existing,589.0133416172977,103,109,164,386,existing,399.7220125492761,103,107,164,335,existing,416.87137252166997,103,103,164,66,existing,829.065299809609,103,108,164,335,existing,416.87137252166997,103,104,164,434,existing,1056.3072851030463,103,105,164,434,existing,1056.3072851030463,103,101,164,545,existing,1572.1277093578092,103,102,164,544,existing,1592.3498797859854,103,97,164,216,existing,2181.2745533228644,103,113,164,634,existing,1895.0222368871503
104,104,89,165,386,existing,317.84856131900204,104,89,165,372,existing,582.0903497755436,104,89,165,446,existing,507.1398903870236,104,109,165,386,existing,317.84856131900204,104,107,165,335,existing,334.99792129139587,104,103,165,66,existing,747.1918485793349,104,108,165,335,existing,334.99792129139587,104,105,165,434,existing,974.4338338727723,104,104,165,434,existing,974.4338338727723,104,102,165,544,existing,1510.4764285557112,104,101,165,545,existing,1490.2542581275352,104,110,165,405,existing,2158.8022829988354,104,113,165,634,existing,1813.1487856568763
105,105,88,166,335,existing,454.6509926303973,105,88,166,319,existing,575.8097457108847,105,88,166,319,allocated,575.8097457108847,105,108,166,335,existing,454.6509926303973,105,107,166,335,existing,454.6509926303973,105,109,166,386,existing,667.3694842626384,105,103,166,66,existing,1096.7127715229713,105,104,166,434,existing,1323.9547568164085,105,102,166,544,existing,1418.5131156085436,105,105,166,434,existing,1323.9547568164085,105,101,166,545,existing,1398.290945180367,105,97,166,216,existing,2032.719071835127,105,113,166,634,existing,1721.1854727097084
106,106,93,168,389,existing,200.49828997439522,106,93,168,137,existing,385.65069317840516,106,93,168,220,allocated,184.75220745226787,106,112,168,218,existing,397.63345390800305,106,97,168,216,existing,688.6417963101711,106,113,168,634,existing,984.8532194379454,106,111,168,405,existing,1146.4404366573833,106,110,168,405,existing,1146.4404366573833,106,98,168,262,existing,1973.5432344529813,106,100,168,28,existing,1747.4979689610927,106,99,168,405,existing,1146.4404366573833,106,109,168,386,existing,2066.5285459231554,106,114,168,261,existing,2072.2677924622244
107,107,93,169,389,existing,266.9181174792326,107,93,169,137,existing,319.2308656735678,107,93,169,220,allocated,251.17203495710527,107,112,169,218,existing,464.0532814128404,107,97,169,216,existing,755.0616238150085,107,113,169,634,existing,1051.273046942783,107,111,169,405,existing,1212.8602641622206,107,110,169,405,existing,1212.8602641622206,107,109,169,386,existing,2000.108718418318,107,100,169,28,existing,1813.9177964659298,107,99,169,405,existing,1212.8602641622206,107,108,169,335,existing,2106.5457719313727,107,98,169,262,existing,2039.9630619578184
108,108,93,172,389,existing,556.0023840183961,108,93,172,23,existing,303.73087781571223,108,93,172,23,allocated,303.73087781571223,108,113,172,634,existing,765.6095739538728,108,112,172,218,existing,773.5669023467134,108,110,172,405,existing,927.1967911733103,108,111,172,405,existing,927.1967911733103,108,100,172,28,existing,1528.2543234770196,108,97,172,216,existing,1064.5752447488815,108,109,172,386,existing,1693.756477255979,108,99,172,405,existing,927.1967911733103,108,98,172,262,existing,1754.2995889689082,108,107,172,335,existing,1800.1935307690337
109,109,87,177,446,existing,56.14389126901198,109,87,177,372,existing,655.4738584765505,109,87,177,446,existing,56.14389126901198,109,109,177,386,existing,245.43522033703357,109,103,177,66,existing,296.1958494613233,109,104,177,434,existing,523.4378347547606,109,105,177,434,existing,523.4378347547606,109,107,177,335,existing,553.763191313202,109,102,177,544,existing,1252.2908125816436,109,101,177,545,existing,1232.0686421534674,109,108,177,335,existing,553.763191313202,109,113,177,634,existing,2177.6591030922573,109,110,177,405,existing,2418.34896659909
110,110,89,180,386,existing,595.7756104262203,110,89,180,676,existing,624.5027915182624,110,89,180,319,allocated,734.4433890844372,110,109,180,386,existing,595.7756104262203,110,108,180,335,existing,613.2846360039496,110,103,180,66,existing,1025.1188976865533,110,107,180,335,existing,613.2846360039496,110,102,180,544,existing,1346.9192417721256,110,105,180,434,existing,1252.3608829799905,110,104,180,434,existing,1252.3608829799905,110,101,180,545,existing,1326.6970713439491,110,110,180,405,existing,1995.2450962152495,110,113,180,634,existing,1649.5915988732904
111,111,89,181,386,existing,540.8879385800429,111,89,181,676,existing,569.615119672085,111,89,181,319,allocated,702.29129139348,111,109,181,386,existing,540.8879385800429,111,107,181,335,existing,581.1325383129927,111,108,181,335,existing,581.1325383129927,111,103,181,66,existing,970.2312258403758,111,105,181,434,existing,1197.4732111338133,111,104,181,434,existing,1197.4732111338133,111,101,181,545,existing,1271.809399497772,111,102,181,544,existing,1292.0315699259481,111,111,181,405,existing,1940.357424369072,111,113,181,634,existing,1594.703927027113
112,112,82,182,29,existing,1144.3524720722912,112,82,182,655,existing,495.85350217056356,112,82,182,182,allocated,0.0,112,99,182,405,existing,1418.8385527311825,112,111,182,405,existing,1418.8385527311825,112,100,182,28,existing,1476.9252236116447,112,110,182,405,existing,1418.8385527311825,112,98,182,262,existing,1854.5100357960341,112,114,182,261,existing,1953.2345938052772,112,102,182,544,existing,2204.098492835041,112,106,182,484,existing,2058.1142159680912,112,101,182,545,existing,2224.3206632632173,112,113,182,634,existing,2446.488941139497
113,113,82,183,29,existing,1237.180918910971,113,82,183,655,existing,588.6819490092435,113,82,183,182,allocated,92.82844683868001,113,99,183,405,existing,1511.6669995698621,113,111,183,405,existing,1511.6669995698621,113,100,183,28,existing,1569.7536704503245,113,110,183,405,existing,1511.6669995698621,113,98,183,262,existing,1947.338482634714,113,114,183,261,existing,2046.063040643957,113,102,183,544,existing,2296.926939673721,113,106,183,484,existing,2150.9426628067713,113,101,183,545,existing,2317.149110101897,113,113,183,634,existing,2539.317387978177
114,114,86,184,544,existing,988.9134887832699,114,86,184,443,existing,565.1296799344988,114,86,184,421,allocated,495.0194628181352,114,102,184,544,existing,988.9134887832699,114,101,184,545,existing,1009.1356592114462,114,99,184,405,existing,1172.1771310428326,114,111,184,405,existing,1172.1771310428326,114,109,184,386,existing,1403.336609074091,114,100,184,28,existing,1499.7088552385198,114,113,184,634,existing,1199.1325594835048,114,110,184,405,existing,1172.1771310428326,114,108,184,335,existing,1509.7736625871457,114,107,184,335,existing,1509.7736625871457
115,115,94,187,278,existing,968.3595866389007,115,94,187,443,existing,275.19952126196506,115,94,187,443,allocated,275.19952126196506,115,113,187,634,existing,358.80335828704096,115,111,187,405,existing,882.246972370299,115,99,187,405,existing,882.246972370299,115,110,187,405,existing,882.246972370299,115,100,187,28,existing,1362.0272965462732,115,102,187,544,existing,1331.2125574261959,115,112,187,218,existing,1300.244038115856,115,101,187,545,existing,1351.4347278543723,115,97,187,216,existing,1591.252380518024,115,98,187,262,existing,1685.1764225577583
116,116,94,188,278,existing,829.7340967280786,116,94,188,443,existing,136.57403135114302,116,94,188,443,allocated,136.57403135114302,116,113,188,634,existing,497.428848197863,116,111,188,405,existing,743.621482459477,116,99,188,405,existing,743.621482459477,116,110,188,405,existing,743.621482459477,116,100,188,28,existing,1223.401806635451,116,112,188,218,existing,1438.869528026678,116,102,188,544,existing,1192.587067515374,116,101,188,545,existing,1212.8092379435502,116,98,188,262,existing,1546.5509326469362,116,109,188,386,existing,1584.6219077143521
117,117,94,189,278,existing,845.0448449805613,117,94,189,443,existing,289.8569261654766,117,94,189,421,allocated,234.0231624675491,117,99,189,405,existing,896.9043772738105,117,111,189,405,existing,896.9043772738105,117,110,189,405,existing,896.9043772738105,117,113,189,634,existing,923.8598057144826,117,100,189,28,existing,1238.7125548879335,117,102,189,544,existing,1165.0904774323917,117,101,189,545,existing,1185.312647860568,117,98,189,262,existing,1561.8616808994188,117,109,189,386,existing,1626.1570601631943,117,114,189,261,existing,1660.586238908662
118,118,94,190,278,existing,896.7140627352608,118,94,190,443,existing,206.26367467890816,118,94,190,443,allocated,206.26367467890816,118,99,190,405,existing,813.3111257872421,118,111,190,405,existing,813.3111257872421,118,110,190,405,existing,813.3111257872421,118,113,190,634,existing,840.2665542279142,118,101,190,545,existing,1236.9818656152675,118,100,190,28,existing,1290.3817726426332,118,102,190,544,existing,1216.7596951870912,118,109,190,386,existing,1542.5638086766257,118,108,190,335,existing,1649.0008621896804,118,98,190,262,existing,1613.5308986541181
119,119,94,201,278,existing,1190.0372213814264,119,94,201,23,existing,496.2471765771483,119,94,201,464,allocated,469.4343136707795,119,113,201,634,existing,848.5553696054158,119,99,201,405,existing,1103.9246071128248,119,110,201,405,existing,1103.9246071128248,119,111,201,405,existing,1103.9246071128248,119,107,201,335,existing,1455.4543009963845,119,109,201,386,existing,1349.0172474833298,119,108,201,335,existing,1455.4543009963845,119,102,201,544,existing,1552.8901921687218,119,112,201,218,existing,1570.028920876897,119,101,201,545,existing,1573.112362596898
120,120,94,202,278,existing,1127.6879891702638,120,94,202,23,existing,433.89794436598555,120,94,202,464,allocated,407.08508145961673,120,113,202,634,existing,795.3827406400482,120,111,202,405,existing,1041.5753749016621,120,110,202,405,existing,1041.5753749016621,120,99,202,405,existing,1041.5753749016621,120,108,202,335,existing,1393.1050687852216,120,109,202,386,existing,1286.668015272167,120,102,202,544,existing,1490.5409599575592,120,107,202,335,existing,1393.1050687852216,120,101,202,545,existing,1510.7631303857354,120,112,202,218,existing,1507.6796886657344
121,121,93,203,389,existing,959.8752183617096,121,93,203,23,existing,264.0547754972388,121,93,203,23,allocated,264.0547754972388,121,113,203,634,existing,1069.2420619215443,121,112,203,218,existing,1157.0103822953174,121,111,203,405,existing,1414.8955592635034,121,109,203,386,existing,1329.4478394361226,121,107,203,335,existing,1435.8848929491774,121,99,203,405,existing,1414.8955592635034,121,108,203,335,existing,1435.8848929491774,121,110,203,405,existing,1414.8955592635034,121,97,203,216,existing,1448.0187246974854,121,102,203,544,existing,1611.296542383125
122,122,93,204,389,existing,1016.4924787863745,122,93,204,23,existing,320.67203592190367,122,93,204,23,allocated,320.67203592190367,122,113,204,634,existing,1012.6248014968792,122,112,204,218,existing,1213.6276427199825,122,111,204,405,existing,1358.2782988388385,122,109,204,386,existing,1272.8305790114578,122,99,204,405,existing,1358.2782988388385,122,108,204,335,existing,1379.2676325245125,122,110,204,405,existing,1358.2782988388385,122,107,204,335,existing,1379.2676325245125,122,102,204,544,existing,1554.67928195846,122,97,204,216,existing,1504.6359851221505
123,123,85,205,544,existing,573.0196697172523,123,85,205,676,existing,295.5740675380541,123,85,205,455,allocated,472.3674677645912,123,101,205,545,existing,552.7974992890761,123,102,205,544,existing,573.0196697172523,123,103,205,66,existing,1109.6074189978926,123,109,205,386,existing,967.665947658477,123,105,205,434,existing,1336.8494042913298,123,107,205,335,existing,1213.3349195265073,123,104,205,434,existing,1336.8494042913298,123,108,205,335,existing,1213.3349195265073,123,111,205,405,existing,1781.9547529336976,123,113,205,634,existing,1770.5148788377476
124,124,86,206,544,existing,507.3156773421044,124,86,206,676,existing,361.27805991320207,124,86,206,455,allocated,406.6634753894433,124,101,206,545,existing,487.09350691392814,124,102,206,544,existing,507.3156773421044,124,103,206,66,existing,1175.3114113730405,124,109,206,386,existing,1033.369940033625,124,104,206,434,existing,1371.8104822428054,124,108,206,335,existing,1279.0389119016552,124,107,206,335,existing,1279.0389119016552,124,105,206,434,existing,1371.8104822428054,124,110,206,405,existing,1716.2507605585495,124,111,206,405,existing,1716.2507605585495
125,125,85,207,544,existing,258.7965925719223,125,85,207,676,existing,742.6730912380186,125,85,207,60,allocated,62.34065847684794,125,102,207,544,existing,258.7965925719223,125,101,207,545,existing,279.01876300009855,125,110,207,405,existing,1133.6237894059195,125,99,207,405,existing,1133.6237894059195,125,100,207,28,existing,1253.0412677879135,125,111,207,405,existing,1133.6237894059195,125,104,207,434,existing,1324.5958013779452,125,105,207,434,existing,1324.5958013779452,125,113,207,634,existing,1555.9006400950104,125,103,207,66,existing,1551.8377866713824
126,126,82,208,29,existing,847.740006857189,126,82,208,34,existing,107.88371397857024,126,82,208,662,allocated,369.56739994684676,126,99,208,405,existing,1122.22608751608,126,111,208,405,existing,1122.22608751608,126,100,208,28,existing,1180.3127583965424,126,110,208,405,existing,1122.22608751608,126,114,208,261,existing,1656.622128590175,126,106,208,484,existing,1761.501750752989,126,102,208,544,existing,1907.4860276199386,126,98,208,262,existing,1557.8975705809319,126,113,208,634,existing,2149.876475924395,126,101,208,545,existing,1927.7081980481148
127,127,82,209,29,existing,937.4987825164335,127,82,209,34,existing,197.64248963781478,127,82,209,662,allocated,459.3261756060913,127,111,209,405,existing,1211.9848631753248,127,99,209,405,existing,1211.9848631753248,127,110,209,405,existing,1211.9848631753248,127,100,209,28,existing,1270.071534055787,127,106,209,484,existing,1851.2605264122335,127,98,209,262,existing,1647.6563462401764,127,102,209,544,existing,1997.244803279183,127,114,209,261,existing,1746.3809042494195,127,113,209,634,existing,2239.6352515836397,127,101,209,545,existing,2017.4669737073593
128,128,88,210,335,existing,556.572267258194,128,88,210,676,existing,652.0923861955263,128,88,210,319,allocated,677.7310203386816,128,108,210,335,existing,556.572267258194,128,107,210,335,existing,556.572267258194,128,109,210,386,existing,652.4879791719759,128,103,210,66,existing,1081.831266432309,128,104,210,434,existing,1309.073251725746,128,102,210,544,existing,1374.5088364493895,128,101,210,545,existing,1354.286666021213,128,105,210,434,existing,1309.073251725746,128,99,210,405,existing,2022.8346908925132,128,113,210,634,existing,1677.181193550554
129,129,84,211,544,existing,683.8436133655861,129,84,211,676,existing,1005.3270815840879,129,84,211,141,allocated,107.42237882446936,129,101,211,545,existing,663.6214429374098,129,102,211,544,existing,683.8436133655861,129,104,211,434,existing,1029.660276465072,129,105,211,434,existing,1029.660276465072,129,107,211,335,existing,1558.3853744318287,129,108,211,335,existing,1558.3853744318287,129,103,211,66,existing,1256.9022617585092,129,109,211,386,existing,1250.0574034556603,129,111,211,405,existing,1951.582678389732,129,110,211,405,existing,1951.582678389732
130,130,84,212,544,existing,630.2575311633126,130,84,212,676,existing,1099.7431793545434,130,84,212,141,allocated,13.006281054013877,130,101,212,545,existing,610.0353607351364,130,102,212,544,existing,630.2575311633126,130,104,212,434,existing,936.0529196924929,130,105,212,434,existing,936.0529196924929,130,103,212,66,existing,1163.2949049859303,130,109,212,386,existing,1344.4735012261156,130,108,212,335,existing,1652.8014722022842,130,107,212,335,existing,1652.8014722022842,130,111,212,405,existing,1897.9965961874589,130,110,212,405,existing,1897.9965961874589
131,131,90,213,523,existing,888.3397292068943,131,90,213,319,existing,535.3695600490879,131,90,213,319,allocated,535.3695600490879,131,97,213,216,existing,1015.4614900856091,131,112,213,218,existing,1116.7096198005358,131,107,213,335,existing,1247.703892113217,131,108,213,335,existing,1247.703892113217,131,109,213,386,existing,1534.7025389009386,131,110,213,405,existing,2057.5860348657834,131,103,213,66,existing,1964.0458261612716,131,113,213,634,existing,1711.9325375238243,131,111,213,405,existing,2057.5860348657834,131,99,213,405,existing,2057.5860348657834
132,132,90,214,523,existing,910.0153201522098,132,90,214,319,existing,557.0451509944036,132,90,214,319,allocated,557.0451509944036,132,97,214,216,existing,1037.1370810309247,132,112,214,218,existing,1138.3852107458513,132,107,214,335,existing,1269.379483058533,132,108,214,335,existing,1269.379483058533,132,110,214,405,existing,2079.2616258110993,132,113,214,634,existing,1733.6081284691397,132,103,214,66,existing,1985.721417106587,132,109,214,386,existing,1556.3781298462543,132,111,214,405,existing,2079.2616258110993,132,99,214,405,existing,2079.2616258110993
133,133,93,215,389,existing,902.3027440907382,133,93,215,23,existing,57.599904741469395,133,93,215,23,allocated,57.599904741469395,133,113,215,634,existing,1020.150723057616,133,112,215,218,existing,1131.3816490412182,133,111,215,405,existing,1181.7379402770537,133,99,215,405,existing,1181.7379402770537,133,107,215,335,existing,1438.8627482118522,133,97,215,216,existing,1422.3899914433862,133,109,215,386,existing,1332.4256946987975,133,110,215,405,existing,1181.7379402770537,133,108,215,335,existing,1438.8627482118522,133,102,215,544,existing,1614.2743976457996
134,134,90,218,523,existing,228.36989059364154,134,90,218,137,existing,783.2841470864083,134,90,218,219,allocated,19.030177871082422,134,112,218,218,existing,0.0,134,97,218,216,existing,291.00834240216807,134,99,218,405,existing,1184.6853757442464,134,113,218,634,existing,1080.637272940383,134,98,218,262,existing,1895.9448906661441,134,110,218,405,existing,1184.6853757442464,134,100,218,28,existing,1785.7429080479556,134,111,218,405,existing,1184.6853757442464,134,114,218,261,existing,1994.6694486753872,134,106,218,484,existing,2306.390679964178
135,135,93,219,389,existing,213.11150988426914,135,93,219,137,existing,764.2539692153259,135,93,219,219,allocated,0.0,135,112,219,218,existing,19.030177871082422,135,97,219,216,existing,310.03852027325047,135,113,219,634,existing,1061.6070950693004,135,99,219,405,existing,1165.6551978731638,135,98,219,262,existing,1895.6684321141565,135,111,219,405,existing,1165.6551978731638,135,100,219,28,existing,1766.7127301768733,135,110,219,405,existing,1165.6551978731638,135,106,219,484,existing,2306.114221412191,135,114,219,261,existing,1994.3929901233996
136,136,90,221,523,existing,987.1040397835109,136,90,221,319,existing,589.2051779402689,136,90,221,319,allocated,589.2051779402689,136,97,221,216,existing,1114.2258006622258,136,112,221,218,existing,1215.4739303771523,136,107,221,335,existing,1301.5395100043982,136,108,221,335,existing,1301.5395100043982,136,113,221,634,existing,1910.855635437176,136,104,221,434,existing,2234.511207494084,136,103,221,66,existing,2007.2692222006465,136,109,221,386,existing,1577.9259349403137,136,105,221,434,existing,2234.511207494084,136,99,221,405,existing,2256.509132779135
137,137,88,222,335,existing,1028.1810549802467,137,88,222,319,existing,315.8467229161175,137,88,222,319,allocated,315.8467229161175,137,108,222,335,existing,1028.1810549802467,137,107,222,335,existing,1028.1810549802467,137,97,222,216,existing,1387.584255686377,137,109,222,386,existing,1304.5674799161625,137,105,222,434,existing,1961.1527524699327,137,103,222,66,existing,1733.9107671764953,137,104,222,434,existing,1961.1527524699327,137,112,222,218,existing,1488.8323854013038,137,101,222,545,existing,2109.216170801734,137,113,222,634,existing,2061.3051882640866
138,138,88,223,335,existing,785.6118456009076,138,88,223,319,existing,534.6669104642602,138,88,223,179,allocated,423.0438842233014,138,107,223,335,existing,785.6118456009076,138,108,223,335,existing,785.6118456009076,138,109,223,386,existing,1002.1807001122987,138,103,223,66,existing,1431.5239873726316,138,97,223,216,existing,1754.2474112411408,138,105,223,434,existing,1658.765972666069,138,112,223,218,existing,1855.4955409560675,138,104,223,434,existing,1658.765972666069,138,101,223,545,existing,2067.667471359791,138,102,223,544,existing,2087.889641787967
139,139,90,226,523,existing,1071.6842695914982,139,90,226,319,existing,549.0518150090331,139,90,226,319,allocated,549.0518150090331,139,97,226,216,existing,1198.806030470213,139,107,226,335,existing,1261.3861470731624,139,108,226,335,existing,1261.3861470731624,139,112,226,218,existing,1300.0541601851396,139,113,226,634,existing,1528.5879971392203,139,111,226,405,existing,1874.2414944811794,139,109,226,386,existing,1548.3847938608837,139,110,226,405,existing,1874.2414944811794,139,99,226,405,existing,1874.2414944811794,139,103,226,66,existing,1977.7280811212167
140,140,90,227,523,existing,1194.8106518370964,140,90,227,319,existing,672.1781972546316,140,90,227,464,allocated,658.5450470292263,140,97,227,216,existing,1321.9324127158113,140,108,227,335,existing,1384.512529318761,140,112,227,218,existing,1423.1805424307381,140,107,227,335,existing,1384.512529318761,140,110,227,405,existing,1997.367876726778,140,113,227,634,existing,1651.7143793848186,140,111,227,405,existing,1997.367876726778,140,109,227,386,existing,1624.9157540528,140,102,227,544,existing,1998.8107668280204,140,99,227,405,existing,1997.367876726778
141,141,82,228,29,existing,920.747231468931,141,82,228,34,existing,180.89093859031237,141,82,228,662,allocated,442.5746245585889,141,111,228,405,existing,1195.2333121278223,141,99,228,405,existing,1195.2333121278223,141,100,228,28,existing,1253.3199830082845,141,110,228,405,existing,1195.2333121278223,141,106,228,484,existing,1834.5089753647312,141,102,228,544,existing,1980.4932522316808,141,114,228,261,existing,1729.6293532019172,141,98,228,262,existing,1630.904795192674,141,113,228,634,existing,2222.883700536137,141,101,228,545,existing,2000.7154226598568
142,142,93,229,389,existing,626.3614361088196,142,93,229,137,existing,500.1626077907821,142,93,229,220,allocated,610.6153535866923,142,112,229,218,existing,823.4966000424275,142,97,229,216,existing,995.6884532683196,142,110,229,405,existing,1556.1945974068067,142,113,229,634,existing,1394.6073801873688,142,109,229,386,existing,1939.9391771740725,142,99,229,405,existing,1556.1945974068067,142,111,229,405,existing,1556.1945974068067,142,107,229,335,existing,2003.2237465216251,142,108,229,335,existing,2003.2237465216251,142,100,229,28,existing,2157.252129710516
143,143,93,230,389,existing,671.3229071112667,143,93,230,137,existing,528.7843432506662,143,93,230,220,allocated,655.5768245891394,143,112,230,218,existing,868.4580710448746,143,97,230,216,existing,1017.895365944006,143,99,230,405,existing,1601.1560684092537,143,113,230,634,existing,1439.5688511898159,143,108,230,335,existing,1958.262275519178,143,109,230,386,existing,1894.9777061716254,143,111,230,405,existing,1601.1560684092537,143,110,230,405,existing,1601.1560684092537,143,102,230,544,existing,2176.8264091186275,143,107,230,335,existing,1958.262275519178
144,144,86,231,544,existing,714.0469236042801,144,86,231,676,existing,287.4227602056609,144,86,231,60,allocated,517.5909895092057,144,102,231,544,existing,714.0469236042801,144,101,231,545,existing,734.2690940324563,144,109,231,386,existing,1174.0827163507915,144,103,231,66,existing,1331.197293509304,144,107,231,335,existing,1351.3608991955575,144,111,231,405,existing,1383.3475225511097,144,99,231,405,existing,1383.3475225511097,144,108,231,335,existing,1351.3608991955575,144,113,231,634,existing,1410.3029509917817,144,110,231,405,existing,1383.3475225511097
145,145,86,232,544,existing,538.5157964569263,145,86,232,676,existing,462.9538873530147,145,86,232,60,allocated,342.0598623618519,145,102,232,544,existing,538.5157964569263,145,101,232,545,existing,558.7379668851025,145,109,232,386,existing,1349.6138434981453,145,99,232,405,existing,1413.3429932909237,145,108,232,335,existing,1526.8920263429113,145,103,232,66,existing,1506.7284206566578,145,110,232,405,existing,1413.3429932909237,145,111,232,405,existing,1413.3429932909237,145,100,232,28,existing,1532.7604716729174,145,107,232,335,existing,1526.8920263429113
146,146,87,233,446,existing,497.9030487526935,146,87,233,676,existing,305.81952635863837,146,87,233,429,allocated,335.60094822041503,146,109,233,386,existing,597.1525730012502,146,103,233,66,existing,737.9550069450048,146,102,233,544,existing,810.531655097962,146,101,233,545,existing,790.3094846697858,146,107,233,335,existing,905.4805439774186,146,108,233,335,existing,905.4805439774186,146,105,233,434,existing,965.1969922384421,146,104,233,434,existing,965.1969922384421,146,113,233,634,existing,1780.7603376583318,146,99,233,405,existing,1976.5898091154088
147,147,93,234,389,existing,705.321032849898,147,93,234,137,existing,579.1222045318602,147,93,234,220,allocated,689.5749503277706,147,112,234,218,existing,902.4561967835058,147,97,234,216,existing,1184.0122801756004,147,113,234,634,existing,1468.6550144254522,147,110,234,405,existing,1635.154194147885,147,108,234,335,existing,1835.2978454530858,147,111,234,405,existing,1635.154194147885,147,109,234,386,existing,1728.860791940031,147,99,234,405,existing,1635.154194147885,147,107,234,335,existing,1835.2978454530858,147,102,234,544,existing,2010.709494887033
148,148,93,235,389,existing,944.2158935933693,148,93,235,23,existing,537.8073881070055,148,93,235,23,allocated,537.8073881070055,148,112,235,218,existing,1141.3510575269772,148,113,235,634,existing,1229.7601536819811,148,109,235,386,existing,1489.9659311965597,148,97,235,216,existing,1326.4608459005722,148,99,235,405,existing,1575.4136510239402,148,111,235,405,existing,1575.4136510239402,148,110,235,405,existing,1575.4136510239402,148,108,235,335,existing,1596.4029847096144,148,102,235,544,existing,1771.8146341435618,148,107,235,335,existing,1596.4029847096144
149,149,88,236,335,existing,939.8004290244189,149,88,236,319,existing,311.51304797551234,149,88,236,319,allocated,311.51304797551234,149,108,236,335,existing,939.8004290244189,149,107,236,335,existing,939.8004290244189,149,113,236,634,existing,1433.9454173724566,149,109,236,386,existing,1159.3623559301454,149,102,236,544,existing,1533.2573687053662,149,103,236,66,existing,1583.6947970134215,149,101,236,545,existing,1545.4400051246885,149,110,236,405,existing,1779.598914714416,149,111,236,405,existing,1779.598914714416,149,99,236,405,existing,1779.598914714416
150,150,89,237,386,existing,967.5397890318973,150,89,237,319,existing,503.33561487376056,150,89,237,319,allocated,503.33561487376056,150,109,237,386,existing,967.5397890318973,150,107,237,335,existing,1073.976842544952,150,113,237,634,existing,1242.1228504742085,150,108,237,335,existing,1073.976842544952,150,103,237,66,existing,1391.8722301151734,150,102,237,544,existing,1341.434801807118,150,101,237,545,existing,1353.6174382264403,150,99,237,405,existing,1587.7763478161678,150,111,237,405,existing,1587.7763478161678,150,110,237,405,existing,1587.7763478161678
151,151,86,238,544,existing,445.7910515526508,151,86,238,676,existing,656.3461093814892,151,86,238,269,allocated,269.13830857151225,151,101,238,545,existing,425.5688811244745,151,102,238,544,existing,445.7910515526508,151,104,238,434,existing,1030.966971049047,151,109,238,386,existing,964.0598098924869,151,107,238,335,existing,1272.3877808686552,151,108,238,335,existing,1272.3877808686552,151,105,238,434,existing,1030.966971049047,151,103,238,66,existing,1104.8622438362415,151,99,238,405,existing,1713.530116576797,151,110,238,405,existing,1713.530116576797
152,152,84,239,544,existing,541.5855615166363,152,84,239,676,existing,745.7182695044924,152,84,239,270,allocated,268.7998102855986,152,101,239,545,existing,521.36339108846,152,102,239,544,existing,541.5855615166363,152,105,239,434,existing,935.1724610850615,152,104,239,434,existing,935.1724610850615,152,103,239,66,existing,1041.5817716935107,152,108,239,335,existing,1298.7765623522332,152,109,239,386,existing,990.4485913760647,152,107,239,335,existing,1298.7765623522332,152,110,239,405,existing,1809.3246265407824,152,99,239,405,existing,1809.3246265407824
153,153,84,240,544,existing,306.47869466420144,153,84,240,676,existing,694.9909891457395,153,84,240,60,allocated,110.0227605691271,153,102,240,544,existing,306.47869466420144,153,101,240,545,existing,326.7008650923777,153,111,240,405,existing,1181.305891498199,153,110,240,405,existing,1181.305891498199,153,99,240,405,existing,1181.305891498199,153,100,240,28,existing,1300.7233698801926,153,104,240,434,existing,1372.2779034702244,153,105,240,434,existing,1372.2779034702244,153,109,240,386,existing,1568.3148090939756,153,103,240,66,existing,1599.5198887636616
154,154,89,241,386,existing,958.0881562871198,154,89,241,319,existing,512.787247618538,154,89,241,319,allocated,512.787247618538,154,109,241,386,existing,958.0881562871198,154,107,241,335,existing,1064.5252098001745,154,108,241,335,existing,1064.5252098001745,154,113,241,634,existing,1232.671217729431,154,102,241,544,existing,1331.9831690623405,154,103,241,66,existing,1382.4205973703956,154,101,241,545,existing,1344.1658054816626,154,111,241,405,existing,1578.32471507139,154,99,241,405,existing,1578.32471507139,154,110,241,405,existing,1578.32471507139
155,155,82,243,29,existing,1172.0998674428172,155,82,243,655,existing,523.6008975410896,155,82,243,182,allocated,181.52299397772356,155,99,243,405,existing,1446.5859481017083,155,111,243,405,existing,1446.5859481017083,155,100,243,28,existing,1504.6726189821707,155,110,243,405,existing,1446.5859481017083,155,98,243,262,existing,1882.25743116656,155,114,243,261,existing,1980.9819891758032,155,102,243,544,existing,2231.8458882055666,155,106,243,484,existing,2085.861611338617,155,101,243,545,existing,2252.068058633743,155,113,243,634,existing,2474.236336510023
156,156,82,244,29,existing,1185.477026445721,156,82,244,655,existing,536.9780565439935,156,82,244,182,allocated,168.14583497481965,156,99,244,405,existing,1459.9631071046124,156,111,244,405,existing,1459.9631071046124,156,100,244,28,existing,1518.0497779850746,156,110,244,405,existing,1459.9631071046124,156,98,244,262,existing,1895.634590169464,156,114,244,261,existing,1994.359148178707,156,102,244,544,existing,2245.2230472084707,156,106,244,484,existing,2099.238770341521,156,101,244,545,existing,2265.4452176366467,156,113,244,634,existing,2487.6134955129273
157,157,82,246,29,existing,1111.5483348596645,157,82,246,34,existing,381.478708045941,157,82,246,665,allocated,394.2265127673883,157,99,246,405,existing,1386.0344155185558,157,111,246,405,existing,1386.0344155185558,157,100,246,28,existing,1444.1210863990182,157,110,246,405,existing,1386.0344155185558,157,106,246,484,existing,2025.3100787554645,157,114,246,261,existing,1920.4304565926504,157,102,246,544,existing,2171.2943556224145,157,98,246,262,existing,1821.7058985834074,157,101,246,545,existing,2191.5165260505905,157,113,246,634,existing,2413.6848039268707
158,158,82,247,29,existing,1308.5218560487167,158,82,247,34,existing,578.4522292349932,158,82,247,665,allocated,591.2000339564405,158,110,247,405,existing,1583.007936707608,158,111,247,405,existing,1583.007936707608,158,99,247,405,existing,1583.007936707608,158,100,247,28,existing,1641.0946075880702,158,106,247,484,existing,2222.283599944517,158,114,247,261,existing,2117.4039777817025,158,102,247,544,existing,2368.2678768114665,158,98,247,262,existing,2018.6794197724596,158,101,247,545,existing,2388.4900472396425,158,113,247,634,existing,2610.6583251159227
159,159,88,248,335,existing,175.33663747306744,159,88,248,372,existing,422.42906595721513,159,88,248,179,allocated,591.5272437066956,159,107,248,335,existing,175.33663747306744,159,108,248,335,existing,175.33663747306744,159,109,248,386,existing,462.33528426078897,159,103,248,66,existing,891.6785715211219,159,105,248,434,existing,1118.9205568145592,159,101,248,545,existing,1590.795781342516,159,104,248,434,existing,1118.9205568145592,159,102,248,544,existing,1611.0179517706924,159,97,248,216,existing,2087.828744725759,159,113,248,634,existing,1913.6903088718573
160,160,93,249,389,existing,945.2064447618732,160,93,249,443,existing,729.1332704728055,160,93,249,193,allocated,527.2652396203378,160,113,249,634,existing,95.13039092379945,160,99,249,405,existing,1122.7807793321142,160,110,249,405,existing,1122.7807793321142,160,111,249,405,existing,1122.7807793321142,160,102,249,544,existing,1785.1463066370366,160,112,249,218,existing,1175.7676638641824,160,97,249,216,existing,1466.7760062663501,160,100,249,28,existing,1723.8383116358236,160,98,249,262,existing,1954.5057712580224,160,101,249,545,existing,1805.3684770652126
161,161,93,250,389,existing,865.0758128002748,161,93,250,443,existing,649.002638511207,161,93,250,193,allocated,447.13460765873936,161,113,250,634,existing,14.99975896220104,161,111,250,405,existing,1042.6501473705157,161,99,250,405,existing,1042.6501473705157,161,110,250,405,existing,1042.6501473705157,161,97,250,216,existing,1386.6453743047518,161,100,250,28,existing,1643.7076796742251,161,112,250,218,existing,1095.6370319025839,161,102,250,544,existing,1705.015674675438,161,101,250,545,existing,1725.237845103614,161,98,250,262,existing,1874.375139296424
162,162,90,251,523,existing,1276.781478849743,162,90,251,319,existing,564.4514587142953,162,90,251,464,allocated,531.4513181043487,162,108,251,335,existing,1276.7857907784248,162,107,251,335,existing,1276.7857907784248,162,97,251,216,existing,1403.903239728458,162,109,251,386,existing,1497.8220251279224,162,102,251,544,existing,1871.717037903143,162,112,251,218,existing,1505.1513694433847,162,113,251,634,existing,1575.5393711257284,162,101,251,545,existing,1883.8996743224652,162,110,251,405,existing,1921.1928684676875,162,111,251,405,existing,1921.1928684676875
163,163,90,252,523,existing,1339.3975174062857,163,90,252,319,existing,627.0674972708382,163,90,252,464,allocated,468.83527954780584,163,108,252,335,existing,1339.4018293349677,163,107,252,335,existing,1339.4018293349677,163,97,252,216,existing,1466.5192782850006,163,109,252,386,existing,1435.2059865713795,163,112,252,218,existing,1567.7674079999274,163,101,252,545,existing,1821.2836357659223,163,102,252,544,existing,1809.1009993466,163,113,252,634,existing,1512.9233325691855,163,110,252,405,existing,1858.5768299111446,163,111,252,405,existing,1858.5768299111446
164,164,90,253,523,existing,1068.019654695715,164,90,253,319,existing,355.6896345602672,164,90,253,319,allocated,355.6896345602672,164,108,253,335,existing,1068.0239666243965,164,107,253,335,existing,1068.0239666243965,164,112,253,218,existing,1296.3895452893564,164,97,253,216,existing,1195.1414155744299,164,109,253,386,existing,1355.022613412118,164,113,253,634,existing,1721.9501775879862,164,103,253,66,existing,1784.3659006724508,164,104,253,434,existing,2011.6078859658883,164,110,253,405,existing,2067.6036749299456,164,105,253,434,existing,2011.6078859658883
165,165,89,254,386,existing,1217.9026468929767,165,89,254,23,existing,701.8823077235628,165,89,254,464,allocated,251.53193986940312,165,109,254,386,existing,1217.9026468929767,165,113,254,634,existing,1295.6199928907827,165,108,254,335,existing,1324.3397004060314,165,107,254,335,existing,1324.3397004060314,165,101,254,545,existing,1603.9802960875195,165,102,254,544,existing,1591.7976596681972,165,110,254,405,existing,1641.273490232742,165,97,254,216,existing,1577.5742348887381,165,111,254,405,existing,1641.273490232742,165,99,254,405,existing,1641.273490232742
166,166,89,255,386,existing,1211.8369983401246,166,89,255,23,existing,695.8166591707106,166,89,255,464,allocated,245.46629131655095,166,109,255,386,existing,1211.8369983401246,166,113,255,634,existing,1289.5543443379306,166,107,255,335,existing,1318.2740518531793,166,108,255,335,existing,1318.2740518531793,166,101,255,545,existing,1597.9146475346674,166,102,255,544,existing,1585.7320111153451,166,110,255,405,existing,1635.2078416798897,166,97,255,216,existing,1571.508586335886,166,111,255,405,existing,1635.2078416798897,166,99,255,405,existing,1635.2078416798897
167,167,94,256,278,existing,1070.9336105849393,167,94,256,443,existing,380.4832225285868,167,94,256,443,allocated,380.4832225285868,167,111,256,405,existing,987.5306736369207,167,99,256,405,existing,987.5306736369207,167,110,256,405,existing,987.5306736369207,167,113,256,634,existing,1014.4861020775928,167,109,256,386,existing,1368.3442608269472,167,101,256,545,existing,1109.6375551288654,167,102,256,544,existing,1089.4153847006892,167,100,256,28,existing,1464.6013204923117,167,107,256,335,existing,1474.781314340002,167,108,256,335,existing,1474.781314340002
168,168,94,257,278,existing,932.4617481643261,168,94,257,443,existing,242.01136010797353,168,94,257,443,allocated,242.01136010797353,168,99,257,405,existing,849.0588112163074,168,111,257,405,existing,849.0588112163074,168,110,257,405,existing,849.0588112163074,168,113,257,634,existing,876.0142396569795,168,101,257,545,existing,1248.1094175494786,168,100,257,28,existing,1326.1294580716985,168,102,257,544,existing,1227.8872471213024,168,109,257,386,existing,1506.8161232475604,168,108,257,335,existing,1613.2531767606151,168,107,257,335,existing,1613.2531767606151
169,169,82,258,29,existing,1295.0936758607672,169,82,258,34,existing,663.3634846603528,169,82,258,665,allocated,676.1112893818001,169,111,258,405,existing,1569.5797565196585,169,99,258,405,existing,1569.5797565196585,169,110,258,405,existing,1569.5797565196585,169,100,258,28,existing,1627.6664274001207,169,106,258,484,existing,2208.8554197565672,169,114,258,261,existing,2103.975797593753,169,102,258,544,existing,2354.839696623517,169,98,258,262,existing,2005.2512395845101,169,113,258,634,existing,2597.230144927974,169,101,258,545,existing,2375.0618670516933
170,170,82,259,29,existing,1280.290999185503,170,82,259,34,existing,678.1661613356171,170,82,259,665,allocated,690.9139660570644,170,111,259,405,existing,1554.7770798443944,170,110,259,405,existing,1554.7770798443944,170,99,259,405,existing,1554.7770798443944,170,100,259,28,existing,1612.8637507248566,170,106,259,484,existing,2194.052743081303,170,114,259,261,existing,2089.173120918489,170,102,259,544,existing,2340.0370199482527,170,98,259,262,existing,1990.448562909246,170,113,259,634,existing,2582.42746825271,170,101,259,545,existing,2360.259190376429
171,171,93,260,389,existing,1166.6124266068723,171,93,260,23,existing,498.04301409003915,171,93,260,23,allocated,498.04301409003915,171,113,260,634,existing,1189.9957796650147,171,112,260,218,existing,1363.7475905404801,171,111,260,405,existing,1535.649277006974,171,109,260,386,existing,1450.2015571795932,171,110,260,405,existing,1535.649277006974,171,97,260,216,existing,1548.8573789140753,171,99,260,405,existing,1535.649277006974,171,107,260,335,existing,1556.638610692648,171,102,260,544,existing,1732.0502601265955,171,108,260,335,existing,1556.638610692648
172,172,96,261,262,existing,98.72455800924307,172,96,261,662,existing,1287.0547286433282,172,96,261,261,allocated,0.0,172,114,261,261,existing,0.0,172,98,261,262,existing,98.72455800924307,172,106,261,484,existing,515.5891649498162,172,100,261,28,existing,476.30937019363245,172,111,261,405,existing,1022.9312163244379,172,102,261,544,existing,1809.0302274268684,172,110,261,405,existing,1022.9312163244379,172,99,261,405,existing,1022.9312163244379,172,113,261,634,existing,1958.099938343466,172,101,261,545,existing,1829.2523978550446
173,173,93,263,389,existing,995.911349247359,173,93,263,443,existing,348.97099102815287,173,93,263,443,allocated,348.97099102815287,173,113,263,634,existing,285.03188852085304,173,111,263,405,existing,956.0184421364868,173,99,263,405,existing,956.0184421364868,173,110,263,405,existing,956.0184421364868,173,102,263,544,existing,1404.9840271923838,173,112,263,218,existing,1226.472568349668,173,100,263,28,existing,1435.7987663124609,173,101,263,545,existing,1425.20619762056,173,98,263,262,existing,1758.947892323946,173,97,263,216,existing,1517.480910751836
174,174,93,264,389,existing,376.3141443916142,174,93,264,23,existing,577.3887928911131,174,93,264,193,allocated,346.46089122510193,174,112,264,218,existing,605.3930493420941,174,113,264,634,existing,778.5957399216402,174,97,264,216,existing,896.4013917442621,174,111,264,405,existing,940.1829571410778,174,99,264,405,existing,940.1829571410778,174,110,264,405,existing,940.1829571410778,174,100,264,28,existing,1541.2404894447873,174,98,264,262,existing,1767.2857549366759,174,109,264,386,existing,1860.6247588779415,174,114,264,261,existing,1866.010312945919
175,175,94,266,278,existing,1203.0915176210792,175,94,266,23,existing,358.49441591517007,175,94,266,464,allocated,331.6815530088012,175,113,266,634,existing,870.7862690908637,175,110,266,405,existing,1116.9789033524776,175,99,266,405,existing,1116.9789033524776,175,111,266,405,existing,1116.9789033524776,175,107,266,335,existing,1317.7015403344062,175,108,266,335,existing,1317.7015403344062,175,112,266,218,existing,1432.2761602149187,175,109,266,386,existing,1211.2644868213515,175,102,266,544,existing,1450.4505517315054,175,101,266,545,existing,1470.6727221596816
176,176,89,267,386,existing,1117.1742701135183,176,89,267,23,existing,315.5139673635968,176,89,267,464,allocated,240.66443590625556,176,113,267,634,existing,865.4156227183515,176,109,267,386,existing,1117.1742701135183,176,99,267,405,existing,1211.0691200603108,176,110,267,405,existing,1211.0691200603108,176,107,267,335,existing,1223.611323626573,176,102,267,544,existing,1356.3603350236722,176,108,267,335,existing,1223.611323626573,176,111,267,405,existing,1211.0691200603108,176,112,267,218,existing,1389.2957116633454,176,101,267,545,existing,1376.5825054518484
177,177,89,268,386,existing,1022.7755657107685,177,89,268,23,existing,409.91267176634665,177,89,268,464,allocated,335.0631403090054,177,113,268,634,existing,959.8143271211013,177,109,268,386,existing,1022.7755657107685,177,107,268,335,existing,1129.2126192238234,177,108,268,335,existing,1129.2126192238234,177,110,268,405,existing,1305.4678244630607,177,99,268,405,existing,1305.4678244630607,177,101,268,545,existing,1282.1838010490987,177,102,268,544,existing,1261.9616306209225,177,111,268,405,existing,1305.4678244630607,177,103,268,66,existing,1401.7528428944552
178,178,84,269,544,existing,262.51322889708877,178,84,269,676,existing,925.4844179530015,178,84,269,269,allocated,0.0,178,101,269,545,existing,242.29105846891252,178,102,269,544,existing,262.51322889708877,178,105,269,434,existing,928.3517800359368,178,104,269,434,existing,928.3517800359368,178,109,269,386,existing,1233.1981184639992,178,103,269,66,existing,1155.5937653293743,178,110,269,405,existing,1530.252293921235,178,99,269,405,existing,1530.252293921235,178,111,269,405,existing,1530.252293921235,178,107,269,335,existing,1541.5260894401677
179,179,85,270,544,existing,363.42512794331117,179,85,270,676,existing,1014.518079790091,179,85,270,270,allocated,0.0,179,101,270,545,existing,343.2029575151349,179,102,270,544,existing,363.42512794331117,179,105,270,434,existing,827.4398809897144,179,104,270,434,existing,827.4398809897144,179,109,270,386,existing,1259.2484016616631,179,108,270,335,existing,1567.5763726378318,179,107,270,335,existing,1567.5763726378318,179,103,270,66,existing,1054.6818662831517,179,111,270,405,existing,1631.1641929674572,179,99,270,405,existing,1631.1641929674572
180,180,94,279,278,existing,307.2310499962812,180,94,279,443,existing,385.9290153806544,180,94,279,527,allocated,62.236584537498814,180,99,279,405,existing,581.4812815216598,180,110,279,405,existing,581.4812815216598,180,102,279,544,existing,686.2577835024865,180,111,279,405,existing,581.4812815216598,180,101,279,545,existing,706.4799539306628,180,100,279,28,existing,700.8987599036536,180,113,279,634,existing,1019.9318949296605,180,98,279,262,existing,1024.0478859151387,180,114,279,261,existing,1122.7724439243818,180,106,279,484,existing,1282.0877522601
181,181,84,281,544,existing,386.48562979858923,181,84,281,676,existing,1001.57715158212,181,84,281,270,allocated,148.12630198228064,181,101,281,545,existing,366.263459370413,181,102,281,544,existing,386.48562979858923,181,105,281,434,existing,679.3135790074339,181,104,281,434,existing,679.3135790074339,181,108,281,335,existing,1528.9887022734113,181,109,281,386,existing,1220.6607312972428,181,103,281,66,existing,906.5555643008711,181,107,281,335,existing,1528.9887022734113,181,111,281,405,existing,1654.2246948227355,181,110,281,405,existing,1654.2246948227355
182,182,89,289,386,existing,614.2569929954936,182,89,289,676,existing,310.2371964826374,182,89,289,429,allocated,600.535493179749,182,109,289,386,existing,614.2569929954936,182,107,289,335,existing,922.5849639716621,182,108,289,335,existing,922.5849639716621,182,103,289,66,existing,984.8001333247907,182,105,289,434,existing,1212.0421186182282,182,104,289,434,existing,1212.0421186182282,182,102,289,544,existing,1023.0723441170503,182,101,289,545,existing,1002.8501736888741,182,113,289,634,existing,1785.1780077823307,182,111,289,405,existing,1981.007479239408
183,183,87,290,446,existing,329.0654555134637,183,87,290,676,existing,474.65711959786825,183,87,290,429,allocated,166.76335498118516,183,109,290,386,existing,477.4106480048466,183,103,290,66,existing,569.117413705775,183,107,290,335,existing,785.7386189810151,183,108,290,335,existing,785.7386189810151,183,104,290,434,existing,796.3593989992123,183,105,290,434,existing,796.3593989992123,183,102,290,544,existing,979.369248337192,183,101,290,545,existing,959.1470779090157,183,113,290,634,existing,1949.5979308975616,183,111,290,405,existing,2145.4274023546386
184,184,87,291,446,existing,251.11208791556368,184,87,291,676,existing,552.6104871957682,184,87,291,429,allocated,88.80998738328516,184,109,291,386,existing,440.40341698358526,184,103,291,66,existing,491.1640461078749,184,105,291,434,existing,718.4060314013122,184,104,291,434,existing,718.4060314013122,184,108,291,335,existing,748.7313879597536,184,101,291,545,existing,1037.1004455069155,184,107,291,335,existing,748.7313879597536,184,102,291,544,existing,1057.3226159350918,184,113,291,634,existing,2027.5512984954617,184,110,291,405,existing,2223.3807699525387
185,185,95,292,136,existing,333.25826373035176,185,95,292,676,existing,691.1795633238185,185,95,292,296,allocated,180.84411090763695,185,109,292,386,existing,578.9724931116356,185,103,292,66,existing,629.7331222359253,185,104,292,434,existing,856.9751075293626,185,105,292,434,existing,856.9751075293626,185,102,292,544,existing,1009.1914298376723,185,108,292,335,existing,887.300464087804,185,107,292,335,existing,887.300464087804,185,101,292,545,existing,988.9692594094961,185,110,292,405,existing,2276.9304948618183,185,113,292,634,existing,2166.120374623512
186,186,95,296,136,existing,152.4141528227148,186,95,296,676,existing,842.9802819154563,186,95,296,296,allocated,0.0,186,109,296,386,existing,578.5169463855658,186,103,296,66,existing,629.2775755098555,186,105,296,434,existing,848.2384505029866,186,104,296,434,existing,848.2384505029866,186,107,296,335,existing,886.8449173617344,186,108,296,335,existing,886.8449173617344,186,102,296,544,existing,953.8897577002916,186,101,296,545,existing,933.6675872721154,186,99,296,405,existing,2221.6288227244377,186,110,296,405,existing,2221.6288227244377
187,187,95,297,136,existing,427.33316497410686,187,95,297,676,existing,622.956494340747,187,95,297,296,allocated,274.91901215139205,187,109,297,386,existing,625.7100227477255,187,103,297,66,existing,717.4167884486538,187,101,297,545,existing,886.1019597167992,187,102,297,544,existing,906.3241301449755,187,108,297,335,existing,934.0379937238939,187,104,297,434,existing,944.6587737420912,187,107,297,335,existing,934.0379937238939,187,105,297,434,existing,944.6587737420912,187,113,297,634,existing,2097.8973056404407,187,110,297,405,existing,2174.0631951691216
188,188,88,298,335,existing,717.2071302704912,188,88,298,676,existing,403.317607169417,188,88,298,464,allocated,720.7165445027518,188,108,298,335,existing,717.2071302704912,188,107,298,335,existing,717.2071302704912,188,109,298,386,existing,719.2130685739913,188,101,298,545,existing,1105.5118869951039,188,105,298,434,existing,1371.0086641772743,188,102,298,544,existing,1125.73405742328,188,103,298,66,existing,1143.766678883837,188,104,298,434,existing,1371.0086641772743,188,113,298,634,existing,1389.303761127313,188,99,298,405,existing,1734.9572584692723
189,189,89,299,386,existing,656.8362960270825,189,89,299,676,existing,340.94083462250825,189,89,299,464,allocated,658.3397719558432,189,109,299,386,existing,656.8362960270825,189,107,299,335,existing,763.2733495401374,189,101,299,545,existing,1043.135114448195,189,108,299,335,existing,763.2733495401374,189,105,299,434,existing,1308.6318916303655,189,104,299,434,existing,1308.6318916303655,189,103,299,66,existing,1081.389906336928,189,102,299,544,existing,1063.3572848763713,189,113,299,634,existing,1326.9269885804044,189,110,299,405,existing,1672.5804859223636
190,190,89,300,386,existing,137.32914215467048,190,89,300,372,existing,547.3677802941874,190,89,300,446,existing,267.8203242916562,190,109,300,386,existing,137.32914215467048,190,107,300,335,existing,445.6571131308389,190,108,300,335,existing,445.6571131308389,190,103,300,66,existing,507.8722824839675,190,104,300,434,existing,735.1142677774048,190,105,300,434,existing,735.1142677774048,190,102,300,544,existing,1269.2160485488807,190,101,300,545,existing,1248.9938781207045,190,111,300,405,existing,2199.3483848735486,190,113,300,634,existing,1853.6948875315893
191,191,88,302,335,existing,492.24397468568134,191,88,302,372,existing,469.25938230849954,191,88,302,179,allocated,300.16120455901904,191,107,302,335,existing,492.24397468568134,191,108,302,335,existing,492.24397468568134,191,103,302,66,existing,1208.5859087337358,191,109,302,386,existing,779.2426214734028,191,105,302,434,existing,1435.8278940271732,191,102,302,544,existing,1816.5163243100315,191,104,302,434,existing,1435.8278940271732,191,101,302,545,existing,1796.294153881855,191,97,302,216,existing,2047.6152821563671,191,113,302,634,existing,2111.1281324319243
192,192,88,303,335,existing,374.74368316936494,192,88,303,372,existing,586.759673824816,192,88,303,179,allocated,417.66149607533544,192,107,303,335,existing,374.74368316936494,192,108,303,335,existing,374.74368316936494,192,103,303,66,existing,1091.0856172174194,192,109,303,386,existing,661.7423299570864,192,102,303,544,existing,1699.016032793715,192,105,303,434,existing,1318.3276025108567,192,101,303,545,existing,1678.7938623655386,192,104,303,434,existing,1318.3276025108567,192,113,303,634,existing,1993.627840915608,192,97,303,216,existing,2150.28233171663
193,193,88,304,335,existing,581.8052478561008,193,88,304,372,existing,366.08811371332547,193,88,304,179,allocated,196.98993596384497,193,108,304,335,existing,581.8052478561008,193,107,304,335,existing,581.8052478561008,193,109,304,386,existing,776.1267518528424,193,103,304,66,existing,1205.4700391131753,193,104,304,434,existing,1432.7120244066127,193,105,304,434,existing,1432.7120244066127,193,101,304,545,existing,1896.4034002686285,193,102,304,544,existing,1916.6255706968045,193,97,304,216,existing,1974.6729939837849,193,112,304,218,existing,2075.9211236987117
194,194,89,305,386,existing,659.4864400037875,194,89,305,676,existing,298.01464547305443,194,89,305,464,allocated,698.3522660159864,194,109,305,386,existing,659.4864400037875,194,107,305,335,existing,765.9234935168422,194,101,305,545,existing,1000.2089252987412,194,108,305,335,existing,765.9234935168422,194,105,305,434,existing,1265.7057024809117,194,104,305,434,existing,1265.7057024809117,194,103,305,66,existing,1038.4637171874742,194,102,305,544,existing,1020.4310957269174,194,113,305,634,existing,1323.1034528280825,194,110,305,405,existing,1668.7569501700414
195,195,89,306,386,existing,652.0128848014103,195,89,306,676,existing,282.10695341628747,195,89,306,464,allocated,714.2599580727533,195,109,306,386,existing,652.0128848014103,195,107,306,335,existing,781.8311855736092,195,108,306,335,existing,781.8311855736092,195,101,306,545,existing,984.3012332419743,195,103,306,66,existing,1022.5560251307073,195,105,306,434,existing,1249.7980104241446,195,104,306,434,existing,1249.7980104241446,195,102,306,544,existing,1004.5234036701505,195,110,306,405,existing,1684.6646422268086,195,113,306,634,existing,1339.0111448848493
196,196,93,315,389,existing,508.36387272159055,196,93,315,137,existing,382.1650444035529,196,93,315,23,allocated,408.7708261761868,196,112,315,218,existing,705.4990366551984,196,97,315,216,existing,996.5073790573665,196,99,315,405,existing,1213.5372826502348,196,113,315,634,existing,1051.9500654307972,196,110,315,405,existing,1213.5372826502348,196,111,315,405,existing,1213.5372826502348,196,109,315,386,existing,1798.7964256164537,196,100,315,28,existing,1814.594814953944,196,107,315,335,existing,1905.2334791295084,196,108,315,335,existing,1905.2334791295084
197,197,95,317,136,existing,413.7678230189633,197,95,317,676,existing,581.6266117192077,197,95,317,296,allocated,261.3536701962485,197,101,317,545,existing,685.4550488737445,197,102,317,544,existing,705.6772193019208,197,103,317,66,existing,890.631245706104,197,109,317,386,existing,826.35693359078,197,104,317,434,existing,1099.264118870346,197,107,317,335,existing,1134.6849045669485,197,105,317,434,existing,1099.264118870346,197,108,317,335,existing,1134.6849045669485,197,111,317,405,existing,1973.416284326067,197,99,317,405,existing,1973.416284326067
198,198,88,326,335,existing,530.2900705603683,198,88,326,372,existing,283.1976420762207,198,88,326,179,allocated,114.09946432674019,198,107,326,335,existing,530.2900705603683,198,108,326,335,existing,530.2900705603683,198,103,326,66,existing,1122.5795674760705,198,109,326,386,existing,693.2362802157376,198,105,326,434,existing,1349.821552769508,198,101,326,545,existing,1979.2938719057333,198,104,326,434,existing,1349.821552769508,198,102,326,544,existing,1999.5160423339094,198,112,326,218,existing,2158.8115953358165,198,97,326,216,existing,2057.56346562089
199,199,86,330,544,existing,412.533303441194,199,86,330,443,existing,643.4797327230369,199,86,330,49,allocated,202.40230576084085,199,102,330,544,existing,412.533303441194,199,101,330,545,existing,432.75547386937023,199,110,330,405,existing,855.2057615829522,199,111,330,405,existing,855.2057615829522,199,100,330,28,existing,974.6232399649459,199,99,330,405,existing,855.2057615829522,199,98,330,262,existing,1297.7723659764313,199,113,330,634,existing,1277.4826122720428,199,114,330,261,existing,1396.4969239856744,199,104,330,434,existing,1478.332512247217
200,200,93,334,389,existing,510.8986326854207,200,93,334,137,existing,384.6998043673831,200,93,334,220,allocated,495.15255016329337,200,112,334,218,existing,708.0337966190285,200,97,334,216,existing,963.8675694956869,200,113,334,634,existing,1279.14457676397,200,110,334,405,existing,1440.7317939834077,200,111,334,405,existing,1440.7317939834077,200,108,334,335,existing,2034.216363980715,200,99,334,405,existing,1440.7317939834077,200,109,334,386,existing,1994.5745948541626,200,107,334,335,existing,2034.216363980715,200,100,334,28,existing,2041.789326287117
201,201,88,335,335,existing,0.0,201,88,335,372,existing,247.09242848414766,201,88,335,179,allocated,416.19060623362816,201,107,335,335,existing,0.0,201,108,335,335,existing,0.0,201,103,335,66,existing,737.6712582365013,201,109,335,386,existing,308.32797097616844,201,105,335,434,existing,964.9132435299387,201,101,335,545,existing,1694.6509912515435,201,104,335,434,existing,964.9132435299387,201,102,335,544,existing,1714.8731616797197,201,113,335,634,existing,2089.0269463449245,201,97,335,216,existing,2263.1653821988266
202,202,88,336,335,existing,152.00763906655598,202,88,336,372,existing,399.10006755070367,202,88,336,446,existing,429.4658471996539,202,107,336,335,existing,152.00763906655598,202,108,336,335,existing,152.00763906655598,202,103,336,66,existing,669.5178053919652,202,109,336,386,existing,240.1745181316323,202,102,336,544,existing,1646.7197088351836,202,105,336,434,existing,896.7597906854025,202,104,336,434,existing,896.7597906854025,202,101,336,545,existing,1626.4975384070071,202,110,336,405,existing,2324.105757975458,202,113,336,634,existing,1978.452260633499
203,203,82,337,29,existing,1304.3954913147236,203,82,337,34,existing,564.5391984361049,203,82,337,665,allocated,340.2186509296888,203,99,337,405,existing,1578.8815719736149,203,111,337,405,existing,1578.8815719736149,203,100,337,28,existing,1636.968242854077,203,110,337,405,existing,1578.8815719736149,203,106,337,484,existing,2218.1572352105236,203,114,337,261,existing,2113.2776130477096,203,102,337,544,existing,2364.141512077473,203,98,337,262,existing,2014.5530550384665,203,101,337,545,existing,2384.363682505649,203,113,337,634,existing,2606.53196038193
204,204,82,338,29,existing,1258.1498122597316,204,82,338,34,existing,518.2935193811129,204,82,338,665,allocated,293.9729718746968,204,99,338,405,existing,1532.6358929186226,204,111,338,405,existing,1532.6358929186226,204,100,338,28,existing,1590.722563799085,204,110,338,405,existing,1532.6358929186226,204,106,338,484,existing,2171.911556155532,204,114,338,261,existing,2067.0319339927173,204,102,338,544,existing,2317.8958330224814,204,98,338,262,existing,1968.3073759834745,204,101,338,545,existing,2338.1180034506574,204,113,338,634,existing,2560.2862813269376
205,205,89,339,386,existing,636.3460909894982,205,89,339,676,existing,321.1549944873438,205,89,339,464,allocated,678.8299769934275,205,109,339,386,existing,636.3460909894982,205,107,339,335,existing,742.7831445025529,205,101,339,545,existing,1023.3492743130306,205,108,339,335,existing,742.7831445025529,205,104,339,434,existing,1288.846051495201,205,105,339,434,existing,1288.846051495201,205,103,339,66,existing,1061.6040662017638,205,102,339,544,existing,1043.571444741207,205,113,339,634,existing,1346.2438018423718,205,110,339,405,existing,1691.897299184331
206,206,89,340,386,existing,464.3869521923999,206,89,340,676,existing,493.114133284442,206,89,340,446,existing,653.6782812604215,206,109,340,386,existing,464.3869521923999,206,107,340,335,existing,612.2569590605851,206,108,340,335,existing,612.2569590605851,206,103,340,66,existing,893.7302394527328,206,105,340,434,existing,1120.9722247461702,206,104,340,434,existing,1120.9722247461702,206,102,340,544,existing,1215.530583538305,206,101,340,545,existing,1195.3084131101289,206,110,340,405,existing,1863.856437981429,206,113,340,634,existing,1518.20294063947
207,207,88,341,335,existing,194.59104572391664,207,88,341,372,existing,441.68347420806435,207,88,341,446,existing,386.88244054229324,207,108,341,335,existing,194.59104572391664,207,107,341,335,existing,194.59104572391664,207,103,341,66,existing,626.9343987346045,207,109,341,386,existing,197.59111147427166,207,105,341,434,existing,854.1763840280419,207,104,341,434,existing,854.1763840280419,207,101,341,545,existing,1583.9141317496467,207,102,341,544,existing,1604.136302177823,207,111,341,405,existing,2281.522351318097,207,113,341,634,existing,1935.8688539761383
208,208,88,342,335,existing,488.36324497123803,208,88,342,372,existing,507.740695023828,208,88,342,179,allocated,338.6425172743475,208,108,342,335,existing,488.36324497123803,208,107,342,335,existing,488.36324497123803,208,103,342,66,existing,1204.7051790192925,208,109,342,386,existing,775.3618917589595,208,101,342,545,existing,1792.413424167412,208,104,342,434,existing,1431.94716431273,208,105,342,434,existing,1431.94716431273,208,102,342,544,existing,1812.635594595588,208,97,342,216,existing,2086.0965948716957,208,113,342,634,existing,2107.247402717481
209,209,88,343,335,existing,360.55541302332097,209,88,343,372,existing,607.6478415074687,209,88,343,179,allocated,466.45034922226455,209,107,343,335,existing,360.55541302332097,209,108,343,335,existing,360.55541302332097,209,109,343,386,existing,647.5540598110425,209,103,343,66,existing,1076.8973470713754,209,102,343,544,existing,1684.827762647671,209,101,343,545,existing,1664.6055922194946,209,105,343,434,existing,1304.1393323648128,209,104,343,434,existing,1304.1393323648128,209,113,343,634,existing,1979.439570769564,209,97,343,216,existing,2136.094061570586
210,210,93,345,389,existing,301.79983269080964,210,93,345,137,existing,556.2438256824837,210,93,345,220,allocated,284.7017131173699,210,112,345,218,existing,497.5829595731051,210,97,345,216,existing,738.4762555055955,210,111,345,405,existing,1247.7419793737977,210,113,345,634,existing,1086.15476215436,210,100,345,28,existing,1848.7995116775069,210,98,345,262,existing,2074.8447771693955,210,99,345,405,existing,1247.7419793737977,210,110,345,405,existing,1247.7419793737977,210,114,345,261,existing,2173.5693351786385,210,107,345,335,existing,2198.8385825360647
211,211,93,346,389,existing,252.78080035695248,211,93,346,137,existing,605.2628580163408,211,93,346,220,allocated,235.68268078351267,211,112,346,218,existing,448.56392723924785,211,97,346,216,existing,739.5722696414159,211,110,346,405,existing,1198.7229470399404,211,113,346,634,existing,1037.1357298205028,211,100,346,28,existing,1799.7804793436499,211,111,346,405,existing,1198.7229470399404,211,99,346,405,existing,1198.7229470399404,211,98,346,262,existing,2025.8257448355384,211,114,346,261,existing,2124.5503028447815,211,108,346,335,existing,2247.857614869922
212,212,88,347,335,existing,568.2483489504338,212,88,347,319,existing,550.6999095736113,212,88,347,179,allocated,418.5276212535432,212,108,347,335,existing,568.2483489504338,212,107,347,335,existing,568.2483489504338,212,109,347,386,existing,855.2469957381552,212,103,347,66,existing,1284.5902829984882,212,102,347,544,existing,1819.881336342466,212,104,347,434,existing,1511.8322682919256,212,101,347,545,existing,1799.65916591429,212,105,347,434,existing,1511.8322682919256,212,97,347,216,existing,2007.6092356978534,212,112,347,218,existing,2108.85736541278
213,213,88,348,335,existing,511.4263918783399,213,88,348,319,existing,460.80390803932426,213,88,348,319,allocated,460.80390803932426,213,108,348,335,existing,511.4263918783399,213,107,348,335,existing,511.4263918783399,213,103,348,66,existing,1227.7683259263945,213,109,348,386,existing,798.4250386660615,213,105,348,434,existing,1455.0103112198317,213,102,348,544,existing,1729.9853348081792,213,101,348,545,existing,1709.7631643800032,213,104,348,434,existing,1455.0103112198317,213,97,348,216,existing,1917.7132341635663,213,112,348,218,existing,2018.961363878493
214,214,83,350,483,existing,267.4298829940548,214,83,350,23,existing,1469.9768688197037,214,83,350,350,allocated,0.0,214,98,350,262,existing,869.1419468284823,214,114,350,261,existing,967.8665048377254,214,113,350,634,existing,1271.3217823693062,214,100,350,28,existing,1245.9948076233059,214,106,350,484,existing,1286.0065537690557,214,97,350,216,existing,1346.0239504037017,214,110,350,405,existing,1371.8639173785941,214,112,350,218,existing,1307.891292701227,214,99,350,405,existing,1371.8639173785941,214,111,350,405,existing,1371.8639173785941
215,215,84,351,544,existing,391.1540551940339,215,84,351,676,existing,477.4396820612726,215,84,351,455,allocated,290.5018532413728,215,101,351,545,existing,370.93188476585766,215,102,351,544,existing,391.1540551940339,215,109,351,386,existing,1149.5315621816953,215,105,351,434,existing,1255.6488600947346,215,107,351,335,existing,1395.2005340497258,215,108,351,335,existing,1395.2005340497258,215,103,351,66,existing,1291.4730335211111,215,104,351,434,existing,1255.6488600947346,215,111,351,405,existing,1600.0891384104789,215,99,351,405,existing,1600.0891384104789
216,216,86,352,544,existing,307.6020377618473,216,86,352,676,existing,560.9916994934592,216,86,352,455,allocated,206.94983580918623,216,101,352,545,existing,287.3798673336711,216,102,352,544,existing,307.6020377618473,216,104,352,434,existing,1172.0968426625482,216,109,352,386,existing,1098.943152941704,216,108,352,335,existing,1407.2711239178725,216,107,352,335,existing,1407.2711239178725,216,105,352,434,existing,1172.0968426625482,216,103,352,66,existing,1240.8846242811196,216,110,352,405,existing,1575.3411027859934,216,99,352,405,existing,1575.3411027859934
217,217,82,353,29,existing,975.7543374054042,217,82,353,655,existing,327.2553675036766,217,82,353,182,allocated,168.5981346668869,217,99,353,405,existing,1250.2404180642955,217,111,353,405,existing,1250.2404180642955,217,100,353,28,existing,1308.3270889447576,217,110,353,405,existing,1250.2404180642955,217,98,353,262,existing,1685.9119011291473,217,114,353,261,existing,1784.6364591383904,217,102,353,544,existing,2035.500358168154,217,106,353,484,existing,1889.5160813012044,217,101,353,545,existing,2055.72252859633,217,113,353,634,existing,2277.89080647261
218,218,82,354,29,existing,1086.5405937219818,218,82,354,655,existing,438.0416238202543,218,82,354,182,allocated,57.811878350309186,218,99,354,405,existing,1361.0266743808731,218,111,354,405,existing,1361.0266743808731,218,100,354,28,existing,1419.1133452613353,218,110,354,405,existing,1361.0266743808731,218,98,354,262,existing,1796.698157445725,218,114,354,261,existing,1895.422715454968,218,102,354,544,existing,2146.2866144847317,218,106,354,484,existing,2000.302337617782,218,101,354,545,existing,2166.5087849129077,218,113,354,634,existing,2388.677062789188
219,219,82,355,29,existing,826.6281575542205,219,82,355,34,existing,258.22258468490094,219,82,355,576,allocated,402.0334526014697,219,99,355,405,existing,1101.1142382131118,219,111,355,405,existing,1101.1142382131118,219,100,355,28,existing,1159.2009090935742,219,110,355,405,existing,1101.1142382131118,219,114,355,261,existing,1635.5102792872065,219,98,355,262,existing,1536.7857212779634,219,102,355,544,existing,1886.3741783169703,219,106,355,484,existing,1740.3899014500205,219,101,355,545,existing,1906.5963487451465,219,113,355,634,existing,2128.7646266214265
220,220,82,356,29,existing,1011.6370413231934,220,82,356,34,existing,443.23146845387384,220,82,356,665,allocated,494.1378063038594,220,99,356,405,existing,1286.1231219820847,220,111,356,405,existing,1286.1231219820847,220,100,356,28,existing,1344.2097928625471,220,110,356,405,existing,1286.1231219820847,220,106,356,484,existing,1925.3987852189935,220,114,356,261,existing,1820.5191630561794,220,102,356,544,existing,2071.3830620859435,220,98,356,262,existing,1721.7946050469363,220,101,356,545,existing,2091.6052325141195,220,113,356,634,existing,2313.7735103903997
221,221,87,357,446,existing,682.7975508655386,221,87,357,676,existing,438.32017253123774,221,87,357,429,allocated,520.4954503332601,221,101,357,545,existing,696.8665004362166,221,102,357,544,existing,717.0886708643928,221,103,357,66,existing,922.8495090578499,221,109,357,386,existing,780.9080377184343,221,108,357,335,existing,1089.2360086946028,221,107,357,335,existing,1089.2360086946028,221,105,357,434,existing,1150.0914943512873,221,104,357,434,existing,1150.0914943512873,221,113,357,634,existing,1913.260983830931,221,111,357,405,existing,1984.827735888539
222,222,87,358,446,existing,637.0717919259007,222,87,358,676,existing,392.5944135915998,222,87,358,429,allocated,474.76969139362217,222,101,358,545,existing,651.1407414965787,222,102,358,544,existing,671.3629119247549,222,109,358,386,existing,735.1822787787963,222,103,358,66,existing,877.123750118212,222,108,358,335,existing,1043.510249754965,222,107,358,335,existing,1043.510249754965,222,105,358,434,existing,1104.3657354116494,222,104,358,434,existing,1104.3657354116494,222,113,358,634,existing,1867.5352248912932,222,111,358,405,existing,1939.101976948901
223,223,93,359,389,existing,836.6642310611037,223,93,359,443,existing,508.2181092144082,223,93,359,193,allocated,418.72302591956833,223,113,359,634,existing,125.78477033459777,223,110,359,405,existing,1014.2385656313447,223,99,359,405,existing,1014.2385656313447,223,111,359,405,existing,1014.2385656313447,223,97,359,216,existing,1358.2337925655806,223,101,359,545,existing,1584.4533158068152,223,112,359,218,existing,1067.225450163413,223,102,359,544,existing,1564.2311453786392,223,98,359,262,existing,1845.963557557253,223,100,359,28,existing,1595.045884498716
224,224,88,360,335,existing,325.8778000011542,224,88,360,319,existing,571.4180933681353,224,88,360,319,allocated,571.4180933681353,224,107,360,335,existing,325.8778000011542,224,108,360,335,existing,325.8778000011542,224,109,360,386,existing,552.6691463797633,224,103,360,66,existing,982.0124336400962,224,102,360,544,existing,1460.4767892426057,224,101,360,545,existing,1440.2546188144293,224,105,360,434,existing,1209.2544189335335,224,104,360,434,existing,1209.2544189335335,224,113,360,634,existing,1763.1491463437706,224,97,360,216,existing,2028.3274194923772
225,225,88,361,335,existing,365.56889717460564,225,88,361,319,existing,611.1091905415867,225,88,361,319,allocated,611.1091905415867,225,107,361,335,existing,365.56889717460564,225,108,361,335,existing,365.56889717460564,225,109,361,386,existing,512.9780492063119,225,103,361,66,existing,942.3213364666448,225,102,361,544,existing,1500.1678864160572,225,101,361,545,existing,1479.9457159878807,225,105,361,434,existing,1169.563321760082,225,104,361,434,existing,1169.563321760082,225,97,361,216,existing,2068.018516665829,225,113,361,634,existing,1802.840243517222
226,226,88,362,335,existing,563.9217893709772,226,88,362,319,existing,242.3342667036068,226,88,362,319,allocated,242.3342667036068,226,107,362,335,existing,563.9217893709772,226,108,362,335,existing,563.9217893709772,226,109,362,386,existing,850.9204361586986,226,103,362,66,existing,1280.2637234190315,226,104,362,434,existing,1507.505708712469,226,102,362,544,existing,1665.1790756206406,226,101,362,545,existing,1644.956905192464,226,105,362,434,existing,1507.505708712469,226,97,362,216,existing,1699.243592827849,226,112,362,218,existing,1800.4917225427757
227,227,83,364,483,existing,61.61910345069956,227,83,364,23,existing,1676.6033833506021,227,83,364,364,allocated,0.0,227,98,364,262,existing,1096.4610376879623,227,114,364,261,existing,1195.1855956972054,227,97,364,216,existing,1246.7315390358488,227,112,364,218,existing,1208.598881333374,227,100,364,28,existing,1473.3138984827856,227,106,364,484,existing,1513.3256446285354,227,99,364,405,existing,1599.183008238074,227,113,364,634,existing,1498.640873228786,227,110,364,405,existing,1599.183008238074,227,111,364,405,existing,1599.183008238074
228,228,93,374,389,existing,488.8515416340126,228,93,374,23,existing,370.88172020009574,228,93,374,193,allocated,266.3238828729509,228,113,374,634,existing,698.4587315694891,228,112,374,218,existing,717.9304465844925,228,111,374,405,existing,860.0459487889268,228,99,374,405,existing,860.0459487889268,228,110,374,405,existing,860.0459487889268,228,97,374,216,existing,1008.9387889866606,228,100,374,28,existing,1461.1034810926362,228,98,374,262,existing,1687.1487465845248,228,109,374,386,existing,1745.8768971555232,228,114,374,261,existing,1785.873304593768
229,229,93,375,389,existing,534.731147118312,229,93,375,23,existing,416.76132568439516,229,93,375,193,allocated,220.4442773886515,229,113,375,634,existing,652.5791260851897,229,112,375,218,existing,763.810052068792,229,110,375,405,existing,814.1663433046274,229,99,375,405,existing,814.1663433046274,229,100,375,28,existing,1415.2238756083368,229,98,375,262,existing,1641.2691411002252,229,111,375,405,existing,814.1663433046274,229,97,375,216,existing,1054.81839447096,229,109,375,386,existing,1699.9972916712236,229,114,375,261,existing,1739.9936991094683
230,230,93,376,389,existing,384.6364571690097,230,93,376,23,existing,475.0968046650986,230,93,376,193,allocated,370.53896733795375,230,112,376,218,existing,613.7153621194896,230,113,376,634,existing,802.6738160344921,230,97,376,216,existing,904.7237045216576,230,111,376,405,existing,964.2610332539297,230,110,376,405,existing,964.2610332539297,230,98,376,262,existing,1791.3638310495276,230,99,376,405,existing,964.2610332539297,230,100,376,28,existing,1565.318565557639,230,114,376,261,existing,1890.0883890587706,230,109,376,386,existing,1850.091981620526
231,231,93,377,389,existing,440.9132373835197,231,93,377,23,existing,512.7896998992076,231,93,377,193,allocated,281.8617982331964,231,112,377,218,existing,669.9921423339996,231,113,377,634,existing,713.9966469297347,231,111,377,405,existing,875.5838641491723,231,99,377,405,existing,875.5838641491723,231,98,377,262,existing,1702.68666194477,231,100,377,28,existing,1476.6413964528817,231,110,377,405,existing,875.5838641491723,231,97,377,216,existing,961.0004847361677,231,109,377,386,existing,1796.0256658860362,231,114,377,261,existing,1801.4112199540132
232,232,93,378,389,existing,478.12654841599533,232,93,378,23,existing,475.5763888667319,232,93,378,193,allocated,244.64848720072072,232,113,378,634,existing,676.783335897259,232,112,378,218,existing,707.2054533664752,232,111,378,405,existing,838.3705531166967,232,99,378,405,existing,838.3705531166967,232,100,378,28,existing,1439.4280854204062,232,98,378,262,existing,1665.4733509122948,232,110,378,405,existing,838.3705531166967,232,97,378,216,existing,998.2137957686433,232,109,378,386,existing,1758.8123548535605,232,114,378,261,existing,1764.1979089215379
233,233,93,379,389,existing,184.26059272669116,233,93,379,137,existing,401.88839042610925,233,93,379,389,allocated,184.26059272669116,233,112,379,218,existing,413.339497677171,233,97,379,216,existing,704.347840079339,233,113,379,634,existing,968.6155221902413,233,111,379,405,existing,1130.2027394096792,233,100,379,28,existing,1731.2602717133886,233,99,379,405,existing,1130.2027394096792,233,98,379,262,existing,1957.3055372052772,233,110,379,405,existing,1130.2027394096792,233,109,379,386,existing,2050.4678460628447,233,114,379,261,existing,2056.0300952145203
234,234,88,380,335,existing,502.0178139111853,234,88,380,319,existing,597.6320729595212,234,88,380,319,allocated,597.6320729595212,234,108,380,335,existing,502.0178139111853,234,107,380,335,existing,502.0178139111853,234,103,380,66,existing,1159.6198671272123,234,109,380,386,existing,730.2765798668794,234,105,380,434,existing,1386.8618524206497,234,104,380,434,existing,1386.8618524206497,234,101,380,545,existing,1301.1996322512894,234,102,380,544,existing,1321.4218026794656,234,113,380,634,existing,1604.4930774866189,234,111,380,405,existing,1950.1465748285782
235,235,88,381,335,existing,484.2090100262822,235,88,381,676,existing,579.7291289636145,235,88,381,319,allocated,605.3677631067698,235,108,381,335,existing,484.2090100262822,235,107,381,335,existing,484.2090100262822,235,103,381,66,existing,1140.3436436652244,235,109,381,386,existing,711.0003564048914,235,102,381,544,existing,1302.1455792174775,235,104,381,434,existing,1367.5856289586616,235,105,381,434,existing,1367.5856289586616,235,101,381,545,existing,1281.9234087893014,235,113,381,634,existing,1604.8179363186423,235,111,381,405,existing,1950.4714336606016
236,236,88,382,335,existing,225.767133201528,236,88,382,372,existing,472.85956168567566,236,88,382,179,allocated,553.0280506184178,236,107,382,335,existing,225.767133201528,236,108,382,335,existing,225.767133201528,236,109,382,386,existing,512.7657799892495,236,103,382,66,existing,942.1090672495824,236,105,382,434,existing,1169.3510525430197,236,101,382,545,existing,1540.3652856140557,236,102,382,544,existing,1560.5874560422317,236,104,382,434,existing,1169.3510525430197,236,97,382,216,existing,2037.398248997298,236,113,382,634,existing,1863.2598131433967
237,237,88,385,335,existing,72.69088066039961,237,88,385,372,existing,174.40154782374805,237,88,385,179,allocated,343.49972557322855,237,107,385,335,existing,72.69088066039961,237,108,385,335,existing,72.69088066039961,237,109,385,386,existing,235.63709031576886,237,103,385,66,existing,664.9803775761018,237,105,385,434,existing,892.2223628695391,237,104,385,434,existing,892.2223628695391,237,102,385,544,existing,1642.18228101932,237,101,385,545,existing,1621.9601105911438,237,113,385,634,existing,2161.717827005324,237,97,385,216,existing,2335.856262859226
238,238,89,386,386,existing,0.0,238,89,386,372,existing,410.03863813951693,238,89,386,446,existing,189.29132906802158,238,109,386,386,existing,0.0,238,107,386,335,existing,308.32797097616844,238,108,386,335,existing,308.32797097616844,238,103,386,66,existing,429.3432872603329,238,102,386,544,existing,1406.5451907035513,238,105,386,434,existing,656.5852725537702,238,101,386,545,existing,1386.323020275375,238,104,386,434,existing,656.5852725537702,238,113,386,634,existing,1982.58989283187,238,99,386,405,existing,2328.243390173829
239,239,82,387,29,existing,793.6870284754787,239,82,387,34,existing,329.69614411314166,239,82,387,576,allocated,369.0923235227278,239,99,387,405,existing,1068.17310913437,239,111,387,405,existing,1068.17310913437,239,100,387,28,existing,1126.2597800148321,239,110,387,405,existing,1068.17310913437,239,98,387,262,existing,1503.8445921992216,239,114,387,261,existing,1602.5691502084646,239,102,387,544,existing,1853.4330492382283,239,106,387,484,existing,1707.4487723712787,239,101,387,545,existing,1873.6552196664045,239,113,387,634,existing,2095.8234975426844
240,240,93,390,389,existing,104.67030818264456,240,93,390,137,existing,482.8307120214683,240,93,390,220,allocated,87.57218860920477,240,112,390,218,existing,300.45343506494,240,97,390,216,existing,591.461777467108,240,99,390,405,existing,1050.6124548656326,240,113,390,634,existing,889.0252376461948,240,100,390,28,existing,1651.6699871693418,240,110,390,405,existing,1050.6124548656326,240,98,390,262,existing,1877.7152526612304,240,111,390,405,existing,1050.6124548656326,240,114,390,261,existing,1976.4398106704734,240,109,390,386,existing,2163.3539086750757
241,241,93,391,389,existing,184.92747957833896,241,93,391,137,existing,401.92150168097555,241,93,391,220,allocated,168.48139894969748,241,112,391,218,existing,381.36264540543266,241,97,391,216,existing,672.3709878076007,241,110,391,405,existing,1130.869626261327,241,113,391,634,existing,969.2824090418892,241,111,391,405,existing,1130.869626261327,241,99,391,405,existing,1130.869626261327,241,98,391,262,existing,1957.9724240569249,241,100,391,28,existing,1731.9271585650363,241,109,391,386,existing,2082.444698334583,241,114,391,261,existing,2056.696982066168
242,242,93,392,389,existing,418.2509511003544,242,93,392,137,existing,439.79270727293886,242,93,392,220,allocated,401.1528315269146,242,112,392,218,existing,614.0340779826498,242,97,392,216,existing,622.0251370960507,242,113,392,634,existing,1202.6058805639047,242,111,392,405,existing,1364.1930977833424,242,110,392,405,existing,1364.1930977833424,242,108,392,335,existing,2082.38746412652,242,99,392,405,existing,1364.1930977833424,242,100,392,28,existing,1965.2506300870518,242,98,392,262,existing,2191.2958955789404,242,107,392,335,existing,2082.38746412652
243,243,93,393,389,existing,462.2213484558521,243,93,393,137,existing,388.54864999270467,243,93,393,220,allocated,446.4752659337247,243,112,393,218,existing,659.3565123894599,243,97,393,216,existing,840.3255967806917,243,113,393,634,existing,1246.5762779194024,243,111,393,405,existing,1408.16349513884,243,107,393,335,existing,2068.299865886156,243,99,393,405,existing,1408.16349513884,243,100,393,28,existing,2009.2210274425493,243,110,393,405,existing,1408.16349513884,243,98,393,262,existing,2235.266292934438,243,108,393,335,existing,2068.299865886156
244,244,93,394,389,existing,406.5465713520068,244,93,394,137,existing,444.2234270965499,244,93,394,220,allocated,390.8004888298795,244,112,394,218,existing,603.6817352856146,244,97,394,216,existing,894.6900776877827,244,110,394,405,existing,1352.488718034995,244,113,394,634,existing,1190.901500815557,244,100,394,28,existing,1953.5462503387043,244,107,394,335,existing,2123.9746429900015,244,111,394,405,existing,1352.488718034995,244,99,394,405,existing,1352.488718034995,244,108,394,335,existing,2123.9746429900015,244,98,394,262,existing,2179.591515830593
245,245,90,395,523,existing,564.5589594582564,245,90,395,137,existing,202.56969764363134,245,90,395,216,existing,691.6807203369713,245,97,395,216,existing,691.6807203369713,245,112,395,218,existing,792.9288500518978,245,113,395,634,existing,1489.7394301358468,245,99,395,405,existing,1651.3266473552846,245,111,395,405,existing,1651.3266473552846,245,108,395,335,existing,1919.6549894424356,245,110,395,405,existing,1651.3266473552846,245,107,395,335,existing,1919.6549894424356,245,100,395,28,existing,2252.384179658994,245,109,395,386,existing,2150.8148556029696
246,246,90,396,523,existing,646.4835601801627,246,90,396,137,existing,284.4942983655377,246,90,396,220,allocated,685.4147986001027,246,97,396,216,existing,773.6053210588775,246,112,396,218,existing,874.8534507738043,246,99,396,405,existing,1630.9940424202168,246,113,396,634,existing,1469.4068252007792,246,108,396,335,existing,1843.9541155439056,246,111,396,405,existing,1630.9940424202168,246,107,396,335,existing,1843.9541155439056,246,110,396,405,existing,1630.9940424202168,246,109,396,386,existing,2068.890254881063,246,100,396,28,existing,2232.051574723926
247,247,90,397,523,existing,678.8618806669995,247,90,397,137,existing,391.36315379759753,247,90,397,216,allocated,805.9836415457142,247,97,397,216,existing,805.9836415457142,247,112,397,218,existing,907.231771260641,247,113,397,634,existing,1689.6762632165196,247,108,397,335,existing,1722.4849973203518,247,110,397,405,existing,1851.2634804359575,247,107,397,335,existing,1722.4849973203518,247,99,397,405,existing,1851.2634804359575,247,111,397,405,existing,1851.2634804359575,247,109,397,386,existing,2009.4836441080733,247,102,397,544,existing,2301.177672549352
248,248,90,398,523,existing,834.0598289834645,248,90,398,137,existing,546.5611021140626,248,90,398,319,allocated,889.2792876977596,248,97,398,216,existing,961.1815898621793,248,112,398,218,existing,1062.4297195771062,248,108,398,335,existing,1601.613619761889,248,107,398,335,existing,1601.613619761889,248,109,398,386,existing,1864.1310212858843,248,99,398,405,existing,1949.578741113265,248,111,398,405,existing,1949.578741113265,248,113,398,634,existing,1603.925243771306,248,110,398,405,existing,1949.578741113265,248,102,398,544,existing,2145.979724232887
249,249,90,400,523,existing,398.61775423558083,249,90,400,137,existing,249.25436818697207,249,90,400,216,allocated,525.7395151142957,249,97,400,216,existing,525.7395151142957,249,112,400,218,existing,626.9876448292224,249,113,400,634,existing,1547.567477605894,249,99,400,405,existing,1709.154694825332,249,108,400,335,existing,1737.4258670845306,249,107,400,335,existing,1737.4258670845306,249,111,400,405,existing,1709.154694825332,249,110,400,405,existing,1709.154694825332,249,109,400,386,existing,2024.4245138722522,249,100,400,28,existing,2310.2122271290414
250,250,86,401,544,existing,323.56729572309416,250,86,401,676,existing,778.5698652110459,250,86,401,269,allocated,146.91455274195562,250,101,401,545,existing,303.34512529491786,250,102,401,544,existing,323.56729572309416,250,105,401,434,existing,1035.8399666479577,250,104,401,434,existing,1035.8399666479577,250,103,401,66,existing,1227.0859996657982,250,108,401,335,existing,1394.611536698212,250,109,401,386,existing,1086.2835657220435,250,107,401,335,existing,1394.611536698212,250,110,401,405,existing,1591.3063607472402,250,99,401,405,existing,1591.3063607472402
251,251,94,402,278,existing,507.5912743112249,251,94,402,443,existing,185.56879106571068,251,94,402,527,allocated,138.1236397774449,251,99,402,405,existing,421.4786600426232,251,110,402,405,existing,421.4786600426232,251,111,402,405,existing,421.4786600426232,251,113,402,634,existing,819.5716706147167,251,102,402,544,existing,886.6180078174302,251,101,402,545,existing,906.8401782456065,251,100,402,28,existing,901.2589842185973,251,98,402,262,existing,1224.4081102300825,251,114,402,261,existing,1323.1326682393255,251,106,402,484,existing,1482.4479765750432
252,252,94,404,278,existing,242.8197702694711,252,94,404,443,existing,574.9924198248236,252,94,404,404,allocated,0.0,252,99,404,405,existing,32.0550312835103,252,110,404,405,existing,32.0550312835103,252,100,404,28,existing,633.1125635872197,252,111,404,405,existing,32.0550312835103,252,98,404,262,existing,956.2616895987051,252,106,404,484,existing,1214.3015559436658,252,114,404,261,existing,1054.9862476079481,252,113,404,634,existing,995.5953571248044,252,112,404,218,existing,1211.9629326721106,252,102,404,544,existing,1236.3086037682388
253,253,93,407,389,existing,519.6361849131983,253,93,407,23,existing,434.0667523695289,253,93,407,193,allocated,203.13885070351773,253,113,407,634,existing,635.273699400056,253,112,407,218,existing,748.7150898636783,253,110,407,405,existing,796.8609166194937,253,99,407,405,existing,796.8609166194937,253,100,407,28,existing,1397.918448923203,253,98,407,262,existing,1623.9637144150915,253,111,407,405,existing,796.8609166194937,253,97,407,216,existing,1039.7234322658464,253,109,407,386,existing,1717.3027183563574,253,114,407,261,existing,1722.6882724243346
254,254,93,408,389,existing,168.6056100166459,254,93,408,137,existing,417.5433731361545,254,93,408,389,allocated,168.6056100166459,254,112,408,218,existing,397.6845149671257,254,97,408,216,existing,688.6928573692937,254,113,408,634,existing,952.9605394801961,254,111,408,405,existing,1114.547756699634,254,98,408,262,existing,1941.650554495232,254,99,408,405,existing,1114.547756699634,254,110,408,405,existing,1114.547756699634,254,100,408,28,existing,1715.6052890033434,254,114,408,261,existing,2040.375112504475,254,109,408,386,existing,2066.12282877289
255,255,93,409,389,existing,87.06670538861914,255,93,409,137,existing,499.08227776418124,255,93,409,389,allocated,87.06670538861914,255,112,409,218,existing,317.6279244909282,255,97,409,216,existing,608.6362668930963,255,113,409,634,existing,871.4216348521694,255,111,409,405,existing,1033.0088520716072,255,98,409,262,existing,1860.111649867205,255,99,409,405,existing,1033.0088520716072,255,110,409,405,existing,1033.0088520716072,255,100,409,28,existing,1634.0663843753164,255,114,409,261,existing,1958.836207876448,255,109,409,386,existing,2147.6617334009165
256,256,88,410,335,existing,235.19896355036258,256,88,410,372,existing,482.2913920345103,256,88,410,446,existing,427.4903583687392,256,108,410,335,existing,235.19896355036258,256,107,410,335,existing,235.19896355036258,256,109,410,386,existing,238.1990293007176,256,103,410,66,existing,667.5423165610505,256,104,410,434,existing,894.7843018544878,256,102,410,544,existing,1644.7442200042688,256,101,410,545,existing,1624.5220495760927,256,105,410,434,existing,894.7843018544878,256,97,410,216,existing,2311.96499968583,256,113,410,634,existing,1976.4767718025844
257,257,88,411,335,existing,500.57975220118647,257,88,411,372,existing,447.3136093682398,257,88,411,179,allocated,278.2154316187593,257,107,411,335,existing,500.57975220118647,257,108,411,335,existing,500.57975220118647,257,103,411,66,existing,1216.921686249241,257,109,411,386,existing,787.5783989889079,257,105,411,434,existing,1444.1636715426782,257,102,411,544,existing,1835.4000750418902,257,104,411,434,existing,1444.1636715426782,257,101,411,545,existing,1815.1779046137142,257,113,411,634,existing,2138.0724321430553,257,97,411,216,existing,2055.898489638699
258,258,94,412,278,existing,1225.3396614238181,258,94,412,443,existing,532.1795960468826,258,94,412,443,allocated,532.1795960468826,258,113,412,634,existing,615.7834330719584,258,110,412,405,existing,1139.2270471552165,258,111,412,405,existing,1139.2270471552165,258,99,412,405,existing,1139.2270471552165,258,112,412,218,existing,1468.6893418892585,258,102,412,544,existing,1588.1926322111135,258,109,412,386,existing,1581.7891840167872,258,101,412,545,existing,1608.4148026392897,258,108,412,335,existing,1688.226237529842,258,100,412,28,existing,1619.0073713311904
259,259,94,413,278,existing,1141.0392697332702,259,94,413,443,existing,447.87920435633475,259,94,413,443,allocated,447.87920435633475,259,113,413,634,existing,531.4830413814107,259,99,413,405,existing,1054.9266554646688,259,110,413,405,existing,1054.9266554646688,259,111,413,405,existing,1054.9266554646688,259,100,413,28,existing,1534.7069796406427,259,101,413,545,existing,1524.1144109487418,259,112,413,218,existing,1384.3889501987105,259,102,413,544,existing,1503.8922405205658,259,109,413,386,existing,1666.0895757073351,259,97,413,216,existing,1675.3972926008787
260,260,86,414,544,existing,849.3227330280063,260,86,414,676,existing,336.2809998448092,260,86,414,60,allocated,696.4099660986165,260,101,414,545,existing,829.10056259983,260,102,414,544,existing,849.3227330280063,260,109,414,386,existing,1076.7636689884962,260,103,414,66,existing,1233.878246147009,260,107,414,335,existing,1254.0418518332624,260,104,414,434,existing,1461.1202314404463,260,105,414,434,existing,1461.1202314404463,260,108,414,335,existing,1254.0418518332624,260,111,414,405,existing,1562.1664991405203,260,99,414,405,existing,1562.1664991405203
261,261,86,415,544,existing,793.0768163711946,261,86,415,676,existing,392.5269165016209,261,86,415,60,allocated,640.1640494418048,261,101,415,545,existing,772.8546459430183,261,102,415,544,existing,793.0768163711946,261,103,415,66,existing,1290.1241628038206,261,109,415,386,existing,1133.009585645308,261,110,415,405,existing,1505.9205824837086,261,108,415,335,existing,1310.287768490074,261,107,415,335,existing,1310.287768490074,261,99,415,405,existing,1505.9205824837086,261,111,415,405,existing,1505.9205824837086,261,105,415,434,existing,1517.366148097258
262,262,85,416,544,existing,857.3382966676973,262,85,416,676,existing,144.13138714224377,262,85,416,60,allocated,660.8823625726229,262,102,416,544,existing,857.3382966676973,262,101,416,545,existing,877.5604670958735,262,103,416,66,existing,1187.905920445887,262,109,416,386,existing,1030.7913432873745,262,104,416,434,existing,1415.1479057393244,262,107,416,335,existing,1208.0695261321405,262,108,416,335,existing,1208.0695261321405,262,105,416,434,existing,1415.1479057393244,262,99,416,405,existing,1526.6388956145267,262,110,416,405,existing,1526.6388956145267
263,263,84,417,544,existing,830.4524463920654,263,84,417,676,existing,171.01723741787552,263,84,417,60,allocated,633.9965122969911,263,102,417,544,existing,830.4524463920654,263,101,417,545,existing,850.6746168202417,263,109,417,386,existing,1057.677193563006,263,103,417,66,existing,1214.7917707215188,263,108,417,335,existing,1234.9553764077723,263,105,417,434,existing,1442.0337560149562,263,107,417,335,existing,1234.9553764077723,263,104,417,434,existing,1442.0337560149562,263,99,417,405,existing,1499.753045338895,263,111,417,405,existing,1499.753045338895
264,264,90,419,523,existing,161.43355414139018,264,90,419,137,existing,549.8415847809778,264,90,419,216,existing,288.55531502010507,264,97,419,216,existing,288.55531502010507,264,112,419,218,existing,389.8034447350317,264,110,419,405,existing,1334.2184014860409,264,113,419,634,existing,1172.6311842666032,264,100,419,28,existing,1935.27593378975,264,98,419,262,existing,2161.3211992816387,264,111,419,405,existing,1334.2184014860409,264,99,419,405,existing,1334.2184014860409,264,107,419,335,existing,2192.436341634559,264,108,419,335,existing,2192.436341634559
265,265,84,420,544,existing,1002.9041601027163,265,84,420,443,existing,466.99444712655963,265,84,420,443,allocated,466.99444712655963,265,102,420,544,existing,1002.9041601027163,265,101,420,545,existing,1023.1263305308926,265,110,420,405,existing,1074.0418982348936,265,111,420,405,existing,1074.0418982348936,265,109,420,386,existing,1281.8330362289744,265,99,420,405,existing,1074.0418982348936,265,108,420,335,existing,1388.270089742029,265,113,420,634,existing,1100.9973266755655,265,107,420,335,existing,1388.270089742029,265,100,420,28,existing,1551.1125450902846
266,266,94,421,278,existing,611.0216825130121,266,94,421,443,existing,298.51103125837733,266,94,421,421,allocated,0.0,266,110,421,405,existing,885.2719140383906,266,111,421,405,existing,885.2719140383906,266,99,421,405,existing,885.2719140383906,266,102,421,544,existing,931.0673149648426,266,98,421,262,existing,1327.8385184318697,266,101,421,545,existing,951.2894853930188,266,100,421,28,existing,1004.6893924203846,266,113,421,634,existing,932.5139108073834,266,114,421,261,existing,1426.5630764411128,266,106,421,484,existing,1585.8783847768307
267,267,82,422,29,existing,1066.186584228144,267,82,422,34,existing,326.33029134952534,267,82,422,665,allocated,339.0780960709726,267,99,422,405,existing,1340.6726648870354,267,111,422,405,existing,1340.6726648870354,267,100,422,28,existing,1398.7593357674975,267,110,422,405,existing,1340.6726648870354,267,106,422,484,existing,1979.948328123944,267,114,422,261,existing,1875.06870596113,267,102,422,544,existing,2125.9326049908937,267,98,422,262,existing,1776.344147951887,267,101,422,545,existing,2146.1547754190697,267,113,422,634,existing,2368.3230532953503
268,268,88,423,335,existing,519.3270942319853,268,88,423,319,existing,286.92896184259877,268,88,423,319,allocated,286.92896184259877,268,107,423,335,existing,519.3270942319853,268,108,423,335,existing,519.3270942319853,268,103,423,66,existing,1235.6690282800396,268,109,423,386,existing,806.3257410197067,268,105,423,434,existing,1462.911013573477,268,102,423,544,existing,1620.5843804816486,268,104,423,434,existing,1462.911013573477,268,101,423,545,existing,1600.3622100534722,268,97,423,216,existing,1743.8382879668409,268,112,423,218,existing,1845.0864176817677
269,269,89,424,386,existing,1280.9431864535995,269,89,424,23,existing,685.6293770551756,269,89,424,464,allocated,176.360103203076,269,113,424,634,existing,1279.3670622223956,269,109,424,386,existing,1280.9431864535995,269,107,424,335,existing,1387.3802399666542,269,108,424,335,existing,1387.3802399666542,269,112,424,218,existing,1603.650527937338,269,110,424,405,existing,1625.0205595643547,269,97,424,216,existing,1502.4023982224112,269,99,424,405,existing,1625.0205595643547,269,102,424,544,existing,1654.83819922882,269,111,424,405,existing,1625.0205595643547
270,270,89,425,386,existing,1333.5839133415639,270,89,425,23,existing,632.9886501672113,270,89,425,464,allocated,123.7193763151116,270,113,425,634,existing,1226.7263353344313,270,109,425,386,existing,1333.5839133415639,270,107,425,335,existing,1440.0209668546186,270,108,425,335,existing,1440.0209668546186,270,111,425,405,existing,1572.3798326763904,270,99,425,405,existing,1572.3798326763904,270,97,425,216,existing,1555.0431251103755,270,110,425,405,existing,1572.3798326763904,270,102,425,544,existing,1707.4789261167844,270,112,425,218,existing,1656.2912548253023
271,271,88,426,335,existing,476.7138510994168,271,88,426,319,existing,439.0691055173461,271,88,426,319,allocated,439.0691055173461,271,107,426,335,existing,476.7138510994168,271,108,426,335,existing,476.7138510994168,271,103,426,66,existing,1135.228679234357,271,109,426,386,existing,705.8853919740241,271,101,426,545,existing,1448.2220663787248,271,104,426,434,existing,1362.4706645277943,271,105,426,434,existing,1362.4706645277943,271,102,426,544,existing,1468.4442368069012,271,97,426,216,existing,1895.9784316415883,271,113,426,634,existing,1763.056044928794
272,272,86,427,544,existing,722.7833468954943,272,86,427,676,existing,1044.2668151139962,272,86,427,141,allocated,146.3621123543777,272,101,427,545,existing,702.5611764673181,272,102,427,544,existing,722.7833468954943,272,105,427,434,existing,1068.6000099949802,272,104,427,434,existing,1068.6000099949802,272,108,427,335,existing,1597.325107961737,272,109,427,386,existing,1288.9971369855684,272,107,427,335,existing,1597.325107961737,272,103,427,66,existing,1295.8419952884176,272,111,427,405,existing,1990.5224119196405,272,110,427,405,existing,1990.5224119196405
273,273,93,428,389,existing,719.7544821261718,273,93,428,137,existing,480.3527682357612,273,93,428,220,allocated,704.0083996040445,273,112,428,218,existing,916.8896460597797,273,97,428,216,existing,969.4637909291009,273,111,428,405,existing,1649.5876434241586,273,113,428,634,existing,1488.000426204721,273,108,428,335,existing,1909.8307005042732,273,110,428,405,existing,1649.5876434241586,273,99,428,405,existing,1649.5876434241586,273,107,428,335,existing,1909.8307005042732,273,109,428,386,existing,1943.4092811865305,273,102,428,544,existing,2225.2579841335323
274,274,87,429,446,existing,162.3021005322785,274,87,429,676,existing,641.4204745790535,274,87,429,429,allocated,0.0,274,109,429,386,existing,351.59342960030006,274,103,429,66,existing,402.3540587245898,274,104,429,434,existing,629.5960440180271,274,105,429,434,existing,629.5960440180271,274,107,429,335,existing,659.9214005764685,274,102,429,544,existing,1146.132603318377,274,101,429,545,existing,1125.9104328902008,274,108,429,335,existing,659.9214005764685,274,110,429,405,existing,2312.190757335824,274,113,429,634,existing,2116.361285878747
275,275,88,430,335,existing,548.8045172677203,275,88,430,319,existing,366.9784393490427,275,88,430,319,allocated,366.9784393490427,275,108,430,335,existing,548.8045172677203,275,107,430,335,existing,548.8045172677203,275,109,430,386,existing,777.9760581423275,275,103,430,66,existing,1207.3193454026605,275,102,430,544,existing,1540.5349029752047,275,104,430,434,existing,1434.5613306960977,275,101,430,545,existing,1520.3127325470282,275,105,430,434,existing,1434.5613306960977,275,97,430,216,existing,1823.8877654732848,275,113,430,634,existing,1835.1467110970975
276,276,86,431,544,existing,623.2657461865833,276,86,431,676,existing,345.8201440073851,276,86,431,455,allocated,522.6135442339222,276,101,431,545,existing,603.0435757584071,276,102,431,544,existing,623.2657461865833,276,103,431,66,existing,1159.8534954672236,276,109,431,386,existing,1017.912024127808,276,107,431,335,existing,1263.5809959958383,276,104,431,434,existing,1387.0954807606608,276,105,431,434,existing,1387.0954807606608,276,108,431,335,existing,1263.5809959958383,276,113,431,634,existing,1820.7609553070786,276,111,431,405,existing,1832.2008294030286
277,277,84,432,544,existing,763.103539946753,277,84,432,676,existing,214.20524803438315,277,84,432,455,allocated,662.4513379940918,277,101,432,545,existing,742.8813695185768,277,102,432,544,existing,763.103539946753,277,109,432,386,existing,954.6879171780703,277,103,432,66,existing,1111.8024943365829,277,108,432,335,existing,1131.9661000228364,277,104,432,434,existing,1339.0444796300203,277,107,432,335,existing,1131.9661000228364,277,105,432,434,existing,1339.0444796300203,277,111,432,405,existing,1684.2422509509465,277,110,432,405,existing,1684.2422509509465
278,278,86,433,544,existing,1072.6238152458043,278,86,433,443,existing,536.7141022696475,278,86,433,464,allocated,524.4009556841233,278,102,433,544,existing,1072.6238152458043,278,101,433,545,existing,1092.8459856739805,278,99,433,405,existing,1143.7615533779813,278,111,433,405,existing,1143.7615533779813,278,110,433,405,existing,1143.7615533779813,278,109,433,386,existing,1212.1133810858867,278,108,433,335,existing,1318.5504345989414,278,113,433,634,existing,1149.1521424962193,278,107,433,335,existing,1318.5504345989414,278,103,433,66,existing,1591.0906582695734
279,279,94,441,278,existing,849.7354644766351,279,94,441,443,existing,159.28507642028245,279,94,441,443,allocated,159.28507642028245,279,99,441,405,existing,766.3325275286163,279,111,441,405,existing,766.3325275286163,279,110,441,405,existing,766.3325275286163,279,113,441,634,existing,793.2879559692884,279,101,441,545,existing,1190.0032673566418,279,100,441,28,existing,1243.4031743840073,279,102,441,544,existing,1169.7810969284656,279,98,441,262,existing,1566.5523003954927,279,109,441,386,existing,1566.8016391323422,279,114,441,261,existing,1665.2768584047358
280,280,94,442,278,existing,812.6414644356228,280,94,442,443,existing,119.48139905868729,280,94,442,443,allocated,119.48139905868729,280,113,442,634,existing,514.5214804903187,280,111,442,405,existing,726.5288501670212,280,99,442,405,existing,726.5288501670212,280,110,442,405,existing,726.5288501670212,280,100,442,28,existing,1206.3091743429952,280,112,442,218,existing,1455.9621603191338,280,102,442,544,existing,1175.4944352229181,280,101,442,545,existing,1195.7166056510946,280,98,442,262,existing,1529.4583003544803,280,109,442,386,existing,1601.714540006808
281,281,94,447,278,existing,473.8129017853745,281,94,447,443,existing,351.7353462435823,281,94,447,447,allocated,0.0,281,111,447,405,existing,263.0481627994137,281,110,447,405,existing,263.0481627994137,281,99,447,405,existing,263.0481627994137,281,100,447,28,existing,864.1056951031231,281,101,447,545,existing,1073.0067334234782,281,113,447,634,existing,985.7382257925883,281,102,447,544,existing,1052.7845629953017,281,98,447,262,existing,1187.2548211146086,281,112,447,218,existing,1408.3642499555936,281,114,447,261,existing,1285.9793791238517
282,282,96,448,262,existing,132.880476657102,282,96,448,662,existing,1063.852973743504,282,96,448,444,allocated,33.14991570682424,282,98,448,262,existing,132.880476657102,282,114,448,261,existing,231.60503466634506,282,100,448,28,existing,253.10761529380807,282,106,448,484,existing,328.0813770626381,282,111,448,405,existing,854.1651475975175,282,110,448,405,existing,854.1651475975175,282,102,448,544,existing,1640.264158699948,282,99,448,405,existing,854.1651475975175,282,101,448,545,existing,1660.4863291281242,282,113,448,634,existing,1881.8155360058322
283,283,93,450,389,existing,347.7508521572936,283,93,450,137,existing,510.2928062159997,283,93,450,220,allocated,330.6527325838538,283,112,450,218,existing,543.533979039589,283,97,450,216,existing,692.5252360391116,283,99,450,405,existing,1293.6929988402817,283,113,450,634,existing,1132.1057816208438,283,110,450,405,existing,1293.6929988402817,283,98,450,262,existing,2120.7957966358795,283,100,450,28,existing,1894.7505311439909,283,111,450,405,existing,1293.6929988402817,283,108,450,335,existing,2152.887563069581,283,107,450,335,existing,2152.887563069581
284,284,88,451,335,existing,428.4392699567998,284,88,451,319,existing,377.8167861177842,284,88,451,319,allocated,377.8167861177842,284,107,451,335,existing,428.4392699567998,284,108,451,335,existing,428.4392699567998,284,109,451,386,existing,715.4379167445213,284,103,451,66,existing,1144.7812040048543,284,102,451,544,existing,1646.998212886639,284,104,451,434,existing,1372.0231892982915,284,101,451,545,existing,1626.776042458463,284,105,451,434,existing,1372.0231892982915,284,112,451,218,existing,1935.974241956953,284,97,451,216,existing,1834.7261122420261
285,285,94,452,278,existing,1054.7070031573014,285,94,452,443,existing,361.54693778036585,285,94,452,443,allocated,361.54693778036585,285,113,452,634,existing,445.15077480544164,285,99,452,405,existing,968.5943888886998,285,110,452,405,existing,968.5943888886998,285,111,452,405,existing,968.5943888886998,285,100,452,28,existing,1448.3747130646739,285,101,452,545,existing,1437.782144372773,285,102,452,544,existing,1417.5599739445968,285,112,452,218,existing,1298.0566836227417,285,109,452,386,existing,1695.8526974253768,285,97,452,216,existing,1589.06502602491
286,286,89,453,386,existing,1065.7931205645648,286,89,453,23,existing,452.9302266201429,286,89,453,464,allocated,378.08069516280165,286,113,453,634,existing,1002.8318819748976,286,109,453,386,existing,1065.7931205645648,286,107,453,335,existing,1172.2301740776195,286,108,453,335,existing,1172.2301740776195,286,99,453,405,existing,1290.0818138993031,286,111,453,405,existing,1290.0818138993031,286,102,453,544,existing,1218.9440757671262,286,101,453,545,existing,1239.1662461953024,286,110,453,405,existing,1290.0818138993031,286,103,453,66,existing,1444.7703977482515
287,287,94,454,278,existing,699.106933780726,287,94,454,443,existing,386.59628252609116,287,94,454,421,allocated,88.0852512677138,287,111,454,405,existing,973.3571653061044,287,99,454,405,existing,973.3571653061044,287,110,454,405,existing,973.3571653061044,287,102,454,544,existing,1019.1525662325564,287,98,454,262,existing,1415.9237696995833,287,101,454,545,existing,1039.3747366607327,287,100,454,28,existing,1092.7746436880984,287,113,454,634,existing,1020.5991620750972,287,114,454,261,existing,1514.6483277088264,287,106,454,484,existing,1673.9636360445443
288,288,90,457,523,existing,381.6726274862387,288,90,457,137,existing,249.91157780108458,288,90,457,216,existing,508.7943883649536,288,97,457,216,existing,508.7943883649536,288,112,457,218,existing,610.0425180798802,288,99,457,405,existing,1709.8119044394446,288,113,457,634,existing,1548.2246872200067,288,108,457,335,existing,1754.3709938338727,288,111,457,405,existing,1709.8119044394446,288,110,457,405,existing,1709.8119044394446,288,107,457,335,existing,1754.3709938338727,288,109,457,386,existing,2041.369640621594,288,100,457,28,existing,2310.8694367431535
289,289,88,458,335,existing,626.1377164904249,289,88,458,372,existing,432.66793286229927,289,88,458,179,allocated,263.56975511281877,289,108,458,335,existing,626.1377164904249,289,107,458,335,existing,626.1377164904249,289,109,458,386,existing,842.7065710018162,289,103,458,66,existing,1272.049858262149,289,104,458,434,existing,1499.2918435555864,289,97,458,216,existing,1913.7215403516236,289,105,458,434,existing,1499.2918435555864,289,101,458,545,existing,1930.1878956865985,289,112,458,218,existing,2014.9696700665504,289,102,458,544,existing,1950.410066114775
290,290,94,459,278,existing,1306.473642782852,290,94,459,443,existing,613.3135774059166,290,94,459,443,allocated,613.3135774059166,290,113,459,634,existing,696.9174144309924,290,99,459,405,existing,1220.3610285142504,290,111,459,405,existing,1220.3610285142504,290,110,459,405,existing,1220.3610285142504,290,107,459,335,existing,1607.092256170808,290,109,459,386,existing,1500.6552026577533,290,112,459,218,existing,1549.8233232482926,290,108,459,335,existing,1607.092256170808,290,102,459,544,existing,1669.3266135701474,290,101,459,545,existing,1689.5487839983239
291,291,90,460,523,existing,973.1708719192236,291,90,460,319,existing,450.5384173367586,291,90,460,319,allocated,450.5384173367586,291,97,460,216,existing,1100.2926327979385,291,107,460,335,existing,1162.8727494008879,291,108,460,335,existing,1162.8727494008879,291,112,460,218,existing,1201.540762512865,291,110,460,405,existing,1972.7548921534542,291,103,460,66,existing,1879.2146834489422,291,113,460,634,existing,1627.1013948114949,291,109,460,386,existing,1449.8713961886092,291,111,460,405,existing,1972.7548921534542,291,99,460,405,existing,1972.7548921534542
292,292,93,461,389,existing,572.0006266043772,292,93,461,137,existing,53.07683819071091,292,93,461,220,allocated,556.2545440822499,292,112,461,218,existing,769.1357905379851,292,97,461,216,existing,811.782804356749,292,113,461,634,existing,1340.2465706829264,292,110,461,405,existing,1501.8337879023643,292,108,461,335,existing,2039.7570734622136,292,99,461,405,existing,1501.8337879023643,292,107,461,335,existing,2039.7570734622136,292,111,461,405,existing,1501.8337879023643,292,109,461,386,existing,2126.6796510310896,292,100,461,28,existing,2102.8913202060735
293,293,82,462,29,existing,896.1790442528531,293,82,462,655,existing,247.68007435112557,293,82,462,182,allocated,248.17342781943796,293,111,462,405,existing,1170.6651249117444,293,99,462,405,existing,1170.6651249117444,293,110,462,405,existing,1170.6651249117444,293,100,462,28,existing,1228.7517957922066,293,98,462,262,existing,1606.336607976596,293,114,462,261,existing,1705.0611659858391,293,102,462,544,existing,1955.9250650156027,293,106,462,484,existing,1809.9407881486532,293,101,462,545,existing,1976.147235443779,293,113,462,634,existing,2198.3155133200594
294,294,82,463,29,existing,772.8627178063964,294,82,463,655,existing,124.36374790466886,294,82,463,662,allocated,294.6901108960543,294,111,463,405,existing,1047.3487984652877,294,99,463,405,existing,1047.3487984652877,294,110,463,405,existing,1047.3487984652877,294,100,463,28,existing,1105.4354693457499,294,106,463,484,existing,1686.6244617021966,294,102,463,544,existing,1832.6087385691462,294,114,463,261,existing,1581.7448395393826,294,98,463,262,existing,1483.0202815301395,294,113,463,634,existing,2074.9991868736024,294,101,463,545,existing,1852.8309089973222
295,295,89,464,386,existing,1315.1760679829258,295,89,464,23,existing,509.2692738520996,295,89,464,464,allocated,0.0,295,113,464,634,existing,1103.0069590193195,295,109,464,386,existing,1315.1760679829258,295,107,464,335,existing,1421.6131214959805,295,108,464,335,existing,1421.6131214959805,295,112,464,218,existing,1583.0510181518484,295,111,464,405,existing,1448.6604563612786,295,99,464,405,existing,1448.6604563612786,295,110,464,405,existing,1448.6604563612786,295,102,464,544,existing,1597.0247709299279,295,101,464,545,existing,1617.246941358104
296,296,89,465,386,existing,465.29317002261416,296,89,465,676,existing,421.3667861225165,296,89,465,429,allocated,501.28067367075073,296,109,465,386,existing,465.29317002261416,296,107,465,335,existing,773.6211409987826,296,103,465,66,existing,835.8363103519112,296,108,465,335,existing,773.6211409987826,296,102,465,544,existing,941.2520206809371,296,104,465,434,existing,1063.0782956453486,296,101,465,545,existing,921.0298502527609,296,105,465,434,existing,1063.0782956453486,296,111,465,405,existing,2069.521408805791,296,113,465,634,existing,1723.8679114638317
297,297,87,466,446,existing,628.1614861703611,297,87,466,676,existing,175.56108894097085,297,87,466,429,allocated,465.85938563808253,297,109,466,386,existing,711.0988672041598,297,101,466,545,existing,868.1740661472076,297,103,466,66,existing,868.2134443626724,297,102,466,544,existing,888.3962365753838,297,108,466,335,existing,1019.4268381803282,297,104,466,434,existing,1095.4554296561098,297,105,466,434,existing,1095.4554296561098,297,107,466,335,existing,1019.4268381803282,297,111,466,405,existing,1846.3313716977414,297,113,466,634,existing,1650.5019002406643
298,298,84,467,544,existing,679.9677471377257,298,84,467,676,existing,402.52214495852746,298,84,467,455,allocated,579.3155451850646,298,101,467,545,existing,659.7455767095495,298,102,467,544,existing,679.9677471377257,298,103,467,66,existing,1216.555496418366,298,109,467,386,existing,1074.6140250789504,298,104,467,434,existing,1443.7974817118031,298,107,467,335,existing,1320.2829969469806,298,108,467,335,existing,1320.2829969469806,298,105,467,434,existing,1443.7974817118031,298,110,467,405,existing,1888.9028303541709,298,113,467,634,existing,1877.4629562582209
299,299,92,469,559,existing,355.9236743622684,299,92,469,137,existing,954.3362576167247,299,92,469,629,allocated,79.38472050057189,299,112,469,218,existing,190.35874695338597,299,97,469,216,existing,381.4246714065778,299,113,469,634,existing,1251.689383470699,299,99,469,405,existing,1355.7374862745623,299,114,469,261,existing,1804.3107017220009,299,111,469,405,existing,1355.7374862745623,299,98,469,262,existing,1705.5861437127578,299,110,469,405,existing,1355.7374862745623,299,106,469,484,existing,2116.0319330107923,299,100,469,28,existing,1956.7950185782715
300,300,86,470,544,existing,762.6119143659278,300,86,470,676,existing,379.53091813299307,300,86,470,60,allocated,609.6991474365379,300,101,470,545,existing,742.3897439377515,300,102,470,544,existing,762.6119143659278,300,103,470,66,existing,1320.5890648090874,300,109,470,386,existing,1163.4744876505747,300,110,470,405,existing,1475.4556804784418,300,108,470,335,existing,1340.752670495341,300,107,470,335,existing,1340.752670495341,300,111,470,405,existing,1475.4556804784418,300,99,470,405,existing,1475.4556804784418,300,113,470,634,existing,1502.4111089191138
301,301,88,471,335,existing,605.0599973731628,301,88,471,319,existing,554.4375135341471,301,88,471,319,allocated,554.4375135341471,301,108,471,335,existing,605.0599973731628,301,107,471,335,existing,605.0599973731628,301,103,471,66,existing,1321.4019314212171,301,109,471,386,existing,892.0586441608842,301,105,471,434,existing,1548.6439167146546,301,102,471,544,existing,1823.618940303002,301,101,471,545,existing,1803.3967698748256,301,104,471,434,existing,1548.6439167146546,301,97,471,216,existing,2011.3468396583892,301,112,471,218,existing,2112.594969373316
302,302,88,472,335,existing,594.0811153913215,302,88,472,319,existing,543.4586315523059,302,88,472,319,allocated,543.4586315523059,302,108,472,335,existing,594.0811153913215,302,107,472,335,existing,594.0811153913215,302,103,472,66,existing,1310.423049439376,302,109,472,386,existing,881.079762179043,302,104,472,434,existing,1537.6650347328134,302,102,472,544,existing,1812.6400583211607,302,101,472,545,existing,1792.4178878929847,302,105,472,434,existing,1537.6650347328134,302,97,472,216,existing,2000.367957676548,302,112,472,218,existing,2101.6160873914746
303,303,90,473,523,existing,1385.875891879097,303,90,473,23,existing,799.2307127501967,303,90,473,464,allocated,289.9614388980971,303,113,473,634,existing,1392.9683979174167,303,109,473,386,existing,1394.5445221486207,303,107,473,335,existing,1500.9815756616754,303,108,473,335,existing,1500.9815756616754,303,99,473,405,existing,1738.6218952593758,303,111,473,405,existing,1738.6218952593758,303,97,473,216,existing,1512.997652757812,303,112,473,218,existing,1614.2457824727387,303,102,473,544,existing,1768.4395349238412,303,110,473,405,existing,1738.6218952593758
304,304,90,474,523,existing,1323.777596763886,304,90,474,23,existing,737.1324176349857,304,90,474,464,allocated,227.86314378288608,304,113,474,634,existing,1330.8701028022056,304,109,474,386,existing,1332.4462270334097,304,107,474,335,existing,1438.8832805464644,304,108,474,335,existing,1438.8832805464644,304,99,474,405,existing,1676.523600144165,304,111,474,405,existing,1676.523600144165,304,97,474,216,existing,1450.899357642601,304,112,474,218,existing,1552.1474873575278,304,102,474,544,existing,1706.3412398086302,304,110,474,405,existing,1676.523600144165
305,305,88,475,335,existing,209.23544125713417,305,88,475,372,existing,456.3278697412818,305,88,475,179,allocated,625.4260474907622,305,107,475,335,existing,209.23544125713417,305,108,475,335,existing,209.23544125713417,305,103,475,66,existing,925.5773753051885,305,109,475,386,existing,496.23408804485564,305,105,475,434,existing,1152.819360598626,305,101,475,545,existing,1782.5423297350076,305,102,475,544,existing,1802.7645001631836,305,104,475,434,existing,1152.819360598626,305,113,475,634,existing,2105.4368572643484,305,97,475,216,existing,2279.57529311825
306,306,89,476,386,existing,1237.3798597148173,306,89,476,23,existing,431.4730655839912,306,89,476,464,allocated,77.79620826810843,306,113,476,634,existing,1025.2107507512112,306,109,476,386,existing,1237.3798597148173,306,107,476,335,existing,1343.816913227872,306,108,476,335,existing,1343.816913227872,306,110,476,405,existing,1370.8642480931703,306,111,476,405,existing,1370.8642480931703,306,112,476,218,existing,1505.2548098837399,306,99,476,405,existing,1370.8642480931703,306,102,476,544,existing,1519.2285626618193,306,101,476,545,existing,1539.4507330899955
307,307,89,477,386,existing,1097.9661967855466,307,89,477,23,existing,292.05940265472043,307,89,477,464,allocated,217.2098711973792,307,113,477,634,existing,885.7970878219403,307,109,477,386,existing,1097.9661967855466,307,108,477,335,existing,1204.4032502986013,307,107,477,335,existing,1204.4032502986013,307,111,477,405,existing,1231.4505851638996,307,99,477,405,existing,1231.4505851638996,307,112,477,218,existing,1365.8411469544692,307,110,477,405,existing,1231.4505851638996,307,102,477,544,existing,1379.8148997325486,307,101,477,545,existing,1400.0370701607249
308,308,93,478,389,existing,1112.743907728503,308,93,478,23,existing,268.0410683792342,308,93,478,464,allocated,241.2282054728654,308,113,478,634,existing,861.7787535464541,308,109,478,386,existing,1121.9845310610326,308,110,478,405,existing,1207.4322508884134,308,99,478,405,existing,1207.4322508884134,308,111,478,405,existing,1207.4322508884134,308,107,478,335,existing,1228.4215845740873,308,108,478,335,existing,1228.4215845740873,308,112,478,218,existing,1341.822812678983,308,101,478,545,existing,1424.0554044362111,308,102,478,544,existing,1403.8332340080349
309,309,89,479,386,existing,953.0229693048404,309,89,479,23,existing,437.0026301354265,309,89,479,464,allocated,362.15309867808526,309,109,479,386,existing,953.0229693048404,309,113,479,634,existing,1030.7403153026464,309,107,479,335,existing,1059.4600228178952,309,108,479,335,existing,1059.4600228178952,309,102,479,544,existing,1326.917982080061,309,99,479,405,existing,1376.3938126446055,309,101,479,545,existing,1339.1006184993835,309,110,479,405,existing,1376.3938126446055,309,103,479,66,existing,1377.3554103881163,309,111,479,405,existing,1376.3938126446055
310,310,93,480,389,existing,1194.810768463421,310,93,480,443,existing,566.8761973691867,310,93,480,443,allocated,566.8761973691867,310,113,480,634,existing,483.93130773691496,310,111,480,405,existing,1173.9236484775206,310,110,480,405,existing,1173.9236484775206,310,99,480,405,existing,1173.9236484775206,310,102,480,544,existing,1622.8892335334176,310,101,480,545,existing,1643.1114039615939,310,100,480,28,existing,1653.7039726534945,310,112,480,218,existing,1425.37198756573,310,98,480,262,existing,1976.8530986649798,310,97,480,216,existing,1716.380329967898
311,311,83,483,483,existing,0.0,311,83,483,23,existing,1614.9842798999025,311,83,483,481,allocated,22.682117038299584,311,98,483,262,existing,1048.0597081121086,311,114,483,261,existing,1146.7842661213517,311,97,483,216,existing,1185.1124355851491,311,112,483,218,existing,1146.9797778826744,311,106,483,484,existing,1464.924315052682,311,100,483,28,existing,1424.912568906932,311,99,483,405,existing,1550.7816786622207,311,113,483,634,existing,1450.2395436529325,311,111,483,405,existing,1550.7816786622207,311,110,483,405,existing,1550.7816786622207
312,312,96,484,262,existing,416.86460694057314,312,96,484,662,existing,1391.9343508061422,312,96,484,484,allocated,0.0,312,106,484,484,existing,0.0,312,98,484,262,existing,416.86460694057314,312,100,484,28,existing,581.1889923564462,312,114,484,261,existing,515.5891649498162,312,111,484,405,existing,1182.2465246601555,312,110,484,405,existing,1182.2465246601555,312,102,484,544,existing,1968.3455357625862,312,99,484,405,existing,1182.2465246601555,312,101,484,545,existing,1988.5677061907625,312,113,484,634,existing,2209.89691306847
313,313,93,485,389,existing,32.8605621872617,313,93,485,137,existing,553.2884209655388,313,93,485,389,allocated,32.8605621872617,313,112,485,218,existing,263.4217812895708,313,97,485,216,existing,554.4301236917388,313,113,485,634,existing,817.2154916508119,313,111,485,405,existing,978.8027088702496,313,98,485,262,existing,1805.9055066658475,313,99,485,405,existing,978.8027088702496,313,110,485,405,existing,978.8027088702496,313,100,485,28,existing,1579.860241173959,313,106,485,484,existing,2161.049233530405,313,114,485,261,existing,1904.6300646750906
314,314,93,488,389,existing,793.4269849091279,314,93,488,23,existing,308.50590167513633,314,93,488,23,allocated,308.50590167513633,314,112,488,218,existing,990.5621488427357,314,113,488,634,existing,1235.690295374126,314,109,488,386,existing,1495.8960728887046,314,97,488,216,existing,1281.5704912449037,314,111,488,405,existing,1539.433570664159,314,108,488,335,existing,1602.3331264017593,314,110,488,405,existing,1539.433570664159,314,99,488,405,existing,1539.433570664159,314,102,488,544,existing,1777.7447758357066,314,107,488,335,existing,1602.3331264017593
315,315,93,489,389,existing,870.596310572977,315,93,489,23,existing,231.33657601128732,315,93,489,23,allocated,231.33657601128732,315,112,489,218,existing,1067.7314745065848,315,113,489,634,existing,1158.5209697102769,315,97,489,216,existing,1358.7398169087528,315,109,489,386,existing,1418.7267472248554,315,110,489,405,existing,1462.2642450003102,315,111,489,405,existing,1462.2642450003102,315,107,489,335,existing,1525.1638007379102,315,99,489,405,existing,1462.2642450003102,315,108,489,335,existing,1525.1638007379102,315,102,489,544,existing,1700.5754501718575
316,316,86,490,544,existing,625.7540172470901,316,86,490,676,existing,516.3888152518307,316,86,490,455,allocated,525.101815294429,316,101,490,545,existing,605.5318468189139,316,102,490,544,existing,625.7540172470901,316,103,490,66,existing,1457.4469619279248,316,109,490,386,existing,1300.3323847694123,316,107,490,335,existing,1477.6105676141785,316,104,490,434,existing,1490.2488221477909,316,108,490,335,existing,1477.6105676141785,316,105,490,434,existing,1490.2488221477909,316,111,490,405,existing,1612.3135775972794,316,110,490,405,existing,1612.3135775972794
317,317,82,491,29,existing,1343.7397459609074,317,82,491,34,existing,613.6701191471839,317,82,491,665,allocated,626.4179238686312,317,111,491,405,existing,1618.2258266197987,317,110,491,405,existing,1618.2258266197987,317,100,491,28,existing,1676.312497500261,317,99,491,405,existing,1618.2258266197987,317,106,491,484,existing,2257.5014898567074,317,114,491,261,existing,2152.6218676938934,317,102,491,544,existing,2403.4857667236574,317,98,491,262,existing,2053.8973096846503,317,101,491,545,existing,2423.7079371518334,317,113,491,634,existing,2645.8762150281136
318,318,89,492,386,existing,470.0925050792879,318,89,492,676,existing,417.6637976920266,318,89,492,429,allocated,462.66101614237726,318,109,492,386,existing,470.0925050792879,318,107,492,335,existing,778.4204760554563,318,103,492,66,existing,840.6356454085849,318,108,492,335,existing,778.4204760554563,318,104,492,434,existing,1067.8776307020223,318,101,492,545,existing,917.326861822271,318,105,492,434,existing,1067.8776307020223,318,102,492,544,existing,937.5490322504472,318,111,492,405,existing,2088.434080448797,318,113,492,634,existing,1765.6039711742735
319,319,87,493,446,existing,505.5109470469805,319,87,493,676,existing,298.2116280643514,319,87,493,429,allocated,343.20884651470203,319,109,493,386,existing,589.5446747069632,319,103,493,66,existing,745.5629052392918,319,102,493,544,existing,818.0968626227719,319,101,493,545,existing,797.8746921945957,319,107,493,335,existing,897.8726456831316,319,108,493,335,existing,897.8726456831316,319,104,493,434,existing,972.8048905327291,319,105,493,434,existing,972.8048905327291,319,113,493,634,existing,1773.1524393640448,319,110,493,405,existing,1968.9819108211218
320,320,88,494,335,existing,295.2158192231638,320,88,494,372,existing,542.3082477073115,320,88,494,179,allocated,497.1893600215366,320,107,494,335,existing,295.2158192231638,320,108,494,335,existing,295.2158192231638,320,109,494,386,existing,582.2144660108853,320,103,494,66,existing,1011.5577532712182,320,102,494,544,existing,1619.4881688475139,320,101,494,545,existing,1599.2659984193374,320,104,494,434,existing,1238.7997385646556,320,105,494,434,existing,1238.7997385646556,320,97,494,216,existing,2070.7544677704286,320,113,494,634,existing,1914.0999769694067
321,321,88,495,335,existing,577.4865703111532,321,88,495,372,existing,384.01678668302765,321,88,495,179,allocated,214.91860893354715,321,108,495,335,existing,577.4865703111532,321,107,495,335,existing,577.4865703111532,321,109,495,386,existing,794.0554248225445,321,103,495,66,existing,1223.3987120828774,321,104,495,434,existing,1450.6406973763148,321,105,495,434,existing,1450.6406973763148,321,102,495,544,existing,1901.7589199355034,321,101,495,545,existing,1881.536749507327,321,97,495,216,existing,1962.3726865308952,321,112,495,218,existing,2063.620816245822
322,322,90,496,523,existing,1029.0854810062583,322,90,496,319,existing,626.991996064889,322,90,496,464,allocated,503.23327360026184,322,97,496,216,existing,1156.2072418849732,322,112,496,218,existing,1257.4553715998998,322,107,496,335,existing,1339.3263281290183,322,108,496,335,existing,1339.3263281290183,322,99,496,405,existing,1796.3013134253238,322,111,496,405,existing,1796.3013134253238,322,113,496,634,existing,1450.6478160833644,322,109,496,386,existing,1626.3249749167398,322,110,496,405,existing,1796.3013134253238,322,102,496,544,existing,1944.6656279939727
323,323,93,498,389,existing,286.8976841442145,323,93,498,137,existing,299.2512990085859,323,93,498,220,allocated,271.1516016220872,323,112,498,218,existing,484.03284807782234,323,97,498,216,existing,775.0411904799904,323,113,498,634,existing,1055.1436282227637,323,111,498,405,existing,1216.7308454422014,323,110,498,405,existing,1216.7308454422014,323,109,498,386,existing,1980.1291517533361,323,100,498,28,existing,1817.7883777459106,323,99,498,405,existing,1216.7308454422014,323,107,498,335,existing,2086.566205266391,323,98,498,262,existing,2043.8336432377992
324,324,93,499,389,existing,552.7195925108037,324,93,499,137,existing,426.5207641927662,324,93,499,220,allocated,536.9735099886765,324,112,499,218,existing,749.8547564444117,324,97,499,216,existing,922.0466096703037,324,111,499,405,existing,1482.5527538087908,324,113,499,634,existing,1320.965536589353,324,108,499,335,existing,1992.3954041553318,324,99,499,405,existing,1482.5527538087908,324,107,499,335,existing,1992.3954041553318,324,110,499,405,existing,1482.5527538087908,324,109,499,386,existing,2013.5810207720883,324,100,499,28,existing,2083.6102861125
325,325,93,500,389,existing,757.252581239186,325,93,500,23,existing,119.74865521809744,325,93,500,23,allocated,119.74865521809744,325,112,500,218,existing,954.387745172794,325,113,500,634,existing,1189.0891069876823,325,97,500,216,existing,1245.396087574962,325,111,500,405,existing,1350.6763242071202,325,110,500,405,existing,1350.6763242071202,325,108,500,335,existing,1616.2113081714192,325,99,500,405,existing,1350.6763242071202,325,109,500,386,existing,1509.7742546583645,325,102,500,544,existing,1791.6229576053665,325,107,500,335,existing,1616.2113081714192
326,326,93,501,389,existing,812.9183077797048,326,93,501,23,existing,64.08292867757862,326,93,501,23,allocated,64.08292867757862,326,112,501,218,existing,1010.0534717133128,326,113,501,634,existing,1133.4233804471635,326,111,501,405,existing,1295.0105976666014,326,110,501,405,existing,1295.0105976666014,326,107,501,335,existing,1560.5455816309004,326,99,501,405,existing,1295.0105976666014,326,109,501,386,existing,1454.1085281178457,326,97,501,216,existing,1301.061814115481,326,108,501,335,existing,1560.5455816309004,326,102,501,544,existing,1735.9572310648477
327,327,93,502,389,existing,412.58990703329107,327,93,502,137,existing,424.94352189766244,327,93,502,220,allocated,396.84382451116375,327,112,502,218,existing,609.7250709668989,327,97,502,216,existing,900.733413369067,327,99,502,405,existing,1091.038622553125,327,113,502,634,existing,929.4514053336871,327,100,502,28,existing,1692.0961548568343,327,109,502,386,existing,1857.5983086357937,327,111,502,405,existing,1091.038622553125,327,110,502,405,existing,1091.038622553125,327,107,502,335,existing,1964.0353621488484,327,98,502,262,existing,1918.141420348723
328,328,93,503,389,existing,748.9201996611412,328,93,503,137,existing,606.3816358005408,328,93,503,220,allocated,733.1741171390139,328,112,503,218,existing,946.0553635947491,328,97,503,216,existing,1095.4926584938805,328,113,503,634,existing,1517.1661437396904,328,99,503,405,existing,1678.7533609591283,328,110,503,405,existing,1678.7533609591283,328,111,503,405,existing,1678.7533609591283,328,108,503,335,existing,1923.8174671348056,328,109,503,386,existing,1817.380413621751,328,107,503,335,existing,1923.8174671348056,328,102,503,544,existing,2099.229116568753
329,329,93,504,389,existing,1170.8134827072176,329,93,504,443,existing,590.87348312539,329,93,504,443,allocated,590.87348312539,329,113,504,634,existing,459.9340219807117,329,110,504,405,existing,1197.9209342337238,329,111,504,405,existing,1197.9209342337238,329,99,504,405,existing,1197.9209342337238,329,112,504,218,existing,1401.3747018095269,329,101,504,545,existing,1667.108689717797,329,102,504,544,existing,1646.886519289621,329,100,504,28,existing,1677.7012584096979,329,97,504,216,existing,1692.3830442116946,329,98,504,262,existing,2000.8503844211832
330,330,88,505,335,existing,656.8053504879023,330,88,505,319,existing,639.2569111110798,330,88,505,179,allocated,507.0846227910117,330,108,505,335,existing,656.8053504879023,330,107,505,335,existing,656.8053504879023,330,103,505,66,existing,1373.1472845359567,330,109,505,386,existing,943.8039972756237,330,104,505,434,existing,1600.3892698293942,330,101,505,545,existing,1888.2161674517583,330,102,505,544,existing,1908.4383378799348,330,105,505,434,existing,1600.3892698293942,330,112,505,218,existing,2034.9468448641,330,97,505,216,existing,1933.6987151491733
331,331,88,506,335,existing,948.224749219151,331,88,506,319,existing,235.89041715502174,331,88,506,319,allocated,235.89041715502174,331,108,506,335,existing,948.224749219151,331,107,506,335,existing,948.224749219151,331,97,506,216,existing,1402.6218416932336,331,109,506,386,existing,1235.2233960068725,331,104,506,434,existing,1891.808668560643,331,103,506,66,existing,1664.5666832672055,331,105,506,434,existing,1891.808668560643,331,112,506,218,existing,1503.8699714081604,331,113,506,634,existing,1981.348882502991,331,101,506,545,existing,2029.259865040638
332,332,88,507,335,existing,835.4455756420059,332,88,507,319,existing,123.11124357787659,332,88,507,319,allocated,123.11124357787659,332,108,507,335,existing,835.4455756420059,332,107,507,335,existing,835.4455756420059,332,109,507,386,existing,1122.4442224297272,332,97,507,216,existing,1427.7198065568202,332,104,507,434,existing,1779.0294949834977,332,112,507,218,existing,1528.967936271747,332,105,507,434,existing,1779.0294949834977,332,103,507,66,existing,1551.7875096900602,332,101,507,545,existing,1916.4806914634928,332,113,507,634,existing,1868.5697089258458
333,333,89,508,386,existing,998.5982774641709,333,89,508,23,existing,482.57793829475696,333,89,508,464,allocated,407.7284068374157,333,109,508,386,existing,998.5982774641709,333,113,508,634,existing,1076.3156234619769,333,107,508,335,existing,1105.0353309772256,333,108,508,335,existing,1105.0353309772256,333,102,508,544,existing,1372.4932902393914,333,99,508,405,existing,1421.9691208039362,333,101,508,545,existing,1384.6759266587137,333,111,508,405,existing,1421.9691208039362,333,110,508,405,existing,1421.9691208039362,333,103,508,66,existing,1422.9307185474468
334,334,84,509,544,existing,320.8318156084937,334,84,509,676,existing,680.6378682014473,334,84,509,60,allocated,124.37588151341933,334,102,509,544,existing,320.8318156084937,334,101,509,545,existing,341.0539860366699,334,111,509,405,existing,1195.659012442491,334,99,509,405,existing,1195.659012442491,334,110,509,405,existing,1195.659012442491,334,105,509,434,existing,1386.6310244145166,334,100,509,28,existing,1315.076490824485,334,104,509,434,existing,1386.6310244145166,334,109,509,386,existing,1553.9616881496834,334,103,509,66,existing,1613.8730097079538
335,335,85,510,544,existing,350.2899725018706,335,85,510,676,existing,651.1797113080704,335,85,510,60,allocated,153.8340384067962,335,102,510,544,existing,350.2899725018706,335,101,510,545,existing,370.5121429300468,335,111,510,405,existing,1225.1171693358679,335,110,510,405,existing,1225.1171693358679,335,104,510,434,existing,1416.0891813078936,335,105,510,434,existing,1416.0891813078936,335,100,510,28,existing,1344.5346477178618,335,99,510,405,existing,1225.1171693358679,335,109,510,386,existing,1524.5035312563064,335,103,510,66,existing,1643.3311666013308
336,336,94,511,278,existing,828.2947399244497,336,94,511,443,existing,306.60703122158816,336,94,511,421,allocated,217.27305741143763,336,99,511,405,existing,913.6544823299221,336,111,511,405,existing,913.6544823299221,336,110,511,405,existing,913.6544823299221,336,113,511,634,existing,940.6099107705941,336,100,511,28,existing,1221.9624498318221,336,102,511,544,existing,1148.3403723762804,336,98,511,262,existing,1545.1115758433073,336,101,511,545,existing,1168.5625428044564,336,109,511,386,existing,1642.9071652193059,336,114,511,261,existing,1643.8361338525503
337,337,94,512,278,existing,910.9904031335584,337,94,512,443,existing,370.0789377369098,337,94,512,421,allocated,299.96872062054626,337,99,512,405,existing,977.1263888452437,337,111,512,405,existing,977.1263888452437,337,113,512,634,existing,1004.0818172859158,337,110,512,405,existing,977.1263888452437,337,100,512,28,existing,1304.6581130409309,337,101,512,545,existing,1204.1864014090352,337,102,512,544,existing,1183.964230980859,337,109,512,386,existing,1598.38735127168,337,98,512,262,existing,1627.807239052416,337,107,512,335,existing,1704.8244047847347
338,338,93,513,389,existing,669.4260895678703,338,93,513,23,existing,376.32993277510843,338,93,513,23,allocated,376.32993277510843,338,112,513,218,existing,866.5612535014782,338,97,513,216,existing,1157.5695959036461,338,99,513,405,existing,1526.1756716332097,338,113,513,634,existing,1359.6911907153835,338,107,513,335,existing,1726.3340217430168,338,109,513,386,existing,1619.896968229962,338,110,513,405,existing,1526.1756716332097,338,111,513,405,existing,1526.1756716332097,338,102,513,544,existing,1901.7456711769642,338,108,513,335,existing,1726.3340217430168
339,339,93,514,389,existing,780.4777572822898,339,93,514,443,existing,564.4045829932221,339,93,514,193,allocated,362.53655214075445,339,113,514,634,existing,69.59829655578389,339,110,514,405,existing,958.0520918525308,339,99,514,405,existing,958.0520918525308,339,111,514,405,existing,958.0520918525308,339,102,514,544,existing,1620.417619157453,339,112,514,218,existing,1011.038976384599,339,97,514,216,existing,1302.047318786767,339,100,514,28,existing,1559.1096241562402,339,98,514,262,existing,1789.7770837784392,339,101,514,545,existing,1640.6397895856294
340,340,90,515,523,existing,478.1196955982977,340,90,515,137,existing,153.46450968902553,340,90,515,216,existing,605.2414564770127,340,97,515,216,existing,605.2414564770127,340,112,515,218,existing,706.4895861919392,340,99,515,405,existing,1643.2476354425194,340,113,515,634,existing,1481.6604182230815,340,111,515,405,existing,1643.2476354425194,340,107,515,335,existing,1833.215725582477,340,108,515,335,existing,1833.215725582477,340,110,515,405,existing,1643.2476354425194,340,109,515,386,existing,2120.2143723701984,340,100,515,28,existing,2244.3051677462286
341,341,86,517,544,existing,127.78523448992766,341,86,517,676,existing,795.074567839912,341,86,517,517,allocated,0.0,341,101,517,545,existing,107.5630640617514,341,102,517,544,existing,127.78523448992766,341,104,517,434,existing,938.0139743160953,341,105,517,434,existing,938.0139743160953,341,109,517,386,existing,1282.06562695521,341,110,517,405,existing,1395.5242995140738,341,99,517,405,existing,1395.5242995140738,341,103,517,66,existing,1165.2559596095327,341,100,517,28,existing,1514.9417778960678,341,111,517,405,existing,1395.5242995140738
342,342,89,521,386,existing,1175.113088662861,342,89,521,23,existing,373.45278591293936,342,89,521,464,allocated,298.6032544555982,342,113,521,634,existing,923.3544412676941,342,111,521,405,existing,1158.0210779980978,342,99,521,405,existing,1158.0210779980978,342,110,521,405,existing,1158.0210779980978,342,107,521,335,existing,1281.5501421759157,342,108,521,335,existing,1281.5501421759157,342,102,521,544,existing,1414.2991535730148,342,109,521,386,existing,1175.113088662861,342,112,521,218,existing,1447.234530212688,342,101,521,545,existing,1434.521324001191
343,343,94,522,278,existing,1188.4834668287435,343,94,522,23,existing,426.39333403031225,343,94,522,464,allocated,351.54380257297106,343,113,522,634,existing,976.2949893850671,343,99,522,405,existing,1105.0805298807247,343,110,522,405,existing,1105.0805298807247,343,111,522,405,existing,1105.0805298807247,343,108,522,335,existing,1334.4906902932885,343,107,522,335,existing,1334.4906902932885,343,109,522,386,existing,1228.0536367802338,343,102,522,544,existing,1467.2397016903876,343,101,522,545,existing,1487.4618721185639,343,112,522,218,existing,1500.1750783300608
344,344,90,525,523,existing,1228.37107342735,344,90,525,319,existing,516.0410532919025,344,90,525,319,allocated,516.0410532919025,344,108,525,335,existing,1228.3753853560318,344,107,525,335,existing,1228.3753853560318,344,97,525,216,existing,1355.4928343060649,344,112,525,218,existing,1456.7409640209917,344,101,525,545,existing,1932.310079744858,344,113,525,634,existing,1623.9497765481212,344,102,525,544,existing,1920.1274433255358,344,109,525,386,existing,1515.374032143753,344,111,525,405,existing,1969.6032738900803,344,103,525,66,existing,1944.7173194040859
345,345,93,526,389,existing,609.6818650061953,345,93,526,23,existing,307.45283389158215,345,93,526,23,allocated,307.45283389158215,345,112,526,218,existing,806.8170289398032,345,113,526,634,existing,950.6320731461924,345,99,526,405,existing,1112.21929036563,345,97,526,216,existing,1097.8253713419713,345,100,526,28,existing,1713.2768226693393,345,110,526,405,existing,1112.21929036563,345,111,526,405,existing,1112.21929036563,345,109,526,386,existing,1697.478433331849,345,108,526,335,existing,1803.9154868449036,345,107,526,335,existing,1803.9154868449036
346,346,94,527,278,existing,369.46763453378,346,94,527,443,existing,323.6924308431556,346,94,527,527,allocated,0.0,346,99,527,405,existing,527.2108555348957,346,110,527,405,existing,527.2108555348957,346,111,527,405,existing,527.2108555348957,346,102,527,544,existing,748.4943680399853,346,113,527,634,existing,957.6953103921617,346,98,527,262,existing,1086.2844704526376,346,101,527,545,existing,768.7165384681615,346,100,527,28,existing,763.1353444411524,346,106,527,484,existing,1344.3243367975983,346,114,527,261,existing,1185.0090284618807
347,347,83,535,483,existing,375.08790612534614,347,83,535,137,existing,1645.8142078640794,347,83,535,533,allocated,222.64167137521906,347,112,535,218,existing,881.8366972007408,347,97,535,216,existing,919.9693549032156,347,114,535,261,existing,1521.872172246698,347,98,535,262,existing,1423.147614237455,347,99,535,405,existing,1925.8695847875667,347,106,535,484,existing,1840.012221178028,347,100,535,28,existing,1800.0004750322782,347,113,535,634,existing,1825.3274497782786,347,111,535,405,existing,1925.8695847875667,347,110,535,405,existing,1925.8695847875667
348,348,90,542,523,existing,459.47325572026244,348,90,542,137,existing,251.80188320210547,348,90,542,216,allocated,586.5950165989774,348,97,542,216,existing,586.5950165989774,348,112,542,218,existing,687.843146313904,348,113,542,634,existing,1390.596704634738,348,99,542,405,existing,1552.1839218541759,348,110,542,405,existing,1552.1839218541759,348,107,542,335,existing,1894.3966400556867,348,111,542,405,existing,1552.1839218541759,348,108,542,335,existing,1894.3966400556867,348,100,542,28,existing,2153.241454157885,348,109,542,386,existing,2181.395286843408
349,349,86,544,544,existing,0.0,349,86,544,676,existing,868.5937372553066,349,86,544,544,allocated,0.0,349,102,544,544,existing,0.0,349,101,544,545,existing,20.22217042817626,349,104,544,434,existing,1065.799208806023,349,105,544,434,existing,1065.799208806023,349,111,544,405,existing,1267.7390650241462,349,110,544,405,existing,1267.7390650241462,349,99,544,405,existing,1267.7390650241462,349,103,544,66,existing,1293.0411940994602,349,109,544,386,existing,1406.5451907035513,349,100,544,28,existing,1387.15654340614
350,350,93,546,389,existing,51.09800508572121,350,93,546,137,existing,538.099808695297,350,93,546,220,allocated,32.30309193537608,350,112,546,218,existing,245.18433839111125,350,97,546,216,existing,536.1926807932794,350,113,546,634,existing,835.4529345492715,350,111,546,405,existing,997.0401517687092,350,99,546,405,existing,997.0401517687092,350,98,546,262,existing,1824.142949564307,350,100,546,28,existing,1598.0976840724186,350,110,546,405,existing,997.0401517687092,350,106,546,484,existing,2179.2866764288647,350,114,546,261,existing,1922.86750757355
351,351,88,547,335,existing,245.66900455996205,351,88,547,372,existing,492.7614330441097,351,88,547,179,allocated,546.7361746847383,351,107,547,335,existing,245.66900455996205,351,108,547,335,existing,245.66900455996205,351,109,547,386,existing,532.6676513476835,351,103,547,66,existing,962.0109386080164,351,104,547,434,existing,1189.2529239014539,351,101,547,545,existing,1549.7191837561359,351,105,547,434,existing,1189.2529239014539,351,102,547,544,existing,1569.9413541843119,351,97,547,216,existing,2021.2076531072269,351,113,547,634,existing,1864.553162306205
352,352,83,548,483,existing,173.07161684244753,352,83,548,23,existing,1475.8230132608826,352,83,548,548,allocated,0.0,352,98,548,262,existing,874.9880912696613,352,114,548,261,existing,973.7126492789043,352,113,548,634,existing,1277.167926810485,352,100,548,28,existing,1251.8409520644846,352,99,548,405,existing,1377.710061819773,352,112,548,218,existing,1313.7374371424057,352,106,548,484,existing,1291.8526982102344,352,97,548,216,existing,1351.8700948448804,352,111,548,405,existing,1377.710061819773,352,110,548,405,existing,1377.710061819773
353,353,96,552,262,existing,261.351341781738,353,96,552,662,existing,1449.6815124158231,353,96,552,552,allocated,0.0,353,114,552,261,existing,162.62678377249486,353,98,552,262,existing,261.351341781738,353,106,552,484,existing,678.215948722311,353,100,552,28,existing,638.9361539661272,353,111,552,405,existing,1185.5580000969328,353,110,552,405,existing,1185.5580000969328,353,99,552,405,existing,1185.5580000969328,353,113,552,634,existing,1865.5063491884189,353,112,552,218,existing,1902.0758595203397,353,97,552,216,existing,1940.2085172228144
354,354,89,553,386,existing,391.7355492486692,354,89,553,676,existing,560.3322183540456,354,89,553,429,allocated,252.43845373736258,354,109,553,386,existing,391.7355492486692,354,103,553,66,existing,654.7925124619524,354,108,553,335,existing,700.0635202248377,354,107,553,335,existing,700.0635202248377,354,101,553,545,existing,1044.822176665193,354,102,553,544,existing,1065.0443470933692,354,104,553,434,existing,882.0344977553897,354,105,553,434,existing,882.0344977553897,354,113,553,634,existing,1879.1529444996786,354,99,553,405,existing,2224.806441841638
355,355,89,556,386,existing,272.15707283024125,355,89,556,676,existing,614.5028833148893,355,89,556,446,existing,402.648254967227,355,109,556,386,existing,272.15707283024125,355,107,556,335,existing,580.4850438064097,355,103,556,66,existing,642.7002131595383,355,108,556,335,existing,580.4850438064097,355,101,556,545,existing,1114.1659474451337,355,105,556,434,existing,869.9421984529756,355,102,556,544,existing,1134.38811787331,355,104,556,434,existing,869.9421984529756,355,113,556,634,existing,1718.8669568560185,355,99,556,405,existing,2064.5204541979774
356,356,89,557,386,existing,387.75440394474134,356,89,557,676,existing,605.0208748832056,356,89,557,429,allocated,297.12711026652255,356,109,557,386,existing,387.75440394474134,356,108,557,335,existing,696.0823749209098,356,107,557,335,existing,696.0823749209098,356,103,557,66,existing,699.4811689911123,356,101,557,545,existing,1089.510833194353,356,102,557,544,existing,1109.7330036225292,356,105,557,434,existing,926.7231542845497,356,104,557,434,existing,926.7231542845497,356,110,557,405,existing,2180.1177853124777,356,113,557,634,existing,1834.4642879705186
357,357,90,558,523,existing,123.27184661670873,357,90,558,137,existing,599.4373809408211,357,90,558,216,allocated,250.39360749542365,357,97,558,216,existing,250.39360749542365,357,112,558,218,existing,351.64173721035024,357,113,558,634,existing,1123.03538810676,357,110,558,405,existing,1284.6226053261976,357,100,558,28,existing,1885.6801376299068,357,99,558,405,existing,1284.6226053261976,357,111,558,405,existing,1284.6226053261976,357,98,558,262,existing,2111.7254031217954,357,114,558,261,existing,2210.4499611310384,357,107,558,335,existing,2242.0321377944024
358,358,87,560,446,existing,522.9692815959223,358,87,560,676,existing,280.7532935154096,358,87,560,429,allocated,360.6671810636438,358,109,560,386,existing,605.906662629721,358,103,560,66,existing,763.0212397882336,358,102,560,544,existing,800.6385280738302,358,101,560,545,existing,780.416357645654,358,105,560,434,existing,990.263225081671,358,107,560,335,existing,914.2346336058895,358,104,560,434,existing,990.263225081671,358,108,560,335,existing,914.2346336058895,358,113,560,634,existing,1755.694104815103,358,110,560,405,existing,1951.52357627218
359,359,89,561,386,existing,366.22464412252117,359,89,561,676,existing,520.4353120226095,359,89,561,446,existing,496.71582625950685,359,109,561,386,existing,366.22464412252117,359,107,561,335,existing,674.5526150986896,359,103,561,66,existing,736.7677844518181,359,108,561,335,existing,674.5526150986896,359,101,561,545,existing,1020.0983761528539,359,105,561,434,existing,964.0097697452554,359,102,561,544,existing,1040.3205465810302,359,104,561,434,existing,964.0097697452554,359,110,561,405,existing,1970.4528829056976,359,113,561,634,existing,1624.7993855637385
360,360,89,562,386,existing,347.75628179563705,360,89,562,676,existing,538.9036743494936,360,89,562,446,existing,478.24746393262274,360,109,562,386,existing,347.75628179563705,360,107,562,335,existing,656.0842527718055,360,103,562,66,existing,718.299422124934,360,108,562,335,existing,656.0842527718055,360,101,562,545,existing,1038.566738479738,360,102,562,544,existing,1058.7889089079142,360,105,562,434,existing,945.5414074183714,360,104,562,434,existing,945.5414074183714,360,111,562,405,existing,1988.9212452325817,360,113,562,634,existing,1643.2677478906226
361,361,82,570,29,existing,774.4208133007292,361,82,570,34,existing,310.4299289383922,361,82,570,576,allocated,349.8261083479784,361,99,570,405,existing,1048.9068939596204,361,111,570,405,existing,1048.9068939596204,361,100,570,28,existing,1106.9935648400829,361,110,570,405,existing,1048.9068939596204,361,98,570,262,existing,1484.578377024472,361,114,570,261,existing,1583.3029350337151,361,102,570,544,existing,1834.166834063479,361,106,570,484,existing,1688.1825571965292,361,101,570,545,existing,1854.3890044916552,361,113,570,634,existing,2076.557282367935
362,362,94,579,278,existing,832.5222183085555,362,94,579,443,existing,142.0718302522029,362,94,579,443,allocated,142.0718302522029,362,111,579,405,existing,749.1192813605368,362,99,579,405,existing,749.1192813605368,362,113,579,634,existing,776.0747098012089,362,110,579,405,existing,749.1192813605368,362,98,579,262,existing,1549.339054227413,362,102,579,544,existing,1152.567850760386,362,100,579,28,existing,1226.189928215928,362,101,579,545,existing,1172.7900211885622,362,114,579,261,existing,1648.0636122366561,362,109,579,386,existing,1584.0148853004218
363,363,89,585,386,existing,679.0140050317034,363,89,585,676,existing,317.5422105009703,363,89,585,464,allocated,678.8247009880705,363,109,585,386,existing,679.0140050317034,363,107,585,335,existing,785.4510585447581,363,101,585,545,existing,1019.7364903266571,363,108,585,335,existing,785.4510585447581,363,105,585,434,existing,1285.2332675088276,363,103,585,66,existing,1057.9912822153901,363,102,585,544,existing,1039.9586607548333,363,104,585,434,existing,1285.2332675088276,363,113,585,634,existing,1303.5758878001666,363,110,585,405,existing,1649.2293851421257
364,364,88,591,335,existing,227.44060320013202,364,88,591,372,existing,19.651825284015644,364,88,591,179,allocated,188.75000303349614,364,107,591,335,existing,227.44060320013202,364,108,591,335,existing,227.44060320013202,364,103,591,66,existing,819.7301001158341,364,109,591,386,existing,390.38681285550126,364,105,591,434,existing,1046.9720854092716,364,101,591,545,existing,1776.7098331308762,364,102,591,544,existing,1796.9320035590524,364,104,591,434,existing,1046.9720854092716,364,97,591,216,existing,2301.7649227470383,364,113,591,634,existing,2316.4675495450565
365,365,93,600,389,existing,222.48836954381673,365,93,600,137,existing,773.6308288748735,365,93,600,219,allocated,9.37685965954758,365,112,600,218,existing,9.65331821153484,365,97,600,216,existing,300.6616606137029,365,110,600,405,existing,1175.0320575327114,365,113,600,634,existing,1070.983954728848,365,98,600,262,existing,1886.2915724546092,365,100,600,28,existing,1776.0895898364206,365,111,600,405,existing,1175.0320575327114,365,99,600,405,existing,1175.0320575327114,365,114,600,261,existing,1985.0161304638523,365,106,600,484,existing,2296.7373617526437
366,366,96,601,262,existing,378.8553499689368,366,96,601,662,existing,1374.4409126500072,366,96,601,440,allocated,8.075774950656825,366,106,601,484,existing,38.009256971636304,366,98,601,262,existing,378.8553499689368,366,100,601,28,existing,563.6955542003113,366,114,601,261,existing,477.5799079781799,366,111,601,405,existing,1161.7081583258037,366,102,601,544,existing,1947.8071694282341,366,110,601,405,existing,1161.7081583258037,366,99,601,405,existing,1161.7081583258037,366,101,601,545,existing,1968.0293398564104,366,113,601,634,existing,2189.358546734118
367,367,93,620,389,existing,596.7563396798007,367,93,620,443,existing,748.1260005957112,367,93,620,193,allocated,178.81513453826537,367,113,620,634,existing,253.31971415827297,367,110,620,405,existing,774.3306742500417,367,99,620,405,existing,774.3306742500417,367,111,620,405,existing,774.3306742500417,367,98,620,262,existing,1606.0556661759501,367,112,620,218,existing,827.3175587821098,367,97,620,216,existing,1118.3259011842779,367,100,620,28,existing,1375.3882065537512,367,114,620,261,existing,1704.7802241851932,367,109,620,386,existing,1729.270178673597
368,368,94,621,278,existing,1019.8373776022975,368,94,621,443,existing,329.38698954594497,368,94,621,443,allocated,329.38698954594497,368,110,621,405,existing,936.4344406542789,368,111,621,405,existing,936.4344406542789,368,113,621,634,existing,963.389869094951,368,99,621,405,existing,936.4344406542789,368,101,621,545,existing,1360.1051804823041,368,102,621,544,existing,1339.8830100541281,368,100,621,28,existing,1413.50508750967,368,109,621,386,existing,1396.6997260066796,368,108,621,335,existing,1503.1367795197343,368,107,621,335,existing,1503.1367795197343
369,369,95,622,136,existing,624.335311804364,369,95,622,676,existing,449.5857686220565,369,95,622,296,allocated,471.9211589816491,369,101,622,545,existing,632.3292218839073,369,102,622,544,existing,652.5513923120835,369,103,622,66,existing,898.1019030768089,369,109,622,386,existing,757.2994691330541,369,105,622,434,existing,1125.3438883702463,369,107,622,335,existing,1065.6274401092226,369,104,622,434,existing,1125.3438883702463,369,108,622,335,existing,1065.6274401092226,369,110,622,405,existing,1920.2904573362296,369,111,622,405,existing,1920.2904573362296
370,370,90,625,523,existing,493.38644623245034,370,90,625,137,existing,205.8877193630485,370,90,625,216,existing,620.5082071111652,370,97,625,216,existing,620.5082071111652,370,112,625,218,existing,721.7563368260919,370,113,625,634,existing,1436.510868473795,370,99,625,405,existing,1598.0980856932329,370,107,625,335,existing,1848.4824762166297,370,111,625,405,existing,1598.0980856932329,370,110,625,405,existing,1598.0980856932329,370,108,625,335,existing,1848.4824762166297,370,109,625,386,existing,2135.481123004351,370,100,625,28,existing,2199.155617996942
371,371,88,626,335,existing,587.2618277611618,371,88,626,676,existing,533.2629096787464,371,88,626,319,allocated,682.8760868094979,371,108,626,335,existing,587.2618277611618,371,107,626,335,existing,587.2618277611618,371,101,626,545,existing,1235.4571895044332,371,109,626,386,existing,815.520593716856,371,102,626,544,existing,1255.6793599326093,371,103,626,66,existing,1244.8638809771887,371,104,626,434,existing,1472.1058662706262,371,105,626,434,existing,1472.1058662706262,371,113,626,634,existing,1519.2490636366424,371,111,626,405,existing,1864.9025609786017
372,372,90,627,523,existing,1206.594895713649,372,90,627,319,existing,494.26487557820144,372,90,627,319,allocated,494.26487557820144,372,108,627,335,existing,1206.5992076423308,372,107,627,335,existing,1206.5992076423308,372,97,627,216,existing,1333.716656592364,372,112,627,218,existing,1434.9647863072908,372,103,627,66,existing,1922.941141690385,372,102,627,544,existing,1941.903621039237,372,109,627,386,existing,1493.5978544300522,372,113,627,634,existing,1645.7259542618222,372,101,627,545,existing,1954.086257458559,372,110,627,405,existing,1991.3794516037813
373,373,90,628,523,existing,1013.6422896355975,373,90,628,319,existing,497.7482083339432,373,90,628,319,allocated,497.7482083339432,373,97,628,216,existing,1140.7640505143124,373,108,628,335,existing,1210.0825403980725,373,112,628,218,existing,1242.012180229239,373,107,628,335,existing,1210.0825403980725,373,104,628,434,existing,2153.6664597395643,373,103,628,66,existing,1926.4244744461269,373,109,628,386,existing,1497.081187185794,373,113,628,634,existing,1837.2350979525274,373,105,628,434,existing,2153.6664597395643,373,99,628,405,existing,2182.8885952944865
374,374,93,629,389,existing,323.80907778509595,374,93,629,137,existing,874.9515371161527,374,93,629,629,allocated,0.0,374,112,629,218,existing,110.97402645281409,374,97,629,216,existing,401.98236885498216,374,110,629,405,existing,1276.3527657739905,374,113,629,634,existing,1172.3046629701273,374,98,629,262,existing,1784.97086421333,374,111,629,405,existing,1276.3527657739905,374,100,629,28,existing,1877.4102980776997,374,99,629,405,existing,1276.3527657739905,374,106,629,484,existing,2195.416653511364,374,114,629,261,existing,1883.6954222225731
375,375,94,630,278,existing,408.26656735316743,375,94,630,443,existing,327.700836359233,375,94,630,527,allocated,163.27210189438506,375,111,630,405,existing,682.516798878546,375,99,630,405,existing,682.516798878546,375,110,630,405,existing,682.516798878546,375,102,630,544,existing,728.3121998049979,375,101,630,545,existing,748.5343702331742,375,100,630,28,existing,801.9342772605398,375,98,630,262,existing,1125.083403272025,375,113,630,634,existing,961.703715908239,375,106,630,484,existing,1383.123269616986,375,114,630,261,existing,1223.807961281268
376,376,90,631,523,existing,1260.6411125337947,376,90,631,23,existing,697.1331330411007,376,90,631,464,allocated,290.9996280129775,376,113,631,634,existing,1290.8708182083205,376,97,631,216,existing,1387.7628734125096,376,112,631,218,existing,1489.0110031274364,376,109,631,386,existing,1395.582711263501,376,107,631,335,existing,1502.0197647765558,376,110,631,405,existing,1636.5243155502799,376,111,631,405,existing,1636.5243155502799,376,108,631,335,existing,1502.0197647765558,376,102,631,544,existing,1769.4777240387216,376,99,631,405,existing,1636.5243155502799
377,377,82,632,29,existing,1086.015163398544,377,82,632,655,existing,437.5161934968164,377,82,632,182,allocated,267.6076980219967,377,99,632,405,existing,1360.501244057435,377,111,632,405,existing,1360.501244057435,377,100,632,28,existing,1418.5879149378975,377,110,632,405,existing,1360.501244057435,377,98,632,262,existing,1796.172727122287,377,114,632,261,existing,1894.89728513153,377,102,632,544,existing,2145.7611841612934,377,106,632,484,existing,1999.776907294344,377,113,632,634,existing,2388.15163246575,377,101,632,545,existing,2165.98335458947
378,378,84,633,544,existing,623.5220033795375,378,84,633,676,existing,245.07173387576904,378,84,633,455,allocated,522.8698014268764,378,101,633,545,existing,603.2998329513613,378,102,633,544,existing,623.5220033795375,378,103,633,66,existing,1059.1050853356076,378,109,633,386,existing,917.1636139961919,378,108,633,335,existing,1162.8325858642222,378,104,633,434,existing,1286.3470706290448,378,107,633,335,existing,1162.8325858642222,378,105,633,434,existing,1286.3470706290448,378,110,633,405,existing,1823.8237875181617,378,113,633,634,existing,1720.0125451754625
379,379,93,634,389,existing,850.0760538380737,379,93,634,443,existing,634.002879549006,379,93,634,193,allocated,432.13484869653837,379,113,634,634,existing,0.0,379,110,634,405,existing,1027.6503884083147,379,99,634,405,existing,1027.6503884083147,379,111,634,405,existing,1027.6503884083147,379,112,634,218,existing,1080.637272940383,379,102,634,544,existing,1690.015915713237,379,100,634,28,existing,1628.7079207120241,379,97,634,216,existing,1371.6456153425509,379,98,634,262,existing,1859.3753803342229,379,101,634,545,existing,1710.238086141413
380,380,89,635,386,existing,459.9574620325932,380,89,635,676,existing,677.2239329710574,380,89,635,429,allocated,369.33016835437434,380,109,635,386,existing,459.9574620325932,380,108,635,335,existing,768.2854330087616,380,107,635,335,existing,768.2854330087616,380,103,635,66,existing,771.6842270789641,380,101,635,545,existing,1161.7138912822047,380,102,635,544,existing,1181.936061710381,380,105,635,434,existing,998.9262123724016,380,104,635,434,existing,998.9262123724016,380,110,635,405,existing,2252.3208434003295,380,113,635,634,existing,1906.6673460583704
381,381,82,636,29,existing,880.1535285809119,381,82,636,34,existing,204.6972136582095,381,82,636,576,allocated,455.5588236281611,381,111,636,405,existing,1154.6396092398031,381,110,636,405,existing,1154.6396092398031,381,99,636,405,existing,1154.6396092398031,381,100,636,28,existing,1212.7262801202655,381,102,636,544,existing,1939.8995493436616,381,114,636,261,existing,1689.0356503138978,381,98,636,262,existing,1590.3110923046547,381,106,636,484,existing,1793.9152724767118,381,101,636,545,existing,1960.121719771838,381,113,636,634,existing,2182.2899976481176
382,382,88,637,335,existing,547.2664422401926,382,88,637,319,existing,642.8807012885287,382,88,637,319,allocated,642.8807012885287,382,108,637,335,existing,547.2664422401926,382,107,637,335,existing,547.2664422401926,382,103,637,66,existing,1204.8684954562198,382,109,637,386,existing,775.5252081958868,382,101,637,545,existing,1346.4482605802968,382,104,637,434,existing,1432.110480749657,382,102,637,544,existing,1366.6704310084729,382,105,637,434,existing,1432.110480749657,382,113,637,634,existing,1649.7417058156263,382,111,637,405,existing,1995.3952031575857
383,383,84,640,544,existing,435.5154248170795,383,84,640,676,existing,521.8010516843182,383,84,640,455,allocated,334.86322286441845,383,101,640,545,existing,415.2932543889033,383,102,640,544,existing,435.5154248170795,383,105,640,434,existing,1300.0102297177805,383,109,640,386,existing,1193.892931804741,383,108,640,335,existing,1439.5619036727712,383,104,640,434,existing,1300.0102297177805,383,107,640,335,existing,1439.5619036727712,383,103,640,66,existing,1335.8344031441566,383,111,640,405,existing,1644.4505080335246,383,110,640,405,existing,1644.4505080335246
384,384,93,641,389,existing,653.3708307764456,384,93,641,443,existing,691.5115094990663,384,93,641,193,allocated,235.42962563491022,384,113,641,634,existing,196.70522306162812,384,110,641,405,existing,830.9451653466866,384,99,641,405,existing,830.9451653466866,384,111,641,405,existing,830.9451653466866,384,100,641,28,existing,1432.002697650396,384,97,641,216,existing,1174.9403922809227,384,98,641,262,existing,1662.6701572725947,384,112,641,218,existing,883.9320498787547,384,102,641,544,existing,1747.5245456632974,384,114,641,261,existing,1761.3947152818378
385,385,88,642,335,existing,563.3196158395097,385,88,642,372,existing,432.7843241555563,385,88,642,179,allocated,263.6861464060758,385,108,642,335,existing,563.3196158395097,385,107,642,335,existing,563.3196158395097,385,109,642,386,existing,842.8229622950732,385,103,642,66,existing,1272.166249555406,385,102,642,544,existing,1887.5919654638597,385,101,642,545,existing,1867.3697950356832,385,105,642,434,existing,1499.4082348488434,385,104,642,434,existing,1499.4082348488434,385,112,642,218,existing,2112.3883537183506,385,97,642,216,existing,2011.1402240034238
386,386,93,643,389,existing,898.8766647243675,386,93,643,23,existing,203.0562218598967,386,93,643,23,allocated,203.0562218598967,386,112,643,218,existing,1096.0118286579755,386,113,643,634,existing,1130.2406155588862,386,97,643,216,existing,1387.0201710601434,386,109,643,386,existing,1390.4463930734648,386,99,643,405,existing,1433.9838908489196,386,111,643,405,existing,1433.9838908489196,386,107,643,335,existing,1496.8834465865195,386,110,643,405,existing,1433.9838908489196,386,108,643,335,existing,1496.8834465865195,386,102,643,544,existing,1672.2950960204669
387,387,91,644,436,existing,109.24480766040519,387,91,644,662,existing,901.7066429569209,387,91,644,644,allocated,0.0,387,100,644,28,existing,90.96128450722514,387,98,644,262,existing,468.5460966916145,387,114,644,261,existing,567.2706547008576,387,106,644,484,existing,672.1502768636713,387,102,644,544,existing,1478.117827913365,387,111,644,405,existing,692.0188168109346,387,99,644,405,existing,692.0188168109346,387,110,644,405,existing,692.0188168109346,387,101,644,545,existing,1498.3399983415413,387,113,644,634,existing,1719.6692052192493
388,388,87,645,446,existing,572.3712897383194,388,87,645,676,existing,231.35128537301244,388,87,645,429,allocated,410.06918920604096,388,109,645,386,existing,655.3086707721181,388,101,645,545,existing,812.3838697151659,388,102,645,544,existing,832.6060401433422,388,103,645,66,existing,812.4232479306307,388,107,645,335,existing,963.6366417482866,388,104,645,434,existing,1039.6652332240683,388,108,645,335,existing,963.6366417482866,388,105,645,434,existing,1039.6652332240683,388,113,645,634,existing,1706.2920966727058,388,99,645,405,existing,1902.1215681297829
389,389,85,647,544,existing,219.58298593911366,389,85,647,676,existing,882.5541749950264,389,85,647,269,allocated,42.930242957975125,389,101,647,545,existing,199.36081551093739,389,102,647,544,existing,219.58298593911366,389,104,647,434,existing,971.2820229939119,389,105,647,434,existing,971.2820229939119,389,99,647,405,existing,1487.3220509632597,389,103,647,66,existing,1198.5240082873493,389,109,647,386,existing,1190.267875506024,389,111,647,405,existing,1487.3220509632597,389,110,647,405,existing,1487.3220509632597,389,107,647,335,existing,1498.5958464821924
390,390,90,650,523,existing,51.62719606777553,390,90,650,137,existing,579.9570092195477,390,90,650,216,allocated,178.7489569464904,390,97,650,216,existing,178.7489569464904,390,112,650,218,existing,279.9970866614171,390,113,650,634,existing,1297.9344307912443,390,110,650,405,existing,1459.521648010682,390,111,650,405,existing,1459.521648010682,390,100,650,28,existing,2060.579180314391,390,107,650,335,existing,2084.416425252336,390,99,650,405,existing,1459.521648010682,390,108,650,335,existing,2084.416425252336,390,98,650,262,existing,2112.826505315109
391,391,90,651,523,existing,608.1542379314297,391,90,651,137,existing,23.429967355893517,391,90,651,220,allocated,593.8328679865666,391,97,651,216,existing,735.2759988101445,391,112,651,218,existing,806.7141144423018,391,113,651,634,existing,1377.824894587243,391,110,651,405,existing,1539.412111806681,391,99,651,405,existing,1539.412111806681,391,107,651,335,existing,1963.2502679156091,391,108,651,335,existing,1963.2502679156091,391,111,651,405,existing,1539.412111806681,391,109,651,386,existing,2164.2579749354063,391,100,651,28,existing,2140.46964411039
392,392,84,652,544,existing,532.3267868470165,392,84,652,676,existing,609.8160456519042,392,84,652,455,allocated,431.6745848943554,392,101,652,545,existing,512.1046164188402,392,102,652,544,existing,532.3267868470165,392,105,652,434,existing,1396.8215917477173,392,109,652,386,existing,1290.704293834678,392,103,652,66,existing,1432.6457651740936,392,104,652,434,existing,1396.8215917477173,392,108,652,335,existing,1536.3732657027083,392,107,652,335,existing,1536.3732657027083,392,99,652,405,existing,1579.451343056945,392,110,652,405,existing,1579.451343056945
393,393,82,653,29,existing,1287.6611980660339,393,82,653,34,existing,547.8049051874152,393,82,653,665,allocated,117.60348223308264,393,99,653,405,existing,1562.147278724925,393,111,653,405,existing,1562.147278724925,393,100,653,28,existing,1620.2339496053874,393,110,653,405,existing,1562.147278724925,393,106,653,484,existing,2201.422941961834,393,114,653,261,existing,2096.5433197990196,393,102,653,544,existing,2347.4072188287837,393,98,653,262,existing,1997.8187617897768,393,101,653,545,existing,2367.6293892569597,393,113,653,634,existing,2589.79766713324
394,394,82,654,29,existing,1297.1692356700726,394,82,654,34,existing,557.312942791454,394,82,654,665,allocated,108.09544462904387,394,99,654,405,existing,1571.6553163289639,394,111,654,405,existing,1571.6553163289639,394,100,654,28,existing,1629.741987209426,394,110,654,405,existing,1571.6553163289639,394,106,654,484,existing,2210.930979565873,394,114,654,261,existing,2106.051357403059,394,102,654,544,existing,2356.9152564328224,394,98,654,262,existing,2007.3267993938157,394,101,654,545,existing,2377.1374268609984,394,113,654,634,existing,2599.3057047372786
395,395,82,655,29,existing,648.4989699017276,395,82,655,655,existing,0.0,395,82,655,662,allocated,170.32636299138542,395,111,655,405,existing,922.9850505606188,395,99,655,405,existing,922.9850505606188,395,110,655,405,existing,922.9850505606188,395,100,655,28,existing,981.0717214410811,395,114,655,261,existing,1457.3810916347136,395,106,655,484,existing,1562.2607137975276,395,102,655,544,existing,1708.2449906644772,395,98,655,262,existing,1358.6565336254705,395,113,655,634,existing,1950.6354389689336,395,101,655,545,existing,1728.4671610926534
396,396,90,656,523,existing,1290.547883343363,396,90,656,319,existing,595.8079561329063,396,90,656,464,allocated,562.8078155229597,396,107,656,335,existing,1308.1422881970357,396,108,656,335,existing,1308.1422881970357,396,112,656,218,existing,1518.9177739370048,396,97,656,216,existing,1417.669644222078,396,113,656,634,existing,1606.8958685443392,396,102,656,544,existing,1903.0735353217538,396,109,656,386,existing,1529.1785225465333,396,101,656,545,existing,1915.256171741076,396,111,656,405,existing,1952.5493658862983,396,110,656,405,existing,1952.5493658862983
397,397,88,657,335,existing,259.3034556357373,397,88,657,372,existing,506.39588411988484,397,88,657,179,allocated,675.4940618693654,397,107,657,335,existing,259.3034556357373,397,108,657,335,existing,259.3034556357373,397,109,657,386,existing,546.3021024234588,397,103,657,66,existing,975.6453896837917,397,101,657,545,existing,1832.6103441136106,397,104,657,434,existing,1202.887374977229,397,102,657,544,existing,1852.8325145417866,397,105,657,434,existing,1202.887374977229,397,97,657,216,existing,2329.6433074968536,397,113,657,634,existing,2155.5048716429515
398,398,82,658,29,existing,1021.4281356053086,398,82,658,34,existing,453.022562735989,398,82,658,665,allocated,503.9289005859745,398,99,658,405,existing,1295.9142162642,398,111,658,405,existing,1295.9142162642,398,100,658,28,existing,1354.000887144662,398,110,658,405,existing,1295.9142162642,398,106,658,484,existing,1935.1898795011086,398,114,658,261,existing,1830.3102573382946,398,102,658,544,existing,2081.174156368058,398,98,658,262,existing,1731.5856993290515,398,113,658,634,existing,2323.564604672515,398,101,658,545,existing,2101.3963267962345
399,399,82,659,29,existing,1135.230544935469,399,82,659,34,existing,566.8249720661494,399,82,659,665,allocated,617.7313099161348,399,99,659,405,existing,1409.7166255943603,399,111,659,405,existing,1409.7166255943603,399,100,659,28,existing,1467.8032964748224,399,110,659,405,existing,1409.7166255943603,399,106,659,484,existing,2048.992288831269,399,114,659,261,existing,1944.112666668455,399,102,659,544,existing,2194.9765656982186,399,98,659,262,existing,1845.3881086592119,399,113,659,634,existing,2437.3670140026757,399,101,659,545,existing,2215.198736126395
400,400,93,660,389,existing,673.9166677658466,400,93,660,23,existing,203.08456869143689,400,93,660,23,allocated,203.08456869143689,400,112,660,218,existing,871.0518316994545,400,97,660,216,existing,1162.0601741016226,400,110,660,405,existing,1434.0122376804597,400,113,660,634,existing,1272.4250204610219,400,108,660,335,existing,1699.5472216447588,400,109,660,386,existing,1593.110168131704,400,111,660,405,existing,1434.0122376804597,400,99,660,405,existing,1434.0122376804597,400,102,660,544,existing,1874.9588710787061,400,107,660,335,existing,1699.5472216447588
401,401,88,661,335,existing,459.5452072875087,401,88,661,372,existing,488.3481542819176,401,88,661,179,allocated,319.2499765324371,401,107,661,335,existing,459.5452072875087,401,108,661,335,existing,459.5452072875087,401,103,661,66,existing,1175.8871413355632,401,109,661,386,existing,746.5438540752301,401,105,661,434,existing,1403.1291266290004,401,104,661,434,existing,1403.1291266290004,401,102,661,544,existing,1794.3655301282124,401,101,661,545,existing,1774.1433597000364,401,97,661,216,existing,2096.933034552377,401,113,661,634,existing,2097.0378872293772
402,402,90,663,523,existing,272.38297381750255,402,90,663,137,existing,438.89216510486534,402,90,663,216,existing,399.5047346962175,402,97,663,216,existing,399.5047346962175,402,112,663,218,existing,500.75286441114406,402,111,663,405,existing,1445.1678211621534,402,113,663,634,existing,1283.5806039427157,402,100,663,28,existing,2046.2253534658626,402,110,663,405,existing,1445.1678211621534,402,107,663,335,existing,2081.4869219584466,402,99,663,405,existing,1445.1678211621534,402,108,663,335,existing,2081.4869219584466,402,98,663,262,existing,2272.270618957751
403,403,87,664,446,existing,263.31025134316343,403,87,664,676,existing,742.4286253899384,403,87,664,429,allocated,101.00815081088491,403,109,664,386,existing,452.601580411185,403,103,664,66,existing,503.3622095354747,403,105,664,434,existing,730.6041948289121,403,104,664,434,existing,730.6041948289121,403,101,664,545,existing,1059.5829532464961,403,108,664,335,existing,760.9295513873535,403,102,664,544,existing,1079.8051236746724,403,107,664,335,existing,760.9295513873535,403,111,664,405,existing,2347.5441886988183,403,113,664,634,existing,2217.3694366896316
404,404,82,665,29,existing,1294.8757369061782,404,82,665,655,existing,646.3767670044506,404,82,665,665,allocated,0.0,404,99,665,405,existing,1569.3618175650695,404,111,665,405,existing,1569.3618175650695,404,100,665,28,existing,1627.4484884455317,404,110,665,405,existing,1569.3618175650695,404,102,665,544,existing,2354.621757668928,404,114,665,261,existing,2103.757858639164,404,98,665,262,existing,2005.033300629921,404,106,665,484,existing,2208.637480801978,404,101,665,545,existing,2374.8439280971043,404,113,665,634,existing,2597.012205973384
405,405,90,666,523,existing,1375.959745469228,405,90,666,319,existing,663.6297253337802,405,90,666,464,allocated,432.2730514848638,405,108,666,335,existing,1375.9640573979095,405,107,666,335,existing,1375.9640573979095,405,109,666,386,existing,1398.6437585084375,405,113,666,634,existing,1476.3611045062435,405,101,666,545,existing,1784.7214077029803,405,112,666,218,existing,1604.3296360628697,405,97,666,216,existing,1503.0815063479429,405,102,666,544,existing,1772.538771283658,405,99,666,405,existing,1822.0146018482026,405,110,666,405,existing,1822.0146018482026
406,406,93,667,389,existing,863.345372279673,406,93,667,23,existing,114.50999317754687,406,93,667,23,allocated,114.50999317754687,406,112,667,218,existing,1060.480536213281,406,113,667,634,existing,1183.8504449471318,406,110,667,405,existing,1345.4376621665697,406,99,667,405,existing,1345.4376621665697,406,97,667,216,existing,1351.488878615449,406,109,667,386,existing,1478.9926217558148,406,108,667,335,existing,1585.4296752688695,406,111,667,405,existing,1345.4376621665697,406,102,667,544,existing,1760.8413247028168,406,107,667,335,existing,1585.4296752688695
407,407,90,668,523,existing,1276.1297476553227,407,90,668,319,existing,610.2260918209466,407,90,668,464,allocated,577.225951211,407,108,668,335,existing,1322.560423885076,407,107,668,335,existing,1322.560423885076,407,97,668,216,existing,1403.2515085340376,407,112,668,218,existing,1504.4996382489644,407,102,668,544,existing,1917.4916710097941,407,109,668,386,existing,1543.5966582345736,407,101,668,545,existing,1929.6743074291164,407,113,668,634,existing,1621.3140042323796,407,111,668,405,existing,1966.9675015743387,407,99,668,405,existing,1966.9675015743387
408,408,88,669,335,existing,1043.3611561119906,408,88,669,319,existing,331.0268240478613,408,88,669,319,allocated,331.0268240478613,408,108,669,335,existing,1043.3611561119906,408,107,669,335,existing,1043.3611561119906,408,97,669,216,existing,1307.4854348003942,408,109,669,386,existing,1330.3598028997121,408,112,669,218,existing,1408.733564515321,408,104,669,434,existing,1986.9450754534823,408,103,669,66,existing,1759.703090160045,408,105,669,434,existing,1986.9450754534823,408,113,669,634,existing,2003.9564822386094,408,101,669,545,existing,2124.3962719334777
409,409,88,670,335,existing,345.5383955643975,409,88,670,372,existing,592.6308240485452,409,88,670,179,allocated,433.25678825554826,409,107,670,335,existing,345.5383955643975,409,108,670,335,existing,345.5383955643975,409,103,670,66,existing,1061.880329612452,409,109,670,386,existing,632.537042352119,409,102,670,544,existing,1680.3587184051012,409,105,670,434,existing,1289.1223149058892,409,101,670,545,existing,1660.1365479769252,409,104,670,434,existing,1289.1223149058892,409,113,670,634,existing,1983.0310755062662,409,97,670,216,existing,2157.1695113601677
410,410,94,672,278,existing,1013.3530883196502,410,94,672,443,existing,320.1930229427146,410,94,672,443,allocated,320.1930229427146,410,113,672,634,existing,681.0478397894346,410,110,672,405,existing,927.2404740510485,410,111,672,405,existing,927.2404740510485,410,99,672,405,existing,927.2404740510485,410,100,672,28,existing,1407.0207982270226,410,101,672,545,existing,1396.4282295351218,410,102,672,544,existing,1376.2060591069455,410,109,672,386,existing,1401.0029161227806,410,108,672,335,existing,1507.4399696358353,410,107,672,335,existing,1507.4399696358353
411,411,90,673,523,existing,622.1351480845425,411,90,673,137,existing,334.6364212151405,411,90,673,216,existing,749.2569089632573,411,97,673,216,existing,749.2569089632573,411,112,673,218,existing,850.5050386781841,411,107,673,335,existing,1779.2117299028087,411,113,673,634,existing,1632.9495306340625,411,110,673,405,existing,1794.5367478535004,411,99,673,405,existing,1794.5367478535004,411,111,673,405,existing,1794.5367478535004,411,108,673,335,existing,1779.2117299028087,411,102,673,544,existing,2357.9044051318087,411,109,673,386,existing,2066.21037669053
412,412,93,675,389,existing,596.1085007439972,412,93,675,137,existing,77.18471233033091,412,93,675,220,allocated,580.3624182218699,412,112,675,218,existing,793.2436646776051,412,97,675,216,existing,817.0657056502716,412,113,675,634,existing,1364.3544448225464,412,110,675,405,existing,1525.9416620419843,412,99,675,405,existing,1525.9416620419843,412,111,675,405,existing,1525.9416620419843,412,107,675,335,existing,2045.039974755736,412,108,675,335,existing,2045.039974755736,412,100,675,28,existing,2126.9991943456935,412,109,675,386,existing,2150.78752517071
413,413,87,676,446,existing,803.7225751113319,413,87,676,676,existing,0.0,413,87,676,429,allocated,641.4204745790535,413,101,676,545,existing,848.3715668271303,413,102,676,544,existing,868.5937372553066,413,109,676,386,existing,886.6599561451306,413,103,676,66,existing,1043.7745333036432,413,105,676,434,existing,1271.0165185970807,413,108,676,335,existing,1063.9381389898967,413,104,676,434,existing,1271.0165185970807,413,107,676,335,existing,1063.9381389898967,413,113,676,634,existing,1621.1180983011368,413,111,676,405,existing,1670.7702827567705
414,414,88,677,335,existing,534.8014882894267,414,88,677,676,existing,615.946169695651,414,88,677,319,allocated,655.9602413699141,414,108,677,335,existing,534.8014882894267,414,107,677,335,existing,534.8014882894267,414,109,677,386,existing,587.218988603609,414,103,677,66,existing,1016.5622758639419,414,104,677,434,existing,1243.8042611573792,414,102,677,544,existing,1338.3626199495143,414,105,677,434,existing,1243.8042611573792,414,101,677,545,existing,1318.1404495213378,414,99,677,405,existing,1986.688474392638,414,113,677,634,existing,1641.034977050679
415,415,82,678,29,existing,1320.1762152875187,415,82,678,34,existing,594.0320269947645,415,82,678,665,allocated,163.83060404043184,415,99,678,405,existing,1594.6622959464098,415,111,678,405,existing,1594.6622959464098,415,110,678,405,existing,1594.6622959464098,415,100,678,28,existing,1652.7489668268722,415,106,678,484,existing,2233.9379591833185,415,114,678,261,existing,2129.058337020505,415,102,678,544,existing,2379.922236050268,415,98,678,262,existing,2030.3337790112616,415,101,678,545,existing,2400.1444064784446,415,113,678,634,existing,2622.3126843547248
416,416,95,679,136,existing,482.96325217957764,416,95,679,676,existing,650.822040879822,416,95,679,296,allocated,330.5490993568628,416,101,679,545,existing,616.2596197131303,416,102,679,544,existing,636.4817901413065,416,109,679,386,existing,895.5523627513943,416,103,679,66,existing,959.8266748667183,416,105,679,434,existing,1030.0686897097316,416,104,679,434,existing,1030.0686897097316,416,107,679,335,existing,1203.8803337275629,416,108,679,335,existing,1203.8803337275629,416,99,679,405,existing,1904.2208551654526,416,110,679,405,existing,1904.2208551654526
417,417,91,680,436,existing,209.66922798086412,417,91,680,662,existing,1002.1310632773798,417,91,680,680,allocated,0.0,417,100,680,28,existing,191.3857048276841,417,98,680,262,existing,568.9705170120734,417,106,680,484,existing,772.5746971841302,417,114,680,261,existing,667.6950750213165,417,99,680,405,existing,792.4432371313935,417,102,680,544,existing,1578.542248233824,417,111,680,405,existing,792.4432371313935,417,110,680,405,existing,792.4432371313935,417,101,680,545,existing,1598.7644186620003,417,113,680,634,existing,1820.0936255397082
418,418,82,682,29,existing,1338.7652162313962,418,82,682,34,existing,621.5189080952799,418,82,682,665,allocated,43.889479325217934,418,99,682,405,existing,1613.2512968902874,418,111,682,405,existing,1613.2512968902874,418,100,682,28,existing,1671.3379677707496,418,110,682,405,existing,1613.2512968902874,418,98,682,262,existing,2048.922779955139,418,114,682,261,existing,2147.647337964382,418,102,682,544,existing,2398.5112369941457,418,106,682,484,existing,2252.526960127196,418,101,682,545,existing,2418.733407422322,418,113,682,634,existing,2640.901685298602
419,419,90,683,523,existing,613.0823359087578,419,90,683,137,existing,325.5836090393559,419,90,683,216,existing,740.2040967874727,419,97,683,216,existing,740.2040967874727,419,112,683,218,existing,841.4522265023993,419,113,683,634,existing,1623.896718458278,419,99,683,405,existing,1785.4839356777159,419,111,683,405,existing,1785.4839356777159,419,110,683,405,existing,1785.4839356777159,419,107,683,335,existing,1928.3173005220988,419,108,683,335,existing,1928.3173005220988,419,100,683,28,existing,2386.541467981425,419,109,683,386,existing,2215.3159473098203
