,assign_from_var_id_grocery,assign_to_var_id_grocery,assign_from_node_id_grocery,assign_to_node_id_grocery,assign_type_grocery,dist_grocery,assign_from_var_id_school,assign_to_var_id_school,assign_from_node_id_school,assign_to_node_id_school,assign_type_school,dist_school,assign_from_var_id_healthcare,assign_to_var_id_healthcare,assign_from_node_id_healthcare,assign_to_node_id_healthcare,assign_type_healthcare,dist_healthcare,0_assign_from_var_id_restaurant,0_assign_to_var_id_restaurant,0_assign_from_node_id_restaurant,0_assign_to_node_id_restaurant,0_assign_type_restaurant,0_dist_restaurant,1_assign_from_var_id_restaurant,1_assign_to_var_id_restaurant,1_assign_from_node_id_restaurant,1_assign_to_node_id_restaurant,1_assign_type_restaurant,1_dist_restaurant,2_assign_from_var_id_restaurant,2_assign_to_var_id_restaurant,2_assign_from_node_id_restaurant,2_assign_to_node_id_restaurant,2_assign_type_restaurant,2_dist_restaurant,3_assign_from_var_id_restaurant,3_assign_to_var_id_restaurant,3_assign_from_node_id_restaurant,3_assign_to_node_id_restaurant,3_assign_type_restaurant,3_dist_restaurant,4_assign_from_var_id_restaurant,4_assign_to_var_id_restaurant,4_assign_from_node_id_restaurant,4_assign_to_node_id_restaurant,4_assign_type_restaurant,4_dist_restaurant,5_assign_from_var_id_restaurant,5_assign_to_var_id_restaurant,5_assign_from_node_id_restaurant,5_assign_to_node_id_restaurant,5_assign_type_restaurant,5_dist_restaurant,6_assign_from_var_id_restaurant,6_assign_to_var_id_restaurant,6_assign_from_node_id_restaurant,6_assign_to_node_id_restaurant,6_assign_type_restaurant,6_dist_restaurant,7_assign_from_var_id_restaurant,7_assign_to_var_id_restaurant,7_assign_from_node_id_restaurant,7_assign_to_node_id_restaurant,7_assign_type_restaurant,7_dist_restaurant,8_assign_from_var_id_restaurant,8_assign_to_var_id_restaurant,8_assign_from_node_id_restaurant,8_assign_to_node_id_restaurant,8_assign_type_restaurant,8_dist_restaurant,9_assign_from_var_id_restaurant,9_assign_to_var_id_restaurant,9_assign_from_node_id_restaurant,9_assign_to_node_id_restaurant,9_assign_type_restaurant,9_dist_restaurant
0,0,22,0,254,existing,256.5892059269126,0,22,0,206,existing,181.283019960967,0,22,0,193,allocated,196.069473549407,0,38,0,187,existing,284.2518209652046,0,37,0,186,existing,291.2598915635675,0,39,0,259,existing,320.25134860347987,0,40,0,259,existing,320.25134860347987,0,35,0,201,existing,373.9160221160538,0,28,0,264,existing,419.3013335837944,0,34,0,201,existing,373.9160221160538,0,36,0,201,existing,373.9160221160538,0,27,0,110,existing,467.7530461450482,0,33,0,180,existing,426.34456243577085
1,1,24,1,254,existing,286.0864245647126,1,24,1,206,existing,210.78023859876706,1,24,1,193,allocated,167.5091631989478,1,38,1,187,existing,313.74903960300463,1,37,1,186,existing,320.7571102013676,1,39,1,259,existing,349.7485672412799,1,40,1,259,existing,349.7485672412799,1,34,1,201,existing,403.41324075385387,1,28,1,264,existing,448.7985522215945,1,36,1,201,existing,403.41324075385387,1,35,1,201,existing,403.41324075385387,1,33,1,180,existing,466.14362135565204,1,27,1,110,existing,497.25026478284826
2,2,25,2,60,existing,230.72595123537891,2,25,2,257,existing,351.8911585706603,2,25,2,109,allocated,316.5469285911813,2,31,2,65,existing,341.353929016477,2,32,2,127,existing,417.6640796615387,2,29,2,127,existing,417.6640796615387,2,30,2,81,existing,507.9369793225052,2,35,2,201,existing,614.3572015607799,2,27,2,110,existing,600.7590677798662,2,28,2,264,existing,524.9488121947393,2,33,2,180,existing,561.8910179605163,2,34,2,201,existing,614.3572015607799,2,36,2,201,existing,614.3572015607799
3,3,25,3,60,existing,233.29900821164253,3,25,3,257,existing,362.3627700856596,3,25,3,109,allocated,327.01854010618064,3,31,3,65,existing,330.8823175014777,3,32,3,127,existing,407.19246814653945,3,29,3,127,existing,407.19246814653945,3,30,3,81,existing,497.4653678075058,3,35,3,201,existing,603.8855900457805,3,27,3,110,existing,590.2874562648669,3,28,3,264,existing,514.47720067974,3,33,3,180,existing,551.419406445517,3,34,3,201,existing,603.8855900457805,3,36,3,201,existing,603.8855900457805
4,4,25,4,60,existing,425.9670540567704,4,25,4,257,existing,359.2870629600255,4,25,4,109,allocated,343.38847464131595,4,27,4,110,existing,800.4990249810107,4,28,4,264,existing,804.0735183323924,4,33,4,180,existing,841.0157240981694,4,35,4,201,existing,858.1119422639008,4,36,4,201,existing,858.1119422639008,4,29,4,127,existing,899.6812496808377,4,32,4,127,existing,899.6812496808377,4,34,4,201,existing,858.1119422639008,4,37,4,186,existing,940.7680728163871,4,30,4,81,existing,900.0237607674671
5,5,25,5,60,existing,438.1336286823007,5,25,5,257,existing,371.4536375855557,5,25,5,109,allocated,355.5550492668462,5,27,5,110,existing,788.3324503554805,5,28,5,264,existing,815.7551630760984,5,34,5,201,existing,845.9453676383705,5,36,5,201,existing,845.9453676383705,5,35,5,201,existing,845.9453676383705,5,29,5,127,existing,911.3628944245436,5,33,5,180,existing,852.6973688418753,5,32,5,127,existing,911.3628944245436,5,37,5,186,existing,928.6014981908568,5,30,5,81,existing,911.705405511173
6,6,23,6,65,existing,435.8536860052195,6,23,6,190,existing,508.7486631265767,6,23,6,251,allocated,200.2457144040175,6,31,6,65,existing,435.8536860052195,6,30,6,81,existing,493.7949941030733,6,32,6,127,existing,551.0315989408814,6,29,6,127,existing,551.0315989408814,6,33,6,180,existing,552.803030772371,6,36,6,201,existing,731.9509506474114,6,27,6,110,existing,718.3528168664977,6,28,6,264,existing,589.745236538148,6,34,6,201,existing,731.9509506474114,6,35,6,201,existing,731.9509506474114
7,7,23,7,65,existing,581.4225638366374,7,23,7,205,existing,650.5193654082076,7,23,7,175,allocated,322.32092209313464,7,31,7,65,existing,581.4225638366374,7,30,7,81,existing,639.3638719344912,7,32,7,127,existing,696.6004767722993,7,29,7,127,existing,696.6004767722993,7,35,7,201,existing,877.5198284788294,7,27,7,110,existing,863.9216946979157,7,28,7,264,existing,735.3141143695659,7,33,7,180,existing,698.3719086037888,7,36,7,201,existing,877.5198284788294,7,34,7,201,existing,877.5198284788294
8,8,23,8,65,existing,401.1422579573834,8,23,8,190,existing,619.2496913700704,8,23,8,251,allocated,191.89487380667725,8,31,8,65,existing,401.1422579573834,8,29,8,127,existing,516.3201708930453,8,32,8,127,existing,516.3201708930453,8,30,8,81,existing,519.2289277976096,8,27,8,110,existing,740.5354825698404,8,28,8,264,existing,615.1791702326842,8,33,8,180,existing,578.2369644669072,8,34,8,201,existing,754.133616350754,8,36,8,201,existing,754.133616350754,8,35,8,201,existing,754.133616350754
9,9,23,9,65,existing,442.79908148674724,9,23,9,190,existing,639.0651556020991,9,23,9,251,allocated,233.55169733604112,9,31,9,65,existing,442.79908148674724,9,32,9,127,existing,557.9769944224091,9,30,9,81,existing,560.8857513269734,9,29,9,127,existing,557.9769944224091,9,33,9,180,existing,619.8937879962712,9,28,9,264,existing,656.8359937620481,9,36,9,201,existing,795.7904398801179,9,27,9,110,existing,782.1923060992042,9,35,9,201,existing,795.7904398801179,9,34,9,201,existing,795.7904398801179
10,10,25,11,60,existing,665.5980320400188,10,25,11,257,existing,366.8146934293293,10,25,11,109,allocated,339.82879954888926,10,31,11,65,existing,776.2260098211168,10,32,11,127,existing,852.5361604661784,10,29,11,127,existing,852.5361604661784,10,30,11,81,existing,942.809060127145,10,28,11,264,existing,959.820892999379,10,27,11,110,existing,1035.6311485845058,10,34,11,201,existing,1049.2292823654197,10,33,11,180,existing,996.763098765156,10,36,11,201,existing,1049.2292823654197,10,35,11,201,existing,1049.2292823654197
11,11,25,12,60,existing,440.7002242083643,11,25,12,257,existing,141.91688559767493,11,25,12,109,allocated,114.93099171723489,11,31,12,65,existing,551.3282019894624,11,32,12,127,existing,627.638352634524,11,30,12,81,existing,717.9112522954906,11,29,12,127,existing,627.638352634524,11,27,12,110,existing,810.7333407528515,11,33,12,180,existing,771.8652909335016,11,34,12,201,existing,824.3314745337652,11,28,12,264,existing,734.9230851677246,11,35,12,201,existing,824.3314745337652,11,36,12,201,existing,824.3314745337652
12,12,25,13,60,existing,381.60714497422043,12,25,13,257,existing,207.5691359313068,12,25,13,109,allocated,49.27874138360305,12,31,13,65,existing,608.6221162240554,12,32,13,127,existing,684.932266869117,12,29,13,127,existing,684.932266869117,12,27,13,110,existing,758.4645051531882,12,33,13,180,existing,796.6558150156194,12,30,13,81,existing,775.2051665300835,12,35,13,201,existing,816.0774224360782,12,28,13,264,existing,759.7136092498424,12,34,13,201,existing,816.0774224360782,12,36,13,201,existing,816.0774224360782
13,13,20,14,126,existing,457.513043123762,13,20,14,257,existing,554.801028170683,13,20,14,94,allocated,412.75052332515,13,31,14,65,existing,475.5404781678507,13,32,14,127,existing,590.7183911035127,13,30,14,81,existing,642.1235284738789,13,29,14,127,existing,590.7183911035127,13,28,14,264,existing,738.0737709089536,13,33,14,180,existing,701.1315651431767,13,27,14,110,existing,814.9337027803078,13,36,14,201,existing,828.5318365612213,13,35,14,201,existing,828.5318365612213,13,34,14,201,existing,828.5318365612213
14,14,20,15,126,existing,416.5128233923434,14,20,15,257,existing,513.8008084392645,14,20,15,94,allocated,371.7503035937315,14,31,15,65,existing,434.54025843643217,14,32,15,127,existing,549.718171372094,14,29,15,127,existing,549.718171372094,14,30,15,81,existing,601.1233087424604,14,28,15,264,existing,697.073551177535,14,33,15,180,existing,660.131345411758,14,36,15,201,existing,787.5316168298028,14,27,15,110,existing,773.9334830488892,14,34,15,201,existing,787.5316168298028,14,35,15,201,existing,787.5316168298028
15,15,20,17,126,existing,124.32678434997969,15,20,17,190,existing,448.46003412359073,15,20,17,17,allocated,0.0,15,31,17,65,existing,142.35421939406848,15,29,17,127,existing,257.53213232973036,15,32,17,127,existing,257.53213232973036,15,30,17,81,existing,261.21121383057493,15,28,17,264,existing,357.16145626564963,15,27,17,110,existing,481.7474440065255,15,33,17,180,existing,320.2192504998726,15,34,17,201,existing,495.34557778743914,15,36,17,201,existing,495.34557778743914,15,35,17,201,existing,495.34557778743914
16,16,26,18,259,existing,159.40812063208463,16,26,18,206,existing,298.3764492745975,16,26,18,29,allocated,43.63573752499874,16,34,18,201,existing,113.8610270485097,16,35,18,201,existing,113.8610270485097,16,27,18,110,existing,133.5564771956343,16,36,18,201,existing,113.8610270485097,16,37,18,186,existing,196.51715760099603,16,38,18,187,existing,195.4076482703599,16,39,18,259,existing,159.40812063208463,16,40,18,259,existing,159.40812063208463,16,33,18,180,existing,293.00894692355007,16,28,18,264,existing,256.0667411577731
17,17,26,19,259,existing,189.18729029828557,17,26,19,206,existing,328.1556189407985,17,26,19,29,allocated,73.41490719119969,17,34,19,201,existing,143.64019671471067,17,35,19,201,existing,143.64019671471067,17,27,19,110,existing,163.33564686183524,17,36,19,201,existing,143.64019671471067,17,37,19,186,existing,226.296327267197,17,38,19,187,existing,225.18681793656083,17,39,19,259,existing,189.18729029828557,17,40,19,259,existing,189.18729029828557,17,33,19,180,existing,322.7881165897511,17,28,19,264,existing,285.8459108239741
18,18,26,20,259,existing,78.68584216127759,18,26,20,206,existing,217.65417080379046,18,26,20,30,allocated,42.87196445234766,18,39,20,259,existing,78.68584216127759,18,40,20,259,existing,78.68584216127759,18,37,20,186,existing,132.43445832087846,18,38,20,187,existing,114.68536979955286,18,34,20,201,existing,215.09058887336477,18,35,20,201,existing,215.09058887336477,18,27,20,110,existing,254.28625957388817,18,36,20,201,existing,215.09058887336477,18,28,20,264,existing,357.2963029826282,18,33,20,180,existing,394.23850874840525
19,19,26,21,259,existing,129.00292229772282,19,26,21,206,existing,267.9712509402357,19,26,21,30,allocated,93.18904458879288,19,39,21,259,existing,129.00292229772282,19,40,21,259,existing,129.00292229772282,19,37,21,186,existing,182.7515384573237,19,38,21,187,existing,165.00244993599807,19,34,21,201,existing,265.40766900981,19,35,21,201,existing,265.40766900981,19,27,21,110,existing,304.60333971033344,19,36,21,201,existing,265.40766900981,19,28,21,264,existing,407.61338311907343,19,33,21,180,existing,444.5555888848504
20,20,25,23,60,existing,740.9139458069644,20,25,23,257,existing,442.13060719627504,20,25,23,109,allocated,415.144713315835,20,31,23,65,existing,851.5419235880626,20,29,23,127,existing,927.8520742331242,20,32,23,127,existing,927.8520742331242,20,30,23,81,existing,1018.1249738940908,20,28,23,264,existing,1035.1368067663248,20,27,23,110,existing,1110.9470623514517,20,34,23,201,existing,1124.5451961323654,20,33,23,180,existing,1072.0790125321018,20,36,23,201,existing,1124.5451961323654,20,35,23,201,existing,1124.5451961323654
21,21,25,24,60,existing,703.5856799389946,21,25,24,257,existing,404.80234132830526,21,25,24,109,allocated,377.81644744786524,21,31,24,65,existing,814.2136577200928,21,29,24,127,existing,890.5238083651544,21,32,24,127,existing,890.5238083651544,21,30,24,81,existing,980.796708026121,21,28,24,264,existing,997.808540898355,21,27,24,110,existing,1073.618796483482,21,34,24,201,existing,1087.2169302643956,21,33,24,180,existing,1034.750746664132,21,36,24,201,existing,1087.2169302643956,21,35,24,201,existing,1087.2169302643956
22,22,22,25,254,existing,867.345586256665,22,22,25,205,existing,103.5763780380458,22,22,25,211,allocated,53.11068336651333,22,38,25,187,existing,895.008201294957,22,37,25,186,existing,895.2372317851966,22,40,25,259,existing,931.0077289332322,22,39,25,259,existing,931.0077289332322,22,28,25,264,existing,1023.2786738054238,22,35,25,201,existing,977.8933623376829,22,34,25,201,existing,977.8933623376829,22,36,25,201,existing,977.8933623376829,22,27,25,110,existing,1071.7303863666773,22,33,25,180,existing,1027.6781906706549
23,23,25,27,60,existing,185.29921901681965,23,25,27,206,existing,512.6152756060636,23,25,27,106,allocated,42.16913627306024,23,39,27,259,existing,373.6469469635507,23,40,27,259,existing,373.6469469635507,23,34,27,201,existing,406.6626093877824,23,38,27,187,existing,409.64647460182596,23,35,27,201,existing,406.6626093877824,23,36,27,201,existing,406.6626093877824,23,27,27,110,existing,426.358059534907,23,37,27,186,existing,427.3955631231516,23,28,27,264,existing,548.8683234970458,23,33,27,180,existing,585.8105292628228
24,24,26,28,259,existing,126.49771307444664,24,26,28,206,existing,265.4660417169595,24,26,28,30,allocated,90.6838353655167,24,39,28,259,existing,126.49771307444664,24,40,28,259,existing,126.49771307444664,24,37,28,186,existing,180.2463292340475,24,38,28,187,existing,162.49724071272192,24,34,28,201,existing,262.9024597865338,24,35,28,201,existing,262.9024597865338,24,27,28,110,existing,302.09813048705723,24,36,28,201,existing,262.9024597865338,24,28,28,264,existing,405.1081738957972,24,33,28,180,existing,442.0503796615742
25,25,26,30,259,existing,35.81387770892993,25,26,30,206,existing,174.78220635144282,25,26,30,30,allocated,0.0,25,39,30,259,existing,35.81387770892993,25,40,30,259,existing,35.81387770892993,25,37,30,186,existing,89.5624938685308,25,38,30,187,existing,71.81340534720519,25,34,30,201,existing,172.21862442101713,25,35,30,201,existing,172.21862442101713,25,27,30,110,existing,211.41429512154053,25,36,30,201,existing,172.21862442101713,25,28,30,264,existing,314.4243385302805,25,33,30,180,existing,351.36654429605755
26,26,25,31,60,existing,456.9286347313346,26,25,31,257,existing,158.14529612064524,26,25,31,109,allocated,131.15940224020517,26,31,31,65,existing,567.5566125124327,26,32,31,127,existing,643.8667631574943,26,30,31,81,existing,734.1396628184609,26,29,31,127,existing,643.8667631574943,26,27,31,110,existing,826.9617512758218,26,33,31,180,existing,788.0937014564719,26,34,31,201,existing,840.5598850567355,26,28,31,264,existing,751.1514956906949,26,36,31,201,existing,840.5598850567355,26,35,31,201,existing,840.5598850567355
27,27,20,32,126,existing,392.77684968305755,27,20,32,257,existing,316.49984434896623,27,20,32,109,allocated,289.5139504685261,27,31,32,65,existing,410.8042847271464,27,32,32,127,existing,525.9821976628083,27,29,32,127,existing,525.9821976628083,27,30,32,81,existing,577.3873350331745,27,28,32,264,existing,673.3375774682492,27,27,32,110,existing,750.1975093396034,27,33,32,180,existing,636.3953717024722,27,36,32,201,existing,763.795643120517,27,35,32,201,existing,763.795643120517,27,34,32,201,existing,763.795643120517
28,28,24,34,254,existing,1094.7332187053667,28,24,34,205,existing,838.8313417629872,28,24,34,242,allocated,32.3535742807251,28,38,34,187,existing,1122.3958337436588,28,37,34,186,existing,1129.4039043420216,28,40,34,259,existing,1158.395361381934,28,39,34,259,existing,1158.395361381934,28,34,34,201,existing,1212.060034894508,28,28,34,264,existing,1257.4453463622485,28,35,34,201,existing,1212.060034894508,28,36,34,201,existing,1212.060034894508,28,27,34,110,existing,1305.8970589235023,28,33,34,180,existing,1264.488575214225
29,29,25,35,60,existing,551.1394958102693,29,25,35,257,existing,231.14875654971632,29,25,35,109,allocated,219.1065780967813,29,31,35,65,existing,877.0074357044397,29,27,35,110,existing,926.3966073393124,29,28,35,264,existing,929.2459600858913,29,29,35,127,existing,953.3175863495013,29,33,35,180,existing,966.1881658516683,29,32,35,127,existing,953.3175863495013,29,36,35,201,existing,984.0095246222024,29,35,35,201,existing,984.0095246222024,29,34,35,201,existing,984.0095246222024,29,30,35,81,existing,1025.196202520966
30,30,25,36,60,existing,508.4235288734244,30,25,36,257,existing,273.86472348656116,30,25,36,109,allocated,261.8225450336261,30,27,36,110,existing,883.6806404024676,30,28,36,264,existing,886.5299931490464,30,31,36,65,existing,919.7170323856966,30,33,36,180,existing,923.4721989148234,30,32,36,127,existing,982.1377244974917,30,34,36,201,existing,941.2935576853577,30,36,36,201,existing,941.2935576853577,30,35,36,201,existing,941.2935576853577,30,30,36,81,existing,982.4802355841211,30,29,36,127,existing,982.1377244974917
31,31,22,37,254,existing,700.3359772774907,31,22,37,205,existing,477.68937463425664,31,22,37,211,allocated,321.0023132296975,31,38,37,187,existing,727.9985923157827,31,37,37,186,existing,735.0066629141456,31,40,37,259,existing,763.998119954058,31,39,37,259,existing,763.998119954058,31,34,37,201,existing,817.6627934666319,31,35,37,201,existing,817.6627934666319,31,36,37,201,existing,817.6627934666319,31,28,37,264,existing,863.0481049343725,31,27,37,110,existing,911.4998174956263,31,33,37,180,existing,870.091333786349
32,32,22,38,254,existing,708.4230258724699,32,22,38,205,existing,535.1045856907797,32,22,38,196,allocated,271.47518887393784,32,38,38,187,existing,736.0856409107619,32,37,38,186,existing,743.0937115091248,32,39,38,259,existing,772.0851685490372,32,40,38,259,existing,772.0851685490372,32,36,38,201,existing,825.749842061611,32,35,38,201,existing,825.749842061611,32,34,38,201,existing,825.749842061611,32,28,38,264,existing,871.1351535293518,32,27,38,110,existing,919.5868660906054,32,33,38,180,existing,888.4802226634093
33,33,22,44,254,existing,171.84238545047816,33,22,44,206,existing,96.53619948453255,33,22,44,253,allocated,154.61543118815996,33,37,44,186,existing,182.75717638332728,33,38,44,187,existing,199.50500048877018,33,39,44,259,existing,235.50452812704543,33,40,44,259,existing,235.50452812704543,33,35,44,201,existing,265.4133069358136,33,36,44,201,existing,265.4133069358136,33,34,44,201,existing,265.4133069358136,33,28,44,264,existing,310.7986184035542,33,27,44,110,existing,359.250330964808,33,33,44,180,existing,347.74082416933123
34,34,24,45,254,existing,242.22846079349475,34,24,45,206,existing,166.92227482754913,34,24,45,253,allocated,225.00150653117657,34,37,45,186,existing,253.1432517263439,34,38,45,187,existing,269.89107583178674,34,39,45,259,existing,305.89060347006205,34,40,45,259,existing,305.89060347006205,34,36,45,201,existing,335.7993822788302,34,28,45,264,existing,381.1846937465708,34,35,45,201,existing,335.7993822788302,34,34,45,201,existing,335.7993822788302,34,27,45,110,existing,429.6364063078246,34,33,45,180,existing,385.58421061180206
35,35,22,46,254,existing,431.5663130052008,35,22,46,206,existing,356.2601270392552,35,22,46,58,allocated,102.69416603165627,35,30,46,81,existing,402.68522178180126,35,37,46,186,existing,442.48110393804996,35,38,46,187,existing,459.22892804349283,35,33,46,180,existing,461.69325845109904,35,40,46,259,existing,495.2284556817681,35,28,46,264,existing,498.635464216876,35,34,46,201,existing,525.1372344905362,35,39,46,259,existing,495.2284556817681,35,36,46,201,existing,525.1372344905362,35,35,46,201,existing,525.1372344905362
36,36,25,48,60,existing,721.7837248857115,36,25,48,257,existing,423.00038627502215,36,25,48,109,allocated,396.014492394582,36,31,48,65,existing,832.4117026668096,36,32,48,127,existing,908.7218533118713,36,30,48,81,existing,998.9947529728379,36,29,48,127,existing,908.7218533118713,36,28,48,264,existing,1016.0065858450719,36,27,48,110,existing,1091.8168414301988,36,34,48,201,existing,1105.4149752111125,36,33,48,180,existing,1052.948791610849,36,36,48,201,existing,1105.4149752111125,36,35,48,201,existing,1105.4149752111125
37,37,23,52,65,existing,741.9527407200136,37,23,52,205,existing,435.63766607443176,37,23,52,175,allocated,131.70631418037382,37,30,52,81,existing,631.0059163061218,37,33,52,180,existing,690.0139529754194,37,31,52,65,existing,741.9527407200136,37,28,52,264,existing,726.9561587411964,37,29,52,127,existing,857.1306536556755,37,32,52,127,existing,857.1306536556755,37,34,52,201,existing,869.1618728504599,37,27,52,110,existing,855.5637390695463,37,35,52,201,existing,869.1618728504599,37,36,52,201,existing,869.1618728504599
38,38,23,53,65,existing,860.9209335428169,38,23,53,205,existing,316.6694732516284,38,23,53,175,allocated,250.67450700317715,38,30,53,81,existing,749.9741091289251,38,33,53,180,existing,808.9821457982227,38,31,53,65,existing,860.9209335428169,38,28,53,264,existing,845.9243515639998,38,29,53,127,existing,976.0988464784788,38,32,53,127,existing,976.0988464784788,38,34,53,201,existing,988.1300656732633,38,27,53,110,existing,974.5319318923496,38,35,53,201,existing,988.1300656732633,38,36,53,201,existing,988.1300656732633
39,39,23,54,65,existing,837.150179771376,39,23,54,205,existing,530.8351051257941,39,23,54,175,allocated,226.90375323173618,39,30,54,81,existing,726.203355357484,39,33,54,180,existing,785.2113920267818,39,31,54,65,existing,837.150179771376,39,28,54,264,existing,822.1535977925588,39,29,54,127,existing,952.3280927070379,39,32,54,127,existing,952.3280927070379,39,34,54,201,existing,964.3593119018223,39,27,54,110,existing,950.7611781209087,39,35,54,201,existing,964.3593119018223,39,36,54,201,existing,964.3593119018223
40,40,23,56,65,existing,836.2635148652104,40,23,56,205,existing,529.9484402196285,40,23,56,175,allocated,226.01708832557054,40,30,56,81,existing,725.3166904513184,40,33,56,180,existing,784.3247271206162,40,31,56,65,existing,836.2635148652104,40,28,56,264,existing,821.2669328863932,40,29,56,127,existing,951.4414278008722,40,32,56,127,existing,951.4414278008722,40,34,56,201,existing,963.4726469956566,40,27,56,110,existing,949.874513214743,40,35,56,201,existing,963.4726469956566,40,36,56,201,existing,963.4726469956566
41,41,21,57,96,existing,360.13580721519054,41,21,57,190,existing,263.18404665967773,41,21,57,58,allocated,51.76067811397066,41,30,57,81,existing,248.23037763617435,41,33,57,180,existing,307.2384143054721,41,31,57,65,existing,414.8134279422025,41,28,57,264,existing,344.1806200712491,41,34,57,201,existing,486.38633418051256,41,35,57,201,existing,486.38633418051256,41,27,57,110,existing,472.7882003995989,41,36,57,201,existing,486.38633418051256,41,32,57,127,existing,492.58567616291737,41,29,57,127,existing,492.58567616291737
42,42,25,59,60,existing,83.16238752389032,42,25,59,257,existing,499.45472228214896,42,25,59,109,allocated,249.16601606672702,42,27,59,110,existing,460.01974770285807,42,28,59,264,existing,461.2688517995124,42,33,59,180,existing,498.21105756528937,42,31,59,65,existing,488.9174927279656,42,35,59,201,existing,517.6326649857481,42,36,59,201,existing,517.6326649857481,42,34,59,201,existing,517.6326649857481,42,29,59,127,existing,556.8765831479577,42,30,59,81,existing,557.2190942345871,42,32,59,127,existing,556.8765831479577
43,43,25,60,60,existing,0.0,43,25,60,190,existing,543.2894536651172,43,25,60,106,allocated,227.4683552898799,43,27,60,110,existing,376.8573601789678,43,28,60,264,existing,378.1064642756221,43,34,60,201,existing,434.47027746185773,43,33,60,180,existing,415.0486700413991,43,36,60,201,existing,434.47027746185773,43,35,60,201,existing,434.47027746185773,43,30,60,81,existing,474.0567067106968,43,29,60,127,existing,473.7141956240673,43,37,60,186,existing,517.1264080143441,43,32,60,127,existing,473.7141956240673
44,44,24,61,254,existing,768.5512533609093,44,24,61,205,existing,512.6493764185298,44,24,61,211,allocated,355.9623150139706,44,38,61,187,existing,796.2138683992014,44,37,61,186,existing,803.2219389975642,44,40,61,259,existing,832.2133960374765,44,39,61,259,existing,832.2133960374765,44,28,61,264,existing,931.2633810177911,44,34,61,201,existing,885.8780695500504,44,36,61,201,existing,885.8780695500504,44,35,61,201,existing,885.8780695500504,44,33,61,180,existing,938.3066098697675,44,27,61,110,existing,979.7150935790448
45,45,24,62,254,existing,1047.3127897566756,45,24,62,205,existing,791.410912814296,45,24,62,242,allocated,91.4203850065539,45,38,62,187,existing,1074.9754047949675,45,37,62,186,existing,1081.9834753933305,45,40,62,259,existing,1110.9749324332429,45,39,62,259,existing,1110.9749324332429,45,34,62,201,existing,1164.6396059458166,45,28,62,264,existing,1210.0249174135574,45,35,62,201,existing,1164.6396059458166,45,36,62,201,existing,1164.6396059458166,45,27,62,110,existing,1258.4766299748112,45,33,62,180,existing,1217.0681462655339
46,46,22,63,254,existing,436.709356116738,46,22,63,206,existing,361.4031701507924,46,22,63,195,allocated,87.21983799070277,46,38,63,187,existing,464.37197115503,46,37,63,186,existing,471.3800417533929,46,39,63,259,existing,500.37149879330525,46,40,63,259,existing,500.37149879330525,46,34,63,201,existing,554.0361723058792,46,36,63,201,existing,554.0361723058792,46,28,63,264,existing,599.4214837736198,46,35,63,201,existing,554.0361723058792,46,27,63,110,existing,647.8731963348736,46,33,63,180,existing,616.7665529076774
47,47,24,64,254,existing,539.9536242141126,47,24,64,206,existing,464.64743824816696,47,24,64,196,allocated,103.00578721558054,47,38,64,187,existing,567.6162392524045,47,37,64,186,existing,574.6243098507674,47,40,64,259,existing,603.6157668906799,47,39,64,259,existing,603.6157668906799,47,35,64,201,existing,657.2804404032537,47,36,64,201,existing,657.2804404032537,47,34,64,201,existing,657.2804404032537,47,28,64,264,existing,702.6657518709944,47,27,64,110,existing,751.1174644322481,47,33,64,180,existing,720.0108210050519
48,48,23,66,65,existing,519.8845634869368,48,23,66,190,existing,423.89140809654833,48,23,66,251,allocated,157.05220550988747,48,30,66,81,existing,408.93773907304495,48,33,66,180,existing,467.9457757423427,48,31,66,65,existing,519.8845634869368,48,28,66,264,existing,504.88798150811965,48,29,66,127,existing,635.0624764225987,48,32,66,127,existing,635.0624764225987,48,34,66,201,existing,647.0936956173831,48,27,66,110,existing,633.4955618364695,48,35,66,201,existing,647.0936956173831,48,36,66,201,existing,647.0936956173831
49,49,23,67,65,existing,530.2088282575012,49,23,67,190,existing,434.21567286711274,49,23,67,251,allocated,167.37647028045185,49,30,67,81,existing,419.26200384360936,49,33,67,180,existing,478.2700405129071,49,31,67,65,existing,530.2088282575012,49,28,67,264,existing,515.2122462786841,49,27,67,110,existing,643.819826607034,49,32,67,127,existing,645.3867411931631,49,29,67,127,existing,645.3867411931631,49,35,67,201,existing,657.4179603879476,49,34,67,201,existing,657.4179603879476,49,36,67,201,existing,657.4179603879476
50,50,23,68,65,existing,255.5270212378967,50,23,68,190,existing,534.6601543025457,50,23,68,251,allocated,107.3053367391526,50,31,68,65,existing,255.5270212378967,50,29,68,127,existing,370.70493417355857,50,32,68,127,existing,370.70493417355857,50,30,68,81,existing,373.6136910781228,50,27,68,110,existing,594.9202458503537,50,28,68,264,existing,469.5639335131975,50,33,68,180,existing,432.62172774742055,50,34,68,201,existing,608.5183796312673,50,36,68,201,existing,608.5183796312673,50,35,68,201,existing,608.5183796312673
51,51,23,69,65,existing,286.0398710638777,51,23,69,190,existing,504.14730447656467,51,23,69,251,allocated,76.79248691317156,51,31,69,65,existing,286.0398710638777,51,29,69,127,existing,401.2177839995396,51,32,69,127,existing,401.2177839995396,51,30,69,81,existing,404.1265409041039,51,27,69,110,existing,625.4330956763347,51,28,69,264,existing,500.0767833391785,51,33,69,180,existing,463.13457757340154,51,34,69,201,existing,639.0312294572484,51,36,69,201,existing,639.0312294572484,51,35,69,201,existing,639.0312294572484
52,52,25,72,60,existing,175.8879713877748,52,25,72,257,existing,419.77380690952737,52,25,72,109,allocated,384.42957693004837,52,31,72,65,existing,388.2933543253455,52,32,72,127,existing,464.60350497040713,52,28,72,264,existing,497.9164814018619,52,29,72,127,existing,464.60350497040713,52,33,72,180,existing,534.8586871676389,52,30,72,81,existing,554.8764046313736,52,27,72,110,existing,552.7453315667426,52,35,72,201,existing,587.3248707679024,52,34,72,201,existing,587.3248707679024,52,36,72,201,existing,587.3248707679024
53,53,25,73,60,existing,23.750080971267355,53,25,73,190,existing,519.5393726938498,53,25,73,106,allocated,251.21843626114725,53,28,73,264,existing,354.3563833043547,53,33,73,180,existing,391.2985890701317,53,34,73,201,existing,443.7647726703952,53,27,73,110,existing,400.6074411502351,53,29,73,127,existing,449.9641146528,53,30,73,81,existing,450.3066257394294,53,36,73,201,existing,443.7647726703952,53,35,73,201,existing,443.7647726703952,53,37,73,186,existing,526.4209032228815,53,32,73,127,existing,449.9641146528
54,54,21,74,96,existing,164.4926687971658,54,21,74,190,existing,345.0211596879234,54,21,74,167,existing,137.88090950129015,54,27,74,110,existing,152.41545757781057,54,28,74,264,existing,179.83817029842834,54,35,74,201,existing,210.02837486070052,54,36,74,201,existing,210.02837486070052,54,33,74,180,existing,216.78037606420534,54,32,74,127,existing,275.4459016468736,54,29,74,127,existing,275.4459016468736,54,34,74,201,existing,210.02837486070052,54,30,74,81,existing,275.78841273350304,54,37,74,186,existing,292.68450541318686
55,55,21,75,96,existing,62.669645023221236,55,21,75,190,existing,243.19813591397883,55,21,75,167,existing,36.057885727345585,55,27,75,110,existing,50.592433803866015,55,28,75,264,existing,78.01514652448377,55,35,75,201,existing,136.30633903947083,55,33,75,180,existing,114.95735229026077,55,32,75,127,existing,173.62287787292905,55,34,75,201,existing,136.30633903947083,55,36,75,201,existing,136.30633903947083,55,30,75,81,existing,173.96538895955848,55,29,75,127,existing,173.62287787292905,55,37,75,186,existing,218.96246959195713
56,56,22,76,254,existing,641.6007452342682,56,22,76,206,existing,566.2945592683226,56,22,76,196,allocated,204.6529082357362,56,38,76,187,existing,669.2633602725601,56,37,76,186,existing,676.2714308709232,56,40,76,259,existing,705.2628879108355,56,39,76,259,existing,705.2628879108355,56,28,76,264,existing,804.3128728911499,56,35,76,201,existing,758.9275614234094,56,34,76,201,existing,758.9275614234094,56,36,76,201,existing,758.9275614234094,56,27,76,110,existing,852.7645854524038,56,33,76,180,existing,821.6579420252076
57,57,20,77,126,existing,361.65189528298015,57,20,77,257,existing,552.8942933472557,57,20,77,94,allocated,316.88937548436826,57,31,77,65,existing,379.67933032706895,57,32,77,127,existing,494.85724326273083,57,29,77,127,existing,494.85724326273083,57,30,77,81,existing,546.2623806330971,57,28,77,264,existing,642.2126230681718,57,33,77,180,existing,605.2704173023948,57,36,77,201,existing,732.6706887204396,57,27,77,110,existing,719.072554939526,57,34,77,201,existing,732.6706887204396,57,35,77,201,existing,732.6706887204396
58,58,20,78,126,existing,377.34811830021516,58,20,78,257,existing,568.5905163644907,58,20,78,94,allocated,332.5855985016033,58,31,78,65,existing,395.37555334430397,58,32,78,127,existing,510.55346627996585,58,29,78,127,existing,510.55346627996585,58,30,78,81,existing,561.9586036503321,58,28,78,264,existing,657.9088460854068,58,33,78,180,existing,620.9666403196297,58,36,78,201,existing,748.3669117376745,58,27,78,110,existing,734.7687779567609,58,34,78,201,existing,748.3669117376745,58,35,78,201,existing,748.3669117376745
59,59,20,79,126,existing,448.7170767458757,59,20,79,257,existing,524.0052453029272,59,20,79,94,allocated,403.9545569472639,59,31,79,65,existing,466.7445117899646,59,29,79,127,existing,581.9224247256265,59,30,79,81,existing,633.3275620959927,59,32,79,127,existing,581.9224247256265,59,33,79,180,existing,692.3355987652903,59,28,79,264,existing,729.2778045310673,59,27,79,110,existing,806.1377364024215,59,35,79,201,existing,819.7358701833351,59,36,79,201,existing,819.7358701833351,59,34,79,201,existing,819.7358701833351
60,60,23,80,65,existing,110.85574324256454,60,23,80,190,existing,242.97612735647937,60,23,80,180,allocated,114.7353437327613,60,30,80,81,existing,55.7273070634636,60,31,80,65,existing,110.85574324256454,60,33,80,180,existing,114.7353437327613,60,28,80,264,existing,151.6775494985383,60,29,80,127,existing,226.03365617822644,60,27,80,110,existing,280.2851298268881,60,32,80,127,existing,226.03365617822644,60,35,80,201,existing,293.8832636078017,60,34,80,201,existing,293.8832636078017,60,36,80,201,existing,293.8832636078017
61,61,23,82,65,existing,58.12153326347256,61,23,82,190,existing,295.71033733557135,61,23,82,94,allocated,120.91148810617321,61,31,82,65,existing,58.12153326347256,61,30,82,81,existing,108.46151704255558,61,32,82,127,existing,173.29944619913445,61,33,82,180,existing,167.46955371185328,61,28,82,264,existing,204.41175947763028,61,27,82,110,existing,333.01933980598005,61,34,82,201,existing,346.6174735868937,61,29,82,127,existing,173.29944619913445,61,36,82,201,existing,346.6174735868937,61,35,82,201,existing,346.6174735868937
62,62,20,83,126,existing,286.7763053197699,62,20,83,190,existing,561.5823994503834,62,20,83,251,allocated,134.22758188699024,62,31,83,65,existing,304.8037403638587,62,29,83,127,existing,419.9816532995206,62,32,83,127,existing,419.9816532995206,62,30,83,81,existing,423.66073480036516,62,28,83,264,existing,519.6109772354398,62,27,83,110,existing,644.1969649763157,62,33,83,180,existing,482.66877146966283,62,34,83,201,existing,657.7950987572294,62,36,83,201,existing,657.7950987572294,62,35,83,201,existing,657.7950987572294
63,63,20,84,126,existing,307.58007758179116,63,20,84,190,existing,540.7786271883621,63,20,84,251,allocated,113.42380962496895,63,31,84,65,existing,322.6711937756751,63,29,84,127,existing,437.84910671133696,63,32,84,127,existing,437.84910671133696,63,30,84,81,existing,440.7578636159012,63,35,84,201,existing,675.6625521690457,63,28,84,264,existing,536.708106050976,63,33,84,180,existing,499.76590028519894,63,27,84,110,existing,662.064418388132,63,36,84,201,existing,675.6625521690457,63,34,84,201,existing,675.6625521690457
64,64,25,88,60,existing,289.0123142990151,64,25,88,257,existing,300.16396660651213,64,25,88,109,allocated,43.316089291602275,64,27,88,110,existing,665.8696744779829,64,28,88,264,existing,667.1187785746372,64,33,88,180,existing,704.0609843404142,64,31,88,65,existing,694.7674195030904,64,35,88,201,existing,723.4825917608728,64,36,88,201,existing,723.4825917608728,64,34,88,201,existing,723.4825917608728,64,29,88,127,existing,762.7265099230824,64,30,88,81,existing,763.0690210097118,64,32,88,127,existing,762.7265099230824
65,65,25,89,60,existing,248.82080065954523,65,25,89,257,existing,346.1143626309535,65,25,89,109,allocated,89.26648531604367,65,27,89,110,existing,624.0779121885885,65,28,89,264,existing,626.9272649351672,65,34,89,201,existing,681.6908294714783,65,33,89,180,existing,663.8694707009441,65,36,89,201,existing,681.6908294714783,65,35,89,201,existing,681.6908294714783,65,30,89,81,existing,722.8775073702418,65,29,89,127,existing,722.5349962836125,65,31,89,65,existing,740.7178155275318,65,32,89,127,existing,722.5349962836125
66,66,23,90,65,existing,241.76232266759655,66,23,90,190,existing,400.18615854892414,66,23,90,167,existing,224.16310521334432,66,29,90,127,existing,126.58440973193466,66,32,90,127,existing,126.58440973193466,66,31,90,65,existing,241.76232266759655,66,28,90,264,existing,235.0031691594291,66,36,90,201,existing,324.41155852546956,66,33,90,180,existing,271.9453749252061,66,27,90,110,existing,310.81342474455596,66,34,90,201,existing,324.41155852546956,66,30,90,81,existing,330.9534115945038,66,35,90,201,existing,324.41155852546956
67,67,21,91,96,existing,123.43280750119249,67,21,91,190,existing,272.8441015408967,67,21,91,167,existing,96.82104820531684,67,28,91,264,existing,107.66111215140161,67,33,91,180,existing,144.60331791717863,67,34,91,201,existing,197.0695015174421,67,27,91,110,existing,183.47136773652846,67,35,91,201,existing,197.0695015174421,67,30,91,81,existing,203.6113545864763,67,29,91,127,existing,203.2688434998469,67,36,91,201,existing,197.0695015174421,67,32,91,127,existing,203.2688434998469,67,37,91,186,existing,279.7256320699284
68,68,22,92,254,existing,342.94695406585345,68,22,92,206,existing,267.64076809990786,68,22,92,193,allocated,109.71172541046616,68,38,92,187,existing,370.60956910414546,68,37,92,186,existing,377.61763970250837,68,39,92,259,existing,406.6090967424207,68,40,92,259,existing,406.6090967424207,68,34,92,201,existing,460.27377025499464,68,36,92,201,existing,460.27377025499464,68,28,92,264,existing,505.65908172273527,68,35,92,201,existing,460.27377025499464,68,33,92,180,existing,512.7023105747116,68,27,92,110,existing,554.110794283989
69,69,20,94,126,existing,44.76251979861186,69,20,94,190,existing,416.6218254417446,69,20,94,94,allocated,0.0,69,31,94,65,existing,62.78995484270066,69,32,94,127,existing,177.96786777836255,69,29,94,127,existing,177.96786777836255,69,30,94,81,existing,229.3730051487288,69,28,94,264,existing,325.3232475838035,69,35,94,201,existing,415.7813132360713,69,33,94,180,existing,288.3810418180265,69,27,94,110,existing,402.18317945515764,69,34,94,201,existing,415.7813132360713,69,36,94,201,existing,415.7813132360713
70,70,21,98,96,existing,121.64296743580178,70,21,98,206,existing,240.1711324812133,70,21,98,96,existing,121.64296743580178,70,28,98,264,existing,137.59815457974318,70,33,98,180,existing,174.54036034552018,70,38,98,187,existing,192.2633131509866,70,37,98,186,existing,174.514224629661,70,30,98,81,existing,233.54839701481788,70,27,98,110,existing,234.90504626288902,70,40,98,259,existing,228.26284078926187,70,39,98,259,existing,228.26284078926187,70,34,98,201,existing,248.50318004380267,70,35,98,201,existing,248.50318004380267
71,71,25,99,60,existing,596.9203958689865,71,25,99,257,existing,185.36785649099903,71,25,99,109,allocated,264.88747815549857,71,31,99,65,existing,878.6129440781363,71,29,99,127,existing,954.923094723198,71,32,99,127,existing,954.923094723198,71,27,99,110,existing,972.1775073980298,71,34,99,201,existing,1029.7904246809196,71,35,99,201,existing,1029.7904246809196,71,28,99,264,existing,975.0268601446085,71,33,99,180,existing,1011.9690659103854,71,36,99,201,existing,1029.7904246809196,71,30,99,81,existing,1045.1959943841646
72,72,22,100,254,existing,877.5027997770353,72,22,100,205,existing,177.21418580579206,72,22,100,205,allocated,177.21418580579206,72,30,100,81,existing,889.4293965747614,72,37,100,186,existing,899.1614266340208,72,40,100,259,existing,941.1649424536026,72,38,100,187,existing,905.1654148153273,72,36,100,201,existing,981.8175571865071,72,33,100,180,existing,948.4374332440591,72,39,100,259,existing,941.1649424536026,72,35,100,201,existing,981.8175571865071,72,34,100,201,existing,981.8175571865071,72,28,100,264,existing,985.3796390098362
73,73,25,102,60,existing,632.7015193922796,73,25,102,257,existing,333.91818078159025,73,25,102,109,allocated,306.9322869011502,73,31,102,65,existing,743.3294971733777,73,29,102,127,existing,819.6396478184394,73,30,102,81,existing,909.9125474794059,73,32,102,127,existing,819.6396478184394,73,28,102,264,existing,926.9243803516399,73,33,102,180,existing,963.8665861174169,73,34,102,201,existing,1016.3327697176805,73,27,102,110,existing,1002.7346359367668,73,36,102,201,existing,1016.3327697176805,73,35,102,201,existing,1016.3327697176805
74,74,25,103,60,existing,112.10714363933312,74,25,103,190,existing,431.1823100257841,74,25,103,167,existing,255.1592566902042,74,28,103,264,existing,265.999320636289,74,33,103,180,existing,302.94152640206596,74,34,103,201,existing,355.40771000232945,74,27,103,110,existing,341.8095762214158,74,35,103,201,existing,355.40771000232945,74,30,103,81,existing,361.9495630713637,74,29,103,127,existing,361.6070519847342,74,36,103,201,existing,355.40771000232945,74,32,103,127,existing,361.6070519847342,74,37,103,186,existing,438.0638405548158
75,75,25,104,60,existing,571.9552671645672,75,25,104,257,existing,273.17192855387776,75,25,104,109,allocated,246.1860346734377,75,31,104,65,existing,675.169138321819,75,32,104,127,existing,758.8933955907269,75,30,104,81,existing,841.7521886278471,75,29,104,127,existing,758.8933955907269,75,34,104,201,existing,955.5865174899681,75,33,104,180,existing,900.7602252971448,75,28,104,264,existing,866.1781281239274,75,27,104,110,existing,941.9883837090543,75,36,104,201,existing,955.5865174899681,75,35,104,201,existing,955.5865174899681
76,76,25,105,60,existing,533.5310917483993,76,25,105,257,existing,234.74775313770985,76,25,105,109,allocated,207.76185925726978,76,31,105,65,existing,644.1590695294974,76,32,105,127,existing,720.469220174559,76,30,105,81,existing,810.7421198355256,76,29,105,127,existing,720.469220174559,76,28,105,264,existing,827.7539527077596,76,27,105,110,existing,903.5642082928865,76,34,105,201,existing,917.1623420738002,76,33,105,180,existing,864.6961584735366,76,36,105,201,existing,917.1623420738002,76,35,105,201,existing,917.1623420738002
77,77,25,106,60,existing,227.4683552898799,77,25,106,206,existing,470.4461393330033,77,25,106,106,allocated,0.0,77,39,106,259,existing,331.4778106904904,77,40,106,259,existing,331.4778106904904,77,37,106,186,existing,385.2264268500913,77,38,106,187,existing,367.47733832876565,77,27,106,110,existing,468.52719580796725,77,34,106,201,existing,448.83174566084267,77,35,106,201,existing,448.83174566084267,77,36,106,201,existing,448.83174566084267,77,28,106,264,existing,591.0374597701061,77,33,106,180,existing,627.9796655358831
78,78,23,107,65,existing,734.0523363989865,78,23,107,205,existing,567.6690979707851,78,23,107,175,allocated,239.47065465571205,78,31,107,65,existing,734.0523363989865,78,30,107,81,existing,742.9760477746731,78,28,107,264,existing,838.9262902097478,78,33,107,180,existing,801.9840844439709,78,35,107,201,existing,981.1320043190112,78,29,107,127,existing,849.2302493346484,78,32,107,127,existing,849.2302493346484,78,27,107,110,existing,967.5338705380975,78,34,107,201,existing,981.1320043190112,78,36,107,201,existing,981.1320043190112
79,79,23,108,65,existing,699.1625838365233,79,23,108,205,existing,532.7793454083218,79,23,108,175,allocated,204.5809020932488,79,31,108,65,existing,699.1625838365233,79,30,108,81,existing,708.0862952122098,79,28,108,264,existing,804.0365376472845,79,33,108,180,existing,767.0943318815076,79,35,108,201,existing,946.242251756548,79,29,108,127,existing,814.3404967721851,79,32,108,127,existing,814.3404967721851,79,27,108,110,existing,932.6441179756343,79,34,108,201,existing,946.242251756548,79,36,108,201,existing,946.242251756548
80,80,25,109,60,existing,332.32840359061737,80,25,109,257,existing,256.84787731490985,80,25,109,109,allocated,0.0,80,31,109,65,existing,657.9008576076584,80,27,109,110,existing,709.1857637695852,80,32,109,127,existing,734.21100825272,80,28,109,264,existing,710.4348678662395,80,33,109,180,existing,747.3770736320165,80,36,109,201,existing,766.7986810524751,80,34,109,201,existing,766.7986810524751,80,29,109,127,existing,734.21100825272,80,35,109,201,existing,766.7986810524751,80,30,109,81,existing,806.3851103013142
81,81,21,110,96,existing,113.26207882708727,81,21,110,190,existing,293.79056971784485,81,21,110,167,existing,86.65031953121161,81,27,110,110,existing,0.0,81,36,110,201,existing,93.83702402899439,81,34,110,201,existing,93.83702402899439,81,35,110,201,existing,93.83702402899439,81,38,110,187,existing,194.2422431028063,81,28,110,264,existing,128.6075803283498,81,37,110,186,existing,176.49315458148072,81,33,110,180,existing,165.5497860941268,81,32,110,127,existing,224.21531167679507,81,29,110,127,existing,224.21531167679507
82,82,21,111,96,existing,163.9309995489358,82,21,111,206,existing,240.44480701898442,82,21,111,29,allocated,74.6895526353251,82,34,111,201,existing,37.0707869409349,82,35,111,201,existing,37.0707869409349,82,27,111,110,existing,56.76623708805948,82,36,111,201,existing,37.0707869409349,82,40,111,259,existing,173.4755336530221,82,37,111,186,existing,119.72691749342121,82,38,111,187,existing,137.47600601474682,82,28,111,264,existing,179.27650105019833,82,39,111,259,existing,173.4755336530221,82,33,111,180,existing,216.21870681597534
83,83,25,112,60,existing,121.69574378178368,83,25,112,190,existing,447.767318507297,83,25,112,167,existing,240.62706832066368,83,27,112,110,existing,255.1616163971841,83,28,112,264,existing,282.5843291178019,83,35,112,201,existing,312.7745336800741,83,36,112,201,existing,312.7745336800741,83,33,112,180,existing,319.52653488357885,83,32,112,127,existing,378.19206046624714,83,29,112,127,existing,378.19206046624714,83,34,112,201,existing,312.7745336800741,83,30,112,81,existing,378.53457155287657,83,37,112,186,existing,395.43066423256045
84,84,25,113,60,existing,189.73359473169347,84,25,113,206,existing,470.6249746877347,84,25,113,29,allocated,250.62260743333127,84,34,113,201,existing,267.2509546096852,84,35,113,201,existing,267.2509546096852,84,27,113,110,existing,286.94640475680984,84,36,113,201,existing,267.2509546096852,84,28,113,264,existing,350.62218006771167,84,39,113,259,existing,366.39499054041715,84,40,113,259,existing,366.39499054041715,84,37,113,186,existing,349.90708516217154,84,38,113,187,existing,367.6561736834971,84,33,113,180,existing,387.5643858334887
85,85,26,114,259,existing,181.24360944578976,85,26,114,206,existing,320.21193808830265,85,26,114,30,allocated,145.42973173685982,85,39,114,259,existing,181.24360944578976,85,40,114,259,existing,181.24360944578976,85,38,114,187,existing,217.24313708406504,85,37,114,186,existing,234.99222560539062,85,34,114,201,existing,317.64835615787695,85,36,114,201,existing,317.64835615787695,85,35,114,201,existing,317.64835615787695,85,27,114,110,existing,356.84402685840035,85,33,114,180,existing,496.7962760329174,85,28,114,264,existing,459.8540702671404
86,86,20,115,126,existing,550.6977643370568,86,20,115,257,existing,379.61586749455114,86,20,115,109,allocated,352.6299736141111,86,31,115,65,existing,568.7251993811456,86,32,115,127,existing,683.9031123168074,86,30,115,81,existing,735.3082496871737,86,29,115,127,existing,683.9031123168074,86,27,115,110,existing,908.1184239936026,86,28,115,264,existing,831.2584921222483,86,35,115,201,existing,921.7165577745161,86,33,115,180,existing,794.3162863564713,86,36,115,201,existing,921.7165577745161,86,34,115,201,existing,921.7165577745161
87,87,20,116,126,existing,565.3894549562173,87,20,116,257,existing,474.64528841809056,87,20,116,109,allocated,447.65939453765054,87,31,116,65,existing,583.416890000306,87,32,116,127,existing,698.5948029359679,87,29,116,127,existing,698.5948029359679,87,30,116,81,existing,749.9999403063342,87,33,116,180,existing,809.0079769756319,87,28,116,264,existing,845.9501827414089,87,35,116,201,existing,936.4082483936767,87,27,116,110,existing,922.8101146127631,87,36,116,201,existing,936.4082483936767,87,34,116,201,existing,936.4082483936767
88,88,23,117,65,existing,249.5402110243135,88,23,117,190,existing,308.06108582786885,88,23,117,213,allocated,52.62956936919961,88,31,117,65,existing,249.5402110243135,88,30,117,81,existing,293.10741680436547,88,33,117,180,existing,352.1154534736632,88,29,117,127,existing,364.7181239599754,88,36,117,201,existing,531.2633733487036,88,27,117,110,existing,517.66523956779,88,32,117,127,existing,364.7181239599754,88,28,117,264,existing,389.05765923944017,88,35,117,201,existing,531.2633733487036,88,34,117,201,existing,531.2633733487036
89,89,25,120,60,existing,222.9421071024126,89,25,120,206,existing,451.4027780062937,89,25,120,106,allocated,181.9443898806368,89,34,120,201,existing,266.8873557802059,89,35,120,201,existing,266.8873557802059,89,27,120,110,existing,286.58280592733047,89,36,120,201,existing,266.8873557802059,89,38,120,187,existing,348.43397700205605,89,37,120,186,existing,349.5434863326922,89,39,120,259,existing,312.4344493637808,89,40,120,259,existing,312.4344493637808,89,28,120,264,existing,409.09306988946935,89,33,120,180,existing,446.0352756552463
90,90,25,121,60,existing,14.451109582328101,90,25,121,190,existing,555.0119527067525,90,25,121,106,allocated,213.0172457075518,90,27,121,110,existing,362.40625059663967,90,28,121,264,existing,389.82896331725743,90,35,121,201,existing,420.0191678795296,90,36,121,201,existing,420.0191678795296,90,33,121,180,existing,426.77116908303447,90,32,121,127,existing,485.4366946657027,90,30,121,81,existing,485.77920575233213,90,34,121,201,existing,420.0191678795296,90,29,121,127,existing,485.4366946657027,90,37,121,186,existing,502.67529843201595
91,91,25,122,60,existing,94.49083899608664,91,25,122,206,existing,579.8540461126196,91,25,122,106,allocated,132.97751629379326,91,34,122,201,existing,395.3386238865318,91,35,122,201,existing,395.3386238865318,91,36,122,201,existing,395.3386238865318,91,27,122,110,existing,415.0340740336564,91,39,122,259,existing,440.8857174701067,91,38,122,187,existing,476.885245108382,91,40,122,259,existing,440.8857174701067,91,28,122,264,existing,469.868692731016,91,33,122,180,existing,506.810898496793,91,37,122,186,existing,477.99475443901815
92,92,24,123,254,existing,647.0720664591513,92,24,123,205,existing,319.1406894135677,92,24,123,275,allocated,154.74983972655508,92,37,123,186,existing,668.7306933161368,92,38,123,187,existing,674.7346814974433,92,39,123,259,existing,710.7342091357186,92,30,123,81,existing,683.5276275947367,92,33,123,180,existing,742.5356642640345,92,35,123,201,existing,751.3868238686231,92,36,123,201,existing,751.3868238686231,92,40,123,259,existing,710.7342091357186,92,34,123,201,existing,751.3868238686231,92,28,123,264,existing,779.4778700298115
93,93,22,124,254,existing,797.7015094781698,93,22,124,205,existing,160.99218791155963,93,22,124,205,allocated,160.99218791155963,93,37,124,186,existing,819.3601363351552,93,38,124,187,existing,825.3641245164617,93,40,124,259,existing,861.3636521547371,93,30,124,81,existing,841.6761290967448,93,36,124,201,existing,902.0162668876415,93,33,124,180,existing,900.6841657660426,93,35,124,201,existing,902.0162668876415,93,39,124,259,existing,861.3636521547371,93,34,124,201,existing,902.0162668876415,93,28,124,264,existing,937.6263715318196
94,94,21,128,96,existing,77.0690952614731,94,21,128,190,existing,226.4803893011773,94,21,128,167,existing,50.457335965597444,94,28,128,264,existing,61.29739991168222,94,33,128,180,existing,98.23960567745922,94,34,128,201,existing,150.7057892777227,94,27,128,110,existing,137.10765549680906,94,35,128,201,existing,150.7057892777227,94,30,128,81,existing,157.24764234675692,94,29,128,127,existing,156.90513126012752,94,36,128,201,existing,150.7057892777227,94,32,128,127,existing,156.90513126012752,94,37,128,186,existing,233.361919830209
95,95,24,130,254,existing,618.5688529323268,95,24,130,205,existing,420.66193093474897,95,24,130,58,allocated,301.29895372908527,95,30,130,81,existing,555.4605411626327,95,33,130,180,existing,614.4685778319305,95,37,130,186,existing,629.4836438651758,95,38,130,187,existing,646.2314679706187,95,40,130,259,existing,682.2309956088941,95,28,130,264,existing,651.4107835977075,95,39,130,259,existing,682.2309956088941,95,31,130,65,existing,668.6825167361026,95,34,130,201,existing,712.1397744176621,95,35,130,201,existing,712.1397744176621
96,96,24,131,254,existing,567.4002434275712,96,24,131,205,existing,369.49332142999356,96,24,131,58,allocated,352.01489921838817,96,37,131,186,existing,578.3150343604203,96,38,131,187,existing,595.0628584658632,96,30,131,81,existing,606.6291506673881,96,40,131,259,existing,631.0623861041386,96,39,131,259,existing,631.0623861041386,96,36,131,201,existing,660.9711649129066,96,34,131,201,existing,660.9711649129066,96,35,131,201,existing,660.9711649129066,96,33,131,180,existing,665.6371873366859,96,28,131,264,existing,702.5793931024629
97,97,22,132,254,existing,648.6609165095579,97,22,132,205,existing,322.2610477851529,97,22,132,211,allocated,262.0271848580335,97,38,132,187,existing,676.3235315478498,97,37,132,186,existing,683.3316021462127,97,39,132,259,existing,712.3230591861252,97,40,132,259,existing,712.3230591861252,97,34,132,201,existing,765.987732698699,97,28,132,264,existing,811.3730441664397,97,35,132,201,existing,765.987732698699,97,36,132,201,existing,765.987732698699,97,27,132,110,existing,859.8247567276934,97,33,132,180,existing,818.4162730184161
98,98,24,133,254,existing,698.9174282635869,98,24,133,205,existing,368.4577345085636,98,24,133,211,allocated,211.77067310400443,98,38,133,187,existing,726.580043301879,98,37,133,186,existing,733.5881139002418,98,39,133,259,existing,762.5795709401541,98,40,133,259,existing,762.5795709401541,98,36,133,201,existing,816.244244452728,98,28,133,264,existing,861.6295559204686,98,35,133,201,existing,816.244244452728,98,34,133,201,existing,816.244244452728,98,27,133,110,existing,910.0812684817224,98,33,133,180,existing,868.6727847724451
99,99,22,134,254,existing,642.6144768710615,99,22,134,205,existing,421.44931554260916,99,22,134,193,allocated,409.37924821567424,99,37,134,186,existing,664.273103728047,99,38,134,187,existing,670.2770919093534,99,40,134,259,existing,706.2766195476288,99,39,134,259,existing,706.2766195476288,99,30,134,81,existing,733.4345713576498,99,35,134,201,existing,746.9292342805333,99,36,134,201,existing,746.9292342805333,99,34,134,201,existing,746.9292342805333,99,33,134,180,existing,792.4426080269476,99,28,134,264,existing,792.314545748274
100,100,22,135,254,existing,553.2337694696228,100,22,135,205,existing,332.0686081411705,100,22,135,193,allocated,319.9985408142355,100,37,135,186,existing,574.8923963266083,100,38,135,187,existing,580.8963845079147,100,40,135,259,existing,616.8959121461901,100,39,135,259,existing,616.8959121461901,100,34,135,201,existing,657.5485268790945,100,35,135,201,existing,657.5485268790945,100,36,135,201,existing,657.5485268790945,100,30,135,81,existing,644.0538639562111,100,33,135,180,existing,703.0619006255089,100,28,135,264,existing,702.9338383468353
101,101,23,136,65,existing,284.35457186235044,101,23,136,190,existing,518.4069865148815,101,23,136,251,allocated,91.05216895148845,101,31,136,65,existing,284.35457186235044,101,29,136,127,existing,399.5324847980123,101,32,136,127,existing,399.5324847980123,101,30,136,81,existing,402.4412417025766,101,27,136,110,existing,623.7477964748075,101,28,136,264,existing,498.39148413765133,101,33,136,180,existing,461.4492783718743,101,34,136,201,existing,637.3459302557211,101,36,136,201,existing,637.3459302557211,101,35,136,201,existing,637.3459302557211
102,102,23,137,65,existing,323.1879833557369,102,23,137,190,existing,466.99919218470546,102,23,137,251,allocated,39.644374621312366,102,31,137,65,existing,323.1879833557369,102,29,137,127,existing,438.3658962913988,102,32,137,127,existing,438.3658962913988,102,30,137,81,existing,441.2746531959631,102,27,137,110,existing,662.5812079681939,102,28,137,264,existing,537.2248956310377,102,33,137,180,existing,500.28268986526075,102,34,137,201,existing,676.1793417491076,102,36,137,201,existing,676.1793417491076,102,35,137,201,existing,676.1793417491076
103,103,21,138,96,existing,198.39228225742264,103,21,138,190,existing,101.4405217019099,103,21,138,180,allocated,145.49488934770423,103,30,138,81,existing,86.48685267840654,103,33,138,180,existing,145.49488934770423,103,31,138,65,existing,253.0699029844347,103,28,138,264,existing,182.43709511348123,103,35,138,201,existing,324.64280922274463,103,36,138,201,existing,324.64280922274463,103,27,138,110,existing,311.04467544183103,103,34,138,201,existing,324.64280922274463,103,32,138,127,existing,330.8421512051495,103,29,138,127,existing,330.8421512051495
104,104,21,139,96,existing,139.27280671047765,104,21,139,190,existing,41.865369822958826,104,21,139,180,allocated,86.37541380075925,104,33,139,180,existing,86.37541380075925,104,28,139,264,existing,123.31761956653625,104,30,139,81,existing,145.38345047005694,104,27,139,110,existing,251.92519989488605,104,36,139,201,existing,265.5233336757997,104,32,139,127,existing,271.7226756582045,104,35,139,201,existing,265.5233336757997,104,34,139,201,existing,265.5233336757997,104,31,139,65,existing,311.96650077608507,104,29,139,127,existing,271.7226756582045
105,105,23,141,65,existing,696.0342083298551,105,23,141,205,existing,765.1310099014253,105,23,141,175,allocated,436.9325665863523,105,31,141,65,existing,696.0342083298551,105,30,141,81,existing,753.9755164277088,105,32,141,127,existing,811.212121265517,105,29,141,127,existing,811.212121265517,105,35,141,201,existing,992.131472972047,105,33,141,180,existing,812.9835530970065,105,28,141,264,existing,849.9257588627836,105,27,141,110,existing,978.5333391911333,105,36,141,201,existing,992.131472972047,105,34,141,201,existing,992.131472972047
106,106,22,142,254,existing,740.5803254985246,106,22,142,205,existing,403.90701527267544,106,22,142,211,allocated,247.2199538681163,106,38,142,187,existing,768.2429405368166,106,37,142,186,existing,775.2510111351795,106,40,142,259,existing,804.242468175092,106,39,142,259,existing,804.242468175092,106,34,142,201,existing,857.9071416876658,106,28,142,264,existing,903.2924531554065,106,35,142,201,existing,857.9071416876658,106,36,142,201,existing,857.9071416876658,106,27,142,110,existing,951.7441657166602,106,33,142,180,existing,910.3356820073828
107,107,22,143,254,existing,599.2149224023495,107,22,143,205,existing,265.01762544929875,107,22,143,275,allocated,209.98036144346474,107,37,143,186,existing,620.8735492593349,107,38,143,187,existing,626.8775374406415,107,39,143,259,existing,662.8770650789169,107,40,143,259,existing,662.8770650789169,107,34,143,201,existing,703.5296798118212,107,35,143,201,existing,703.5296798118212,107,36,143,201,existing,703.5296798118212,107,30,143,81,existing,738.7581493116463,107,28,143,264,existing,748.914991279562,107,33,143,180,existing,753.3145081447932
108,108,24,144,254,existing,552.0997619216081,108,24,144,205,existing,217.90246496855733,108,24,144,205,allocated,217.90246496855733,108,37,144,186,existing,573.7583887785935,108,38,144,187,existing,579.7623769599,108,40,144,259,existing,615.7619045981754,108,39,144,259,existing,615.7619045981754,108,28,144,264,existing,701.7998307988205,108,35,144,201,existing,656.4145193310798,108,36,144,201,existing,656.4145193310798,108,34,144,201,existing,656.4145193310798,108,33,144,180,existing,706.1993476640517,108,27,144,110,existing,750.2515433600742
109,109,23,145,65,existing,770.4495601748022,109,23,145,205,existing,604.0663217466007,109,23,145,175,allocated,275.86787843152774,109,31,145,65,existing,770.4495601748022,109,30,145,81,existing,779.3732715504888,109,28,145,264,existing,875.3235139855634,109,33,145,180,existing,838.3813082197865,109,35,145,201,existing,1017.5292280948269,109,29,145,127,existing,885.627473110464,109,32,145,127,existing,885.627473110464,109,27,145,110,existing,1003.9310943139133,109,34,145,201,existing,1017.5292280948269,109,36,145,201,existing,1017.5292280948269
110,110,23,146,65,existing,374.1681375082221,110,23,146,190,existing,570.434211623574,110,23,146,251,allocated,164.920753357516,110,31,146,65,existing,374.1681375082221,110,29,146,127,existing,489.346050443884,110,32,146,127,existing,489.346050443884,110,30,146,81,existing,492.25480734844825,110,27,146,110,existing,713.5613621206792,110,28,146,264,existing,588.205049783523,110,33,146,180,existing,551.2628440177459,110,34,146,201,existing,727.1594959015928,110,36,146,201,existing,727.1594959015928,110,35,146,201,existing,727.1594959015928
111,111,26,147,259,existing,224.48201171406816,111,26,147,206,existing,328.7119958613858,111,26,147,29,allocated,108.70962860698228,111,34,147,201,existing,125.33797578333625,111,35,147,201,existing,125.33797578333625,111,27,147,110,existing,145.03342593046082,111,36,147,201,existing,125.33797578333625,111,39,147,259,existing,224.48201171406816,111,40,147,259,existing,224.48201171406816,111,38,147,187,existing,225.74319485714818,111,37,147,186,existing,207.99410633582255,111,28,147,264,existing,264.52856937579264,111,33,147,180,existing,301.4707751415697
112,112,23,149,65,existing,299.0104618861013,112,23,149,190,existing,456.3002708731351,112,23,149,167,existing,280.2772175375552,112,29,149,127,existing,183.83254895043942,112,32,149,127,existing,183.83254895043942,112,31,149,65,existing,299.0104618861013,112,28,149,264,existing,291.11728148364,112,36,149,201,existing,380.52567084968047,112,33,149,180,existing,328.059487249417,112,27,149,110,existing,366.9275370687668,112,34,149,201,existing,380.52567084968047,112,30,149,81,existing,387.0675239187147,112,35,149,201,existing,380.52567084968047
113,113,21,150,96,existing,185.0756116500823,113,21,150,190,existing,334.48690568978645,113,21,150,167,existing,158.46385235420664,113,28,150,264,existing,169.3039163002914,113,33,150,180,existing,206.2461220660684,113,34,150,201,existing,258.7123056663319,113,27,150,110,existing,245.11417188541824,113,35,150,201,existing,258.7123056663319,113,30,150,81,existing,265.2541587353661,113,29,150,127,existing,264.9116476487367,113,36,150,201,existing,258.7123056663319,113,32,150,127,existing,264.9116476487367,113,37,150,186,existing,341.3684362188182
114,114,20,152,126,existing,605.9713772562278,114,20,152,257,existing,434.06336611808,114,20,152,109,allocated,407.07747223763994,114,31,152,65,existing,623.9988123003167,114,32,152,127,existing,739.1767252359784,114,30,152,81,existing,790.5818626063448,114,29,152,127,existing,739.1767252359784,114,27,152,110,existing,963.3920369127736,114,28,152,264,existing,886.5321050414194,114,35,152,201,existing,976.9901706936872,114,33,152,180,existing,849.5898992756424,114,36,152,201,existing,976.9901706936872,114,34,152,201,existing,976.9901706936872
115,115,21,155,96,existing,89.19621219200314,115,21,155,190,existing,270.3343887254396,115,21,155,96,existing,89.19621219200314,115,28,155,264,existing,105.15139933594455,115,33,155,180,existing,142.09360510172155,115,27,155,110,existing,202.4582910190904,115,30,155,81,existing,201.10164177101925,115,34,155,201,existing,216.05642480000404,115,29,155,127,existing,253.37296363346226,115,36,155,201,existing,216.05642480000404,115,35,155,201,existing,216.05642480000404,115,37,155,186,existing,298.71255535249037,115,32,155,127,existing,253.37296363346226
116,116,21,156,96,existing,180.55598669216266,116,21,156,206,existing,210.82364405198268,116,21,156,96,existing,180.55598669216266,116,28,156,264,existing,196.5111738361041,116,33,156,180,existing,233.4533796018811,116,37,156,186,existing,268.16580592758874,116,38,156,187,existing,285.9148944489143,116,30,156,81,existing,292.4614162711788,116,36,156,201,existing,307.4161993001636,116,34,156,201,existing,307.4161993001636,116,27,156,110,existing,293.81806551924996,116,40,156,259,existing,321.91442208718956,116,35,156,201,existing,307.4161993001636
117,117,20,157,126,existing,259.0171479838741,117,20,157,257,existing,450.2595460481497,117,20,157,94,allocated,214.25462818526222,117,31,157,65,existing,277.0445830279629,117,32,157,127,existing,392.2224959636248,117,29,157,127,existing,392.2224959636248,117,30,157,81,existing,443.62763333399107,117,33,157,180,existing,502.63567000328874,117,35,157,201,existing,630.0359414213335,117,27,157,110,existing,616.4378076404199,117,28,157,264,existing,539.5778757690657,117,34,157,201,existing,630.0359414213335,117,36,157,201,existing,630.0359414213335
118,118,22,158,254,existing,735.1454204307045,118,22,158,205,existing,34.85680645946105,118,22,158,205,allocated,34.85680645946105,118,37,158,186,existing,756.8040472876899,118,38,158,187,existing,762.8080354689964,118,39,158,259,existing,798.8075631072718,118,40,158,259,existing,798.8075631072718,118,35,158,201,existing,839.4601778401761,118,36,158,201,existing,839.4601778401761,118,34,158,201,existing,839.4601778401761,118,28,158,264,existing,884.8454893079168,118,27,158,110,existing,933.2972018691705,118,33,158,180,existing,889.245006173148
119,119,25,160,60,existing,466.60585176429936,119,25,160,257,existing,315.68240059568626,119,25,160,109,allocated,303.6402221427512,119,27,160,110,existing,841.8629632933425,119,28,160,264,existing,844.7123160399212,119,33,160,180,existing,881.6545218056982,119,35,160,201,existing,899.4758805762325,119,36,160,201,existing,899.4758805762325,119,29,160,127,existing,940.3200473883667,119,32,160,127,existing,940.3200473883667,119,34,160,201,existing,899.4758805762325,119,30,160,81,existing,940.6625584749959,119,31,160,65,existing,958.5028666322859
120,120,25,162,60,existing,210.3329326955217,120,25,162,257,existing,384.6022305949771,120,25,162,109,allocated,127.75435328006722,120,27,162,110,existing,585.5900442245648,120,28,162,264,existing,588.4393969711437,120,34,162,201,existing,643.2029615074548,120,33,162,180,existing,625.3816027369206,120,36,162,201,existing,643.2029615074548,120,35,162,201,existing,643.2029615074548,120,30,162,81,existing,684.3896394062183,120,29,162,127,existing,684.047128319589,120,37,162,186,existing,725.8590920599412,120,32,162,127,existing,684.047128319589
121,121,20,164,126,existing,603.8907072955653,121,20,164,257,existing,594.4656442970047,121,20,164,94,allocated,559.1281874969535,121,31,164,65,existing,621.9181423396542,121,32,164,127,existing,737.0960552753161,121,29,164,127,existing,737.0960552753161,121,30,164,81,existing,788.5011926456823,121,28,164,264,existing,884.4514350807569,121,35,164,201,existing,974.9095007330247,121,27,164,110,existing,961.3113669521113,121,33,164,180,existing,847.50922931498,121,36,164,201,existing,974.9095007330247,121,34,164,201,existing,974.9095007330247
122,122,20,165,126,existing,524.7299031864343,122,20,165,257,existing,515.3048401878735,122,20,165,94,allocated,479.9673833878224,122,31,165,65,existing,542.757338230523,122,32,165,127,existing,657.9352511661849,122,30,165,81,existing,709.3403885365512,122,29,165,127,existing,657.9352511661849,122,35,165,201,existing,895.7486966238937,122,28,165,264,existing,805.2906309716259,122,27,165,110,existing,882.1505628429801,122,33,165,180,existing,768.3484252058489,122,36,165,201,existing,895.7486966238937,122,34,165,201,existing,895.7486966238937
123,123,25,166,60,existing,522.7439296268136,123,25,166,257,existing,456.0639385300687,123,25,166,109,allocated,440.1653502113591,123,35,166,201,existing,825.785386307743,123,36,166,201,existing,825.785386307743,123,27,166,110,existing,845.4808364548676,123,34,166,201,existing,825.785386307743,123,38,166,187,existing,907.3320075295932,123,28,166,264,existing,900.3154551522271,123,39,166,259,existing,871.3324798913179,123,40,166,259,existing,871.3324798913179,123,37,166,186,existing,908.4415168602293,123,33,166,180,existing,937.257660918004
124,124,22,170,254,existing,401.7703889142176,124,22,170,206,existing,326.46420294827203,124,22,170,195,allocated,52.28087078818239,124,38,170,187,existing,429.43300395250964,124,37,170,186,existing,436.4410745508725,124,39,170,259,existing,465.4325315907849,124,40,170,259,existing,465.4325315907849,124,34,170,201,existing,519.0972051033588,124,36,170,201,existing,519.0972051033588,124,28,170,264,existing,564.4825165710995,124,35,170,201,existing,519.0972051033588,124,27,170,110,existing,612.9342291323532,124,33,170,180,existing,581.8275857051569
125,125,21,173,96,existing,299.1658043437702,125,21,173,190,existing,202.2140437882574,125,21,173,213,allocated,53.21747267041185,125,30,173,81,existing,187.26037476475403,125,33,173,180,existing,246.26841143405176,125,31,173,65,existing,353.8434250707822,125,28,173,264,existing,283.2106171998288,125,36,173,201,existing,425.41633130909224,125,35,173,201,existing,425.41633130909224,125,34,173,201,existing,425.41633130909224,125,27,173,110,existing,411.8181975281786,125,29,173,127,existing,431.61567329149705,125,32,173,127,existing,431.61567329149705
126,126,23,174,65,existing,734.0249860027192,126,23,174,205,existing,447.7712117849393,126,23,174,175,allocated,119.57276846986629,126,30,174,81,existing,623.0781615888272,126,33,174,180,existing,682.086198258125,126,28,174,264,existing,719.028404023902,126,31,174,65,existing,734.0249860027192,126,29,174,127,existing,849.202898938381,126,32,174,127,existing,849.202898938381,126,34,174,201,existing,861.2341181331655,126,27,174,110,existing,847.6359843522519,126,35,174,201,existing,861.2341181331655,126,36,174,201,existing,861.2341181331655
127,127,23,175,65,existing,853.5977544725855,127,23,175,205,existing,567.3439802548056,127,23,175,175,allocated,0.0,127,30,175,81,existing,742.6509300586936,127,33,175,180,existing,801.6589667279914,127,31,175,65,existing,853.5977544725855,127,28,175,264,existing,838.6011724937683,127,29,175,127,existing,968.7756674082474,127,32,175,127,existing,968.7756674082474,127,34,175,201,existing,980.8068866030318,127,27,175,110,existing,967.2087528221182,127,35,175,201,existing,980.8068866030318,127,36,175,201,existing,980.8068866030318
128,128,23,176,65,existing,309.3195181619245,128,23,176,190,existing,527.4269515746115,128,23,176,251,allocated,100.0721340112184,128,31,176,65,existing,309.3195181619245,128,29,176,127,existing,424.4974310975864,128,32,176,127,existing,424.4974310975864,128,30,176,81,existing,427.40618800215066,128,27,176,110,existing,648.7127427743815,128,28,176,264,existing,523.3564304372254,128,33,176,180,existing,486.4142246714484,128,34,176,201,existing,662.3108765552952,128,36,176,201,existing,662.3108765552952,128,35,176,201,existing,662.3108765552952
129,129,22,177,254,existing,386.24227175185626,129,22,177,206,existing,310.9360857859107,129,22,177,58,allocated,170.8569275426732,129,37,177,186,existing,397.1570626847054,129,38,177,187,existing,413.9048867901483,129,40,177,259,existing,449.90441442842354,129,39,177,259,existing,449.90441442842354,129,30,177,81,existing,470.8479832928182,129,36,177,201,existing,479.8131932371917,129,35,177,201,existing,479.8131932371917,129,34,177,201,existing,479.8131932371917,129,33,177,180,existing,529.5980215701636,129,28,177,264,existing,525.1985047049325
130,130,21,178,96,existing,503.8703836117369,130,21,178,190,existing,406.91862305622413,130,21,178,251,allocated,142.35457162914136,130,30,178,81,existing,391.96495403272075,130,33,178,180,existing,450.9729907020185,130,28,178,264,existing,487.91519646779545,130,31,178,65,existing,505.18692960619063,130,29,178,127,existing,620.3648425418526,130,27,178,110,existing,616.5227767961453,130,32,178,127,existing,620.3648425418526,130,35,178,201,existing,630.1209105770589,130,34,178,201,existing,630.1209105770589,130,36,178,201,existing,630.1209105770589
131,131,23,179,65,existing,801.6826000134348,131,23,179,205,existing,495.36752536785303,131,23,179,175,allocated,191.4361734737951,131,30,179,81,existing,690.735775599543,131,33,179,180,existing,749.7438122688408,131,31,179,65,existing,801.6826000134348,131,28,179,264,existing,786.6860180346177,131,29,179,127,existing,916.8605129490967,131,32,179,127,existing,916.8605129490967,131,34,179,201,existing,928.8917321438812,131,27,179,110,existing,915.2935983629675,131,35,179,201,existing,928.8917321438812,131,36,179,201,existing,928.8917321438812
132,132,23,181,65,existing,567.3608540605732,132,23,181,190,existing,471.3676986701847,132,23,181,251,allocated,204.5284960835239,132,30,181,81,existing,456.41402964668134,132,33,181,180,existing,515.4220663159791,132,28,181,264,existing,552.3642720817561,132,31,181,65,existing,567.3608540605732,132,27,181,110,existing,680.9718524101058,132,32,181,127,existing,682.538766996235,132,34,181,201,existing,694.5699861910196,132,29,181,127,existing,682.538766996235,132,35,181,201,existing,694.5699861910196,132,36,181,201,existing,694.5699861910196
133,133,22,182,254,existing,167.1935967683169,133,22,182,206,existing,91.88741080237129,133,22,182,253,allocated,173.72253720980447,133,38,182,187,existing,194.8562118066089,133,37,182,186,existing,201.8642824049718,133,39,182,259,existing,230.8557394448842,133,40,182,259,existing,230.8557394448842,133,34,182,201,existing,284.5204129574581,133,36,182,201,existing,284.5204129574581,133,28,182,264,existing,329.90572442519874,133,35,182,201,existing,284.5204129574581,133,33,182,180,existing,366.8479301909757,133,27,182,110,existing,378.3574369864525
134,134,24,183,254,existing,245.49045887433056,134,24,183,206,existing,170.18427290838494,134,24,183,193,allocated,207.16822060198908,134,38,183,187,existing,273.1530739126226,134,37,183,186,existing,280.1611445109855,134,39,183,259,existing,309.1526015508978,134,40,183,259,existing,309.1526015508978,134,35,183,201,existing,362.81727506347175,134,28,183,264,existing,408.2025865312124,134,34,183,201,existing,362.81727506347175,134,36,183,201,existing,362.81727506347175,134,33,183,180,existing,437.44330948835295,134,27,183,110,existing,456.65429909246615
135,135,23,184,65,existing,244.01195520558338,135,23,184,257,existing,482.82934079113346,135,23,184,94,allocated,306.80191004828407,135,31,184,65,existing,244.01195520558338,135,32,184,127,existing,286.7258974410655,135,28,184,264,existing,394.0106299742661,135,29,184,127,existing,286.7258974410655,135,35,184,201,existing,483.41901934030665,135,27,184,110,existing,469.820885559393,135,30,184,81,existing,410.5950055116115,135,33,184,180,existing,430.95283574004316,135,34,184,201,existing,483.41901934030665,135,36,184,201,existing,483.41901934030665
136,136,23,185,65,existing,252.44565888954298,136,23,185,257,existing,491.26304447509307,136,23,185,94,allocated,315.2356137322437,136,31,185,65,existing,252.44565888954298,136,32,185,127,existing,278.2921937571059,136,28,185,264,existing,385.5769262903065,136,29,185,127,existing,278.2921937571059,136,33,185,180,existing,422.51913205608355,136,27,185,110,existing,461.3871818754334,136,30,185,81,existing,419.0287091955711,136,35,185,201,existing,474.98531565634704,136,34,185,201,existing,474.98531565634704,136,36,185,201,existing,474.98531565634704
137,137,25,188,60,existing,223.341375181918,137,25,188,257,existing,397.6106730813734,137,25,188,109,allocated,140.76279576646354,137,27,188,110,existing,572.5816017381685,137,28,188,264,existing,600.0043144587863,137,35,188,201,existing,630.1945190210586,137,36,188,201,existing,630.1945190210586,137,33,188,180,existing,636.9465202245633,137,32,188,127,existing,695.6120458072317,137,30,188,81,existing,695.9545568938611,137,34,188,201,existing,630.1945190210586,137,29,188,127,existing,695.6120458072317,137,37,188,186,existing,712.8506495735448
138,138,24,192,254,existing,378.9620829802519,138,24,192,206,existing,303.65589701430633,138,24,192,193,allocated,73.69659649606768,138,38,192,187,existing,406.62469801854394,138,37,192,186,existing,413.63276861690684,138,39,192,259,existing,442.6242256568192,138,40,192,259,existing,442.6242256568192,138,34,192,201,existing,496.2888991693931,138,36,192,201,existing,496.2888991693931,138,28,192,264,existing,541.6742106371337,138,35,192,201,existing,496.2888991693931,138,33,192,180,existing,548.7174394891101,138,27,192,110,existing,590.1259231983875
139,139,22,193,254,existing,452.6586794763196,139,22,193,206,existing,377.352493510374,139,22,193,193,allocated,0.0,139,38,193,187,existing,480.3212945146116,139,37,193,186,existing,487.32936511297453,139,40,193,259,existing,516.3208221528869,139,39,193,259,existing,516.3208221528869,139,34,193,201,existing,569.9854956654608,139,36,193,201,existing,569.9854956654608,139,28,193,264,existing,615.3708071332014,139,35,193,201,existing,569.9854956654608,139,33,193,180,existing,622.4140359851779,139,27,193,110,existing,663.8225196944552
140,140,22,194,254,existing,513.5631899228081,140,22,194,206,existing,438.2570039568625,140,22,194,196,allocated,47.80049653648832,140,38,194,187,existing,541.2258049611,140,37,194,186,existing,548.233875559463,140,40,194,259,existing,577.2253325993754,140,39,194,259,existing,577.2253325993754,140,35,194,201,existing,630.8900061119492,140,36,194,201,existing,630.8900061119492,140,28,194,264,existing,676.27531757969,140,34,194,201,existing,630.8900061119492,140,33,194,180,existing,684.223435358593,140,27,194,110,existing,724.7270301409436
141,141,24,196,254,existing,465.7626933863197,141,24,196,206,existing,390.4565074203741,141,24,196,196,allocated,0.0,141,38,196,187,existing,493.4253084246117,141,37,196,186,existing,500.4333790229747,141,40,196,259,existing,529.424836062887,141,39,196,259,existing,529.424836062887,141,35,196,201,existing,583.089509575461,141,34,196,201,existing,583.089509575461,141,36,196,201,existing,583.089509575461,141,28,196,264,existing,628.4748210432015,141,33,196,180,existing,645.8198901772591,141,27,196,110,existing,676.9265336044554
142,142,24,197,254,existing,409.36000620921874,142,24,197,206,existing,334.0538202432731,142,24,197,193,allocated,176.12477755383142,142,38,197,187,existing,437.02262124751076,142,37,197,186,existing,444.0306918458736,142,39,197,259,existing,473.022148885786,142,40,197,259,existing,473.022148885786,142,34,197,201,existing,526.6868223983598,142,36,197,201,existing,526.6868223983598,142,28,197,264,existing,572.0721338661006,142,35,197,201,existing,526.6868223983598,142,33,197,180,existing,579.1153627180769,142,27,197,110,existing,620.5238464273542
143,143,22,198,254,existing,491.2095665807104,143,22,198,205,existing,287.37845939493167,143,22,198,193,allocated,257.9743379253231,143,38,198,187,existing,518.8721816190024,143,37,198,186,existing,525.8802522173653,143,40,198,259,existing,554.8717092572776,143,39,198,259,existing,554.8717092572776,143,36,198,201,existing,608.5363827698516,143,34,198,201,existing,608.5363827698516,143,35,198,201,existing,608.5363827698516,143,28,198,264,existing,653.9216942375922,143,33,198,180,existing,660.9649230895686,143,27,198,110,existing,702.373406798846
144,144,22,199,254,existing,373.319172054435,144,22,199,206,existing,298.0129860884894,144,22,199,193,allocated,140.0839433990477,144,37,199,186,existing,394.97779891142045,144,38,199,187,existing,400.981787092727,144,39,199,259,existing,436.98131473100227,144,40,199,259,existing,436.98131473100227,144,28,199,264,existing,523.0192409316473,144,36,199,201,existing,477.6339294639067,144,34,199,201,existing,477.6339294639067,144,35,199,201,existing,477.6339294639067,144,33,199,180,existing,527.4187577968786,144,27,199,110,existing,571.4709534929011
145,145,22,202,254,existing,495.58369410930885,145,22,202,205,existing,274.41853278085654,145,22,202,193,allocated,262.34846545392156,145,37,202,186,existing,517.2423209662943,145,38,202,187,existing,523.2463091476009,145,40,202,259,existing,559.2458367858761,145,39,202,259,existing,559.2458367858761,145,36,202,201,existing,599.8984515187806,145,34,202,201,existing,599.8984515187806,145,35,202,201,existing,599.8984515187806,145,28,202,264,existing,645.2837629865212,145,33,202,180,existing,649.6832798517526,145,27,202,110,existing,693.735475547775
146,146,25,204,60,existing,134.23303625582784,146,25,204,206,existing,540.1118488528784,146,25,204,106,allocated,93.23531903405205,146,34,204,201,existing,355.5964266267906,146,35,204,201,existing,355.5964266267906,146,36,204,201,existing,355.5964266267906,146,27,204,110,existing,375.2918767739152,146,37,204,186,existing,438.25255717927695,146,38,204,187,existing,437.1430478486408,146,39,204,259,existing,401.1435202103655,146,40,204,259,existing,401.1435202103655,146,33,204,180,existing,534.744346501831,146,28,204,264,existing,497.80214073605407
147,147,22,205,254,existing,770.0022268901655,147,22,205,205,existing,0.0,147,22,205,205,allocated,0.0,147,37,205,186,existing,791.6608537471508,147,38,205,187,existing,797.6648419284575,147,40,205,259,existing,833.6643695667328,147,39,205,259,existing,833.6643695667328,147,28,205,264,existing,919.7022957673778,147,35,205,201,existing,874.316984299637,147,36,205,201,existing,874.316984299637,147,34,205,201,existing,874.316984299637,147,33,205,180,existing,924.101812632609,147,27,205,110,existing,968.1540083286314
148,148,24,206,254,existing,75.3061859659456,148,24,206,206,existing,0.0,148,24,206,253,allocated,93.79865304671966,148,38,206,187,existing,102.96880100423762,148,37,206,186,existing,120.71788952556321,148,40,206,259,existing,138.9683286425129,148,39,206,259,existing,138.9683286425129,148,27,206,110,existing,297.2110441070439,148,34,206,201,existing,203.3740200780495,148,35,206,201,existing,203.3740200780495,148,36,206,201,existing,203.3740200780495,148,33,206,180,existing,328.80570282954363,148,28,206,264,existing,291.86349706376666
149,149,24,207,254,existing,159.96443809857527,149,24,207,206,existing,84.65825213262967,149,24,207,253,allocated,166.49337854006285,149,38,207,187,existing,187.6270531368673,149,37,207,186,existing,194.63512373523017,149,39,207,259,existing,223.62658077514254,149,40,207,259,existing,223.62658077514254,149,34,207,201,existing,277.29125428771647,149,36,207,201,existing,277.29125428771647,149,28,207,264,existing,322.6765657554571,149,35,207,201,existing,277.29125428771647,149,33,207,180,existing,359.6187715212341,149,27,207,110,existing,371.12827831671086
150,150,23,208,65,existing,499.0526904189876,150,23,208,190,existing,444.7232811644975,150,23,208,251,allocated,136.22033244193835,150,30,208,81,existing,429.7696121409941,150,33,208,180,existing,488.77764881029185,150,28,208,264,existing,525.7198545760689,150,31,208,65,existing,499.0526904189876,150,29,208,127,existing,614.2306033546495,150,32,208,127,existing,614.2306033546495,150,27,208,110,existing,654.3274349044186,150,34,208,201,existing,667.9255686853323,150,35,208,201,existing,667.9255686853323,150,36,208,201,existing,667.9255686853323
151,151,20,209,126,existing,484.31706425394066,151,20,209,257,existing,555.7176791203672,151,20,209,94,allocated,439.55454445532877,151,31,209,65,existing,502.34449929802946,151,32,209,127,existing,617.5224122336913,151,30,209,81,existing,668.9275496040576,151,29,209,127,existing,617.5224122336913,151,28,209,264,existing,764.8777920391323,151,33,209,180,existing,727.9355862733553,151,35,209,201,existing,855.3358576914001,151,27,209,110,existing,841.7377239104865,151,36,209,201,existing,855.3358576914001,151,34,209,201,existing,855.3358576914001
152,152,21,210,96,existing,168.64286692364092,152,21,210,190,existing,349.17135781439856,152,21,210,167,existing,142.03110762776527,152,27,210,110,existing,55.38078809655366,152,36,210,201,existing,149.21781212554805,152,34,210,201,existing,149.21781212554805,152,35,210,201,existing,149.21781212554805,152,38,210,187,existing,249.62303119935996,152,28,210,264,existing,183.98836842490346,152,37,210,186,existing,231.87394267803438,152,33,210,180,existing,220.93057419068046,152,32,210,127,existing,279.5960997733487,152,29,210,127,existing,279.5960997733487
153,153,22,212,254,existing,948.2347666129295,153,22,212,205,existing,194.23372664989742,153,22,212,211,allocated,37.54666524533828,153,38,212,187,existing,975.8973816512216,153,37,212,186,existing,982.9054522495844,153,40,212,259,existing,1011.8969092894968,153,39,212,259,existing,1011.8969092894968,153,28,212,264,existing,1110.9468942698113,153,35,212,201,existing,1065.5615828020707,153,34,212,201,existing,1065.5615828020707,153,36,212,201,existing,1065.5615828020707,153,27,212,110,existing,1159.398606831065,153,33,212,180,existing,1117.9901231217877
154,154,23,213,65,existing,302.16978039351307,154,23,213,190,existing,255.43151645866925,154,23,213,213,allocated,0.0,154,30,213,81,existing,240.47784743516587,154,33,213,180,existing,299.4858841044636,154,28,213,264,existing,336.42808987024057,154,31,213,65,existing,302.16978039351307,154,27,213,110,existing,465.03567019859037,154,32,213,127,existing,417.34769332917494,154,35,213,201,existing,478.633803979504,154,29,213,127,existing,417.34769332917494,154,34,213,201,existing,478.633803979504,154,36,213,201,existing,478.633803979504
155,155,25,214,60,existing,259.6601616217633,155,25,214,257,existing,503.5459971435158,155,25,214,167,existing,403.30422722178866,155,28,214,264,existing,414.1442911678734,155,33,214,180,existing,451.08649693365044,155,27,214,110,existing,489.9545467530003,155,31,214,65,existing,472.06554455933394,155,32,214,127,existing,509.7520225163187,155,29,214,127,existing,509.7520225163187,155,35,214,201,existing,503.55268053391393,155,36,214,201,existing,503.55268053391393,155,30,214,81,existing,510.0945336029481,155,34,214,201,existing,503.55268053391393
156,156,22,215,254,existing,826.6913409833248,156,22,215,205,existing,604.0447383400908,156,22,215,211,allocated,447.3576769355317,156,38,215,187,existing,854.3539560216169,156,37,215,186,existing,861.3620266199798,156,40,215,259,existing,890.3534836598922,156,39,215,259,existing,890.3534836598922,156,34,215,201,existing,944.0181571724661,156,28,215,264,existing,989.4034686402067,156,35,215,201,existing,944.0181571724661,156,36,215,201,existing,944.0181571724661,156,27,215,110,existing,1037.8551812014605,156,33,215,180,existing,996.4466974921831
157,157,22,216,254,existing,785.6600705257244,157,22,216,205,existing,563.0134678824903,157,22,216,211,allocated,406.32640647793113,157,38,216,187,existing,813.3226855640164,157,37,216,186,existing,820.3307561623792,157,40,216,259,existing,849.3222132022917,157,39,216,259,existing,849.3222132022917,157,34,216,201,existing,902.9868867148655,157,28,216,264,existing,948.3721981826061,157,35,216,201,existing,902.9868867148655,157,36,216,201,existing,902.9868867148655,157,27,216,110,existing,996.8239107438599,157,33,216,180,existing,955.4154270345825
158,158,25,218,60,existing,603.3889988669418,158,25,218,257,existing,536.7090077701969,158,25,218,106,allocated,474.75310231299125,158,40,218,259,existing,806.2309130034816,158,39,218,259,existing,806.2309130034816,158,35,218,201,existing,839.2465754277134,158,36,218,201,existing,839.2465754277134,158,38,218,187,existing,842.2304406417569,158,34,218,201,existing,839.2465754277134,158,37,218,186,existing,859.9795291630825,158,27,218,110,existing,858.942025574838,158,28,218,264,existing,980.9605243923553,158,33,218,180,existing,1017.9027301581323
159,159,25,219,60,existing,494.5106652687691,159,25,219,257,existing,660.0815275581785,159,25,219,106,allocated,351.3805825250097,159,40,219,259,existing,682.8583932155001,159,39,219,259,existing,682.8583932155001,159,35,219,201,existing,715.8740556397319,159,34,219,201,existing,715.8740556397319,159,36,219,201,existing,715.8740556397319,159,27,219,110,existing,735.5695057868564,159,37,219,186,existing,736.6070093751009,159,38,219,187,existing,718.8579208537753,159,33,219,180,existing,895.0219755147723,159,28,219,264,existing,858.0797697489953
160,160,23,221,65,existing,548.2052844620413,160,23,221,190,existing,452.2121290716528,160,23,221,251,allocated,185.37292648499192,160,30,221,81,existing,437.2584600481494,160,33,221,180,existing,496.2664967174471,160,28,221,264,existing,533.2087024832241,160,31,221,65,existing,548.2052844620413,160,27,221,110,existing,661.816282811574,160,29,221,127,existing,663.3831973977032,160,34,221,201,existing,675.4144165924876,160,32,221,127,existing,663.3831973977032,160,35,221,201,existing,675.4144165924876,160,36,221,201,existing,675.4144165924876
161,161,23,222,65,existing,638.2973461753419,161,23,222,205,existing,459.00746698635123,161,23,222,251,allocated,275.46498819829253,161,30,222,81,existing,527.35052176145,161,33,222,180,existing,586.3585584307477,161,28,222,264,existing,623.3007641965247,161,31,222,65,existing,638.2973461753419,161,37,222,186,existing,739.0902680650778,161,38,222,187,existing,745.0942562463842,161,27,222,110,existing,751.9083445248746,161,32,222,127,existing,753.4752591110038,161,34,222,201,existing,765.5064783057882,161,29,222,127,existing,753.4752591110038
162,162,21,223,96,existing,566.450503083849,162,21,223,190,existing,469.49874252833615,162,21,223,58,allocated,200.38348607128535,162,30,223,81,existing,454.54507350483277,162,33,223,180,existing,513.5531101741306,162,28,223,264,existing,550.4953159399075,162,31,223,65,existing,567.7670490783028,162,32,223,127,existing,682.9449620139646,162,29,223,127,existing,682.9449620139646,162,27,223,110,existing,679.1028962682574,162,34,223,201,existing,692.701030049171,162,35,223,201,existing,692.701030049171,162,36,223,201,existing,692.701030049171
163,163,24,224,254,existing,812.6095047875914,163,24,224,205,existing,556.7076278452118,163,24,224,242,allocated,326.57557208579647,163,38,224,187,existing,840.2721198258835,163,37,224,186,existing,847.2801904242463,163,40,224,259,existing,876.2716474641586,163,39,224,259,existing,876.2716474641586,163,34,224,201,existing,929.9363209767325,163,28,224,264,existing,975.3216324444732,163,35,224,201,existing,929.9363209767325,163,36,224,201,existing,929.9363209767325,163,27,224,110,existing,1023.7733450057269,163,33,224,180,existing,982.3648612964496
164,164,25,225,60,existing,663.7584479278795,164,25,225,257,existing,81.14133812184023,164,25,225,109,allocated,337.9892154367501,164,31,225,65,existing,774.3864257089775,164,29,225,127,existing,850.6965763540393,164,32,225,127,existing,850.6965763540393,164,30,225,81,existing,940.9694760150057,164,28,225,264,existing,957.9813088872398,164,27,225,110,existing,1033.7915644723666,164,34,225,201,existing,1047.3896982532804,164,33,225,180,existing,994.9235146530168,164,36,225,201,existing,1047.3896982532804,164,35,225,201,existing,1047.3896982532804
165,165,22,227,254,existing,681.3286922955722,165,22,227,205,existing,377.57035371658634,165,22,227,275,allocated,96.32017542353644,165,37,227,186,existing,702.9873191525577,165,38,227,187,existing,708.9913073338641,165,39,227,259,existing,744.9908349721395,165,30,227,81,existing,717.7842534311576,165,33,227,180,existing,776.7922901004554,165,35,227,201,existing,785.643449705044,165,36,227,201,existing,785.643449705044,165,40,227,259,existing,744.9908349721395,165,34,227,201,existing,785.643449705044,165,28,227,264,existing,813.7344958662325
166,166,24,228,254,existing,748.5194105772971,166,24,228,205,existing,210.1742868124323,166,24,228,205,allocated,210.1742868124323,166,37,228,186,existing,770.1780374342825,166,38,228,187,existing,776.182025615589,166,39,228,259,existing,812.1815532538644,166,40,228,259,existing,812.1815532538644,166,35,228,201,existing,852.8341679867688,166,36,228,201,existing,852.8341679867688,166,30,228,81,existing,888.0626374865939,166,34,228,201,existing,852.8341679867688,166,33,228,180,existing,902.6189963197406,166,28,228,264,existing,898.2194794545094
167,167,22,231,254,existing,247.73470833667875,167,22,231,206,existing,172.42852237073316,167,22,231,253,allocated,254.26364877816633,167,38,231,187,existing,275.39732337497077,167,37,231,186,existing,282.4053939733337,167,39,231,259,existing,311.396851013246,167,40,231,259,existing,311.396851013246,167,34,231,201,existing,365.06152452581995,167,36,231,201,existing,365.06152452581995,167,28,231,264,existing,410.44683599356057,167,35,231,201,existing,365.06152452581995,167,33,231,180,existing,447.3890417593376,167,27,231,110,existing,458.89854855481434
168,168,22,232,254,existing,201.50446892807574,168,22,232,206,existing,126.19828296213015,168,22,232,253,allocated,208.03340936956332,168,38,232,187,existing,229.16708396636776,168,37,232,186,existing,236.17515456473063,168,39,232,259,existing,265.16661160464304,168,40,232,259,existing,265.16661160464304,168,34,232,201,existing,318.83128511721696,168,36,232,201,existing,318.83128511721696,168,28,232,264,existing,364.21659658495753,168,35,232,201,existing,318.83128511721696,168,33,232,180,existing,401.1588023507346,168,27,232,110,existing,412.6683091462113
169,169,25,234,60,existing,496.9640730639049,169,25,234,257,existing,198.18073445321548,169,25,234,109,allocated,171.1948405727754,169,31,234,65,existing,607.592050845003,169,32,234,127,existing,683.9022014900646,169,30,234,81,existing,774.1751011510312,169,29,234,127,existing,683.9022014900646,169,28,234,264,existing,791.1869340232652,169,33,234,180,existing,828.1291397890421,169,34,234,201,existing,880.5953233893058,169,27,234,110,existing,866.9971896083921,169,36,234,201,existing,880.5953233893058,169,35,234,201,existing,880.5953233893058
170,170,20,235,126,existing,450.4926766786974,170,20,235,257,existing,487.02202417486353,170,20,235,94,allocated,405.7301568800855,170,31,235,65,existing,468.52011172278617,170,32,235,127,existing,583.698024658448,170,29,235,127,existing,583.698024658448,170,30,235,81,existing,635.1031620288144,170,28,235,264,existing,731.053404463889,170,33,235,180,existing,694.111198698112,170,27,235,110,existing,807.9133363352432,170,35,235,201,existing,821.5114701161568,170,34,235,201,existing,821.5114701161568,170,36,235,201,existing,821.5114701161568
171,171,25,237,60,existing,45.49066793454391,171,25,237,190,existing,523.9723943545367,171,25,237,106,allocated,244.05680405976761,171,27,237,110,existing,331.36669224442386,171,28,237,264,existing,358.7894049650416,171,35,237,201,existing,388.9796095273138,171,36,237,201,existing,388.9796095273138,171,33,237,180,existing,395.7316107308186,171,32,237,127,existing,454.3971363134869,171,30,237,81,existing,454.7396474001163,171,34,237,201,existing,388.9796095273138,171,29,237,127,existing,454.3971363134869,171,37,237,186,existing,471.63574007980014
172,172,24,238,254,existing,604.1633009169784,172,24,238,205,existing,345.7391266952373,172,24,238,275,allocated,173.48556680213028,172,37,238,186,existing,625.8219277739639,172,38,238,187,existing,631.8259159552704,172,30,238,81,existing,640.6188620525638,172,39,238,259,existing,667.8254435935457,172,35,238,201,existing,708.4780583264502,172,33,238,180,existing,699.6268987218616,172,40,238,259,existing,667.8254435935457,172,36,238,201,existing,708.4780583264502,172,34,238,201,existing,708.4780583264502,172,28,238,264,existing,736.5691044876386
173,173,25,239,60,existing,757.795294965033,173,25,239,257,existing,459.0119563543435,173,25,239,109,allocated,432.0260624739034,173,31,239,65,existing,868.423272746131,173,29,239,127,existing,944.7334233911926,173,32,239,127,existing,944.7334233911926,173,30,239,81,existing,1035.0063230521591,173,28,239,264,existing,1052.018155924393,173,35,239,201,existing,1141.4265452904338,173,33,239,180,existing,1088.9603616901702,173,27,239,110,existing,1127.82841150952,173,34,239,201,existing,1141.4265452904338,173,36,239,201,existing,1141.4265452904338
174,174,24,241,254,existing,592.4356184397882,174,24,241,205,existing,388.60451125400954,174,24,241,193,allocated,359.20038978440095,174,38,241,187,existing,620.0982334780803,174,37,241,186,existing,627.1063040764432,174,40,241,259,existing,656.0977611163555,174,39,241,259,existing,656.0977611163555,174,35,241,201,existing,709.7624346289294,174,28,241,264,existing,755.1477460966701,174,34,241,201,existing,709.7624346289294,174,36,241,201,existing,709.7624346289294,174,27,241,110,existing,803.5994586579238,174,33,241,180,existing,762.1909749486465
175,175,24,243,254,existing,214.62744415358338,175,24,243,206,existing,139.3212581876378,175,24,243,253,allocated,233.11991123435746,175,38,243,187,existing,242.2900591918754,175,37,243,186,existing,260.039147713201,175,40,243,259,existing,278.28958683015065,175,39,243,259,existing,278.28958683015065,175,27,243,110,existing,436.5323022946817,175,34,243,201,existing,342.6952782656873,175,35,243,201,existing,342.6952782656873,175,36,243,201,existing,342.6952782656873,175,33,243,180,existing,468.12696101718143,175,28,243,264,existing,431.18475525140445
176,176,21,244,96,existing,457.6764554431546,176,21,244,190,existing,360.7246948876418,176,21,244,58,allocated,45.77997011399344,176,30,244,81,existing,345.77102586413844,176,33,244,180,existing,404.7790625334362,176,28,244,264,existing,441.7212682992132,176,37,244,186,existing,499.3952998557128,176,40,244,259,existing,552.1426515994309,176,38,244,187,existing,516.1431239611557,176,31,244,65,existing,512.3540761701666,176,39,244,259,existing,552.1426515994309,176,27,244,110,existing,570.328848627563,176,35,244,201,existing,582.051430408199
177,177,24,245,254,existing,337.65687713345596,177,24,245,206,existing,262.3506911675104,177,24,245,193,allocated,115.93871063020447,177,38,245,187,existing,365.319492171748,177,37,245,186,existing,372.3275627701109,177,39,245,259,existing,401.31901981002324,177,40,245,259,existing,401.31901981002324,177,34,245,201,existing,454.98369332259716,177,28,245,264,existing,500.3690047903378,177,36,245,201,existing,454.98369332259716,177,35,245,201,existing,454.98369332259716,177,33,245,180,existing,517.7140739243953,177,27,245,110,existing,548.8207173515916
178,178,24,246,254,existing,607.7703248036665,178,24,246,205,existing,273.5730278506158,178,24,246,205,allocated,273.5730278506158,178,37,246,186,existing,629.4289516606519,178,38,246,187,existing,635.4329398419585,178,40,246,259,existing,671.4324674802339,178,39,246,259,existing,671.4324674802339,178,35,246,201,existing,712.0850822131382,178,36,246,201,existing,712.0850822131382,178,34,246,201,existing,712.0850822131382,178,28,246,264,existing,757.4703936808789,178,27,246,110,existing,805.9221062421326,178,33,246,180,existing,761.8699105461102
179,179,24,247,254,existing,717.5598990257132,179,24,247,205,existing,461.65802208333366,179,24,247,211,allocated,304.97096067877453,179,38,247,187,existing,745.2225140640053,179,37,247,186,existing,752.2305846623681,179,40,247,259,existing,781.2220417022804,179,39,247,259,existing,781.2220417022804,179,34,247,201,existing,834.8867152148543,179,28,247,264,existing,880.272026682595,179,35,247,201,existing,834.8867152148543,179,36,247,201,existing,834.8867152148543,179,27,247,110,existing,928.7237392438487,179,33,247,180,existing,887.3152555345714
180,180,26,248,259,existing,223.95723848976672,180,26,248,206,existing,362.92556713227964,180,26,248,30,allocated,188.1433607808368,180,39,248,259,existing,223.95723848976672,180,40,248,259,existing,223.95723848976672,180,38,248,187,existing,259.956766128042,180,37,248,186,existing,277.7058546493676,180,34,248,201,existing,360.36198520185394,180,36,248,201,existing,360.36198520185394,180,35,248,201,existing,360.36198520185394,180,27,248,110,existing,399.55765590237735,180,33,248,180,existing,539.5099050768944,180,28,248,264,existing,502.56769931111734
181,181,21,252,96,existing,617.6069142023522,181,21,252,205,existing,470.42098747404555,181,21,252,58,allocated,251.53989718978858,181,30,252,81,existing,505.701484623336,181,33,252,180,existing,564.7095212926338,181,31,252,65,existing,618.9234601968059,181,28,252,264,existing,601.6517270584108,181,27,252,110,existing,730.2593073867606,181,38,252,187,existing,695.9905245099153,181,39,252,259,existing,731.9900521481907,181,37,252,186,existing,679.2427004044724,181,29,252,127,existing,734.1013731324678,181,40,252,259,existing,731.9900521481907
182,182,24,254,254,existing,0.0,182,24,254,206,existing,75.3061859659456,182,24,254,253,allocated,18.492467080774063,182,38,254,187,existing,27.662615038292014,182,37,254,186,existing,45.411703559617614,182,40,254,259,existing,63.662142676567285,182,39,254,259,existing,63.662142676567285,182,27,254,110,existing,221.90485814109832,182,34,254,201,existing,128.06783411210392,182,35,254,201,existing,128.06783411210392,182,36,254,201,existing,128.06783411210392,182,33,254,180,existing,253.49951686359807,182,28,254,264,existing,216.55731109782107
183,183,23,256,65,existing,482.6564549662323,183,23,256,190,existing,429.4490976961825,183,23,256,251,allocated,119.824096989183,183,30,256,81,existing,414.4954286726791,183,33,256,180,existing,473.50346534197683,183,31,256,65,existing,482.6564549662323,183,28,256,264,existing,510.4456711077538,183,34,256,201,existing,652.6513852170173,183,27,256,110,existing,639.0532514361037,183,29,256,127,existing,597.8343679018942,183,32,256,127,existing,597.8343679018942,183,35,256,201,existing,652.6513852170173,183,36,256,201,existing,652.6513852170173
184,184,25,257,60,existing,582.6171098060393,184,25,257,257,existing,0.0,184,25,257,109,allocated,256.84787731490985,184,31,257,65,existing,693.2450875871373,184,32,257,127,existing,769.555238232199,184,30,257,81,existing,859.8281378931655,184,29,257,127,existing,769.555238232199,184,28,257,264,existing,876.8399707653996,184,33,257,180,existing,913.7821765311766,184,34,257,201,existing,966.2483601314401,184,27,257,110,existing,952.6502263505265,184,36,257,201,existing,966.2483601314401,184,35,257,201,existing,966.2483601314401
185,185,23,260,65,existing,741.3588248828829,185,23,260,205,existing,490.5831043619621,185,23,260,175,allocated,162.38466104688914,185,30,260,81,existing,665.8900541658502,185,33,260,180,existing,724.898090835148,185,31,260,65,existing,741.3588248828829,185,28,260,264,existing,761.8402966009248,185,29,260,127,existing,856.5367378185448,185,34,260,201,existing,904.0460107101883,185,32,260,127,existing,856.5367378185448,185,27,260,110,existing,890.4478769292746,185,36,260,201,existing,904.0460107101883,185,35,260,201,existing,904.0460107101883
186,186,22,261,254,existing,776.0322494074006,186,22,261,205,existing,553.3856467641665,186,22,261,211,allocated,396.6985853596074,186,38,261,187,existing,803.6948644456927,186,37,261,186,existing,810.7029350440555,186,39,261,259,existing,839.6943920839678,186,40,261,259,existing,839.6943920839678,186,28,261,264,existing,938.7443770642824,186,35,261,201,existing,893.3590655965418,186,34,261,201,existing,893.3590655965418,186,36,261,201,existing,893.3590655965418,186,27,261,110,existing,987.1960896255362,186,33,261,180,existing,945.7876059162588
187,187,24,262,254,existing,372.3710499880357,187,24,262,206,existing,297.0648640220901,187,24,262,58,allocated,187.21674919291098,187,37,262,186,existing,383.28584092088477,187,38,262,187,existing,400.0336650263277,187,40,262,259,existing,436.03319266460295,187,39,262,259,existing,436.03319266460295,187,30,262,81,existing,487.207804943056,187,36,262,201,existing,465.94197147337104,187,35,262,201,existing,465.94197147337104,187,34,262,201,existing,465.94197147337104,187,28,262,264,existing,511.3272829411118,187,33,262,180,existing,515.726799806343
188,188,21,264,96,existing,15.955187143941409,188,21,264,190,existing,165.18298938949508,188,21,264,96,existing,15.955187143941409,188,28,264,264,existing,0.0,188,33,264,180,existing,36.942205765777004,188,27,264,110,existing,128.6075803283498,188,30,264,81,existing,95.9502424350747,188,35,264,201,existing,142.20571410926343,188,29,264,127,existing,148.40505609166826,188,34,264,201,existing,142.20571410926343,188,36,264,201,existing,142.20571410926343,188,37,264,186,existing,224.86184466174973,188,32,264,127,existing,148.40505609166826
189,189,22,266,254,existing,362.14986161966146,189,22,266,206,existing,286.8436756537158,189,22,266,193,allocated,128.91463296427415,189,38,266,187,existing,389.8124766579535,189,37,266,186,existing,396.82054725631633,189,39,266,259,existing,425.81200429622874,189,40,266,259,existing,425.81200429622874,189,34,266,201,existing,479.4766778088026,189,36,266,201,existing,479.4766778088026,189,28,266,264,existing,524.8619892765432,189,35,266,201,existing,479.4766778088026,189,33,266,180,existing,531.9052181285197,189,27,266,110,existing,573.313701837797
190,190,24,267,254,existing,228.09865626858618,190,24,267,206,existing,152.7924703026406,190,24,267,253,allocated,210.87170200626798,190,37,267,186,existing,239.0134472014353,190,28,267,264,existing,254.54234758544618,190,39,267,259,existing,291.76079894515345,190,38,267,187,existing,255.7612713068782,190,33,267,180,existing,291.4845533512232,190,36,267,201,existing,321.6695777539216,190,40,267,259,existing,291.76079894515345,190,34,267,201,existing,321.6695777539216,190,30,267,81,existing,350.4925900205209,190,35,267,201,existing,321.6695777539216
191,191,23,269,65,existing,196.60751263094556,191,23,269,190,existing,391.7235798905321,191,23,269,167,existing,215.70052655495232,191,29,269,127,existing,81.42959969528367,191,32,269,127,existing,81.42959969528367,191,31,269,65,existing,196.60751263094556,191,28,269,264,existing,226.54059050103706,191,33,269,180,existing,263.4827962668141,191,35,269,201,existing,315.9489798670775,191,36,269,201,existing,315.9489798670775,191,27,269,110,existing,302.3508460861639,191,30,269,81,existing,322.49083293611176,191,34,269,201,existing,315.9489798670775
192,192,23,270,65,existing,152.74823449100575,192,23,270,190,existing,347.8643017505923,192,23,270,167,existing,171.84124841501247,192,29,270,127,existing,37.57032155534384,192,32,270,127,existing,37.57032155534384,192,31,270,65,existing,152.74823449100575,192,28,270,264,existing,182.68131236109724,192,33,270,180,existing,219.62351812687425,192,35,270,201,existing,272.0897017271377,192,36,270,201,existing,272.0897017271377,192,27,270,110,existing,258.4915679462241,192,30,270,81,existing,278.63155479617194,192,34,270,201,existing,272.0897017271377
193,193,24,272,254,existing,511.2482515490626,193,24,272,206,existing,435.94206558311697,193,24,272,193,allocated,278.01302289367527,193,38,272,187,existing,538.9108665873546,193,37,272,186,existing,545.9189371857175,193,40,272,259,existing,574.91039422563,193,39,272,259,existing,574.91039422563,193,35,272,201,existing,628.5750677382038,193,36,272,201,existing,628.5750677382038,193,34,272,201,existing,628.5750677382038,193,28,272,264,existing,673.9603792059445,193,33,272,180,existing,681.0036080579208,193,27,272,110,existing,722.4120917671981
194,194,24,274,254,existing,1058.200295851631,194,24,274,205,existing,802.2984189092514,194,24,274,242,allocated,80.98478102175693,194,38,274,187,existing,1085.862910889923,194,37,274,186,existing,1092.870981488286,194,40,274,259,existing,1121.8624385281983,194,39,274,259,existing,1121.8624385281983,194,34,274,201,existing,1175.527112040772,194,28,274,264,existing,1220.9124235085128,194,35,274,201,existing,1175.527112040772,194,36,274,201,existing,1175.527112040772,194,27,274,110,existing,1269.3641360697666,194,33,274,180,existing,1227.9556523604892
195,195,24,275,254,existing,777.6488677191087,195,24,275,205,existing,473.8905291401228,195,24,275,275,allocated,0.0,195,37,275,186,existing,799.3074945760942,195,38,275,187,existing,805.3114827574007,195,40,275,259,existing,841.311010395676,195,30,275,81,existing,814.1044288546941,195,36,275,201,existing,881.9636251285805,195,35,275,201,existing,881.9636251285805,195,39,275,259,existing,841.311010395676,195,33,275,180,existing,873.1124655239919,195,34,275,201,existing,881.9636251285805,195,28,275,264,existing,910.0546712897689
196,196,23,276,65,existing,820.8553729639174,196,23,276,205,existing,570.0796524429966,196,23,276,175,allocated,241.88120912792357,196,30,276,81,existing,745.3866022468846,196,33,276,180,existing,804.3946389161824,196,31,276,65,existing,820.8553729639174,196,28,276,264,existing,841.3368446819593,196,29,276,127,existing,936.0332858995793,196,34,276,201,existing,983.5425587912227,196,32,276,127,existing,936.0332858995793,196,27,276,110,existing,969.944425010309,196,36,276,201,existing,983.5425587912227,196,35,276,201,existing,983.5425587912227
197,197,22,277,254,existing,346.64928803043955,197,22,277,206,existing,271.34310206449396,197,22,277,253,allocated,353.1782284719271,197,38,277,187,existing,374.31190306873157,197,37,277,186,existing,381.3199736670945,197,39,277,259,existing,410.3114307070068,197,40,277,259,existing,410.3114307070068,197,34,277,201,existing,463.97610421958075,197,36,277,201,existing,463.97610421958075,197,28,277,264,existing,509.36141568732137,197,35,277,201,existing,463.97610421958075,197,33,277,180,existing,546.3036214530985,197,27,277,110,existing,557.8131282485751
198,198,24,278,254,existing,340.24382472211136,198,24,278,206,existing,264.93763875616577,198,24,278,253,allocated,346.77276516359893,198,38,278,187,existing,367.9064397604034,198,37,278,186,existing,374.9145103587663,198,39,278,259,existing,403.9059673986786,198,40,278,259,existing,403.9059673986786,198,34,278,201,existing,457.57064091125255,198,36,278,201,existing,457.57064091125255,198,28,278,264,existing,502.9559523789932,198,35,278,201,existing,457.57064091125255,198,33,278,180,existing,539.8981581447702,198,27,278,110,existing,551.407664940247
199,199,20,279,126,existing,579.4937296514886,199,20,279,257,existing,650.8943445179151,199,20,279,94,allocated,534.7312098528766,199,31,279,65,existing,597.5211646955775,199,29,279,127,existing,712.6990776312392,199,30,279,81,existing,764.1042150016056,199,32,279,127,existing,712.6990776312392,199,27,279,110,existing,936.9143893080344,199,36,279,201,existing,950.512523088948,199,28,279,264,existing,860.0544574366802,199,33,279,180,existing,823.1122516709032,199,35,279,201,existing,950.512523088948,199,34,279,201,existing,950.512523088948
200,200,26,280,259,existing,142.25587486727974,200,26,280,206,existing,281.22420350979263,200,26,280,30,allocated,106.44199715834982,200,39,280,259,existing,142.25587486727974,200,40,280,259,existing,142.25587486727974,200,37,280,186,existing,196.0044910268806,200,38,280,187,existing,178.25540250555503,200,34,280,201,existing,278.66062157936693,200,35,280,201,existing,278.66062157936693,200,27,280,110,existing,317.85629227989034,200,36,280,201,existing,278.66062157936693,200,28,280,264,existing,420.86633568863033,200,33,280,180,existing,457.8085414544073
201,201,25,282,60,existing,173.73366697662772,201,25,282,257,existing,408.88344282941154,201,25,282,109,allocated,259.55464433243014,201,31,282,65,existing,398.34621327522825,201,32,282,127,existing,474.6563639202899,201,28,282,264,existing,551.8401312522499,201,29,282,127,existing,474.6563639202899,201,27,282,110,existing,550.5910271555955,201,34,282,201,existing,608.2039444384855,201,30,282,81,existing,564.9292635812564,201,33,282,180,existing,588.7823370180269,201,36,282,201,existing,608.2039444384855,201,35,282,201,existing,608.2039444384855
202,202,22,283,254,existing,770.4972972912899,202,22,283,205,existing,436.3000003382392,202,22,283,205,allocated,436.3000003382392,202,37,283,186,existing,792.1559241482753,202,38,283,187,existing,798.1599123295819,202,39,283,259,existing,834.1594399678572,202,40,283,259,existing,834.1594399678572,202,35,283,201,existing,874.8120547007616,202,28,283,264,existing,920.1973661685024,202,34,283,201,existing,874.8120547007616,202,36,283,201,existing,874.8120547007616,202,27,283,110,existing,968.649078729756,202,33,283,180,existing,924.5968830337335
203,203,21,284,96,existing,165.0781704925372,203,21,284,206,existing,283.6063355379488,203,21,284,96,existing,165.0781704925372,203,28,284,264,existing,181.03335763647863,203,33,284,180,existing,217.97556340225563,203,38,284,187,existing,235.69851620772204,203,37,284,186,existing,217.94942768639643,203,30,284,81,existing,276.9836000715533,203,27,284,110,existing,278.34024931962443,203,40,284,259,existing,271.6980438459973,203,39,284,259,existing,271.6980438459973,203,34,284,201,existing,291.9383831005381,203,35,284,201,existing,291.9383831005381
204,204,23,285,65,existing,489.2096415779041,204,23,285,190,existing,685.475715693256,204,23,285,251,allocated,279.962257427198,204,31,285,65,existing,489.2096415779041,204,32,285,127,existing,604.387554513566,204,30,285,81,existing,607.2963114181302,204,29,285,127,existing,604.387554513566,204,33,285,180,existing,666.304348087428,204,28,285,264,existing,703.246553853205,204,27,285,110,existing,828.602866190361,204,35,285,201,existing,842.2009999712748,204,36,285,201,existing,842.2009999712748,204,34,285,201,existing,842.2009999712748
205,205,24,289,254,existing,324.82230204513496,205,24,289,190,existing,243.40054864714526,205,24,289,253,allocated,307.5953477828168,205,37,289,186,existing,335.73709297798416,205,38,289,187,existing,352.484917083427,205,40,289,259,existing,388.48444472170223,205,33,289,180,existing,371.64133227086336,205,35,289,201,existing,418.39322353047044,205,39,289,259,existing,388.48444472170223,205,36,289,201,existing,418.39322353047044,205,28,289,264,existing,408.58353803664033,205,34,289,201,existing,418.39322353047044,205,30,289,81,existing,430.649368940161
206,206,20,290,126,existing,475.22794366154477,206,20,290,257,existing,455.0856881700631,206,20,290,109,allocated,428.0997942896231,206,31,290,65,existing,493.2553787056335,206,32,290,127,existing,608.4332916412955,206,29,290,127,existing,608.4332916412955,206,30,290,81,existing,659.8384290116617,206,35,290,201,existing,846.2467370990041,206,28,290,264,existing,755.7886714467363,206,33,290,180,existing,718.8464656809593,206,27,290,110,existing,832.6486033180906,206,36,290,201,existing,846.2467370990041,206,34,290,201,existing,846.2467370990041
207,207,23,292,65,existing,784.8480225171796,207,23,292,205,existing,618.4647840889781,207,23,292,175,allocated,290.2663407739051,207,31,292,65,existing,784.8480225171796,207,30,292,81,existing,793.7717338928662,207,28,292,264,existing,889.7219763279409,207,33,292,180,existing,852.779770562164,207,35,292,201,existing,1031.9276904372043,207,29,292,127,existing,900.0259354528415,207,32,292,127,existing,900.0259354528415,207,27,292,110,existing,1018.3295566562906,207,34,292,201,existing,1031.9276904372043,207,36,292,201,existing,1031.9276904372043
208,208,23,296,65,existing,610.5890422158609,208,23,296,190,existing,514.5958868254723,208,23,296,251,allocated,247.75668423881154,208,30,296,81,existing,499.642217801969,208,33,296,180,existing,558.6502544712667,208,28,296,264,existing,595.5924602370437,208,31,296,65,existing,610.5890422158609,208,32,296,127,existing,725.7669551515228,208,27,296,110,existing,724.2000405653935,208,36,296,201,existing,737.7981743463072,208,29,296,127,existing,725.7669551515228,208,35,296,201,existing,737.7981743463072,208,34,296,201,existing,737.7981743463072
